vendor,domain,email,all_emails,us_signal,status,evidence_url,audience,peptides,peptide_hits
TwelveStone Infusion Center Louisville,12stonehealth.com,info@12stonehealth.com,chaplain@12stonehealth.com; info@12stonehealth.com,yes,ok,https://12stonehealth.com,medspa,,1
417 Integrative Medicine,417integrativemedicine.com,info@417integrativemedicine.com,hello@417integrativemedicine.com; info@417integrativemedicine.com,yes,ok,https://417integrativemedicine.com,medspa,"nad+, glutathione",4
Expansion Health,adairflynt.com,admin@adairflynt.com,admin@adairflynt.com,yes,ok,https://adairflynt.com,medspa,GLP-1 weight loss peptides,4
Adonis Health,adonishealthclinic.com,info@adonishealthclinic.com,info@adonishealthclinic.com,yes,ok,https://adonishealthclinic.com,medspa,semaglutide,5
Advanced Aesthetics Medical Spa,advancedaestheticsmedspa.com,advancedaestheticsnurse@gmail.com,advancedaestheticsnurse@gmail.com,yes,ok,https://advancedaestheticsmedspa.com,medspa,GLP-1 weight loss peptides,2
Advanced Healthcare &amp; Injury Center,advancedhealthcareic.com,advancedhealthcareic@gmail.com,advancedhealthcareic@gmail.com,yes,ok,https://advancedhealthcareic.com,medspa,GLP-1 weight loss peptides,2
Advanced Wellness MD,advancedwellmd.com,info@advancedwellmd.com,info@advancedwellmd.com,yes,ok,https://advancedwellmd.com,medspa,,2
Aesthetic Artistry Med Spa,aestheticartistrymedspa.com,academy@aestheticartistrymedspa.com,academy@aestheticartistrymedspa.com,yes,ok,https://aestheticartistrymedspa.com/about-us,medspa,nad+,3
"Aesthetic Creator, LLC",aestheticcreator.com,hello@aestheticcreator.com,hello@aestheticcreator.com,yes,ok,https://aestheticcreator.com,medspa,GLP-1 weight loss peptides,4
Advanced Medical Aesthetics Med Spa,aestheticsbymelanie.com,%20melanie@aestheticsbymelanie.com,%20melanie@aestheticsbymelanie.com; melanie@aestheticsbymelanie.com,yes,ok,https://aestheticsbymelanie.com,medspa,semaglutide,1
Medical Spa of Fayetteville,aestheticsoffay.com,info@aestheticsoffay.com,info@aestheticsoffay.com,yes,ok,https://aestheticsoffay.com,medspa,"nad+, semaglutide, tirzepatide",7
Aethereal Medical Spa &amp; Wellness,aetherealmedspa.com,info@aetherealmedspa.com,info@aetherealmedspa.com,yes,ok,https://aetherealmedspa.com,medspa,"semaglutide, nad+, glutathione",6
Ageless Aesthetics Orlando,ageless-orlando.com,team@ageless-orlando.com,team@ageless-orlando.com,yes,ok,https://ageless-orlando.com,medspa,GLP-1 weight loss peptides,6
Ageless Anatomy,agelessanatomy.com,info@agelessanatomy.com,info@agelessanatomy.com,yes,ok,https://agelessanatomy.com,medspa,,3
Ageless Las Vegas,agelesslasvegas.com,info@agelesslasvegas.com,info@agelesslasvegas.com,yes,ok,https://agelesslasvegas.com,medspa,,1
Ageless Living Center,agelesslifekc.com,info@agelesslifekc.com,info@agelesslifekc.com,yes,ok,https://agelesslifekc.com,medspa,,1
Alabama Vein &amp; Restoration Medspa,alabamaveincenter.com,info@alabamaveincenter.com,info@alabamaveincenter.com,yes,ok,https://alabamaveincenter.com,medspa,,2
Hormone Health,allayhealthwellness.com,infusions@allayhealthwellness.com,infusions@allayhealthwellness.com,yes,ok,https://allayhealthwellness.com,medspa,"semaglutide, bpc-157, nad+, sermorelin, cjc-1295, glutathione",11
Allora Modern Wellness,alloramodernwellness.com,info@alloramodernwellness.com,info@alloramodernwellness.com,yes,ok,https://alloramodernwellness.com,medspa,GLP-1 weight loss peptides,3
Allure Body Studio,allurebodystudio.com,allurebsmedspa@gmail.com,allurebsmedspa@gmail.com,yes,ok,https://allurebodystudio.com,medspa,"semaglutide, tirzepatide",5
Allure MedSpa,alluremedspa.com,info@allure-medspa.com,info@allure-medspa.com,yes,ok,https://alluremedspa.com,medspa,"nad+, semaglutide",11
Amore Skin &amp; Medical Aesthetics,amore-skin.com,info@amore-skin.com,info@amore-skin.com,yes,ok,https://amore-skin.com,medspa,"semaglutide, bpc-157, ipamorelin, sermorelin, cjc-1295, aod-9604",16
Angie Scott Skin Health,angiescottskinhealth.com,consultation@angiescottskinhealth.com,consultation@angiescottskinhealth.com,yes,ok,https://angiescottskinhealth.com,medspa,,2
Anti-Aging Institute,antiagingky.com,info@antiagingky.com,info@antiagingky.com; u00a0info@antiagingky.com; %20info@antiagingky.com,yes,ok,https://antiagingky.com,medspa,,3
AVIA Medical Spa,aphroditeaestheticsaz.com,info@aphroditeaestheticsaz.com,info@aphroditeaestheticsaz.com,yes,ok,https://aphroditeaestheticsaz.com,medspa,tirzepatide,3
Appalachian Hydration and Wellness,appalachianhydration.glossgenius.com,appalachianhydration@gmail.com,appalachianhydration@gmail.com,yes,ok,https://appalachianhydration.glossgenius.com,medspa,"semaglutide, tirzepatide, retatrutide, nad+, glutathione, aod-9604",11
Artem Med Spa,artem.health,info@artem.health,info@artem.health,yes,ok,https://artem.health,medspa,,1
Aspen Aesthetics + Wellness,aspen-elevated.com,info@aspen-elevated.com,info@aspen-elevated.com,yes,ok,https://aspen-elevated.com/contact,medspa,nad+,1
Aspire Health,aspireneworleans.com,info@aspireneworleans.com,info@aspireneworleans.com,yes,ok,https://aspireneworleans.com,medspa,"semaglutide, tirzepatide, nad+, glutathione",10
Astra Health &amp; Wellness,astrahealthandwellness.com,info@astrahealthandwellness.com,info@astrahealthandwellness.com,yes,ok,https://astrahealthandwellness.com,medspa,"semaglutide, tirzepatide, liraglutide, nad+",10
Axiva Wellness Centers,axivawellness.com,info@axivawellness.com,info@axivawellness.com,yes,ok,https://axivawellness.com,medspa,"bpc-157, nad+, glutathione",10
Azia Medical Spa,aziamedispa.com,theaziaexperience@gmail.com,theaziaexperience@gmail.com,yes,ok,https://aziamedispa.com,medspa,,2
Back to 30,backto30.com,mcbee@backto30.com,mcbee@backto30.com; hwy14@backto30.com; bsprings@backto30.com; simpsonville@backto30.com,yes,ok,https://backto30.com,medspa,,2
Balance Medical &amp; Day Spa,balancemindandbody.com,info@balancemindandbody.com,info@balancemindandbody.com,yes,ok,https://balancemindandbody.com,medspa,"semaglutide, nad+, glutathione",8
IV Nutrition Therapy,bayviewmedspas.com,farahaesthetics16@gmail.com,farahaesthetics16@gmail.com,yes,ok,https://bayviewmedspas.com,medspa,"semaglutide, nad+",5
Bayview Wellness and Aesthetics,bayviewwellnessfl.com,info.bayviewwellnessfl@gmail.com,info.bayviewwellnessfl@gmail.com,yes,ok,https://bayviewwellnessfl.com,medspa,"semaglutide, tirzepatide, nad+",5
Bay Medical and Wellness Center,baywellnesscenter.com,info@baywellnesscenter.com,info@baywellnesscenter.com,yes,ok,https://baywellnesscenter.com,medspa,"semaglutide, tirzepatide, nad+",9
Beauty Bar &amp; Wellness,bbwellnessky.com,info@bbwellnessky.com,info@bbwellnessky.com,yes,ok,https://bbwellnessky.com,medspa,nad+,3
Atchison Med Spa &amp; Laser,beyouthfulivmedspa.com,deb@beyouthfulivmedspa.com,deb@beyouthfulivmedspa.com,yes,ok,https://beyouthfulivmedspa.com,medspa,"semaglutide, tirzepatide, nad+, glutathione",9
Ivan Medical Website,bhinfusionbar.com,info@bhinfusionbar.com,info@bhinfusionbar.com,yes,ok,https://bhinfusionbar.com,medspa,"nad+, glutathione",3
Blank Med Spa LLC,blankmedspa.com,spa@blankmedspa.com,spa@blankmedspa.com,yes,ok,https://blankmedspa.com,medspa,GLP-1 weight loss peptides,5
Blooming Cactus Wellness,bloomingcactuswellness.com,nicole@bloomingcactuswellness.com,nicole@bloomingcactuswellness.com; bloomingcactuswellness@gmail.com,yes,ok,https://bloomingcactuswellness.com,medspa,semaglutide,3
Blush and Bloom MedSpa,blushandbloommedspa.com,info@blushandbloommedspa.com,info@blushandbloommedspa.com,yes,ok,https://blushandbloommedspa.com,medspa,,1
"IV Infusion Therapy in Camas &amp; Vancouver, WA",bodybalancemed.com,info@bodybalancemed.com,info@bodybalancemed.com,yes,ok,https://bodybalancemed.com,medspa,"semaglutide, tirzepatide, glutathione",9
BodyLogicMD of Wayne,bodylogicmd.com,supplements@bodylogicmd.com,supplements@bodylogicmd.com,yes,ok,https://bodylogicmd.com,medspa,,1
BodyLogicMD of Birmingham,bodylogicmd.fit,wellness@bodylogicmd.com,wellness@bodylogicmd.com,yes,ok,https://bodylogicmd.fit,vendor,,1
Bodyscapes Med Spa,bodyscapesmedspafl.com,info@bodyscapesmedspafl.com,info@bodyscapesmedspafl.com,yes,ok,https://bodyscapesmedspafl.com,medspa,"semaglutide, tirzepatide",7
BodywoRx Aesthetics,bodyworxmedspa.com,infobodyworxmedspa@gmail.com,infobodyworxmedspa@gmail.com,yes,ok,https://bodyworxmedspa.com,medspa,GLP-1 weight loss peptides,2
Bona Vie Medical Spa,bonaviemedspa.com,frontdesk@bonaviemedspa.com,frontdesk@bonaviemedspa.com,yes,ok,https://bonaviemedspa.com,medspa,nad+,2
Bridgeport Wellness Center,bridgeportwellnesscenter.com,bridgeportwellnessinfo@gmail.com,bridgeportwellnessinfo@gmail.com,yes,ok,https://bridgeportwellnesscenter.com,medspa,GLP-1 weight loss peptides,2
CC Lou Aesthetics and Wellness,cclouaesthetics.com,crystal@cclouaesthetics.com,crystal@cclouaesthetics.com,yes,ok,https://cclouaesthetics.com,medspa,semaglutide,1
Olympus Infusions,ccr-medical.com,office@ccr-medical.com,office@ccr-medical.com,yes,ok,https://ccr-medical.com,vendor,glutathione,1
Celebration Wellness Spa,celebrationwellnessspa.com,info@celebrationwellnessspa.com,info@celebrationwellnessspa.com,yes,ok,https://celebrationwellnessspa.com,medspa,"bpc-157, tb-500, nad+, ipamorelin, cjc-1295, selank",17
Center for Wellness TN Sevierville,cfwtn.com,support@cfwtn.com,support@cfwtn.com,yes,ok,https://cfwtn.com,medspa,liraglutide,4
"Ciao Bella, LLC",ciaobellamedspa.net,ciaobellamedspa.health@gmail.com,ciaobellamedspa.health@gmail.com,yes,ok,https://ciaobellamedspa.net,medspa,glutathione,2
Cimarron Aesthetics,cimarronaesthetics.com,support@cimarronaesthetics.com,support@cimarronaesthetics.com,yes,ok,https://cimarronaesthetics.com,medspa,glutathione,2
Cinch Health,cinchhealth.info,frontdesk@cinchhealth.info,frontdesk@cinchhealth.info,yes,ok,https://cinchhealth.info,medspa,,1
Coastal Beauty Aesthetics LLC,coastalbeautyaesthetics.com,coastalbeautyaesthetics@gmail.com,coastalbeautyaesthetics@gmail.com,yes,ok,https://coastalbeautyaesthetics.com,medspa,GLP-1 weight loss peptides,3
Woodson County Wellness &amp; TRT,coffeyhealth.org,ar@coffeyhealth.org,ar@coffeyhealth.org,yes,ok,https://coffeyhealth.org,medspa,,1
Colorado Skin &amp; Vein,coloradoskinandvein.com,info@coloradoskinandvein.com,info@coloradoskinandvein.com,yes,ok,https://coloradoskinandvein.com,medspa,,1
CornerStone Health &amp; Well-Being,cornerstonewell-being.com,casie@cornerstonewell-being.com,casie@cornerstonewell-being.com,yes,ok,https://cornerstonewell-being.com,medspa,GLP-1 weight loss peptides,4
Pure Skin MedSpa,ctskin.com,info@ctskin.com,info@ctskin.com,yes,ok,https://ctskin.com,medspa,nad+,4
"IV Therapy in Minnetonka, MN",curivclinic.com,kimberlygrob16@gmail.com,kimberlygrob16@gmail.com,yes,ok,https://curivclinic.com,medspa,nad+,4
CW Weight Loss,cw-weightloss.com,cwweightloss@outlook.com,cwweightloss@outlook.com; cw-weightloss@outlook.com; serenitywomenswellness@outlook.com,yes,ok,https://cw-weightloss.com,medspa,"semaglutide, tirzepatide, liraglutide, bpc-157, tb-500, nad+",17
Defiance Health Alamosa,defiance-health.com,team@defiance-health.com,team@defiance-health.com,yes,ok,https://defiance-health.com,medspa,"semaglutide, tirzepatide, bpc-157, nad+, ipamorelin, sermorelin",21
Detoxity MediSpa,detoxityspa.com,detoxitymedispa@detoxityspa.com,detoxitymedispa@detoxityspa.com,yes,ok,https://detoxityspa.com,medspa,GLP-1 weight loss peptides,4
Burlington TRT &amp; Wellness,downtowntrt.com,info@downtowntrt.com,info@downtowntrt.com,yes,ok,https://downtowntrt.com,medspa,,3
DripDoc,dripdoc.co,info@dripdoc.co,info@dripdoc.co,yes,ok,https://dripdoc.co,medspa,,1
Drip Lounge &amp; Wellness,driplounge-wellness.com,info@driplounge-wellness.com,info@driplounge-wellness.com,yes,ok,https://driplounge-wellness.com,medspa,"tirzepatide, nad+, glutathione",8
"Drip Theory, PLLC IV Infusion &amp; Weight Loss",driptheoryky.com,info@driptheoryky.com,info@driptheoryky.com,yes,ok,https://driptheoryky.com,medspa,"nad+, sermorelin, glutathione",5
Driv Therapy,driv-therapy.com,admin@driv-therapy.com,admin@driv-therapy.com,yes,ok,https://driv-therapy.com,medspa,"nad+, glutathione",6
Driven Hydration,driven-hydration.com,billy@driven-hydration.com,billy@driven-hydration.com,yes,ok,https://driven-hydration.com,vendor,"nad+, glutathione",2
RescueMD,edenbrookgreenbay.com,info@edenbrookgreenbay.com,info@edenbrookgreenbay.com,yes,ok,https://edenbrookgreenbay.com,medspa,,1
Elev8 Health &amp; Wellness,elev8h-w.com,info@elev8h-w.com,info@elev8h-w.com,yes,ok,https://elev8h-w.com,medspa,"nad+, glutathione",6
IV Hydration Therapy,elevatemedmi.com,elevatemedical@icloud.com,elevatemedical@icloud.com,yes,ok,https://elevatemedmi.com,medspa,,1
Elevate Wellness KC,elevatewellnesskc.com,drdavidwhitmer@elevatewellnesskc.com,drdavidwhitmer@elevatewellnesskc.com,yes,ok,https://elevatewellnesskc.com,medspa,glutathione,5
Elinea on 18th &amp; Noe,elineasf.com,info@elineasf.com,info@elineasf.com; hello@elineasf.com,yes,ok,https://elineasf.com,medspa,,1
Elite Medical + Longevity,elitemedicalandlongevity.com,info@elitemedicalandlongevity.com,vip@elitemedicalandlongevity.com; info@elitemedicalandlongevity.com,yes,ok,https://elitemedicalandlongevity.com,medspa,,1
Elite Mobile IV,elitemobileiv.com,hello@elitemobileiv.com,hello@elitemobileiv.com,yes,ok,https://elitemobileiv.com,medspa,"semaglutide, nad+, glutathione",7
ELIXR IV Therapy,elixrme.com,elixr@elixrme.com,elixr@elixrme.com,yes,ok,https://elixrme.com,medspa,"semaglutide, nad+, ipamorelin, sermorelin, cjc-1295, pt-141",14
Elle MD,elle-md.com,erin@elle-md.com,erin@elle-md.com; appointments@elle-md.com,yes,ok,https://elle-md.com,medspa,"semaglutide, tirzepatide",6
Ember Medical Spa,embermedspadallas.com,info@embermedspadallas.com,info@embermedspadallas.com,yes,ok,https://embermedspadallas.com,medspa,,1
Enhanced Wellness,enhancedwellnesswv.com,admin@enhancedwellnesswv.com,admin@enhancedwellnesswv.com,yes,ok,https://enhancedwellnesswv.com,medspa,GLP-1 weight loss peptides,5
Enlightened Medical,enlightenedmedicalfl.com,info@enlightenedmedicalfl.com,info@enlightenedmedicalfl.com,yes,ok,https://enlightenedmedicalfl.com,medspa,"semaglutide, tirzepatide",11
Epiphany Women&#39;s Health,epiphanywomenshealth.com,info@epiphanywomenshealth.com,info@epiphanywomenshealth.com,yes,ok,https://epiphanywomenshealth.com,medspa,"liraglutide, nad+, sermorelin, glutathione",9
Eternal MedSpa,eternal-medspa.com,clientservices@eternal-medspa.com,clientservices@eternal-medspa.com,yes,ok,https://eternal-medspa.com,medspa,"nad+, glutathione",5
East Louisville Wellness,eternitywellnesscenter.com,hello@eternitywellnesscenter.com,hello@eternitywellnesscenter.com,yes,ok,https://eternitywellnesscenter.com,medspa,glutathione,5
Evolve Aesthetics &amp; Wellness Santa Rosa Beach,evolve30a.com,support@evolve30a.com,support@evolve30a.com,yes,ok,https://evolve30a.com,medspa,"semaglutide, tirzepatide, retatrutide, bpc-157, tb-500, nad+",17
First Responder IV &amp; Nutrition,firstresponderiv.com,info@firstresponderiv.com,michael.f@firstresponderiv.com; info@firstresponderiv.com,yes,ok,https://firstresponderiv.com,medspa,tirzepatide,5
Flex Health,flexmyhealth.com,contact@flexmyhealth.com,contact@flexmyhealth.com,yes,ok,https://flexmyhealth.com,medspa,semaglutide,3
Florida Keys Wellness &amp; Weight Loss,flkeyswellness.com,office@flkeyswellness.com,office@flkeyswellness.com,yes,ok,https://flkeyswellness.com,medspa,semaglutide,6
FloMed Infusion Princeton,flomedinfusion.com,hello@flomedinfusion.com,hello@flomedinfusion.com; investors@flomedinfusion.com,yes,ok,https://flomedinfusion.com,medspa,,1
Functional Medical Institute,fmidr.com,support@fmidr.com,support@fmidr.com,yes,ok,https://fmidr.com,medspa,,2
Georgia Aesthetics and Wellness,georgiaaesthetics.com,melissanp@georgiaaesthetics.com,melissanp@georgiaaesthetics.com,yes,ok,https://georgiaaesthetics.com,medspa,"semaglutide, tirzepatide",6
Gerrish MedEsthetics,gerrishmedesthetics.com,patientcare@gerrishmedesthetics.com,patientcare@gerrishmedesthetics.com; drgerrish@gerrishmedesthetics.com; jackie@gerrishmedesthetics.com,yes,ok,https://gerrishmedesthetics.com,medspa,,1
BioCure Health,getbiocure.com,info@getbiocure.com,info@getbiocure.com,yes,ok,https://getbiocure.com,medspa,"semaglutide, tirzepatide, bpc-157, tb-500, sermorelin",11
Gladden Longevity,gladdenlongevity.com,hello@gladdenlongevity.com,hello@gladdenlongevity.com,yes,ok,https://gladdenlongevity.com,medspa,,6
Glow Aesthetics &amp; Wellness Studio,glowaestheticsandwellnessstudio.com,booking.glowaesthetics@gmail.com,booking.glowaesthetics@gmail.com,yes,ok,https://glowaestheticsandwellnessstudio.com,medspa,tirzepatide,4
Premier Medical Weight Loss and Wellness,goodbodydoctor.com,ask@goodbodydoctor.com,ask@goodbodydoctor.com,yes,ok,https://goodbodydoctor.com,medspa,GLP-1 weight loss peptides,4
"IV Therapy in Astoria, NY",greenauraaestheticsspa.com,info@greenauraaestheticsspa.com,info@greenauraaestheticsspa.com,yes,ok,https://greenauraaestheticsspa.com,medspa,,2
Hairchitect Med Spa and Beauty Lounge San Francisco,hairchitectmedspa.com,info@hairchitectmedspa.com,info@hairchitectmedspa.com,yes,ok,https://hairchitectmedspa.com,medspa,,1
Haus of Wellness,hausofwellnessmi.com,admin@hausofwellnessmi.com,admin@hausofwellnessmi.com,yes,ok,https://hausofwellnessmi.com,medspa,"nad+, glutathione",3
Intravenous (IV) Therapy,hawaiinaturopathicretreat.com,retreat@hawaiinaturopathicretreat.com,retreat@hawaiinaturopathicretreat.com,yes,ok,https://hawaiinaturopathicretreat.com,medspa,,1
Healthy Connections,healthy-connections.org,jeffreyslatton@healthy-connections.org,jeffreyslatton@healthy-connections.org,yes,ok,https://healthy-connections.org,medspa,,1
"Mobile IV Therapy in San Antonio, TX",heightsiv.com,heightsiv@gmail.com,heightsiv@gmail.com,yes,ok,https://heightsiv.com,medspa,"semaglutide, tirzepatide, bpc-157, nad+, glutathione",9
Gratitude Weight Loss,honolulu.gratitudeweightloss.com,info@gratitudeweightloss.com,info@gratitudeweightloss.com; houston@gratitudeweightloss.com; honolulu@gratitudeweightloss.com,yes,ok,https://honolulu.gratitudeweightloss.com,medspa,"semaglutide, tirzepatide",6
IV Therapy,hoolamaumobilveivtherapy.com,nicole.carlson808@gmail.com,nicole.carlson808@gmail.com,yes,ok,https://hoolamaumobilveivtherapy.com,medspa,"nad+, glutathione",3
Hydration Haven,hydrationhaven.net,hello@hydrationhaven.net,hello@hydrationhaven.net,yes,ok,https://hydrationhaven.net,medspa,glutathione,3
Hydration Squad Wellness Center,hydrationsquad.com,hydrationsquadus@gmail.com,hydrationsquadus@gmail.com,yes,ok,https://hydrationsquad.com,medspa,GLP-1 weight loss peptides,3
HYDROPEUTICS,hydropeutics.com,info@hydropeutics.com,info@hydropeutics.com,yes,ok,https://hydropeutics.com,medspa,"nad+, glutathione",2
Mobile IV Therapy and Oxygen Bar,hyjuvenate.com,rita@hyjuvenate.com,rita@hyjuvenate.com,yes,ok,https://hyjuvenate.com,medspa,,1
Identity Hormones and Healthcare,identityhormones.com,info@identityhormones.com,phoenix@identityhormones.com; denver@identityhormones.com; henderson@identityhormones.com; sugarhouse@identityhormones.com; info@identityhormones.com,yes,ok,https://identityhormones.com,medspa,,1
Integrative Health Specialists,ihsmed.net,contact@ihsmed.net,contact@ihsmed.net,yes,ok,https://ihsmed.net,medspa,GLP-1 weight loss peptides,5
ILU Collective,ilucollective.com,info@ilucollective.com,info@ilucollective.com,yes,ok,https://ilucollective.com,medspa,"semaglutide, tirzepatide, nad+",8
Infusion Care,infusion-care.com,info@infusion-care.com,info@infusion-care.com,yes,ok,https://infusion-care.com,medspa,"semaglutide, tirzepatide, nad+",8
Inspire Wellness &amp; Aesthetics,inspirewellnessaesthetics.com,hello@inspirewellnessaesthetics.com,hello@inspirewellnessaesthetics.com,yes,ok,https://inspirewellnessaesthetics.com,medspa,nad+,4
Institute of Vitality,instituteofvitality.com,health@instituteofvitality.madebyaura.dev,health@instituteofvitality.madebyaura.dev,yes,ok,https://instituteofvitality.com,medspa,sermorelin,8
"Invested Health Center, Inc.",investedhealthcenter.com,info@investedhealthcenter.com,info@investedhealthcenter.com,yes,ok,https://investedhealthcenter.com,medspa,,2
Invigorate Wellness Medical,invigorate-wellness.com,info@invigorate-wellness.com,info@invigorate-wellness.com,yes,ok,https://invigorate-wellness.com,medspa,"semaglutide, tirzepatide, nad+, glutathione",8
Invigorate Weight Loss &amp; Wellness,invigorateweightloss.com,info@invigorateweightloss.com,info@invigorateweightloss.com,yes,ok,https://invigorateweightloss.com,medspa,nad+,7
Island Glo Aesthetics &amp; Primary Care,islandglohealthcare.com,info@islandglohealthcare.com,%20info@islandglohealthcare.com; info@islandglohealthcare.com; johndoe79@gmail.com,yes,ok,https://islandglohealthcare.com,medspa,"nad+, glutathione",4
The Med Spa at the Islands,islandscenter.net,theislandscenter@gmail.com,theislandscenter@gmail.com,yes,ok,https://islandscenter.net,medspa,,1
Doctor Drip IV Hydration,ivdrdrip.com,info@ivdrdrip.com,info@ivdrdrip.com,yes,ok,https://ivdrdrip.com,medspa,"nad+, glutathione",6
IV League Performance Hydration,ivleagueph.com,ivleagueph@gmail.com,ivleagueph@gmail.com,yes,ok,https://ivleagueph.com,medspa,"nad+, glutathione",3
IVme Wellness Clinic and Mobile Services,ivmemobile.net,info@ivmemobile.net,info@ivmemobile.net,yes,ok,https://ivmemobile.net,medspa,"semaglutide, tirzepatide, nad+, glutathione",8
"IV Therapy &amp; Wellness San Antonio, PLLC",ivtherapysa.com,ivtherapy_sa@yahoo.com,ivtherapy_sa@yahoo.com,yes,ok,https://ivtherapysa.com,medspa,,2
Independent Wellness Center,iwcaz.com,independentwellnesscenter@gmail.com,independentwellnesscenter@gmail.com,yes,ok,https://iwcaz.com,medspa,GLP-1 weight loss peptides,5
Bespoke Aesthetics,joinbespokeaesthetics.com,hello@joinbespokeaesthetics.com,hello@joinbespokeaesthetics.com,yes,ok,https://joinbespokeaesthetics.com,medspa,"semaglutide, tirzepatide, bpc-157, nad+, ipamorelin, sermorelin",24
Jolliffe Institute of Restorative Medicine and Aesthetics,jolliffeinstitute.com,askdrrhonda@jolliffeinstitute.com,askdrrhonda@jolliffeinstitute.com,yes,ok,https://jolliffeinstitute.com,medspa,"ipamorelin, mots-c",5
KAMcare Health and Wellness,kamcarehealth.com,patientinfo@kamcarehealth.com,patientinfo@kamcarehealth.com,yes,ok,https://kamcarehealth.com,medspa,,1
Kate Elizabeth Med Spa,kateelizabethmedspa.com,kateelizabethmedspa@gmail.com,kateelizabethmedspa@gmail.com,yes,ok,https://kateelizabethmedspa.com,medspa,"semaglutide, tirzepatide, nad+",4
Kona Health &amp; Aesthetics,konahealth.com,admin@konahealth.com,admin@konahealth.com,yes,ok,https://konahealth.com,medspa,"semaglutide, tirzepatide, retatrutide, bpc-157, tb-500, nad+",23
KSD Aesthetics,ksdaesthetics.com,info@ksdaesthetics.com,info@ksdaesthetics.com,yes,ok,https://ksdaesthetics.com,medspa,GLP-1 weight loss peptides,4
Kyra Kare Health &amp; Wellness,kyrakarehealth.com,info@kyrakarehealth.com,info@kyrakarehealth.com,yes,ok,https://kyrakarehealth.com,medspa,"tirzepatide, nad+, glutathione",6
Lake Erie Aesthetics &amp; Wellness,lakeerieaesthetics.com,info@lakeerieaesthetics.com,info@lakeerieaesthetics.com,yes,ok,https://lakeerieaesthetics.com,medspa,,1
La Marie Beauty,lamariebeauty.co,info@lamariebeauty.co,info@lamariebeauty.co,yes,ok,https://lamariebeauty.co,medspa,nad+,3
Refreshd Mobile IV Therapy,lasvegasmobileiv.com,info@lasvegasmobileiv.com,info@lasvegasmobileiv.com,yes,ok,https://lasvegasmobileiv.com,medspa,"nad+, glutathione",4
Lavish Grace Wellness Med Spa,lavishgracewellness.com,tiogue09@gmail.com,tiogue09@gmail.com,yes,ok,https://lavishgracewellness.com,medspa,,2
Klinic,limitlessmenshealthandtrt.com,info@limitlessmenshealthandtrt.com,info@limitlessmenshealthandtrt.com,yes,ok,https://limitlessmenshealthandtrt.com,vendor,GLP-1 weight loss peptides,3
Liondale Medical,liondalemedical.com,leslie.liondale@gmail.com,leslie.liondale@gmail.com; u003eleslie.liondale@gmail.com,yes,ok,https://liondalemedical.com,medspa,nad+,5
Lowell L. McCauley Jr. MD Hormone Therapy,lmccauleyobgyn.com,info@lmccauleyobgyn.com,info@lmccauleyobgyn.com,yes,ok,https://lmccauleyobgyn.com,medspa,GLP-1 weight loss peptides,3
Longevity Medical Institute,longevitymedinstitute.com,info@longevitymedinstitute.com,info@longevitymedinstitute.com,yes,ok,https://longevitymedinstitute.com,medspa,,3
LongJuve MedSpa,longjuve.com,info@longjuve.com,info@longjuve.com,yes,ok,https://longjuve.com,medspa,"bpc-157, tb-500, nad+, ipamorelin, tesamorelin, cjc-1295",18
Look Rejuvenated Med Spa,lookrejuvenated.com,lookrejuvenatedmedspa@gmail.com,lookrejuvenatedmedspa@gmail.com,yes,ok,https://lookrejuvenated.com,medspa,,3
Lovely Medical Spa &amp; Wellness Center,lovelymedicalspa.com,info@lovelymedicalspa.com,info@lovelymedicalspa.com,yes,ok,https://lovelymedicalspa.com,medspa,GLP-1 weight loss peptides,5
Lov MedSpa New York,lovmedspa.com,hello@lovmedspa.com,hello@lovmedspa.com,yes,ok,https://lovmedspa.com,medspa,"semaglutide, tirzepatide, nad+, sermorelin, pt-141, glutathione",15
Luminescence Medical,luminescencemedical.com,lumimd@luminescencemedical.com,lumimd@luminescencemedical.com,yes,ok,https://luminescencemedical.com,medspa,GLP-1 weight loss peptides,3
Luna Med Spa,lunamedspawi.com,info@lunamedspawi.com,info@lunamedspawi.com,yes,ok,https://lunamedspawi.com,medspa,nad+,2
Luxe Wellness and Aesthetics NYC,luxebeautybarnyc.com,info@luxebeautybarnyc.com,luxebeautybarnyc@gmail.com; info@luxebeautybarnyc.com,yes,ok,https://luxebeautybarnyc.com,medspa,nad+,2
Mara&#x27;s Med Spa,marasmedspa.com,uptown@marasmedspa.com,uptown@marasmedspa.com,yes,ok,https://marasmedspa.com,medspa,GLP-1 weight loss peptides,4
Martin Orthopedics,martinortho.care,nikki@martinortho.care,nikki@martinortho.care,yes,ok,https://martinortho.care,medspa,,1
Maui Cosmetic Laser &amp; Medispa,mauicosmeticlaser.com,info@mauicosmeticlaser.com,info@mauicosmeticlaser.com,yes,ok,https://mauicosmeticlaser.com,medspa,glutathione,2
Medical Spa of Winder,mdermaesthetics.com,info@mdermaesthetics.com,info@mdermaesthetics.com; drclaire@mdermaesthetics.com,yes,ok,https://mdermaesthetics.com,medspa,glutathione,1
Medical House Calls,medicalhousecalls.com,hello@medicalhousecalls.com,hello@medicalhousecalls.com,yes,ok,https://medicalhousecalls.com,medspa,"nad+, glutathione",4
131 Continental Dr Ste 305,medvi.org,hello@medvi.org,help@medvi.org; hello@medvi.org,yes,ok,https://medvi.org,medspa,semaglutide,5
Mega IV Therapy LA K-Town,megawellnessclinic.com,megawellnessclinic@gmail.com,megawellnessclinic@gmail.com; megawellnessclinicbp@gmail.com; megawellnessdb@gmail.com; mwckoreatown@gmail.com,yes,ok,https://megawellnessclinic.com,medspa,"tirzepatide, bpc-157, nad+, glutathione",7
Memorial Health LCHC Diabetes &amp; Endocrinology,memorialhealthswok.com,contact@memorialhealthswok.com,contact@memorialhealthswok.com; infusion@memorialhealthswok.com,yes,ok,https://memorialhealthswok.com,medspa,,1
Meraki Aesthetic Bar,merakiaestheticbar.com,merakiaestheticbar@gmail.com,merakiaestheticbar@gmail.com,yes,ok,https://merakiaestheticbar.com,medspa,"semaglutide, tirzepatide, glutathione",3
Metamorphosis Medi Spa,metamorphosismedispamke.com,metamorphosisrns@gmail.com,metamorphosisrns@gmail.com,yes,ok,https://metamorphosismedispamke.com,medspa,"nad+, glutathione",4
Mind &amp; Body Family Health,mindbodyfamilyhealth.com,megan@mindbodyfamilyhealth.com,megan@mindbodyfamilyhealth.com,yes,ok,https://mindbodyfamilyhealth.com,medspa,glutathione,4
Mobile IV Care,mobileivcare.com,maloriqat@mobileivcare.com,maloriqat@mobileivcare.com,yes,ok,https://mobileivcare.com,medspa,,1
Mobile IV Drip Las Vegas,mobileivdrip.com,bookings@mobileivdrip.com,bookings@mobileivdrip.com; careers@mobileivdrip.com,yes,ok,https://mobileivdrip.com,medspa,,1
"Mobile IV Hydration Services in Franklin, TN",mobileivstat.com,info@mobileivstat.com,info@mobileivstat.com,yes,ok,https://mobileivstat.com,medspa,glutathione,2
Montrose Med Spa,montrosemedspa.com,info@montrosemedspa.com,info@montrosemedspa.com,yes,ok,https://montrosemedspa.com,medspa,"semaglutide, tirzepatide",5
MultiGen Wellness,multigenfamilyvitalityspanishfork.com,info@multigenfamilyvitalityspanishfork.com,info@multigenfamilyvitalityspanishfork.com,yes,ok,https://multigenfamilyvitalityspanishfork.com,medspa,,3
BHRT Delivered,my-renewedhealth.com,info.renewedhealth@gmail.com,info.renewedhealth@gmail.com,yes,ok,https://my-renewedhealth.com,medspa,"semaglutide, tirzepatide",6
Botox Boutique,mybotoxboutique.com,mybotoxboutique@gmail.com,mybotoxboutique@gmail.com,yes,ok,https://mybotoxboutique.com,medspa,nad+,3
MEDI Care Clinics,mymedicareclinic.com,alliance@mymedicareclinic.com,alliance@mymedicareclinic.com,yes,ok,https://mymedicareclinic.com,medspa,GLP-1 weight loss peptides,3
My Secret Med Spa,mysecretmedspafl.com,info@mysecretmedspafl.com,info@mysecretmedspafl.com,yes,ok,https://mysecretmedspafl.com,medspa,"semaglutide, retatrutide",5
Sophisticated Wellness &amp; Aesthetics,mysophisticatedwellness.com,info@mysophisticatedwellness.com,info@mysophisticatedwellness.com,yes,ok,https://mysophisticatedwellness.com,medspa,"nad+, glutathione",4
My Wellness Studio,mywellnessstudio.com,info@mywellnessstudio.com,info@mywellnessstudio.com,yes,ok,https://mywellnessstudio.com,medspa,"semaglutide, tirzepatide",4
Nashville Wellness &amp; IV,nashvillewellnessiv.com,bailey@nashvillewellnessiv.com,bailey@nashvillewellnessiv.com,yes,ok,https://nashvillewellnessiv.com,medspa,,1
IV Therapy in Fairfield County,newbeautywellness.com,guestservices@newbeautywellness.com,guestservices@newbeautywellness.com,yes,ok,https://newbeautywellness.com,medspa,"semaglutide, glutathione",8
NexLevel Labs,nexlevellabs.com,trt@nexlevellabs.com,trt@nexlevellabs.com,yes,ok,https://nexlevellabs.com,medspa,"semaglutide, nad+",5
NorthStar Medical Specialists,northstarmedicalspecialists.com,contact@northstarmedicalspecialists.com,contact@northstarmedicalspecialists.com,yes,ok,https://northstarmedicalspecialists.com,medspa,GLP-1 weight loss peptides,2
Northview Medical,northviewmed.com,infonorthviewmed@gmail.com,infonorthviewmed@gmail.com,yes,ok,https://northviewmed.com,medspa,GLP-1 weight loss peptides,4
NuHydration IV Wellness,nuhydration.com,info@nuhydration.com,jordan@nuhydration.com; info@nuhydration.com,yes,ok,https://nuhydration.com,medspa,,1
NW Naturopathic Medicine,nwnaturopath.com,info@nwnaturopath.com,info@nwnaturopath.com,yes,ok,https://nwnaturopath.com,medspa,glutathione,5
Hydration Station,ochydrationstation.com,hydrationnp@gmail.com,hydrationnp@gmail.com,yes,ok,https://ochydrationstation.com,medspa,semaglutide,5
Onward Health &amp; Wellness,onwardclinic.com,contact@onwardclinic.com,contact@onwardclinic.com,yes,ok,https://onwardclinic.com,medspa,GLP-1 weight loss peptides,3
EvexiPEL Provider,opdahlrmed.com,opdahlrmed@gmail.com,opdahlrmed@gmail.com,yes,ok,https://opdahlrmed.com,medspa,,1
Optimal Health Center,optimalhealthcenter.holisticpresence.com,drchrishenderson@yahoo.com,drchrishenderson@yahoo.com,yes,ok,https://optimalhealthcenter.holisticpresence.com,medspa,semaglutide,3
OptimalSelf MD,optimalselfmd.com,office@optimalselfmd.com,office@optimalselfmd.com,yes,ok,https://optimalselfmd.com,medspa,,2
vIVid Wellness + Aesthetics,optimantra.com,support@optimantra.freshdesk.com,support@optimantra.freshdesk.com; support@optimantra.zendesk.com,yes,ok,https://optimantra.com,medspa,,4
Optimization Clinic,optimizationclinic.com,info@optimizationclinic.com,info@optimizationclinic.com,yes,ok,https://optimizationclinic.com,medspa,"semaglutide, tirzepatide, nad+, ipamorelin, sermorelin, tesamorelin",19
OMC (Oregon Man Clinics),oregonmanclinics.com,billing@oregonmanclinics.com,billing@oregonmanclinics.com,yes,ok,https://oregonmanclinics.com,medspa,,2
Pain Center of Rhode Island,paincenterofri.com,info@paincenterofri.com,info@paincenterofri.com,yes,ok,https://paincenterofri.com,medspa,,2
Palmetto Revive,palmettorevive.com,info@palmettorevive.com,info@palmettorevive.com,yes,ok,https://palmettorevive.com,medspa,"semaglutide, tirzepatide",7
Patriot Hyperbarics and IV Infusion Therapy,patriothyperbarics.com,contact@patriothyperbarics.com,contact@patriothyperbarics.com,yes,ok,https://patriothyperbarics.com,medspa,,1
Palm Beach Anti-Aging &amp; Regenerative Medicine,pbantiaging.com,office@pbantiaging.com,office@pbantiaging.com,yes,ok,https://pbantiaging.com,medspa,,5
Peak Health And Wellness Mobile IV,peakhealthandwellnessiv.com,phwmobileiv@gmail.com,phwmobileiv@gmail.com,yes,ok,https://peakhealthandwellnessiv.com,medspa,,1
Alaska Medical Spa / Phoenix Integrative Medicine,pimalaska.com,contact@pimalaska.com,contact@pimalaska.com,yes,ok,https://pimalaska.com,medspa,,2
Performance IV Hydration,pivhydration.com,hello@pivhydration.com,hello@pivhydration.com,yes,ok,https://pivhydration.com,medspa,"semaglutide, nad+, glutathione",4
Prana Vitality And Wellness,pranavitality.com,pranavitalityandwellness@gmail.com,pranavitalityandwellness@gmail.com,yes,ok,https://pranavitality.com,medspa,glutathione,3
Precious Wellness and Beauty Spa,preciousmedspa.com,hello@preciousmedspa.com,hello@preciousmedspa.com,yes,ok,https://preciousmedspa.com,medspa,"nad+, glutathione",5
Premier IV Hydration &amp; Wellness,premierivhydrationwellness.com,premierivhydrationandwellness@gmail.com,premierivhydrationandwellness@gmail.com,yes,ok,https://premierivhydrationwellness.com,medspa,glutathione,2
Premier TRT and Med Spa,premiertrt.com,info@premiertrt.com,melanie@premiertrt.com; info@premiertrt.com,yes,ok,https://premiertrt.com,medspa,,4
Pure IVs,pureivs.com,help@pureivs.com,help@pureivs.com,yes,ok,https://pureivs.com,medspa,"nad+, glutathione",3
Quad Cities IV League,quadcitiesivleague.com,qcivleague@gmail.com,qcivleague@gmail.com,yes,ok,https://quadcitiesivleague.com,medspa,,1
Radiate Light Mobile IV Hydration- Lincoln,radiatelightnebraska.com,radiatelightivhydration@gmail.com,radiatelightivhydration@gmail.com,yes,ok,https://radiatelightnebraska.com,medspa,GLP-1 weight loss peptides,7
RECVR • IV Therapy • Sports Therapy,recvrbrand.com,connect@recvrbrand.com,connect@recvrbrand.com,yes,ok,https://recvrbrand.com,medspa,"retatrutide, nad+, glutathione",4
Redefine Wellness Institute,redefinewellnessinstitute.com,redefinewellnessinstitute@gmail.com,redefinewellnessinstitute@gmail.com,yes,ok,https://redefinewellnessinstitute.com,medspa,,1
Refined Aesthetics and Wellness,refinedlogan.com,refinedlogan@gmail.com,refinedlogan@gmail.com,yes,ok,https://refinedlogan.com,medspa,,2
Refine Health,refinehealthmiami.com,info@refinehealthmiami.com,info@refinehealthmiami.com,yes,ok,https://refinehealthmiami.com,medspa,"nad+, glutathione",3
Regenerate Me IV Linq Hotel &amp; Casino,regenerateme.com,info@regenerateme.com,info@regenerateme.com,yes,ok,https://regenerateme.com,medspa,"nad+, glutathione",6
"Rejive Medical Aesthetics: Medical Spa New Canaan, Botox®, Fillers, Ch",rejivema.com,staceyjo@rejivema.com,staceyjo@rejivema.com,yes,ok,https://rejivema.com,medspa,,1
IV Therapy,rejuvenatewv.com,rejuvmedrx@gmail.com,rejuvmedrx@gmail.com,yes,ok,https://rejuvenatewv.com,medspa,"nad+, sermorelin, glutathione",7
Remedy Me IV Therapy and Wellness,remedymeiv.com,info@remedymeiv.com,info@remedymeiv.com; remedyme@gmail.com; remedymeiv@gmail.com,yes,ok,https://remedymeiv.com,medspa,"semaglutide, tirzepatide, nad+",8
Reno Tahoe Medical Spa,renotahoemedicalspa.com,reno.tahoemedicalspa@gmail.com,reno.tahoemedicalspa@gmail.com,yes,ok,https://renotahoemedicalspa.com,medspa,GLP-1 weight loss peptides,2
Renovate 4 Wellness,renovate4wellness.com,office@renovate4wellness.com,office@renovate4wellness.com,yes,ok,https://renovate4wellness.com,medspa,semaglutide,5
Replenish Wellness Infusion,replenishwellnessinfusion.com,support@replenishwellnessinfusion.com,hetom.1983@gmail.com; patelnibha60@gmail.com; support@replenishwellnessinfusion.com,yes,ok,https://replenishwellnessinfusion.com,medspa,"nad+, glutathione",4
Reveal Vitality,revealvitality.com,info@revealvitality.com,info@revealvitality.com,yes,ok,https://revealvitality.com,medspa,GLP-1 weight loss peptides,8
Reverse MedEsthetics and Health Spa,reversemedicalspaabq.com,info@reversemedicalspaabq.com,reversebyrozalyn@gmail.com; info@reversemedicalspaabq.com,yes,ok,https://reversemedicalspaabq.com,medspa,"nad+, glutathione",5
Revival IV and Wellness PLLC,revivalivandwellness.com,info@revivalivandwellness.com,info@revivalivandwellness.com,yes,ok,https://revivalivandwellness.com,medspa,,1
Revive Coastal Wellness,revivecoastalwellness.com,info@revivecoastalwellness.com,info@revivecoastalwellness.com,yes,ok,https://revivecoastalwellness.com,medspa,"semaglutide, tirzepatide",8
Revived Vitality,revivedvitality.com,contact@revivedvitality.com,contact@revivedvitality.com,yes,ok,https://revivedvitality.com,medspa,"semaglutide, sermorelin",6
Alive IV Health and Wellness,revivehydrationandwellnesscos.com,revivehydrationwellnesscos@gmail.com,revivehydrationwellnesscos@gmail.com,yes,ok,https://revivehydrationandwellnesscos.com,medspa,GLP-1 weight loss peptides,4
Restore Hyper Wellness Salina,reviveih.com,reviveih@reviveih.com,reviveih@reviveih.com,yes,ok,https://reviveih.com,vendor,glutathione,2
"FENTON, MI-RevIVe &amp; Restore-Haigis MD PLLC",reviverestorerepeat.com,reviveandrestoreivhydration@gmail.com,reviveandrestoreivhydration@gmail.com,yes,ok,https://reviverestorerepeat.com,medspa,"semaglutide, tirzepatide, retatrutide, cagrilintide, bpc-157, tb-500",19
RevIVeU,reviveustat.com,jdwolfe1974@gmail.com,jdwolfe1974@gmail.com,yes,ok,https://reviveustat.com,medspa,semaglutide,2
Revive Wellness,revivewellnesssc.com,revivewellness24@gmail.com,revivewellness24@gmail.com,yes,ok,https://revivewellnesssc.com,medspa,"semaglutide, tirzepatide",9
About,riwellnessclinic.com,dmitry@riwellnessclinic.com,dmitry@riwellnessclinic.com,yes,ok,https://riwellnessclinic.com,medspa,nad+,2
Royale Aesthetics and Beauty,royaleaestheticsandbeauty.com,royaleaestheticsandbeauty@gmail.com,royaleaestheticsandbeauty@gmail.com,yes,ok,https://royaleaestheticsandbeauty.com,medspa,"semaglutide, tirzepatide, retatrutide",10
Royal Health And Wellness,royalhealthnwellness.com,info@royalhealthnwellness.com,info@royalhealthnwellness.com,yes,ok,https://royalhealthnwellness.com,medspa,"nad+, glutathione, semaglutide",6
Angelo IV Therapy,sanangeloivtherapy.com,info@sanangeloivtherapy.com,info@sanangeloivtherapy.com; danielle@sanangeloivtherapy.com; felisha@sanangeloivtherapy.com,yes,ok,https://sanangeloivtherapy.com,medspa,glutathione,2
Sanctuary Medical Aesthetic Center,sanctuarymedical.com,info@sanctuarymedical.com,info@sanctuarymedical.com,yes,ok,https://sanctuarymedical.com,medspa,semaglutide,1
"IV Therapy in Solana Beach, CA",sandandsea.co,hello@sandandsea.co,clients@sandandsea.co; hello@sandandsea.co,yes,ok,https://sandandsea.co,medspa,,1
Shea Aesthetic Clinic Hormone Therapy,sheaaestheticclinic.com,sheaaestheticclinic@gmail.com,sheaaestheticclinic@gmail.com,yes,ok,https://sheaaestheticclinic.com,medspa,GLP-1 weight loss peptides,5
Sizar Wellness,sizarwellness.com,info@sizarwellness.com,info@sizarwellness.com,yes,ok,https://sizarwellness.com,medspa,"semaglutide, sermorelin, pt-141",10
SkinSpirit Salt Lake City,skinspirit.com,annapolis@skinspirit.com,annapolis@skinspirit.com; buckhead@skinspirit.com; dunwoody@skinspirit.com; austin@skinspirit.com; northaustin@skinspirit.com; westlakehills@skinspirit.com; bellevuesquare@skinspirit.com; beverlyhills@skinspirit.com,yes,ok,https://skinspirit.com,medspa,,1
Smith Facial Plastics,smithfacialplastics.com,info@smithfacialplastics.com,info@smithfacialplastics.com,yes,ok,https://smithfacialplastics.com,medspa,,3
Snatched Wellness IV Hydration &amp; Weight Loss,snatchedwellness.com,info@snatchedwellness.com,info@snatchedwellness.com,yes,ok,https://snatchedwellness.com,medspa,"semaglutide, tirzepatide, glutathione",4
SoHi RevIVe,sohi-revive.com,info@sohi-revive.com,info@sohi-revive.com,yes,ok,https://sohi-revive.com,medspa,"nad+, glutathione",3
Sollie Health and Wellness,solliehealth.com,frontdesk@solliehealth.com,frontdesk@solliehealth.com,yes,ok,https://solliehealth.com,medspa,"semaglutide, tirzepatide, nad+, glutathione",16
SoulMedica,soulmedicaspa.com,info@soulmedicaspa.com,info@soulmedicaspa.com,yes,ok,https://soulmedicaspa.com,medspa,semaglutide,1
"Southern Skin City Medical Spa, Hormones &amp; Wellness",southernskincity.com,southernskincity@yahoo.com,southernskincity@yahoo.com,yes,ok,https://southernskincity.com,medspa,,4
Southwest Family Medicine Associates,southwestfamilymed.com,frontdesk@southwestfamilymed.com,careteam@southwestfamilymed.com; frontdesk@southwestfamilymed.com; triagenurse@southwestfamilymed.com,yes,ok,https://southwestfamilymed.com,medspa,GLP-1 weight loss peptides,3
Steel City HRT and Weight Loss,steelcity-trt.com,getoptimized@steelcity-trt.com,getoptimized@steelcity-trt.com; megan.admin@steelcity-trt.com,yes,ok,https://steelcity-trt.com,medspa,GLP-1 weight loss peptides,12
Straight 2 U Wellness- Mobile IV Hydration,straight2uwellness.com,nurse@straight2uwellness.com,nurse@straight2uwellness.com,yes,ok,https://straight2uwellness.com,medspa,GLP-1 weight loss peptides,5
NuGen Medicine,sutterhealth.org,patientadvocacy@sutterhealth.org,patientadvocacy@sutterhealth.org,yes,ok,https://sutterhealth.org,medspa,,1
"IV Vitamin Infusions in Wall Township, NJ",suvitamedicalaesthetics.com,wellbeing@suvitamedicalaesthetics.com,wellbeing@suvitamedicalaesthetics.com,yes,ok,https://suvitamedicalaesthetics.com/pages/contact,medspa,GLP-1 weight loss peptides,4
Taylor Wellness Med Spa,taylorwellnessmedspa.com,info@taylorwellnessmedspa.com,info@taylorwellnessmedspa.com,yes,ok,https://taylorwellnessmedspa.com,medspa,,1
The Drip Mobile IV,thedripmobileiv.com,thedripmobileiv@gmail.com,thedripmobileiv@gmail.com,yes,ok,https://thedripmobileiv.com,medspa,"nad+, glutathione",4
The Essential Face,theessentialface.com,info@theessentialface.com,info@theessentialface.com,yes,ok,https://theessentialface.com,medspa,,2
The Golgi Clinic,thegolgiclinic.com,info@thegolgiclinic.com,info@thegolgiclinic.com,yes,ok,https://thegolgiclinic.com,medspa,glutathione,2
The IV League Drip (Mobile IV),theivleaguedrip.com,hello@theivleaguedrip.com,hello@theivleaguedrip.com; careers@theivleaguedrip.com,yes,ok,https://theivleaguedrip.com,medspa,"nad+, glutathione",3
IV Lounge Celebration,theivlounge.com,support@theivlounge.com,support@theivlounge.com,yes,ok,https://theivlounge.com,medspa,"semaglutide, tirzepatide, nad+, glutathione",9
The Klinic by KSW Medical Aesthetics,theklinic.co,contact@theklinic.co,contact@theklinic.co; %20contact@theklinic.co,yes,ok,https://theklinic.co,medspa,glutathione,4
The Laser Lounge Laser Aesthetics &amp; More,thelaserlounge.net,info@thelaserlounge.co,info@thelaserlounge.co; info@thelaserlounge.com,yes,ok,https://thelaserlounge.net,medspa,,1
Summit Wellness &amp; Spa,thesummitwellness.com,hello@thesummitwellness.com,hello@thesummitwellness.com,yes,ok,https://thesummitwellness.com,medspa,GLP-1 weight loss peptides,4
Thrive IV Hydration Mobile &amp; Spa,thriveivmobile.com,tulsahydration@gmail.com,tulsahydration@gmail.com,yes,ok,https://thriveivmobile.com,medspa,"nad+, glutathione",3
Thrive Wellness,thrivewellness.glossgenius.com,thrivecabot@gmail.com,thrivecabot@gmail.com,yes,ok,https://thrivewellness.glossgenius.com,medspa,glutathione,2
Torstveit Medical Aesthetics + TMA Med Spa,tmamedspa.com,tmamedspa329@gmail.com,tmamedspa329@gmail.com,yes,ok,https://tmamedspa.com,medspa,"semaglutide, tirzepatide",5
Total Wellness Drip Spa,totalwellnessdripspa.com,info@totalwellnessdripspa.com,info@totalwellnessdripspa.com,yes,ok,https://totalwellnessdripspa.com,medspa,"nad+, glutathione",4
Mooi Medical Spa &amp; Laser Center,traceybotha.com,mooi.medspa@gmail.com,mooi.medspa@gmail.com,yes,ok,https://traceybotha.com,medspa,,1
Ultimate Medical &amp; Chiropractic,ultimatespine.com,doc@ultimatespine.com,doc@ultimatespine.com,yes,ok,https://ultimatespine.com,medspa,,2
Unique Health,uniquehealth4u.com,dawn@uniquehealth4u.com,dawn@uniquehealth4u.com,yes,ok,https://uniquehealth4u.com,medspa,,1
Unity Health Medspa &amp; Wellness,unityhealthmb.com,unityhealthinc@outlook.com,unityhealthinc@outlook.com,yes,ok,https://unityhealthmb.com,medspa,"semaglutide, tirzepatide, glutathione",9
Vegas Vitality,vegasvitality.com,vegasvitality702@gmail.com,vegasvitality702@gmail.com,yes,ok,https://vegasvitality.com,vendor,nad+,2
Ventura Coast Med Spa,venturacoastmedspa.com,venturacoastmedspa@gmail.com,venturacoastmedspa@gmail.com,yes,ok,https://venturacoastmedspa.com,medspa,GLP-1 weight loss peptides,2
Verity Health PNW,verityhealthpnw.com,info@verityhealthpnw.com,info@verityhealthpnw.com,yes,ok,https://verityhealthpnw.com,medspa,semaglutide,6
Vibrant Med Spa NWA,vibrantnwa.com,bevibrant@vibrantnwa.com,bevibrant@vibrantnwa.com,yes,ok,https://vibrantnwa.com,medspa,,1
Virtual Practitioners,virtualpractitioners.com,support@virtualpractitioners.com,support@virtualpractitioners.com,yes,ok,https://virtualpractitioners.com,medspa,,1
Vita Weight Loss &amp; IV Infusions,vitaivinfusions.com,vitaivsolutions@gmail.com,vitaivsolutions@gmail.com,yes,ok,https://vitaivinfusions.com,medspa,"semaglutide, tirzepatide",6
Vital Health Medical Care,vitalhealthmedicalcare.com,admin@vitalhealthmedicalcare.com,admin@vitalhealthmedicalcare.com,yes,ok,https://vitalhealthmedicalcare.com,medspa,"semaglutide, tirzepatide",6
Vitality IV Hydration Lounge,vitalityivhydration.com,info@vitalityivhydration.com,info@vitalityivhydration.com,yes,ok,https://vitalityivhydration.com,medspa,"semaglutide, tirzepatide, nad+, ipamorelin, mots-c, ghk-cu",9
Vitality IV Hydration,vitalityivhydrationia.com,vitalityivhydration@gmail.com,vitalityivhydration@gmail.com,yes,ok,https://vitalityivhydrationia.com,medspa,,1
Vital Hormone Clinic,vitalizehormone.com,clinic@vitalizehormone.com,clinic@vitalizehormone.com,yes,ok,https://vitalizehormone.com,medspa,,2
"Mobile Hydration &amp; IV Therapy in Prosper, Texas",vitalizeiv.com,info@vitalizeiv.com,info@vitalizeiv.com,yes,ok,https://vitalizeiv.com,medspa,,2
Mobile IV,vitamaxrevive.com,info@vitamaxrevive.com,info@vitamaxrevive.com,yes,ok,https://vitamaxrevive.com/contact,medspa,nad+,2
Vita Nova Anti-Aging And Rejuvenation Center,vitanovaantiaging.com,franciscocardon@gmail.com,franciscocardon@gmail.com,yes,ok,https://vitanovaantiaging.com,medspa,GLP-1 weight loss peptides,4
VitaSquad,vitasquad.com,info@vitasquad.com,info@vitasquad.com; book@vitasquad.com,yes,ok,https://vitasquad.com,medspa,"nad+, glutathione",4
Vivo Infusion Wilton,vivoinfusion.com,info@vivoinfusion.com,info@vivoinfusion.com,yes,ok,https://vivoinfusion.com,medspa,,1
IV Therapy,washmocare.com,cs@washmocare.com,cs@washmocare.com,yes,ok,https://washmocare.com,medspa,,5
WellHaus Club,wellhausclub.com,experience@wellhausclub.com,experience@wellhausclub.com; rory@wellhausclub.com,yes,ok,https://wellhausclub.com,medspa,"semaglutide, thymosin alpha-1, nad+, ipamorelin, sermorelin, tesamorelin",11
IV Therapy and Vitamin Shots,wellnessredefinedil.com,info@wellnessredefinedil.com,info@wellnessredefinedil.com,yes,ok,https://wellnessredefinedil.com,medspa,,3
Willow Medical LLC,willowmedicalok.com,support@willowmedicalok.com,support@willowmedicalok.com,yes,ok,https://willowmedicalok.com,medspa,,1
WINK Aesthetics + Wellness,winknj.com,info@winknj.com,info@winknj.com,yes,ok,https://winknj.com,medspa,,1
Yuma Anti-Aging &amp; Wellness Center,yumawellnessaesthetics.com,patients.yumaazwellness@gmail.com,patients.yumaazwellness@gmail.com,yes,ok,https://yumawellnessaesthetics.com,medspa,"semaglutide, tirzepatide, glutathione",7
Zen Aesthetics Spa,zenaestheticsspa.com,info@zenaestheticsspa.com,info@zenaestheticsspa.com,yes,ok,https://zenaestheticsspa.com,medspa,GLP-1 weight loss peptides,2
Labette County TRT,11thjd.org,,,,unreachable,,,,
1513 Wellness &amp; Weight Loss,1513wellness.com,,,,no_email,,vendor,,0
Cosmetic and Laser Center,1bostonlaser.com,,,yes,no_email,https://1bostonlaser.com,medspa,,0
207 LASER &amp; Integrative MED,207laser.com,,,,no_email,,vendor,,0
"IV Drip Therapy in Kalispell, MT",406aesthetica.com,,,yes,no_email,https://406aesthetica.com,medspa,"semaglutide, tirzepatide",10
4Ever Health Michigan,4everhealth.org,,,,unreachable,,,,
4Ever Young Med Spa &amp; Wellness Center,4everyoungantiaging.com,,,yes,no_email,https://4everyoungantiaging.com,medspa,"semaglutide, tirzepatide",7
iDripAZ,6f02b30fcccdf48c57da-aad2c0a3ec1e08a2780ad82737b2a33d.ssl.cf2.rackcdn.com,,,,unreachable,,,,
HydraMed,a.storyblok.com,,,,unreachable,,,,
Aesthetics 360,a360medspa.com,,,,no_email,https://a360medspa.com,medspa,,0
Anti-Aging Centers of Connecticut,aacofct.com,,,,no_email,https://aacofct.com,medspa,,0
Radiate Light Mobile IV Hydration &amp; Red Light Therapy Services,aarogya.us,,,yes,no_email,https://aarogya.us,medspa,,2
Bathhouse Flatiron,abathhouse.com,hello@abathhouse.com,maia@abathhouse.com; hello@abathhouse.com; philadelphia@abathhouse.com; atlanticave@abathhouse.com; ave@abathhouse.com; flatiron@abathhouse.com; williamsburg@abathhouse.com,yes,no_peptides,https://abathhouse.com,vendor,,0
A Body In Knead,abodyinknead.com,abodyinkneadbangor@gmail.com,abodyinkneadbangor@gmail.com,yes,no_peptides,https://abodyinknead.com,medspa,,0
About Face Aesthetics &amp; Wellness,aboutfaceaesthetics.com,info.aboutfaceaesthetics@gmail.com,info.aboutfaceaesthetics@gmail.com,yes,already known,https://aboutfaceaesthetics.com,medspa,GLP-1 weight loss peptides,4
IV and Infusion Center,activeinfusions.com,info@activeinfusions.com,info@activeinfusions.com,yes,no_peptides,https://activeinfusions.com,medspa,,0
Actualize Wellness Spa,actwellspa.com,,,,unreachable,,,,
Infuse Health Clinic,acusimple.com,,,,no_email,https://acusimple.com,medspa,,0
Advanced Medical and Weight Loss,advancedhealthandvitality.com,,,yes,no_email,https://advancedhealthandvitality.com,medspa,,3
Advanced Medical Solutions,advancedmedicalsolutions.org,,,yes,no_email,https://advancedmedicalsolutions.org,medspa,"nad+, glutathione",7
Advanced Medical Weight Loss Clinic and Med Spa,advwtloss.com,,,yes,no_email,https://advwtloss.com,medspa,GLP-1 weight loss peptides,6
Aeris Medical Aesthetics,aerismedical.info,,,yes,no_email,https://aerismedical.info,medspa,semaglutide,3
"Aesthetica Skin Health &amp; Wellness Clinic, Inc.",aestheticaskinhealthandwellness.com,,,yes,no_email,https://aestheticaskinhealthandwellness.com,medspa,"semaglutide, tirzepatide, retatrutide",9
Aesthetic Center,aestheticcenter.com,info@aestheticcenter.com,info@aestheticcenter.com,yes,no_peptides,https://aestheticcenter.com,medspa,,0
Aesthetic Chemistry MedSpa,aestheticchemistrymedspa.com,,,yes,no_email,https://aestheticchemistrymedspa.com,medspa,"nad+, glutathione",7
Aesthetics North,aestheticsnorthwi.com,heygirl@aestheticsnorthwi.com,heygirl@aestheticsnorthwi.com,yes,no_peptides,https://aestheticsnorthwi.com,medspa,,0
AFC Urgent Care West Haven,afcurgentcare.com,,,,no_email,,vendor,GLP-1 weight loss peptides,2
Ageless Spa Center,ageless-spacenter.com,support@ageless-spacenter.com,support@ageless-spacenter.com,yes,no_peptides,https://ageless-spacenter.com,medspa,,0
Ageless Esthetics,agelessestheticsmedspamn.com,agelessestheticsmedspa@gmail.com,agelessestheticsmedspa@gmail.com,,no_us_signal,https://agelessestheticsmedspamn.com,medspa,GLP-1 weight loss peptides,6
AgeLess Medical Aesthetics,agelessmedical307.com,info@agelessmedical307.com,info@agelessmedical307.com,yes,no_peptides,https://agelessmedical307.com,medspa,,0
Ageless Men&#x27;s Health,agelessmenshealth.com,,,,unreachable,,,,
A Greater Whole,agreaterwhole.com,,,,no_email,,vendor,,0
Integrated Spa &amp; Wellness,ajkpt.myaestheticrecord.com,,,,no_email,https://ajkpt.myaestheticrecord.com,vendor,,0
AK Beautiful You Medical Spa,akbeautifulyou.com,julie@akbeautifulyou.com,julie@akbeautifulyou.com,yes,no_peptides,https://akbeautifulyou.com,medspa,,0
The Ideal U,albanyidealproteindiet.com,theidealu@gmail.com,theidealu@gmail.com; theidealucp@gmail.com,yes,no_peptides,https://albanyidealproteindiet.com,vendor,,0
Align Body &amp; Wellness,alignbodywellness.com,,,yes,no_email,https://alignbodywellness.com,medspa,"semaglutide, tirzepatide",6
Align Wellness and Weight Loss,alignpain.com,visitrequests@alignpain.com,visitrequests@alignpain.com; referrals@alignpain.com; patients@alignpain.com,yes,no_peptides,https://alignpain.com,medspa,,0
Alive Wellness Center,alivewc.com,,,,unreachable,,,,
Ennu Springhurst,alle.com,,,,no_email,,vendor,,0
True Med Spa,allnaturalaesthetics.glossgenius.com,,,yes,no_email,https://allnaturalaesthetics.glossgenius.com,medspa,tirzepatide,1
Allure Aesthetics and Wellness Studio,allureaestheticswellnessstudio.com,,,yes,no_email,https://allureaestheticswellnessstudio.com,medspa,"semaglutide, tirzepatide",2
Alma Wellness &amp; TRT,almaandcowellness.com,almaandcowellness@gmail.com,almaandcowellness@gmail.com,yes,no_peptides,https://almaandcowellness.com,vendor,,0
Aloha Aesthetics MD,aloha-aestheticsmd.com,,,yes,no_email,https://aloha-aestheticsmd.com,medspa,glutathione,5
Aloha Med Spa,alohamedspa.com,contact@alohamedspa.com,contact@alohamedspa.com,yes,no_peptides,https://alohamedspa.com,medspa,,0
BODYWELLE,alonsomartinmd.com,,,yes,no_email,https://alonsomartinmd.com,medspa,"semaglutide, bpc-157, nad+, tesamorelin, cjc-1295",16
Alpha IV Therapy,alphaivtherapy.com,,,,no_email,https://alphaivtherapy.com,medspa,,2
Alpha Male Clinic,alphamaleclinic.com,,,yes,no_email,https://alphamaleclinic.com,vendor,"semaglutide, tirzepatide, bpc-157, nad+, pt-141, ghk-cu",11
Altitude Health and Wellness,altitudeidaho.com,,,,unreachable,,,,
Alyeska Aesthetics,alyeskaaesthetics.com,,,yes,no_email,https://alyeskaaesthetics.com,medspa,,0
Amélie Aesthetics Vancouver,ameliemedspa.com,,,,unreachable,,,,
Amherst Wellness Center,amherstwellness.com,scheduling@amherstwellness.com,scheduling@amherstwellness.com,yes,no_peptides,https://amherstwellness.com,medspa,,0
Amici Aesthetics,amicilaser.com,info@amicilaser.com,info@amicilaser.com; tinfo@amicilaser.com,yes,no_peptides,https://amicilaser.com,medspa,,0
Advanced Mobile IV,amiv.com,info@amiv.com,info@amiv.com,yes,already known,https://amiv.com,medspa,"retatrutide, cagrilintide, bpc-157, tb-500, thymosin beta-4, thymosin alpha-1",42
Anderson Longevity Clinic Rhode Island,andersonlongevityclinic.com,,,,no_email,https://andersonlongevityclinic.com,medspa,"sermorelin, pt-141",5
ANEU Med Spa,aneumedspa.com,info@aneumedspa.com,info@aneumedspa.com,,no_peptides,https://aneumedspa.com,medspa,,0
Anew You Aesthetics And Med Spa,anewyoucharleston.com,,,,no_email,,vendor,,0
Anllo Center for Aesthetics,anllocenter.com,janllo@anllocenter.com,janllo@anllocenter.com,yes,no_peptides,https://anllocenter.com,medspa,,0
Anti Aging &amp; Ketamine Center,antiagingandketamine.com,,,,no_email,,vendor,,0
AOM Infusion,aominfusionrx.com,,,yes,no_email,https://aominfusionrx.com,medspa,,0
A Place for Wellness,aplaceforwellnessfl.com,,,yes,no_email,https://aplaceforwellnessfl.com,medspa,,2
UAMS Baptist Health Infusion Center,app-bhns01saas32d4fp001.cms.optimizely.com,,,,no_email,https://app-bhns01saas32d4fp001.cms.optimizely.com,vendor,,0
"IVY Infusions &amp; Medspa: Sasha Beatty, MSN, FNP-C",app.joinmoxie.com,,,,no_email,https://app.joinmoxie.com,vendor,,0
Prevention Plus Clinic,app.nexhealth.com,,,,no_email,https://app.nexhealth.com,vendor,,0
AquaMedics Mobile IV Hydration Services,aquamedicsmobileiv.com,,,yes,no_email,https://aquamedicsmobileiv.com,medspa,,1
Aqua Vitae iVitality Spa,aquavitality.com,,,yes,no_email,https://aquavitality.com,medspa,"semaglutide, nad+, sermorelin, aod-9604, tirzepatide",17
ARBODY dba Options Diet Clinic,arbody.com,,,yes,no_email,https://arbody.com,medspa,,0
American River Infusion Services,arinfusion.com,,,yes,no_email,https://arinfusion.com,medspa,,0
Arlington Heights NAD+ Center,arlington-heights.nad-iv-therapy.com,,,,unreachable,,,,
The Art of Aesthetics Med Spa LLC,artofaestheticsmedspa.com,artofaestheticsmedspa@gmail.com,artofaestheticsmedspa@gmail.com,yes,no_peptides,https://artofaestheticsmedspa.com,medspa,,0
Art Of Rejuvenation Med Spa,artofrejuvenationmedspa.com,,,,no_email,,vendor,,0
Aspire Dermatology,aspiredermatologycumberland.com,,,,unreachable,,,,
Integrated Health Alliance,aspirehcs.org,,,,no_email,https://aspirehcs.org,vendor,,0
Aspire Health,aspirehealthmn.com,,,,no_email,https://aspirehealthmn.com,vendor,,0
Ignite Medical Group AZ,assets.cdn.filesafe.space,,,,unreachable,,,,
LIVE Hydration Spa Tualatin,assets.locations.livehydrationspa.com,,,,unreachable,,,,
Pain Zero,assets.pzohio.com,,,,unreachable,,,,
Atlas Health Medical Group,atlashealthmedicalgroup.com,,,,unreachable,,,,
Mobile IV Therapy Services,atx-infusion-and-wellness.square.site,nmonika@atxinfusionandwellness.com,nmonika@atxinfusionandwellness.com,,no_peptides,,vendor,,0
Augusta Road Aesthetics,augustaroadaesthetics.com,info@augustaroadaesthetics.com,info@augustaroadaesthetics.com,yes,no_peptides,https://augustaroadaesthetics.com,medspa,,0
Home infusion therapy,aurorahealthcare.org,,,yes,no_email,https://aurorahealthcare.org,medspa,,0
Austin Regenerative Therapy,austinregen.com,,,,unreachable,,,,
Auveau Aesthetics + Wellness,auveau.com,,,,no_email,,vendor,,0
Avante Laser &amp; MediSpa,avantemedispa.com,,,yes,no_email,https://avantemedispa.com,medspa,GLP-1 weight loss peptides,5
"Avant Wellness, PLLC",avantwellnesspllc.com,,,,unreachable,,,,
Avelure Med Spa,aveluremedspa.com,,,yes,no_email,https://aveluremedspa.com,medspa,,0
AVI Day Spa,avi.edu,admissions@avi.edu,admissions@avi.edu,yes,no_peptides,https://avi.edu,vendor,,0
IV Therapy in Leesburg,aviemedspa.com,,,,no_email,,vendor,,0
Avril Jenkins APRN LLC,avriljenkinsaprnllc.com,,,,unreachable,,,,
Awaken180?? Weightloss,awaken180weightloss.com,,,yes,no_email,https://awaken180weightloss.com,vendor,GLP-1 weight loss peptides,2
AZ Laser Studio,azlaserstudiomedspa.com,,,yes,no_email,https://azlaserstudiomedspa.com,medspa,"bpc-157, tb-500, thymosin beta-4",10
Balanced Drip,balanceddripllc.com,,,yes,no_email,https://balanceddripllc.com,vendor,GLP-1 weight loss peptides,2
Balanced Health,balancedhealthsf.com,,,yes,no_email,https://balancedhealthsf.com,medspa,GLP-1 weight loss peptides,3
Balance Found,balancefound.com,,,yes,no_email,https://balancefound.com,medspa,,3
Balance Hormone Center,balancehormonecenter.com,,,,no_email,,vendor,,0
Bay Area Medical Group,bamdgroup.com,,,yes,no_email,https://bamdgroup.com,medspa,"bpc-157, tb-500, thymosin beta-4, ipamorelin, sermorelin, tesamorelin",13
Baptist Health Medical Group Bariatric Surgery,baptisthealth.com,,,yes,no_email,https://baptisthealth.com,medspa,,0
SLIM Therapeutics,bariatricreports.org,,,yes,no_email,https://bariatricreports.org,medspa,GLP-1 weight loss peptides,3
Barton County Health &amp; Wellness,bartoncounty.org,,,yes,no_email,https://bartoncounty.org,vendor,,0
beautifly Aesthetics,beautifly.me,beautifly.me83@gmail.com,beautifly.me83@gmail.com,,no_peptides,https://beautifly.me,vendor,,0
BEAUTY AND GLAMOUR MED SPA PLLC,beautyandglamourmedspa.com,beautyandglamourmedspa@gmail.com,beautyandglamourmedspa@gmail.com,,no_peptides,https://beautyandglamourmedspa.com,medspa,,0
Beauty &amp; Health By Liz,beautyandhealthbyliz.com,,,yes,no_email,https://beautyandhealthbyliz.com,medspa,semaglutide,3
Michelle&#39;s Beauty &amp; Wellness Center LLC,beautyhealthyskin.com,,,,no_email,,vendor,,0
Begin With Your Skin Medspa,beginwithyourskinmedspamn.com,,,yes,no_email,https://beginwithyourskinmedspamn.com,medspa,,0
Bel Art Aesthetics,belartspa.com,,,yes,no_email,https://belartspa.com,medspa,,0
Belcara Health,belcarahealth.com,,,yes,no_email,https://belcarahealth.com,medspa,nad+,4
Bella Voi Weight Loss + Aesthetics,bella-voi.com,,,yes,no_email,https://bella-voi.com,medspa,"semaglutide, tirzepatide",5
Bella MedSpa &amp; Wellness Clinique,bellamedspawellnessclinique.com,,,yes,no_email,https://bellamedspawellnessclinique.com,medspa,"semaglutide, retatrutide, bpc-157, tb-500, nad+, ipamorelin",19
IV Hydration,bellavitact.com,,,,unreachable,,,,
IV Hydration Therapy,belmontwellnesscenter.com,info@belmontwellnesscenter.com,info@belmontwellnesscenter.com,yes,no_peptides,https://belmontwellnesscenter.com,medspa,,0
Bel-Red Center for Aesthetic Surgery,belredcenter.com,,,yes,no_email,https://belredcenter.com,medspa,,0
East West Naturopathic Clinic,bendnaturopath.com,dr@bendnaturopath.com,dr@bendnaturopath.com,yes,no_peptides,https://bendnaturopath.com,medspa,,0
Best IV Drips- Mobile IV Therapy,bestivdrips.com,,,,no_email,,vendor,,0
IV Therapy in Los Angeles &amp; Beverly Hills,beverly hills concierge|bhconciergehealth.com,,,,unreachable,,,,
Be Well Las Vegas,bewelllasvegas.com,,,,unreachable,,,,
Be Well Medical Group,bewellmedicalgroup.com,,,,no_email,,vendor,,0
Beyond Beauty Med Spa,beyondbeautyri.com,beyondbeautyri@gmail.com,beyondbeautyri@gmail.com,yes,no_peptides,https://beyondbeautyri.com,medspa,,0
Beyond Skin Aesthetics,beyondskinaesthetics.com,,,yes,no_email,https://beyondskinaesthetics.com,medspa,GLP-1 weight loss peptides,4
Beyoutiful Wellness Clinic &amp; Rapid Labs LLC,beyoutifulclinic.com,beyoutiful39402@gmail.com,beyoutiful39402@gmail.com,,no_peptides,https://beyoutifulclinic.com,vendor,,0
VivaMD Clinic,bgqvy.myaestheticrecord.com,,,,no_email,https://bgqvy.myaestheticrecord.com,vendor,,0
NEW: Prime IV spa is officially open in Downtown Homewood,bhamnow.com,hello@bhamnow.com,hello@bhamnow.com; maryhelene@bhamnow.com,yes,no_peptides,https://bhamnow.com,vendor,,0
Beverly Hills Rejuvenation Center,bhrccitycentre.com,,,yes,no_email,https://bhrccitycentre.com/contact,medspa,,0
BioDesign Men&#x27;s Clinic of Tampa,biodesignmen.com,,,yes,no_email,https://biodesignmen.com,medspa,"sermorelin, pt-141",5
BioPrime Medical,bioprimemedical.com,,,yes,no_email,https://bioprimemedical.com,medspa,"semaglutide, tirzepatide, bpc-157, thymosin beta-4, nad+, ipamorelin",20
Biote Certified Provider,biote.com,,,yes,no_email,,vendor,,0
Biote Provider,bioteproviderellicottcity.com,,,,unreachable,,,,
Biote Provider,bioteproviderlaplata.com,,,,unreachable,,,,
"MINNESOTA MOBILE IV THERAPY P . S . C . in Albany, MN",bizapedia.com,,,,no_email,https://bizapedia.com,vendor,,0
Black Hills Medical Spa,blackhillsplasticsurgery.com,,,yes,no_email,https://blackhillsplasticsurgery.com,medspa,,0
Bloomfield Hills IV Therapy,bloomfieldhillsivtherapy.com,,,,unreachable,,,,
Westwood Family Medicine PLLC,bluefieldprimarycare.com,,,,unreachable,,,,
Blue Haven Medical Spa,bluehavenballard.com,,,yes,no_email,https://bluehavenballard.com,medspa,,0
Blue Point Medical Group,bluepointmedgroup.com,,,yes,no_email,https://bluepointmedgroup.com,medspa,,1
Blue Skye Health &amp; Wellness,blueskyehealth.com,,,yes,no_email,https://blueskyehealth.com,medspa,"semaglutide, tirzepatide, bpc-157, tb-500, sermorelin, ghk-cu",12
Five One Five Wellness and Aesthetics,blvd.app,,,,no_email,https://blvd.app,vendor,,0
Bobbi Bullock Medical Esthetics,bobbibullock.com,,,yes,no_email,https://bobbibullock.com,medspa,semaglutide,3
Rejuvenate &amp; Wellness Center,bodybybariatrics.com,,,,no_email,,vendor,,0
Body Revolution Aesthetics &amp; Wellness,bodyrevolutionwellness.com,,,,no_email,https://bodyrevolutionwellness.com,medspa,,0
Bonaldi Aesthetics Med Spa,bonaldimd.com,,,yes,no_email,https://bonaldimd.com,medspa,,0
The Aesthetic Life Med Spa &amp; Wellness,book.prospyrmed.com,,,,unreachable,,,,
ReignWater,booking.hydreight.com,,,,no_email,,vendor,,0
Kloud Health,booking.mangomint.com,,,,no_email,https://booking.mangomint.com,vendor,,0
Restore Hyper Wellness,booking.restore.com,,,,no_email,https://booking.restore.com,vendor,,0
"Prepaid Cell Phones in Denton, TX.",boostmobile.com › locations › tx › denton,,,,unreachable,,,,
Borgata Hotel Casino &amp; Spa,borgata.mgmresorts.com,,,,unreachable,,,,
Bosque Women&#39;s Care,bosquewomenscare.com,,,yes,no_email,https://bosquewomenscare.com,medspa,,1
Botox &amp; Wellness Med Spa,botox-aesthetics-wellness.com,,,,unreachable,,,,
Juvanni Med Spa,botoxguru.org,juvannimedspa@gmail.com,juvannimedspa@gmail.com,yes,no_peptides,https://botoxguru.org,medspa,,0
BCH Weight Loss Program,bouldermedicalweightloss.com,,,yes,no_email,https://bouldermedicalweightloss.com,medspa,"semaglutide, tirzepatide, sermorelin, pt-141, glutathione",15
Harmony IV &amp; Wellness,bountifulfamilywellness.com,,,,no_email,,vendor,,0
Bozeman IV,bozemaniv.com,bozemaninfusion@gmail.com,bozemaninfusion@gmail.com,yes,already known,https://bozemaniv.com,medspa,"nad+, glutathione",3
Balanced,bpwcollective.com,bpwcollective@gmail.com,bpwcollective@gmail.com,yes,no_peptides,https://bpwcollective.com,vendor,,0
Brain &amp; Body Longevity Center,brainandbodylongevitycenter.com,,,,no_email,,vendor,,0
Brandywine Med Spa,brandywinemedspa.com,brandywinemedspa@gmail.com,brandywinemedspa@gmail.com,yes,already known,https://brandywinemedspa.com,medspa,semaglutide,2
BreNova Wellness,brenovawellness.glossgenius.com,,,,no_email,https://brenovawellness.glossgenius.com,medspa,GLP-1 weight loss peptides,2
Elite Wellness Body + Aesthetics,britta.glossgenius.com,,,yes,no_email,https://britta.glossgenius.com,medspa,,0
Bryan Medical Center East Campus,bryanhealth.com,,,,unreachable,,,,
Baylor Scott &amp; White Endocrinology Specialists North Texas,bswhealth.com,,,yes,no_email,https://bswhealth.com,medspa,,0
BeautyCo,btyco.com,,,yes,no_email,https://btyco.com,medspa,GLP-1 weight loss peptides,3
Burke Dermatology,burkedermatology.com,,,yes,no_email,https://burkedermatology.com,vendor,,0
Beau Visage Skin Care &amp; Spa,bvspa.com,,,yes,no_email,https://bvspa.com,medspa,,0
Center for Anti-Aging Medicine &amp; Hormone Wellness,caamhw.com,,,,unreachable,,,,
CallaGenics Medical Wellness Center,callagenics.com,,,yes,no_email,https://callagenics.com,medspa,semaglutide,4
Rhody&#x27;s Ageless Beauty,calystaproemr.com,,,,unreachable,,,,
CaMar Med Spa,camarmedspa.com,jonpinhorn.typedesign@gmail.com,jonpinhorn.typedesign@gmail.com; amkryukov@gmail.com,yes,no_peptides,https://camarmedspa.com,medspa,,0
Biote Provider,captivatemedspa.com,,,,unreachable,,,,
The Botox Bar and Aesthetics,carecredit.com,,,yes,no_email,https://carecredit.com,medspa,,0
Carmen and Santos Med Spa,carmenandsantos.com,,,yes,no_email,https://carmenandsantos.com,medspa,,0
Carolina Wellness Massage &amp; Cryo,carolinamassagecryo.com,info@carolinamassagecryo.com,info@carolinamassagecryo.com,yes,no_peptides,https://carolinamassagecryo.com,medspa,,0
Cassie Lane Aesthetics,cassielaneaesthetics.com,,,yes,no_email,https://cassielaneaesthetics.com,medspa,GLP-1 weight loss peptides,3
IV THERAPY,cdcssl.ibsrv.net,,,,no_email,,vendor,,0
Thrive IV Wellness Solutions,cdn-ildbcnf.nitrocdn.com,,,,no_email,https://cdn-ildbcnf.nitrocdn.com,vendor,,0
The Luxe Medspa Aesthetics &amp; Bodycare,cdn-ileedin.nitrocdn.com,,,,no_email,https://cdn-ileedin.nitrocdn.com,vendor,,0
Charleston REDBED: Anti-aging Skin Treatment,cdn-sw.spaweek.com,,,,unreachable,,,,
Kettering Health Infusion Center,cdn.ketteringhealth.org,releaseofinformation@ketteringhealth.org,releaseofinformation@ketteringhealth.org; marynklosterman@gmail.com,yes,no_peptides,https://cdn.ketteringhealth.org,medspa,,0
Ambulatory Infusion Center,cdn.providence.org,,,yes,no_email,https://cdn.providence.org,medspa,,0
Center for Regenerative Health Med Spa,centerforregenerativehealth.com,,,,no_email,,vendor,,0
Vital Flow Hydration and Wellness Mobile Care LLC,chambermaster.blob.core.windows.net,,,,unreachable,,,,
Aesthetics &amp; Electrolysis,charitysullivan.com,charity@charitysullivan.com,charity@charitysullivan.com,yes,no_peptides,https://charitysullivan.com,medspa,,0
FitMed,charlestonsportsmedicine.com,,,,no_email,https://charlestonsportsmedicine.com,medspa,,0
Wellness Vermont,checkout.lodgify.com,,,,unreachable,,,,
IV Hydration Therapy,chicagopwi.com,,,yes,no_email,https://chicagopwi.com,medspa,,1
Optimize Wellness &amp; Aesthetics,chooseoptimizewellness.com,,,yes,no_email,https://chooseoptimizewellness.com,medspa,nad+,4
The DRIPBaR Cinco Ranch,cinco-ranch-stableside.thedripbar.com,,,,no_email,,vendor,,0
Fast-Acting IV Drip Therapy for Hydration &amp; Wellness,circlewellnessmd.com,info@circlewellnessmd.com,info@circlewellnessmd.com,yes,no_peptides,https://circlewellnessmd.com,medspa,,0
Citiwellness,citiwellnesswilmington.com,,,yes,no_email,https://citiwellnesswilmington.com,medspa,,2
Citrus Medical Weight Loss,citrusmedicalweightloss.com,,,,no_email,https://citrusmedicalweightloss.com,vendor,GLP-1 weight loss peptides,2
Clariday Aesthetics,claridayaesthetics.com,,,yes,no_email,https://claridayaesthetics.com,medspa,,0
Clay County Wellness Center,claycountykansas.org,,,yes,no_email,https://claycountykansas.org,vendor,,0
Clean Your Dirty Face,cleanyourdirtyface.com,info@cleanyourdirtyface.com,info@cleanyourdirtyface.com,,no_peptides,https://cleanyourdirtyface.com,vendor,,0
Clear and fresh Wellness infusion and MedSpa,clearandfreshwellnessinfusion.com,info@clearandfreshwellnessinfusion.com,info@clearandfreshwellnessinfusion.com,yes,no_peptides,https://clearandfreshwellnessinfusion.com,medspa,,0
Coastal Integrative Healthcare,coastalintegrativehealthcare.com,,,yes,no_email,https://coastalintegrativehealthcare.com,vendor,semaglutide,4
Coastal IV Therapy,coastalivtherapy.com,,,yes,no_email,https://coastalivtherapy.com,medspa,"semaglutide, nad+, glutathione",9
"IV Therapy Wilmington, NC",coastlinewellnessnc.com,,,yes,no_email,https://coastlinewellnessnc.com,vendor,GLP-1 weight loss peptides,4
The Spa of Colonial Williamsburg,colonialwilliamsburghotels.com,,,,unreachable,,,,
Colorado Medical Solutions,coloradomedicalsolutions.com,,,,no_email,,vendor,,0
Vita 10 IV Therapy to relocate within Denton in early 2026,communityimpact.com,,,yes,no_email,https://communityimpact.com,vendor,,0
Community Cancer Care &amp; Prevention,communitymed.org,,,yes,no_email,https://communitymed.org,medspa,,0
IV Therapy in Hurst TX,communitymedcare.com,,,yes,no_email,https://communitymedcare.com,medspa,,0
Concept Medspa by Nurse Ariany,conceptmedspa.com,,,,unreachable,,,,
Concord MedSpa,concordmedspa.com,,,yes,no_email,https://concordmedspa.com,medspa,,0
Cool Springs MD,coolspringsmd.com,,,yes,no_email,https://coolspringsmd.com,medspa,sermorelin,3
"Centner Wellness Gables Mindfulness &amp; Biohacking, Cold Plunge, Flo",coralgables.centnerwellness.com,serenergysmartketing@gmail.com,serenergysmartketing@gmail.com,,no_peptides,https://coralgables.centnerwellness.com,vendor,,0
Core Aesthetic,coreaesthetic.co,,,yes,no_email,https://coreaesthetic.co,medspa,GLP-1 weight loss peptides,4
Corebella Health,corebellahealth.com,,,,no_email,,vendor,,0
Core Primary Care,coreprimarycare.com,,,yes,no_email,https://coreprimarycare.com,medspa,"semaglutide, tirzepatide",4
Core Wellness,corewellnessmt.com,,,yes,no_email,https://corewellnessmt.com,medspa,,1
Cosmetic Dermatology,cosmeticdermatologyapderm.com,,,,unreachable,,,,
Covenant Wellness,covenantwellky.com,covenantwellnessky@gmail.com,covenantwellnessky@gmail.com,yes,no_peptides,https://covenantwellky.com,vendor,,0
Crafted Aesthetics,craftedaestheticsmt.com,craftedacademy@gmail.com,craftedacademy@gmail.com,yes,already known,https://craftedaestheticsmt.com,medspa,semaglutide,4
Crestline Health and Wellness,crestlinehealthandwellness.com,,,yes,no_email,https://crestlinehealthandwellness.com,medspa,nad+,3
Castle Rock Hormone Health,crhormonehealth.com,,,yes,no_email,https://crhormonehealth.com,medspa,,4
The DRIPBaR Crofton,crofton-centre.thedripbar.com,,,,no_email,,vendor,,0
TRT Clinic Crossville,crossville-tn.trtclinicpro.com,info@trtclinicpro.com,info@trtclinicpro.com,,no_us_signal,https://crossville-tn.trtclinicpro.com,medspa,,2
Vein Center of Central Connecticut,ctveindocs.com,,,yes,no_email,https://ctveindocs.com,medspa,,0
Cult Medical Aesthetics,cultmedicalaesthetics.com,cultmedicalaesthetics@gmail.com,cultmedicalaesthetics@gmail.com,yes,no_peptides,https://cultmedicalaesthetics.com,medspa,,0
CUR Wellness Clinic,curwellnessclinic.com,,,yes,no_email,https://curwellnessclinic.com,medspa,nad+,4
IV Therapy in Bingham Farms,cutlerintegrativemedicine.com,,,yes,no_email,https://cutlerintegrativemedicine.com,medspa,"bpc-157, thymosin alpha-1, nad+, cjc-1295, ghk-cu, glutathione",13
CVS MinuteClinic Weight Loss Program (Lincoln),cvs.com,,,yes,no_email,https://cvs.com,medspa,GLP-1 weight loss peptides,3
Heavenly Hydration Brings Personal Wellness to Cutchogue,danspapers.com,,,,no_email,https://danspapers.com,vendor,"dsip, kpv",3
Nubo Med Spa and Wellness,dashboard.boulevard.io,,,,unreachable,,,,
VIVIFY Med Spa,datocms-assets.com,,,,unreachable,,,,
5 Electrolyte Drinks of 2026,ddg-help-pages-media.s3.us-east-1.amazonaws.com,,,,unreachable,,,,
Decatur NAD+ Center,decatur.nad-iv-therapy.com,,,,unreachable,,,,
Delaware Valley Dermatology,delawarevalleydermatology.com,,,,unreachable,,,,
Delaware Weight Loss,delawareweightloss.com,,,,no_email,,vendor,,0
Demand Care Health &amp; Wellness,demandcarehealth.com,info@demandcarehealth.com,impallari@gmail.com; info@demandcarehealth.com,yes,no_peptides,https://demandcarehealth.com/contact-us,medspa,,0
Medical Spa of Peachtree City,dermanimedspa.com,,,,no_email,https://dermanimedspa.com,medspa,,0
dermaSpalogy,dermaspalogy.com,,,yes,no_email,https://dermaspalogy.com,medspa,"glutathione, semaglutide",7
Radiance Med Spa,dermatologyconsultants.com,info@dermatologyconsultants.com,info@dermatologyconsultants.com,yes,no_peptides,https://dermatologyconsultants.com,medspa,,0
"Desert Derma MedSpa: Linda Beymer, MSN-RN",desertdermamedspa.com,,,yes,no_email,https://desertdermamedspa.com,medspa,semaglutide,3
Desert Lotus Medical Center,desertlotuslv.com,,,,no_email,,vendor,,0
IV Therapy &amp; Vitamin Injections,dev.mab.marketing,,,,unreachable,,,,
Divine Reflections,divinereflections.com,,,yes,no_email,https://divinereflections.com,vendor,,0
"Dr. Anita Petruzzelli, M.D.",doctoranitamd.com,,,yes,no_email,https://doctoranitamd.com,medspa,"semaglutide, tirzepatide, bpc-157, ipamorelin, sermorelin, pt-141",16
Drew Woodward MD PC,doctordrewmd.com,,,,no_email,https://doctordrewmd.com,medspa,,0
Dolce Vida Medical Spa,dolcevidamedspa.com,,,yes,no_email,https://dolcevidamedspa.com,medspa,GLP-1 weight loss peptides,3
Anti-Aging Clinic Dothan,dothan.antiagingresolve.com,info@antiagingresolve.com,info@antiagingresolve.com,,no_us_signal,https://dothan.antiagingresolve.com,medspa,,1
The DRIPBaR Doylestown,doylestown.thedripbar.com,,,,no_email,,vendor,,0
Dr Assif Med Spa,drassifmedspa.com,,,,unreachable,,,,
Gambhir Cosmetic Medicine,drgambhir.com,,,yes,no_email,https://drgambhir.com,medspa,tirzepatide,1
The Epigenetics Healing Center,drgoodbinder.com,office@drgoodbinder.com,office@drgoodbinder.com,yes,no_peptides,https://drgoodbinder.com,medspa,,0
IV Therapy Sierra Vista,drgwynnmd.com,,,yes,no_email,https://drgwynnmd.com,medspa,glutathione,3
Dripfusion Mobile IV,dripfusionmobileiv.com,dripfusioniv@gmail.com,dripfusioniv@gmail.com,yes,no_peptides,https://dripfusionmobileiv.com,medspa,,0
Drip Hydration,driphydration.com,,,,unreachable,,,,
Drip Refresh Mobile IV Therapy,driprefreshmobileiv.com,info@driprefreshmobileiv.com,info@driprefreshmobileiv.com,,no_us_signal,https://driprefreshmobileiv.com,medspa,"semaglutide, nad+, glutathione",5
Drip Luxury Float Spa,dripri.floathelm.com,info@dripri.com,info@dripri.com,yes,no_peptides,https://dripri.floathelm.com,vendor,,0
Dr J Anti Aging Clinic,drjantiagingclinic.com,,,,no_email,,vendor,,0
Optimal Health Medical,drsobo.com,,,yes,no_email,https://drsobo.com,medspa,"semaglutide, tirzepatide, retatrutide, bpc-157, nad+, glutathione",15
MultiGen Wellness,drthauna.com,wellness@drthauna.com,wellness@drthauna.com; erin@drthauna.com,yes,no_peptides,https://drthauna.com,medspa,,0
Coachlight Clinic &amp; Spa,dsmcoachlight.com,,,yes,no_email,https://dsmcoachlight.com,medspa,nad+,8
Down to Earth Wellness Center,dteclub.com,,,yes,no_email,,medspa,,2
Dubuque ENT Head &amp; Neck Surgery,dubuqueent.com,,,yes,no_email,https://dubuqueent.com,medspa,,0
IV Therapy: Sutter General Hospital,dyn.mktgcdn.com,,,,unreachable,,,,
Dynamic Family Medicine,dynamicfamilymed.com,,,yes,no_email,https://dynamicfamilymed.com,medspa,,1
IV Treatment in Leesburg,dynamicwellnessfl.com,,,,unreachable,,,,
Easton Advanced Aesthetics,eastonadvancedaesthetics.com,,,yes,no_email,https://eastonadvancedaesthetics.com,medspa,,0
Eatwellguru,eatwellguru.com,info@eatwellguru.com,info@eatwellguru.com,yes,no_peptides,https://eatwellguru.com,medspa,,0
E&#39;Lan Vital Wellness,elanvwellness.com,,,yes,no_email,https://elanvwellness.com,medspa,"semaglutide, tirzepatide, nad+",7
Elevate at Ogeechee Health,elevateatogeecheehealth.com,,,yes,no_email,https://elevateatogeecheehealth.com,medspa,GLP-1 weight loss peptides,3
"Elevated MedSpa, Skin, IV, and Wellness",elevatedmedspa.com,,,,no_email,,vendor,,0
Elevated Serenity Med Spa,elevatedserenitymedspa.com,info@elevatedserenitymedspa.com,info@elevatedserenitymedspa.com,yes,no_peptides,https://elevatedserenitymedspa.com,medspa,,0
Elevated Aesthetics with Elana,elevatedwithelana.com,elevatedwithelana@gmail.com,elevatedwithelana@gmail.com; abc@gmail.com,yes,no_peptides,https://elevatedwithelana.com,medspa,,0
Eleve Vanda,elevemedspa.com,,,yes,no_email,https://elevemedspa.com,medspa,,0
Elevera Health,eleverahealth.com,,,yes,no_email,https://eleverahealth.com,medspa,"semaglutide, tirzepatide, sermorelin, oxytocin",10
Elite Aesthetics by Jackie,eliteaestheticsbyjackie.com,,,,no_email,https://eliteaestheticsbyjackie.com,medspa,,0
Elite Esthetics RI,eliteestheticsri.com,eliteestheticsri@gmail.com,eliteestheticsri@gmail.com,yes,no_peptides,https://eliteestheticsri.com,medspa,,0
Elite Health Colorado,elitehealthcolorado.com,,,yes,no_email,https://elitehealthcolorado.com,medspa,"semaglutide, tirzepatide, retatrutide, bpc-157, tb-500, nad+",30
Elite Health &amp; Infusion Therapy,elitehealthiv.com,info@elitehealthiv.com,info@elitehealthiv.com,yes,no_peptides,https://elitehealthiv.com,vendor,,0
Elite IV &amp; Wellness,eliteivnc.com,,,,unreachable,,,,
Elite IV Therapy LLC,eliteivtherapy.org,,,,unreachable,,,,
Elite Laser &amp; Skin Care Center,elitelaserandskincarecenter.com,info@elitelaserandskincarecenter.com,info@elitelaserandskincarecenter.com,yes,no_peptides,https://elitelaserandskincarecenter.com,medspa,,0
Elite Aesthetics,elitemedicalutah.com,,,yes,no_email,https://elitemedicalutah.com,medspa,"semaglutide, tirzepatide",9
Elite Memphis TRT,elitememphis.com,elitetotalwellness@gmail.com,elitetotalwellness@gmail.com,yes,already known,https://elitememphis.com,medspa,"semaglutide, tirzepatide, retatrutide, liraglutide, sermorelin, tesamorelin",17
EliteRx Health,eliterxhealth.com,,,yes,no_email,https://eliterxhealth.com,medspa,nad+,9
elite skin studio coolsculpting bodies,eliteskinstudio.com,,,yes,no_email,https://eliteskinstudio.com,medspa,,0
EDGE by ELIXR Wellness Brickell,elixrwellness.com,,,,unreachable,,,,
Elk County Medical Wellness,elkcountyks.org,,,yes,no_email,https://elkcountyks.org,vendor,,0
Outpatient Infusion,elmwoodhealthcare.com,info@elmwoodhealthcare.com,info@elmwoodhealthcare.com,yes,no_peptides,https://elmwoodhealthcare.com,medspa,,0
Elume Medspa,elumemedspa.com,elumemedspa@gmail.com,elumemedspa@gmail.com,yes,no_peptides,https://elumemedspa.com,medspa,,0
Eluxe Weightloss &amp; Aesthetics,eluxeweightloss.com,,,,no_email,,vendor,,0
eMediate Infusion Center LLC,emediateinfusion.com,,,,unreachable,,,,
Eminence Medical Aesthetics,eminencema.com,,,yes,no_email,https://eminencema.com,medspa,semaglutide,4
Emira Aesthetics,emiraaesthetics.com,,,,unreachable,,,,
Empower Lifestyle Medicine,empowerlifestylemedicine.com,,,,no_email,https://empowerlifestylemedicine.com,medspa,GLP-1 weight loss peptides,2
Empower Weight Loss,empowerwla.com,,,,no_email,https://empowerwla.com,medspa,,0
Encompass HealthCare,encompasshealthcare.com,,,yes,no_email,https://encompasshealthcare.com,medspa,,2
Endless Youth Med Spa,endlessyouthny.com,,,yes,no_email,https://endlessyouthny.com,medspa,"nad+, glutathione",5
Endocrine Consultants LNG Islnd,endodocsny.com,,,yes,no_email,https://endodocsny.com,vendor,,0
Med Spa At Enid Live Well,enidlivewell.com,,,yes,no_email,https://enidlivewell.com,medspa,"semaglutide, tirzepatide",6
IV Infusions &amp; IM Injections,entyreinc.com,,,,no_email,https://entyreinc.com,medspa,GLP-1 weight loss peptides,3
Esteem Medspa,esteem-medspa.com,,,,unreachable,,,,
Eterna BioTech,eternabiotech.com,,,,no_email,https://eternabiotech.com,medspa,,0
EveresT Men&#39;s Health,everestmenshealth.com,,,yes,no_email,https://everestmenshealth.com,medspa,"semaglutide, tirzepatide",7
"Evergreen Women&#39;s Health, PC",evergreengyn.com,,,yes,no_email,https://evergreengyn.com,medspa,,1
"Everlasting Aesthetics, LLC",everlastingaestheticsmn.com,everlastingaestheticsmn@gmail.com,everlastingaestheticsmn@gmail.com,yes,no_peptides,https://everlastingaestheticsmn.com,medspa,,0
Evexias Medical Center,evexias.com,,,,unreachable,,,,
EvexiPEL Provider (Honolulu),evexipelproviderhonolulu.com,,,,unreachable,,,,
Evolve Esthetics,evolveestheticsllc.com,,,,no_email,https://evolveestheticsllc.com,medspa,,0
Evolve Med Spa,evolvemedspa.com,,,yes,no_email,https://evolvemedspa.com,medspa,,0
"EVOyouthful (Elizabeth Vogstrom, PA-C)",evoyouthful.com,,,,no_email,,vendor,,0
Excellence Health Med Spa,excellencehealthmedspa.com,,,,no_email,https://excellencehealthmedspa.com,medspa,,0
Face Lab Aesthetics,facelabnky.myaestheticrecord.com,,,,no_email,https://facelabnky.myaestheticrecord.com,medspa,,0
Facial Aesthetics,facialaestheticsinc.com,,,,unreachable,,,,
FAC Centers for Aesthetic Medicine,facorangecounty.com,,,yes,no_email,https://facorangecounty.com,medspa,,0
Fade Aesthetics And Wellness,fadeaesthetics.com,,,,no_email,,vendor,,0
Fairview Home Infusion,fairview.org,,,yes,no_email,https://fairview.org,medspa,,0
Family Health Care &amp; Walk In Center,familyhealthwalk.com,,,,no_email,,vendor,,0
Family Medicine and Mohr,familymedicineandmohr.com,,,yes,no_email,https://familymedicineandmohr.com,medspa,GLP-1 weight loss peptides,2
"IV Hydration Services in Pikesville, MD",fastmedurgent.com,,,,no_email,,vendor,,0
FeelNu IV,feelnuiv.com,,,yes,no_email,https://feelnuiv.com,medspa,"nad+, glutathione",3
Femme Aesthetics,femmeaesthetics.com,,,,no_email,,vendor,,0
"IV Vitamin Infusions Therapy in Pikesville, MD",fidelintegrated.com,,,yes,no_email,https://fidelintegrated.com,medspa,GLP-1 weight loss peptides,4
"NuHydration IV Wellness. Best Home Health Care in Red Hook, New York.",findme.directory,,,,unreachable,,,,
First Choice Wellness &amp; Infusion Centers,firstchoiceiv.com,,,yes,no_email,https://firstchoiceiv.com,medspa,,0
Fit and Fabulous Aesthetics Spa,fitandfabspa.com,maryc@fitandfabspa.com,maryc@fitandfabspa.com,yes,no_peptides,https://fitandfabspa.com,medspa,,0
FitLab Hawaii LLC,fitlabimiclinicshilo.com,,,,unreachable,,,,
Flint Hills Med Spa,flinthillsfamilychiropractic.com,thedocs@flinthillsfamilychiropractic.com,thedocs@flinthillsfamilychiropractic.com,yes,no_peptides,https://flinthillsfamilychiropractic.com,medspa,,0
Flo &amp; Glo IV Daphne,flongloivdaphne.com,info@flongloivdaphne.com,info@flongloivdaphne.com,yes,no_peptides,https://flongloivdaphne.com,vendor,,0
Florida Keys Health &amp; Wellness,floridakeystherapy.com,inhometherapy@outlook.com,inhometherapy@outlook.com; minorchristy@aol.com,yes,no_peptides,https://floridakeystherapy.com,medspa,,0
"Integrative Medicine in Towson, MD",fmwmedspa.com,,,yes,no_email,https://fmwmedspa.com,medspa,,0
Ford County TRT,fordcounty.net,egall@fordcounty.net,egall@fordcounty.net,yes,no_peptides,https://fordcounty.net,vendor,,0
Forefront Dermatology,forefrontdermatology.com,,,,unreachable,,,,
Forever Young MD Spa,foreveryoungmdspa.com,,,,no_email,https://foreveryoungmdspa.com,medspa,,2
Forever Young Aesthetics,foreveryoungtranaesthetics.com,youngtran@foreveryoungtranaesthetics.com,youngtran@foreveryoungtranaesthetics.com,yes,no_peptides,https://foreveryoungtranaesthetics.com,medspa,,0
Formula Wellness Park Cities,formulawellness.com,,,yes,no_email,https://formulawellness.com,medspa,,1
"Constance Casebolt, MD, MPH",forumhealthgreenville.com,,,yes,no_email,https://forumhealthgreenville.com,medspa,GLP-1 weight loss peptides,6
Proactive Wellness Centers,forumhealthsilverspring.com,,,yes,no_email,https://forumhealthsilverspring.com,medspa,GLP-1 weight loss peptides,7
Foundation Health and Wellness,foundationhw.com,,,yes,no_email,https://foundationhw.com,medspa,"semaglutide, tirzepatide",12
Fountain Life Dallas,fountainlife.com,care@fountainlife.com,care@fountainlife.com,yes,no_peptides,https://fountainlife.com,vendor,,0
Fountain Wellness And Aesthetics,fountainwellnessclinic.com,,,,no_email,https://fountainwellnessclinic.com,medspa,,0
"IV Therapy in Greater Lutz, FL",framerusercontent.com,,,,no_email,https://framerusercontent.com,vendor,,0
Franklin County Wellness,franklincoks.org,,,yes,no_email,https://franklincoks.org,vendor,,0
Frederick Internal Medicine and Endocrinology Services,frederickinternalmedicineandendocrinologyservices.com,,,,unreachable,,,,
Fresh Aesthetics Medical Spa,freshaestheticsspa.com,,,yes,no_email,https://freshaestheticsspa.com,medspa,GLP-1 weight loss peptides,4
Freya&#x27;s Lair Medical Spa,freyaslair.com,,,yes,no_email,https://freyaslair.com,medspa,nad+,3
Front Range Family Medicine,frontrangefamilymedicine.com,,,,no_email,,vendor,,0
Pratt Med Spa,fulfillmedspa.com,,,yes,no_email,https://fulfillmedspa.com,medspa,GLP-1 weight loss peptides,3
Full Potential Men&#39;s Clinic,fullpotentialmen.com,,,yes,no_email,https://fullpotentialmen.com,medspa,"semaglutide, tirzepatide, sermorelin, ghrp-2",10
Gateway Cottage Wellness Center,gatewaycottagewellness.com,info@gatewaycottagewellness.com,info@gatewaycottagewellness.com,yes,no_peptides,https://gatewaycottagewellness.com,vendor,,0
Silver Bullet Anti-Aging and Wellness,genesislifestylemedicine.com,,,,unreachable,,,,
IV Therapy Beverly Hills,gentlegiantcarellc.com,,,,no_email,https://gentlegiantcarellc.com,medspa,,1
Medical Aesthetic Center of Georgia,georgiamedicalaesthetics.com,,,yes,no_email,https://georgiamedicalaesthetics.com/contact,medspa,GLP-1 weight loss peptides,2
Carolina Endocrine Associates,glanddocs.com,,,yes,no_email,https://glanddocs.com,medspa,,0
Glen Ivy Hot Springs,glenivy.com,concierge@glenivy.com,concierge@glenivy.com; cancel@glenivy.com; membership@glenivy.com; schoolsupport@glenivy.com,yes,no_peptides,https://glenivy.com,medspa,,0
Glow Medispa,glowspaseattle.com,info@glowspaseattle.com,info@glowspaseattle.com; kirkland@glowspaseattle.com,yes,no_peptides,https://glowspaseattle.com,medspa,,0
GlowVita Med Spa Edgewater,glowvitaclinic.com,,,,no_email,,vendor,,0
Cryotherapy Indy,go.booker.com,,,,no_email,https://go.booker.com,vendor,,0
Connecticut IV Infusion Center Brings New Blood to Wilton Business ...,goodmorningwilton.com,celestecobb10@gmail.com,celestecobb10@gmail.com,,no_peptides,https://goodmorningwilton.com,vendor,,0
Grace Medical Aesthetics,gracemedicalaesthetics.com,,,yes,no_email,https://gracemedicalaesthetics.com,medspa,kpv,1
Peptide Bonds Vermont,grassrootsfunctionalmedicine.com,,,yes,no_email,https://grassrootsfunctionalmedicine.com,medspa,GLP-1 weight loss peptides,6
Gray County Medical Wellness,grayco.org,,,,unreachable,,,,
Great Basin Nutrition,greatbasinnutrition.com,impallari@gmail.com,impallari@gmail.com,yes,no_peptides,https://greatbasinnutrition.com/contact-us/,vendor,,0
Integrated Health Alliance,greaterlowellhealthalliance.org,rsvp@greaterlowellhealthalliance.org,rsvp@greaterlowellhealthalliance.org; kdentremont@greaterlowellhealthalliance.org; amanda.clermont@greaterlowellhealthalliance.org,yes,no_peptides,https://greaterlowellhealthalliance.org,vendor,,0
Beauty and Wellness Collective,green-with-envy-beauty.square.site,,,,no_email,https://green-with-envy-beauty.square.site,medspa,,0
Greenbrook TMS,greenbrooktms.com,info@greenbrooktms.com,info@greenbrooktms.com,yes,no_peptides,https://greenbrooktms.com,medspa,,0
Green Cove Wellness,greencovewellness.com,,,,no_email,,vendor,,0
Grant Winner New Youth Aesthetics &amp; IV Therapy Lounge,greenfieldmainstreet.org,director@greenfieldmainstreet.org,director@greenfieldmainstreet.org,yes,no_peptides,https://greenfieldmainstreet.org,vendor,,0
Green Infusion,greeninfusionwv.com,gincbd@outlook.com,gincbd@outlook.com,yes,no_peptides,https://greeninfusionwv.com,vendor,,0
Greenwich MD,greenwich-md.com,,,,no_email,,vendor,,0
IV Drips,grosse-pointe-mi.thedripbar.com,,,,no_email,,vendor,,0
Growing Well LLC,growingwellcounseling.com,hello@growingwellcounseling.com,hello@growingwellcounseling.com; billing@growingwellcounseling.com,yes,no_peptides,https://growingwellcounseling.com,medspa,,0
Aykari Aesthetics LLC,hairbykristend.square.site,aykariaestheticsllc@gmail.com,aykariaestheticsllc@gmail.com,,no_peptides,,vendor,,0
Halper Family Medicine,halperfamilymedicine.com,,,,no_email,https://halperfamilymedicine.com,medspa,,1
Harpeth Hydration and Wellness,harpethhydration.com,,,,no_email,,vendor,,0
Harrisonburg Dermatology,harrisonburgdermatology.com,,,yes,no_email,https://harrisonburgdermatology.com,vendor,,0
GI Infusion Therapy in Mississippi,hattiesburgclinic.com,communications@hattiesburgclinic.com,communications@hattiesburgclinic.com,yes,no_peptides,https://hattiesburgclinic.com,medspa,,0
Sacramento Aesthetic Surgery,hausecall.com,info@hausecall.com,info@hausecall.com,yes,no_peptides,https://hausecall.com,medspa,,0
Hawley Health Center,hawleyhealthcenter.com,,,,no_email,,vendor,,0
Hays Med Spa &amp; Laser,haysmed.com,,,yes,no_email,https://haysmed.com,medspa,,1
Head2Toe Health,head2toehealth.net,,,yes,no_email,https://head2toehealth.net,medspa,GLP-1 weight loss peptides,5
Mobile IV Therapy,healinghydration.intakeq.com,,,yes,no_email,https://healinghydration.intakeq.com,medspa,,1
Healix Infusion Care,healixinfusion.wpengine.com,contact@healixinfusion.com,contact@healixinfusion.com,yes,no_peptides,https://healixinfusion.wpengine.com,medspa,,0
H2O Health,healthhydrationoasis.com,,,yes,no_email,https://healthhydrationoasis.com,medspa,"bpc-157, tb-500, thymosin alpha-1, ipamorelin, tesamorelin, cjc-1295",13
Idaho Health Neighborhood Center,healthneighborhoodcenter.org,,,,unreachable,,,,
"IV Therapy Naturopaths near Colchester, VT",healthprofs.com,,,,no_email,https://healthprofs.com,vendor,,0
Healthy Ascent Wellness and Weight Loss Clinic,healthyascentclinic.com,,,,unreachable,,,,
Healthy Beginnings Wellness,healthybeginningswellness.com,,,,no_email,,vendor,,0
IV Vitamin Therapy In Warminster Near Newtown Doylestown Warrington,healthysolutionsdr.com,,,yes,no_email,https://healthysolutionsdr.com/contact,medspa,nad+,4
Virginia Healthy Weight,healthyweightva.com,,,,no_email,,vendor,,0
"Hello Nurse, LLC",hellonurse-llc.com,,,yes,no_email,https://hellonurse-llc.com,medspa,"semaglutide, tirzepatide, nad+",6
"Vital Care of Charleston, WV",heyzine.com,support@heyzine.com,support@heyzine.com; admin@heyzine.com,,no_peptides,https://heyzine.com,vendor,,0
Hattiesburg GI Associates PLLC,hgia.net,,,yes,no_email,https://hgia.net,medspa,,1
"Higher Self Wellness, Family Practice",higherselfwellnesspllc.com,,,,unreachable,,,,
Highly Maintained Med Spa,highlymaintained.com,,,,unreachable,,,,
Highwater Aesthetics &amp; Confidence Co.,highwateraesthetics.com,,,yes,no_email,https://highwateraesthetics.com,medspa,"semaglutide, tirzepatide",7
Hollywood Hormone Therapy,hollywoodhormone.com,,,,unreachable,,,,
Holton Med Spa,holtonhospital.com,,,,no_email,,vendor,,0
Hormone Logics,hormonelogics.com,,,yes,no_email,https://hormonelogics.com,medspa,GLP-1 weight loss peptides,7
Huddle Men&#39;s Health,huddlemenshealth.com,,,yes,no_email,https://huddlemenshealth.com,medspa,"semaglutide, sermorelin",12
Huntsville Hospital Outpatient Infusion Center,huntsvillehospital.org,,,yes,no_email,https://huntsvillehospital.org,medspa,GLP-1 weight loss peptides,2
Hydradrip and Injectable Lounge,hydradriplounge.com,,,,unreachable,,,,
IV Therapy &amp; Wellness,hydrainfusion.com,,,,unreachable,,,,
Hydralive Therapy Lake Nona,hydralivetherapy.com,,,yes,no_email,https://hydralivetherapy.com,medspa,"nad+, ipamorelin, sermorelin, tesamorelin, mots-c, ghk-cu",13
Hydrasource IV &amp; Wellness,hydrasourceiv.com,,,,unreachable,,,,
Hydrate Alaska,hydrateak.com,,,yes,no_email,https://hydrateak.com,medspa,"semaglutide, nad+",3
Hydrate Arkansas,hydratearkansas.com,,,yes,no_email,https://hydratearkansas.com,medspa,GLP-1 weight loss peptides,3
Hydrate IV Life,hydrateivlife.net,,,yes,no_email,https://hydrateivlife.net,medspa,,0
IV Drip Therapy in Honolulu,hydrationhawaii.com,,,,unreachable,,,,
Hydration Therapy &amp; Weight Loss Center,hydrationweightloss.com,ask@hydrationweightloss.com,ask@hydrationweightloss.com; claudia@hydration-weightloss.com,yes,no_peptides,https://hydrationweightloss.com,medspa,,0
HydraCare IV Therapy,hydrcr.com,,,,unreachable,,,,
Hydro Med Spa,hydromedspa.com,,,yes,no_email,https://hydromedspa.com,medspa,GLP-1 weight loss peptides,6
HyperCharge Wellness,hyperchargeclinic.com,,,yes,no_email,https://hyperchargeclinic.com,medspa,,1
Hydraspa Rejuvenation Station,i.vimeocdn.com,,,,no_email,,vendor,,0
Innovative Aesthetics,ia-clinic.com,,,,no_email,https://ia-clinic.com,vendor,,0
Center for Integrative and Age-Management Medicine (IAAM &amp; IAAMed),iaamed.com,,,yes,no_email,https://iaamed.com,medspa,,3
Innovative Aesthetics Medical Spa and Laser Center,iamedicalspa.com,info@iamedicalspa.com,info@iamedicalspa.com,yes,no_peptides,https://iamedicalspa.com,medspa,,0
Institute of Complementary Medicine,icmedicine.com,,,,no_email,,vendor,,0
iCRYO Cryotherapy + iV Therapy + Body Sculpting + Red Light Therapy,icryo-mauldin-sc.com,,,yes,no_email,https://icryo-mauldin-sc.com,medspa,nad+,6
iCRYO,icryo-westminster.com,,,yes,no_email,https://icryo-westminster.com,medspa,"nad+, glutathione",7
Mutao Wellness Spa,ik.imagekit.io,,,,unreachable,,,,
"The Wellness Drip, Inc",images.wellnessdripholyoke.com,,,,no_email,https://images.wellnessdripholyoke.com,vendor,,0
Image Sculptors Day Spa,imagesculptors.com,,,yes,no_email,https://imagesculptors.com,medspa,"semaglutide, tirzepatide",3
Recommended Hydration IV Therapy in NJ,img.hcinnovationgroup.com,,,,no_email,https://img.hcinnovationgroup.com,vendor,,0
Elyzium Med Spa,img1.wsimg.com,,,,unreachable,,,,
Remedy IV Hydration &amp; Wellness,img77.uenicdn.com,,,,unreachable,,,,
314 Aesthetics,imgproxy.gamma.app,,,,unreachable,,,,
Immanence Health,immanencehealth.com,,,yes,no_email,https://immanencehealth.com,medspa,,0
in2GREAT Functional and Integrative Health,in2greatkc.com,,,,no_email,,vendor,,0
"Incredible Health, LLC",incrediblehealthcenter.com,,,yes,no_email,https://incrediblehealthcenter.com,medspa,"bpc-157, ipamorelin, sermorelin, cjc-1295, selank, semax",16
Infinity Health and Wellness,infinityhealthwellness.com,cheryl@infinityhealthwellness.com,cheryl@infinityhealthwellness.com,yes,no_peptides,https://infinityhealthwellness.com,vendor,,0
Infinity Med Spa,infinitymedspari.com,,,yes,no_email,https://infinitymedspari.com,medspa,,1
Mobile Infirmary,infirmaryhealth.org,,,,unreachable,,,,
Mobile IV Therapy Florida,infiuseiv.com,,,,unreachable,,,,
Infuse Wellness,infuse-wellness.com,,,yes,no_email,https://infuse-wellness.com,medspa,"nad+, glutathione",6
Infuse-You,infuseyou.net,support@infuseyou.net,support@infuseyou.net,,no_us_signal,https://infuseyou.net,medspa,"nad+, glutathione",5
IV Infusion Care Maryland,infusioncaremd.com,,,,no_email,,vendor,,0
Infusion Center of Delaware,infusioncenterde.com,,,yes,no_email,https://infusioncenterde.com,medspa,,0
Infusion for Health,infusionforhealth.com,,,yes,no_email,https://infusionforhealth.com,medspa,,0
Revitalize Infusion Center,infusionplusrx.com,referral@infusionplusrx.com,referral@infusionplusrx.com,yes,no_peptides,https://infusionplusrx.com,medspa,,0
Infusion Solutions of Delaware,infusionsolutions.com,info@infusionsolutions.com,info@infusionsolutions.com,yes,no_peptides,https://infusionsolutions.com,medspa,,0
Infusion Spa,infusionspaco.com,info@infusionspaco.com,info@infusionspaco.com,yes,no_peptides,https://infusionspaco.com/contact,vendor,,0
Infuzed IV Hydration &amp; Wellness,infuzedivbar.com,,,yes,no_email,https://infuzedivbar.com,medspa,"semaglutide, tirzepatide, nad+, glutathione",12
Inject Aesthetics and Wellness,injecttulsa.com,,,yes,no_email,https://injecttulsa.com,medspa,"semaglutide, nad+",5
Innovative Health &amp; Well Being,innovativehealthri.com,,,,no_email,,vendor,,0
Inspired health,inspiredha.com,,,,no_email,,vendor,,0
Mobile IV Hydration Therapy Services in Delray Beach Florida.,intakeq.com,,,,no_email,https://intakeq.com,medspa,,0
"Where Can I Find IV Therapy in Elmhurst, IL?",integralmed.us,,,yes,no_email,https://integralmed.us,medspa,,1
Integrative Medical Partners,integrativemedicalpartners.com,,,yes,no_email,https://integrativemedicalpartners.com,medspa,"semaglutide, tirzepatide, retatrutide, liraglutide, bpc-157, tb-500",22
Avalon Natural Medicine,integrativemedpdx.com,,,,no_email,,vendor,,0
Intermountain Medical Center IV Therapy,intermountainhealthcare.org,,,,no_email,https://intermountainhealthcare.org,medspa,,1
Med Spa,internalmedicineandvitality.com,,,yes,no_email,https://internalmedicineandvitality.com,medspa,,0
Intravene Mobile IV Therapy,intravene.wpengine.com,,,yes,no_email,https://intravene.wpengine.com,medspa,"nad+, glutathione",4
Intravene Mobile IV Therapy,intravenewellnesstherapies.com,,,yes,no_email,https://intravenewellnesstherapies.com,medspa,"nad+, glutathione",4
InVigorate IV,invigoratescllc.com,,,,unreachable,,,,
Invigorate IV Therapy Wisconsin Dells,invigoriv.com,,,,no_email,https://invigoriv.com,medspa,"semaglutide, tirzepatide, nad+, glutathione",6
ISO Tonics,isotonicsox.com,isotonics1801@gmail.com,isotonics1801@gmail.com,yes,no_peptides,https://isotonicsox.com,vendor,,0
IU Health Bariatric &amp; Medical Weight Loss,iuhealth.org,,,,unreachable,,,,
"IV Therapy &amp; Chelation Therapy Clinic in Peoria, AZ",ivclinicaz.com,,,yes,no_email,https://ivclinicaz.com,medspa,glutathione,2
iVein Wellness,iveinwellness.com,,,,unreachable,,,,
H2Oasis Infusion and Wellness Clinic is a Wellness Center in ...,ivhydrationtherapybloomington.com,,,,no_email,https://ivhydrationtherapybloomington.com/contact,vendor,,0
IV Nutrition,ivnutrition.com,,,,no_email,https://ivnutrition.com,medspa,"semaglutide, tirzepatide, nad+, sermorelin, pt-141, glutathione",12
AlternaHealth Plex,ivnutritions.com,,,,unreachable,,,,
IVORY Med Spa,ivorymedspa.com,,,,unreachable,,,,
IV Replenish Bar,ivreplenishbar.com,,,,unreachable,,,,
IV Solutions TX,ivsolutionstx.com,,,,no_email,,vendor,,0
IV Infusion Therapy Services Asbury Park NJ,ivtherapyozonewellness.com,,,yes,no_email,https://ivtherapyozonewellness.com,medspa,"thymosin alpha-1, sermorelin",4
Bee Cave,ivwellnesshub.com,,,,unreachable,,,,
IVX Health Infusion Center,ivxhealth.com,,,,unreachable,,,,
IVy Wellness Spa,ivywellnessspa.com,,,,no_email,,vendor,,0
BSH Watertown,jane.app,pr@jane.app,pr@jane.app; security@jane.app,yes,no_peptides,https://jane.app,medspa,,0
J and J Health and Wellness,jjhealthwellness.com,,,,unreachable,,,,
"Joseph Christensen, APRN",josephchristensenaprnannapolis.com,,,,unreachable,,,,
Journey Health and Wellness,journeyhealthwellness.org,,,yes,no_email,https://journeyhealthwellness.org,medspa,"nad+, sermorelin",4
Joy Filled Aesthetics,joyfilledaesthetics.com,,,,unreachable,,,,
JumpstartMD,jumpstartmd.com,,,yes,no_email,https://jumpstartmd.com,vendor,"semaglutide, tirzepatide, sermorelin",11
Junction City Med Spa,junctioncityspa.com,junctioncityspa@gmail.com,junctioncityspa@gmail.com; yang84he@icloud.com,yes,no_peptides,https://junctioncityspa.com,vendor,,0
Just Results Weight Loss Center,justresultsusa.com,,,yes,no_email,https://justresultsusa.com,vendor,,0
Juvan MD,juvanmd.com,,,,unreachable,,,,
Kaado MD Aesthetics &amp; Anti-Aging Medicine,kaadomd.com,,,yes,no_email,https://kaadomd.com,medspa,GLP-1 weight loss peptides,9
Dynamic Natural Advantage Wellness,kajabi-storefronts-production.kajabi-cdn.com,,,,no_email,https://kajabi-storefronts-production.kajabi-cdn.com,vendor,,0
Big Sky IV Care and Big Sky Specialty Compounding,kalispellchamber.com,a.hewitt@kalispellchamber.com,a.hewitt@kalispellchamber.com; k.fritz@kalispellchamber.com,yes,no_peptides,https://kalispellchamber.com,vendor,,0
Kansas Regenerative Med,kansasrmc.com,,,,no_email,,vendor,,0
Kinsley Aesthetics,kansasskinclinic.com,jonpinhorn.typedesign@gmail.com,jonpinhorn.typedesign@gmail.com,yes,no_peptides,https://kansasskinclinic.com/contact,medspa,,0
Kapital Aesthetics &amp; Wellness,kapitalaestheticsandwellness.com,,,,unreachable,,,,
Greensburg Aesthetics,kcmh.net,,,yes,no_email,https://kcmh.net,medspa,,0
Kentucky Bariatric Institute,kentuckybariatricinstitute.com,,,yes,no_email,https://kentuckybariatricinstitute.com,medspa,GLP-1 weight loss peptides,3
Key West Wellness Center,keywestwellnesscenter.com,,,yes,no_email,https://keywestwellnesscenter.com,medspa,semaglutide,2
IV Therapy,kingsdaughtershealth.com,,,yes,no_email,https://kingsdaughtershealth.com/contact,medspa,,1
Klinic,klinicmedicalweightlossnewcastle.com,,,,unreachable,,,,
KnownWell (Duluth),knownwell.co,,,yes,no_email,https://knownwell.co,vendor,"semaglutide, tirzepatide, liraglutide",10
Knox Wellness Experience,knoxwellnessexperience.com,,,yes,no_email,https://knoxwellnessexperience.com,medspa,glutathione,4
Koch &amp; Carlisle Plastic Surgery &amp; Spa,kochandcarlisle.com,,,yes,no_email,https://kochandcarlisle.com,medspa,"semaglutide, tirzepatide",9
Mobile Services,kona.thedripbar.com,,,,no_email,,vendor,,0
KryoVitality,kryovitalityiowa.com,,,yes,no_email,https://kryovitalityiowa.com,medspa,,0
K Space Wellness Ketamine Infusions NJ,kspacewellness.com,kspacewellness@gmail.com,kspacewellness@gmail.com,yes,no_peptides,https://kspacewellness.com,medspa,,0
Kurr Aesthetics and Med Spa,kurrmedspa.com,,,yes,no_email,https://kurrmedspa.com,medspa,,0
La Bella MD,labellamd.com,,,yes,no_email,https://labellamd.com,medspa,"semaglutide, tirzepatide",6
Lake Charles NAD+ Center,lake-charles.nad-iv-therapy.com,,,,unreachable,,,,
The Laser Lounge,laserloungedallas.com,,,,unreachable,,,,
"Mobile Iv Therapy, Signs of Dehydration, Las Vegas, NV",lasvegasmobileivtherapy.com,,,,unreachable,,,,
Lawrence Med Spa,lawrenceplasticsurgery.com,lps@lawrenceplasticsurgery.com,lps@lawrenceplasticsurgery.com,yes,no_peptides,https://lawrenceplasticsurgery.com,medspa,,0
IV Therapy,le-cdn.hibuwebsites.com,,,,unreachable,,,,
Legacy Lyfe,legacylyfe.health,,,yes,no_email,https://legacylyfe.health,medspa,,4
Advanced Skin &amp; Vein Care Centers,lexingtonveincenter.com,,,yes,no_email,https://lexingtonveincenter.com,medspa,,0
Lexington Reflexology,lexingtonvirginia.com,info@lexingtonvirginia.com,info@lexingtonvirginia.com,yes,no_peptides,https://lexingtonvirginia.com,vendor,,0
LMC Urgent Care,lexmed.com,,,yes,no_email,https://lexmed.com,medspa,,0
Bio Beautiful Inside &amp; Out Inc,liberationprograms.org,info@liberationprograms.org,admissions@liberationprograms.org; info@liberationprograms.org; marlene.bent@liberationprograms.org; maggie.young@liberationprograms.org; allison.kernan@liberationprograms.org; heidi.mangines@liberationprograms.org,yes,no_peptides,https://liberationprograms.org,vendor,,0
LifeBoost MD Hormone &amp; Med Spa,lifeboostmd.com,,,yes,no_email,https://lifeboostmd.com/contact-us,medspa,"semaglutide, tirzepatide",6
Biote Provider,lifestylehealthwellness.com,,,,unreachable,,,,
Lifestyle Medicine New Haven,lifestylemedicinenewhaven.com,info@lifestylemedicinenewhaven.com,info@lifestylemedicinenewhaven.com,yes,no_peptides,https://lifestylemedicinenewhaven.com,medspa,,0
Lifetime Wellness Center NW,lifetimewellnesscenternw.com,,,,no_email,,vendor,,0
Lightwave Wellness Myrtle Beach,lightwave-wellness.com,,,,no_email,https://lightwave-wellness.com,vendor,,0
Lilivy Aesthetics &amp; Wellness,lilivyhealth.com,,,yes,no_email,https://lilivyhealth.com,medspa,GLP-1 weight loss peptides,6
Lime and Lotus,limeandlotus.com,limeandlotus@gmail.com,limeandlotus@gmail.com,yes,no_peptides,https://limeandlotus.com,medspa,,0
Liquid Mobile IV: Phoenix Metro Clinic &amp; Mobile (We Come to You),liquidmobileiv.com,,,yes,no_email,https://liquidmobileiv.com,medspa,"bpc-157, tb-500, thymosin beta-4, nad+, sermorelin, ghk-cu",11
LIVation,livationct.com,livation2019@gmail.com,livation2019@gmail.com,yes,already known,https://livationct.com,medspa,"semaglutide, tirzepatide, nad+, glutathione",15
Livea,livea.com,,,yes,no_email,https://livea.com,medspa,"semaglutide, tirzepatide, bpc-157, nad+, ipamorelin, sermorelin",24
Live Healthy Hydrate,livehealthyhydrate.com,,,yes,no_email,https://livehealthyhydrate.com,medspa,"semaglutide, tirzepatide, nad+, sermorelin, glutathione",6
Live Young Wellness Spa,liveyoungspa-1f45b.kxcdn.com,,,yes,no_email,https://liveyoungspa-1f45b.kxcdn.com,medspa,,2
L&#x27;Iv hydration,livhydration.me,,,,unreachable,,,,
Living Health Wellness,living-health-wellness.com,,,,unreachable,,,,
Living Well,livingwellaesthetics.com,,,yes,no_email,https://livingwellaesthetics.com,medspa,,3
"Prana IV Hydration and Wellness Clinic in Fortville, 106 S ...",localmintweb.blob.core.windows.net,,,,unreachable,,,,
Low T Center,lowtcenter.com,,,yes,no_email,https://lowtcenter.com,medspa,"semaglutide, tirzepatide, nad+, sermorelin, pt-141",15
Low T Center,lowtcentercarmelin.com,,,,unreachable,,,,
Luminous You,luminous-you.com,valery@luminous-you.com,valery@luminous-you.com,yes,no_peptides,https://luminous-you.com,medspa,,0
Lush Medical Aesthetics + Wellness,lush-medical-aesthetics.square.site,,,,no_email,,vendor,,0
Lushful Aesthetics,lushfulaesthetics.com,hello@lushfulaesthetics.com,hello@lushfulaesthetics.com,yes,no_peptides,https://lushfulaesthetics.com,medspa,,0
"IV Drip Therapy Near League City, TX",luxewellnessmedspa.com,,,,unreachable,,,,
LUX ~ A Medical Spa,luxhhi.com,info@luxhhi.com,info@luxhhi.com,yes,no_peptides,https://luxhhi.com,medspa,,0
LUX Infusion,luxinfusion.com,,,yes,no_email,https://luxinfusion.com,medspa,,0
Louisiana Women&#39;s Healthcare,lwha.com,info@lwha.com,info@lwha.com,yes,no_peptides,https://lwha.com,medspa,,0
The Maas Clinic,maasclinic.com,,,,no_email,https://maasclinic.com,medspa,GLP-1 weight loss peptides,3
Modern Aesthetic Centers,macflorida.com,,,yes,no_email,https://macflorida.com,medspa,,0
Mag Medical &amp; MediSpa,magmedicalmedispa.com,mag_medicalmedispa@yahoo.com,mag_medicalmedispa@yahoo.com,yes,no_peptides,https://magmedicalmedispa.com,medspa,,0
Magnifique Medical Spa,magnifiquemedicalspa.com,mmsmedspa@gmail.com,mmsmedspa@gmail.com,yes,already known,https://magnifiquemedicalspa.com,medspa,GLP-1 weight loss peptides,3
Magnolia Medical Aesthetics,magnoliamedicalaesthetics.com,,,,no_email,,vendor,,0
Integrative Health Center of Maine,maineintegrative.com,info@maineintegrative.com,info@maineintegrative.com,,no_peptides,https://maineintegrative.com,vendor,,0
MalCole Drip and Beauty Bar,malcoledripandbeautybar.com,,,,no_email,https://malcoledripandbeautybar.com,vendor,,0
Malik Medical Aesthetics,malikmedicalaesthetics.com,,,yes,no_email,https://malikmedicalaesthetics.com,medspa,GLP-1 weight loss peptides,4
Manhattan Medical Weight Loss PC,manhattanmedicalwellness.com,,,,no_email,https://manhattanmedicalwellness.com,vendor,,0
Mariposa Aesthetics &amp; Laser Center,mariposaokc.com,,,,no_email,https://mariposaokc.com,medspa,,0
Maryland Endocrine,marylandendocrine.com,,,yes,no_email,https://marylandendocrine.com,medspa,,1
Body Fix,massagebook.com,,,,no_email,https://massagebook.com,medspa,,0
MaVie MedSpa,maviemedspa.com,,,yes,no_email,https://maviemedspa.com,medspa,semaglutide,2
Maximum Sustained Performance,maximumsustainedperformancemiddletown.com,,,,unreachable,,,,
C3 Wellness Spa,mckinneysb.c3wellness.com,,,yes,no_email,https://mckinneysb.c3wellness.com,medspa,GLP-1 weight loss peptides,2
MD Hyperbaric,mdhyperbaric.com,contact@mdhyperbaric.com,contact@mdhyperbaric.com,,no_peptides,https://mdhyperbaric.com,medspa,,0
Infinity Med-I-Spa,med-i-spa.com,,,yes,no_email,https://med-i-spa.com,medspa,semaglutide,10
Primary Care Clinic (MedBridge),medbridge.group,,,,no_email,,vendor,,0
Hudson Medical,medical.hudson.health,,,yes,no_email,https://medical.hudson.health,medspa,,1
Medical Spa NP,medicalspanp.com,,,yes,no_email,https://medicalspanp.com,medspa,GLP-1 weight loss peptides,4
Medical Spa of Baton Rouge,medicalspaofbatonrougela.hibuwebsites.com,,,,unreachable,,,,
Medical Wellness Solutions,medicalwellnesssolutions.com,,,yes,no_email,https://medicalwellnesssolutions.com,medspa,"semaglutide, tirzepatide",13
Melt Medspa,meltcheyenne.com,,,,no_email,,vendor,,0
The Menopause Clinic,menopauselouisiana.com,info@menopauselouisiana.com,info@menopauselouisiana.com,yes,no_peptides,https://menopauselouisiana.com,medspa,,0
Men&#39;s Vitality MD,mensvitalitymd.com,,,,no_email,https://mensvitalitymd.com,vendor,,0
Meraki Medical Aesthetics,merakimedaesthetics.com,info@merakimedaesthetics.com,info@merakimedaesthetics.com,yes,no_peptides,https://merakimedaesthetics.com,medspa,,0
Meriden Medspa,meridenmedspa.com,,,,unreachable,,,,
IVDefinition &amp; Meaning -Merriam-Webster,merriam-webster.com› dictionary ›iv,,,,unreachable,,,,
Metabolic Wellness Institute,metabolicwellnessinstitute.com,,,yes,no_email,https://metabolicwellnessinstitute.com,medspa,,1
Michigan Advanced Aesthetics,michiganadvancedaesthetics.com,laura@michiganadvancedaesthetics.com,laura@michiganadvancedaesthetics.com,yes,no_peptides,https://michiganadvancedaesthetics.com,medspa,,0
Midway Primary Care,midwaycare.org,,,yes,no_email,https://midwaycare.org,medspa,,0
milk + honey,milkandhoneyspa.com,reservations@milkandhoneyspa.com,reservations@milkandhoneyspa.com,yes,no_peptides,https://milkandhoneyspa.com,medspa,,0
Mille Aesthetics,milleaesthetics.com,,,,no_email,https://milleaesthetics.com,medspa,,0
"IV Hydration Treatment in Phoenix, Gilbert AZ &amp; Burnsville MN",mindbodycenters.com,hello@mindbodycenters.com,hello@mindbodycenters.com,yes,no_peptides,https://mindbodycenters.com,vendor,,0
Mint,mintquadcities.com,,,yes,no_email,https://mintquadcities.com,medspa,"semaglutide, tirzepatide, retatrutide",10
New infusion therapy clinic in Portage specializes in treating ...,mlive.com,,,,unreachable,,,,
Scottsdale Mobile IV,mobilescottsdaleiv.com,,,,no_email,https://mobilescottsdaleiv.com,vendor,,0
IV Nutrition Therapy,modelwellness.com,,,,no_email,,vendor,,0
Monroe IV Drip Bar,monroeivdrip.com,,,,no_email,,vendor,,0
Montclair Rejuvenation Center,montclairrejuvenationcenter.com,,,yes,no_email,https://montclairrejuvenationcenter.com,medspa,,0
Home,mooresville.flowinfusions.com,,,,no_email,,vendor,,0
Low T Center,moovitapp.com,,,,no_email,,vendor,,0
More Allure Beauty Clinic,moreallure.com,,,yes,no_email,https://moreallure.com,medspa,,1
Morpheus IV Hydration &amp; Ketamine Infusion Clinic,morpheusiv.com,,,yes,no_email,https://morpheusiv.com,medspa,nad+,1
CommonSpirit Endocrinology Colorado Springs,mountain.commonspirit.org,,,yes,no_email,https://mountain.commonspirit.org,medspa,GLP-1 weight loss peptides,2
Mississippi Infusion Services,msinfusion.com,,,yes,no_email,https://msinfusion.com,medspa,glutathione,1
Mt. West Family Health Center,mtwesthealthcenter.com,,,yes,no_email,https://mtwesthealthcenter.com,medspa,GLP-1 weight loss peptides,3
MultiCare Rockwood Clinic Endocrinology &amp; Diabetes Education,multicare.org,,,,unreachable,,,,
MUSC Health Cosmetic Dermatology,muschealth.org,,,yes,no_email,https://muschealth.org,medspa,,0
Men&#39;s Health of Mississippi,mvpmensclinic.com,,,yes,no_email,https://mvpmensclinic.com,medspa,"semaglutide, tirzepatide",8
My HealthMatrix,my.healthmatrix.com,tpatel@healthmatrix.com,tpatel@healthmatrix.com,yes,no_peptides,,vendor,,0
AVIVA WOMAN,myaestheticspro.com,,,yes,no_email,https://myaestheticspro.com,medspa,,0
Alpine Health &amp; Wellness,myalpinehealth.com,myalpinehealth@gmail.com,myalpinehealth@gmail.com,yes,already known,https://myalpinehealth.com,medspa,"semaglutide, tirzepatide, nad+, ipamorelin, sermorelin, tesamorelin",13
"APEX Hormones and Wellness, LLC",myapex.clinic,,,yes,no_email,https://myapex.clinic,medspa,GLP-1 weight loss peptides,5
Chapter Aesthetic Studio,mychapter.com,,,yes,no_email,https://mychapter.com,medspa,,0
Ethos Aesthetics + Wellness,myethosspa.com,,,yes,no_email,https://myethosspa.com,medspa,,0
myEvergreen MedSpa,myevergreenmedspa.com,,,yes,no_email,https://myevergreenmedspa.com,medspa,,1
Stockton Aesthetics,mygnp.com,,,,no_email,https://mygnp.com,medspa,,0
My Healthy Body,myhealthybodyaz.com,,,,unreachable,,,,
Healthy Lifestyle Medicine,myhealthylifestylemedicine.com,,,yes,no_email,https://myhealthylifestylemedicine.com,medspa,GLP-1 weight loss peptides,3
MYIVSPA,myivspa.com,,,,no_email,https://myivspa.com,medspa,"nad+, glutathione",4
LUMINANCE REGENERATIVE BEAUTY &amp; WELLNESS,myluminance.com,,,yes,no_email,https://myluminance.com,medspa,GLP-1 weight loss peptides,8
Troy Regenerative Health,mymlc.com,,,yes,no_email,https://mymlc.com,medspa,,0
Mynx Aesthetik,mynxaesthetik.com,,,yes,no_email,https://mynxaesthetik.com,medspa,,0
Broussard Family Practice,myupdox.com,,,,no_email,,vendor,,0
IV Vitamin Therapy Clinic,myvitamintherapy.com,,,,no_email,https://myvitamintherapy.com,medspa,,1
Viva Skin,myvivaskin.com,info@myvivaskin.com,myvivaskin@gmail.com; info@myvivaskin.com,yes,no_peptides,https://myvivaskin.com,medspa,,0
Nursie Cosmetics &amp; Aesthetics Wellness Center,na02.patientnow.com,,,,no_email,https://na02.patientnow.com,medspa,,0
Nabi Medical Aesthetics,nabimedicalaesthetics.com,,,,unreachable,,,,
NAD IV Therapy Georgia,nadinga.com,,,,no_email,,vendor,,0
"Na Pu&#39;uwai, Inc.",napuuwai.org,contact@napuuwai.org,contact@napuuwai.org; appointments@napuuwai.org; ifc@napuuwai.org,yes,no_peptides,https://napuuwai.org,medspa,,0
"Dr. Diana Joy Ostroff, N.D., L.Ac.",naturalhealinghawaii.com,,,,no_email,,vendor,,0
Natural Wellness,naturalwellnessbham.com,angelabrake777@gmail.com,angelabrake777@gmail.com,yes,no_peptides,https://naturalwellnessbham.com/about,vendor,,0
Neighborhood Medical Center,neighborhoodmedicalcenter.com,,,yes,no_email,https://neighborhoodmedicalcenter.com,medspa,GLP-1 weight loss peptides,6
Neosho Valley Med Spa,neoshomemorial.com,,,yes,no_email,https://neoshomemorial.com,medspa,,0
Neroli Med Spa &amp; Beauty Lounge,neroli-spa.com,,,,no_email,,vendor,,0
New England Medical Group,newenglandmedgroup.com,,,,unreachable,,,,
New England Nutrition,newenglandnutrition.com,impallari@gmail.com,impallari@gmail.com,yes,no_peptides,https://newenglandnutrition.com,medspa,,0
New Image Georgia,newimagedentalgroup.com,,,,unreachable,,,,
Healthy Aging Medical Centers,newjerseyantiaging.com,,,,no_email,https://newjerseyantiaging.com,medspa,,0
The DRIPBaR Newport,newport-goddard-row.thedripbar.com,,,,no_email,,vendor,,0
Prime IV,newportonthelevee.com,admin@newportonthelevee.com,admin@newportonthelevee.com; cassie.brown@newportonthelevee.com,yes,no_peptides,https://newportonthelevee.com,vendor,,0
New You Medical Spa,newyou305.com,,,yes,no_email,https://newyou305.com,medspa,,0
Nexa Med Spa,nexamedspa.com,,,yes,no_email,https://nexamedspa.com,medspa,"semaglutide, tirzepatide",5
NexGen Orthopedic Health and Wellness,nexgenortho.com,,,yes,no_email,https://nexgenortho.com,medspa,,0
Nexi Medical Clinic,neximedical.com,,,,no_email,https://neximedical.com,medspa,,0
NH Integrated Health Care,nhintegratedhealthcare.com,,,,no_email,,vendor,,0
Niceville TRT &amp; Wellness,nicevilletrt.com,,,,unreachable,,,,
New Jersey Health &amp; Wellness,njhwllc.com,,,yes,no_email,https://njhwllc.com,medspa,GLP-1 weight loss peptides,4
Nemaha County Wellness Center,nmcoks.us,administrator@nmcoks.us,administrator@nmcoks.us; ncdirector.sspt@gmail.com,yes,no_peptides,https://nmcoks.us,vendor,,0
Chanute TRT &amp; Vitality,nmrmc.com,anna_methvin@nmrmc.com,anna_methvin@nmrmc.com,yes,no_peptides,https://nmrmc.com,medspa,,0
NM Spirit of Wellness,nmspiritofwellness.com,,,,no_email,,vendor,,0
IV Therapy,noblesvillemedspa.com,,,yes,no_email,https://noblesvillemedspa.com,medspa,nad+,7
Nola Colonics,nolacolonics.com,,,,no_email,https://nolacolonics.com,vendor,,0
Klinic,nor-lea.org,,,yes,no_email,https://nor-lea.org,medspa,,0
Northeast Georgia Urological Associates,northeastgaurology.com,,,yes,no_email,https://northeastgaurology.com,vendor,,0
North Portland Wellness Center,northportlandwellness.com,,,,unreachable,,,,
NouVo Med,nouvomed.com,,,,unreachable,,,,
Novafit Health LLP,novafithealthllp.com,,,,unreachable,,,,
Novella Infusion South Burlington,novellainfusion.com,hello@novellainfusion.com,hello@novellainfusion.com,yes,no_peptides,https://novellainfusion.com,medspa,,0
IV Infusion and Immunity Boost Shot,noviskinandbodycenter.myaestheticrecord.com,,,,no_email,https://noviskinandbodycenter.myaestheticrecord.com,vendor,,0
"Texas Family Wellness Clinic, INC",npidb.org,,,,unreachable,,,,
"Mk Infusion Pharmacy Llc in Muscle Shoals, Alabama",npino.com,,,yes,no_email,https://npino.com,medspa,,0
RGV MEDICAL WELLNESS AND IV INFUSION CLINIC,npiprofile.com,,,,unreachable,,,,
NRI Integrative Health &amp; Aesthetics,nriclinic4health.com,,,,no_email,https://nriclinic4health.com,vendor,,0
Nubo Spa,nubospa.com,,,yes,no_email,https://nubospa.com,medspa,,0
NuLife Institute,nulifeinstitute.com,,,yes,no_email,https://nulifeinstitute.com,medspa,GLP-1 weight loss peptides,6
Nurse Georgie Nutrition &amp; Health,nursegeorgiehealth.com,,,yes,no_email,https://nursegeorgiehealth.com,medspa,"nad+, glutathione",5
Nurtiva Pelvic Therapy &amp; BHRT,nurtivapelvictherapy.com,,,yes,no_email,https://nurtivapelvictherapy.com,vendor,,0
NutriHealth Weight Loss,nutrihealthmd.com,,,,no_email,,vendor,,0
Natural Health Weight-Loss Centers,nutrimostfortwayne.com,,,,unreachable,,,,
Nuvance Health Medical Practice,nuvancehealth.org,,,,unreachable,,,,
"Northwest Clinical Nutrition Center, Inc",nw-nourishment.com,,,yes,no_email,https://nw-nourishment.com,medspa,,0
"O3 Plus, LLC",o3plustx.com,,,yes,no_email,https://o3plustx.com,medspa,,1
Oasis Medical Clinic and Spa,oasisclinicandspa.com,,,yes,no_email,https://oasisclinicandspa.com,medspa,"semaglutide, tirzepatide, bpc-157, nad+, ipamorelin, cjc-1295",18
Oasis Medspa &amp; IV Bar,oasismedspaofidaho.com,,,,no_email,,vendor,,0
Oasis Mobile Hydration,oasismobilehydration.com,,,,no_email,https://oasismobilehydration.com,vendor,,0
Oasis Women&#39;s Wellness Center,oasiswomens.com,info@oasiswomens.com,info@oasiswomens.com,yes,no_peptides,https://oasiswomens.com,medspa,,0
Aqua Med Spa,ocalaplasticsurgery.com,,,yes,no_email,https://ocalaplasticsurgery.com,medspa,,0
"Oceanside Medical Primary Care, LLC",oceansidemedicalprimarycarellc.com,,,,unreachable,,,,
Oconee Weight and Wellness,oconeeweightandwellness.org,,,,no_email,https://oconeeweightandwellness.org,vendor,,1
O&#39;Donnell Vein &amp; Laser,odonnellveinandlaser.com,excellence@odonnellveinandlaser.com,excellence@odonnellveinandlaser.com,yes,no_peptides,https://odonnellveinandlaser.com,medspa,,0
O&#x27;Fallon NAD+ Center,ofallon.nad-iv-therapy.com,,,,unreachable,,,,
Ohana MedSpas,ohanamedspas.com,,,yes,no_email,https://ohanamedspas.com,medspa,"semaglutide, tirzepatide, glutathione",13
Ohio Cryo,ohiocryo.com,contact@ohiocryo.com,contact@ohiocryo.com,yes,no_peptides,https://ohiocryo.com,medspa,,0
Olsen M.D. Functional &amp; Longevity Medicine,olsenmdclinic.com,,,yes,no_email,https://olsenmdclinic.com,medspa,,2
Optimal Medical Group,omgwellnessmd.com,,,yes,no_email,https://omgwellnessmd.com,medspa,nad+,8
AgeRejuvenation,onecdn.io,,,,no_email,https://onecdn.io,vendor,,0
Opal Aesthetics,opalcharleston.com,hello@opalcharleston.com,hello@opalcharleston.com,yes,no_peptides,https://opalcharleston.com,medspa,,0
Optimal Healing Center Medspa,optheal.org,admin@optheal.org,admin@optheal.org; optimalhealingct@gmail.com; nadmin@optheal.org,,no_peptides,https://optheal.org,vendor,,0
Optimal Bio,optimalbio.com,,,,no_email,,vendor,,0
Optimize U,optimizeucenters.com,,,,no_email,https://optimizeucenters.com,medspa,"semaglutide, tirzepatide, liraglutide, sermorelin, tesamorelin, pt-141",18
Optimize U,optimizeulouisville.com,,,yes,no_email,https://optimizeulouisville.com,medspa,GLP-1 weight loss peptides,4
Optimum Human,optimumhuman.com,,,yes,no_email,https://optimumhuman.com,vendor,semaglutide,9
Option Care Health,optioncarehealth.com,,,yes,no_email,https://optioncarehealth.com,medspa,,0
Options Medical Weight Loss &amp; Wellness,optionsmedicalweightlosswellnesscarmelin.com,,,,unreachable,,,,
OptiSkyn,optiskyn.com,yvonne@optiskyn.com,yvonne@optiskyn.com,,no_peptides,https://optiskyn.com,vendor,,0
Organic Skin Studio,organicskinstudio.com,frontdesk@organicskinstudio.com,frontdesk@organicskinstudio.com; oskinwellness@gmail.com,yes,no_peptides,https://organicskinstudio.com,medspa,,0
Orlando Anti-Aging Clinic (serves Poinciana),orlandoantiagingclinic.com,,,yes,no_email,https://orlandoantiagingclinic.com,medspa,GLP-1 weight loss peptides,5
Infusion Center,ottumwaregionalhealth.com,,,yes,no_email,https://ottumwaregionalhealth.com,medspa,,0
"PRANA IV Hydration &amp; Wellness Clinic in Fortville, IN: Boost Your",p19-lemon8-sign-useast5.tiktokcdn-us.com,,,,unreachable,,,,
Padgett Medical Center,padgettmedicalocala.com,padgettmedicalocala@live.com,padgettmedicalocala@live.com,yes,already known,https://padgettmedicalocala.com,medspa,"semaglutide, tirzepatide, nad+, aod-9604",14
Palmetto Bay Medspa,palmettobaymedspa.com,,,yes,no_email,https://palmettobaymedspa.com,medspa,,0
"Monica Lominchar, MD",palmettoweightmanagement.com,,,yes,no_email,https://palmettoweightmanagement.com,medspa,"ipamorelin, cjc-1295, aod-9604",9
Palouse Mobile IV,palousemobileiv.com,manager@palousemobileiv.com,manager@palousemobileiv.com,,no_us_signal,https://palousemobileiv.com,medspa,"nad+, glutathione",3
Blush Aesthetics,pamelacoole.glossgenius.com,,,yes,no_email,https://pamelacoole.glossgenius.com,medspa,,0
Paragon Medi Spa,paragonmedispa.com,,,,unreachable,,,,
Paragon Huntsville Infusion Center,paragonwebcontent.s3.amazonaws.com,,,,unreachable,,,,
PR Medspa,parkrebowe.com,,,yes,no_email,https://parkrebowe.com,medspa,"semaglutide, tirzepatide",4
"IV Vitamin Therapy in Prescott, AZ",patecompletehealthcare.com,,,,no_email,,vendor,,0
Peak Health and Wellness,peakhealthandwellness.co,info@peakhealthandwellness.co,orders@peakhealthandwellness.co; info@peakhealthandwellness.co,yes,no_peptides,https://peakhealthandwellness.co,vendor,,0
Peak Healthspan,peakhealthspan.com,,,,no_email,https://peakhealthspan.com,vendor,,0
Performance Medicine West Knoxville,performancemedicine.net,,,,no_email,https://performancemedicine.net,vendor,,0
The Phoenix Clinique,phoenixclinique.com,,,yes,no_email,https://phoenixclinique.com,medspa,GLP-1 weight loss peptides,5
Physician&#39;s Plan,physiciansplan.com,,,,no_email,https://physiciansplan.com,medspa,"semaglutide, tirzepatide, kpv",14
Pinnacle TRT Men&#39;s Health,pinnaclepsychbh.com,pinnaclepsychiatry.bh@gmail.com,pinnaclepsychiatry.bh@gmail.com,yes,no_peptides,https://pinnaclepsychbh.com,medspa,,0
Pivot Weight Loss Center,pivotweightloss.com,,,,no_email,,vendor,,0
Planned Parenthood,plannedparenthood.org,,,yes,no_email,https://plannedparenthood.org,medspa,,0
Princeton Medical &amp; Aesthetics Center,pmacmd.com,,,,no_email,https://pmacmd.com,vendor,,0
The Pohala Clinic,pohalaclinic.com,,,,no_email,https://pohalaclinic.com,vendor,,0
Garden City Med Spa,portraitcare.com,,,,no_email,https://portraitcare.com,medspa,GLP-1 weight loss peptides,4
The DRIPBaR Portsmouth,portsmouth.thedripbar.com,,,,no_email,,vendor,,0
POSH BODY VITAMIN DRIP SPA,poshbvitamindrip.com,,,,unreachable,,,,
Posh Med Spa of Old Town Alexandria,poshmedspaandwellness.com,,,yes,no_email,https://poshmedspaandwellness.com,medspa,,1
FNDATN Functional Medicine &amp; Aesthetics,power2patient.net,,,,no_email,,vendor,,0
Prairie Naturopathic Doctors,prairiend.com,,,yes,no_email,https://prairiend.com,medspa,,0
DACS Medical Wellness &amp; Aesthetics,premiercarecentre.com,,,,no_email,https://premiercarecentre.com,medspa,GLP-1 weight loss peptides,3
Premier Physicians Weight Loss &amp; Wellness,premierweightloss.com,,,yes,no_email,https://premierweightloss.com,medspa,"semaglutide, tirzepatide",10
Pretty Little Lies Aesthetics,prettylittleliesaesthetics.com,,,yes,no_email,https://prettylittleliesaesthetics.com,medspa,GLP-1 weight loss peptides,4
Medical Spa of Vidalia,prevention.md,,,yes,no_email,https://prevention.md,medspa,,0
Prime MediSpa,primemedispa.square.site,,,,no_email,https://primemedispa.square.site,vendor,,0
Princeton Aesthetics,princetonaesthetics.com,contact@princetonaesthetics.com,contact@princetonaesthetics.com,yes,no_peptides,https://princetonaesthetics.com,medspa,,0
Prisma Health Richland Hospital,prismahealth.org,patientadvocacy@prismahealth.org,patientadvocacy@prismahealth.org,yes,no_peptides,https://prismahealth.org,medspa,,0
ProMD Health,promdhealthrockville.com,,,,unreachable,,,,
Promethium Medical,promethiummedical.com,,,,unreachable,,,,
Rockland Medical Weight Loss,promos.rocklandcountyweightloss.com,,,,no_email,,vendor,,0
PromptCare,promptcare.com,orders@promptcare.com,orders@promptcare.com,yes,no_peptides,https://promptcare.com,medspa,,0
Providence Aesthetics &amp; Medical Spa,providencemedispa.com,,,,no_email,,vendor,,0
The Beverly Hills Drip,pub-bb2e103a32db4e198524a2e9ed8f35b4.r2.dev,,,,unreachable,,,,
Pulse IV Therapy,pulseivtherapy.com,,,,no_email,,vendor,,0
PURE Aesthetics,pureaestheticslc.com,pureaestheticsbytamara@gmail.com,pureaestheticsbytamara@gmail.com,yes,no_peptides,https://pureaestheticslc.com,medspa,,0
PURE Executive Health &amp; Wellness,purehealthmiami.com,,,yes,no_email,https://purehealthmiami.com,medspa,"bpc-157, thymosin beta-4, thymosin alpha-1, ipamorelin, cjc-1295",15
Pure Infusion Suites of Great Falls,pureinfusionsuites.com,maddiejohnson@gmail.com,maddiejohnson@gmail.com,,no_us_signal,https://pureinfusionsuites.com,vendor,kpv,2
"Pure Medical Aesthetics, LLC",puremedaestheticsrc.com,,,yes,no_email,https://puremedaestheticsrc.com,medspa,,0
"Pure On Main, Pure Health &amp; Wellness",pureonmain.com,pureonmain@gmail.com,pureonmain@gmail.com,yes,no_peptides,https://pureonmain.com,medspa,,0
Pure Sweat + Float Studio,puresweatstudios.com,,,,no_email,https://puresweatstudios.com,vendor,,0
QHW MedSpa (Quintessence Health and Wellness),qhwmedspa.com,quintessencehw@gmail.com,quintessencehw@gmail.com,,no_peptides,https://qhwmedspa.com,medspa,,0
IV Wellness MedSpa Offers a Wide Range of Aesthetic Medspa Services in,queensprimemeatshop.com,queens_meat@yahoo.com,queens_meat@yahoo.com,yes,no_peptides,https://queensprimemeatshop.com,vendor,,0
Radiance Skin Therapy &amp; Laser Center,radianceskintherapy.com,,,yes,no_email,https://radianceskintherapy.com,medspa,,1
Radiant Health,radianthealthmed.com,,,yes,no_email,https://radianthealthmed.com,medspa,"bpc-157, nad+, ipamorelin, tesamorelin, mots-c, selank",17
Olathe Med Spa &amp; Laser,radiantmedspaks.com,,,,unreachable,,,,
Radiant Reflections Weight Loss Clinic and MedSpa,radiantreflectionsms.com,,,yes,no_email,https://radiantreflectionsms.com,medspa,GLP-1 weight loss peptides,8
Haus of Wellness IV Therapy in Metro Detroit,rawdetroit.org,,,,no_email,,vendor,,0
Rawlins County Health &amp; Vitality,rchc.us,info@rchc.us,info@rchc.us,yes,no_peptides,https://rchc.us,medspa,,0
Health Concepts,rchealthconcepts.com,,,yes,no_email,https://rchealthconcepts.com,medspa,,1
IV Drip Therapy,rebalancenyc.com,,,,no_email,,vendor,,0
Recrea Health &amp; Wellness,recreahealthwellness.com,,,,unreachable,,,,
Redefined Health Clinic,redefinedhealthclinic.com,,,yes,no_email,https://redefinedhealthclinic.com,medspa,GLP-1 weight loss peptides,4
ReDefined Hawaii,redefinedhi.practicebetter.io,,,,no_email,,vendor,,0
Enlighten Red Light Therapy Center,redlighttherapycenter.com,enlighten@redlighttherapycenter.com,enlighten@redlighttherapycenter.com,yes,no_peptides,https://redlighttherapycenter.com,vendor,,0
Medical Spa of Cartersville,reflections.spa,,,yes,no_email,https://reflections.spa,medspa,,3
Reform ABQ,reformabq.com,office@reformabq.com,office@reformabq.com,,no_peptides,https://reformabq.com,medspa,,0
Refresh Med Spa,refreshmedspafl.com,info@refreshmedspafl.com,info@refreshmedspafl.com,yes,no_peptides,https://refreshmedspafl.com,medspa,,0
Refresh Aesthetics,refreshut.com,,,yes,no_email,https://refreshut.com,medspa,"nad+, sermorelin, pt-141, ghk-cu",11
Refresh Your Spirit Aesthetics,refreshyourspiritaesthetics.com,,,,unreachable,,,,
RegenCen Hobe Sound,regencen.com,,,yes,no_email,https://regencen.com,medspa,"semaglutide, tirzepatide, nad+",13
Restore Hyper Wellness,regener8yourself.com,office@regener8yourself.com,regener8yourself@gmail.com; office@regener8yourself.com,yes,no_peptides,https://regener8yourself.com,vendor,,0
Rehydrate Wellness Bar,rehydratewellnessbar.com,,,,unreachable,,,,
Rejuvalase,rejuvalase.com,,,yes,no_email,https://rejuvalase.com,medspa,GLP-1 weight loss peptides,3
"Rejuvenate Me, LLC",rejuvenatemelv.com,marilyn@rejuvenatemelv.com,marilyn@rejuvenatemelv.com,yes,no_peptides,https://rejuvenatemelv.com,medspa,,0
Rejuvenate,rejuvenateva.massagetherapy.com,,,yes,no_email,https://rejuvenateva.massagetherapy.com,vendor,,0
Rejuvenation Space,rejuvenation-space.com,,,yes,no_email,https://rejuvenation-space.com,vendor,,0
Rejuvenation Station,rejuvenationstationbiloxi.com,,,yes,no_email,https://rejuvenationstationbiloxi.com,vendor,,0
Rejuvia Wellness and Medical Spa,rejuviawellness.com,,,yes,no_email,https://rejuviawellness.com,medspa,nad+,5
Rejuvime Medical,rejuvimemedical.com,,,yes,no_email,https://rejuvimemedical.com,medspa,"semaglutide, tirzepatide, sermorelin",10
Rejuv Medical,rejuvmedicalky.com,,,,no_email,,vendor,,0
Remedy Med Spa,remedy-nh.com,,,yes,no_email,https://remedy-nh.com,medspa,"bpc-157, mots-c, selank, semax, ghk-cu, glutathione",11
RemedyNow Aesthetics,remedynowaesthetics.com,,,yes,no_email,https://remedynowaesthetics.com,medspa,GLP-1 weight loss peptides,4
Remedy Aesthetics and Wellness,remedytupelo.com,info@remedytupelo.com,info@remedytupelo.com,yes,no_peptides,https://remedytupelo.com,medspa,,0
Renewed Wellness,renewedwellnesscg.com,,,yes,no_email,https://renewedwellnesscg.com,medspa,"semaglutide, tirzepatide",6
RENEW Med Spa,renewmedspaplus.com,renewmedspaplus@gmail.com,renewmedspaplus@gmail.com,,no_us_signal,https://renewmedspaplus.com,medspa,"semaglutide, tirzepatide",10
Renew Vitality Testosterone Clinic,renewvitality.com,,,,unreachable,,,,
Reno Premier Medicine,renopremiermedicine.com,,,,no_email,https://renopremiermedicine.com,vendor,"nad+, dsip, kpv",5
Renual Medspa,renualmedspa.com,,,yes,no_email,https://renualmedspa.com,medspa,"bpc-157, nad+, ipamorelin, mots-c, ghk-cu, glutathione",11
Reset IV Clinic,resetivwellness.com,,,,no_email,https://resetivwellness.com,vendor,,0
Restorative Health Solutions,restorativehealth-solutions.com,,,,no_email,,vendor,,0
Restore Hyper Wellness,restore.com,,,yes,no_email,https://restore.com,medspa,"semaglutide, tirzepatide, nad+, glutathione",7
Restore Health And Wellness,restorehealthwellness.com,,,yes,no_email,https://restorehealthwellness.com,medspa,,0
The Retreat Aesthetic &amp; Vitality Center,retreattristate.com,info@retreattristate.com,info@retreattristate.com,yes,no_peptides,https://retreattristate.com,medspa,,0
Doctors Diet America,reviews.birdeye.com,,,yes,no_email,https://reviews.birdeye.com,medspa,,0
Revitadripnola,revitadripnola.as.me,,,,no_email,https://revitadripnola.as.me,vendor,,0
RevitaLife MD,revitalifemd.com,,,yes,no_email,https://revitalifemd.com,medspa,GLP-1 weight loss peptides,5
Revitalize Hydration and Weight Loss,revitalizehwl.myaestheticrecord.com,,,,no_email,https://revitalizehwl.myaestheticrecord.com,vendor,,0
Wellness,revitalizeuspa.com,info@revitalizeuspa.com,info@revitalizeuspa.com,yes,no_peptides,https://revitalizeuspa.com,medspa,,0
Revital Retreat,revitalretreat.com,,,yes,no_email,https://revitalretreat.com,medspa,"nad+, glutathione",4
Revival Infusion + Wellness,revival-infusion.com,,,,unreachable,,,,
Revival Harmonic Health,revivalpdx.com,info@revivalpdx.com,info@revivalpdx.com,yes,no_peptides,https://revivalpdx.com,vendor,,0
Revive By Aviva,revivebyaviva.com,,,,unreachable,,,,
Revive Aesthetics Medical Spa,revivemedspaokc.com,,,,unreachable,,,,
Revive Wellness and Beauty,revivepowell.com,,,yes,no_email,https://revivepowell.com,medspa,"semaglutide, tirzepatide, nad+",8
IV Hydration Therapy,revivewellnessandaesthetics.com,info@revivewellnessandaesthetics.com,info@revivewellnessandaesthetics.com,yes,no_peptides,https://revivewellnessandaesthetics.com,medspa,,0
"Rewind Aesthetics, Dermatology, and Trichology",rewind-medical.com,,,yes,no_email,https://rewind-medical.com,medspa,"semaglutide, tirzepatide",8
Rewind Med Spa,rewindmedicalspa.com,,,yes,no_email,https://rewindmedicalspa.com,medspa,glutathione,3
Rhaine Health &amp; Wellness,rhainehealth.com,,,,unreachable,,,,
Rheumatology Center,rheumatologyde.com,,,yes,no_email,https://rheumatologyde.com,vendor,,0
RI Aesthetics,riaesthetics.com,,,,no_email,https://riaesthetics.com,medspa,,0
Lyons Vitality &amp; TRT,ricecountyhospital.com,,,yes,no_email,https://ricecountyhospital.com,medspa,,0
Richard Levin MD TRT Clinic,richardlevinmd.com,,,yes,no_email,https://richardlevinmd.com,medspa,,0
Ridgeline Medical,ridgelinemedical.org,,,,no_email,https://ridgelinemedical.org,vendor,,0
Rhode Island Drip,ridrips.com,,,,unreachable,,,,
RISE Modern Wellness,risemodernwellness.com,,,,no_email,,vendor,,0
Ritual Med Boutique,ritualmedboutique.com,,,yes,no_email,https://ritualmedboutique.com,medspa,,3
Rivas Medical Weight Loss,rivasweightloss.com,,,yes,no_email,https://rivasweightloss.com,medspa,"semaglutide, tirzepatide",13
"Family Medical Practice Of Li, P.C.",robertpolofskydo.com,,,yes,no_email,https://robertpolofskydo.com,medspa,,0
Rojas Regenerative Institute,rojasinstitute.com,,,yes,no_email,https://rojasinstitute.com,medspa,,2
RoseHall Medical Aesthetics,rosehallmedicalaesthetics.com,,,yes,no_email,https://rosehallmedicalaesthetics.com,medspa,GLP-1 weight loss peptides,2
Klinic,roswellfamilycare.com,,,yes,no_email,https://roswellfamilycare.com,medspa,,0
Reliant Specialty Infusion,rsinfusion.com,,,,no_email,https://rsinfusion.com/contact,medspa,,0
RVA Regenerative Wellness,rvaregenwellness.com,,,yes,no_email,https://rvaregenwellness.com,medspa,"semaglutide, tirzepatide",8
Stay Dripped,s3-media0.fl.yelpcdn.com,,,,unreachable,,,,
Balance Wellness,s3.us-east-1.amazonaws.com,,,,no_email,https://s3.us-east-1.amazonaws.com,vendor,,0
IV Therapy,s40764.pcdn.co,,,,no_email,https://s40764.pcdn.co,vendor,,0
IV Infusion Therapies,s43932.pcdn.co,,,,no_email,https://s43932.pcdn.co,vendor,,0
Copper Valley Integrative Medicine and Wellness,sa1s3optim.patientpop.com,,,,unreachable,,,,
Sage Infusion Orlando,sageinfusion.com,,,,no_email,https://sageinfusion.com,medspa,,0
IV Therapy in Doral,sanavitalmedical.com,,,yes,no_email,https://sanavitalmedical.com,medspa,,0
Refined Aesthetics Med Spa,sandpointmedspa.com,info@sandpointmedspa.com,info@sandpointmedspa.com,yes,no_peptides,https://sandpointmedspa.com,medspa,,0
Sierra Academy of Style Med Spa,sascarsoncity.com,,,yes,no_email,https://sascarsoncity.com,medspa,,0
Sublette Med Spa,satantahospital.net,,,yes,no_email,https://satantahospital.net,medspa,,0
SB Medical Aesthetics,sbclinicwesterly.com,,,,no_email,,vendor,,0
Thrive Med Spa,scontent.fluk1-1.fna.fbcdn.net,,,,no_email,,vendor,,0
Scott City Med Spa,scotthospital.net,nicolet@scotthospital.net,nicolet@scotthospital.net; lesleem@scotthospital.net,yes,no_peptides,https://scotthospital.net,medspa,,0
LIVation IV Therapy CT,scribblemaps.com,support@scribblemaps.com,support@scribblemaps.com; sales@scribblemaps.com,,no_peptides,https://scribblemaps.com,medspa,,0
Sculpt Aesthetics,sculptidaho.com,deltaphoenixmedspa@gmail.com,deltaphoenixmedspa@gmail.com,yes,already known,https://sculptidaho.com,medspa,GLP-1 weight loss peptides,3
Weight Loss Center of San Diego (SD FAT LOSS),sdfatloss.com,,,yes,no_email,https://sdfatloss.com,vendor,GLP-1 weight loss peptides,5
San Diego Infusion Center,sdivcenter.com,info@sdivcenter.com,info@sdivcenter.com,yes,no_peptides,https://sdivcenter.com,medspa,,0
Seacoast Naturopathic Health Improvement Center (Seacoast NHIC),seacoastnhic.com,info@seacoastnhic.com,info@seacoastnhic.com,yes,no_peptides,https://seacoastnhic.com,vendor,,0
Seahurst Integrative Medical and Wellness Center,seahurstintegrative.com,,,yes,no_email,https://seahurstintegrative.com,medspa,,1
SeaRenity IV Hydration,searenityiv.com,,,,unreachable,,,,
Beyond Aesthetics,seewhatsbeyond.com,info@seewhatsbeyond.com,info@seewhatsbeyond.com,yes,no_peptides,https://seewhatsbeyond.com,medspa,,0
"Southeastern Aesthetic Surgery, LLC",sehealthandwellnessinstitute.com,,,yes,no_email,https://sehealthandwellnessinstitute.com,medspa,,0
SELF Affirming Aesthetics,selfaffirmingaesthetics.com,,,,unreachable,,,,
Seriously Skin Cosmetic &amp; Laser Medicine,seriouslyskin.com,seriouslyskin@aol.com,seriouslyskin@aol.com,yes,no_peptides,https://seriouslyskin.com,medspa,,0
Serotonin Centers,serotonincenters.com,windermerefl@serotonincenters.com,windermerefl@serotonincenters.com; dpfl@serotonincenters.com; coltsnecknj@serotonincenters.com; wpfl@serotonincenters.com; greenhillstn@serotonincenters.com; springfieldmo@serotonincenters.com; charlestonsc@serotonincenters.com; charlestonscmp@serotonincenters.com,yes,no_peptides,https://serotonincenters.com,medspa,,0
Innovation HRT,shawcenter.com,,,yes,no_email,https://shawcenter.com,medspa,,0
Advanced Aesthetics,shcadvancedaesthetics.org,,,yes,no_email,https://shcadvancedaesthetics.org,medspa,,0
ShiCares MedSpa,shicaresmedspa.com,,,,no_email,,vendor,,0
Shine Med Spa,shine-medspa.com,,,yes,no_email,https://shine-medspa.com,medspa,GLP-1 weight loss peptides,2
ShinebySheree,shinebysheree.net,,,,unreachable,,,,
"Silk Touch Cosmetic Surgery, Lipo, &amp; Medspa",silktouchmedspa.com,,,yes,no_email,https://silktouchmedspa.com,medspa,semaglutide,5
Simply Health Collective,simplyhealthcollective.com,info@simplyhealthcollective.com,info@simplyhealthcollective.com; wholehealthimaging@gmail.com,yes,no_peptides,https://simplyhealthcollective.com,vendor,,0
Simply You Clinic / Simply You Wellness,simplyyouclinic.com,,,yes,no_email,https://simplyyouclinic.com,medspa,nad+,3
Simply You Health &amp; Wellness,simplyyouidaho.com,,,,no_email,,vendor,,0
Skin Esteem LLC,skin-esteem.com,,,,no_email,,vendor,,0
Skin Care Institute,skincareinstitute.net,,,yes,no_email,https://skincareinstitute.net,medspa,,0
Skinjectables Anti-Aging Bar,skinjectables.com,,,yes,no_email,https://skinjectables.com,medspa,"semaglutide, tirzepatide",7
Skinlogic Med Spa,skinlogicmedspa.com,info@skinlogicmedspa.com,info@skinlogicmedspa.com; hello@skinlogicmedspa.com,yes,no_peptides,https://skinlogicmedspa.com,medspa,,0
"Wellness Treatments Rego Park, NY",skinlogicx.com,skinlogicx@gmail.com,skinlogicx@gmail.com; %20skinlogicx@gmail.com,yes,no_peptides,https://skinlogicx.com,medspa,,0
SkinMD Boston,skinmd1.com,,,yes,no_email,https://skinmd1.com,medspa,"nad+, sermorelin, glutathione",10
Skinnovations Medspa,skinnovationswisconsin.com,,,yes,no_email,https://skinnovationswisconsin.com,medspa,GLP-1 weight loss peptides,3
Skin Reflections Medical Spa,skinreflectionsmed.com,,,yes,no_email,https://skinreflectionsmed.com,medspa,,0
Skin Tight Aesthetics &amp; Wellness,skintightaestheticsandwellness.com,,,yes,no_email,https://skintightaestheticsandwellness.com/contact,medspa,,1
SLC Med Spa,slcmedspa.com,,,yes,no_email,https://slcmedspa.com,medspa,tirzepatide,4
Slender Spa Body Wraps,slender-spa.com,,,yes,no_email,https://slender-spa.com,vendor,,0
Snead&#39;s Medical Weightloss Clinics,sneadsmedicalweightloss.com,,,,unreachable,,,,
So Aesthetic Medical and Wellness Spa,soaestheticmedicalandwellness.com,,,yes,no_email,https://soaestheticmedicalandwellness.com,medspa,"semaglutide, bpc-157, tb-500, thymosin alpha-1, ipamorelin, tesamorelin",21
Soleil Health &amp; Wellness,soleilhealthwellness.com,,,,no_email,,vendor,,0
Medical Spa of Milledgeville,solimarmedispa.com,,,yes,no_email,https://solimarmedispa.com,medspa,"semaglutide, glutathione",6
Soma Med Spa,somacumberland.com,info@somacumberland.com,info@somacumberland.com,,no_us_signal,https://somacumberland.com,medspa,,1
Vitality Medical Wellness Center,sommerwhitemd.com,,,yes,no_email,https://sommerwhitemd.com,medspa,glutathione,7
Southern Kentucky Aesthetics Gallatin,southernkentuckyaesthetics.com,,,,no_email,,vendor,,0
Southlake Orthopaedics,southlakeorthopaedics.com,info@southlakeorthopaedics.com,info@southlakeorthopaedics.com,yes,no_peptides,https://southlakeorthopaedics.com,medspa,,0
"IV Therapy in Miramar Beach, FL: Rehydrate, Replenish, Recharge",sowalhealthandwellness.com,,,,unreachable,,,,
Metro Infusion Center,sp-ao.shortpixel.ai,,,,no_email,https://sp-ao.shortpixel.ai,vendor,,0
Spa Restoration Center &amp; Head Spa,sparestorationcenter.com,info@sparestorationcenter.com,info@sparestorationcenter.com,yes,no_peptides,https://sparestorationcenter.com,medspa,,0
Gibbs Infusion Center,spartanburgregional.com,,,yes,no_email,https://spartanburgregional.com,medspa,,0
Square One Aesthetics &amp; Wellness,squareoneaesthetics.com,,,yes,no_email,https://squareoneaesthetics.com,medspa,GLP-1 weight loss peptides,7
A New Way Forward,ssrmd.com,,,yes,no_email,https://ssrmd.com,medspa,,0
"IV Hydration And Aesthetics, LLC",static.hugedomains.com,,,,unreachable,,,,
Revive Infusion Bar,static.parastorage.com,,,,no_email,,vendor,,0
"IV Hydration Therapy in Milford, CT",static.royacdn.com,,,,unreachable,,,,
Revival Wellness Company,static.showit.co,,,,unreachable,,,,
Activate IV and Cryotherapy LLC,stationhydration.com,,,yes,no_email,https://stationhydration.com,medspa,"nad+, glutathione",3
St. Augustine Aesthetics &amp; Med Spa,staugustineaesthetics.com,,,,no_email,,vendor,,0
Stem Cell Therapy Center of Nashville,stemcelltherapycenternashville.com,,,yes,no_email,https://stemcelltherapycenternashville.com,medspa,,3
"Stem Cell Therapy Rx Functional Medical Clinic Nicole Forsberg APRN-C,",stemcelltherapyrx.com,,,yes,no_email,https://stemcelltherapyrx.com,medspa,,2
St. Julien Aesthetics,stjulienaesthetics.com,reillystclark@gmail.com,reillystclark@gmail.com,yes,already known,https://stjulienaesthetics.com,medspa,"semaglutide, tirzepatide, nad+, glutathione",8
STL Medical Weight Loss,stlmedweightloss.com,,,yes,no_email,https://stlmedweightloss.com,medspa,"semaglutide, tirzepatide",7
Stony Creek Wellness,stonycreekwellnessgroup.com,,,,unreachable,,,,
Studio 17 Cosmetics &amp; Wellness,studio17cw.com,,,yes,no_email,https://studio17cw.com,medspa,,0
Stunning Med Spa,stunningmedspas.com,,,,no_email,https://stunningmedspas.com,medspa,,0
Sudbury Med Spa,sudburymedspa.com,,,yes,no_email,https://sudburymedspa.com,medspa,,1
SummitMD Dermatology Kingman,summitmddermatology.com,,,yes,no_email,https://summitmddermatology.com,medspa,,0
Summit Wellness- Orange Beach,summitwellnessorangebeach.com,,,,no_email,https://summitwellnessorangebeach.com,vendor,,0
Sumner Health,sumnercountyhealth.com,,,yes,no_email,https://sumnercountyhealth.com,vendor,,0
Mobile IV Therapy in Orlando,sundriphealth.com,,,,unreachable,,,,
Superhuman,superhumanhealthhi.com,contact@superhumanhealthhi.com,contact@superhumanhealthhi.com,yes,no_peptides,https://superhumanhealthhi.com,medspa,,0
"IVX Health Infusion Center 710 Rockhill Dr, Bensalem, PA 19020 ...",superpages.com,,,yes,no_email,https://superpages.com,vendor,,0
Sweetgrass Med Spa,sweetgrasschiropractic.com,,,,unreachable,,,,
Tailored Health &amp; Aesthetics,tailored.health,,,yes,no_email,https://tailored.health,medspa,,3
TajaDrip,tajadrip.com,,,,no_email,https://tajadrip.com,vendor,,0
Tallahassee Med Spa &amp; Hormone Therapy,tallahasseemedspa.com,,,,unreachable,,,,
Tampa Bay HRT &amp; Anti-Aging Center,tampabayhrt.com,,,,unreachable,,,,
Tampa Bay IV Therapy and Weight Loss Clinic,tampabayivbar.com,,,,unreachable,,,,
Tampa Bay Total Wellness,tampabaytotalwellness.com,,,yes,no_email,https://tampabaytotalwellness.com,medspa,"semaglutide, tirzepatide, nad+, glutathione",13
TAO Wellness Med Spa,taowellnessmedspa.com,,,,no_email,,vendor,,0
What IsIVTherapy and How Does It Work? A Complete Guide,taylormedicalgroup.net › what-is-iv-therapy...,,,,unreachable,,,,
Timeless Beauty And Wellness,tbwellness.co,,,,no_email,https://tbwellness.co,vendor,,0
Tchabo Laser Clinic &amp; MedSpa,tchabocareobgyn.com,,,yes,no_email,https://tchabocareobgyn.com,medspa,,0
Premier OBGYN,teambabycatcher.com,info@teambabycatcher.com,info@teambabycatcher.com,yes,no_peptides,https://teambabycatcher.com,medspa,,0
TeleSlim Clinic,teleslimclinic.com,,,yes,no_email,https://teleslimclinic.com,medspa,"semaglutide, tirzepatide",8
Testosterone Optimization Clinic of Colorado (TOC Colorado),testosterone-optimization-clinic-of-colorado-toc-colorado-longmont.com,,,,unreachable,,,,
Reset IV Clinic,testosteronetherapy.org,,,,no_email,https://testosteronetherapy.org,medspa,,2
Health and Wellness Boutique,the-health-and-wellness-boutique.square.site,,,,no_email,,vendor,,0
The DRIPBaR Huebner Oaks,the-strand-at-huebner-oaks.thedripbar.com,,,,no_email,,vendor,,0
Aspen Clinic,theaspenclinic.com,aspenclinictech@gmail.com,aspenclinictech@gmail.com,yes,already known,https://theaspenclinic.com,medspa,"semaglutide, tirzepatide, nad+",8
The B12 Store King of Prussia,theb12store.com,,,yes,no_email,https://theb12store.com,vendor,"nad+, glutathione",3
Balance Bodyworks &amp; Wellness,thebalancebodyworks.com,,,yes,no_email,https://thebalancebodyworks.com,vendor,,0
BIO MEDSPA,thebiomedspa.com,,,,no_email,https://thebiomedspa.com,medspa,"bpc-157, tb-500, sermorelin, pt-141, ghk-cu",9
The Blonde Injector Med Spa,theblondeinjector.com,,,yes,no_email,https://theblondeinjector.com,medspa,"nad+, glutathione",6
The Confidence Collective,theconfidencecollectivesf.com,,,yes,no_email,https://theconfidencecollectivesf.com,medspa,pt-141,4
The DRIPBaR Rochester Hills,thedripbar.com,,,,no_email,,vendor,,0
The Drip Bar IV Hydration and Wellness PLLC,thedripbarivhydrationwellnesspllc.org,thedripbarivhydration@gmail.com,thedripbarivhydration@gmail.com,,no_us_signal,https://thedripbarivhydrationwellnesspllc.org,medspa,,1
The Eighty8th Med Spa,theeighty8thappointment.as.me,,,,no_email,https://theeighty8thappointment.as.me,medspa,,0
The Esthetics Cove,theestheticscove.square.site,,,,no_email,https://theestheticscove.square.site,vendor,,0
The Facial Center,thefacialcenter.com,,,yes,no_email,https://thefacialcenter.com,medspa,,1
The Firm Cryo Spa &amp; Wellness Center,thefirmcryospa.com,info@thefirmcryospa.com,info@thefirmcryospa.com,yes,no_peptides,https://thefirmcryospa.com,vendor,,0
Healthcare At The Grove,thegrovehealth.com,info@thegrovehealth.com,info@thegrovehealth.com,yes,no_peptides,https://thegrovehealth.com,medspa,,0
The Healthy Weigh Now,thehealthyweighnow.com,,,,unreachable,,,,
Biote Provider,theholistichealthclinic.com,,,yes,no_email,https://theholistichealthclinic.com,medspa,,1
The Injection Room,theinjectionroom.com,info@theinjectionroom.com,info@theinjectionroom.com; infoaustin@theinjectionroom.com; infoeilan@theinjectionroom.com,yes,no_peptides,https://theinjectionroom.com,medspa,,0
IV Therapy Astoria,thelaserbeautybar.com,,,,no_email,,vendor,,0
The Liquid Frog,theliquidfrog.com,,,,unreachable,,,,
The Medical Spa,themedicalspa.com,,,,no_email,,vendor,,0
The Medspa Austin,themedspaaustin.com,,,yes,no_email,https://themedspaaustin.com,medspa,,0
The Med Spa of New Smyrna Beach,themedspansb.com,,,yes,no_email,https://themedspansb.com,medspa,"semaglutide, tirzepatide",8
"IV Therapy in Woodbury, MN",themedspawoodbury.com,info@themedspawoodbury.com,info@themedspawoodbury.com,,no_peptides,https://themedspawoodbury.com,medspa,,0
The Natural Xpression,thenaturalxpression.com,,,,no_email,https://thenaturalxpression.com,medspa,GLP-1 weight loss peptides,2
NV Medspa Honolulu,thenvmedspa.com,nvmedspahonolulu@gmail.com,nvmedspahonolulu@gmail.com,yes,already known,https://thenvmedspa.com,medspa,GLP-1 weight loss peptides,2
The Reset Aesthetics and Wellness,theresetaesthetics.com,,,yes,no_email,https://theresetaesthetics.com,medspa,nad+,6
The Science of Beauty Med Spa,thescienceofbeauty.co,,,yes,no_email,https://thescienceofbeauty.co,medspa,,3
Urban You Medical Aesthetics and Wellness,theurbanyou.com,hello@theurbanyou.com,hello@theurbanyou.com,,no_us_signal,https://theurbanyou.com,medspa,"semaglutide, tirzepatide, bpc-157, tb-500, nad+, mots-c",17
the VIVe Hydration,thevivehydration.com,,,,no_email,,vendor,,0
The Wellness Spot,thewellnessspotfl.com,yalonsoaprn@gmail.com,yalonsoaprn@gmail.com,yes,already known,https://thewellnessspotfl.com,medspa,"semaglutide, tirzepatide, nad+, glutathione",9
Health &amp; Wellness,thewellnest.myaestheticrecord.com,,,,no_email,https://thewellnest.myaestheticrecord.com,vendor,,0
Thirst Aid,thirstaidmobileiv.com,,,,no_email,https://thirstaidmobileiv.com,medspa,,0
"IV Hydration Services in Lakewood, Englewood, and Aurora, CO",threepeakscare.com,,,yes,no_email,https://threepeakscare.com,medspa,,1
"Marianna Guy, Nurse Practitioner",thrivegvl.com,,,yes,no_email,https://thrivegvl.com,medspa,,1
THRIVE Hormonal Health and Wellness,thrivehormonalhealth.com,,,yes,no_email,https://thrivehormonalhealth.com,medspa,"semaglutide, tirzepatide, bpc-157, tb-500, thymosin alpha-1, ipamorelin",20
IV Therapy,thrivespanh.com,,,yes,no_email,https://thrivespanh.com,medspa,semaglutide,7
Thrive Wellness Studio,thrivewellness-studio.com,,,yes,no_email,https://thrivewellness-studio.com,medspa,nad+,3
Thrive Wellness,thrivewellnessvirginia.com,,,,no_email,https://thrivewellnessvirginia.com,vendor,,0
Time 4 U Med Spa,time4umedspa.com,info@time4umedspa.com,info@time4umedspa.com,yes,no_peptides,https://time4umedspa.com,medspa,,0
Timeless Medical Aesthetics,timelessmed.com,info@timelessmed.com,info@timelessmed.com,yes,no_peptides,https://timelessmed.com,medspa,,0
Timeless Med Clinic,timelessmedclinic.com,,,,no_email,,vendor,,0
Timeless Medical Spa &amp; Weight Loss Clinic,timelessut.com,info@timelessut.com,info@timelessut.com,,no_peptides,https://timelessut.com,medspa,,0
NSI Wellness,tolmanmedical.com,,,,no_email,https://tolmanmedical.com,medspa,,0
The IV Lounge,torontofunctionalmedicine.com,,,yes,no_email,https://torontofunctionalmedicine.com,medspa,"nad+, glutathione",5
Total Regen Whole Body Cryo,totalregencryo.com,info@totalregencryo.com,info@totalregencryo.com,,no_peptides,https://totalregencryo.com,vendor,,0
Transformations Weight Loss &amp; Skin Clinic,transformationsweightloss.net,impallari@gmail.com,impallari@gmail.com,,no_us_signal,https://transformationsweightloss.net,medspa,"semaglutide, sermorelin",6
Treherne Dermatology &amp; Skin Care Center,trehernederm.com,,,,unreachable,,,,
BHRT Delivered,trilogyclinic.com,,,,unreachable,,,,
TRT Tampa,trt-tampa.com,,,yes,no_email,https://trt-tampa.com,medspa,"semaglutide, bpc-157, tb-500, thymosin beta-4, nad+, ipamorelin",23
Vitality Hormone Clinic,trtdr.com,info@trtdr.com,info@trtdr.com,,no_us_signal,https://trtdr.com,medspa,semaglutide,9
"IV Therapy Henderson &amp; Las Vegas, NV",trubeautybytrevor.com,,,yes,no_email,https://trubeautybytrevor.com,medspa,,1
IV Therapy,trubella.com,,,,no_email,,vendor,,0
Infusion Center,trucareinternalmedicine.com,,,yes,no_email,https://trucareinternalmedicine.com,medspa,,0
"IV Drip Vitamin Therapy Specialist Near Me in Avon, CT",truemedicalaesthetics.com,,,,unreachable,,,,
True U Clinic,trueuclinic.com,,,yes,no_email,https://trueuclinic.com,medspa,,2
Turner Medical Spa,turnermedicalspa.com,,,yes,no_email,https://turnermedicalspa.com,medspa,,0
Twin Rivers IV &amp; Wellness Lounge,twinriversiv.com,,,yes,no_email,https://twinriversiv.com,medspa,"nad+, glutathione",5
UAMS Health,uamshealth.com,,,yes,no_email,https://uamshealth.com,medspa,,0
Unique Clinique Aesthetics,uniquecliniqueaesthetics.com,,,yes,no_email,https://uniquecliniqueaesthetics.com,medspa,,1
UofL Health,uoflhealth.org,,,yes,no_email,https://uoflhealth.org,medspa,,0
"Uplift Med Spa, LLC",upliftskinandbody.com,info@upliftskinandbody.com,info@upliftskinandbody.com,yes,no_peptides,https://upliftskinandbody.com,medspa,,0
Utah Body &amp; Soul,utahbodyandsoul.com,,,,no_email,,vendor,,0
Utica Park Clinic,uticaparkclinic.com,,,yes,no_email,https://uticaparkclinic.com,medspa,,0
UW Health Eastpark Medical Center Infusion Center,uwhealth.org,hrservicecenter@uwhealth.org,hrservicecenter@uwhealth.org,,no_peptides,https://uwhealth.org,vendor,,0
Beth Weigh Weight Loss Murfreesboro,vanderbilthealth.com,,,yes,no_email,https://vanderbilthealth.com,medspa,,0
Vanity Flow IV Hydration and Wellness,vanityflowivhydrationandwellness.as.me,,,,no_email,https://vanityflowivhydrationandwellness.as.me,vendor,,0
VCU Health Weight Loss,vcuhealth.org,,,yes,no_email,https://vcuhealth.org,medspa,GLP-1 weight loss peptides,2
V Dermatology,vdermatologyandspa.com,,,,no_email,,vendor,,0
Veda Hydration,vedahydration.com,,,yes,no_email,https://vedahydration.com,medspa,"nad+, glutathione",3
Venture Wellness,venturewellnessrva.com,,,yes,no_email,https://venturewellnessrva.com,medspa,"semaglutide, tirzepatide",12
Verdigris Valley Family Medicine,verdigrismedicine.com,,,,unreachable,,,,
Verve Health,vervehc.com,,,yes,no_email,https://vervehc.com,medspa,"semaglutide, tirzepatide, nad+, glutathione",15
Wayne&#x27;s City Hydration Quenches Patients One Drip at a Time,vista.today,,,,unreachable,,,,
Vitaboost Health &amp; Wellness LLC,vitaboostinfusions.com,hello@vitaboostinfusions.com,hello@vitaboostinfusions.com,yes,no_peptides,https://vitaboostinfusions.com,medspa,,0
Vita Drip &amp; Wellness Medspa,vitadripandwellnessspa.com,,,yes,no_email,https://vitadripandwellnessspa.com,medspa,GLP-1 weight loss peptides,5
Vitaflow IV Hydration and Health,vitaflowiv.com,,,,unreachable,,,,
Vita Infusion,vitainfusionllc.com,,,,no_email,https://vitainfusionllc.com,medspa,"semaglutide, tirzepatide, nad+, glutathione",10
Vital Care Infusion Services of Madison,vitalcare.com,info@vitalcare.com,info@vitalcare.com,yes,no_peptides,https://vitalcare.com,medspa,,0
Vital Infusions &amp; Performance,vitalinfusionsandperformance.com,,,,no_email,,vendor,,0
Renew Vitality Testosterone Clinic,vitalityhrt.com,,,,no_email,,vendor,,0
Vitality Infusion,vitalityinfusionwellnesscenter.clientsecure.me,,,yes,no_email,https://vitalityinfusionwellnesscenter.clientsecure.me,medspa,,0
"Dr. Cristy Thomas, FNP-BC",vitalitymedicalwellness.com,,,yes,no_email,https://vitalitymedicalwellness.com,medspa,"nad+, glutathione",8
Vitality Men&#39;s Center,vitalitymenscenter.com,,,yes,no_email,https://vitalitymenscenter.com,medspa,GLP-1 weight loss peptides,4
Vital IV,vitalivinfusion.com,,,,no_email,,vendor,,0
Vitalogy Wellness &amp; Med-Spa,vitalogywellnessandmedspa.com,,,yes,no_email,https://vitalogywellnessandmedspa.com,medspa,semaglutide,8
Vitalwave Laser Healing &amp; MedSpa,vitalwavehealing.com,,,yes,no_email,https://vitalwavehealing.com,medspa,,0
Heal Medical Weight Loss Clinic Corp.,vitalweightlossmd.com,,,,unreachable,,,,
Vitalyc Medspa,vitalyc.com,,,yes,no_email,https://vitalyc.com,medspa,"semaglutide, bpc-157, tb-500, nad+, ipamorelin, cjc-1295",11
Vita Medical,vitamspa.com,,,,no_email,,vendor,,0
Vita Pure IV,vitapure.wpengine.com,,,yes,no_email,https://vitapure.wpengine.com/contact-us,medspa,GLP-1 weight loss peptides,5
VIVA Wellness,vivawellnesswi.com,,,yes,no_email,https://vivawellnesswi.com,medspa,"semaglutide, tirzepatide, nad+",9
Vive Ageless Weight Loss Center,viveagelessweightloss.com,,,yes,no_email,https://viveagelessweightloss.com,medspa,"semaglutide, tirzepatide, retatrutide, liraglutide, bpc-157, tb-500",20
Vivid Aesthetics,vividaesthetics.com,,,yes,no_email,https://vividaesthetics.com,medspa,GLP-1 weight loss peptides,4
NuHydration Boosts Wellness this Winter with Upstate New York&#x27;s .,voyageny.com,,,,no_email,https://voyageny.com,medspa,,0
Vyfy Wellness Club,vyfyky.com,,,yes,no_email,https://vyfyky.com,vendor,,0
Wellness Associates LLC,wacounseling.com,,,yes,no_email,https://wacounseling.com,medspa,,0
Wali Wellness,waliwellness.com,,,,no_email,,vendor,,0
Walls Medicine Center,wallsrx.com,walls@wallsrx.com,walls@wallsrx.com,yes,no_peptides,https://wallsrx.com,medspa,,0
Wanderlust Aesthetics &amp; Wellness,wanderlustaestheticswellnessin.com,,,,unreachable,,,,
Wasatch Functional Medicine,wasatchfunctionalmedicine.com,,,yes,no_email,https://wasatchfunctionalmedicine.com,medspa,"nad+, glutathione",6
IV THERAPY,waterfallssalonandmassagemedspa.com,,,yes,no_email,https://waterfallssalonandmassagemedspa.com,medspa,,1
Wabaunsee County Aesthetics,wbcounty.org,,,yes,no_email,https://wbcounty.org,vendor,,0
Hydrate IV Bar,wbq.clg.temporary.site,,,,unreachable,,,,
Weaver Clinics,weaverclinics.com,,,yes,no_email,https://weaverclinics.com,medspa,"nad+, glutathione",5
Elivate Med Spa and Wellness,web2.myaestheticspro.com,,,yes,no_email,https://web2.myaestheticspro.com,medspa,,0
Arden Diet Center,weightlossdirectoryli.com,,,,no_email,https://weightlossdirectoryli.com/contact,medspa,GLP-1 weight loss peptides,2
La Bella Vita,weightlosswestminster.com,labellavita8418@gmail.com,labellavita8418@gmail.com,yes,already known,https://weightlosswestminster.com,medspa,"semaglutide, tirzepatide, retatrutide",5
Weigh To Flow IV Hydration Therapy,weightogoweightloss.com,,,yes,no_email,https://weightogoweightloss.com,medspa,"semaglutide, tirzepatide, nad+",8
WeightSmart MD,weightsmartmd.com,,,yes,no_email,https://weightsmartmd.com,medspa,"semaglutide, tirzepatide, retatrutide, nad+, ipamorelin, sermorelin",16
"Erik Garcia, FNP",welli.com,hello@welli.com,hello@welli.com; support@welli.com,,no_us_signal,https://welli.com,medspa,semaglutide,2
WellMedica Aesthetic &amp; Anti-Aging Medicine,wellmedica.com,,,,no_email,,vendor,,0
Wellness by ApproXie,wellness-by-approxie.com,,,yes,no_email,https://wellness-by-approxie.com,medspa,"semaglutide, tirzepatide",8
The Wellness Loft,wellness-loft.com,,,,no_email,,vendor,,0
modMD,wellnessliving.com,sales@wellnessliving.com,sales@wellnessliving.com,yes,no_peptides,https://wellnessliving.com,medspa,,0
Westchester Wellness Medicine,westchesterwellnessmedicine.com,,,yes,no_email,https://westchesterwellnessmedicine.com,vendor,"semaglutide, tirzepatide",6
Westlake Dermatology &amp; Cosmetic Surgery,westlakedermatology.com,,,yes,no_email,https://westlakedermatology.com,medspa,GLP-1 weight loss peptides,2
Whole Body Wellness Collective,wholebodywellnesscollective.com,wholebodywellnesscollective@gmail.com,wholebodywellnesscollective@gmail.com,yes,no_peptides,https://wholebodywellnesscollective.com,medspa,,0
Leoti Aesthetics,wichitacountyhealthcenter.com,,,yes,no_email,https://wichitacountyhealthcenter.com,medspa,,1
Wichita Med Spa &amp; Laser,wichitalaserclinic.com,,,,unreachable,,,,
Willow Health and Aesthetics,willowhealthandaesthetics.com,,,yes,no_email,https://willowhealthandaesthetics.com,medspa,"semaglutide, liraglutide, dulaglutide, exenatide",12
Independence Med Spa,wilsonmedical.org,,,yes,no_email,https://wilsonmedical.org,medspa,,1
Wisconsin Institute of Functional Medicine,wisconsinfunctionalmed.com,,,yes,no_email,https://wisconsinfunctionalmed.com,medspa,GLP-1 weight loss peptides,5
iV Rescue,wix.to,,,yes,no_email,https://wix.to,vendor,,0
East Valley Surgery Center,wliaz.com,,,,no_email,https://wliaz.com,vendor,,0
Women&#39;s Wellness of Mississippi,womenswellnessms.com,,,yes,no_email,https://womenswellnessms.com,medspa,"semaglutide, tirzepatide",5
WV Ketamine Infusion Therapy,wvkit.com,,,yes,no_email,https://wvkit.com,medspa,,0
Van Gordon Med Spa,wwww.vangordonmedspa.com,,,,unreachable,,,,
"Wyoming Wellness Center: Tracy Richard, CRNA, APRN",wyomingwc.com,info@wyomingwc.com,info@wyomingwc.com,yes,no_peptides,https://wyomingwc.com,medspa,,0
Xanadu Med Spa,xanadumedspa.com,,,yes,no_email,https://xanadumedspa.com,medspa,"bpc-157, tb-500, thymosin beta-4, thymosin alpha-1, nad+, ipamorelin",18
IV Therapy in Tempe,xanmedclinic.com,,,,no_email,https://xanmedclinic.com,vendor,,0
IVX Health Infusion Center,yellow-pages.us.com,,,,unreachable,,,,
Wellness Edge,yourwellnessedge.com,,,,no_email,https://yourwellnessedge.com,vendor,kpv,2
Youthbar,youthbar.com,,,yes,no_email,https://youthbar.com,medspa,"semaglutide, tirzepatide",7
Youthful Magnolia,youthfulmagnolia.com,info@youthfulmagnolia.com,info@youthfulmagnolia.com,,no_us_signal,https://youthfulmagnolia.com,medspa,GLP-1 weight loss peptides,7
Youthology Medical,youthologymedical.com,,,yes,no_email,https://youthologymedical.com,medspa,GLP-1 weight loss peptides,3
Zel&#x27;s IV Infusion Center,zelsiv.com,%20zel@zelsiv.com,%20zel@zelsiv.com; zelsivinfusioncenter@gmail.com,yes,no_peptides,https://zelsiv.com,vendor,,0
Barber County Aesthetics,zincx.top,,,,no_email,https://zincx.top,vendor,,0
