vendor,domain,email,all_emails,us_signal,status,evidence_url,audience,peptides,peptide_hits
208 Med Spa &amp; IV Lounge,208medspa.com,info@208medspa.com,info@208medspa.com,yes,ok,https://208medspa.com,medspa,glutathione,3
A Better You MedSpa,abetteryoumedspa.com,contact@abetteryoumedspa.com,contact@abetteryoumedspa.com,yes,ok,https://abetteryoumedspa.com,medspa,GLP-1 weight loss peptides,2
Aestheticus NY Medical Spa,aestheticusny.com,admin@aestheticusny.com,admin@aestheticusny.com,yes,ok,https://aestheticusny.com,medspa,"semaglutide, nad+, glutathione",5
Ageless Medical Aesthetics,agelessmed.com,info@agelessmed.com,info@agelessmed.com,yes,ok,https://agelessmed.com,medspa,semaglutide,2
Ageless Med Spa,agelessms.com,info@agelessms.com,info@agelessms.com,yes,ok,https://agelessms.com,medspa,glutathione,1
Alabama Vein &amp; Restoration Medspa,alabamaveincenter.com,info@alabamaveincenter.com,info@alabamaveincenter.com,yes,ok,https://alabamaveincenter.com,medspa,,2
Alchemy Clinic,alchemyclinic.com,info@alchemyclinic.com,info@alchemyclinic.com,yes,ok,https://alchemyclinic.com,medspa,GLP-1 weight loss peptides,5
Alohi Med Spa,alohimedspa.com,aloha@alohimedspa.com,aloha@alohimedspa.com,yes,ok,https://alohimedspa.com/contact,medspa,"semaglutide, tirzepatide",10
Altera Aesthetix,alteraaesthetix.com,appointments@alteraaesthetix.com,appointments@alteraaesthetix.com,yes,ok,https://alteraaesthetix.com,medspa,semaglutide,5
Amada Med Spa,amadamedspa.net,amadamedspa@gmail.com,amadamedspa@gmail.com,yes,ok,https://amadamedspa.net,medspa,GLP-1 weight loss peptides,3
Amore Beautiful You Med Spa,amorebeautifulyoumedspa.com,info@amorebeautifulyoumedspa.com,info@amorebeautifulyoumedspa.com,yes,ok,https://amorebeautifulyoumedspa.com,medspa,GLP-1 weight loss peptides,3
A New Creation Clinic and Medi-Spa,anewcreationclinicandmedispa.com,anewcreationclinicandmedispa@outlook.com,anewcreationclinicandmedispa@outlook.com,yes,ok,https://anewcreationclinicandmedispa.com,medspa,,2
AnewU Medical Spa,anewumedicalspa.com,info@anewumedicalspa.com,info@anewumedicalspa.com,yes,ok,https://anewumedicalspa.com,medspa,semaglutide,2
Artemis Medical Spa,artemismedicalspa.com,info@artemismedicalspa.com,info@artemismedicalspa.com,yes,ok,https://artemismedicalspa.com,medspa,"tirzepatide, nad+",6
Aspire Med Spa,aspirealaska.com,medspa@aspirealaska.com,medspa@aspirealaska.com,yes,ok,https://aspirealaska.com,medspa,semaglutide,3
AtriaWell,atriawell.com,info@atriawell.com,info@atriawell.com,yes,ok,https://atriawell.com,medspa,"semaglutide, tirzepatide",11
Audubon Aesthetics,audubonaesthetics.com,audubonaesthetics@gmail.com,audubonaesthetics@gmail.com,yes,ok,https://audubonaesthetics.com,medspa,GLP-1 weight loss peptides,4
Avere Beauty,averebeauty.com,info@averebeauty.com,info@averebeauty.com,yes,ok,https://averebeauty.com,medspa,"semaglutide, tirzepatide",4
Awaken Face and Body Wellness,awakenfacebodywellness.com,awakenwellnessstl@gmail.com,awakenwellnessstl@gmail.com,yes,ok,https://awakenfacebodywellness.com,medspa,"semaglutide, tirzepatide, retatrutide",14
Azia Medical Spa,aziamedispa.com,theaziaexperience@gmail.com,theaziaexperience@gmail.com,yes,ok,https://aziamedispa.com,medspa,,2
BAM Wellness,bamwellness.com,info@bam-wellness.com,info@bam-wellness.com,yes,ok,https://bamwellness.com,medspa,,1
Bare Medispa,baremedispa.com,baremedispa@gmail.com,baremedispa@gmail.com,yes,ok,https://baremedispa.com,medspa,"nad+, glutathione",4
BEAU Aesthetics &amp; Wellness,beaumontana.com,info@beaumontana.com,info@beaumontana.com,yes,ok,https://beaumontana.com,medspa,GLP-1 weight loss peptides,4
Beautiful Body and Beyond,beautifulbodyandbeyond.com,contact@beautifulbodyandbeyond.com,contact@beautifulbodyandbeyond.com,yes,ok,https://beautifulbodyandbeyond.com,medspa,"semaglutide, tirzepatide, nad+",11
Beautiful You Medical Spa,beautifulyoumedspa.com,info@beautifulyoumedspa.com,info@beautifulyoumedspa.com,yes,ok,https://beautifulyoumedspa.com,medspa,,1
Bella Bliss Med Spa,bellablissmedspa.com,rachael@bellablissmedspa.com,rachael@bellablissmedspa.com,yes,ok,https://bellablissmedspa.com,medspa,"nad+, glutathione",5
Bella Vita Aesthetics &amp; Wellness,bellavitaaestheticsandwellness.com,bellavitaaesthetics01@gmail.com,bellavitaaesthetics01@gmail.com,yes,ok,https://bellavitaaestheticsandwellness.com,medspa,GLP-1 weight loss peptides,3
Be Medispa,bemedispa.com,doctor@bemedispa.com,doctor@bemedispa.com,yes,ok,https://bemedispa.com,medspa,GLP-1 weight loss peptides,3
Beyond Wellness,beyondwellnessar.com,info@beyondwellnessar.com,info@beyondwellnessar.com,yes,ok,https://beyondwellnessar.com,medspa,,3
Blooming Lemon Wellness &amp; Aesthetics,blooming-lemon.com,info@bloominglemon.com,info@bloominglemon.com,yes,ok,https://blooming-lemon.com,medspa,"nad+, sermorelin",4
Bloom Med Spa,bloommedspamn.com,bloommedspa@outlook.com,bloommedspa@outlook.com,yes,ok,https://bloommedspamn.com,medspa,,1
Blush and Bloom MedSpa,blushandbloommedspa.com,info@blushandbloommedspa.com,info@blushandbloommedspa.com,yes,ok,https://blushandbloommedspa.com,medspa,,1
BodyTonic Medspa,bodytonicmedspas.com,info@bodytonicmedspas.com,info@bodytonicmedspas.com,yes,ok,https://bodytonicmedspas.com,medspa,semaglutide,2
Brandywine Med Spa,brandywinemedspa.com,brandywinemedspa@gmail.com,brandywinemedspa@gmail.com,yes,ok,https://brandywinemedspa.com,medspa,semaglutide,2
Brooke Nix Med Spa,brookenix.com,info@brookenix.com,info@brookenix.com,yes,ok,https://brookenix.com,medspa,,2
Cady Wellness Institute,cadywellness.com,lbcady@cadywellness.com,lbcady@cadywellness.com,yes,ok,https://cadywellness.com,medspa,GLP-1 weight loss peptides,3
California Trim Clinic Medical Weight Loss,californiatrimclinic.com,hello@californiatrimclinic.com,hello@californiatrimclinic.com,yes,ok,https://californiatrimclinic.com,medspa,"semaglutide, tirzepatide, retatrutide, bpc-157, tb-500, thymosin alpha-1",25
Cardiff Cosmetic Clinic in Cardiff,cardiffcosmeticclinic.com,enquiries@cardiffcosmeticclinic.com,enquiries@cardiffcosmeticclinic.com,yes,ok,https://cardiffcosmeticclinic.com,medspa,tirzepatide,4
Central Ohio Aesthetics,centralohioaesthetics.com,info@centralohioaesthetics.com,info@centralohioaesthetics.com; jsmith@centralohioaesthetics.com,yes,ok,https://centralohioaesthetics.com,medspa,,1
Central Oregon Aesthetics,centraloregonaesthetics.com,info@centraloregonaesthetics.com,info@centraloregonaesthetics.com,yes,ok,https://centraloregonaesthetics.com,medspa,GLP-1 weight loss peptides,2
Central Wellness Medical &amp; Aesthetics,centralwellness.com,wecare@centralwellness.com,wecare@centralwellness.com,yes,ok,https://centralwellness.com,medspa,glutathione,5
Center for Aesthetics Jackson,cfabeautyjacksonhole.com,cfabeautyjackson@gmail.com,cfabeautyjackson@gmail.com,yes,ok,https://cfabeautyjacksonhole.com,medspa,,1
Chelle Health &amp; MedSpa,chellehealthandmedspa.com,office@chellehealthandmedspa.com,office@chellehealthandmedspa.com,yes,ok,https://chellehealthandmedspa.com,medspa,GLP-1 weight loss peptides,6
Citrin Wellness,citrinwellness.com,info@citrinwellness.com,info@citrinwellness.com,yes,ok,https://citrinwellness.com,medspa,nad+,4
Citrus Aesthetics,citrusaesthetics.com,jessica@citrusaesthetics.com,jessica@citrusaesthetics.com,yes,ok,https://citrusaesthetics.com,medspa,nad+,1
ClarityMD,claritymd.com,contact@claritymd.com,contact@claritymd.com,yes,ok,https://claritymd.com,medspa,"nad+, glutathione",2
Cloud 17 Med Spa,cloud17medspa.com,staff@cloud17medspa.com,staff@cloud17medspa.com,yes,ok,https://cloud17medspa.com,medspa,,1
Complexion Med Spa,complexionspa.com,complexionspa@gmail.com,complexionspa@gmail.com,yes,ok,https://complexionspa.com,medspa,glutathione,3
Conklin Clinics,conklinclinics.com,info@conklinclinics.com,info@conklinclinics.com,yes,ok,https://conklinclinics.com,medspa,,1
Cool Blue Image,coolblueimage.com,coolblueimage@gmail.com,coolblueimage@gmail.com,yes,ok,https://coolblueimage.com,medspa,semaglutide,2
Cosmetiq Medicine,cosmetiqmedicine.com,cosmetiqmedicine@gmail.com,cosmetiqmedicine@gmail.com,yes,ok,https://cosmetiqmedicine.com,medspa,"tirzepatide, nad+, ghk-cu, glutathione",7
Cornerstone Psychiatric Care Tampa,cp.care,info@cp.care,info@cp.care,yes,ok,https://cp.care,medspa,glutathione,1
Crafted Aesthetics &amp; Wellness,craftedaestheticsmt.com,craftedacademy@gmail.com,craftedacademy@gmail.com,yes,ok,https://craftedaestheticsmt.com,medspa,semaglutide,4
Aspire Medical Spa,denvermedispa.com,info@denvermedispa.com,arvada@denvermedispa.com; info@denvermedispa.com; rino@denvermedispa.com,yes,ok,https://denvermedispa.com,medspa,"nad+, sermorelin, glutathione",4
DermAlign MedSpa,dermalignmedspa.com,info@dermalignmedspa.com,info@dermalignmedspa.com,yes,ok,https://dermalignmedspa.com,medspa,"semaglutide, tirzepatide",4
DermaZenith,dermazenith.com,info@dermazenith.com,info@dermazenith.com,yes,ok,https://dermazenith.com,medspa,semaglutide,4
Divinity Med Spa,divinitymedspa.co,info@divinitymedspa.co,info@divinitymedspa.co,yes,ok,https://divinitymedspa.co,medspa,"semaglutide, tirzepatide, nad+, sermorelin",13
Doll Face Aesthetics GR,dollfaceaestheticsgr.com,dollfacegr@gmail.com,dollfacegr@gmail.com,yes,ok,https://dollfaceaestheticsgr.com,medspa,nad+,1
Dr. Hong Med Spa,drhongmedspa.com,info@drhongmedspa.com,info@drhongmedspa.com,yes,ok,https://drhongmedspa.com,medspa,,1
Drip Health &amp; MedSpa,driphealthandmedspa.com,info@driphealthandmedspa.com,info@driphealthandmedspa.com,yes,ok,https://driphealthandmedspa.com,medspa,"semaglutide, tirzepatide, nad+",12
NeuroPain Health Michelle Weiner DO,drmichelleweiner.com,drweiner@drmichelleweiner.com,drweiner@drmichelleweiner.com,yes,ok,https://drmichelleweiner.com/contact,medspa,"semaglutide, tirzepatide, bpc-157, thymosin beta-4, ipamorelin, cjc-1295",14
Dr Refresh,drrefresh.com,drrefresh@gmail.com,drrefresh@gmail.com,yes,ok,https://drrefresh.com,medspa,"nad+, glutathione",3
Dr. Sambunaris and Associates,drsambunaris.com,hello@drsambunaris.com,hello@drsambunaris.com; %20hello@drsambunaris.com,yes,ok,https://drsambunaris.com,medspa,,1
E'Lan Vital Medical Spa,elanvitalmedspa.com,info@elanvitalmedspa.com,info@elanvitalmedspa.com,yes,ok,https://elanvitalmedspa.com,medspa,semaglutide,4
Elevated Medicine,elevatedmedicine.org,info@elevatedmedicine.org,info@elevatedmedicine.org,yes,ok,https://elevatedmedicine.org,medspa,,2
Elite Medspa,elite-medspa.com,info@elite-medspa.com,info@elite-medspa.com,yes,ok,https://elite-medspa.com,medspa,nad+,3
Elite Med Spa of Texas,elitemedspaoftexas.com,elitemedspa3319@gmail.com,elitemedspa3319@gmail.com,yes,ok,https://elitemedspaoftexas.com,medspa,semaglutide,1
ELLEMES Medical Spa,ellemesmedspa.com,info@ellemesmedspa.com,info@ellemesmedspa.com,yes,ok,https://ellemesmedspa.com,medspa,"semaglutide, glutathione",5
Essence Aesthetics and Health,essence.health,hello@essence.health,hello@essence.health,yes,ok,https://essence.health,medspa,,2
Estrogenica,estrogenica.com,social@estrogenica.com,social@estrogenica.com,yes,ok,https://estrogenica.com,medspa,"semaglutide, tirzepatide",6
Euro Look Medical Spa,eurolookmedspa.com,info@eurolookmedspa.com,info@eurolookmedspa.com,yes,ok,https://eurolookmedspa.com,medspa,"semaglutide, tirzepatide",5
Ever Medical Spa,evermedspa.com,hello@evermedspa.com,hello@evermedspa.com,yes,ok,https://evermedspa.com,medspa,GLP-1 weight loss peptides,6
Evolution Body Transformation,evolutionmadison.com,info@evolutionmadison.com,info@evolutionmadison.com,yes,ok,https://evolutionmadison.com,medspa,"semaglutide, tirzepatide",4
Evolve Cedar Valley,evolvecedarvalley.com,hello@evolvecedarvalley.com,hello@evolvecedarvalley.com,yes,ok,https://evolvecedarvalley.com,medspa,"bpc-157, sermorelin, pt-141, melanotan i, kpv",12
Extend Medical,extendmedical.com,hello@extendmedical.com,hello@extendmedical.com,yes,ok,https://extendmedical.com,medspa,GLP-1 weight loss peptides,3
Fabutopia Medspa &amp; Aesthetics,fabutopiamedspa.com,fabutopiamedspa@gmail.com,fabutopiamedspa@gmail.com,yes,ok,https://fabutopiamedspa.com,medspa,"semaglutide, tirzepatide, cagrilintide, bpc-157, tb-500, thymosin beta-4",21
Faith Medical Spa &amp; Weight Loss,faithmedicalspa.com,faithurgentcare@gmail.com,faithurgentcare@gmail.com,yes,ok,https://faithmedicalspa.com,medspa,semaglutide,1
firmMD Newport,firmmdnewport.com,info@firmmdnewport.com,info@firmmdnewport.com,yes,ok,https://firmmdnewport.com,medspa,GLP-1 weight loss peptides,5
First Look MedSpa LLC,firstlookmedspa.com,modernaestheticscoinjectables@gmail.com,modernaestheticscoinjectables@gmail.com; firstlookmedspa@gmail.com,yes,ok,https://firstlookmedspa.com,medspa,semaglutide,8
Flawless Image Med Spa,flawlessimagemedspa.com,flawlessmed@icloud.com,flawlessmed@icloud.com,yes,ok,https://flawlessimagemedspa.com,medspa,semaglutide,5
Florida Men&#x27;s Health Center,floridamenshealth.com,ecohen@floridamenshealth.com,ecohen@floridamenshealth.com,yes,ok,https://floridamenshealth.com,medspa,"tirzepatide, nad+, pt-141, oxytocin",12
South Tampa Regenerative,floridaregenerative.com,info@floridaregenerative.com,info@floridaregenerative.com,yes,ok,https://floridaregenerative.com,medspa,"semaglutide, tirzepatide, bpc-157, tb-500, thymosin alpha-1, nad+",38
Flawless Skin &amp; Spa,fortlauderdalefacial.com,lizkay@yahoo.com,lizkay@yahoo.com; lizkaj@yahoo.com,yes,ok,https://fortlauderdalefacial.com,medspa,"semaglutide, tirzepatide, glutathione",7
Fundamentals Med Spa,fundamentalsmedspa.com,info@fundamentalsmedspa.com,info@fundamentalsmedspa.com,yes,ok,https://fundamentalsmedspa.com,medspa,,1
Gentle Beauty Solutions,gentlebeautysolutions.com,gentlebeautysolutions@gmail.com,gentlebeautysolutions@gmail.com,yes,ok,https://gentlebeautysolutions.com,medspa,GLP-1 weight loss peptides,7
Get Refreshed Med Spa,getrefreshed.com,info@getrefreshed.life,info@getrefreshed.life,yes,ok,https://getrefreshed.com,medspa,semaglutide,5
Glamor Medical,glamormedical.com,info@glamormedical.com,info@glamormedical.com,yes,ok,https://glamormedical.com/services,medspa,nad+,2
Glo Medical Aesthetics &amp; Wellness,glo-medaesthetics.com,info@glo-medaesthetics.com,info@glo-medaesthetics.com,yes,ok,https://glo-medaesthetics.com,medspa,"semaglutide, tirzepatide, glutathione",9
Glow Aesthetics Medical Spa,glowmedspavt.com,info@glowmedspavt.com,info@glowmedspavt.com,yes,ok,https://glowmedspavt.com,medspa,"semaglutide, tirzepatide",6
G&amp;M Medical Center and MedSpa,gmmedicalcenter.com,info@gmmedicalcenter.com,info@gmmedicalcenter.com; hello@gmmedicalcenter.com; billing@gmmedicalcenter.com,yes,ok,https://gmmedicalcenter.com,medspa,,1
Golden Afternoon,goldenafternoon.clinic,info@goldenafternoon.clinic,info@goldenafternoon.clinic,yes,ok,https://goldenafternoon.clinic,medspa,"semaglutide, tirzepatide",10
Grand Salon &amp; MedSpa,grand-salon.com,info@grand-salon.com,info@grand-salon.com,yes,ok,https://grand-salon.com,medspa,semaglutide,7
Hairsthetics,hairsthetics.com,eduardy@gmail.com,eduardy@gmail.com; hairstheticsnyc@gmail.com,yes,ok,https://hairsthetics.com,medspa,,2
Healthy Longevity Clinic,healthylongevity.clinic,boca@healthylongevity.clinic,boca@healthylongevity.clinic; miami@healthylongevity.clinic; prague@healthylongevity.clinic,yes,ok,https://healthylongevity.clinic,medspa,,4
Healthy Me Medical Therapies,healthymemia.com,info@healthymemia.com,info@healthymemia.com,yes,ok,https://healthymemia.com,medspa,"semaglutide, nad+, tirzepatide",10
Hollyday Med Spa,hollydayspa.com,hollydayinc@gmail.com,hollydayinc@gmail.com,yes,ok,https://hollydayspa.com,medspa,,2
Honey Medical Spa,honeymedicalspa.com,info@honeymedicalspa.com,info@honeymedicalspa.com,yes,ok,https://honeymedicalspa.com,medspa,,1
Honolulu MedSpa,honolulumedspa.com,info@honolulumedspa.com,info@honolulumedspa.com,yes,ok,https://honolulumedspa.com,medspa,GLP-1 weight loss peptides,3
HydraFuse,hydrafuserx.com,info@hydrafuserx.org,revivewellnessandaesthetics@outlook.com; connect@hydrafuserx.org; info@hydrafuserx.org,yes,ok,https://hydrafuserx.com,medspa,"semaglutide, tirzepatide, liraglutide, glutathione",7
IFusion Wellness,ifusiondallas.com,info@ifusiondallas.com,impallari@gmail.com; info@ifusiondallas.com,yes,ok,https://ifusiondallas.com,medspa,"semaglutide, tirzepatide, bpc-157, thymosin alpha-1, nad+, ipamorelin",15
Illume Wellbeing,illume-wellbeing.com,d.wolff@illumewellbeing.onmicrosoft.com,d.wolff@illumewellbeing.onmicrosoft.com,yes,ok,https://illume-wellbeing.com,medspa,,1
Impressions MediSpa,impressionsmedispa.com,info@impressionsmedispa.com,mariam.aesthetics@gmail.com; info@impressionsmedispa.com,yes,ok,https://impressionsmedispa.com,medspa,,1
Infusia IV Hydration and Medspa,infusiaivhydrationmedspa.com,info@infusiaivhydrationmedspa.com,info@infusiaivhydrationmedspa.com,yes,ok,https://infusiaivhydrationmedspa.com,medspa,,1
Institute of Aesthetics,instituteofaesthetics.com,info@instituteofaesthetics.com,info@instituteofaesthetics.com,yes,ok,https://instituteofaesthetics.com,medspa,GLP-1 weight loss peptides,3
Integrated Wellness,integratedak.com,contactus@integratedak.com,contactus@integratedak.com,yes,ok,https://integratedak.com,medspa,,2
Iv Glow Bar,ivglowbar.com,hannah@ivglowbar.com,hannah@ivglowbar.com,yes,ok,https://ivglowbar.com,medspa,"semaglutide, tirzepatide, bpc-157, tb-500, thymosin alpha-1, nad+",15
IVitalize Wellness and,ivitalizeil.com,ivitalizeil@gmail.com,ivitalizeil@gmail.com,yes,ok,https://ivitalizeil.com,medspa,"nad+, glutathione",4
JP Med Spa,jpmedspa.com,info@jpmedspa.com,jpmedspa@gmail.com; info@jpmedspa.com,yes,ok,https://jpmedspa.com,medspa,,1
Kauai Medspa,kauaimedspa.com,donna@kauaimedspa.com,donna@kauaimedspa.com; kauaimedispa@gmail.com; %20kauaimedispa@gmail.com; %20donna@kauaimedspa.com,yes,ok,https://kauaimedspa.com,medspa,"semaglutide, tirzepatide",8
Ken Starr MD Wellness Group,kenstarrmd.com,info@kenstarrmd.com,info@kenstarrmd.com,yes,ok,https://kenstarrmd.com,medspa,"semaglutide, tirzepatide, nad+",7
KN Medspa,knmedspa.com,knmedspa@gmail.com,knmedspa@gmail.com,yes,ok,https://knmedspa.com,medspa,GLP-1 weight loss peptides,3
Kucumber Skin Lounge,kucumberskinlounge.com,leads@kucumberskinlounge.com,leads@kucumberskinlounge.com,yes,ok,https://kucumberskinlounge.com,medspa,"semaglutide, tirzepatide",8
Ladue Medical Spa,laduemedspa.com,info@laduemedspa.com,info@laduemedspa.com; kaci.hale@yahoo.com,yes,ok,https://laduemedspa.com,medspa,,3
Lakeside Natural Medicine,lakesidenaturalmedicine.com,info@lakesidenaturalmedicine.com,info@lakesidenaturalmedicine.com; work@lakesidenaturalmedicine.com,yes,ok,https://lakesidenaturalmedicine.com,medspa,,1
LaserAway,laseraway.com,hello@laseraway.net,hello@laseraway.net,yes,ok,https://laseraway.com,medspa,"nad+, glutathione",2
Legacy Health Clinic,legacyhealthclinic.org,accounts@legacyhealthclinic.org,accounts@legacyhealthclinic.org,yes,ok,https://legacyhealthclinic.org,medspa,glutathione,7
"Elevate NP in Adult Health, PLLC",legendelevate.com,info@legendelevate.com,info@legendelevate.com,yes,ok,https://legendelevate.com,vendor,"bpc-157, tb-500, thymosin beta-4, ipamorelin, sermorelin, tesamorelin",15
LipoDoc (Liposuction &amp; Cosmetic Surgery Institute),lipodoc.com,info@lipodoc.com,info@lipodoc.com,yes,ok,https://lipodoc.com,medspa,GLP-1 weight loss peptides,7
Longév Clinic,longevclinictoronto.com,info@longevclinictoronto.com,info@longevclinictoronto.com,yes,ok,https://longevclinictoronto.com,medspa,,2
The Longevity Lab,longevitylabmn.com,contactus@longevitylabmn.com,contactus@longevitylabmn.com,yes,ok,https://longevitylabmn.com,medspa,glutathione,5
LuxeFactor Aesthetics,luxefactorlv.com,office@luxefactorlv.com,office@luxefactorlv.com,yes,ok,https://luxefactorlv.com,medspa,GLP-1 weight loss peptides,4
Luxury Beauty Clinic,luxurybeautyclinic.com,luxurybeautyinfo@gmail.com,luxurybeautyinfo@gmail.com,yes,ok,https://luxurybeautyclinic.com,medspa,GLP-1 weight loss peptides,3
Macro Med,macromedspa.com,brit@macromedspa.com,brit@macromedspa.com,yes,ok,https://macromedspa.com,medspa,,1
Madison Medispa,madisonmedispa.com,info@madisonmedispa.com,info@madisonmedispa.com,yes,ok,https://madisonmedispa.com,medspa,"semaglutide, tirzepatide",4
Magnifique Medical Spa,magnifiquemedicalspa.com,mmsmedspa@gmail.com,mmsmedspa@gmail.com,yes,ok,https://magnifiquemedicalspa.com,medspa,GLP-1 weight loss peptides,3
Mariposa Health &amp; Beauty Spa,mariposamedspasf.com,mariposahealthspa@gmail.com,mariposahealthspa@gmail.com,yes,ok,https://mariposamedspasf.com,medspa,"semaglutide, tirzepatide, glutathione",11
Mind and Body Performance Med Spa,mbputah.com,mindandbodyperformance@mbputah.com,mindbodyperformanceutah@gmail.com; mindandbodyperformance@mbputah.com,yes,ok,https://mbputah.com,medspa,"semaglutide, tirzepatide",7
MD Med Spa Belred,mdmedspabelred.com,drkumar@mdmedspabelred.com,drkumar@mdmedspabelred.com,yes,ok,https://mdmedspabelred.com,medspa,GLP-1 weight loss peptides,5
Medallus Medi Spa,medallusmedispa.com,clinicalaestheticadvisor@medallusmedispa.com,clinicalaestheticadvisor@medallusmedispa.com,yes,ok,https://medallusmedispa.com,medspa,GLP-1 weight loss peptides,3
Mederna Aesthetics &amp; Wellness,medernaofficial.com,info@medernaofficial.com,info@medernaofficial.com,yes,ok,https://medernaofficial.com,medspa,tirzepatide,3
Medical Weight Loss Utah MedSpa,medicalweightlossutah.com,info@medicalweightlossutah.com,info@medicalweightlossutah.com,yes,ok,https://medicalweightlossutah.com,medspa,semaglutide,3
Medspa 501,medspa501.com,hello@medspa501.com,hello@medspa501.com,yes,ok,https://medspa501.com,medspa,"semaglutide, tirzepatide",6
Med Spa NV,medspanv.com,staff@medspanv.com,staff@medspanv.com,yes,ok,https://medspanv.com,medspa,GLP-1 weight loss peptides,3
Men&#x27;s Vitality Clinic in Vancouver,mensvitality.clinic,info@mensvitality.clinic,info@mensvitality.clinic,yes,ok,https://mensvitality.clinic,medspa,"semaglutide, tirzepatide",4
Well Labs+ Medspa Middletown,middletown.wellabsplus.com,middletown@wellabsplus.com,middletown@wellabsplus.com,yes,ok,https://middletown.wellabsplus.com,medspa,"bpc-157, ipamorelin, sermorelin, tesamorelin, cjc-1295, ghrp-2",15
Midwest Alternative Treatment,midwestalternativetreatment.com,info@midwestalternativetreatment.com,info@midwestalternativetreatment.com,yes,ok,https://midwestalternativetreatment.com,medspa,"semaglutide, nad+",3
Milwaukee Medical Weight Loss &amp; MediSpa,milwaukeemedicalweightlossmedispa.com,info@milwaukeemedicalweightlossmedispa.com,kizzygau@hotmail.com; info@milwaukeemedicalweightlossmedispa.com,yes,ok,https://milwaukeemedicalweightlossmedispa.com,medspa,"semaglutide, tirzepatide",5
Mind Rejuvenation,mindrejuvenation.net,info@mindrejuvenation.net,info@mindrejuvenation.net,yes,ok,https://mindrejuvenation.net,medspa,,1
Mojo Vitality,mojoatl.com,info@mojoatl.com,info@mojoatl.com,yes,ok,https://mojoatl.com/contact,medspa,,4
Monaco MedSpa,monacomedspa.com,officemanager@monacomedspa.com,officemanager@monacomedspa.com,yes,ok,https://monacomedspa.com,medspa,"semaglutide, tirzepatide",7
Mountcastle Medical Spa,mountcastlemedicalspa.com,info@mountcastlemedicalspa.com,info@mountcastlemedicalspa.com,yes,ok,https://mountcastlemedicalspa.com,medspa,,1
Muma Aesthetics Medical Spa,mumaaesthetics.com,info@mumaaesthetics.com,injectormo@gmail.com; info@mumaaesthetics.com,yes,ok,https://mumaaesthetics.com,medspa,"tirzepatide, semaglutide",5
Alpine Health &amp; Wellness,myalpinehealth.com,myalpinehealth@gmail.com,myalpinehealth@gmail.com,yes,ok,https://myalpinehealth.com,medspa,"semaglutide, tirzepatide, nad+, ipamorelin, sermorelin, tesamorelin",13
Amorino Med Spa,myamorino.com,info@myamorino.com,info@myamorino.com,yes,ok,https://myamorino.com,medspa,GLP-1 weight loss peptides,4
Dr. V's NY Med Spa,mymdspa.com,info@mymdspa.com,info@mymdspa.com,yes,ok,https://mymdspa.com,medspa,"nad+, glutathione",3
Source of Health Medspa,mysourceofhealth.com,behealthy@mysourceofhealth.com,behealthy@mysourceofhealth.com,yes,ok,https://mysourceofhealth.com,medspa,,1
Naperville Health &amp; Wellness Clinic in Chicago,napervillehwclinic.com,info@napervillehwclinic.com,info@napervillehwclinic.com,yes,ok,https://napervillehwclinic.com/contact,medspa,"semaglutide, tirzepatide, nad+, glutathione",11
New Pathways Clinic,newpathwaysclinic.com,contact@newpathwaysclinic.com,contact@newpathwaysclinic.com; eastcle@newpathwaysclinic.com; columbus@newpathwaysclinic.com; cincy@newpathwaysclinic.com; toledo@newpathwaysclinic.com,yes,ok,https://newpathwaysclinic.com,medspa,semaglutide,1
New Vision Med Spa,newvisionmed.com,info@newvisionmed.com,info@newvisionmed.com,yes,ok,https://newvisionmed.com,medspa,GLP-1 weight loss peptides,3
New You MedSPA,newyoumedspa.net,info@newyoumedspa.net,info@newyoumedspa.net,yes,ok,https://newyoumedspa.net,medspa,"semaglutide, tirzepatide",7
Nob Hill Aesthetics,nobhillaesthetics.com,office@nobhillaesthetics.com,office@nobhillaesthetics.com,yes,ok,https://nobhillaesthetics.com,medspa,semaglutide,1
Nourish Med Spa,nourishmedspa.com,info@nourishmedspa.com,info@nourishmedspa.com; nourishmedspa1@gmail.com,yes,ok,https://nourishmedspa.com,medspa,semaglutide,2
Novaskin Med Spa &amp; Laser Center,novaskinmedspa.com,novaskinaesthetic@gmail.com,novaskinaesthetic@gmail.com; info.novamedspa@gmail.com,yes,ok,https://novaskinmedspa.com,medspa,nad+,2
Novel Mind &amp; Wellness Center,novelmindcenter.com,info@novelmindcenter.com,info@novelmindcenter.com,yes,ok,https://novelmindcenter.com,medspa,,2
Novo Aesthetics,novo-spa.com,rachael@novo-spa.com,rachael@novo-spa.com,yes,ok,https://novo-spa.com,medspa,"semaglutide, tirzepatide",5
NUIQ Wellness Lounge &amp; Med Spa,nuiqwellness.com,info@nuiqwellness.com,info@nuiqwellness.com,yes,ok,https://nuiqwellness.com,medspa,nad+,5
Nuyu Med Spa,nuyumedspanm.com,info@nuyumedspanm.com,maria@nuyumedspanm.com; info@nuyumedspanm.com,yes,ok,https://nuyumedspanm.com,medspa,,1
NYA Med Spa,nyamedspa.com,info@nyamedspa.com,info@nyamedspa.com,yes,ok,https://nyamedspa.com,medspa,,1
Oklahoma Pain Center,oklahomapaincenter.com,questions@oklahomapaincenter.com,questions@oklahomapaincenter.com,yes,ok,https://oklahomapaincenter.com,medspa,,1
On Point Med Spa and Wellness Center,onptmedspa.com,onptmedspa@outlook.com,onptmedspa@outlook.com,yes,ok,https://onptmedspa.com,medspa,semaglutide,2
Osiris Medical Spa,osirismedicalspa.com,contact@osirismedicalspa.com,contact@osirismedicalspa.com,yes,ok,https://osirismedicalspa.com,medspa,"semaglutide, semax",4
Pacific NW Beauty Bar,pacificnwbeautybar.com,pacificnwbeautybarinc@gmail.com,pacificnwbeautybarinc@gmail.com,yes,ok,https://pacificnwbeautybar.com,medspa,"semaglutide, tirzepatide",2
Parfaire Aesthetic Clinic,parfaire.com,reception@parfaire.com,reception@parfaire.com,yes,ok,https://parfaire.com/contact-us,medspa,"semaglutide, tirzepatide",2
Parie Medspa,pariemedspa.com,hello@pariemedspa.com,hello@pariemedspa.com,yes,ok,https://pariemedspa.com,medspa,"tirzepatide, nad+, glutathione",7
Park City Medesthetix,parkcitymed.com,info@parkcitymed.com,info@parkcitymed.com,yes,ok,https://parkcitymed.com/contact,medspa,"nad+, glutathione",3
Pellé Medical Spa,pellemedicalspa.com,info@pellemedicalspa.com,info@pellemedicalspa.com,yes,ok,https://pellemedicalspa.com,medspa,GLP-1 weight loss peptides,5
PhillyMedClub,phillymedclub.com,info@phillymedclub.com,info@phillymedclub.com,yes,ok,https://phillymedclub.com,medspa,"tirzepatide, semaglutide",8
Physician Skin Services,physicianskinservices.com,anita@physicianskinservices.com,anita@physicianskinservices.com,yes,ok,https://physicianskinservices.com,medspa,"semaglutide, tirzepatide, glutathione",9
Piper Rose Med Spa,piperrosemedspa.com,piperrosemedspa@gmail.com,piperrosemedspa@gmail.com,yes,ok,https://piperrosemedspa.com,medspa,"semaglutide, tirzepatide, sermorelin, oxytocin",8
Posh Facial Esthetics &amp; Medical Spa,poshfacialesthetics.com,poshmedicalspa@gmail.com,poshmedicalspa@gmail.com; aliciamalone770@gmail.com; pettykatherine452@gmail.com,yes,ok,https://poshfacialesthetics.com,medspa,"tirzepatide, bpc-157, tb-500, thymosin alpha-1, nad+, mots-c",17
Preferred Regen ATL,preferredregen.com,info@preferredregen.com,info@preferredregen.com,yes,ok,https://preferredregen.com,medspa,"semaglutide, tirzepatide",9
Prime MedSpa PDX,primemedspapdx.com,infoprimemedspa@gmail.com,infoprimemedspa@gmail.com,yes,ok,https://primemedspapdx.com,medspa,semaglutide,2
Prizm Pain Management Clinic,prizmpain.com,contact@prizmpain.com,contact@prizmpain.com,yes,ok,https://prizmpain.com,medspa,,1
Proper Eu,propereu.com,info@propereu.net,info@propereu.net,yes,ok,https://propereu.com,medspa,GLP-1 weight loss peptides,4
Providence Med Spa,providencemedspa.com,info@providencemedspa.com,info@providencemedspa.com,yes,ok,https://providencemedspa.com,medspa,"semaglutide, tirzepatide",3
PROVOKE Health,provokehealth.com,jane@gmail.com,jane@gmail.com,yes,ok,https://provokehealth.com,medspa,,2
PureBeautyNP Aesthetics,purebeautynpaesthetics.com,purebeautynp@gmail.com,purebeautynp@gmail.com,yes,ok,https://purebeautynpaesthetics.com,medspa,GLP-1 weight loss peptides,7
Pure Envy Medspa,pureenvymedspa.com,info@pureenvymedspa.com,info@pureenvymedspa.com,yes,ok,https://pureenvymedspa.com,medspa,GLP-1 weight loss peptides,3
Pure Radiance Medspa and Wellness,pureradiancemedspas.com,info@pureradiancemedspas.com,info@pureradiancemedspas.com,yes,ok,https://pureradiancemedspas.com,medspa,,1
Pure Medical Spa,pureyoumedspa.com,puremedspa222@gmail.com,puremedspa222@gmail.com,yes,ok,https://pureyoumedspa.com,medspa,,1
Quality Medical Cosmetics,qualitymedicalcos.com,info@qualitymedicalcos.com,quality.medicalcos@gmail.com; info@qualitymedicalcos.com; medspa@qualitymedicalcos.com,yes,ok,https://qualitymedicalcos.com,medspa,semaglutide,1
Reflections Medspa And Wellness Center,reflectionsmedspalex.com,medspa@reflectionsmedspalex.com,medspa@reflectionsmedspalex.com,yes,ok,https://reflectionsmedspalex.com,medspa,,1
Regenerize Me,regenerizeme.com,info@regenerizeme.com,info@regenerizeme.com; sharon@regenerizeme.com,yes,ok,https://regenerizeme.com,medspa,GLP-1 weight loss peptides,3
Rejuvenate Austin,rejuvenateaustin.com,hello@rejuvenateaustin.com,hello@rejuvenateaustin.com,yes,ok,https://rejuvenateaustin.com,medspa,"semaglutide, tirzepatide",5
Rejuvenated Medical Spa,rejuvenatedmedspa.com,info@rejuvenatedmedspa.com,info@rejuvenatedmedspa.com,yes,ok,https://rejuvenatedmedspa.com,medspa,GLP-1 weight loss peptides,6
Rejuvenate Med Spa,rejuvenatemedspaia.org,rejuvenatemedspanp@gmail.com,rejuvenatemedspanp@gmail.com,yes,ok,https://rejuvenatemedspaia.org,medspa,GLP-1 weight loss peptides,5
Rejuvenate You,rejuvenateyou307.com,info@rejuvenateyou307.com,info@rejuvenateyou307.com,yes,ok,https://rejuvenateyou307.com,medspa,,1
RejuvLA,rejuvla.com,info@rejuvla.com,info@rejuvla.com,yes,ok,https://rejuvla.com,medspa,"nad+, glutathione",4
Remède Med Spa,remedeco.com,jh@remedeco.com,jh@remedeco.com; bend@remedeco.com,yes,ok,https://remedeco.com,medspa,"semaglutide, tirzepatide, nad+, glutathione",7
REMEDY 605,remedy605.com,contact@remedy605.com,contact@remedy605.com,yes,ok,https://remedy605.com,medspa,"semaglutide, tirzepatide",8
Results Medical Aesthetics,resultsmed.com,info@resultsmed.com,info@resultsmed.com,yes,ok,https://resultsmed.com,medspa,GLP-1 weight loss peptides,3
Revitalize Wellness &amp; Med Spa,revitalizemedspawyo.com,revitalizewyo@gmail.com,revitalizewyo@gmail.com,yes,ok,https://revitalizemedspawyo.com,medspa,,2
Revive Medical Spa,revivemedspaak.com,hello@revivemedspaak.com,hello@revivemedspaak.com,yes,ok,https://revivemedspaak.com,medspa,GLP-1 weight loss peptides,3
REVIVE Aesthetics + Wellness,reviveri.com,info@reviveri.com,info@reviveri.com,yes,ok,https://reviveri.com,medspa,,1
RichSkin Medical Aesthetics,richskin.com,dan.richard@richskin.com,dan.richard@richskin.com,yes,ok,https://richskin.com,medspa,glutathione,2
RNA Medical Aesthetics,rnamedicalaesthetics.com,info@rnamedicalaesthetics.com,info@rnamedicalaesthetics.com,yes,ok,https://rnamedicalaesthetics.com,medspa,,4
Rogue Revitalize,roguerevitalize.com,frontdesk@roguerevitalize.com,roguerevitalize@gmail.com; frontdesk@roguerevitalize.com,yes,ok,https://roguerevitalize.com,medspa,"nad+, glutathione",9
Royal Medical Health,royalmedicalhealth.com,mbornaei@royalmedicalhealth.com,mbornaei@royalmedicalhealth.com,yes,ok,https://royalmedicalhealth.com,medspa,"semaglutide, tirzepatide",9
Royal You Med Spa,royalyoumedspa.com,info@royalyoumedspa.com,info@royalyoumedspa.com; royalyoumedspa@gmail.com,yes,ok,https://royalyoumedspa.com,medspa,semaglutide,6
R&amp;R Wellness,rrawellness.com,office@rrawellness.com,office@rrawellness.com,yes,ok,https://rrawellness.com,medspa,,1
Salt Aesthetics,saltbend.com,hello@saltbend.com,hello@saltbend.com,yes,ok,https://saltbend.com,medspa,GLP-1 weight loss peptides,2
Santa Ana Skin Care Clinic,santaanaskincare.com,admin@santaanaskincare.com,admin@santaanaskincare.com,yes,ok,https://santaanaskincare.com,medspa,"semaglutide, tirzepatide, retatrutide, nad+, glutathione",12
Savera Beauty and Wellness,saverabeautyandwellness.com,info@saverabeautyandwellness.com,info@saverabeautyandwellness.com; %20info@saverabeautyandwellness.com,yes,ok,https://saverabeautyandwellness.com,medspa,,1
Scarlett Hawkins Medspa,scarletthawkinsmedspa.com,hello@scarletthawkinsmedspa.com,hello@scarletthawkinsmedspa.com,yes,ok,https://scarletthawkinsmedspa.com,medspa,"nad+, glutathione",2
Scottsdale Med Spa &amp; GLAM,scottsdalemedspa.beauty,info@scottsdalemedspa.beauty,info@scottsdalemedspa.beauty,yes,ok,https://scottsdalemedspa.beauty,medspa,GLP-1 weight loss peptides,3
Sculpt Aesthetics,sculptidaho.com,deltaphoenixmedspa@gmail.com,deltaphoenixmedspa@gmail.com,yes,ok,https://sculptidaho.com,medspa,GLP-1 weight loss peptides,3
SD Wellness Group,sdwellnessgroup.com,info@sdwellnessgroup.com,info@sdwellnessgroup.com,yes,ok,https://sdwellnessgroup.com,medspa,,1
SeaMist MedSpa,seamistmedspa.com,info@seamistmedspa.com,info@seamistmedspa.com,yes,ok,https://seamistmedspa.com,medspa,GLP-1 weight loss peptides,6
Seamless Skin MD,seamlessskinmd.com,contact@seamlessskinmd.com,contact@seamlessskinmd.com,yes,ok,https://seamlessskinmd.com,medspa,,1
Seaport Medspa,seaportmedspa.com,hello@seaportmedspa.com,hello@seaportmedspa.com,yes,ok,https://seaportmedspa.com,medspa,"nad+, glutathione",2
Serene Med Spa,serenemedspas.com,info@serenemedspas.com,info@serenemedspas.com,yes,ok,https://serenemedspas.com,medspa,"semaglutide, tirzepatide, nad+",4
Serenity Med Spa,serenitymedspaga.com,info@serenitymedspaga.com,info@serenitymedspaga.com,yes,ok,https://serenitymedspaga.com,medspa,GLP-1 weight loss peptides,6
Simply Injectables Medical Spa,simplyinjectables.com,info@simplyinjectables.com,info@simplyinjectables.com,yes,ok,https://simplyinjectables.com,medspa,GLP-1 weight loss peptides,3
Skin &amp; Sculpt Medical Spa,skinandsculptmedspa.com,info@skinandsculptmedspa.com,info@skinandsculptmedspa.com,yes,ok,https://skinandsculptmedspa.com,medspa,,1
Skin Envy Cosmetic and Laser Center,skinenvyny.com,info@skinenvyny.com,info@skinenvyny.com,yes,ok,https://skinenvyny.com,medspa,GLP-1 weight loss peptides,5
Skingevity Med Spa,skingevityspa.com,info@skingevityspa.com,info@skingevityspa.com,yes,ok,https://skingevityspa.com,medspa,glutathione,2
Skin Medics,skinmedicsmedicalspa.com,skinmedicsspa@gmail.com,skinmedicsspa@gmail.com,yes,ok,https://skinmedicsmedicalspa.com,medspa,,1
Skinsation,skinsationla.com,info@skinsationla.com,info@skinsationla.com,yes,ok,https://skinsationla.com,medspa,"semaglutide, tirzepatide, nad+, glutathione",11
SkinSpa,skinspanm.com,info@skinspanm.com,info@skinspanm.com,yes,ok,https://skinspanm.com,medspa,"semaglutide, tirzepatide, nad+",5
SkinSpirit Medical Spa,skinspirit.com,annapolis@skinspirit.com,annapolis@skinspirit.com; buckhead@skinspirit.com; dunwoody@skinspirit.com; austin@skinspirit.com; northaustin@skinspirit.com; westlakehills@skinspirit.com; bellevuesquare@skinspirit.com; beverlyhills@skinspirit.com,yes,ok,https://skinspirit.com,medspa,,1
Skin Suite Medspa,skinsuitemedspa.com,info@skinsuitemedspa.com,info@skinsuitemedspa.com,yes,ok,https://skinsuitemedspa.com,medspa,semaglutide,1
Slender Me Medical,slendermemedical.com,info@slendermemedical.com,info@slendermemedical.com,yes,ok,https://slendermemedical.com,medspa,"semaglutide, tirzepatide, bpc-157, tb-500, nad+, sermorelin",24
Smart Skin Med Spa,smartskinmedspa.com,info@smartskinmedspa.com,info@smartskinmedspa.com,yes,ok,https://smartskinmedspa.com,medspa,semaglutide,2
SpaDerma,spaderma.com,info@spaderma.com,info@spaderma.com,yes,ok,https://spaderma.com,medspa,"semaglutide, tirzepatide, nad+, glutathione",5
Spa MD Beauty,spamdbeauty.com,info@spamdbeauty.com,info@spamdbeauty.com,yes,ok,https://spamdbeauty.com,medspa,semaglutide,1
Sculpted Aesthetics,stay-sculpted.com,sculptedbywh@gmail.com,sculptedbywh@gmail.com,yes,ok,https://stay-sculpted.com,medspa,nad+,2
St. Julien Aesthetics,stjulienaesthetics.com,reillystclark@gmail.com,reillystclark@gmail.com,yes,ok,https://stjulienaesthetics.com,medspa,"semaglutide, tirzepatide, nad+, glutathione",8
StrIVeMD Wellness and Ketamine,strivemdwellness.com,info@strivemdwellness.com,info@strivemdwellness.com,yes,ok,https://strivemdwellness.com,medspa,"semaglutide, tirzepatide, liraglutide, nad+",11
Swiftwater Medical,swiftwatermedical.com,info@swiftwatermedical.com,info@swiftwatermedical.com,yes,ok,https://swiftwatermedical.com,medspa,"semaglutide, glutathione",6
Synergi MedSpa,synergimedspa.com,info@synergimedspa.com,info@synergimedspa.com,yes,ok,https://synergimedspa.com,medspa,,1
Taylor Wellness Medspa,taylorwellnessmedspa.com,info@taylorwellnessmedspa.com,info@taylorwellnessmedspa.com,yes,ok,https://taylorwellnessmedspa.com,medspa,,1
The Albany Clinic,thealbanyclinic.com,contact@thealbanyclinic.com,contact@thealbanyclinic.com; content_library.global.email.contact@thealbanyclinic.com,yes,ok,https://thealbanyclinic.com,medspa,,1
The Body Bar,thebodybarie.com,info@thebodybarie.com,info@thebodybarie.com,yes,ok,https://thebodybarie.com,medspa,"semaglutide, tirzepatide",7
The Cure Wellness,thecurespace.net,info@thecurespace.net,info@thecurespace.net,yes,ok,https://thecurespace.net,medspa,"semaglutide, bpc-157, nad+, ipamorelin, sermorelin, cjc-1295",13
Elevate Medical Spa,theelevatespa.com,theelevatespa@gmail.com,theelevatespa@gmail.com; theevelatespa@gmail.com,yes,ok,https://theelevatespa.com,medspa,semaglutide,5
Glow Aesthetics Med Spa,theglowsd.com,hello@theglowsd.com,hello@theglowsd.com,yes,ok,https://theglowsd.com,medspa,GLP-1 weight loss peptides,4
Kian Aesthetic Institute,thekianinstitute.com,hello@thekianinstitute.com,hello@thekianinstitute.com,yes,ok,https://thekianinstitute.com/contact-us,medspa,GLP-1 weight loss peptides,2
The Look Med Spa,thelookmedspalv.com,info@thelookmedspalv.com,thelookmedspa@gmail.com; info@thelookmedspalv.com,yes,ok,https://thelookmedspalv.com,medspa,,1
NUR Med Spa,thenurmedspa.com,info@thenurmedspa.com,info@thenurmedspa.com; admin@thenurmedspa.com,yes,ok,https://thenurmedspa.com,medspa,glutathione,3
The Pur Health,thepurhealth.com,munib@thepurhealth.com,munib@thepurhealth.com,yes,ok,https://thepurhealth.com,medspa,"semaglutide, glutathione, tirzepatide",10
The Rural Aesthetic Med Spa,theruralaestheticmedspa.com,theruralaestheticmedspa@gmail.com,theruralaestheticmedspa@gmail.com,yes,ok,https://theruralaestheticmedspa.com,medspa,GLP-1 weight loss peptides,7
Transformation The Med Spa,transformationthemedspa.com,info@transformationthemedspa.com,info@transformationthemedspa.com,yes,ok,https://transformationthemedspa.com,medspa,GLP-1 weight loss peptides,4
TriMotus,trimotus.com,drkhavari@trimotus.com,drkhavari@trimotus.com,yes,ok,https://trimotus.com,medspa,,3
Trusted Aesthetics,trustedaesthetics.com,info@trustedaesthetics.com,info@trustedaesthetics.com,yes,ok,https://trustedaesthetics.com,medspa,,1
Üesthetics,uestheticsindy.com,hello@uestheticsindy.com,hello@uestheticsindy.com,yes,ok,https://uestheticsindy.com,medspa,,1
ULS Aesthetics Lab,ulsaestheticslab.com,info@ulsaestheticslab.com,info@ulsaestheticslab.com,yes,ok,https://ulsaestheticslab.com,medspa,semaglutide,2
Urban Aesthetic Med Spa,urbanaestheticmedspa.com,info@urbanaestheticmedspa.com,info@urbanaestheticmedspa.com,yes,ok,https://urbanaestheticmedspa.com,medspa,glutathione,3
Vigneri Aesthetics &amp; Wellness,vigneriaesthetics.com,hello@vigneriaesthetics.com,hello@vigneriaesthetics.com,yes,ok,https://vigneriaesthetics.com,medspa,"semaglutide, tirzepatide",5
Visage MedArt,visagemedart.com,visagemedart@gmail.com,visagemedart@gmail.com,yes,ok,https://visagemedart.com,medspa,,1
VitalityMD,vitalitymd.com,operations@vitalitymd.com,operations@vitalitymd.com,yes,ok,https://vitalitymd.com,medspa,semaglutide,7
Vivia MedSpa,viviamedspatampa.com,info@viviamedspatampa.com,info@viviamedspatampa.com,yes,ok,https://viviamedspatampa.com,medspa,GLP-1 weight loss peptides,2
Wellness Haus,wellnesshaus.com,info@wellnesshaus.com,patientcare@wellnesshaus.com; info@wellnesshaus.com,yes,ok,https://wellnesshaus.com,medspa,nad+,5
Westlake Medical Arts,westlakemedicalarts.com,info@westlakemedicalarts.com,info@westlakemedicalarts.com; tomie@westlakemedicalarts.com,yes,ok,https://westlakemedicalarts.com,medspa,,3
White Lotus Aesthetics &amp; Wellness,whitelotusmedaesthetics.com,whitelotusmedicalaesthetics@gmail.com,whitelotusmedicalaesthetics@gmail.com,yes,ok,https://whitelotusmedaesthetics.com,medspa,GLP-1 weight loss peptides,5
Willo MediSpa,willomedispa.com,customerservice@willomedispa.com,customerservice@willomedispa.com,yes,ok,https://willomedispa.com,medspa,sermorelin,1
Youveau Aesthetics,youveau.org,youveau.aesthetics@gmail.com,youveau.aesthetics@gmail.com,yes,ok,https://youveau.org,medspa,,1
Zahav Med Spa,zahavmedspa.com,scottsdale@zahavmedspa.com,scottsdale@zahavmedspa.com,yes,ok,https://zahavmedspa.com,medspa,glutathione,1
ZI BLOOM,zibloom.com,info@zibloom.com,zi.bloom2@gmail.com; info@zibloom.com,yes,ok,https://zibloom.com,medspa,semaglutide,2
Aesthetica Medical Spa,406aesthetica.com,,,yes,no_email,https://406aesthetica.com,medspa,"semaglutide, tirzepatide",10
Blossom Health &amp; Wellness,605blossom.com,,,,no_email,,vendor,,0
Angel Aesthetics Med Spa,aamedspas.com,angelaestheticsmedspa@gmail.com,angelaestheticsmedspa@gmail.com,yes,already known,https://aamedspas.com,medspa,,1
Above All PATC,aboveallpatc.com,admin@aboveallpatc.com,admin@aboveallpatc.com,yes,no_peptides,https://aboveallpatc.com,vendor,,0
Crown Aesthetics and Medical Spa,accesshealthky.com,,,yes,no_email,https://accesshealthky.com,medspa,,0
Headlight Health,achievemedicalcenter.com,,,yes,no_email,https://achievemedicalcenter.com,medspa,,0
Advanced Med Spa,advancedmedfargo.com,,,,no_email,,vendor,,0
Advanced Psychiatry,advancedpsych.com,statements@advancedpsych.com,statements@advancedpsych.com,,no_peptides,https://advancedpsych.com,vendor,,0
Advanced Spine and Pain,advancedspineandpain.com,,,yes,no_email,https://advancedspineandpain.com,medspa,,0
Advanced TMS Center,advancedtmscenter.com,,,yes,no_email,https://advancedtmscenter.com,medspa,,0
Aespala Medspa &amp; Plastic Surgery,aespala.com,,,yes,no_email,https://aespala.com,medspa,"semaglutide, tirzepatide",3
Aesthetic Center of Richmond Dermatology,aestheticcenterofrichmonddermatology.com,,,,no_email,https://aestheticcenterofrichmonddermatology.com,medspa,,0
Aestique Medispa,aestiquemedispa.com,,,,no_email,https://aestiquemedispa.com,medspa,,0
Ageless Med Spa by Mindy,agelessbymindy.com,info@agelessbymindy.com,info@agelessbymindy.com,yes,no_peptides,https://agelessbymindy.com,medspa,,0
Ageless Aesthetics Indianapolis,agelessindy.com,,,yes,no_email,https://agelessindy.com,medspa,GLP-1 weight loss peptides,2
AgeLess Medical Aesthetics,agelessmedical307.com,info@agelessmedical307.com,info@agelessmedical307.com,yes,no_peptides,https://agelessmedical307.com,medspa,,0
Ageless Aesthetics MediSpa,agelesssantafe.com,,,yes,no_email,https://agelesssantafe.com,medspa,GLP-1 weight loss peptides,5
Accelerate Health Clinics,ah-clinics.com,,,yes,no_email,https://ah-clinics.com,medspa,"semaglutide, tirzepatide, bpc-157, tb-500, nad+, ipamorelin",26
Alabama Clinics,alabamaclinics.com,contactus@alabamaclinics.com,contactus@alabamaclinics.com,yes,no_peptides,https://alabamaclinics.com,medspa,,0
Alchemy,alchemytherapy.org,info@alchemytherapy.org,info@alchemytherapy.org,yes,no_peptides,https://alchemytherapy.org,medspa,,0
Align Spa,alignspa.com,info@alignspa.com,info@alignspa.com,,no_peptides,https://alignspa.com,medspa,,0
Allendale Treatment,allendaletreatment.com,admissions@allendaletreatment.com,admissions@allendaletreatment.com,yes,no_peptides,https://allendaletreatment.com,medspa,,0
Alliance Health Choice,alliancehealthchoice.com,,,yes,no_email,https://alliancehealthchoice.com,medspa,,0
Allison Jeffery Skin Health &amp; Laser Clinic in Brighton,allisonjeffery.com,info@allisonjeffery.com,info@allisonjeffery.com,yes,no_peptides,https://allisonjeffery.com,medspa,,0
Vida Aesthetics &amp; Wellness,allmyvida.com,info@allmyvida.com,info@allmyvida.com,,no_peptides,https://allmyvida.com,medspa,,0
Allura Medical Esthetics,alluramedesthetics.com,,,,no_email,,vendor,,0
Allure Skin Health,allureskinhealth.com,allureskinhealth@gmail.com,allureskinhealth@gmail.com,,no_peptides,https://allureskinhealth.com,medspa,,0
Allure Medical Spa,allurewyo.com,,,,unreachable,,,,
Aloha Aesthetics MD,aloha-aestheticsmd.com,,,yes,no_email,https://aloha-aestheticsmd.com,medspa,glutathione,5
Aloha Integrative Health,alohaintegrativehealth.com,,,yes,no_email,https://alohaintegrativehealth.com,medspa,,1
BODYWELLE,alonsomartinmd.com,,,yes,no_email,https://alonsomartinmd.com,medspa,"semaglutide, bpc-157, nad+, tesamorelin, cjc-1295",16
Aloria Skincare &amp; Spa,aloriaskincarespa.com,aloriaskincaremgmt@gmail.com,aloriaskincaremgmt@gmail.com,yes,no_peptides,https://aloriaskincarespa.com,medspa,,0
Altasano Infusion Center,altasano.com,connect@altasano.com,connect@altasano.com,yes,no_peptides,https://altasano.com,medspa,,0
Alternative Therapy STL,alternativetherapystl.com,,,yes,no_email,https://alternativetherapystl.com,vendor,,0
"Nicole Chase, PA",alumamedicalaesthetics.com,,,yes,no_email,https://alumamedicalaesthetics.com,medspa,,0
Amara Med Spa,amaramedspa.com,,,yes,no_email,https://amaramedspa.com,medspa,,0
Ambrosia Treatment Center,ambrosiatc.com,info@ambrosiatc.com,info@ambrosiatc.com,yes,no_peptides,https://ambrosiatc.com,medspa,,0
Amen Clinics,amenclinics.com,,,yes,no_email,https://amenclinics.com,medspa,,1
American Medical Wellness,americanmedicalwellness.com,,,yes,no_email,https://americanmedicalwellness.com,medspa,"nad+, ipamorelin, sermorelin, cjc-1295, pt-141",12
Anand Medical Spa,anandmedicalspa.com,,,,unreachable,,,,
New Age Medspa,anchoragemedspa.com,,,yes,no_email,https://anchoragemedspa.com,medspa,"nad+, glutathione",2
Anderson Longevity Clinic,andersonlongevityclinic.com,,,,no_email,https://andersonlongevityclinic.com,medspa,sermorelin,4
ANEU Med Spa,aneumedspa.com,info@aneumedspa.com,info@aneumedspa.com,,no_peptides,https://aneumedspa.com,medspa,,0
Anew Therapy,anewtherapy.janeapp.com,,,yes,no_email,https://anewtherapy.janeapp.com,medspa,,0
A New You Med Spa,anewyoumedspaannapolis.com,anewyoumedspaannapolis@gmail.com,anewyoumedspaannapolis@gmail.com,yes,no_peptides,https://anewyoumedspaannapolis.com,medspa,,0
A Nourished Mind,anourishedmind.com,,,yes,no_email,https://anourishedmind.com,vendor,,0
Anti-Aging and Ketamine Center,antiagingandketamine.com,,,,no_email,,vendor,,0
Adam O’Neill &amp; Associates,aoavirginia.com,office@aoavirginia.com,office@aoavirginia.com,yes,no_peptides,https://aoavirginia.com,medspa,,0
Apollo Pain Center,apollopaincenter.com,,,yes,no_email,https://apollopaincenter.com,medspa,,1
Aqua Vida Med Spa,aquavidamedspa.com,info@aquavidamedspa.com,info@aquavidamedspa.com,yes,no_peptides,https://aquavidamedspa.com,medspa,,0
Arabella Boutique Med Spa,arabellaboutiquemedspa.com,arabellaboutiquemedspa@gmail.com,arabellaboutiquemedspa@gmail.com,yes,no_peptides,https://arabellaboutiquemedspa.com,medspa,,0
Arabella Knox,arabellaknox.com,info@arabellaknox.com,info@arabellaknox.com,yes,no_peptides,https://arabellaknox.com,medspa,,0
Arizona Medical Medspa,arizonamedicalmedspa.com,,,yes,no_email,https://arizonamedicalmedspa.com,medspa,,0
ARRC LED,arrcled.com,info@arrcled.com,info@arrcled.com,yes,no_peptides,https://arrcled.com,medspa,,0
Artisan Skin and Laser,artisanskinandlaser.com,,,,no_email,https://artisanskinandlaser.com/services,medspa,,0
The Art of Aesthetics Med Spa,artofaestheticsmedspa.com,artofaestheticsmedspa@gmail.com,artofaestheticsmedspa@gmail.com,yes,no_peptides,https://artofaestheticsmedspa.com,medspa,,0
Testosterone Replacement Therapy: Dr. Christopher Asandra,asandramd.com,,,yes,no_email,https://asandramd.com/contact-us,medspa,sermorelin,7
Ascent Medical Spa &amp; Wellness,ascentmedwyo.com,,,,unreachable,,,,
Aspect Counseling &amp; Psychiatry,aspectcounseling.com,info@aspectcounseling.com,info@aspectcounseling.com,yes,no_peptides,https://aspectcounseling.com,medspa,,0
Aspenridge Recovery,aspenridgerecoverycenters.com,,,yes,no_email,https://aspenridgerecoverycenters.com,vendor,,0
Athena Care,athenacare.health,,,yes,no_email,https://athenacare.health,medspa,,0
Atlantic Aesthetics Maine,atlanticaestheticsmaine.com,,,,no_email,,vendor,,0
Atlas Mens Health Clinic,atlasmenshealth.com,,,yes,no_email,https://atlasmenshealth.com,medspa,"semaglutide, tirzepatide, nad+, sermorelin, tesamorelin, mots-c",18
Attain MedSpa,attainmedspa.com,,,yes,no_email,https://attainmedspa.com,medspa,,1
Austin Regenerative Therapy,austinregen.com,,,yes,no_email,https://austinregen.com,medspa,,3
Avail Aesthetics,availaesthetics.com,info@availaesthetics.com,info@availaesthetics.com,yes,no_peptides,https://availaesthetics.com,medspa,,0
Avance Psychiatry,avancepsychiatry.com,,,yes,no_email,https://avancepsychiatry.com,medspa,,0
Avesta Ketamine and Wellness,avestaketaminewellness.com,,,yes,no_email,https://avestaketaminewellness.com,medspa,glutathione,1
Axis Integrated Mental Health,axismh.com,,,yes,no_email,https://axismh.com,medspa,,0
Ayafusion Ketamine Clinic,ayafusionketamine.com,,,yes,no_email,https://ayafusionketamine.com,medspa,nad+,2
AZ Laser Studio &amp; Medspa,azlaserstudiomedspa.com,,,yes,no_email,https://azlaserstudiomedspa.com,medspa,"bpc-157, tb-500, thymosin beta-4",10
Arizona Pain Care,azpaincarecenter.com,,,yes,no_email,https://azpaincarecenter.com,medspa,,0
Smooth Laser &amp; Med Spa,azsmooth.com,smoothlaserandskin@yahoo.com,smoothlaserandskin@yahoo.com,yes,no_peptides,https://azsmooth.com,medspa,,0
Bair Medical Spa,bairmedicalspa.com,info@bairmedicalspa.com,info@bairmedicalspa.com,yes,no_peptides,https://bairmedicalspa.com,medspa,,0
Baptist Health System,baptisthealthsystem.com,,,,unreachable,,,,
Bare Medical Spa + Laser Center,barevt.com,,,yes,no_email,https://barevt.com,medspa,semaglutide,5
Rainforest Recovery Center,bartletthospital.org,riskmanager@bartletthospital.org,riskmanager@bartletthospital.org; brh-compliance@bartletthospital.org; emhardin@bartletthospital.org; departmentcredentialing@bartletthospital.org; sgress@bartletthospital.org; rcgladhart@bartletthospital.org,yes,no_peptides,https://bartletthospital.org,medspa,,0
Steven Batash MD PC / Batash Endoscopic Weight Loss,batashmedical.com,,,yes,no_email,https://batashmedical.com,medspa,GLP-1 weight loss peptides,2
Bay Area Mental Health,bayareamh.com,welcome@bayareamh.com,welcome@bayareamh.com,yes,no_peptides,https://bayareamh.com,vendor,,0
Balanced Bodies Wellness,bbsandysprings.com,,,yes,no_email,https://bbsandysprings.com,medspa,"semaglutide, tirzepatide, nad+",14
Beacon Medical Group Behavioral,beaconhealthsystem.org,,,yes,no_email,https://beaconhealthsystem.org,medspa,,0
Beauty and Glamour Med Spa,beautyandglamourmedspa.com,beautyandglamourmedspa@gmail.com,beautyandglamourmedspa@gmail.com,,no_peptides,https://beautyandglamourmedspa.com,medspa,,0
Bee Healthy Osteopathic Care,beehealthyosteopathic.com,info@beehealthyosteopathic.com,info@beehealthyosteopathic.com,yes,no_peptides,https://beehealthyosteopathic.com,medspa,,0
Belfast Private GP,belfastprivategp.com,hello@belfastprivategp.com,hello@belfastprivategp.com,,no_us_signal,https://belfastprivategp.com,medspa,"semaglutide, tirzepatide",7
Bella Art Aesthetics,bellaartaesthetics.com,hello@bellaartaesthetics.com,hello@bellaartaesthetics.com,yes,no_peptides,https://bellaartaesthetics.com,medspa,,0
Bellanova Medspa,bellanovamedspa.com,,,yes,no_email,https://bellanovamedspa.com,medspa,,0
Belle Aesthetics,belleaestheticsnola.com,,,yes,no_email,https://belleaestheticsnola.com,medspa,"semaglutide, tirzepatide",5
Med Spa NYC: Beso Aesthetics,besoaesthetics.com,,,yes,no_email,https://besoaesthetics.com,medspa,,0
Beyond Mental Health,beyondmentalhealth.com,,,yes,no_email,https://beyondmentalhealth.com,medspa,,0
Beyond Aesthetics,beyondskinaesthetics.com,,,yes,no_email,https://beyondskinaesthetics.com,medspa,GLP-1 weight loss peptides,4
Brain Health Restoration,bhrillinois.com,,,,unreachable,,,,
Billings Dermatology &amp; Aesthetics,billingsdermatology.com,info@billingsdermatology.com,info@billingsdermatology.com,yes,no_peptides,https://billingsdermatology.com,medspa,,0
Bird’s Eye Wellness,birdseyewellness.com,,,yes,no_email,https://birdseyewellness.com,medspa,,0
Birmingham Recovery Center,birminghamrecoverycenter.com,,,yes,no_email,https://birminghamrecoverycenter.com,medspa,,0
Bloom Health Centers,bloomhealthcenters.com,,,,unreachable,,,,
Blossüm Aesthetics Co.,blossumaesthetics.com,,,,no_email,https://blossumaesthetics.com,medspa,,0
Blue Point Medical Spa,bluepointmedicalspa.com,,,yes,no_email,https://bluepointmedicalspa.com,medspa,,0
Blue Water Spa,bluewaterspa.com,,,,no_email,,vendor,,0
BLUR Aesthetic,blurwi.com,info@blurwi.com,info@blurwi.com; booking@blurwi.com,yes,no_peptides,https://blurwi.com,medspa,,0
Boca Med Spa,bocamedspalv.com,,,,no_email,,vendor,,0
Body Essentials HSV,bodyessentialshsv.com,,,yes,no_email,https://bodyessentialshsv.com,medspa,,1
Bodyline Clinic Liverpool,bodylineclinic.com,customerservices@bodylineclinic.com,customerservices@bodylineclinic.com,,no_us_signal,https://bodylineclinic.com,medspa,"semaglutide, tirzepatide, liraglutide",14
Body Logic MD,bodylogicmd.com,,,,no_email,https://bodylogicmd.com,vendor,,0
BodyPoint Medspa,bodypointutah.com,,,yes,no_email,https://bodypointutah.com,medspa,"ipamorelin, sermorelin, cjc-1295",6
Body Rock Sculpting Med Spa,bodyrockmedspa.com,,,yes,no_email,https://bodyrockmedspa.com/contact,medspa,,0
Bonaldi Aesthetics,bonaldimd.com,,,yes,no_email,https://bonaldimd.com,medspa,,0
Bon Bini Aesthetics,bonbiniaesthetics.com,hello@bonbiniaesthetics.com,hello@bonbiniaesthetics.com,yes,no_peptides,https://bonbiniaesthetics.com,medspa,,0
Bradford Health Services,bradfordhealth.com,,,yes,no_email,https://bradfordhealth.com,medspa,,0
Brain Wellness Center,brainwellnesscenter.com,,,yes,no_email,https://brainwellnesscenter.com,medspa,,0
Bral Medical Spa,bralmedicalspa.com,,,,unreachable,,,,
Brandon TMS and Psychiatry,brandontmsandpsychiatry.com,,,yes,no_email,https://brandontmsandpsychiatry.com,medspa,,0
Brandywine Counseling,brandywinecounseling.com,,,,unreachable,,,,
Bristol Health Hub,bristolhealthhub.com,,,,no_email,https://bristolhealthhub.com,vendor,,0
Buena Vista Health and Recovery,buenavistarecovery.com,admissions@buenavistarecovery.com,admissions@buenavistarecovery.com,yes,no_peptides,https://buenavistarecovery.com/about-us,medspa,,0
Beverly Wilshire Aesthetics Beverly Hills Medical Spa,bwaesthetics.com,,,,no_email,,vendor,,0
Cadella Aesthetics,cadellaaesthetics.com,,,yes,no_email,https://cadellaaesthetics.com,medspa,GLP-1 weight loss peptides,3
Cahaba Dermatology,cahabaderm.com,info@cahabaderm.com,info@cahabaderm.com,yes,no_peptides,https://cahabaderm.com,medspa,,0
California Rehab Campus,californiarehabcampus.com,,,yes,no_email,https://californiarehabcampus.com,vendor,,0
Capital Health Medical Spa Services,capitalhealthiowa.com,office@capitalhealthiowa.com,office@capitalhealthiowa.com,yes,no_peptides,https://capitalhealthiowa.com,medspa,,0
Capitol Ketamine &amp; Wellness,capitolketamineandwellness.com,,,yes,no_email,https://capitolketamineandwellness.com,medspa,,0
Capstone,capstonetreatmentcenter.com,,,yes,no_email,https://capstonetreatmentcenter.com,vendor,,0
CAS Medical,casmedical.org,info@casmedical.org,info@casmedical.org,,no_peptides,https://casmedical.org,medspa,,0
Catalyst Insight Collective,catalystinsightcollective.com,info@catalystinsightcollective.com,info@catalystinsightcollective.com,yes,no_peptides,https://catalystinsightcollective.com,medspa,,0
Cayce Medical Spa,caycemedspa.com,,,yes,no_email,https://caycemedspa.com,medspa,,0
Kat &amp; Co,cckat.com,,,,no_email,https://cckat.com,medspa,GLP-1 weight loss peptides,3
Cosmetic Enhancement Center of New England,cecofne.com,,,yes,no_email,https://cecofne.com,medspa,"semaglutide, tirzepatide",6
Center for Aesthetic Medicine,centerforaestheticmedicine.com,,,yes,no_email,https://centerforaestheticmedicine.com,medspa,,0
Centerstone,centerstone.org,customer.care@centerstone.org,customer.care@centerstone.org; mediainquiries@centerstone.org,yes,no_peptides,https://centerstone.org,medspa,,0
"Joy Kong, MD",chara-health.com,,,,no_email,https://chara-health.com,vendor,,1
Hydrate Medical,charlotte.hydratemedical.com,,,,no_email,,vendor,,0
Chesapeake Psychological,chespsych.com,cpapsych100@gmail.com,cpapsych100@gmail.com,yes,no_peptides,https://chespsych.com,medspa,,0
Renew Ketamine and Wellness,chicagolandketamine.com,,,,unreachable,,,,
Holcomb Behavioral Health Systems,chimes.org,,,yes,no_email,https://chimes.org,vendor,,0
Timeless Aesthetics MedSpa,cincymedspa.com,info@cincymedspa.com,info@cincymedspa.com,yes,no_peptides,https://cincymedspa.com,medspa,,0
CKE Skincare,ckeskincare.com,,,yes,no_email,https://ckeskincare.com,vendor,GLP-1 weight loss peptides,2
Clarity Medical Spa and Wellness,claritymedicalspaandwellness.com,,,yes,no_email,https://claritymedicalspaandwellness.com,medspa,semaglutide,5
Clarus Center,claruscenter.com,janj@claruscenter.com,janj@claruscenter.com,yes,no_peptides,https://claruscenter.com,vendor,,0
Clear Mind Treatment,clearmindtreatment.com,info@clearmindtreatment.com,%20info@clearmindtreatment.com; info@clearmindtreatment.com,,no_peptides,https://clearmindtreatment.com,vendor,,0
Cleveland Aesthetics Studio,clevelandaestheticsstudio.com,clevelandaestheticsstudio@gmail.com,clevelandaestheticsstudio@gmail.com,yes,no_peptides,https://clevelandaestheticsstudio.com,medspa,,0
Cleveland Primecare MedSpa,clevelandprimecaremedspa.com,,,yes,no_email,https://clevelandprimecaremedspa.com,medspa,,0
Colorado Medical Spa,coloradomedspa.com,impallari@gmail.com,impallari@gmail.com,yes,no_peptides,https://coloradomedspa.com,medspa,,0
Columbia Mental Health,columbiapsychiatry-dc.com,,,,no_email,https://columbiapsychiatry-dc.com,medspa,,0
Community Healthcare System,comhs.org,,,,no_email,,vendor,,0
Complete Ketamine Solutions,completeketaminesolutions.com,,,,no_email,,vendor,,0
Copper Queens Med Spa,copperqueensmedspa.com,,,,unreachable,,,,
Cosmedics Med Spa,cosmedicsmedspa.com,betsy@cosmedicsmedspa.com,betsy@cosmedicsmedspa.com,yes,no_peptides,https://cosmedicsmedspa.com,medspa,,0
Cosmetic Laser and Beauty Spa,cosmeticlaserandbeautyspa.com,cosmeticlaserky@gmail.com,cosmeticlaserky@gmail.com,yes,no_peptides,https://cosmeticlaserandbeautyspa.com,medspa,,0
Couture Dermatology &amp; Plastic Surgery,couturemedical.com,info@couturemedical.com,info@couturemedical.com,yes,no_peptides,https://couturemedical.com,medspa,,0
Serenity House Treatment Center,cpgh.org,,,,unreachable,,,,
CTRI,ctri.us,ctri.staff@gmail.com,ctri.staff@gmail.com,yes,no_peptides,https://ctri.us,medspa,,0
Health and Wellness Spa,cvillehealthspa.com,info@cvillehealthspa.com,info@cvillehealthspa.com,,no_peptides,https://cvillehealthspa.com,medspa,,0
Mind + Body Medicine,dallasmindbody.com,,,yes,no_email,https://dallasmindbody.com,medspa,,0
DAM Med Spa,dammedspa.com,hello@dammedspa.com,hello@dammedspa.com,yes,no_peptides,https://dammedspa.com,medspa,,0
Dawn Clinic in Cardiff,dawnclinic.com,info@dawnclinic.com,info@dawnclinic.com,,no_us_signal,https://dawnclinic.com,medspa,,1
Dominion Behavioral Healthcare,dbhrichmond.com,,,yes,no_email,https://dbhrichmond.com,medspa,,0
Del Mar Integrative Medicine &amp; Medical Spa,delmarim.com,,,yes,no_email,https://delmarim.com,medspa,glutathione,7
Delray Center for Integrative,delrayintegrativemedicine.com,,,yes,no_email,https://delrayintegrativemedicine.com,medspa,,0
Deluxe Cosmetic Center,deluxecosmeticcenter.com,info@deluxecosmeticcenter.com,info@deluxecosmeticcenter.com,yes,no_peptides,https://deluxecosmeticcenter.com,medspa,,0
Depression MD,depressionmd.com,,,,no_email,https://depressionmd.com,vendor,,0
Derma Bliss Medical Spa,dermablissmedspa.com,,,,no_email,https://dermablissmedspa.com,medspa,,0
Dermaesthetics,dermaestheticslascruces.com,dermaestheticslc@gmail.com,dermaestheticslc@gmail.com,yes,no_peptides,https://dermaestheticslascruces.com,medspa,,0
Derma Health,dermahealthinstitute.com,,,,unreachable,,,,
DermFx Orange,dermfx.com,,,yes,no_email,https://dermfx.com,medspa,GLP-1 weight loss peptides,4
DHH Med Spa Scottsdale,dhhmedspa.com,,,yes,no_email,https://dhhmedspa.com,medspa,semaglutide,4
American Ketamine Institute,dhwmed.com,,,yes,no_email,https://dhwmed.com,medspa,,0
Diverse Aesthetics,diverseaesthetics.com,info@diverseaesthetics.com,info@diverseaesthetics.com,yes,no_peptides,https://diverseaesthetics.com,medspa,,0
Diversions Med Spa,diversionsmedspa.com,,,,unreachable,,,,
Divine Med Spa &amp; Wellness Center,divine-medspa.com,info@divine-medspa.com,info@divine-medspa.com,yes,no_peptides,https://divine-medspa.com,medspa,,0
Divine Wellness,divinewellnessclinic.com,,,,unreachable,,,,
DK Infusion,dkinfusion.com,,,,unreachable,,,,
Doctor Guy,doctorguy.com,,,yes,no_email,https://doctorguy.com,medspa,,2
Dr Nyla Medispa,doctornyla.com,,,,no_email,,vendor,,0
Downtown Medspa,downtownmedspa.com,,,yes,no_email,https://downtownmedspa.com,medspa,"semaglutide, tirzepatide",4
Dr. Aziz Medical Clinic,drazizrx.com,,,yes,no_email,https://drazizrx.com,vendor,,0
Family Wellness Center,drberez.com,frberez@icloud.com,frberez@icloud.com,yes,no_peptides,https://drberez.com,medspa,,0
"Sue DeCotiis, MD",drdecotiis.com,,,yes,no_email,https://drdecotiis.com,medspa,"semaglutide, tirzepatide, retatrutide, bpc-157, tb-500, thymosin beta-4",39
The Ellenburg Center,drellenburg.com,,,yes,no_email,https://drellenburg.com,medspa,,0
Dr. Shel Wellness &amp; Aesthetic Center,drshel.com,,,yes,no_email,https://drshel.com,medspa,"semaglutide, tirzepatide, bpc-157, ipamorelin, sermorelin, cjc-1295",19
Dr Trish Clinic in Newcastle,drtrish.clinic,,,,no_email,https://drtrish.clinic,medspa,,3
Dr WW Med Spa &amp; Laser Center,drwwmedspa.com,,,,no_email,,vendor,,0
Coachlight Clinic &amp; Spa,dsmcoachlight.com,,,yes,no_email,https://dsmcoachlight.com,medspa,nad+,8
Dura Medical,duramedical.us,,,,no_email,,vendor,,0
DWH Health &amp; Wellness Med Spa,dwhmedspa.com,,,yes,no_email,https://dwhmedspa.com,medspa,,2
Dynamic Ketamine and Infusions,dynamicketamine.com,,,,no_email,https://dynamicketamine.com,vendor,,0
Effect Doctors,effectdoctors.com,info@effectdoctors.com,info@effectdoctors.com,,no_us_signal,https://effectdoctors.com,medspa,"nad+, glutathione, semaglutide, tirzepatide",8
Elase Med Spa,elase.com,,,,no_email,https://elase.com,medspa,"tb-500, ipamorelin, sermorelin, pt-141, glutathione, 5-amino-1mq",7
Elevate Addiction Services,elevaterehab.org,,,,unreachable,,,,
Élevé Med Spa,elevespa.com,,,,no_email,,vendor,,0
Elixir Aesthetics,elixiraestheticsmedspa.com,hello@elixiraestheticsmedspa.com,hello@elixiraestheticsmedspa.com,yes,no_peptides,https://elixiraestheticsmedspa.com,medspa,,0
ElleHomme Holistic Med Spa,ellehommespa.com,ellehomme@ellehommespa.com,ellehomme@ellehommespa.com,yes,no_peptides,https://ellehommespa.com,medspa,,0
Elysium Medispa,elysiummedspa.com,,,yes,no_email,https://elysiummedspa.com,medspa,"semaglutide, tirzepatide, nad+",12
Embrace Ageless Beauty,embracewellnessnd.com,,,yes,no_email,https://embracewellnessnd.com,medspa,GLP-1 weight loss peptides,3
Enhanced Aesthetix,enhancedaesthetix.com,info@enhancedaesthetix.com,info@enhancedaesthetix.com,yes,no_peptides,https://enhancedaesthetix.com,medspa,,0
Enliven Medical Spa &amp; Wellness,enlivenwellnessmedspa.com,,,yes,no_email,https://enlivenwellnessmedspa.com,medspa,"semaglutide, tirzepatide, retatrutide, cagrilintide, bpc-157, tb-500",18
Erickson Cosmetic Dermatology,ericksondermatology.com,,,yes,no_email,https://ericksondermatology.com,medspa,,0
Essence Skin Clinic &amp; Med Spa,essenceskinclinic.com,info@essenceskinclinic.com,info@essenceskinclinic.com,yes,no_peptides,https://essenceskinclinic.com,medspa,,0
Essential Me Spa,essentialmespa.com,,,,no_email,,vendor,,0
Essent Spa &amp; Medical Spa,essentspa.com,,,,unreachable,,,,
Evara Aesthetics,evaraaesthetics.com,info@evaraaesthetics.com,info@evaraaesthetics.com,yes,no_peptides,https://evaraaesthetics.com,medspa,,0
Evolve Medical Clinics,evolvemedicalclinics.com,,,yes,no_email,https://evolvemedicalclinics.com,medspa,"semaglutide, tirzepatide",8
A Reprieve for Women,experiencethereprieve.com,info@experiencethereprieve.com,info@experiencethereprieve.com,yes,no_peptides,https://experiencethereprieve.com,vendor,,0
Face It Smooth Aesthetics,faceitsmoothaesthetics.com,faceitsmooth@gmail.com,faceitsmooth@gmail.com,yes,no_peptides,https://faceitsmoothaesthetics.com,medspa,,0
Face KC Medical Spa,facekcmedspa.com,info.facekcmedspa@gmail.com,info.facekcmedspa@gmail.com,yes,no_peptides,https://facekcmedspa.com,medspa,,0
Face to Face Spa (Southaven),facetofacespa.com,,,,no_email,https://facetofacespa.com,medspa,semaglutide,1
Facetté Medical Spa,facettemedicalspa.com,,,,unreachable,,,,
Family Psychiatry Center,familypsychiatrycenter.com,info@familypsychiatrycenter.com,info@familypsychiatrycenter.com; staff@familypsychiatrycenter.com,yes,no_peptides,https://familypsychiatrycenter.com,medspa,,0
Faraday Health,faradayhealth.com,info@faradayhealth.com,info@faradayhealth.com,yes,no_peptides,https://faradayhealth.com,medspa,,0
Fargo Ketamine Clinic,fargoketamineclinic.com,,,,no_email,https://fargoketamineclinic.com,vendor,,0
Fase Med Spa,fasemedspa.com,,,,unreachable,,,,
FeelNu Medical Spa,feelnu.com,,,yes,no_email,https://feelnu.com,medspa,sermorelin,3
Flawless Laser and MedSpa,flawlesslaserandmedspa.com,,,yes,no_email,https://flawlesslaserandmedspa.com,medspa,,0
FMW MedSpa,fmwmedspa.com,,,yes,no_email,https://fmwmedspa.com,medspa,,0
Lapis Spa,fontainebleau.com,,,,unreachable,,,,
Forever Young MD Spa,foreveryoungmdspa.com,,,,no_email,https://foreveryoungmdspa.com,medspa,,2
Foundation Medical Group,foundationmedicalgroup.org,info@foundationmedicalgroup.org,info@foundationmedicalgroup.org,yes,no_peptides,https://foundationmedicalgroup.org,medspa,,0
Fresh Faces RX,freshfacesrx.com,info@freshfacesrx.com,info@freshfacesrx.com,yes,no_peptides,https://freshfacesrx.com,medspa,,0
Gemini Health,geminihealthmd.com,,,,no_email,,vendor,,0
Genesis MedSpa,genesis-medspa.com,,,yes,no_email,https://genesis-medspa.com,medspa,,0
Genesis Ketamine Centers,genesisketamine.com,,,,no_email,https://genesisketamine.com,vendor,,0
Genesis Recovery Services,genesisrecovery.org,,,yes,no_email,https://genesisrecovery.org,vendor,,0
Gentera Center for Precision and Concierge Medicine,genteramed.com,,,yes,no_email,https://genteramed.com,vendor,,0
Raven,getraven.com,hello@getraven.com,support@getraven.com; hello@getraven.com,,no_us_signal,https://getraven.com,medspa,"semaglutide, tirzepatide",9
Glacier Med Spa,glaciermedspaak.com,,,yes,no_email,https://glaciermedspaak.com,medspa,,0
Glamour Me Med Spa,glamourmemedspa.com,info@glamourmemedspa.com,glamourmemedspa@gmail.com; %20info@glamourmemedspa.com; info@glamourmemedspa.com,yes,no_peptides,https://glamourmemedspa.com/contact,medspa,,0
Glo Skin Studio,glo-skinstudio.com,contact@glo-skinstudio.com,contact@glo-skinstudio.com; tina@glo-skinstudio.com,yes,no_peptides,https://glo-skinstudio.com,medspa,,0
Glo de Vie Med Spa,glodevie.com,,,yes,no_email,https://glodevie.com,medspa,"semaglutide, tirzepatide",4
Glo Med Spa Austin,glomedspaaustin.com,info.glomedspaaustin@gmail.com,info.glomedspaaustin@gmail.com,yes,no_peptides,https://glomedspaaustin.com,medspa,,0
Glo Skin Aesthetics,gloskinaestheticswv.com,,,,unreachable,,,,
Glotologi Med Spa,glotologimedspa.com,helloglo@glotologimedspa.com,helloglo@glotologimedspa.com,yes,no_peptides,https://glotologimedspa.com,medspa,,0
Glow Skin Med Spa,glowskinmedspa.com,glowskinmedspa@gmail.com,glowskinmedspa@gmail.com; u003eglowskinmedspa@gmail.com; jdu00@hotmail.com,,no_peptides,https://glowskinmedspa.com,medspa,,0
Glow Medispa,glowspaseattle.com,info@glowspaseattle.com,info@glowspaseattle.com; kirkland@glowspaseattle.com,yes,no_peptides,https://glowspaseattle.com,medspa,,0
Glowtox NYC,glowtoxnyc.com,info@glowtoxnyc.com,info@glowtoxnyc.com,yes,no_peptides,https://glowtoxnyc.com,medspa,,0
GoodSkin,goodskinclinics.com,,,yes,no_email,https://goodskinclinics.com,medspa,semaglutide,2
GPW Psychiatry,gpwpsychiatry.com,,,yes,no_email,https://gpwpsychiatry.com,medspa,,1
Greenbrook TMS &amp; Spravato,greenbrooktms.com,info@greenbrooktms.com,info@greenbrooktms.com,yes,no_peptides,https://greenbrooktms.com,medspa,,0
Grit Therapy Durango,grittherapy.com,info@grittherapy.com,info@grittherapy.com,yes,no_peptides,https://grittherapy.com,vendor,,0
Hair Success,hairsuccesssalons.com,info@hairsuccesssalons.com,info@hairsuccesssalons.com,yes,no_peptides,https://hairsuccesssalons.com,medspa,,0
Harbour Medical &amp; Aesthetics,harbormd.com,,,yes,no_email,https://harbormd.com,medspa,"semaglutide, tirzepatide",3
Haus of Aesthetics Provo,hausofaesthetics.com,,,,no_email,,vendor,,0
High Country Behavioral Health,hcbh.org,,,,no_email,https://hcbh.org,medspa,,0
Heading Health Trophy Club,headinghealth.com,info@headinghealth.com,info@headinghealth.com,yes,no_peptides,https://headinghealth.com,vendor,,0
Kansas Pain Management,healinghealthalliance.com,,,,no_email,,vendor,,0
Healsend,healsend.com,,,yes,no_email,https://healsend.com,medspa,"semaglutide, tirzepatide",5
Health.miro,healthmiro.com,,,,no_email,,vendor,,0
Healthy Kids Pediatrics,healthykidspediatrics.com,officemanager@healthykidspediatrics.com,officemanager@healthykidspediatrics.com,yes,no_peptides,https://healthykidspediatrics.com,medspa,,0
Heartland Aesthetica,heartlandaesthetica.com,,,yes,no_email,https://heartlandaesthetica.com,medspa,,0
Heavens Medical,heavensmedical.com,,,yes,no_email,https://heavensmedical.com,medspa,semaglutide,6
Helen's Haven Skin Care Clinic,helenshaven.com,frontdesk@helenshaven.com,helen@helenshaven.com; frontdesk@helenshaven.com,yes,no_peptides,https://helenshaven.com,medspa,,0
Hello Skin Medspa,helloskinmedspa.com,,,,unreachable,,,,
Hendricks Therapy,hendrickstherapy.com,group@hendrickstherapy.com,group@hendrickstherapy.com; staff@hendrickstherapy.com,yes,no_peptides,https://hendrickstherapy.com,medspa,,0
Highground Ketamine Treatment,highgroundketaminetreatmentdallas.com,,,,unreachable,,,,
High Watch Recovery Center,highwatchrecovery.org,info@highwatchrecovery.org,info@highwatchrecovery.org,yes,no_peptides,https://highwatchrecovery.org,vendor,,0
Hollywood Body and Face,hollywoodbodyandface.com,,,yes,no_email,https://hollywoodbodyandface.com,medspa,GLP-1 weight loss peptides,6
Hollywood Wellness Medical Spa,hollywoodwmedspa.com,hollywoodmedspa2023@gmail.com,hollywoodmedspa2023@gmail.com; hollywoodwellnesslv@gmail.com,yes,no_peptides,https://hollywoodwmedspa.com,medspa,,0
Horizon Med Spa and Wellness,horizonmedspaandwellness.com,info@horizonmedspaandwellness.com,info@horizonmedspaandwellness.com,,no_peptides,https://horizonmedspaandwellness.com,medspa,,0
Hourglass Wellbeing Clinics in Aberdeen,hourglasswellbeing.com,admin@hourglasswellbeing.com,admin@hourglasswellbeing.com,,no_peptides,https://hourglasswellbeing.com,medspa,,0
Houston Mind &amp; Brain,houstonmindandbrain.com,info@houstonmindandbrain.com,info@houstonmindandbrain.com,yes,no_peptides,https://houstonmindandbrain.com,medspa,,0
HTX Urology,htxurology.com,,,yes,no_email,https://htxurology.com,medspa,"semaglutide, tirzepatide, bpc-157, tb-500, nad+, ipamorelin",21
Hue Aesthetics,huemedspa.com,info@huemedspa.com,info@huemedspa.com; infobellevue@huemedspa.com; nfobellevue@huemedspa.com; infobeavercreek@huemedspa.com,yes,no_peptides,https://huemedspa.com,medspa,,0
HUM2N,hum2n.com,concierge@hum2n.com,concierge@hum2n.com,,no_us_signal,https://hum2n.com,medspa,nad+,1
Hydrology Wellness,hydrologywellness.com,,,yes,no_email,,vendor,kpv,2
Innovative Aesthetics Medical Spa,iamedicalspa.com,info@iamedicalspa.com,info@iamedicalspa.com,yes,no_peptides,https://iamedicalspa.com,medspa,,0
Integrated Behavioral Health,ibhpsych.com,,,yes,no_email,https://ibhpsych.com,medspa,,0
IBH,ibhus.com,,,yes,no_email,https://ibhus.com,medspa,,0
Advanced Specialty Care &amp; Med Spa,idahoadvancedspecialtycare.com,,,yes,no_email,https://idahoadvancedspecialtycare.com,medspa,"semaglutide, tirzepatide",5
Idaho Brain and Body Institute,idahobrainandbody.com,,,,no_email,,vendor,,0
Pain and Spine Specialists,idahopainrelief.com,,,yes,no_email,https://idahopainrelief.com,medspa,,1
Island Aesthetics &amp; Dermatology,ifamedicalspa.com,info@ifamedicalspa.com,info@ifamedicalspa.com,yes,no_peptides,https://ifamedicalspa.com,medspa,,0
Incredible Health,incrediblehealthcenter.com,,,yes,no_email,https://incrediblehealthcenter.com,medspa,"bpc-157, ipamorelin, sermorelin, cjc-1295, selank, semax",16
Infinite Skin Aesthetic Medical Spa,infiniteskinfargo.com,,,yes,no_email,https://infiniteskinfargo.com,medspa,,0
Infinity Medical Aesthetics,infinitymedicalaesthetics.com,,,yes,no_email,https://infinitymedicalaesthetics.com,medspa,GLP-1 weight loss peptides,2
IN·GLO Medspa,inglomedspa.com,info@inglomedspa.com,info@inglomedspa.com,yes,no_peptides,https://inglomedspa.com,medspa,,0
InnerTrek Facilitator Training,innertrek.org,,,,no_email,https://innertrek.org,vendor,,0
Inspire Psychiatric,inspirepsychiatric.com,,,,no_email,,vendor,,0
Integrative Health Miami,integrativehealthmiami.com,,,yes,no_email,https://integrativehealthmiami.com,medspa,"semaglutide, tirzepatide, bpc-157, tb-500, thymosin beta-4, ipamorelin",17
Integrity Mental Health,integritymentalhealth.com,,,,no_email,,vendor,,0
InVein Aesthetics,inveinspa.com,,,,unreachable,,,,
Iowa Face and Body,iowafaceandbody.com,,,,no_email,https://iowafaceandbody.com,medspa,,0
IV-Well / The WellSpa,iv-well.com,,,yes,no_email,https://iv-well.com,medspa,"semaglutide, tirzepatide, bpc-157, nad+, ipamorelin, sermorelin",16
Jirah Anesthesia,jirahanesthesia.com,,,,no_email,,vendor,,0
Jiva Med Spa,jivamedspa.com,,,yes,no_email,https://jivamedspa.com,medspa,semaglutide,6
Joliet Aesthetics Medspa,jolietaestheticsmedspa.com,,,yes,no_email,https://jolietaestheticsmedspa.com,medspa,semaglutide,1
Jon'Ric Medical Spa &amp; Wellness Center,jonriccharlottemedicalspa.com,jonricmedspa@gmail.com,jonricmedspa@gmail.com,yes,already known,https://jonriccharlottemedicalspa.com,medspa,GLP-1 weight loss peptides,3
JourneyŌM,journeyom.life,connect@journeyom.life,connect@journeyom.life,yes,no_peptides,https://journeyom.life,vendor,,0
Joy Medical Aesthetic and Hair Clinic,joyaesthetic11.com,,,,unreachable,,,,
Integrative Mental Wellness,justinbethoneynp.com,questions@justinbethoneynp.com,questions@justinbethoneynp.com,yes,no_peptides,https://justinbethoneynp.com,vendor,,0
Kainos Aesthetics,kainosaesthetics.com,,,,no_email,https://kainosaesthetics.com,medspa,,0
Lavender &amp; Sage,kali-aesthetics.com,anapbm@gmail.com,anapbm@gmail.com,,no_peptides,https://kali-aesthetics.com,medspa,,0
Kate Somerville Skin Health Experts,katesomerville.com,customercare@katesomerville.com,customercare@katesomerville.com,,no_us_signal,https://katesomerville.com,medspa,"semaglutide, tirzepatide, nad+",4
Cutting-Edge Wellness,kbahr.co,kristine@kbahr.co,kristine@kbahr.co,yes,no_peptides,https://kbahr.co,vendor,,0
Kessinger Aesthetic Dermatology,kessingeraestheticderm.com,,,,no_email,,vendor,,0
Ketamend of Michigan,ketamendofmi.com,,,,unreachable,,,,
Ketamine Lounge,ketamine-lounge.com,,,,no_email,https://ketamine-lounge.com,vendor,,0
Ketamine America,ketamineamerica.com,,,,unreachable,,,,
Ketamine Institute of Michigan,ketaminecenter.org,,,yes,no_email,https://ketaminecenter.org,medspa,,0
Ketamine Infusion Therapy,ketamineinfusiontherapyhoustonandsugarland.com,,,,no_email,https://ketamineinfusiontherapyhoustonandsugarland.com,vendor,,0
Ketamine Integrative Medicine in,ketamineintegrativemedicine.com,,,,no_email,,vendor,,0
Ketamine Wellness Clinic of,ketamineoc.com,info@ketamineoc.com,info@ketamineoc.com,yes,no_peptides,https://ketamineoc.com,medspa,,0
Texas Ketamine &amp; Wellness Center,ketaminewellnesstx.com,,,yes,no_email,https://ketaminewellnesstx.com,medspa,,0
Klarisana,klarisana.com,intake@klarisana.org,intake@klarisana.org,yes,no_peptides,https://klarisana.com,medspa,,0
Klearmind Ketamine &amp; IV,klearmindclinics.com,,,yes,no_email,https://klearmindclinics.com,medspa,"semaglutide, tirzepatide, bpc-157, tb-500, thymosin beta-4, nad+",15
Kootenai Ketamine and Wellness,kootenaiketamine.com,,,,no_email,,vendor,,0
La Bella Medispa,labellamedispa.com,,,yes,no_email,https://labellamedispa.com,medspa,"semaglutide, tirzepatide",4
Lakeshore Plastic Surgery,lakeshoreplasticsurgery.com,,,yes,no_email,https://lakeshoreplasticsurgery.com,medspa,semaglutide,4
Lancaster Ketamine Institute,lancasterketamineinstitute.com,,,,unreachable,,,,
Larimar MedSpa,larimarmedspa.com,info@larimarmedspa.com,info@larimarmedspa.com,yes,no_peptides,https://larimarmedspa.com,medspa,,0
Laser Wellness Med Spa,laserwellnessmedspa.com,info@laserwellnessmedspa.com,info@laserwellnessmedspa.com,yes,no_peptides,https://laserwellnessmedspa.com,medspa,,0
La Vie MedSpa,laviemedspa.com,info@laviemedspa.com,info@laviemedspa.com,yes,no_peptides,https://laviemedspa.com,medspa,,0
Lavish Beauty by Ellen,lavishbeautybyellenny.com,lavishbeautybyellen@gmail.com,lavishbeautybyellen@gmail.com,yes,no_peptides,https://lavishbeautybyellenny.com,medspa,,0
Leah Nickie Advanced Aesthetics,leahnickie.com,info@leahnickie.com,info@leahnickie.com,yes,no_peptides,https://leahnickie.com,medspa,,0
LeHeal Biogenix,leheal.com,,,yes,no_email,https://leheal.com,medspa,"bpc-157, tb-500, thymosin beta-4, thymosin alpha-1, nad+, ipamorelin",15
Le Visage Spa and Wellness,levisagedayspa.com,levisagedayspa@icloud.com,levisagedayspa@icloud.com,yes,no_peptides,https://levisagedayspa.com,vendor,,0
Lighthouse Treatment Center,lighthousetreatment.com,info@lighthousetreatment.com,info@lighthousetreatment.com,yes,no_peptides,https://lighthousetreatment.com,medspa,,0
Limbic Medical,limbicmedical.com,,,,no_email,,vendor,,0
Living with Intention,livingwithintention.biz,,,,unreachable,,,,
Center for Medical Weight Loss; Long Island Weight Loss Institute,liwli.com,,,yes,no_email,https://liwli.com,medspa,"semaglutide, tirzepatide, liraglutide",12
Lone Peak Psychiatry,lonepeakpsychiatry.com,contact@lonepeakpsychiatry.com,contact@lonepeakpsychiatry.com,yes,no_peptides,https://lonepeakpsychiatry.com,medspa,,0
Dr. Lori Calabrese,loricalabresemd.com,info@loricalabresemd.com,info@loricalabresemd.com,yes,no_peptides,https://loricalabresemd.com,medspa,,0
Lotus Infusions Ketamine Clinic in,lotusinfusions.com,,,,no_email,,vendor,,0
Lucid Wild,lucidwild.com,,,,unreachable,,,,
Lume Wellness,lume-wellness.com,,,yes,no_email,https://lume-wellness.com,medspa,,0
Lumiere Med Spa &amp; Skin Care Clinic,lumiereskininc.com,,,yes,no_email,https://lumiereskininc.com,medspa,,0
Luminous You,luminous-you.com,valery@luminous-you.com,valery@luminous-you.com,yes,no_peptides,https://luminous-you.com,medspa,,0
Luna Salon and Med Spa,lunawyo.com,lunasalonandspa@outlook.com,lunasalonandspa@outlook.com,yes,no_peptides,https://lunawyo.com,medspa,,0
Luvita,luvita.us,,,,no_email,,vendor,,0
Lux MedSpa Brickell,luxmedspabrickell.com,info@luxmedspabrickell.com,info@luxmedspabrickell.com,yes,no_peptides,https://luxmedspabrickell.com,medspa,,0
Luxury Psychiatry Clinic,luxurypsychiatryclinic.com,,,,no_email,https://luxurypsychiatryclinic.com,medspa,,0
Maggie Alexander PMHNP,maggiealexandernp.com,maggiealexandernp@gmail.com,maggiealexandernp@gmail.com,yes,no_peptides,https://maggiealexandernp.com,medspa,,0
Mag Medical &amp; MediSpa,magmedicalmedispa.com,mag_medicalmedispa@yahoo.com,mag_medicalmedispa@yahoo.com,yes,no_peptides,https://magmedicalmedispa.com,medspa,,0
Mangata Medical Spa,mangatamedicalspa.com,info@mangatamedicalspa.com,info@mangatamedicalspa.com,yes,no_peptides,https://mangatamedicalspa.com,medspa,,0
Manhattan Medspa,manhattan-medspa.com,info@manhattan-medspa.com,info@manhattan-medspa.com,yes,no_peptides,https://manhattan-medspa.com/contact,medspa,,0
Marmur Medical,marmurmedical.com,,,yes,no_email,https://marmurmedical.com,medspa,GLP-1 weight loss peptides,2
MaxWell Clinic,maxwellclinic.com,,,,no_email,,vendor,,0
Infinity Med-I-Spa,med-i-spa.com,,,yes,no_email,https://med-i-spa.com,medspa,semaglutide,10
Medical Center of Hollywood,medcenterofhollywood.com,,,,unreachable,,,,
Medical Aesthetics Ann Arbor,medicalaestheticsannarbor.com,,,,unreachable,,,,
Medical Aesthetics Concierge,medicalaestheticsconcierge.com,impallari@gmail.com,impallari@gmail.com,yes,already known,https://medicalaestheticsconcierge.com/peptides,medspa,,2
Medical Health Institute,medicalhealthinstitute.com,,,yes,no_email,https://medicalhealthinstitute.com,medspa,bpc-157,10
MediMorph,medimorph.com,info@medimorph.com,info@medimorph.com,,no_peptides,https://medimorph.com,medspa,,0
MediSpa Charlotte,medispacharlotte.com,,,,unreachable,,,,
MediSpa Maui,medispamaui.com,,,yes,no_email,https://medispamaui.com,medspa,nad+,5
MedLounge San Ramon,medloungesanramon.com,,,,no_email,,vendor,,0
CA Skin &amp; Body Clinic,medspa-103709.square.site,caskinandbodyclinic@gmail.com,caskinandbodyclinic@gmail.com,,no_peptides,https://medspa-103709.square.site,medspa,,0
ABQ Medical Spa,medspaalbuquerque.com,,,yes,no_email,https://medspaalbuquerque.com,medspa,"semaglutide, tirzepatide",4
Touch of Elegance MedSpa,medspaelegance.com,,,,unreachable,,,,
Medspa of Sacramento,medspaofsacramento.com,,,,unreachable,,,,
Medspa of Seattle,medspaofseattle.com,,,,unreachable,,,,
Med Therapy &amp; Spa Inc.,medtherapyspa.com,,,,unreachable,,,,
Menon Medispa &amp; Wellness,menonmedispa.com,,,yes,no_email,https://menonmedispa.com,medspa,"semaglutide, nad+",5
Men&#x27;s Health Wales,menshealthwales.com,enquiries@menshealthwales.com,enquiries@menshealthwales.com,,no_us_signal,https://menshealthwales.com,medspa,,1
Integrity Mental Health,mentalhealthidaho.com,contact.boise@mentalhealthidaho.com,contact.boise@mentalhealthidaho.com,yes,no_peptides,https://mentalhealthidaho.com,medspa,,0
Mentally STRONG,mentallystrong.com,questions@mentallystrong.com,questions@mentallystrong.com,yes,no_peptides,https://mentallystrong.com,vendor,,0
Forum Health Medical Weight Loss Rochester Hills,michiganmedicalweightloss.com,,,yes,no_email,https://michiganmedicalweightloss.com,medspa,GLP-1 weight loss peptides,4
Mid City Med Aesthetics,midcitymedspa.com,info@midcitymedspa.com,info@midcitymedspa.com,yes,no_peptides,https://midcitymedspa.com,medspa,,0
MidSouth Pain Treatment Center,midsouthpain.com,andysteuer@gmail.com,andysteuer@gmail.com,yes,no_peptides,https://midsouthpain.com,medspa,,0
Midwest Institute for Hearts and,midwestheartsandminds.com,info@midwestheartsandminds.com,info@midwestheartsandminds.com,yes,no_peptides,https://midwestheartsandminds.com,medspa,,0
Mila's Spa,milasspa.com,milasspasocial@gmail.com,milasspasocial@gmail.com,yes,no_peptides,https://milasspa.com,medspa,,0
Mile High Aesthetics,milehighaestheticsco.com,kcbredice@gmail.com,kcbredice@gmail.com,yes,no_peptides,https://milehighaestheticsco.com,medspa,,0
Mindful Health Solutions,mindfulhealthsolutions.com,,,yes,no_email,https://mindfulhealthsolutions.com,medspa,,0
Mindful Infusions,mindfulinfusions.com,,,,no_email,,vendor,,0
Mindpath Health Palm Beach Gardens,mindpath.com,,,yes,no_email,https://mindpath.com,medspa,,0
Mind Performance Center,mindperformancecenter.com,,,yes,no_email,https://mindperformancecenter.com,medspa,,0
Metropolitan Institute of Pain,mipainchicago.com,,,yes,no_email,https://mipainchicago.com,medspa,,1
Modern Therapeutics,moderntherapeuticsaz.com,,,,no_email,,vendor,,0
Montana Medical Aesthetics Clinic,montanamedicalaesthetics.com,,,yes,no_email,https://montanamedicalaesthetics.com,medspa,,0
Moons Day Spa,moonsdayspa.com,moon.punjani@yahoo.com,moon.punjani@yahoo.com,yes,no_peptides,https://moonsdayspa.com,medspa,,0
Mountainside Treatment Center,mountainside.com,contact@mountainside.com,admissions@mountainside.com; alumniservices@mountainside.com; businessdevelopment@mountainside.com; recruitment@mountainside.com; communications@mountainside.com; contact@mountainside.com; family.wellness@mountainside.com,yes,no_peptides,https://mountainside.com,vendor,,0
Glam + Glo Medical Aesthetics Lounge,ms.theglamandglo.com,admin@ms.theglamandglo.com,admin@ms.theglamandglo.com; admin@theglamandglo.com,yes,no_peptides,https://ms.theglamandglo.com,medspa,,0
Mountain Healing,mtnhealing.com,,,yes,no_email,https://mtnhealing.com,medspa,,0
Dr Mujahid Saeed Weight Loss Clinic in Birmingham,mujahidsaeed.com,,,,no_email,,vendor,,0
Mountain View Psychiatry and TMS,mvptms.com,info@mvptms.com,info@mvptms.com,yes,no_peptides,https://mvptms.com,medspa,,0
Catalyst Integration for Health,mybraincatalyst.com,mybraincatalyst@gmail.com,mybraincatalyst@gmail.com,yes,no_peptides,https://mybraincatalyst.com,medspa,,0
Brilliance Med Spa,mybrilliancemedspa.com,info@mybrilliancemedspa.com,info@mybrilliancemedspa.com,yes,no_peptides,https://mybrilliancemedspa.com,medspa,,0
Healthy Lifestyle Medicine,myhealthylifestylemedicine.com,,,yes,no_email,https://myhealthylifestylemedicine.com,medspa,GLP-1 weight loss peptides,3
Advanced Pain Relief Institute,mypainsucks.com,,,yes,no_email,https://mypainsucks.com,medspa,,0
Rêvée Aesthetics,myrevee.com,clientsupport@myrevee.com,clientsupport@myrevee.com,yes,no_peptides,https://myrevee.com,medspa,,0
Mystique Medical Spa Fresno,mystiquemedicalspa.com,,,yes,no_email,https://mystiquemedicalspa.com,medspa,,0
MD Wellness Center &amp; Med Spa,mytrimmd.com,,,,no_email,,vendor,,0
Nadcell Clinic in Glasgow,nadcellclinic.com,,,,no_email,,vendor,,0
NakedMD Med Spa West Covina,nakedmd.com,info@nakedmd.com,concierge@nakedmd.com; info@nakedmd.com; service@nakedmd.com,yes,no_peptides,https://nakedmd.com,vendor,,0
Naperville Integrated Wellness,napervilleintegratedwellness.com,,,yes,no_email,https://napervilleintegratedwellness.com,medspa,,0
Narrativheal,narrativheal.com,admin@narrativheal.com,admin@narrativheal.com,,no_peptides,https://narrativheal.com,medspa,,0
Nashville Skin Society,nashvilleskinsociety.com,,,,unreachable,,,,
Natural Beauty Goldsboro,naturalbeautygoldsboro.com,marisa@naturalbeautygoldsboro.com,marisa@naturalbeautygoldsboro.com,,no_peptides,https://naturalbeautygoldsboro.com,medspa,,0
Natural Body Spa + Med Spa,naturalbody.com,,,,unreachable,,,,
Natural Mind MD,naturalmindmd.com,info@naturalmindmd.com,info@naturalmindmd.com,yes,no_peptides,https://naturalmindmd.com,medspa,,0
Natures Remedies Center,naturesremediescenter.com,barbosashirley60@gmail.com,barbosashirley60@gmail.com,yes,no_peptides,https://naturesremediescenter.com,medspa,,0
Navarro Pain Control Group,navarropaincontrolgroup.com,,,yes,no_email,https://navarropaincontrolgroup.com,medspa,,0
Narcotic Drug Treatment Center,ndtcak.org,,,yes,no_email,https://ndtcak.org,medspa,,0
Northeast Health Services,nehs.transformationsnetwork.com,,,,no_email,https://nehs.transformationsnetwork.com,medspa,,0
Neuregen,neuregen.com,,,,no_email,https://neuregen.com,vendor,,0
Neuro Colorado,neurocolorado.com,,,yes,no_email,https://neurocolorado.com,medspa,,0
NeuroFocus Center,neurofocuscenter.net,,,,unreachable,,,,
NeuroGlow,neuroglow.com,,,,no_email,,vendor,,0
NeuroSpa Therapy Centers,neurospamentalhealth.com,,,,no_email,https://neurospamentalhealth.com,medspa,,1
Neurotherapeutix,neurotherapeutixnyc.com,info@neurotherapeutixnyc.com,info@neurotherapeutixnyc.com; reception@neurotherapeutixnyc.com; staff@neurotherapeutixnyc.com,yes,no_peptides,https://neurotherapeutixnyc.com,medspa,,0
Neuro Wellness Spa,neurowellnessspa.com,,,yes,no_email,https://neurowellnessspa.com,medspa,,0
New Bridge Foundation,newbridgefoundation.org,,,yes,no_email,https://newbridgefoundation.org,medspa,,0
New Chance Infusion Clinic,newchanceinfusionketamineclinic.com,,,,unreachable,,,,
New Era Rehab,newerarehabilitation.com,,,yes,no_email,https://newerarehabilitation.com,medspa,,0
New Season Treatment Center,newseason.com,,,yes,no_email,https://newseason.com,medspa,,0
Next Level Med Solutions,nextlevelmedsolutions.com,info@nextlevelmedsolutions.com,info@nextlevelmedsolutions.com,yes,no_peptides,https://nextlevelmedsolutions.com/contact-us,medspa,,0
NoCo Spa &amp; Aesthetics,nocoaesthetics.com,nocoaestheticslou@gmail.com,nocoaestheticslou@gmail.com,yes,no_peptides,https://nocoaesthetics.com,medspa,,0
NorCal Infusions,norcalinfusionsclinic.com,,,,no_email,https://norcalinfusionsclinic.com,medspa,,0
Northern Wyoming Wellness + Aesthetics,northernwyomingwellnessaesthetics.com,,,,no_email,https://northernwyomingwellnessaesthetics.com,vendor,,0
North Idaho Ketamine &amp; TMS,northidahoketamine.com,,,,no_email,https://northidahoketamine.com,vendor,,0
Nourish Health &amp; Wellness,nourishhealthandwellness.com,,,yes,no_email,https://nourishhealthandwellness.com,medspa,,0
Novare Med Spa,novaremedspa.com,,,,unreachable,,,,
Novus Rice,novusneuro.com,,,yes,no_email,https://novusneuro.com,medspa,,0
Now Psych,nowpsych.com,,,yes,no_email,https://nowpsych.com,medspa,,0
Noydeen Med Spa,noydeenbeauty.com,,,yes,no_email,https://noydeenbeauty.com,medspa,nad+,1
NurturHer Aesthetics Med Spa,nurturheraesthetic.com,,,yes,no_email,https://nurturheraesthetic.com,medspa,nad+,2
Nuve Clinics,nuvelifestyle.com,,,yes,no_email,https://nuvelifestyle.com,medspa,,1
Body Balance Med Spa,nwabodybalance.com,,,yes,no_email,https://nwabodybalance.com,medspa,,0
NYAH Med Spa,nyahmedspa.com,feedback@nyahmedspa.com,nyahmedspa3@gmail.com; feedback@nyahmedspa.com; eedback@nyahmedspa.com,yes,no_peptides,https://nyahmedspa.com,medspa,,0
NY Medical Weight Loss,nyloseweight.com,,,yes,no_email,https://nyloseweight.com,medspa,"semaglutide, nad+, sermorelin",10
Oasis Health And Medicine,oasishealthandmedicine.com,,,yes,no_email,https://oasishealthandmedicine.com,medspa,"nad+, glutathione",5
Oasis Medspa &amp; IV Bar,oasismedspaofidaho.com,,,,no_email,,vendor,,0
Oasis Renewal Center,oasisrenewalcenter.com,,,yes,no_email,https://oasisrenewalcenter.com,vendor,,0
OC Ketamine Therapy,ocketaminetherapy.com,,,,no_email,,vendor,,0
OMNI SCULPT MD,omnisculptmd.com,,,yes,no_email,https://omnisculptmd.com,medspa,,0
One Heart Mental Health,oneheartmentalhealthcollab.com,ohmhcollab@gmail.com,ohmhcollab@gmail.com,yes,no_peptides,https://oneheartmentalhealthcollab.com,medspa,,0
Lutheran Family Services (LFS),onelfs.org,,,,no_email,,vendor,,0
One Woman Health,onewomanhealth.com,info@onewomanhealth.com,info@onewomanhealth.com,,no_peptides,https://onewomanhealth.com,medspa,,0
Optimal Health and Wellness,opthealthwellness.com,,,yes,no_email,https://opthealthwellness.com,medspa,"semaglutide, tirzepatide, bpc-157, thymosin alpha-1, ipamorelin, tesamorelin",17
Pacific Ketamine Group,pacificketaminegroup.com,,,yes,no_email,https://pacificketaminegroup.com,medspa,,0
Pacific Mind Health West LA,pacificmindhealth.com,contact@pacificmindhealth.com,contact@pacificmindhealth.com,yes,no_peptides,https://pacificmindhealth.com,medspa,,0
Pain and Wellness Institute,painandwellnessinstitute.com,,,,no_email,,vendor,,0
The Recovery Village,palmerlakerecovery.com,,,yes,no_email,https://palmerlakerecovery.com,medspa,,0
Paragon Medi Spa,paragonmedispa.com,,,,unreachable,,,,
Pathfinders Recovery Center,pathfindersaz.com,,,yes,no_email,https://pathfindersaz.com,medspa,,0
PathWave Psychiatry,pathwavepsychiatry.com,admin@pathwavepsychiatry.com,admin@pathwavepsychiatry.com,yes,no_peptides,https://pathwavepsychiatry.com,medspa,,0
Pearl Psychedelic Institute,pearlpsychedelicinstitute.org,,,,no_email,https://pearlpsychedelicinstitute.org,vendor,,0
Pêche Medical Spa,pechemedicalspa.com,,,,unreachable,,,,
Philadelphia Integrative Psychiatry,phillyintegrative.com,info@phillyintegrative.com,info@phillyintegrative.com,yes,no_peptides,https://phillyintegrative.com,vendor,,0
Philip E Wolfson MD,philwolfsonmd.com,,,yes,no_email,https://philwolfsonmd.com,vendor,,0
Phoenix Medspa,phxmedspa.com,phxmedspa@gmail.com,phxmedspa@gmail.com,yes,no_peptides,https://phxmedspa.com,medspa,,0
Pinewoods Clinic in Liverpool,pinewoodsclinic.com,treatment@pinewoodsclinic.com,treatment@pinewoodsclinic.com; sharon.brown@pinewoodsclinic.com,,no_us_signal,https://pinewoodsclinic.com,medspa,"nad+, glutathione",3
Pinnacle Behavioral Healthcare,pinnaclebhc.com,info@pinnaclebhc.com,info@pinnaclebhc.com,yes,no_peptides,https://pinnaclebhc.com,medspa,,0
Plush Skincare Studio &amp; Medical Aesthetics,plushskincarestudio.com,plushskincarestudio@gmail.com,plushskincarestudio@gmail.com,yes,no_peptides,https://plushskincarestudio.com,medspa,,0
PM Aesthetics,pmaesthetics.com,,,,no_email,https://pmaesthetics.com,medspa,semaglutide,4
Point Loma Clinic,pointlomaclinic.com,info@pointlomaclinic.com,info@pointlomaclinic.com; jm@pointlomaclinic.com; ap@pointlomaclinic.com; arianemyersphd@gmail.com,yes,no_peptides,https://pointlomaclinic.com,medspa,,0
Polara Health,polarahealth.com,,,yes,no_email,https://polarahealth.com,medspa,,0
Polaris Medical Aesthetics,polarisaesthetics.com,,,,no_email,,vendor,,0
Pollock Clinics in Vancouver,pollockclinics.com,,,yes,no_email,https://pollockclinics.com,medspa,,1
Premier Aesthetics,premiernd.com,info@premiernd.com,info@premiernd.com,yes,no_peptides,https://premiernd.com,medspa,,0
Premier Gynecology &amp; Med Spa,premierobgynlv.com,,,yes,no_email,https://premierobgynlv.com,medspa,,1
Prep &amp; Prime,prepandprimeny.com,,,,no_email,https://prepandprimeny.com,vendor,,0
Prestige Medical Spa,prestigemedicalspa.com,info@prestigemedicalspa.com,info@prestigemedicalspa.com,yes,no_peptides,https://prestigemedicalspa.com,medspa,,0
Pretty Please Aesthetics,prettypleaseaestheticswyo.com,,,,no_email,https://prettypleaseaestheticswyo.com,vendor,,0
Preva Aesthetics,prevaaesthetics.com,frontdesk@prevaaesthetics.com,michelle@prevaaesthetics.com; frontdesk@prevaaesthetics.com; denver@prevaaesthetics.com; encinitas@prevaaesthetics.com,yes,no_peptides,https://prevaaesthetics.com,medspa,,0
Princeton Medi Spa,princetonmedispa.com,princetonmedispa@gmail.com,princetonmedispa@gmail.com,yes,no_peptides,https://princetonmedispa.com,medspa,,0
Private Medical Clinic Birmingham,privatemedicalclinic.com,,,,no_email,https://privatemedicalclinic.com,medspa,"semaglutide, liraglutide, tirzepatide",10
Pryor Health,pryorhealth.com,,,yes,no_email,https://pryorhealth.com,medspa,GLP-1 weight loss peptides,2
Institute for Advanced,psychiatryfortworth.com,doctor@psychiatryfortworth.com,doctor@psychiatryfortworth.com,yes,no_peptides,https://psychiatryfortworth.com,medspa,,0
Pulse TMS,pulsetms.com,info@pulsetms.com,info@pulsetms.com,yes,no_peptides,https://pulsetms.com,medspa,,0
Purely Natural Medical Spa,purelynaturalspa.com,,,,no_email,,vendor,,0
Purpose Healing Center,purposehealingcenter.com,info@purposehealingcenter.com,info@purposehealingcenter.com,,no_peptides,https://purposehealingcenter.com,vendor,,0
Radiance at Fluhme,radianceatfluhme.com,,,yes,no_email,https://radianceatfluhme.com,medspa,"semaglutide, tirzepatide",9
Radiance Medical Aesthetics &amp; Wellness Spa,radiancevt.com,,,,no_email,,vendor,,0
The Skin Bar Med Spa &amp; Beauty Solutions,raisingtheskinbar.com,hello@raisingtheskinbar.com,hello@raisingtheskinbar.com,yes,no_peptides,https://raisingtheskinbar.com,medspa,,0
Rajan Gosain MD,rajangosainmd.com,,,,no_email,,vendor,,0
Rapha Treatment Center,raphatreatmentcenters.com,,,yes,no_email,https://raphatreatmentcenters.com,vendor,,0
Reborne Longevity,rebornelongevity.com,info@rebornelongevity.com,info@rebornelongevity.com,,no_peptides,https://rebornelongevity.com,vendor,,0
Red Maple Wellness,redmaplewellness.com,,,yes,no_email,https://redmaplewellness.com/contact,vendor,,0
Redrock Recovery Center,redrockrecoverycenter.com,admissions@redrockrecoverycenter.com,admissions@redrockrecoverycenter.com,yes,no_peptides,https://redrockrecoverycenter.com,medspa,,0
Refine Aesthetics,refineaesthetics.com,,,yes,no_email,https://refineaesthetics.com,medspa,"semaglutide, tirzepatide",9
Refined Aesthetics,refinedaestheticssiouxfalls.com,refinedaestheticspllc@gmail.com,refinedaestheticspllc@gmail.com,,no_peptides,https://refinedaestheticssiouxfalls.com/services,medspa,,0
RefineKC Aesthetics,refinekcaesthetics.com,info@refinekcaesthetics.com,refinekcaesthetics@gmail.com; info@refinekcaesthetics.com,yes,no_peptides,https://refinekcaesthetics.com,medspa,,0
Reflejo Med Spa,reflejomedspa.com,,,,unreachable,,,,
Timeless Medical Aesthetics at The Refuge,refuge.timelessmed.com,,,yes,no_email,https://refuge.timelessmed.com/about-us,medspa,,0
Regenerative Medicine LA: Mark Ghalili DO,regenerativemedicinela.com,,,yes,no_email,https://regenerativemedicinela.com,medspa,,4
Rejuvalife Vitality Institute,rejuvalife.md,,,yes,no_email,https://rejuvalife.md,medspa,"bpc-157, tb-500, thymosin beta-4, thymosin alpha-1, ipamorelin, sermorelin",18
Rejuvaline Med Spa,rejuvalinemedspa.com,,,yes,no_email,https://rejuvalinemedspa.com,medspa,,1
Rejuvenate 528 Regenerative Aesthetics Medical Spa,rejuvenate528.com,,,,no_email,,vendor,,0
Rejuvenate MedSpa,rejuvenatecolorado.com,,,yes,no_email,https://rejuvenatecolorado.com,medspa,,0
Relief Mental Health,reliefmh.com,info@reliefmh.com,info@reliefmh.com,yes,no_peptides,https://reliefmh.com,medspa,,0
Relux Med Spa,reluxmedspa.com,info@reluxmedspa.com,info@reluxmedspa.com,yes,no_peptides,https://reluxmedspa.com,medspa,,0
Remedy Aesthetics And Wellness,remedytupelo.com,info@remedytupelo.com,info@remedytupelo.com,yes,no_peptides,https://remedytupelo.com,medspa,,0
Renaissance Recovery Center,renaissancerecoverycenter.com,steve@renaissancerecoverycenter.com,steve@renaissancerecoverycenter.com,yes,no_peptides,https://renaissancerecoverycenter.com/contact,vendor,,0
Renew Medical Spa,renewmedicalspalv.com,renewmedicalspalv@gmail.com,renewmedicalspalv@gmail.com,yes,no_peptides,https://renewmedicalspalv.com,medspa,,0
Reno Sparks MedSpa,renosparksmedspa.com,info@renosparksmedspa.com,info@renosparksmedspa.com,yes,no_peptides,https://renosparksmedspa.com,medspa,,0
ReNu Cryo &amp; Medi Spa,renucryomedispa.com,,,,unreachable,,,,
Rethink Menopause,rethinkmenopause.com,info@rethinkmenopause.com,info@rethinkmenopause.com,,no_peptides,https://rethinkmenopause.com,medspa,,0
Retreat Behavioral Health,retreatbehavioralhealth.com,,,,unreachable,,,,
Revamp Health,revamphealth.net,info@revamphealth.net,info@revamphealth.net,yes,no_peptides,https://revamphealth.net,medspa,,0
Reveal Aesthetics &amp; Wellness,revealaestheticsandwellness.com,,,,unreachable,,,,
Revitalist Tampa,revitalisttampa.com,,,yes,no_email,https://revitalisttampa.com,vendor,,0
Revitalize Health &amp; Med Spa,revitalizehealthspa.com,,,,no_email,,vendor,,0
Revitalize U Med Spa &amp; Salon,revitalizeuspa.com,info@revitalizeuspa.com,info@revitalizeuspa.com,yes,no_peptides,https://revitalizeuspa.com,medspa,,0
Dr. Revivajennz Medical Aesthetics,revivajennz.com,,,,unreachable,,,,
Revive Ketamine Clinic,reviveketamineclinic.com,,,,unreachable,,,,
Revive Med Aesthetics,revivemedva.com,bookings@revivemedva.com,revivemedva@gmail.com; bookings@revivemedva.com,,no_peptides,https://revivemedva.com,medspa,,0
Revive Total Wellness Center,revivetotalwellness.com,,,yes,no_email,https://revivetotalwellness.com,medspa,GLP-1 weight loss peptides,5
Revive Wellness,revivewellnessla.com,,,,unreachable,,,,
Rinnova Skin &amp; Body,rinnovaskinandbody.com,,,yes,no_email,https://rinnovaskinandbody.com,medspa,"semaglutide, tirzepatide",6
R.I.S.E. Integrated Mental Health,riseimh.com,info@riseimh.com,admin@riseimh.com; info@riseimh.com; mvanwert@riseimh.com; abrown@riseimh.com; asedgewick@riseimh.com; ahopkins@riseimh.com,yes,no_peptides,https://riseimh.com,medspa,,0
RiverwalkMD Aesthetics,riverwalkmdaesthetics.com,,,yes,no_email,https://riverwalkmdaesthetics.com,medspa,,0
Rejuvenation Medical Spa by Dr. Z,rmsbydrz.com,,,yes,no_email,https://rmsbydrz.com,medspa,,0
R&amp;N Wellness Lounge,rnwellnesslounge.com,,,,no_email,,vendor,,0
RO Aesthetics,roaesthetics.com,,,,no_email,,vendor,,0
ROC Private Clinic in Aberdeen,rocprivateclinic.com,,,,no_email,https://rocprivateclinic.com,medspa,,0
Rose Hill Medspa,rosehillmedspa.com,info@rosehillmedspa.com,info@rosehillmedspa.com,yes,no_peptides,https://rosehillmedspa.com,medspa,,0
Rove Wellness &amp; Medspa,rovemedspa.com,,,yes,no_email,https://rovemedspa.com,medspa,,1
Runnels Center / Skin The Spa,runnelscenter.com,info@runnelscenter.com,info@runnelscenter.com; advice@runnelscenter.com,yes,no_peptides,https://runnelscenter.com,medspa,,0
Rytualist,rytualist.com,info@rytualist.com,info@rytualist.com; nfo@rytualist.com,yes,no_peptides,https://rytualist.com,medspa,,0
Sabino Recovery,sabinorecovery.com,,,yes,no_email,https://sabinorecovery.com,vendor,kpv,1
Saltz Spa Vitoria,saltzplasticsurgery.com,,,yes,no_email,https://saltzplasticsurgery.com,medspa,GLP-1 weight loss peptides,3
San Diego IV,sandiegoiv.com,,,yes,no_email,https://sandiegoiv.com,medspa,"nad+, glutathione",4
Sandstone Care,sandstonecare.com,medrec@sandstonecare.com,medrec@sandstonecare.com,yes,no_peptides,https://sandstonecare.com,medspa,,0
Sante et Beaute Med Spa,santeetbeautemedspa.com,,,,unreachable,,,,
Savvy Skin Medical Aesthetics,savvyskinmedspa.com,,,yes,no_email,https://savvyskinmedspa.com,medspa,GLP-1 weight loss peptides,2
Scottsdale Providence Recovery Center,scottsdaleprovidence.com,,,yes,no_email,https://scottsdaleprovidence.com/contact,vendor,,0
Seamless Aesthetics,seamlessaesthetics.com,seamlessaesthetics@gmail.com,seamlessaesthetics@gmail.com,yes,no_peptides,https://seamlessaesthetics.com,medspa,,0
Seattle Aesthetics,seattleaesthetics.com,,,,no_email,https://seattleaesthetics.com,medspa,,0
Serenity Park Recovery Center,serenityparkrecovery.com,,,yes,no_email,https://serenityparkrecovery.com,medspa,,0
Set Free Alaska,setfreealaska.org,,,yes,no_email,https://setfreealaska.org,medspa,,0
SEV Laser,sevlaser.com,,,yes,no_email,https://sevlaser.com,medspa,GLP-1 weight loss peptides,2
Shasta Meadows Wellness Center,shastameadowswellness.com,,,yes,no_email,https://shastameadowswellness.com,medspa,,1
Shelly Allen,shellyallenlcsw.com,,,,no_email,https://shellyallenlcsw.com,vendor,,0
Shine Med Spa,shine-medspa.com,,,yes,no_email,https://shine-medspa.com,medspa,GLP-1 weight loss peptides,2
Shiny Laser Skin Clinic,shinylaserclinic.com,shinylaserclinic@gmail.com,shinylaserclinic@gmail.com,yes,no_peptides,https://shinylaserclinic.com,medspa,,0
Shou Sugi Ban House,shousugibanhouse.com,,,,no_email,,vendor,,0
Shunay Skin,shunayskin.com,shunaymineralcosmetics@gmail.com,shunaymineralcosmetics@gmail.com,yes,no_peptides,https://shunayskin.com,medspa,,0
Silver Sands Recovery,silversandsrecovery.com,,,yes,no_email,https://silversandsrecovery.com,medspa,,0
Simply The Best Aesthetics,simplythebestaesthetics.com,info@simplythebestaesthetics.com,info@simplythebestaesthetics.com; shanelle.simplythebest@gmail.com; sarah.simplythebestaesthetics@gmail.com; greta.simplythebest@gmail.com; abby.simplythebest@gmail.com,yes,no_peptides,https://simplythebestaesthetics.com,medspa,,0
Skin 10 Spa,skin10spa.com,,,,no_email,,vendor,,0
Skin Aesthetics &amp; Laser,skinaestheticsandlaser.com,,,,no_email,,vendor,,0
Skin Aesthetics MS,skinaestheticsms.com,info@skinaestheticsms.com,info@skinaestheticsms.com,yes,no_peptides,https://skinaestheticsms.com,medspa,,0
Skin &amp; Aesthetic Surgery of Manhattan,skinaestheticsurgery.com,,,yes,no_email,https://skinaestheticsurgery.com,medspa,,0
Skin Essentials Med Spa,skinessentialsmedspa.com,,,yes,no_email,https://skinessentialsmedspa.com,medspa,,0
SkinFix Med Spa,skinfixmedspa.com,,,yes,no_email,https://skinfixmedspa.com,medspa,GLP-1 weight loss peptides,2
Skin Haven Cosmetic Clinic,skinhavenclinic.com,hello@skinhavenclinic.com,hello@skinhavenclinic.com,,no_peptides,https://skinhavenclinic.com,medspa,,0
Skin Ink &amp; Laser,skininklaser.com,skininklaser@gmail.com,skininklaser@gmail.com,yes,no_peptides,https://skininklaser.com,medspa,,0
Skinlogicx Med Spa,skinlogicx.com,skinlogicx@gmail.com,skinlogicx@gmail.com; %20skinlogicx@gmail.com,yes,no_peptides,https://skinlogicx.com,medspa,,0
Skin Perfect Medical Aesthetics,skinperfectmedical.com,,,,no_email,https://skinperfectmedical.com,medspa,,0
SkinTight Aesthetics,skintightaesthetics.com,,,yes,no_email,https://skintightaesthetics.com,medspa,"bpc-157, tb-500, nad+, cjc-1295, mots-c, epithalon",9
SkinTight MedSpa,skintightmedspa.com,info@skintightmedspa.com,info@skintightmedspa.com,yes,no_peptides,https://skintightmedspa.com,medspa,,0
SKN Aesthetics,sknaestheticsabq.com,,,yes,no_email,https://sknaestheticsabq.com,medspa,,0
Skylight Psychedelics,skylightpsychedelics.com,human@skylightpsychedelics.com,human@skylightpsychedelics.com; darrenslee53@outlook.com; therapybycat@gmail.com; ctoondermft@gmail.com; dananassau@gmail.com; dr.elizabethwolfson@gmail.com; drheatheragaedt@gmail.com; jessguilfoylemft@gmail.com,yes,no_peptides,https://skylightpsychedelics.com,vendor,,0
Sky Medicine,skymedicine.co,info@skymedicine.co,info@skymedicine.co,yes,no_peptides,https://skymedicine.co,vendor,,0
SLC Med Spa,slcmedspa.com,,,yes,no_email,https://slcmedspa.com,medspa,tirzepatide,3
Soba Mesa,sobamesa.com,info@sobamesa.com,info@sobamesa.com,yes,no_peptides,https://sobamesa.com,medspa,,0
SoCal TMS,socaltms.com,info@socaltms.com,info@socaltms.com,yes,no_peptides,https://socaltms.com,medspa,,0
Soda City Med Spa,sodacitymedspa.com,,,,unreachable,,,,
Sonder Behavioral Health &amp;,sonderwellness.com,info@sonderwellness.com,info@sonderwellness.com,yes,no_peptides,https://sonderwellness.com,medspa,,0
Sound Mind TMS Therapy,soundmindtms.com,,,yes,no_email,https://soundmindtms.com,medspa,,0
Southcentral Foundation,southcentralfoundation.com,scfhrrecruiters@southcentralfoundation.com,scfhrrecruiters@southcentralfoundation.com,yes,no_peptides,https://southcentralfoundation.com,medspa,,0
South Chesapeake Psychiatry,southchesapeakepsychiatry.com,,,yes,no_email,https://southchesapeakepsychiatry.com,medspa,,1
Southeast Neurology and Pain,southeastneuro.com,,,yes,no_email,https://southeastneuro.com,medspa,,0
Southlake Pain Institute,southlakepaininstitute.com,,,,unreachable,,,,
Sozo Addiction Recovery Center,sozorecoverycenters.com,,,,unreachable,,,,
Spa No. 5,spa-five.com,info@spa-five.com,info@spa-five.com,yes,no_peptides,https://spa-five.com,medspa,,0
Spa Bella Medispa,spabellamedispa.com,,,yes,no_email,https://spabellamedispa.com,medspa,,0
Spa De Da,spadedaskincare.com,spadedaskincare@gmail.com,spadedaskincare@gmail.com,yes,no_peptides,https://spadedaskincare.com,medspa,,0
Spa Indigo,spaindigo.com,,,,no_email,,vendor,,0
Spa Kingston,spakingston.com,info@spakingston.com,info@spakingston.com,yes,no_peptides,https://spakingston.com,medspa,,0
Spa MD,spamd.net,,,,no_email,,vendor,,0
SpaMedica GR,spamedicagr.com,,,yes,no_email,https://spamedicagr.com,medspa,,0
Spa Medical,spamedical.com,,,yes,no_email,https://spamedical.com,medspa,,0
Spoken Med Spa,spokenmedspa.com,,,yes,no_email,https://spokenmedspa.com,medspa,,3
Spruce Mental Health,sprucejh.com,clinic@sprucejh.com,clinic@sprucejh.com,yes,no_peptides,https://sprucejh.com,medspa,,0
Stella Mental Health,stellamentalhealth.com,,,yes,no_email,https://stellamentalhealth.com,medspa,,1
The Stockbridge Clinic in Edinburgh,stockbridgeclinic.com,edinburgh@stockbridgeclinic.com,edinburgh@stockbridgeclinic.com,,no_us_signal,https://stockbridgeclinic.com,medspa,"semaglutide, tirzepatide",7
Strathearn Clinics in Glasgow,strathearnclinics.com,info@strathearnclinics.com,info@strathearnclinics.com,,no_us_signal,https://strathearnclinics.com,medspa,GLP-1 weight loss peptides,3
Swahn Balanced Health,swahnbalancedhealth.com,,,,no_email,https://swahnbalancedhealth.com,vendor,,0
Symetrie Studio Spa,symetriestudiospa.com,symetriestudiospa@gmail.com,symetriestudiospa@gmail.com,yes,no_peptides,https://symetriestudiospa.com,medspa,,0
TAO Wellness Med Spa,taowellnessmedspa.com,,,,no_email,,vendor,,0
Taylor Medical Group,taylormedicalgroup.net,,,,no_email,,vendor,,0
Tensegrity Health &amp; Aesthetics,tensegrityhealth.org,,,,no_email,,vendor,,0
True Health Center Miami (THCMIA),thcmia.com,,,,unreachable,,,,
The HVN,the-hvn.com,concierge@the-hvn.com,concierge@the-hvn.com,,no_peptides,https://the-hvn.com,vendor,,0
The Aesthetic Center,theaesthetic.center,,,yes,no_email,https://theaesthetic.center,medspa,,0
The Aesthetic Haus,theaesthetichausnorthshore.com,info@theaesthetichausnorthshore.com,info@theaesthetichausnorthshore.com; %20info@theaesthetichausnorthshore.com; %20tahgretna@gmail.com; tahgretna@gmail.com,yes,no_peptides,https://theaesthetichausnorthshore.com,medspa,,0
The Aesthetics Lounge and Spa,theaestheticsloungeandspa.com,,,yes,no_email,https://theaestheticsloungeandspa.com,medspa,,0
The Anxiety Center,theanxietycenter.com,,,,no_email,https://theanxietycenter.com,vendor,,0
The Beauty Haven Medspa,thebeautyhavenmedspa.com,info@thebeautyhavenmedspa.com,info@thebeautyhavenmedspa.com,yes,no_peptides,https://thebeautyhavenmedspa.com,medspa,,0
The Canmore Clinic in Edinburgh,thecanmoreclinic.com,reception@thecanmoreclinic.com,reception@thecanmoreclinic.com,,no_us_signal,https://thecanmoreclinic.com,medspa,tirzepatide,5
The Crane Center,thecranecenterllc.com,,,yes,no_email,https://thecranecenterllc.com,medspa,GLP-1 weight loss peptides,3
The G Spa San Francisco,thegspasf.com,staff@thegspasf.com,staff@thegspasf.com,yes,no_peptides,https://thegspasf.com/contact,medspa,,0
The Health Depot,thehealthdepotfl.com,,,yes,no_email,https://thehealthdepotfl.com,medspa,"semaglutide, tirzepatide, bpc-157, nad+, sermorelin, tesamorelin",13
The Luxe MedSpa,theluxemedicalspa.com,,,yes,no_email,https://theluxemedicalspa.com,medspa,sermorelin,8
The Med Spa at Vision Source Rio,themedspaat.com,,,yes,no_email,https://themedspaat.com,medspa,,0
The Med Spa Dothan,themedspadothan.com,,,,no_email,,vendor,,0
The Medspa,themedspanwa.com,,,,unreachable,,,,
The Menopause Consortium,themenopauseconsortium.com,,,,no_email,,vendor,,0
The NOLA Spa,thenolaspa.com,revivebodyflow@gmail.com,revivebodyflow@gmail.com,yes,no_peptides,https://thenolaspa.com,medspa,,0
Thérapie Health,therapiehealth.com,,,,unreachable,,,,
The Rock Med Spa,therockmedspa.com,,,,no_email,,vendor,,0
The Saint Louis Med Spa,thesaintlouismedspa.com,,,yes,no_email,https://thesaintlouismedspa.com,medspa,,0
The Science of Beauty Dallas,thescienceofbeauty.co,,,yes,no_email,https://thescienceofbeauty.co,medspa,,3
The Skin Center &amp; Spa,theskincenterandspa.com,theskincenterandspa@gmail.com,theskincenterandspa@gmail.com,yes,no_peptides,https://theskincenterandspa.com/contact,medspa,,0
The Spa Boise,thespaboise.com,thespaboise@gmail.com,thespaboise@gmail.com,yes,no_peptides,https://thespaboise.com,medspa,,0
The Things We Do,thethingswedo.co,info@thethingswedo.co,info@thethingswedo.co,yes,no_peptides,https://thethingswedo.co,medspa,,0
Urban You Med Spa,theurbanyou.com,hello@theurbanyou.com,hello@theurbanyou.com,,no_us_signal,https://theurbanyou.com,medspa,"nad+, glutathione",6
The Weight Loss Doctor,theweightlossdoctor.net,,,,unreachable,,,,
The Weight NP,theweightnp.com,,,yes,no_email,https://theweightnp.com,medspa,"semaglutide, tirzepatide, nad+, glutathione, liraglutide",15
The Wellness Lab,thewellnesslab.com,info@thewellnesslab.com,info@thewellnesslab.com,,no_us_signal,https://thewellnesslab.com,medspa,,1
The Wellness,thewellnesslondon.com,team@thewellnesslondon.com,team@thewellnesslondon.com,,no_us_signal,https://thewellnesslondon.com,medspa,"nad+, glutathione",4
Thomas Rose Aesthetics,thomasrosemedspa.com,,,,no_email,https://thomasrosemedspa.com/contact,medspa,,0
Eleve` Wellness &amp; Aesthetics,thrivewellmj.com,info@thrivewellmj.com,info@thrivewellmj.com,yes,no_peptides,https://thrivewellmj.com/contact,medspa,,0
Tialma Moirai Day Spa,tialmamoirai.com,,,,unreachable,,,,
Spilove Psychotherapy KAP,tiffanyspilove.com,,,yes,no_email,https://tiffanyspilove.com,vendor,,0
Tikkun Urban Great Neck,tikkunurban.com,,,,unreachable,,,,
Timeless Health,timelesshealthmd.com,,,,unreachable,,,,
Timeless Youth MD,timelessyouthmd.com,info@timelessyouthmd.com,info@timelessyouthmd.com,yes,no_peptides,https://timelessyouthmd.com,medspa,,0
Title MD,titlemd.com,,,yes,no_email,https://titlemd.com,medspa,semaglutide,5
TMS Heath and Wellness,tmshealthandwellness.com,,,,no_email,,vendor,,0
TMS Therapeutics,tmssandiego.com,alison@tmssandiego.com,alison@tmssandiego.com,yes,no_peptides,https://tmssandiego.com,medspa,,0
Pasadena Neuropsychiatry,toriesepahmd.com,,,yes,no_email,https://toriesepahmd.com/contact,medspa,,0
Total Body Laser &amp; Med Spa,totalbodylasermedspa.com,office@totalbodylasermedspa.com,office@totalbodylasermedspa.com,yes,no_peptides,https://totalbodylasermedspa.com,medspa,,0
Totality MediSpa,totalitymed.com,,,,no_email,https://totalitymed.com,medspa,,0
Total Skin Dermatology &amp; Aesthetics,totalskinnd.com,,,yes,no_email,https://totalskinnd.com,medspa,,3
Tranquility Times Medical Spa,tranquilitytimesmedspa.com,,,,no_email,,vendor,,0
Transformyou,transformyou.com,,,yes,no_email,https://transformyou.com,medspa,"semaglutide, tirzepatide, retatrutide, bpc-157, tb-500, thymosin beta-4",41
"Concierge Medicine Miami: Dr. Jason Shapiro, TribecaMed",tribecamed.com,,,,no_email,https://tribecamed.com,vendor,,0
Tribeca MedSpa,tribecamedspa.com,info@tribecamedspa.com,info@tribecamedspa.com,yes,no_peptides,https://tribecamedspa.com,medspa,,0
TRTMD Health Clinic,trtmd.com,,,yes,no_email,https://trtmd.com,medspa,"selank, dsip, pt-141, glutathione, oxytocin",11
True Med Spa,true-medspa.com,,,,unreachable,,,,
True North TMS,truenorthtms.com,info@truenorthtms.com,info@truenorthtms.com,yes,no_peptides,https://truenorthtms.com,medspa,,0
Truth Med Spa,truthmedspa.biz,info@truthmedspa.biz,info@truthmedspa.biz; zi.bloom2@gmail.com,yes,no_peptides,https://truthmedspa.biz,medspa,,0
Tucson Counseling Associates,tucsoncounselingassociates.com,tucsoncounselingassociates@gmail.com,tucsoncounselingassociates@gmail.com,yes,no_peptides,https://tucsoncounselingassociates.com,medspa,,0
University Hospitals Lake West,uhhospitals.org,billinginquiries@uhhospitals.org,billinginquiries@uhhospitals.org; compliance@uhhospitals.org; david.simiele@uhhospitals.org; employment@uhhospitals.org; kelly.chambers2@uhhospitals.org; childlife.donations@uhhospitals.org; bobby.batyko@uhhospitals.org,yes,no_peptides,https://uhhospitals.org,medspa,,0
University of Maryland Medical Spa,umms.org,,,yes,no_email,https://umms.org,medspa,,0
UPMC Center for Interventional,upmc.com,,,yes,no_email,https://upmc.com,medspa,,0
Urbaine Oasis Spa Boutique,urbaineoasisspa.com,,,,no_email,https://urbaineoasisspa.com,vendor,,0
Van Diest Medical Center,vandiestmc.org,lridge@vandiestmc.org,lridge@vandiestmc.org,yes,no_peptides,https://vandiestmc.org,medspa,,0
Velara Wellness,velarawellness.com,info@velarawellness.com,info@velarawellness.com,yes,no_peptides,https://velarawellness.com,medspa,,0
Velvaere Med Spa,velvaeremedspa.com,,,,no_email,,vendor,,0
Venus Medi Spa,venusmedispa.com,anjmun@gmail.com,anjmun@gmail.com,yes,no_peptides,https://venusmedispa.com,medspa,,0
Vibe Aesthetics,vibeaestheticsmedspa.com,vibeaestheticsmedspa@gmail.com,vibeaestheticsmedspa@gmail.com,yes,no_peptides,https://vibeaestheticsmedspa.com,medspa,,0
Vibrant Hydration &amp; Wellness,vibranthuntsville.com,,,yes,no_email,https://vibranthuntsville.com/about,medspa,"semaglutide, tirzepatide, nad+",10
Roberta D. Conant PsyD,vitadox.com,,,,unreachable,,,,
Vitalia MedSpa,vitaliamedspava.com,,,,unreachable,,,,
Vitality Med Spa,vitalitymedspa.com,,,yes,no_email,https://vitalitymedspa.com,medspa,"semaglutide, tirzepatide, bpc-157, tb-500, nad+, ipamorelin",18
Vitality Medspa,vitalitymedspamd.com,contact@vitalitymedspamd.com,contact@vitalitymedspamd.com,yes,no_peptides,https://vitalitymedspamd.com,medspa,,0
Kerri Husman MD at Vitality,vitalitypsychiatry.net,info@vitalitypsychiatry.net,info@vitalitypsychiatry.net,yes,no_peptides,https://vitalitypsychiatry.net,medspa,,0
Vital IV Infusions Montclair,vitalivinfusion.com,,,,no_email,,vendor,,0
Vitalogy Wellness &amp; Med Spa,vitalogywellnessandmedspa.com,,,yes,no_email,https://vitalogywellnessandmedspa.com,medspa,semaglutide,8
Vital Skin Spa,vitalskinspa.com,vitalskinspa@gmail.com,vitalskinspa@gmail.com,yes,no_peptides,https://vitalskinspa.com/about,medspa,,0
Vita Nova Ketamine &amp; Wellness,vitanovawellnessclinic.com,,,,no_email,,vendor,,0
VIVA Wellness,vivawellnesswi.com,,,yes,no_email,https://vivawellnesswi.com,medspa,"semaglutide, tirzepatide, nad+",9
Vive Weight Loss Center,viveagelessweightloss.com,,,yes,no_email,https://viveagelessweightloss.com,medspa,"semaglutide, tirzepatide, retatrutide, liraglutide, bpc-157, tb-500",20
Vulcan Pain Management,vulcanpainmanagement.com,prncfdkns87@gmail.com,prncfdkns87@gmail.com,yes,no_peptides,https://vulcanpainmanagement.com,medspa,,0
Vyla Aesthetics,vylaaesthetics.com,,,yes,no_email,https://vylaaesthetics.com,medspa,tirzepatide,2
W Aesthetics &amp; Wellness,waestheticsandwellness.com,,,yes,no_email,https://waestheticsandwellness.com,medspa,"tirzepatide, bpc-157, nad+, sermorelin, pt-141, aod-9604",12
Waybridge Clinics,waybridgeclinics.com,info@waybridgeclinics.com,hello@waybridgeclinics.com; info@waybridgeclinics.com,yes,no_peptides,https://waybridgeclinics.com,medspa,,0
WeightSmartMD,weightsmartmd.com,,,yes,no_email,https://weightsmartmd.com,medspa,"semaglutide, tirzepatide, retatrutide, nad+, ipamorelin, sermorelin",16
Wele Clinic,weleclinicnyc.com,,,yes,no_email,https://weleclinicnyc.com/contact,medspa,,0
Wellness Club 365,wellnessclub365.com,,,yes,no_email,https://wellnessclub365.com,medspa,"retatrutide, bpc-157, tb-500, nad+, glow blend",11
WellStone,wellstone.com,info@wellstone.com,info@wellstone.com; ranae.hicks@wellstone.com,yes,no_peptides,https://wellstone.com/contact-us,vendor,,0
Wendy Will Esthetics,wendywillesthetics.glossgenius.com,info@wendywillesthetics.com,info@wendywillesthetics.com,yes,no_peptides,https://wendywillesthetics.glossgenius.com,vendor,,0
Werschler Aesthetics,werschleraesthetics.com,,,yes,no_email,https://werschleraesthetics.com,medspa,GLP-1 weight loss peptides,3
West Coast Men&#x27;s Health,westcoastmenshealth.com,sandiego@westcoastmenshealth.com,sandiego@westcoastmenshealth.com,,no_peptides,https://westcoastmenshealth.com,vendor,,0
White Coat Aesthetics,whitecoataesthetics.com,info@whitecoataesthetics.com,info@whitecoataesthetics.com,yes,no_peptides,https://whitecoataesthetics.com,medspa,,0
The Whitehall Clinic in Leeds,whitehallclinic.com,hello@whitehallclinic.com,hello@whitehallclinic.com; johnsmith@gmail.com,,no_peptides,https://whitehallclinic.com,medspa,,0
Wholeness Collective Austin,wholenesscollectiveaustin.com,,,,no_email,https://wholenesscollectiveaustin.com,vendor,,0
Wibeto Practice,wibetopractice.com,hello@wibetopractice.com,hello@wibetopractice.com; billing@wibetopractice.com,yes,no_peptides,https://wibetopractice.com,medspa,,0
Willow Med Spa &amp; Salon,willowmedspa.com,willowmedspaandsalon@gmail.com,willowmedspaandsalon@gmail.com,yes,no_peptides,https://willowmedspa.com,medspa,,0
Windermere Medical Spa &amp; Laser Institute,windermeremedicalspa.com,support@windermeremedicalspa.com,support@windermeremedicalspa.com,,no_peptides,https://windermeremedicalspa.com,medspa,,0
WSNM Med Spa,wsnmmedspa.com,,,yes,no_email,https://wsnmmedspa.com,medspa,,1
Wyo Med Spa,wyomedspa.com,,,,unreachable,,,,
Wyoming Medical Aesthetics,wyomingmedicalaesthetics.com,,,yes,no_email,https://wyomingmedicalaesthetics.com,medspa,,0
Xage Medical Spa,xagemedicalspa.com,,,yes,no_email,https://xagemedicalspa.com,medspa,"nad+, glutathione",4
Xanadu Med Spa,xanadumedspa.com,,,yes,no_email,https://xanadumedspa.com,medspa,"bpc-157, tb-500, thymosin beta-4, thymosin alpha-1, nad+, ipamorelin",18
Yorkshire Wellness Clinic in Leeds,yorkshirewellnessclinic.com,info@yorkshirewellnessclinic.com,info@yorkshirewellnessclinic.com,,no_us_signal,https://yorkshirewellnessclinic.com,medspa,"semaglutide, tirzepatide, nad+",11
YourGP,your-gp.comlaguna med spa|lagunamedspa.net,,,,unreachable,,,,
Your Laser Skin Care,yourlaserskincare.com,info@yourlaserskincare.com,info@yourlaserskincare.com,yes,no_peptides,https://yourlaserskincare.com,medspa,,0
Your Wellness MD,yourwellnessmd.net,kbirkholz@yourwellnessmd.net,kbirkholz@yourwellnessmd.net,yes,no_peptides,https://yourwellnessmd.net,vendor,,0
Youthbar Med Spa,youthbar.com,,,yes,no_email,https://youthbar.com,medspa,"semaglutide, tirzepatide",7
Zeta Aesthetics NYC,zetaaestheticsnyc.com,elizeta.nyc@gmail.com,elizeta.nyc@gmail.com,yes,no_peptides,https://zetaaestheticsnyc.com/contact-us,medspa,,0
ZZ Med Spa,zzmedspa.com,,,yes,no_email,https://zzmedspa.com/contact,medspa,semaglutide,2
