vendor,domain,email,all_emails,us_signal,status,evidence_url,audience,peptides,peptide_hits
TwelveStone Infusion Center Mt. Juliet,12stonehealth.com,info@12stonehealth.com,chaplain@12stonehealth.com; info@12stonehealth.com,yes,ok,https://12stonehealth.com,medspa,,1
365 IV Wellness,365ivwellness.com,365ivwellness@gmail.com,365ivwellness@gmail.com,yes,ok,https://365ivwellness.com,medspa,"nad+, glutathione",3
IV Therapy Service Divi,518medspa.com,info@518medspa.com,info@518medspa.com; hello@518medspa.com,yes,ok,https://518medspa.com,medspa,"nad+, glutathione",7
About Face Wellness &amp; Medical Spa,aboutfacewellnessandmedicalspa.com,aboutfacecolumbia@gmail.com,aboutfacecolumbia@gmail.com,yes,ok,https://aboutfacewellnessandmedicalspa.com,medspa,"tirzepatide, nad+, glutathione",4
IV Hydration Lee&#x27;s Summit,accursoaesthetics.com,hello@accursoaesthetics.com,hello@accursoaesthetics.com; jim@accursoaesthetics.com; gina@accursoaesthetics.com,yes,ok,https://accursoaesthetics.com,medspa,"semaglutide, tirzepatide, sermorelin",9
ADARE,adarelife.com,hello@adarelife.com,hello@adarelife.com,yes,ok,https://adarelife.com,medspa,nad+,8
IV Hydration Therapy,addedtouchllc.com,anjee@addedtouchllc.com,llcaddedtouch@yahoo.com; anjee@addedtouchllc.com,yes,ok,https://addedtouchllc.com,medspa,,2
Adorn Medical Spa,adornmedspa.com,info@adornmedspa.com,info@adornmedspa.com; contact@adornmedspa.com; canton@adornmedspa.com,yes,ok,https://adornmedspa.com,medspa,semaglutide,2
IV Infusions,aevitamed.com,info@aevitamed.com,info@aevitamed.com,yes,ok,https://aevitamed.com,medspa,glutathione,3
AgeWell Aesthetics,agewellabq.com,kelly@agewellabq.com,kelly@agewellabq.com,yes,ok,https://agewellabq.com,medspa,,2
Alaska Alternative Medicine Clinic LLC,alaskaalternativemedicine.com,alaskaalternativemedicine@gmail.com,alaskaalternativemedicine@gmail.com,yes,ok,https://alaskaalternativemedicine.com,medspa,glutathione,3
AlmaMed Health Center,almamedhealthcenter.com,almamedhealthcenter@gmail.com,almamedhealthcenter@gmail.com,yes,ok,https://almamedhealthcenter.com,medspa,GLP-1 weight loss peptides,4
Advanced Moile IV,amiv.com,info@amiv.com,info@amiv.com,yes,ok,https://amiv.com,medspa,"retatrutide, cagrilintide, bpc-157, tb-500, thymosin beta-4, thymosin alpha-1",44
A New Creation Clinic and Medi-Spa,anewcreationclinicandmedispa.com,anewcreationclinicandmedispa@outlook.com,anewcreationclinicandmedispa@outlook.com,yes,ok,https://anewcreationclinicandmedispa.com,medspa,,2
IV Hydration Therapy,apclinic.net,info@apclinic.net,info@apclinic.net,yes,ok,https://apclinic.net,medspa,,4
Arizona IV Therapy Scottsdale,arizonaiv.com,info@arizonaiv.com,info@arizonaiv.com,yes,ok,https://arizonaiv.com,medspa,"nad+, glutathione",3
ASAP IVs,asapivs.com,taylor@asapivs.com,taylor@asapivs.com; minh@asapivs.com,yes,ok,https://asapivs.com,medspa,"nad+, glutathione",3
Revive MedSpa,ashleybrunoaesthetics.com,ashleybrunoaesthetics@gmail.com,ashleybrunoaesthetics@gmail.com,yes,ok,https://ashleybrunoaesthetics.com,medspa,"semaglutide, tirzepatide",3
"IV Therapy in West Chester Township, OH",assuredcareohio.com,info@assuredcareohio.com,info@assuredcareohio.com,yes,ok,https://assuredcareohio.com,medspa,,1
IV Therapy,auramedspa.org,info@auramedspa.org,info@auramedspa.org,yes,ok,https://auramedspa.org,medspa,GLP-1 weight loss peptides,4
Advanced Wellness &amp; Regenerative Medicine Clinic,awampc.com,ktsoi@awampc.com,ktsoi@awampc.com,yes,ok,https://awampc.com,medspa,glutathione,5
"Balanced Health Clinic of Nebraska, LLC",balancedhealthclinicne.com,balancedhealthne@gmail.com,balancedhealthne@gmail.com,yes,ok,https://balancedhealthclinicne.com,medspa,,4
Banyan &amp; Bamboo Day Spa / Med Spa,banyanandbamboo.com,info@banyanandbamboo.com,info@banyanandbamboo.com,yes,ok,https://banyanandbamboo.com,medspa,semaglutide,3
"Harrisburg, SD",bareskinaesthetics605.com,bareskinaesthetics605@gmail.com,bareskinaesthetics605@gmail.com,yes,ok,https://bareskinaesthetics605.com,medspa,,2
IV Therapy,bbetterinfusions.com,bbetterinfusions@gmail.com,bbetterinfusions@gmail.com,yes,ok,https://bbetterinfusions.com,medspa,"nad+, glutathione",3
Beaut Medical Spa,beautmedspa.com,info@beautmedspa.com,info@beautmedspa.com,yes,ok,https://beautmedspa.com,medspa,glutathione,2
Beauty and Wellness Center,beautyandwellnessmedspa.com,info@beautyandwellnessmedspa.com,info@beautyandwellnessmedspa.com,yes,ok,https://beautyandwellnessmedspa.com,medspa,glutathione,3
Beauty By Santos Weight and Wellness,beautybysantos.com,beautybysantosri@gmail.com,beautybysantosri@gmail.com,yes,ok,https://beautybysantos.com,medspa,GLP-1 weight loss peptides,2
Get Vitamins by Vitamin IV Therapy in Logan UT by Bella Derma,belladermalogan.com,belladermalogan@gmail.com,belladermalogan@gmail.com,yes,ok,https://belladermalogan.com,medspa,glutathione,3
The Bendavid Clinic,bendavidclinic.com,contact@bendavidclinic.com,contact@bendavidclinic.com,yes,ok,https://bendavidclinic.com,medspa,,3
Benessair Health,benessair.com,contactus@benessair.com,contactus@benessair.com,yes,ok,https://benessair.com,medspa,,2
Bijou Blu Medical and Wellness,bijoubluspa.com,info@bijoubluspa.com,info@bijoubluspa.com,yes,ok,https://bijoubluspa.com,medspa,"semaglutide, tirzepatide",5
BioHack Wellness Medical Clinic,biohackwellnessclinic.com,info@biohackwellnessclinic.com,info@biohackwellnessclinic.com,yes,ok,https://biohackwellnessclinic.com,medspa,"nad+, glutathione",7
Black Hills IV Wellness Spa,blackhillsiv.com,blackhillsiv@gmail.com,blackhillsiv@gmail.com,yes,ok,https://blackhillsiv.com,medspa,"nad+, glutathione",3
Bliss Beauty Aesthetics &amp; Wellness,blissbeautyaesthetics.com,hello@blissbeautyaesthetics.com,hello@blissbeautyaesthetics.com,yes,ok,https://blissbeautyaesthetics.com,medspa,,1
Bloom Aesthetics and Wellness,bloomaestheticsnm.com,bloomaestheticsabq@gmail.com,bloomaestheticsabq@gmail.com,yes,ok,https://bloomaestheticsnm.com,medspa,GLP-1 weight loss peptides,4
Bolus Med Spa,bolusmedspa.com,hellogorgeous@bolusmedspa.com,hellogorgeous@bolusmedspa.com,yes,ok,https://bolusmedspa.com,medspa,glutathione,2
Bolus Hydration and Wellness,bolustx.com,hydrate@bolustx.com,hydrate@bolustx.com,yes,ok,https://bolustx.com,medspa,"semaglutide, tirzepatide",4
Bounce Hydration,bouncehydration.com,mgibson@bouncehydration.com,mgibson@bouncehydration.com,yes,ok,https://bouncehydration.com,medspa,"semaglutide, nad+, glutathione",14
IV Therapy,brighthomehealthcarellc.com,brighthomehealth25@gmail.com,brighthomehealth25@gmail.com,yes,ok,https://brighthomehealthcarellc.com,medspa,,1
BusyBee IV Hydration &amp; Wellness,busybee-iv.com,info@busybee-iv.com,info@busybee-iv.com,yes,ok,https://busybee-iv.com,medspa,"semaglutide, tirzepatide, glutathione",9
Calibrate IV Hydration Hawaii,calibrateiv.com,concierge@calibrateiv.com,concierge@calibrateiv.com,yes,ok,https://calibrateiv.com,medspa,"nad+, sermorelin",6
Cameron Wellness and Spa,cameronwellnessandspa.com,info@cameronwellnessandspa.com,info@cameronwellnessandspa.com,yes,ok,https://cameronwellnessandspa.com,medspa,"semaglutide, tirzepatide",7
Capital Aesthetic and Laser Center,capitalaestheticdc.com,info@capitalaestheticdc.com,info@capitalaestheticdc.com,yes,ok,https://capitalaestheticdc.com,medspa,"semaglutide, tirzepatide",4
Carolina Center for Integrative Medicine,carolinacenter.com,info@carolinacenter.com,info@carolinacenter.com,yes,ok,https://carolinacenter.com,medspa,glutathione,2
Where to Get IV Vitamin Therapy in and Around Philadelphia,cdn10.phillymag.com,advertise@phillymag.com,advertise@phillymag.com,yes,ok,https://cdn10.phillymag.com,vendor,GLP-1 weight loss peptides,2
Cellular Wellness Clinics,cellularwellnessclinic.com,info@cellularwellnessclinic.com,info@cellularwellnessclinic.com,yes,ok,https://cellularwellnessclinic.com,medspa,semaglutide,4
Well Labs+ Medspa Charleston (Formerly Koniver Aesthetics),charleston.wellabsplus.com,charleston@wellabsplus.com,charleston@wellabsplus.com,yes,ok,https://charleston.wellabsplus.com,medspa,"nad+, ghk-cu, glutathione",6
Charli Blake&#x27;s Med Spa,charliblakesmedspa.com,charliblakesmedspa1@gmail.com,charliblakesmedspa1@gmail.com,yes,ok,https://charliblakesmedspa.com,medspa,"semaglutide, nad+",5
Charm City Integrative Health,charmcityintegrative.com,info@charmcityintegrative.com,info@charmcityintegrative.com; tom@charmcityintegrative.com,yes,ok,https://charmcityintegrative.com,medspa,glutathione,3
"The Dermatology, Laser &amp; Vein Center",cincinnatiskinandlaser.com,info@cincinnatiskinandlaser.com,info@cincinnatiskinandlaser.com,yes,ok,https://cincinnatiskinandlaser.com,medspa,,2
Clean Market,cleanmarket.com,hello@cleanmarket.com,hello@cleanmarket.com,yes,ok,https://cleanmarket.com,medspa,"nad+, glutathione",3
IV Therapy San Francisco CA,coreivhydration.com,info@coreivhydration.com,%20info@coreivhydration.com; info@coreivhydration.com,yes,ok,https://coreivhydration.com,medspa,,1
"IV Hydration Therapy in Mansfield, TX",corerejuvenationmedspa.com,info@corerejuvenationmedspa.com,info@corerejuvenationmedspa.com,yes,ok,https://corerejuvenationmedspa.com,medspa,,2
Mobile IV Hydration Delray Beach,curevibeiv.com,support@curevibeiv.com,support@curevibeiv.com,yes,ok,https://curevibeiv.com,medspa,"semaglutide, nad+, glutathione",6
IV Therapy,cyntheticmedi.com,cyntheticmedi@gmail.com,cyntheticmedi@gmail.com,yes,ok,https://cyntheticmedi.com,medspa,"nad+, glutathione",5
IV and Infusion Therapy,dalyaestheticsandhealth.com,info@dalyaestheticsandhealth.com,info@dalyaestheticsandhealth.com,yes,ok,https://dalyaestheticsandhealth.com,medspa,,1
Daydream MD,daydreammd.com,info@daydreammd.com,info@daydreammd.com,yes,ok,https://daydreammd.com,vendor,GLP-1 weight loss peptides,5
IV Hydration,demurewellness.org,admin@demurewellness.org,admin@demurewellness.org,yes,ok,https://demurewellness.org,medspa,"semaglutide, tirzepatide, glutathione",8
Dr. Revive IV Therapy &amp; Pain Clinic,doctorrevive.com,revive@doctorrevive.com,revive@doctorrevive.com,yes,ok,https://doctorrevive.com,medspa,"nad+, glutathione",5
IV Hydration,doctorsinprinceton.com,nurse@doctorsinprinceton.com,nurse@doctorsinprinceton.com,yes,ok,https://doctorsinprinceton.com,medspa,"semaglutide, tirzepatide",3
"IV Therapy for Chula Vista, CA",doctorsweightclinics.com,dwc.chulavista@gmail.com,dwc.chulavista@gmail.com,yes,ok,https://doctorsweightclinics.com,medspa,GLP-1 weight loss peptides,3
"Downtown Hydration and Wellness, LLC",downtownhydration.com,tasha@downtownhydration.com,tasha@downtownhydration.com,yes,ok,https://downtownhydration.com,vendor,,1
Doxwel IV Therapy Lounge &amp; MedSpa,doxwel.com,info@doxwel.com,info@doxwel.com,yes,ok,https://doxwel.com,medspa,"nad+, glutathione",4
IV Therapy,drandrewlipton.com,support@drandrewlipton.com,support@drandrewlipton.com; frontdesk@drandrewlipton.com,yes,ok,https://drandrewlipton.com,medspa,,2
Drip Drive IV,dripdrivehydration.com,dripdrive@gmail.com,dripdrive@gmail.com,yes,ok,https://dripdrivehydration.com,medspa,"nad+, glutathione",4
DripFlo,dripflo.dmghealth.com,info@dripflo.com,%20info@dripflo.com; info@dripflo.com,yes,ok,https://dripflo.dmghealth.com,medspa,,1
DripIV Therapy and Hydration,dripiv.com,bham@dripiv.com,bham@dripiv.com; st.pete@dripiv.com,yes,ok,https://dripiv.com,medspa,"nad+, glutathione",4
Midtown Medical,driploungeok.com,drip@driploungeok.com,drip@driploungeok.com,yes,ok,https://driploungeok.com,medspa,glutathione,4
Drip Queen Wellness,dripqueenwellness.com,revive@dripqueenwellness.com,revive@dripqueenwellness.com,yes,ok,https://dripqueenwellness.com,medspa,,1
Drive Wellness,drivewellness.info,info@drivewellness.info,info@drivewellness.info,yes,ok,https://drivewellness.info,medspa,"nad+, glutathione",6
Ebo2 Therapy and Wellness,ebo2therapy.com,info@ebo2therapy.com,info@ebo2therapy.com,yes,ok,https://ebo2therapy.com,medspa,"nad+, glutathione",5
Elan Medspa,elanmedspamt.com,info@elanmedspamt.com,info@elanmedspamt.com,yes,ok,https://elanmedspamt.com,medspa,"semaglutide, tirzepatide, glutathione",11
Elevate Health,elevatehealthplan.com,info@elevatehealthplan.com,info@elevatehealthplan.com; contact@elevatehealthplan.com,yes,ok,https://elevatehealthplan.com,medspa,glutathione,2
Elevate Health and Hormone Clinic,elevatehormoneclinic.com,info@elevatehormoneclinic.com,info@elevatehormoneclinic.com,yes,ok,https://elevatehormoneclinic.com,medspa,"semaglutide, tirzepatide",9
Elite Hydration Center,elitehydrationcenter.com,info@elitehydrationcenter.com,info@elitehydrationcenter.com; ehc_piedmont@elitehydrationcenter.com,yes,ok,https://elitehydrationcenter.com,medspa,"nad+, glutathione",5
Elite IV Hydration and Wellness,eliteivhydrationandwellness.com,info@eliteivhydrationandwellness.com,info@eliteivhydrationandwellness.com,yes,ok,https://eliteivhydrationandwellness.com,medspa,glutathione,2
Enliven Medical,enlivenyourself.com,info@enlivenyourself.com,info@enlivenyourself.com,yes,ok,https://enlivenyourself.com,medspa,,1
Escape Drip Spa,escapedripspa.com,escapedripspa@gmail.com,escapedripspa@gmail.com,yes,ok,https://escapedripspa.com,medspa,"nad+, glutathione",4
First State Med Spa,firststatemedspa.com,careteam@firststatemedspa.com,careteam@firststatemedspa.com,yes,ok,https://firststatemedspa.com,medspa,GLP-1 weight loss peptides,4
Flourish Wellness IV Hydration,flourishandhydrate.com,info@flourishandhydrate.com,info@flourishandhydrate.com,yes,ok,https://flourishandhydrate.com,medspa,glutathione,2
Forever Slender MedSpa,foreverslendermedspa.com,info@foreverslendermedspa.com,info@foreverslendermedspa.com,yes,ok,https://foreverslendermedspa.com,medspa,GLP-1 weight loss peptides,4
Forum Health Greenville Integrative Doctor,forumhealth.com,info@forumhealth.com,info@forumhealth.com,yes,ok,https://forumhealth.com,medspa,semaglutide,6
Fusion Hydration Oceanside,fusionhydration.com,contact@fusionhydration.com,contact@fusionhydration.com,yes,ok,https://fusionhydration.com,medspa,"nad+, glutathione",5
Gen 3 IV Hydration and Wellness,gen3iv.com,gen3iv@outlook.com,gen3iv@outlook.com,yes,ok,https://gen3iv.com,medspa,nad+,2
Summit Rejuvenation,getsummithrt.com,summitrcenters@gmail.com,summitrcenters@gmail.com,yes,ok,https://getsummithrt.com,medspa,semaglutide,5
GlowRx IV Drip Bar &amp; Medspa,glowrxmedspa.com,info@glowrxmedspa.com,info@glowrxmedspa.com; glowrxmedspa@gmail.com,yes,ok,https://glowrxmedspa.com,medspa,"tirzepatide, nad+",6
GoCryo Cryotherapy,gocryosd.com,info@gocryosd.com,info@gocryosd.com,yes,ok,https://gocryosd.com,medspa,"nad+, glutathione",3
Motor City IV,h3well.com,info@h3well.com,info@h3well.com; gray@h3well.com; jcavanagh@h3well.com,yes,ok,https://h3well.com,medspa,,1
Hangover Healthcare,hangoverhealthcare.com,katrina@hangoverhealthcare.com,katrina@hangoverhealthcare.com,yes,ok,https://hangoverhealthcare.com,medspa,glutathione,2
"Vitamin IV Infusions, IV Therapy Spring &amp; Kingwood TX",harmonyaestheticsspa.com,info@harmonyaestheticsspa.com,%20info@harmonyaestheticsspa.com; info@harmonyaestheticsspa.com,yes,ok,https://harmonyaestheticsspa.com,medspa,"semaglutide, tirzepatide",14
Healing Touch IV,healingtouchiv.com,healingtouchiv894@gmail.com,healingtouchiv894@gmail.com,yes,ok,https://healingtouchiv.com,medspa,"nad+, glutathione",5
Mobile IV Therapy,healthyhousevisits.com,jacqui@healthyhousevisits.com,jacqui@healthyhousevisits.com,yes,ok,https://healthyhousevisits.com,medspa,"nad+, glutathione",5
Helios Natural Medicine,heliosnaturalmed.com,hello@heliosnaturalmed.com,hello@heliosnaturalmed.com,yes,ok,https://heliosnaturalmed.com,medspa,glutathione,1
Hello Nurse Mobile IV Services (We Come to You),hellonurse.health,info@hellonurse.health,info@hellonurse.health,yes,ok,https://hellonurse.health,medspa,"semaglutide, tirzepatide, nad+, glutathione",9
Holistic Hyperbarics,hh-usa.com,info@hh-usa.com,info@hh-usa.com,yes,ok,https://hh-usa.com,medspa,glutathione,2
Holistic Hydration,holistichydration.com,contact@holistichydration.com,contact@holistichydration.com,yes,ok,https://holistichydration.com,medspa,"nad+, glutathione",4
HOUSE22 Med Spa in Chicago,house22.com,reception@house22.com,reception@house22.com,yes,ok,https://house22.com,medspa,"semaglutide, tirzepatide, nad+",11
Home,hydraivnj.com,hello@hydraivnj.com,hello@hydraivnj.com,yes,ok,https://hydraivnj.com,medspa,glutathione,2
HydraLuxe,hydraluxewi.com,hydraluxeiv@gmail.com,hydraluxeiv@gmail.com,yes,ok,https://hydraluxewi.com,medspa,,1
HydraPure Medspa,hydrapureiv.com,kasha@hydrapureiv.com,kasha@hydrapureiv.com,yes,ok,https://hydrapureiv.com,medspa,glutathione,1
Hydrate To Heal LLC.,hydratetohealct.com,hydrate2heal@gmail.com,hydrate2heal@gmail.com,yes,ok,https://hydratetohealct.com,medspa,"nad+, glutathione",4
Hydration Health and Wellness,hydrationhealthwellness.com,melody@hydrationhealthwellness.com,melody@hydrationhealthwellness.com,yes,ok,https://hydrationhealthwellness.com,medspa,glutathione,4
FLULESS Mobile Wellness,iamfluless.com,info@iamfluless.com,info@iamfluless.com,yes,ok,https://iamfluless.com,medspa,nad+,3
I Am Wellness Clinic,iamwellnessco.com,iamwellnessclinic@yahoo.com,iamwellnessclinic@yahoo.com,yes,ok,https://iamwellnessco.com,medspa,semaglutide,1
IV and Injectable Services,ictivhydration.com,ictivhydration@gmail.com,ictivhydration@gmail.com; elitemaleict@gmail.com,yes,ok,https://ictivhydration.com,medspa,"nad+, glutathione",5
Functional Medicine Clinics,ileraprecisionwellness.com,info@ileraprecisionwellness.com,info@ileraprecisionwellness.com,yes,ok,https://ileraprecisionwellness.com,vendor,"semaglutide, tirzepatide",3
Home,immunityhealth.com,dr.ugarte@immunityhealth.com,dr.ugarte@immunityhealth.com,yes,ok,https://immunityhealth.com,medspa,glutathione,2
Impeccable Aesthetics HNL Beauty Collective,impeccableaesthetics.net,admin@impeccableaesthetics.net,admin@impeccableaesthetics.net,yes,ok,https://impeccableaesthetics.net,medspa,tirzepatide,6
Inertia Tampa,inertiatampa.com,info@inertiatampa.com,admin@inertiatampa.com; info@inertiatampa.com,yes,ok,https://inertiatampa.com,medspa,nad+,4
Infusion Health,infusion-health.com,info@infusion-health.com,info@infusion-health.com,yes,ok,https://infusion-health.com,medspa,,1
Infuzed Ketamine &amp; IV Therapy,infuzedtherapy.com,hello@infuzedtherapy.com,hello@infuzedtherapy.com,yes,ok,https://infuzedtherapy.com,medspa,"semaglutide, tirzepatide, nad+, glutathione",6
In Home Infusion,inhomeinfusion.com,hello@inhomeinfusion.com,hello@inhomeinfusion.com,yes,ok,https://inhomeinfusion.com,medspa,"nad+, glutathione",3
Innergy Drips,innergydrips.com,info@innergydrips.com,info@innergydrips.com,yes,ok,https://innergydrips.com,medspa,nad+,3
Instadrip,instadrip.com,team@instadrip.io,team@instadrip.io,yes,ok,https://instadrip.com,medspa,"nad+, glutathione",5
IV Therapy,integrativemedicineofnj.com,inquiries@integrativemedicineofnj.com,inquiries@integrativemedicineofnj.com; rimmashermanmedical@yahoo.com; supplements@integrativemedicineofnj.com,yes,ok,https://integrativemedicineofnj.com,medspa,glutathione,2
Integrative Family Medicine of Iowa,integrativemediowa.com,info@integrativemediowa.com,billing@integrativemediowa.com; info@integrativemediowa.com,yes,ok,https://integrativemediowa.com,medspa,nad+,5
Intentional Self Aesthetics,intentionalselfaesthetics.com,info@intentionalselfaesthetics.com,info@intentionalselfaesthetics.com,yes,ok,https://intentionalselfaesthetics.com,medspa,semaglutide,4
Iowa Wellness Center,iowawellnesscenter.com,frontdesk@iowawellnesscenter.com,frontdesk@iowawellnesscenter.com,yes,ok,https://iowawellnesscenter.com,medspa,"semaglutide, tirzepatide, glutathione",8
IV Pros IV Therapy,iv-pros.com,admin@iv-pros.com,admin@iv-pros.com,yes,ok,https://iv-pros.com,medspa,nad+,2
IV Detox Treatment,iv-therapyandwellness.com,mia@ivtherapyandwellness.com,mia@ivtherapyandwellness.com; michelleisma@gmail.com,yes,ok,https://iv-therapyandwellness.com,medspa,"nad+, glutathione",3
Ivdripnurseny,ivdripnurseny.com,contact@ivdripnurseny.com,contact@ivdripnurseny.com,yes,ok,https://ivdripnurseny.com,medspa,,1
"IV Drip Bar and More, LLC",ivgttbar.com,hydrate@ivgttbar.com,hydrate@ivgttbar.com,yes,ok,https://ivgttbar.com,medspa,nad+,3
IV Ocean Therapy,ivoceantherapy.com,burnsnp@ivoceantherapy.com,burnsnp@ivoceantherapy.com,yes,ok,https://ivoceantherapy.com,medspa,"nad+, glutathione",6
IVs by the Seas,ivsbytheseas.com,info@ivsbytheseas.com,info@ivsbytheseas.com; copyright@ivsbytheseas.com,yes,ok,https://ivsbytheseas.com,medspa,nad+,2
IV Texas,ivtexas.com,info@ivtexas.com,info@ivtexas.com,yes,ok,https://ivtexas.com,medspa,GLP-1 weight loss peptides,3
IVTherapy2go: 24/7 Mobile IV Bar,ivtherapy2go.com,info@ivtherapy2go.com,info@ivtherapy2go.com,yes,ok,https://ivtherapy2go.com,medspa,,1
IV in Las Vegas,ivtherapyinlasvegas.com,mirzaian92@gmail.com,mirzaian92@gmail.com,yes,ok,https://ivtherapyinlasvegas.com,medspa,"semaglutide, tirzepatide, nad+, sermorelin",10
IVUSE,ivuseiv.com,admin@ivuseiv.com,admin@ivuseiv.com,yes,ok,https://ivuseiv.com,medspa,glutathione,3
IV Vibin&#x27; Mobile IV Therapy,ivvibin.com,kris10@ivvibin.com,kris10@ivvibin.com,yes,ok,https://ivvibin.com,medspa,nad+,2
IV Therapy in Boca Raton,ivwellness.com,info@ivwellness.com,info@ivwellness.com,yes,ok,https://ivwellness.com,medspa,"nad+, glutathione",4
Revitalize Your Life at Saint Paul&#x27;s IV Wellness &amp; Beauty Spa,ivwellnessbeautyspa.com,zoualyang@gmail.com,zoualyang@gmail.com,yes,ok,https://ivwellnessbeautyspa.com,medspa,,1
Ivy Wellness and Aesthetics,ivywellnesstx.com,info@ivywellnesstx.com,info@ivywellnesstx.com,yes,ok,https://ivywellnesstx.com,medspa,"semaglutide, tirzepatide",7
Cult Med Spa + IV Bar,jointhecultdetroit.com,info@jointhecultdetroit.com,info@jointhecultdetroit.com,yes,ok,https://jointhecultdetroit.com,medspa,,1
Jubilee Wellness,jubileewellness.com,stormi@jubileewellness.com,stormi@jubileewellness.com; cassidy@jubileewellness.com,yes,ok,https://jubileewellness.com,medspa,glutathione,1
KALON MedSpa,kalonmedspatx.com,kalonmedspatx@gmail.com,kalonmedspatx@gmail.com,yes,ok,https://kalonmedspatx.com,medspa,GLP-1 weight loss peptides,4
Kanodia MD,kanodiamd.com,admin@kanodiamd.com,admin@kanodiamd.com,yes,ok,https://kanodiamd.com,medspa,glutathione,2
K&amp;E IV and Aesthetic Lounge,kelounge.com,kandelounge@gmail.com,kandelounge@gmail.com,yes,ok,https://kelounge.com,medspa,"semaglutide, tirzepatide",5
IV hydration Therapy,kesaniessentials.com,hello@kesaniessentials.com,k.eceo@kesaniessentials.com; hello@kesaniessentials.com,yes,ok,https://kesaniessentials.com,medspa,"semaglutide, tirzepatide, glutathione",6
Kingdom Health Cape,kingdomhealthcape.com,kingdomhealthcape@gmail.com,kingdomhealthcape@gmail.com,yes,ok,https://kingdomhealthcape.com,medspa,,2
"IV Therapy in Alexandria, VA",kingstreetapothecary.net,contact@kingstreetapothecary.net,contact@kingstreetapothecary.net; ryirga@gmail.com,yes,ok,https://kingstreetapothecary.net,medspa,"semaglutide, tirzepatide, retatrutide, liraglutide, bpc-157, nad+",22
Krasnick Regenerative Medicine,krasnickregen.com,info@krasnickregen.com,info@krasnickregen.com,yes,ok,https://krasnickregen.com,medspa,"nad+, glutathione",4
LANA Health and Wellness Spa,lanaoncospa.com,business@lanaoncospa.com,business@lanaoncospa.com; franchise@lanaoncospa.com,yes,ok,https://lanaoncospa.com,medspa,GLP-1 weight loss peptides,2
IV Therapy,larrabeecenter.com,info@larrabeecenter.com,info@larrabeecenter.com,yes,ok,https://larrabeecenter.com,medspa,,2
"Mobile IV Therapy in Atlanta, Georgia",lblwellnessclinic.com,hello@lblwellnessclinic.com,hello@lblwellnessclinic.com,yes,ok,https://lblwellnessclinic.com,medspa,"semaglutide, tirzepatide, nad+, glutathione",8
Legacy Med Spa,legacymedspasd.com,hello@legacymedspasd.com,hello@legacymedspasd.com,yes,ok,https://legacymedspasd.com,medspa,,1
L&#x27;Elite MediSpa and Wellness BK,lelitemedispa.com,info@lelitemedispa.com,info@lelitemedispa.com,yes,ok,https://lelitemedispa.com,medspa,,5
Liquid Life IV,liquidlifela.com,info@liquidlifela.com,info@liquidlifela.com,yes,ok,https://liquidlifela.com,medspa,"nad+, glutathione",4
Liv Again Wellness,livagainwellness.com,info@livagainwellness.com,livagainwellness@gmail.com; info@livagainwellness.com,yes,ok,https://livagainwellness.com,medspa,glutathione,4
Livelydrops Mobile IV Therapy,livelydrops.com,info@livelydrops.com,info@livelydrops.com; livelydrops@icloud.com,yes,ok,https://livelydrops.com,medspa,"nad+, glutathione",4
"LiveWell Med Solutions: IV Therapy: Carrollton, TX",livewell-medsolutions.com,office@livewell-medsolutions.com,office@livewell-medsolutions.com,yes,ok,https://livewell-medsolutions.com,medspa,,3
LIV WELLNESS,livhydrates.com,info@livhydrates.com,info@livhydrates.com,yes,ok,https://livhydrates.com,medspa,glutathione,2
Living Well Dakota,livingwelldakota.com,jody@livingwelldakota.com,jody@livingwelldakota.com,yes,ok,https://livingwelldakota.com,medspa,,3
LIVIN The Wellness Co.,livinhydration.org,l.iv.in.hydration@gmail.com,l.iv.in.hydration@gmail.com,yes,ok,https://livinhydration.org,medspa,"tirzepatide, nad+, glutathione",8
"Lizabelly IV Hydration &amp; Medspa, LLC",lizabellymedspa.com,info@lizabellymedspa.com,info@lizabellymedspa.com,yes,ok,https://lizabellymedspa.com,medspa,"nad+, glutathione",8
IV Hydration,lonestar24hrer.com,checkin@lonestar24hrer.com,checkin@lonestar24hrer.com; mdiaz@lonestar24hrer.com,yes,ok,https://lonestar24hrer.com,medspa,,1
Lone Star IV Medics,lonestarivmedics.com,contact@lonestarivmedics.com,contact@lonestarivmedics.com,yes,ok,https://lonestarivmedics.com,medspa,"nad+, glutathione",3
"Concierge IV Therapy in Altamonte Springs, FL",longevousyouthllc.com,longevousyouthllc@gmail.com,longevousyouthllc@gmail.com,yes,ok,https://longevousyouthllc.com,medspa,,3
Los Angeles Mobile IV Therapy,losangelesmobileiv.com,info@losangelesmobileiv.com,info@losangelesmobileiv.com,yes,ok,https://losangelesmobileiv.com,medspa,"nad+, glutathione",4
Loyal IV Clinic,loyalivclinic.com,loyalivclinic@gmail.com,loyalivclinic@gmail.com,yes,ok,https://loyalivclinic.com,medspa,"semaglutide, tirzepatide, glutathione",7
The Medspa @50th,m50medspa.com,m50medspa@gmail.com,m50medspa@gmail.com,yes,ok,https://m50medspa.com,medspa,GLP-1 weight loss peptides,3
"Integrative IV Therapy in Chillicothe, Ohio",madsenmed.com,info@madsenmed.com,info@madsenmed.com,yes,ok,https://madsenmed.com,medspa,,2
Maine Aesthetic Medicine,maineaestheticmedicine.com,info@maineaestheticmedicine.com,info@maineaestheticmedicine.com; avery@maineaestheticmedicine.com,yes,ok,https://maineaestheticmedicine.com,medspa,GLP-1 weight loss peptides,4
Medical Age Management,manageyourage.com,prescriptions@manageyourage.com,prescriptions@manageyourage.com,yes,ok,https://manageyourage.com,medspa,,3
McDonagh Medical Center,mcdonaghmed.com,info@mcdonaghmed.com,info@mcdonaghmed.com,yes,ok,https://mcdonaghmed.com,medspa,,2
Medica Aesthetics,medicaaesthetics.info,hello@medicaaesthetics.info,hello@medicaaesthetics.info,yes,ok,https://medicaaesthetics.info,medspa,,1
MedSmart Wellness Centers,medsmartcenters.com,info@medsmartcenters.com,info@medsmartcenters.com,yes,ok,https://medsmartcenters.com,medspa,nad+,11
ALCHEME Medical Spa Del Mar,medspa-delmar.alchemehealth.com,info@alchemehealth.com,info@alchemehealth.com,yes,ok,https://medspa-delmar.alchemehealth.com,medspa,nad+,7
MedSpa by Beauty Bar,medspabybeautybar.com,info@medspabybeautybar.com,info@medspabybeautybar.com,yes,ok,https://medspabybeautybar.com,medspa,GLP-1 weight loss peptides,5
ME Medical Spa,memedicalspa.com,info@memedicalspa.com,info@memedicalspa.com,yes,ok,https://memedicalspa.com,medspa,glutathione,2
Hydrate &amp; Recover Mobile IV Therapy,miamimobileiv.com,info@miamimobileiv.com,info@miamimobileiv.com,yes,ok,https://miamimobileiv.com,medspa,"nad+, glutathione",4
Midtown Medical,midtownmedicalmobile.com,info@midtownmedicalmobile.com,info@midtownmedicalmobile.com,yes,ok,https://midtownmedicalmobile.com,medspa,GLP-1 weight loss peptides,5
IV Hydration &amp; Therapy,millsurgentcare.com,%20millsurgentcare@gmail.com,%20millsurgentcare@gmail.com; millsurgentcare@gmail.com,yes,ok,https://millsurgentcare.com,medspa,"semaglutide, tirzepatide",2
Mind Rejuvenation,mindrejuvenation.net,info@mindrejuvenation.net,info@mindrejuvenation.net,yes,ok,https://mindrejuvenation.net,medspa,,1
Minnesota IV Hydration and Wellness LLC,minnesotaivhydration.com,contact@minnesotaivhydration.com,contact@minnesotaivhydration.com,yes,ok,https://minnesotaivhydration.com,medspa,"nad+, glutathione",5
Concierge RN Services,mobileconciergern.com,mobileconciergern@gmail.com,mobileconciergern@gmail.com,yes,ok,https://mobileconciergern.com,medspa,,1
Mobile IV Medics,mobileivmedics.com,contact@mobileivmedics.com,contact@mobileivmedics.com,yes,ok,https://mobileivmedics.com,medspa,"nad+, glutathione",3
Local Infusion in Bedford,mobileivnearby.com,info@mobileivnearby.com,info@mobileivnearby.com,yes,ok,https://mobileivnearby.com,medspa,"nad+, glutathione",3
Mobile IV Nurses,mobileivnurses.com,contact@mobileivnurses.com,contact@mobileivnurses.com,yes,ok,https://mobileivnurses.com,medspa,"nad+, glutathione",4
"Mobile IV Therapy in Aventura, FL",mobileivofthepalmbeaches.com,mobileivofthepalmbeaches@gmail.com,mobileivofthepalmbeaches@gmail.com,yes,ok,https://mobileivofthepalmbeaches.com,medspa,"semaglutide, tirzepatide, nad+, glutathione",9
Las Vegas Mobile IV Therapy,mobileivtherapylasvegas.com,vegasmobileiv@gmail.com,vegasmobileiv@gmail.com,yes,ok,https://mobileivtherapylasvegas.com,medspa,"semaglutide, tirzepatide, liraglutide, bpc-157, tb-500, nad+",29
Mobile IV Therapy Phoenix,mobileivtherapyphoenix.com,phxmobileiv@gmail.com,phxmobileiv@gmail.com,yes,ok,https://mobileivtherapyphoenix.com,medspa,"semaglutide, tirzepatide, nad+, ipamorelin, sermorelin, cjc-1295",18
Modern Med,modernmedstl.com,modernmedstl@gmail.com,modernmedstl@gmail.com,yes,ok,https://modernmedstl.com,medspa,"semaglutide, nad+, glutathione",9
IV Therapy Bronx NY,mosesmedicalny.com,care@mosesmedicalny.com,care@mosesmedicalny.com,yes,ok,https://mosesmedicalny.com/about,medspa,GLP-1 weight loss peptides,4
Montana Aging Gracefully Health &amp; Wellness,mtaginggracefully.com,bailiemedical@gmail.com,bailiemedical@gmail.com,yes,ok,https://mtaginggracefully.com,medspa,GLP-1 weight loss peptides,4
Musa Med Spa,musamedspa.com,info@musamedspa.com,info@musamedspa.com,yes,ok,https://musamedspa.com,medspa,semaglutide,3
beautymarx,mybeautymarx.com,info@mybeautymarx.com,info@mybeautymarx.com,yes,ok,https://mybeautymarx.com,medspa,,1
The IV Hydration Lounge at My Blooming Health,mybloominghealth.com,danita@mybloominghealth.com,danita@mybloominghealth.com; mbh@mybloominghealth.com,yes,ok,https://mybloominghealth.com,medspa,GLP-1 weight loss peptides,2
The Confidence Lab,myconfidencelab.com,info@myconfidencelab.com,info@myconfidencelab.com,yes,ok,https://myconfidencelab.com,medspa,"semaglutide, tirzepatide, nad+, glutathione",14
Decoded Health,mydecodedhealth.com,catherine@mydecodedhealth.com,catherine@mydecodedhealth.com,yes,ok,https://mydecodedhealth.com,medspa,"semaglutide, tirzepatide, nad+, glutathione",8
Energy Inspired Wellness,myenergyinspireddrips.com,info@myenergyinspireddrips.com,info@myenergyinspireddrips.com,yes,ok,https://myenergyinspireddrips.com,medspa,"nad+, glutathione",3
IV Therapy and Vitamin Injections,myhealthdpc.com,felice@myhealthdpc.com,felice@myhealthdpc.com,yes,ok,https://myhealthdpc.com,medspa,,1
THE IV SUITE,myivsuite.com,joshua.ivtherapy@gmail.com,joshua.ivtherapy@gmail.com; thewaxingsuite.co@gmail.com,yes,ok,https://myivsuite.com,medspa,,1
Navo,mynavo.com,support@mynavo.com,support@mynavo.com,yes,ok,https://mynavo.com,medspa,"nad+, glutathione",3
IV Hydration Therapy &amp; Vitamin Injections Henderson NV,mynucanvas.com,info@mynucanvas.com,info@mynucanvas.com,yes,ok,https://mynucanvas.com,medspa,GLP-1 weight loss peptides,6
IV Therapy,mypurabella.com,info@mypurabella.com,info@mypurabella.com,yes,ok,https://mypurabella.com,medspa,"nad+, sermorelin, glutathione",6
Wellness RevIVal Company,mywellnessrevival.com,wellnessrevivalco@gmail.com,wellnessrevivalco@gmail.com,yes,ok,https://mywellnessrevival.com,medspa,"nad+, glutathione",3
Naven Health,navenhealth.com,contactus@navenhealth.com,contactus@navenhealth.com,yes,ok,https://navenhealth.com,medspa,,1
"IV Vitamin Therapy in Chillicothe, Ohio",newimagelsc.com,info@newimagelsc.com,info@newimagelsc.com,yes,ok,https://newimagelsc.com,medspa,,1
IV Therapy,newyoumedspanj.com,frontdesk@newyoumedspanj.com,frontdesk@newyoumedspanj.com,yes,ok,https://newyoumedspanj.com,medspa,GLP-1 weight loss peptides,4
"Mobile IV Therapy in Aventura &amp; Miami, FL",nexsisbiohealth.com,info@nexsisbiohealth.com,info@nexsisbiohealth.com,yes,ok,https://nexsisbiohealth.com,medspa,"semaglutide, tirzepatide, liraglutide, bpc-157, ipamorelin, sermorelin",20
Mobile IV Therapy Sherman Oaks,nextdrip.com,info@nextdrip.com,info@nextdrip.com,yes,ok,https://nextdrip.com,medspa,"nad+, sermorelin, tesamorelin, pt-141, ghk-cu, glutathione",7
NEX Wellness &amp; IV Therapy Clinic,nexwellness.com,info@nexwellness.com,info@nexwellness.com,yes,ok,https://nexwellness.com,medspa,glutathione,2
Nova Essence MediSpa,novaessencemedispa.com,novaessence160@gmail.com,novaessence160@gmail.com,yes,ok,https://novaessencemedispa.com,medspa,dsip,1
Novuu Medspa,novuumedspa.com,info@novuumedspa.com,info@novuumedspa.com,yes,ok,https://novuumedspa.com,medspa,GLP-1 weight loss peptides,5
NutriDrip at Fontainebleau Las Vegas,nutridrip.com,contact@nutridrip.com,contact@nutridrip.com,yes,ok,https://nutridrip.com,medspa,"nad+, glutathione",4
Nuuvo Health,nuuvohealth.com,info@nuuvohealth.com,info@nuuvohealth.com,yes,ok,https://nuuvohealth.com,medspa,"nad+, glutathione",3
IV Nutrient Therapies,nwintegratedhealth.com,theteam@nwintegratedhealth.com,theteam@nwintegratedhealth.com,yes,ok,https://nwintegratedhealth.com,medspa,,4
Northwest IV Therapy,nwivt.com,nwivtherapy@gmail.com,nwivtherapy@gmail.com,yes,ok,https://nwivt.com,medspa,"nad+, glutathione",4
NY Health &amp; Wellness Care,nywellnesshealth.com,admin@nywellnesshealth.com,admin@nywellnesshealth.com,yes,ok,https://nywellnesshealth.com,medspa,nad+,2
IV Hydration Therapy in Atlanta,oasishydration.com,info@oasishydration.com,info@oasishydration.com,yes,ok,https://oasishydration.com,medspa,glutathione,2
Oasis Iv Med Spa,oasisivmedspa.com,oasisivspa@gmail.com,oasisivspa@gmail.com,yes,ok,https://oasisivmedspa.com,medspa,,2
"Shalini Kapoor, ND, MPH",omintegrativemedicine.com,om.i.medicine@gmail.com,om.i.medicine@gmail.com,yes,ok,https://omintegrativemedicine.com,medspa,"nad+, glutathione",3
Optimal IV Hydration &amp; Wellness,optimalivhydration.com,info@optimalivhydration.com,info@optimalivhydration.com,yes,ok,https://optimalivhydration.com,medspa,"nad+, glutathione",3
Vitalyze Medical,optimantra.com,support@optimantra.freshdesk.com,support@optimantra.freshdesk.com; support@optimantra.zendesk.com,yes,ok,https://optimantra.com,medspa,,4
Orange County Mobile IV Therapy,orangecountymobileiv.com,info@orangecountymobileiv.com,info@orangecountymobileiv.com,yes,ok,https://orangecountymobileiv.com,medspa,"nad+, glutathione",4
Liquid Legacy Integrative Wellness,ourliquidlegacy.com,cassandra@ourliquidlegacy.com,cassandra@ourliquidlegacy.com; debbie@ourliquidlegacy.com,yes,ok,https://ourliquidlegacy.com,medspa,"semaglutide, tirzepatide, glutathione",6
OVME,ovme.com,help@ovme.com,help@ovme.com,yes,ok,https://ovme.com,vendor,tirzepatide,4
IV Therapy,pathways2nh.com,info@pathways2nh.com,info@pathways2nh.com,yes,ok,https://pathways2nh.com,medspa,glutathione,2
"IV Therapy in Tucson, AZ",patriotiv.com,info@patriotiv.com,info@patriotiv.com,yes,ok,https://patriotiv.com,medspa,"semaglutide, tirzepatide",13
Pause West Des Moines,pausestudio.com,venice@pausestudio.com,venice@pausestudio.com; weho@pausestudio.com; southbay@pausestudio.com; brentwood@pausestudio.com; studiocity@pausestudio.com; newportbeach@pausestudio.com; eastcobb@pausestudio.com; greenhills@pausestudio.com,yes,ok,https://pausestudio.com,vendor,nad+,2
PBK Medspa,pbkmedspa.com,pbkmedspa@gmail.com,pbkmedspa@gmail.com,yes,ok,https://pbkmedspa.com,medspa,,1
Pelle Sana Medical Spa,pellesanamedspa.com,info@pellesanamedspa.com,info@pellesanamedspa.com,yes,ok,https://pellesanamedspa.com,medspa,semaglutide,5
The Perfect Pregame Mobile IV,perfectpregameiv.com,melroblesiv@gmail.com,melroblesiv@gmail.com,yes,ok,https://perfectpregameiv.com,medspa,,1
IV Therapy Westminster,premiertrt.com,info@premiertrt.com,melanie@premiertrt.com; info@premiertrt.com,yes,ok,https://premiertrt.com,medspa,,4
PremierU Med,premierumed.com,info@premierumed.com,info@premierumed.com,yes,ok,https://premierumed.com/contact,medspa,"semaglutide, nad+, glutathione",8
Premium IV Therapy,premiumivtherapy.com,hello@premiumivtherapy.com,hello@premiumivtherapy.com; clint@premiumivtherapy.com,yes,ok,https://premiumivtherapy.com,medspa,"nad+, glutathione",4
IV Vitamin Therapy in Los Angeles,preventivemedcenters.com,cisca@preventivemedcenters.com,cisca@preventivemedcenters.com,yes,ok,https://preventivemedcenters.com/contact-us,medspa,,2
Prime Infusions,primeinfusions.com,office@primeinfusions.com,office@primeinfusions.com,yes,ok,https://primeinfusions.com,medspa,,1
Priority Wellness,prioritywellnesshealth.com,info@prioritywellnesshealth.com,info@prioritywellnesshealth.com,yes,ok,https://prioritywellnesshealth.com/pages/contact,medspa,,3
IV Therapy,projectpowergym.com,info@projectpowergym.com,info@projectpowergym.com; samanthacardwell2021@gmail.com,yes,ok,https://projectpowergym.com,medspa,,1
Mobile IV Therapy Downtown Albuquerque,pureiv.com,info@pureiv.com,info@pureiv.com,yes,ok,https://pureiv.com,medspa,"nad+, glutathione",5
Purple Rain IV Bar &amp; Spa,purplerainiv.com,gwenr@purplerainiv.com,gwenr@purplerainiv.com,yes,ok,https://purplerainiv.com,medspa,"glutathione, semaglutide",4
Quality IV Care,qualityivcare.com,pharmacy@qualityivcare.com,pharmacy@qualityivcare.com,yes,ok,https://qualityivcare.com,medspa,,1
Quantum Wellness Spa,quantum.spa,dtla@quantum.spa,dtla@quantum.spa,yes,ok,https://quantum.spa,medspa,,1
Quench IV Spa,quenchivspa.com,quenchivspa@gmail.com,quenchivspa@gmail.com,yes,ok,https://quenchivspa.com,medspa,,1
"IV Therapy In Naperville, IL",radiantamedspa.com,radiantamedspa@gmail.com,radiantamedspa@gmail.com,yes,ok,https://radiantamedspa.com,medspa,semaglutide,7
IV Therapy for Elevated Wellness,radiantesthetics401.com,radiantesthetics401@gmail.com,radiantesthetics401@gmail.com,yes,ok,https://radiantesthetics401.com,medspa,,1
Radiant Esthetics And Wellness,radiantswellness.com,radientmedspa@gmail.com,radientmedspa@gmail.com,yes,ok,https://radiantswellness.com,medspa,"sermorelin, glutathione",5
Homepage,raginhydration.com,info@raginhydration.com,info@raginhydration.com,yes,ok,https://raginhydration.com,medspa,"semaglutide, tirzepatide, nad+, sermorelin, glutathione",7
Rahav Wellness,rahavwellness.com,info@rahavwellness.com,info@rahavwellness.com,yes,ok,https://rahavwellness.com,medspa,glutathione,3
R&amp;R IV Hydration,randrmobileivhydration.org,richard@randrmobileivhydration.com,richard@randrmobileivhydration.com; rebecca@randrmobileivhydration.com,yes,ok,https://randrmobileivhydration.org,medspa,"nad+, glutathione",4
Mobile IV Services,rapidrecoveryroom.com,contact@rapidrecoveryroom.com,contact@rapidrecoveryroom.com,yes,ok,https://rapidrecoveryroom.com,medspa,"nad+, glutathione",3
Rejuvenation Bar,rbconcierge.com,info.rejuvenationconcierge@gmail.com,info.rejuvenationconcierge@gmail.com,yes,ok,https://rbconcierge.com,medspa,"semaglutide, tirzepatide, bpc-157",6
Re-new Institute,re-newinstitute.com,info@re-newinstitute.com,info@re-newinstitute.com,yes,ok,https://re-newinstitute.com,medspa,GLP-1 weight loss peptides,7
RE Wellness,re-wellness.com,clinic@re-wellness.com,clinic@re-wellness.com,yes,ok,https://re-wellness.com,medspa,,1
Reclaim Med Spa &amp; Wellness,reclaimmedspastl.com,info@reclaimmedspastl.com,info@reclaimmedspastl.com,yes,ok,https://reclaimmedspastl.com,medspa,,2
Contact Us,recoveryhydrationtherapy.com,info@recoveryhydrationtherapy.com,info@recoveryhydrationtherapy.com,yes,ok,https://recoveryhydrationtherapy.com,medspa,"semaglutide, tirzepatide, glutathione",6
Recovery Room IV Therapy &amp; Wellness,recoveryroomaz.com,ivtherapy@recoveryroomaz.com,ivtherapy@recoveryroomaz.com,yes,ok,https://recoveryroomaz.com,medspa,nad+,5
Regain Health &amp; Wellness,regainhealthwellness.com,info@regainhealthwellness.com,info@regainhealthwellness.com,yes,ok,https://regainhealthwellness.com,medspa,GLP-1 weight loss peptides,3
Regen RX Therapy Medical Clinic,regenrxtherapy.com,info@regenrxtherapy.com,info@regenrxtherapy.com,yes,ok,https://regenrxtherapy.com,medspa,,2
Regenerative Wellness,regenwellnessca.com,info.regenwellness@gmail.com,info.regenwellness@gmail.com,yes,ok,https://regenwellnessca.com,medspa,"nad+, glutathione",6
Rejuvenate IV Therapy at Calm Clinic,rejuvenate-az.com,hello@rejuvenate-az.com,hello@rejuvenate-az.com; rejuvenate.tucson@gmail.com,yes,ok,https://rejuvenate-az.com,medspa,nad+,2
Rejuvenate 901,rejuvenate901.com,info@rejuvenate901.org,info@rejuvenate901.org; contact@rejuvenate901.org,yes,ok,https://rejuvenate901.com,medspa,,1
Rejuvenate Health &amp; Wellness Lounge,rejuvenateokc.com,info@rejuvenateokc.com,info@rejuvenateokc.com,yes,ok,https://rejuvenateokc.com,medspa,"nad+, glutathione",3
Rejuvenations Laser Center &amp; Medical Spa,rejuvenationsmedicalspa.com,info@rejuvenationsmedicalspa.com,781-1201info@rejuvenationsmedicalspa.com; info@rejuvenationsmedicalspa.com,yes,ok,https://rejuvenationsmedicalspa.com,medspa,nad+,1
Rejuvii IV Therapy &amp; Wellness,rejuvii.com,info@rejuvii.com,info@rejuvii.com,yes,ok,https://rejuvii.com,medspa,"nad+, glutathione",5
Renewed Elements Aesthetics &amp; Wellness,renewedelements.co,info@renewedelements.co,%20%20info@renewedelements.co; info@renewedelements.co,yes,ok,https://renewedelements.co,medspa,"semaglutide, glutathione",3
Replenish &amp; Renew,replenishandrenew.com,replenishandrenewyou@gmail.com,replenishandrenewyou@gmail.com,yes,ok,https://replenishandrenew.com,medspa,,1
Replenish,replenishiv.com,hello@replenishiv.com,hello@replenishiv.com,yes,ok,https://replenishiv.com,medspa,"nad+, glutathione, kpv",5
Hydration IV in Lebanon,restorationwellnessmedspa.com,info@restorationwellnessmedspa.com,info@restorationwellnessmedspa.com,yes,ok,https://restorationwellnessmedspa.com,medspa,"bpc-157, tb-500, nad+, ipamorelin, sermorelin, tesamorelin",14
Restore Wellness and MedSpa,restorewellnessmd.com,info@restorewellnessmd.com,info@restorewellnessmd.com,yes,ok,https://restorewellnessmd.com,medspa,"nad+, glutathione",5
Reveal Med Spas,revealmedspas.com,info@revealmedspas.com,hello@revealmedspas.com; info@revealmedspas.com,yes,ok,https://revealmedspas.com,medspa,GLP-1 weight loss peptides,5
Revery Medical Aesthetics,reverymed.com,info@reverymed.com,info@reverymed.com,yes,ok,https://reverymed.com,medspa,,1
Contact,revitalize-iv.com,referral@revitalize-iv.com,referral@revitalize-iv.com,yes,ok,https://revitalize-iv.com,medspa,,1
Rev(IV)al Hydration,revivalhydration.com,info@revivalhydration.com,revivalhydration1@gmail.com; info@revivalhydration.com,yes,ok,https://revivalhydration.com,medspa,"nad+, glutathione",4
"IV Therapy Packages in Tulsa, OK",reviveathomenow.com,leahnp@reviveathomenow.com,leahnp@reviveathomenow.com,yes,ok,https://reviveathomenow.com,medspa,"nad+, glutathione",3
Revive Atlanta MD,reviveatlmd.com,reviveatlmd@gmail.com,reviveatlmd@gmail.com,yes,ok,https://reviveatlmd.com,medspa,"semaglutide, tirzepatide, nad+, glutathione",14
IV Hydration in Oxford,reviveclinicsofms.com,revivewellnessox@gmail.com,revivewellnessox@gmail.com,yes,ok,https://reviveclinicsofms.com,medspa,,3
RevIVe IV Therapy and Shot Bar,reviveivdrips.com,revivivdrips@gmail.com,revivivdrips@gmail.com,yes,ok,https://reviveivdrips.com,medspa,"semaglutide, tirzepatide, nad+, glutathione",11
RevIV,revivmobile.com,revivmobile@gmail.com,revivmobile@gmail.com,yes,ok,https://revivmobile.com,medspa,"semaglutide, tirzepatide, retatrutide, bpc-157, nad+, ipamorelin",19
Riverlight Restorative Health,riverlightrestorativehealth.com,riverlightrestorative@gmail.com,riverlightrestorative@gmail.com,yes,ok,https://riverlightrestorativehealth.com,medspa,"bpc-157, tb-500, thymosin beta-4, sermorelin, pt-141, ghk-cu",13
Root Infusions + Wellness,rootinfusions.com,rootinfusionsandwellness@gmail.com,rootinfusionsandwellness@gmail.com,yes,ok,https://rootinfusions.com,medspa,"nad+, glutathione",4
Rx ReLeaf,rxreleaf.net,info@rxreleaf.com,info@rxreleaf.com,yes,ok,https://rxreleaf.net,medspa,"semaglutide, tirzepatide, nad+",11
Bright Medical Wellness,sales.brightmedicalwellness.com,info@brightmedicalwellness.com,info@brightmedicalwellness.com,yes,ok,,medspa,semaglutide,7
Drip Refresh,sanfranciscomobileiv.com,info@sanfranciscomobileiv.com,info@sanfranciscomobileiv.com,yes,ok,https://sanfranciscomobileiv.com,medspa,"semaglutide, tirzepatide, nad+, glutathione",9
Seattle Mobile IV Therapy,seattlemobileiv.com,info@seattlemobileiv.com,info@seattlemobileiv.com,yes,ok,https://seattlemobileiv.com,medspa,"nad+, glutathione",3
IV Drips,secoyahealth.com,heal@secoyahealth.com,heal@secoyahealth.com,yes,ok,https://secoyahealth.com,medspa,"nad+, semaglutide",6
Sissa Aesthetics,sissaaesthetics.glossgenius.com,sissa.aesthetics@gmail.com,sissa.aesthetics@gmail.com,yes,ok,https://sissaaesthetics.glossgenius.com,medspa,tirzepatide,2
Sixth Borough Medical,sixthboroughmedical.com,scheduling@sixthboroughmedical.com,scheduling@sixthboroughmedical.com,yes,ok,https://sixthboroughmedical.com,medspa,GLP-1 weight loss peptides,5
Skinlab Injectables,skinlabinjectables.com,%20info@skinlabinjectables.com,%20info@skinlabinjectables.com,yes,ok,https://skinlabinjectables.com,medspa,GLP-1 weight loss peptides,3
Skin Medical Spa in San Diego,skinmedicalsd.com,mailtoskinmedicalsd@gmail.com,mailtoskinmedicalsd@gmail.com; skinmedicalsd@gmail.com; skinmedical.missionbay@gmail.com,yes,ok,,medspa,glutathione,1
IV Hydration,skintheorysc.com,skintheoryaestheticmedicine@gmail.com,skintheoryaestheticmedicine@gmail.com,yes,ok,https://skintheorysc.com,medspa,GLP-1 weight loss peptides,4
Sleep &amp; Wellness Medical Associates,sleep-wellness.org,info@sleep-wellness.org,ahameed@sleep-wellness.org; info@sleep-wellness.org; ihaq@sleep-wellness.org,yes,ok,https://sleep-wellness.org,medspa,"semaglutide, tirzepatide, nad+, glutathione",12
"Drip Lounge services at SN Aesthetics Concord, North Carolina.",snaesthetics.com,contact@snaesthetics.com,contact@snaesthetics.com,yes,ok,https://snaesthetics.com,medspa,,1
SOAR Wellness,soarwellness.net,info@soarwellness.net,info@soarwellness.net,yes,ok,https://soarwellness.net,medspa,,2
Solutions Integrative Wellness,solutionsintegrativewellness.com,frontdesk@solutionsintegrativewellness.com,frontdesk@solutionsintegrativewellness.com,yes,ok,https://solutionsintegrativewellness.com,medspa,nad+,6
"Welcome to Southern Skin City Medical Spa, Hormones &amp; Wellness ser",southernskincity.com,southernskincity@yahoo.com,southernskincity@yahoo.com,yes,ok,https://southernskincity.com,medspa,,4
"IV Infusion Therapy Services Miramar, SF",southfloridamedgroup.com,info@southfloridamedgroup.com,info@southfloridamedgroup.com,yes,ok,https://southfloridamedgroup.com,medspa,"semaglutide, tirzepatide",3
Sparrow Health &amp; Performance,sparrowclinic.com,info@sparrowclinic.com,info@sparrowclinic.com,yes,ok,https://sparrowclinic.com,medspa,"nad+, ghk-cu, glutathione",4
Springs Rejuvenation,springsrejuvenation.com,info@springsrejuvenation.com,info@springsrejuvenation.com,yes,ok,https://springsrejuvenation.com,medspa,,1
Star Drip Beauty Bar,stardripbeautybar.com,sales@stardripbeautybar.com,sales@stardripbeautybar.com,yes,ok,https://stardripbeautybar.com,medspa,"nad+, glutathione",3
Stay Medical INC,staymedical.com,info@staymedical.com,yoni.glez@gmail.com; info@staymedical.com,yes,ok,https://staymedical.com,medspa,"nad+, glutathione",3
St George iV,stgeorgeiv.com,stgmobileiv@gmail.com,stgmobileiv@gmail.com,yes,ok,https://stgeorgeiv.com,medspa,"semaglutide, tirzepatide, nad+, glutathione",7
Suite Life Health and Wellness,suitelifehealth.com,admin@suitelifehealth.com,admin@suitelifehealth.com; u003eadmin@suitelifehealth.com,yes,ok,https://suitelifehealth.com,medspa,,1
Superior Health and Wellness,superiorhealthcaresc.com,admin@superiorhealthcaresc.com,admin@superiorhealthcaresc.com; drwilson@superiorhealthcaresc.com,yes,ok,https://superiorhealthcaresc.com,medspa,,2
Sweet Tox Med Spa,sweettox.com,info@sweettox.com,info@sweettox.com,yes,ok,https://sweettox.com,medspa,"nad+, glutathione",4
SwiftDrip,swiftdrip.com,wellness@swiftdrip.com,wellness@swiftdrip.com,yes,ok,https://swiftdrip.com,medspa,,1
The Health Lounge,thealthlounge.com,admin@thealthlounge.com,admin@thealthlounge.com,yes,ok,https://thealthlounge.com,medspa,GLP-1 weight loss peptides,3
The Cure IV,thecureiv.com,book@thecureiv.com,book@thecureiv.com,yes,ok,https://thecureiv.com,medspa,"nad+, glutathione",4
The Drip IV Infusion,thedripivinfusion.com,hello@thedripivinfusion.com,hello@thedripivinfusion.com,yes,ok,https://thedripivinfusion.com,medspa,"semaglutide, tirzepatide, retatrutide, nad+, glutathione",7
HydraPlus,thehydraplus.com,info@thehydraplus.com,info@thehydraplus.com,yes,ok,https://thehydraplus.com,medspa,"nad+, glutathione",7
The Hydro Drip Bar,thehydrodripbar.com,info@thehydrodripbar.com,info@thehydrodripbar.com,yes,ok,https://thehydrodripbar.com/contact,medspa,"tirzepatide, nad+, glutathione",6
The Method Aesthetics + Wellness,themethodstl.com,info@themethodstl.com,info@themethodstl.com,yes,ok,https://themethodstl.com,medspa,GLP-1 weight loss peptides,4
IV,themileticcenter.com,admin@themileticcenter.com,admin@themileticcenter.com,yes,ok,https://themileticcenter.com,medspa,,1
IV Therapy,thepainlesscenter.com,frontdesk@thepainlesscenter.com,frontdesk@thepainlesscenter.com,yes,ok,https://thepainlesscenter.com,medspa,glutathione,3
Vitamin &amp; IV Therapy,therecoveryroomohio.com,info@therecoveryroomohio.com,info@therecoveryroomohio.com,yes,ok,https://therecoveryroomohio.com,medspa,"nad+, glutathione",5
"IV Drip Therapy in Athens, GA",therenewalmethod.com,athens@therenewalmethod.com,athens@therenewalmethod.com,yes,ok,https://therenewalmethod.com,medspa,GLP-1 weight loss peptides,2
THRIVE IV,thethriveiv.com,thethriveiv@gmail.com,thethriveiv@gmail.com,yes,ok,https://thethriveiv.com,medspa,,1
20% off Mobile IV Therapy in VT for All Cancer Patients in October ...,thrivehydrationvt.com,info@thrivehydrationvt.com,info@thrivehydrationvt.com,yes,ok,https://thrivehydrationvt.com,medspa,"nad+, glutathione",4
Thrive IV Therapy,thriveivsd.com,hello@thriveivsd.com,hello@thriveivsd.com,yes,ok,https://thriveivsd.com,medspa,"nad+, glutathione",3
THRIVE,thrivesolutionsmd.com,thrivesolutionsmd@gmail.com,thrivesolutionsmd@gmail.com,yes,ok,https://thrivesolutionsmd.com,medspa,glutathione,2
IV Hydration Therapy,titantcenter.net,info@titantcenter.net,info@titantcenter.net,yes,ok,https://titantcenter.net,medspa,GLP-1 weight loss peptides,7
TonicMD Beauty &amp; Medspa,tonicmd.com,admin@tonicmd.com,admin@tonicmd.com,yes,ok,https://tonicmd.com,medspa,glutathione,2
Total Harmony,totalharmony.co,info@totalharmony.co,info@totalharmony.co,yes,ok,https://totalharmony.co,medspa,"nad+, glutathione",3
IV Hydration,totallifewellnessaesthetics.com,info@totallifewellnessaesthetics.com,info@totallifewellnessaesthetics.com,yes,ok,https://totallifewellnessaesthetics.com,medspa,,2
"IV Therapy &amp; Vitamin Infusions in Toms River, NJ",toxinbeautyaesthetics.com,jessicanp@toxinbeautyaesthetics.com,jessicanp@toxinbeautyaesthetics.com,yes,ok,https://toxinbeautyaesthetics.com,medspa,"semaglutide, tirzepatide, nad+, glutathione",8
Toxxology®,toxxology.com,service@toxxology.com,service@toxxology.com,yes,ok,https://toxxology.com,medspa,glutathione,3
Transcend Rx Aesthetics &amp; Wellness Lounge,transcendrxfishers.com,info@transcendrxfishers.com,info@transcendrxfishers.com,yes,ok,https://transcendrxfishers.com,medspa,"semaglutide, tirzepatide, bpc-157, nad+, ipamorelin, sermorelin",23
Trinity Health,trinityhealthmt.com,info@trinityhealthmt.com,info@trinityhealthmt.com,yes,ok,https://trinityhealthmt.com,medspa,,3
The Wellness Space,twsaledo.com,info@twsaledo.com,info@twsaledo.com,yes,ok,https://twsaledo.com,medspa,,1
UPTOWN URGENT CARE,uptwncare.com,office@uptwncare.com,office@uptwncare.com,yes,ok,https://uptwncare.com,medspa,,1
Best IV Infusion Therapy in Arlington TX,urgentcaretexas.com,hello@urgentcaretexas.com,hello@urgentcaretexas.com,yes,ok,https://urgentcaretexas.com,medspa,,1
Valley Vital Medicine,valleyvitalmedicine.com,hannah@valleyvitalmedicine.com,hannah@valleyvitalmedicine.com,yes,ok,https://valleyvitalmedicine.com,medspa,"semaglutide, tirzepatide, retatrutide, bpc-157, tb-500, thymosin beta-4",18
Vanity Wellness and Body,vanitywellnessandbody.com,info@vanitywellnessandbody.com,info@vanitywellnessandbody.com,yes,ok,https://vanitywellnessandbody.com,medspa,"semaglutide, tirzepatide",4
Venice Beach HRT,venicebeachhrt.com,info@venicebeachhrt.com,info@venicebeachhrt.com,yes,ok,https://venicebeachhrt.com,vendor,,1
Versailles Medical Spa,versaillesmedicalspa.com,contact@versaillesmedicalspa.com,contact@versaillesmedicalspa.com,yes,ok,https://versaillesmedicalspa.com,medspa,semaglutide,3
Vibe Health &amp; Spa,vibehealthspa.com,vibehealthspa@gmail.com,vibehealthspa@gmail.com,yes,ok,https://vibehealthspa.com,medspa,,1
Vibrant Skin Bar,vibrantskinbar.com,info@vibrantskinbar.com,info@vibrantskinbar.com,yes,ok,https://vibrantskinbar.com,medspa,GLP-1 weight loss peptides,7
VidaVital Medical,vidavitalmedical.com,info@vidavitalmedical.com,info@vidavitalmedical.com,yes,ok,https://vidavitalmedical.com,medspa,"semaglutide, tirzepatide, bpc-157, tb-500, thymosin beta-4, nad+",25
Vigor Natural Health Clinic,vigornaturalhealth.com,office@vigornaturalhealth.com,office@vigornaturalhealth.com,yes,ok,https://vigornaturalhealth.com,medspa,"nad+, glutathione",5
Virtue Med Spa,virtuemedspa.com,info@virtuemedspa.com,info@virtuemedspa.com,yes,ok,https://virtuemedspa.com,medspa,"nad+, glutathione",4
Vitaflow Wellness,vitaflowwellness.com,aloha@vitaflowwellness.com,aloha@vitaflowwellness.com,yes,ok,https://vitaflowwellness.com,medspa,nad+,3
VitaInfuse Therapy,vitainfusetherapy.com,vytainfuse@gmail.com,vytainfuse@gmail.com,yes,ok,https://vitainfusetherapy.com,medspa,,2
Mobile IV Therapy in Austin,vitalhydrationwellnesstx.com,info@vitalhydrationwellnesstx.com,info@vitalhydrationwellnesstx.com,yes,ok,https://vitalhydrationwellnesstx.com,medspa,GLP-1 weight loss peptides,3
Sherman ‎Oaks IV Drip Therapy,vitalityintegrative.com,vitalityintegrativemedicine@gmail.com,vitalityintegrativemedicine@gmail.com,yes,ok,https://vitalityintegrative.com,medspa,glutathione,3
Vitality IV Infusion Lounge,vitalityivinfusionlounge.com,ketamine@vitalityivinfusionlounge.com,ketamine@vitalityivinfusionlounge.com,yes,ok,https://vitalityivinfusionlounge.com,medspa,nad+,2
Vitality,vitalityqueenanne.com,info@vitalityqueenanne.com,info@vitalityqueenanne.com,yes,ok,https://vitalityqueenanne.com,medspa,"nad+, glutathione",4
Vitalize Functional Medicine,vitalizefunctionalmedicine.com,staff@vitalizefunctionalmedicine.com,staff@vitalizefunctionalmedicine.com,yes,ok,https://vitalizefunctionalmedicine.com,medspa,"glutathione, glow blend",6
IV Nutrition Therapy,vitalogywellness.com,rsvp@vitalogywellness.com,rsvp@vitalogywellness.com,yes,ok,https://vitalogywellness.com,medspa,GLP-1 weight loss peptides,11
Viva Infusions &amp; Wellness,vivainfusions.com,info@vivainfusions.com,info@vivainfusions.com; %20info@vivainfusions.com,yes,ok,https://vivainfusions.com,medspa,"semaglutide, tirzepatide, retatrutide, nad+, sermorelin, pt-141",14
Viva La Med Spa-Old Town,vivalamedspa.com,info@vivalamedspa.com,info@vivalamedspa.com,yes,ok,https://vivalamedspa.com,medspa,"semaglutide, tirzepatide",8
Mobile Hangover IV Therapy,vivid-hydration.com,dmarlo@vivid-hydration.com,dmarlo@vivid-hydration.com,yes,ok,https://vivid-hydration.com,medspa,,1
Vivo Infusion Fort Worth,vivoinfusion.com,info@vivoinfusion.com,info@vivoinfusion.com,yes,ok,https://vivoinfusion.com,medspa,,1
Vivus Wellness Services,vivuswellness.com,info@vivuswellness.com,info@vivuswellness.com,yes,ok,https://vivuswellness.com,medspa,"nad+, glutathione",3
IV Therapy,warnerplazamedicalclinic.com,warnerplazaurgentcare@gmail.com,warnerplazaurgentcare@gmail.com,yes,ok,https://warnerplazamedicalclinic.com,medspa,,1
Wave Plastic Surgery &amp; Aesthetic Laser Center San Francisco,waveplasticsurgery.com,ask@waveplasticsurgery.com,ask@waveplasticsurgery.com,yes,ok,https://waveplasticsurgery.com,medspa,nad+,5
WeVitalize,wevitalize.com,info@wevitalize.com,info@wevitalize.com,yes,ok,https://wevitalize.com,medspa,"nad+, glutathione",5
Yellowstone IV Lounges and Wellness Center,yellowstoneivlounge.com,yellowstoneiv@gmail.com,yellowstoneiv@gmail.com,yes,ok,https://yellowstoneivlounge.com,medspa,glutathione,2
Skinsational Medspa,yourdreambody.com,support@yourdreambody.com,support@yourdreambody.com; eakkary@yourdreambody.com,yes,ok,https://yourdreambody.com,medspa,"semaglutide, tirzepatide, glutathione",7
IV Therapy,youroh.com,info@youroh.com,info@youroh.com,yes,ok,https://youroh.com,medspa,,2
Vital Flow Hydration &amp; Wellness Hurricane,020684edbbf5c630ea89-665e6c47c7d8a33155a2da66825008eb.ssl.cf2.rackcdn.com,,,,unreachable,,,,
180 Health Solutions,180healthnow.com,,,yes,no_email,https://180healthnow.com,medspa,,0
360 Wellness Med Spa,360wellnessmedspa.com,,,,no_email,https://360wellnessmedspa.com,medspa,,0
Three Sixty Wellness,360wellnessokc.com,,,,no_email,https://360wellnessokc.com,vendor,,0
3D Wellness,3dnebraska.com,info@3dnebraska.com,info@3dnebraska.com,yes,no_peptides,https://3dnebraska.com,medspa,,0
IB THERAPY PLLC,40db2befe6a237c19702-ab75cc36e0ace703a6147a9884946e17.ssl.cf2.rackcdn.com,,,,unreachable,,,,
Alive Infusions,425aliveinfusions.com,425aliveinfusions@gmail.com,425aliveinfusions@gmail.com,,no_us_signal,https://425aliveinfusions.com,medspa,,1
4Ever Health Michigan,4everhealth.org,,,,unreachable,,,,
4Ever Young Med Spa &amp; Wellness Center,4everyoungantiaging.com,,,yes,no_email,https://4everyoungantiaging.com,medspa,"semaglutide, tirzepatide",7
"Nudus Essentia IV Infusion Lounge, LLC",56fd0a9dcf7fdcf63666-16d6c5c242bbfd41ca56c51aa611f1e6.ssl.cf2.rackcdn.com,,,,unreachable,,,,
Luxe Level Aesthetics,a.mktgcdn.com,,,,unreachable,,,,
HydraMed,a.storyblok.com,,,,unreachable,,,,
Joanna Injects Aesthetics,abcfu.myaestheticrecord.com,,,,no_email,https://abcfu.myaestheticrecord.com,medspa,,0
The DRIPBaR Aberdeen,aberdeen.thedripbar.com,,,,no_email,,vendor,,0
"About Your Health, Columbia, SC",aboutyourhealthsc.com,,,,unreachable,,,,
Absoulute Vitality Aesthetics and Functional Medicine,absoulutevitality.com,,,yes,no_email,https://absoulutevitality.com,medspa,"semaglutide, tirzepatide",9
Advanced IV Health,advancedivhealth.com,rochoji@icloud.com,rochoji@icloud.com,,no_us_signal,https://advancedivhealth.com,medspa,,1
"Revive Medical Spa, LLC",advancedskinmd.com,,,yes,no_email,https://advancedskinmd.com,medspa,,0
House of Drip &amp; Wellness,aespro.biz,,,,unreachable,,,,
Aesthetic Assets,aestheticassets.com,,,yes,no_email,https://aestheticassets.com,medspa,semaglutide,6
IV Therapy,aestheticcenter.com,info@aestheticcenter.com,info@aestheticcenter.com,yes,no_peptides,https://aestheticcenter.com,medspa,,0
IV Hydration at Aesthetics by Summit,aestheticsbysummit.com,,,yes,no_email,https://aestheticsbysummit.com,medspa,"semaglutide, tirzepatide",3
AesthetiX Skin Lounge,aesthetixokc.com,,,,no_email,https://aesthetixokc.com,vendor,,0
Ageless Men&#x27;s Health,agelessmenshealth.com,,,,unreachable,,,,
Age Management of West Michigan,agemanagementmi.com,,,yes,no_email,https://agemanagementmi.com,medspa,"semaglutide, bpc-157, nad+, sermorelin, tesamorelin, mots-c",18
"Peptide injections Aiea, HI",aiea-hi.hormonebalancing.org,info@hormonebalancing.org,info@hormonebalancing.org,,no_us_signal,https://aiea-hi.hormonebalancing.org,medspa,"semaglutide, bpc-157, tb-500, ipamorelin, sermorelin, mots-c",11
Aire Nursing Mobile IV Therapy,airenursing.com,,,,unreachable,,,,
AK Live Well,aklivewell.com,,,,no_email,,vendor,,0
IV Hydration Therapy,alabamasurgicalarts.com,,,,unreachable,,,,
IV Drip Therapy Bonita CA,alchemehealth.com,,,yes,no_email,https://alchemehealth.com,medspa,"semaglutide, nad+",13
Alchemy Wellness Med Spa,alchemywellnessatx.com,,,yes,no_email,https://alchemywellnessatx.com,medspa,"semaglutide, glutathione, oxytocin",10
Discover the Power of IV Therapy,aldaaesthetics.com,,,,unreachable,,,,
AleraCare Infusion Center,aleracare.com,,,,no_email,https://aleracare.com,medspa,kpv,2
"Jaime Dodge, MD",aletheia.md,,,yes,no_email,https://aletheia.md,medspa,,4
AliveDrip,alivedrip.com,,,yes,no_email,https://alivedrip.com,medspa,"semaglutide, tirzepatide, bpc-157, tb-500, thymosin alpha-1, nad+",21
Allerica Aesthetics,allerica.com,info@allerica.com,info@allerica.com,yes,no_peptides,https://allerica.com,medspa,,0
Vida Aesthetics and Wellness,allmyvida.com,info@allmyvida.com,info@allmyvida.com,,no_peptides,https://allmyvida.com,medspa,,0
AlluraDerm MD Med Spa,alluraderm.com,,,yes,no_email,https://alluraderm.com,medspa,GLP-1 weight loss peptides,3
Allure Therapeutics,allurehydra.com,,,,no_email,,vendor,,0
Allure Med Spa,alluremedicalofmaine.com,info@alluremedicalofmaine.com,info@alluremedicalofmaine.com,yes,no_peptides,https://alluremedicalofmaine.com,medspa,,0
Ally IV and Therapeutics,allyivandtherapeutics.com,,,,no_email,https://allyivandtherapeutics.com,vendor,,0
IV Therapy Boise ID,aloraboise.com,,,yes,no_email,https://aloraboise.com,medspa,,1
Beverly Hills IV Infusion Therapy,ameripharmainfusioncenter.com,,,yes,no_email,https://ameripharmainfusioncenter.com,medspa,,1
IV Therapy Ames Live Hydration Spa Nutrient IV Infusion,ameslocal.com,info@ameslocal.com,awards@ameslocal.com; events@ameslocal.com; press@ameslocal.com; info@ameslocal.com,yes,no_peptides,https://ameslocal.com,vendor,,0
AMG Center For Regenerative Medicine &amp; Aesthetics,amgregenerativemedicine.com,,,yes,no_email,https://amgregenerativemedicine.com,medspa,GLP-1 weight loss peptides,7
IV Therapy,amwcw.com,,,yes,no_email,https://amwcw.com,medspa,"semaglutide, tirzepatide, retatrutide, bpc-157, ipamorelin, sermorelin",19
The DRIPBaR Anchorage,anchorage.thedripbar.com,,,,no_email,,vendor,,0
New Age Medspa,anchoragemedspa.com,,,yes,no_email,https://anchoragemedspa.com,medspa,"nad+, glutathione",2
Anderson Longevity Clinic,andersonlongevityclinic.com,,,,no_email,https://andersonlongevityclinic.com,medspa,"sermorelin, pt-141",5
VIVE Clinic Crete,angioaesthesis.gr,ioannis.vlachakis@angioaesthesis.com,ioannis.vlachakis@angioaesthesis.com,yes,no_peptides,https://angioaesthesis.gr,medspa,,0
Ann Arbor Holistic Health,annarborholistichealth.com,support@annarborholistichealth.com,support@annarborholistichealth.com,,no_peptides,https://annarborholistichealth.com,vendor,,0
Elevate IV,app.joinmoxie.com,,,,no_email,https://app.joinmoxie.com,vendor,,0
Revive Functional Medicine,app.kartra.com,,,,unreachable,,,,
Denver Botox: GATTONI Medical Aesthetics,app.prospyrmed.com,,,,no_email,https://app.prospyrmed.com,vendor,,0
InVinity Wellness Center,app.remedly.com,,,,no_email,https://app.remedly.com,vendor,,0
Aqua Vitae,aquavitality.com,,,yes,no_email,https://aquavitality.com,medspa,"semaglutide, nad+, sermorelin, aod-9604, tirzepatide",17
"IV Therapy in Lake Forest, CA",aquavitamedspa.com,,,,unreachable,,,,
Arctic Elevation,arcticelevation.com,info@arcticelevation.com,info@arcticelevation.com,,no_us_signal,https://arcticelevation.com,medspa,"semaglutide, tirzepatide, nad+, glutathione",5
Prime IV Hydration and Wellness opening in Blue Bell,aroundambler.com,,,,no_email,https://aroundambler.com,vendor,,0
FloState Wellness + Aesthetics,arrive.myaestheticrecord.com,,,,no_email,https://arrive.myaestheticrecord.com,vendor,,0
Art of Balance Wellness Spa at Ritz Carlton Residences Baltimore,artofbalancespa.com,,,,unreachable,,,,
Sandia Serenity,assets.cdn.filesafe.space,,,,unreachable,,,,
"IV Therapy in Andover, MA",assets.levelupmedspa.com,,,,unreachable,,,,
LIVE Hydration Spa Ames,assets.locations.livehydrationspa.com,,,,unreachable,,,,
"IV Infusion Therapy in Great Falls, MT",assets.montanaskinandlaser.com,,,,unreachable,,,,
Nirvana Med Spa,assets.nirvana-medspa.com,,,,unreachable,,,,
Infusion Services at St. Luke&#x27;s Boise Medical Center,assets.slhs.org,,,,unreachable,,,,
IV Therapy,assets.zyrosite.com,,,,unreachable,,,,
IV Therapy Clackamas,athleticperformancebeaverton.com,,,yes,no_email,https://athleticperformancebeaverton.com,medspa,,1
A Touch Above MedSpa,atouchabovemedspa.com,a.touch.above.medspa@gmail.com,a.touch.above.medspa@gmail.com,yes,already known,https://atouchabovemedspa.com,medspa,semaglutide,6
Attain Medspa,attainmedspa.com,,,yes,no_email,https://attainmedspa.com,medspa,,1
Hydrapure Infusions,augustamaine.com,,,yes,no_email,https://augustamaine.com,vendor,,0
AuraMed Spa and Wellness,auramedspaandwellness.com,,,,no_email,https://auramedspaandwellness.com,medspa,,0
The DRIPBaR Austin The Domain,austin-the-domain.thedripbar.com,,,,no_email,,vendor,,0
"IV Therapy in Round Rock, TX",austinaestheticcouture.com,angelamiller@austinaestheticcouture.com,angelamiller@austinaestheticcouture.com,yes,no_peptides,https://austinaestheticcouture.com,medspa,,0
Avail Aesthetics,availaesthetics.com,info@availaesthetics.com,info@availaesthetics.com,yes,no_peptides,https://availaesthetics.com,medspa,,0
Avante Medical Center,avantemedicalcenter.com,,,yes,no_email,https://avantemedicalcenter.com,medspa,,0
Avellina Aesthetics,avellinaaesthetics.com,avellinaaesthetics@gmail.com,avellinaaesthetics@gmail.com,yes,already known,https://avellinaaesthetics.com,medspa,semaglutide,2
Avera Infusion Center,avera.org,,,,unreachable,,,,
IV Therapy,avileshairstudio.com,avileshairstudio@gmail.com,avileshairstudio@gmail.com,yes,no_peptides,https://avileshairstudio.com,medspa,,0
IV Therapy offered at AZ Vitality and Wellness,az-vitality.com,,,yes,no_email,https://az-vitality.com,medspa,nad+,8
AZ IV Medics,azivmedics.com,,,yes,no_email,https://azivmedics.com,medspa,"semaglutide, nad+, glutathione",5
Nason MedSpa: Weight Loss (North Charleston),b2490685.smushcdn.com,,,,unreachable,,,,
DHH Med Spa,b3136259.smushcdn.com,,,,unreachable,,,,
Back In Balance Wellness Center,backinbalancechiro.com,,,,unreachable,,,,
Vitamin &amp; Mineral IV Therapy,balancehealth.care,,,yes,no_email,https://balancehealth.care,medspa,glutathione,4
Balmscope Wellness,balmscopewellness.com,,,,unreachable,,,,
Bare Medical Spa + Laser Center,barevt.com,,,yes,no_email,https://barevt.com,medspa,semaglutide,5
"Better Beauty and Wellness, LLC",bbw-109494.square.site,betterbeautyandwellnessllc@gmail.com,betterbeautyandwellnessllc@gmail.com,,no_peptides,https://bbw-109494.square.site,vendor,,0
Beach Aesthetics,beachaestheticsmb.com,,,yes,no_email,https://beachaestheticsmb.com,medspa,,0
Be Alright IV,bealrightiv.myaestheticrecord.com,,,,no_email,https://bealrightiv.myaestheticrecord.com,medspa,,0
Beauty &amp; Drips Med Spa,beautyanddrips.myaestheticrecord.com,,,,no_email,https://beautyanddrips.myaestheticrecord.com,medspa,,0
BEAUTY AND GLAMOUR MED SPA,beautyandglamourmedspa.com,beautyandglamourmedspa@gmail.com,beautyandglamourmedspa@gmail.com,,no_peptides,https://beautyandglamourmedspa.com,medspa,,0
BeautyDrip,beautydrip.co,customerservice@beautydrip.co,customerservice@beautydrip.co,,no_us_signal,https://beautydrip.co,vendor,"semaglutide, tirzepatide, thymosin alpha-1, nad+, sermorelin, ghk-cu",7
"LIVE Hydration Spa Ames, 620 Lincoln Way Ste 3, Ames, IA (2026)",beautynailhairsalons.com,featured@beautynailhairsalons.com,yqyanmo@gmail.com; featured@beautynailhairsalons.com,,no_peptides,https://beautynailhairsalons.com,vendor,,0
My Body Rx,begpx.myaestheticrecord.com,,,,no_email,https://begpx.myaestheticrecord.com,vendor,,0
Be Happy IV Hydration &amp; Wellness,behappyiv.com,,,,unreachable,,,,
IV Nutridrip,beint.myaestheticrecord.com,,,,no_email,https://beint.myaestheticrecord.com,vendor,,0
"IV Hydration Therapy in Raleigh, Durham / Triangle, NC",belareva.com,,,,no_email,https://belareva.com,medspa,"semaglutide, tirzepatide",7
Bellava Aesthetics,bellavaaesthetics.com,bellavaaesthetics@gmail.com,bellavaaesthetics@gmail.com,,no_peptides,https://bellavaaesthetics.com,medspa,,0
IV Therapy,bellevisage.com,,,yes,no_email,https://bellevisage.com,medspa,GLP-1 weight loss peptides,7
Bellora Medical Aesthetics,belloramedicalaesthetics.com,,,yes,no_email,https://belloramedicalaesthetics.com,medspa,,0
Best IV Drips- Mobile IV Therapy NYC,bestivdrips.com,,,,no_email,,vendor,,0
"NuSKIN MedSpa, Alamogordo, NM",bestprosintown.com,,,,unreachable,,,,
BestU Health Boutique,bestuhb.com,,,yes,no_email,https://bestuhb.com,medspa,glutathione,4
Be Well IV Hydration,bewellhomer.com,,,yes,no_email,https://bewellhomer.com,medspa,"nad+, glutathione",2
BeWell IV,bewelliv.com,bewell@bewelliv.com,bewell@bewelliv.com,,no_us_signal,https://bewelliv.com,medspa,,1
Be Well Studio,bewellstudio.life,,,,no_email,,vendor,,0
Beyond Beauty Medspa RI,beyondbeautyri.com,beyondbeautyri@gmail.com,beyondbeautyri@gmail.com,yes,no_peptides,https://beyondbeautyri.com,medspa,,0
Beyond The Surface,beyondthesurfaceaesthetics.myaestheticrecord.com,,,,no_email,https://beyondthesurfaceaesthetics.myaestheticrecord.com,vendor,,0
Infusion,bidplymouth.org,,,,unreachable,,,,
Big Sky IV Care: Medical Infusion Centers in Montana,bigskyivcare.accessinfusioncare.com,,,yes,no_email,https://bigskyivcare.accessinfusioncare.com,medspa,,0
Big Sky Ketamine Care,bigskyketaminecare.com,,,yes,no_email,https://bigskyketaminecare.com,medspa,,0
"In-Office IV Therapy in Arlington, TX",bimamd.com,,,,no_email,,vendor,,0
BioDesign Clinic + MedSpa,biodesignwellness.com,,,yes,no_email,https://biodesignwellness.com,medspa,ipamorelin,4
BiohAK IV Bar,biohakivbar.com,,,,unreachable,,,,
First Choice Wellness &amp; Infusion Centers,biomatrixsprx.com,,,yes,no_email,https://biomatrixsprx.com,medspa,,0
The BioMed Center NE,biomedcenternewengland.com,,,yes,no_email,https://biomedcenternewengland.com,medspa,,0
Biomed Mobile IV and Wellness,biomedmobileiv.com,,,yes,no_email,https://biomedmobileiv.com,medspa,"nad+, glutathione",3
BioRestore,biorestorehealth.com,,,yes,no_email,https://biorestorehealth.com,medspa,"semaglutide, tirzepatide",9
BioWell Health and Aesthetics,biowell-health.com,,,yes,no_email,https://biowell-health.com,medspa,"semaglutide, glutathione",6
Prime IV Hydration &amp; Wellness opens first Louisville location ...,bizjournals.com,,,,unreachable,,,,
"Hydrology IV Therapy, Weight Loss, &amp; Wellness",bizncity.com,,,yes,no_email,https://bizncity.com,vendor,,0
Blissfusion Wellness Lounge l Kansas City,blissfusionkc.com,,,,unreachable,,,,
Bloom Health &amp; Wellness Kansas City,bloomhealthkc.com,,,,no_email,,vendor,,0
Hydrate IV Bar is Madison&#x27;s fifth IV therapy business,bloximages.newyork1.vip.townnews.com,,,,unreachable,,,,
Blue Diamond Med Spa,bluediamondmedspatx.com,,,yes,no_email,https://bluediamondmedspatx.com,medspa,"semaglutide, tirzepatide",4
Blue Ridge Infusions and Wellness,blueridgeinfusions.com,,,yes,no_email,https://blueridgeinfusions.com,medspa,,1
Bluff City Drip,bluffcitydripmemphis.com,,,,unreachable,,,,
Aesthetically Pleasing,blvd.app,,,,no_email,https://blvd.app,vendor,,0
BodyCocktail,bodycocktailaz.com,,,,unreachable,,,,
"IV Hydration + Nutrient Therapy in Hot Springs, AR",bodyelitear.com,,,,no_email,https://bodyelitear.com,vendor,,0
"Body Essentials HSV, Wellness &amp; Beauty",bodyenvyhsv.com,,,,unreachable,,,,
Body Sculpting Aesthetic,bodysculptingaesthetic.com,,,,no_email,https://bodysculptingaesthetic.com,vendor,,0
Boise IV Nurse,boiseivnurse.com,,,,no_email,https://boiseivnurse.com,medspa,nad+,6
Push Med,book.prospyrmed.com,,,,unreachable,,,,
revIVe IV &amp; Wellness Studio,booking.hydreight.com,,,,no_email,,vendor,,0
Electrolyte Med Mobile IV Therapy,booking.mangomint.com,,,,no_email,https://booking.mangomint.com,vendor,,0
Restore Hyper Wellness,booking.restore.com,,,,no_email,https://booking.restore.com,vendor,,0
Borealis Medspa,borealismedspa.com,,,yes,no_email,https://borealismedspa.com,medspa,,0
Born Clinic,bornclinic.com,,,yes,no_email,https://bornclinic.com,medspa,nad+,3
Brandon IV Lounge,brandonivlounge.com,,,,no_email,,vendor,,0
IV Infusion Therapy,brightbeautymedspa.com,,,yes,no_email,https://brightbeautymedspa.com,medspa,GLP-1 weight loss peptides,3
Heal: Hyperbarics and Innovative Wellness,brightervisionclients.com,,,,unreachable,,,,
Bronson Battle Creek Infusion Center,bronsonhealth.com,,,,unreachable,,,,
Brown University Health Specialty Infusion,brownhealth.org,mpcl@brownhealth.org,mpcl@brownhealth.org; eyakirevich@brownhealth.org; dyang2@brownhealth.org; yxiao@brownhealth.org; akalinowski@brownhealth.org,yes,no_peptides,https://brownhealth.org,medspa,,0
The Spa,bryanhealth.org,,,,unreachable,,,,
The DRIPBaR Burleson,burleson.thedripbar.com,,,,no_email,,vendor,,0
White Mountain IV Hydration,business.namesandnumbers.com,customerservice@namesandnumbers.com,customerservice@namesandnumbers.com,yes,no_peptides,https://business.namesandnumbers.com,vendor,,0
Butterfly Evolve Wellness Spa,butterflyevolvewellnessspa.com,,,yes,no_email,https://butterflyevolvewellnessspa.com,vendor,,0
West Ashley Wellness and Rehab,ca.clinicdr.com,,,,no_email,https://ca.clinicdr.com,vendor,,0
"IV Infusions Campbell, CA",caaesthetics.com,,,yes,no_email,https://caaesthetics.com,medspa,semaglutide,3
The DRIPBaR Orlando Lake Nona,calendar.thedripbarlakenona.com,,,,no_email,,vendor,,0
JP MED SPA,calystaproemr.com,,,,unreachable,,,,
Unlock Your Vitality with NAD+ IV Therapy at iCRYO Grosse Pointe,candgnews.com,kmcguire@candgnews.com,kmcguire@candgnews.com; sbarhydt@candgnews.com; ssaad@candgnews.com; dwallace@candgnews.com; brianlouwers@candgnews.com; mgenson@candgnews.com; gjohnson@candgnews.com; cmeier@candgnews.com,yes,no_peptides,https://candgnews.com,vendor,,0
Wild Rose Aesthetics &amp; Wellness,canva.com,,,,unreachable,,,,
Capital Ketamine,capitalketamine.com,info@capitalketamine.com,info@capitalketamine.com; capitalketamine@gmail.com,yes,no_peptides,https://capitalketamine.com,medspa,,0
Carbon World Health,carbonworldhealth.com,,,yes,no_email,https://carbonworldhealth.com,medspa,"semaglutide, tirzepatide",9
Care IV Home Health,care4.com,questions@care4.com,questions@care4.com; careers@care4.com,yes,no_peptides,https://care4.com,medspa,,0
"IV Hydration Drips Cary, NC",cary.flowinfusions.com,,,,no_email,,vendor,,0
"Hydrate Medical, IV Hydration Cary",cary.hydratemedical.com,,,,no_email,,vendor,,0
"IV Hydration Therapy in Cary, NC",carycareesthetics.com,carycareesthetics@gmail.com,carycareesthetics@gmail.com,yes,no_peptides,https://carycareesthetics.com,medspa,,0
IV therapy,cascadeintegrativemedicine.com,,,yes,no_email,https://cascadeintegrativemedicine.com,medspa,,1
IV Therapy,cdcssl.ibsrv.net,,,,no_email,,vendor,,0
JG Noir Aesthetics,cdhlr.myaestheticrecord.com,,,,no_email,https://cdhlr.myaestheticrecord.com,vendor,,0
Bespoke Aesthetics and Wellness,cdn-ileecec.nitrocdn.com,,,,no_email,https://cdn-ileecec.nitrocdn.com,vendor,,0
IV Infusion Therapy Sunday October 5th!,cdn.happeningnext.com,,,,no_email,https://cdn.happeningnext.com,vendor,,0
IV NUTRITION,cdn10.localdatacdn.com,,,,no_email,,vendor,,0
"Home Infusion Therapy Pharmacy in Beaufort, SC",cdnvx.com,,,,unreachable,,,,
Cedar Rapids NAD+ Center,cedar-rapids.nad-iv-therapy.com,,,,unreachable,,,,
Center for Medical Aesthetics,centerformedaesthetics.com,,,,unreachable,,,,
Blissfusion Belton,chambermaster.blob.core.windows.net,,,,unreachable,,,,
Coastal Ketamine &amp; Aesthetics,charlestonketamine.com,drdanripleymd@gmail.com,drdanripleymd@gmail.com; coastalketaminechs@gmail.com,yes,already known,https://charlestonketamine.com,medspa,glutathione,1
Charmcity IV Therapy Infusion,charmcitydrip.com,,,,unreachable,,,,
Chill N Out Cryotherapy UTC &amp; Wellness,chillnoututc.pike13.com,info@chillnoututc.com,info@chillnoututc.com,yes,no_peptides,https://chillnoututc.pike13.com,vendor,,0
Forest Acres Well Care,chmnt.myaestheticrecord.com,,,,no_email,https://chmnt.myaestheticrecord.com,vendor,,0
Optimize Wellness &amp; Aesthetics,chooseoptimizewellness.com,,,yes,no_email,https://chooseoptimizewellness.com,medspa,nad+,4
Citrus Heights NAD+ Center,citrus-heights.nad-iv-therapy.com,,,,unreachable,,,,
Citrus Infusion &amp; Injection: Wellness &amp; Infusions,citrusinfusioninjection.com,,,yes,no_email,https://citrusinfusioninjection.com,medspa,"nad+, glutathione",7
Revive Wellness of Oxford,cityfos.com,,,,unreachable,,,,
City Hydration,cityhydration.com,info@cityhydration.com,info@cityhydration.com,yes,no_peptides,https://cityhydration.com,vendor,,0
Glow Up KC,cjkmp.myaestheticrecord.com,,,,no_email,https://cjkmp.myaestheticrecord.com,medspa,,0
Clarity Medical Spa,claritymedicalspa.com,,,yes,no_email,https://claritymedicalspa.com,medspa,glutathione,5
Clarksville NAD+ Center,clarksville.nad-iv-therapy.com,,,,unreachable,,,,
Clarus Medical Aesthetics,clarus-aesthetics.com,,,yes,no_email,https://clarus-aesthetics.com,medspa,"nad+, glutathione",4
Clemson IV Bar &amp; Aesthetics,clemsonivbar.com,,,yes,no_email,https://clemsonivbar.com,medspa,,1
Lotus Urgent Care &amp; Wellness,clockwisemd.com,,,yes,no_email,https://clockwisemd.com,medspa,,0
BioFuse,cms.biofuse.net,,,,no_email,https://cms.biofuse.net,vendor,,0
Vita Revive IV Therapy,cnmtesting.com,,,,no_email,,vendor,,0
Coastal Medical Care,coastalmedicalcare.com,,,,no_email,,vendor,,0
Urgent Care,coastaluc.com,,,,no_email,https://coastaluc.com/contact-us,vendor,,0
Coast Wellness,coastwellness.net,,,,no_email,https://coastwellness.net,vendor,,2
IV Therapy,collectivehealthsociety.com,,,,no_email,,vendor,,0
IV Therapy,collinmedicalgroup.com,,,,no_email,,vendor,,0
Colorado Recovery Infusion Center,coloradoivtherapy.com,,,,unreachable,,,,
Comfort Facial Aesthetics,comfortfacial.com,,,yes,no_email,https://comfortfacial.com/contact-us,medspa,glutathione,1
Concierge Aesthetics®,conciergeaesthetics.com,,,,no_email,,vendor,,0
"IV Hydration, Vitamin, NAD, Ketamine, Glutathione Mobile &amp; Office",conciergedrla.com,wavelaconsult@gmail.com,wavelaconsult@gmail.com,yes,no_peptides,https://conciergedrla.com,medspa,,0
Connected Health Colorado Springs,connectedhealthcenter.com,admin@connectedhealthcenter.com,admin@connectedhealthcenter.com,yes,no_peptides,https://connectedhealthcenter.com,medspa,,0
Thriving Proof,content.app-sources.com,,,,unreachable,,,,
CMC Infusion Center,conwaymedicalcenter.com,,,yes,no_email,https://conwaymedicalcenter.com,medspa,,0
Core Hydration and Wellness-Weight Loss,corehydrationandwellness.com,,,yes,no_email,https://corehydrationandwellness.com,medspa,"semaglutide, tirzepatide, liraglutide",11
CORE Wellness &amp; Recovery,corewellnessandrecovery.com,,,yes,no_email,https://corewellnessandrecovery.com,medspa,"nad+, glutathione",4
"Coram Specialty Infusion Services Pharmacy in Mendota Heights, MN",countyoffice.org,,,,unreachable,,,,
Cryo1one Preston Royal,cryo1one.com,,,,no_email,,vendor,,0
Cure MedSpa and Wellness,curemedspaandwellness.com,,,,no_email,,vendor,,0
Curewell IV Haus,curewellivhaus.com,,,,no_email,https://curewellivhaus.com,medspa,"nad+, glutathione",3
REJUVENATION THERAPY,custom-images.strikinglycdn.com,,,,unreachable,,,,
Custom Quench Hydration &amp; Wellness,customquench.com,,,,no_email,https://customquench.com,vendor,,0
Face It Hydrate Med Spa,d4c789e39ba79194230d-d4c3d4823c67dd10a337b8239905271d.ssl.cf2.rackcdn.com,,,,unreachable,,,,
EOS Medical Spa,dashboard.boulevard.io,,,,unreachable,,,,
Dearborn NAD+ Center,dearborn.nad-iv-therapy.com,,,,unreachable,,,,
Degree Wellness,degreewellness.com,,,yes,no_email,https://degreewellness.com,medspa,nad+,2
Hydration and Healing IV Therapy in Crofton MD,dejabluesoklahoma.com,,,yes,no_email,https://dejabluesoklahoma.com,vendor,GLP-1 weight loss peptides,2
"DelCare Health Solution, LLC",delcarehealth.com,,,,unreachable,,,,
DEMI Med Spa,demimedspa.myaestheticrecord.com,,,,no_email,https://demimedspa.myaestheticrecord.com,medspa,,0
Denali Specialty Clinic,denalimed.com,,,yes,no_email,https://denalimed.com,medspa,,2
"Derive Health, Ketamine Therapy Charlotte",derivehealth.com,,,,no_email,,vendor,,0
Mobile IV In Michigan,detroitmobileiv.com,,,yes,no_email,https://detroitmobileiv.com,medspa,nad+,2
iv therapy,dfhjp.myaestheticrecord.com,,,,no_email,https://dfhjp.myaestheticrecord.com,medspa,,0
IV Hydration,dfmaesthetics.com,,,yes,no_email,https://dfmaesthetics.com,medspa,,0
Legacy Med Spa in Tea SD,directory.coldlytics.com,,,,no_email,https://directory.coldlytics.com,vendor,,0
Diversions Medspa &amp; Wellness,diversionsmedspa.com,,,,unreachable,,,,
Divine Health &amp; Wellness,divinehealth.live,,,,no_email,https://divinehealth.live,medspa,,0
"Dling Medical Aesthetic Center, Inc.",dlingus.com,,,yes,no_email,https://dlingus.com,medspa,,0
EvoHealth Functional Medicine,doc.vortala.com,,,,no_email,,vendor,,0
Dr. Vadim Abramov MD,doctorabramov.com,800clinic@gmail.com,800clinic@gmail.com,yes,no_peptides,https://doctorabramov.com,medspa,,0
Doctors clinic Houston IV therapy,doctorsclinichouston.com,,,,no_email,https://doctorsclinichouston.com,medspa,,1
Doll House Anti-Aging: The Vineyard,dollhouseantiaging.com,,,yes,no_email,https://dollhouseantiaging.com,medspa,glutathione,5
Dove Hydration &amp; Wellness,dovehydrationandwellness.com,,,yes,no_email,https://dovehydrationandwellness.com,medspa,,1
Downtown Faces,downtownfaces.com,,,,no_email,https://downtownfaces.com,medspa,,0
"Amy Brenner, MD &amp; Associates",dramybrenner.com,,,yes,no_email,https://dramybrenner.com,medspa,"semaglutide, bpc-157, tb-500, nad+, ghk-cu, kpv",13
Reboot IV Therapy,drarnaldolopez.com,,,,unreachable,,,,
Resiliency Wellness Center,drcourtneyndavis.com,,,,unreachable,,,,
Dr Drip IV Hydration &amp; MedSpa,drdripiv.com,,,yes,no_email,https://drdripiv.com,vendor,,0
"Dr. Heather Friedman ND, LAc",drheatherfriedman.com,drheatherfriedman@gmail.com,drheatherfriedman@gmail.com,yes,already known,https://drheatherfriedman.com,medspa,"semaglutide, nad+, glutathione",5
Home,drip307.com,,,,no_email,https://drip307.com,vendor,,0
DripCurrent IV Hydration,dripcurrentnewjersey.com,,,yes,no_email,https://dripcurrentnewjersey.com,medspa,"nad+, glutathione",4
Drip &amp; Glow Medspa,dripglowmedspa.as.me,,,,no_email,https://dripglowmedspa.as.me,vendor,,0
Drip Hydration,driphydration.com,,,,unreachable,,,,
Drip IV Therapies,dripivco.com,,,yes,no_email,https://dripivco.com/about-us,medspa,"bpc-157, nad+, tesamorelin, selank, semax, ghk-cu",11
IV Therapy Services in Kirkland,dripivkirkland.com,,,,no_email,https://dripivkirkland.com,medspa,,1
Drip Refresh,driprefreshmobileiv.com,info@driprefreshmobileiv.com,info@driprefreshmobileiv.com,,no_us_signal,https://driprefreshmobileiv.com,medspa,"semaglutide, nad+, glutathione",5
Drips Dallas,dripsdallas.com,,,,no_email,,vendor,,0
Drip Suites City Center,dripsuites.com,,,,unreachable,,,,
Drip Therapi Southfield IV Hydration Spa and Wellness Center,driptherapi.com,info@driptherapi.com,info@driptherapi.com,,no_peptides,https://driptherapi.com,vendor,,0
Drip Trussville IV Therapy,driptrussville.com,,,yes,no_email,https://driptrussville.com,medspa,"semaglutide, tirzepatide, nad+, glutathione",13
Althoff Wellness Clinic PC,drjillalthoff.com,,,yes,no_email,https://drjillalthoff.com,medspa,,0
"Dr. Moma Health &amp; Wellness Clinic: Sylvienash Moma, DNP",drmoma.org,,,,unreachable,,,,
IV Therapy Bellaire City TX,drshel.com,,,yes,no_email,https://drshel.com,medspa,"semaglutide, tirzepatide, bpc-157, ipamorelin, sermorelin, cjc-1295",19
Down to Earth Wellness Center,dteclub.com,,,yes,no_email,,medspa,,2
Medix Infusion,dynl.mktgcdn.com,,,,unreachable,,,,
Precision Health and Wellness,e2pdfg9ewou.exactdn.com,,,,unreachable,,,,
RapidRefresh Mobile IV &amp; Wellness,easy-links.s3.us-west-2.amazonaws.com,,,,no_email,,medspa,,0
Thrive Recovery Club in Coralville IA,ebusinesspages.com,,,,unreachable,,,,
Vitalis MVMT + Wellness in Harrisburg,ec2-54-167-213-193.compute-1.amazonaws.com,,,yes,no_email,https://ec2-54-167-213-193.compute-1.amazonaws.com,medspa,"nad+, glutathione",3
Eden Med Spa,edenmedspa.net,squintus@live.com,squintus@live.com,yes,no_peptides,https://edenmedspa.net,medspa,,0
Edens Functional Health and Wellness,edensfhw.com,,,,unreachable,,,,
HydraVibe Wellness,eeadcf1b7c454f1c52bf-dd604bdeb4955c7bf107e15b283691de.ssl.cf2.rackcdn.com,,,,unreachable,,,,
Louisville Aesthetics,efkly.myaestheticrecord.com,,,,no_email,https://efkly.myaestheticrecord.com,medspa,,0
IV Therapy,ehr.charmtracker.com,,,,no_email,https://ehr.charmtracker.com,vendor,,0
Element Wellness,elementwellness.com,,,yes,no_email,https://elementwellness.com,medspa,nad+,2
Elevate Wellness Center,elevatewellnessak.com,learn@elevatewellnessak.com,learn@elevatewellnessak.com,yes,no_peptides,https://elevatewellnessak.com,vendor,,0
Elite Total Wellness,elitememphis.com,elitetotalwellness@gmail.com,elitetotalwellness@gmail.com,yes,already known,https://elitememphis.com,medspa,"semaglutide, tirzepatide, retatrutide, liraglutide, sermorelin, tesamorelin",17
Elite Recovery &amp; Performance,eliterecoverybirmingham.com,,,,no_email,,vendor,,0
Elizabeth Face + Body Med Spa,elizabethmedspa.com,,,,no_email,,vendor,,0
Elysian Wellness Campus,elysianwellnesscampus.com,,,,no_email,https://elysianwellnesscampus.com,vendor,,0
Elysian Wellness and Aesthetics,elysianwellnessokc.com,,,yes,no_email,https://elysianwellnessokc.com,medspa,GLP-1 weight loss peptides,7
Embodi Hydration &amp; Wellness,embodihydration.com,,,,no_email,https://embodihydration.com,vendor,,0
"Emerald IV Bar, PLLC",emeraldivbar.com,,,yes,no_email,https://emeraldivbar.com,vendor,"semaglutide, glutathione",2
AK Empower Medical and Wellness,empowermedicalak.com,,,,no_email,https://empowermedicalak.com,vendor,,0
Endure Aesthetics &amp; Wellness,endureaesthetics.myaestheticrecord.com,,,,no_email,https://endureaesthetics.myaestheticrecord.com,medspa,,0
Enhanced Wellness of Oak Grove,enhancedwellnessog.com,,,,unreachable,,,,
Ennu New Albany,ennu.co,,,yes,no_email,https://ennu.co,medspa,,0
enrG Wellness,enrgwellness.com,,,yes,no_email,https://enrgwellness.com,medspa,glutathione,4
Essencia Wellness &amp; Aesthetics,essenciainjax.com,,,,unreachable,,,,
"Essentia Health Infusion Therapy (Chemotherapy): Vinjamaram Sanjay, MD",essentiahealth.org,,,yes,no_email,https://essentiahealth.org,medspa,,1
"Essential Health Solutions- Mobile IV Hydration, IM Injections ...",essentialhealthsolutionsllc.com,essentialhealthsolutionsllc@gmail.com,essentialhealthsolutionsllc@gmail.com,,no_us_signal,https://essentialhealthsolutionsllc.com,vendor,"semaglutide, tirzepatide, nad+, glutathione",7
"EST IV Hydration &amp; Wellness Spa PLLC,",estivhydration.com,,,,unreachable,,,,
Infusion Therapy,evanstonregionalhospital.com,,,yes,no_email,https://evanstonregionalhospital.com,medspa,,0
Evolve Aesthetics &amp; Wellness PDX,evolveaesthetics.com,,,yes,no_email,https://evolveaesthetics.com,medspa,,1
Evolve Med Spa,evolvemedspa.com,,,yes,no_email,https://evolvemedspa.com,medspa,,0
Evoqe Medical Aesthetics,evoqemedicalaesthetics.myaestheticrecord.com,,,,no_email,https://evoqemedicalaesthetics.myaestheticrecord.com,medspa,,0
Laguna Beach CA,exactsnursinginfusions.com,,,,no_email,,vendor,,0
IV Therapy in Denville,exhibitmedicalaesthetics.com,,,yes,no_email,https://exhibitmedicalaesthetics.com,medspa,,0
IV,export-xml.qreativethemes.com,,,,no_email,https://export-xml.qreativethemes.com,vendor,,0
"IV Therapy in Beaufort, SC",f8920989be6e862bb658-0183a62d36e6d2a24de4dbf15d8ffc4e.ssl.cf2.rackcdn.com,,,,unreachable,,,,
facial collective Madison,facialcollective.com,info@facialcollective.com,mllegeorgesand@gmail.com; info@facialcollective.com,yes,no_peptides,https://facialcollective.com,medspa,,0
Fairbanks Family Wellness and Bluebell Apothecary,fairbanksfamilywellness.com,,,,no_email,,vendor,,0
Family Medicine Austin,familymedicineaustin.com,,,yes,no_email,https://familymedicineaustin.com,medspa,,2
Plantation Infusion Center,fcneurology.net,,,,no_email,,vendor,,0
Fleur De Lis Beauty &amp; Esthetics,fdlbeauty.com,,,,no_email,https://fdlbeauty.com,medspa,,0
Mobile IV Hydration Therapy &amp; Wellness Services Across Connecticut,fhipr.myaestheticrecord.com,,,,no_email,https://fhipr.myaestheticrecord.com,vendor,,0
"Minnesota Mobile IV Therapy, MN-238, Albany, MN (2026)",findglocal.com,,,,unreachable,,,,
Fiore Wellness Center &amp; Spa,fiorewellnesscenter.com,,,yes,no_email,https://fiorewellnesscenter.com,medspa,,0
"Fire IV, Hydrate &amp; Restore",fire-iv.com,,,,no_email,https://fire-iv.com,vendor,,2
IV Alabama,flaremd.com,,,,no_email,https://flaremd.com,medspa,,1
Float Missoula,floatmsla.com,floatmissoula@gmail.com,floatmissoula@gmail.com,,no_peptides,https://floatmsla.com,vendor,,0
Floclinic · IV THERAPY Mobile IV Therapy Hydration,floclinic.com,,,,no_email,,vendor,,0
Twin Rivers IV,flowersplantation.com,,,,no_email,,vendor,,0
"FLUID HYDRATION &amp; WELLNESS, PLLC",fluidhydrationandwellness.com,,,yes,no_email,https://fluidhydrationandwellness.com,medspa,"semaglutide, tirzepatide, liraglutide, nad+",7
Fluidsolution IV Wellness,fluidsolutionivwellness.com,,,yes,no_email,https://fluidsolutionivwellness.com,medspa,"semaglutide, tirzepatide, bpc-157, tb-500, nad+, ipamorelin",17
Lapis Spa &amp; Wellness,fontainebleaulasvegas.com,,,,unreachable,,,,
Formula Wellness Fort Worth,formulawellness.com,,,yes,no_email,https://formulawellness.com,medspa,,1
Forward Natural Medicine,forwardnaturalmed.com,,,yes,no_email,https://forwardnaturalmed.com,medspa,"nad+, glutathione",6
"Foundation Health and Wellness, LLC.",foundationhw.com,,,yes,no_email,https://foundationhw.com,medspa,"semaglutide, tirzepatide",12
The DRIPBaR Foxboro,foxboro.thedripbar.com,,,,no_email,,vendor,,0
The DRIPBaR Bedford,framerusercontent.com,,,,no_email,https://framerusercontent.com,vendor,,0
Quick Drip IV Hydration,fresha.com,,,,no_email,https://fresha.com,medspa,,0
From Within Holistic,fromwithinholistic.com,,,,unreachable,,,,
IV Therapy and Wound Care,frontierhealthcareservice.com,,,,unreachable,,,,
Thrive Hydration &amp; Wellness LLC,frontporchforum.com,,,yes,no_email,https://frontporchforum.com,vendor,,0
Fulcrum Health &amp; Wellness,fulcrum-clinic.com,,,yes,no_email,https://fulcrum-clinic.com,medspa,,1
HOME,fullcirclehealthservices.org,fullcirclehealthservices9@gmail.com,fullcirclehealthservices9@gmail.com,yes,already known,https://fullcirclehealthservices.org,medspa,"semaglutide, tirzepatide, nad+, glutathione",10
Gateway Aesthetic Institute and Laser Center,gatewaylasercenter.com,info@gatewaylasercenter.com,info@gatewaylasercenter.com,yes,no_peptides,https://gatewaylasercenter.com,medspa,,0
Generational Health by Adult Health,generationalhealthbyadulthealth.org,generationalhealth.adult@gmail.com,generationalhealth.adult@gmail.com,yes,already known,https://generationalhealthbyadulthealth.org,medspa,"semaglutide, tirzepatide, glutathione",7
Genesis MedSpa LLC,genesis-medspa.com,,,yes,no_email,https://genesis-medspa.com,medspa,,0
Genesis IV Hydration,genesisivhydration.com,,,,no_email,https://genesisivhydration.com,medspa,,3
DripTherapy,getdriptherapy.com,info@getdriptherapy.com,info@getdriptherapy.com,,no_peptides,,vendor,,0
SwiftHealth--Mobile IV Therapy and Housecalls,getswifthealth.com,,,,no_email,,vendor,,0
Genesis Health Institute,ghinstitute.com,,,yes,no_email,https://ghinstitute.com,medspa,"semaglutide, sermorelin, tesamorelin, pt-141, glutathione",8
GIV Wellness-Mobile IV Therapy,givwellness.co,,,,no_email,,vendor,,0
"Vitamin IV Treatment in Timonium, MD",gleemedspa.com,,,,no_email,,vendor,,0
Glow Haus,glow-haus.net,,,,unreachable,,,,
Glow IV Hydration,glowivtherapy.com,,,yes,no_email,https://glowivtherapy.com,medspa,glutathione,2
The DRIPBaR Grand Rapids IV Therapy &amp; Medical Weight Loss,go.appointmentcore.com,askus@appointmentcore.com,askus@appointmentcore.com,,no_peptides,https://go.appointmentcore.com,vendor,,0
LIVING WATER Natural Healing &amp; Health Solutions,go.booker.com,,,,no_email,https://go.booker.com,vendor,,0
REVIV,go.revivme.com,,,,unreachable,,,,
GoBeyond Aesthetics &amp; Lifestyle Medicine,gobeyondaesthetics.com,,,,unreachable,,,,
Gorg! Wellness &amp; Aesthetics,gorglifestyle.com,,,,no_email,,vendor,,0
Vida-Flo Franklin,govidaflo.com,,,yes,no_email,https://govidaflo.com,medspa,nad+,2
Green Circle Wellness Clinic,greencirclewellness.com,,,,no_email,https://greencirclewellness.com/about-us,medspa,,0
Green IV,greeniv.org,,,,no_email,,vendor,,0
The DRIPBaR Greenville,greenville.thedripbar.com,,,,no_email,,vendor,,0
Greenwich MD,greenwich-md.com,,,,no_email,,vendor,,0
The DRIPBaR Greenwood Village,greenwood-village-co.thedripbar.com,,,,no_email,,vendor,,0
Gresham NAD+ Center,gresham.nad-iv-therapy.com,,,,unreachable,,,,
Prime IV Hydration &amp; Wellness opens in Shadow Lake Towne Center,growomaha.com,,,,unreachable,,,,
Gulf Coast Drip,gulfcoastdrip.com,,,yes,no_email,https://gulfcoastdrip.com,medspa,"nad+, glutathione",3
Hangover IV- Chula Vista,hangoveriv.com,,,,unreachable,,,,
"Mobile &amp; In-Home IV Hydration In Lincoln &amp; Yuba City, CA",havenmedspa.com,,,yes,no_email,https://havenmedspa.com,medspa,semaglutide,7
Aesthetics Hawaii: Dr Yew Botox Filler Specialist,hawaiibotox.com,,,yes,no_email,https://hawaiibotox.com,medspa,"semaglutide, tirzepatide, bpc-157, tb-500, thymosin beta-4, nad+",21
Hawaii Wellness Clinic,hawaiiwellnessclinic.com,,,yes,no_email,https://hawaiiwellnessclinic.com,medspa,"semaglutide, tirzepatide, retatrutide, nad+",11
Hawaii Wellness MD,hawaiiwellnessmd.com,,,yes,no_email,https://hawaiiwellnessmd.com,medspa,GLP-1 weight loss peptides,5
HD Aesthetic Wellness,hdaestheticwellness.simplespa.com,,,,unreachable,,,,
"Williston, VT",hdrxservices.com,,,yes,no_email,https://hdrxservices.com,vendor,,0
Heal Below Zero Cryotherapy,healbelowzero.com,,,,unreachable,,,,
Healix Infusion Care,healixinfusion.wpengine.com,contact@healixinfusion.com,contact@healixinfusion.com,yes,no_peptides,https://healixinfusion.wpengine.com,medspa,,0
Health &amp; Wellness 4Life IV Therapy,health-wellness4life.com,,,,unreachable,,,,
IVVitamin Therapy: Does It Work?,health.clevelandclinic.org ›iv-vitamin-therapy,,,,unreachable,,,,
Health Care Medical,healthcaremedicalinfusion.com,,,yes,no_email,https://healthcaremedicalinfusion.com,medspa,,0
IV Fluids,healthcheckofvienna.com,,,,unreachable,,,,
Remedy IV,healthecoaching.as.me,,,,unreachable,,,,
Health Med Spa IV Therapy,healthmedspa.com,,,yes,no_email,https://healthmedspa.com,medspa,glutathione,4
Health Unlimited,healthunltd.com,info@healthunltd.com,info@healthunltd.com,yes,no_peptides,https://healthunltd.com,medspa,,0
IV Therapy,healthwellnp.com,,,yes,no_email,https://healthwellnp.com,medspa,GLP-1 weight loss peptides,7
Healthy Habits Vermont Weight Loss Strategies,healthyhabitsvt.com,leslie@healthyhabitsvt.com,leslie@healthyhabitsvt.com,yes,no_peptides,https://healthyhabitsvt.com,vendor,,0
Heartland Urgent Care,heartlandurgentcare.com,,,yes,no_email,https://heartlandurgentcare.com,medspa,,0
HEC Wellness Center,hechawaii.com,,,,no_email,,vendor,,0
Heights IV &amp; Wellness,heightsivwellness.com,,,yes,no_email,https://heightsivwellness.com,medspa,nad+,4
Hello Hydration,hellohydrationiv.com,,,,no_email,,vendor,,0
Hello Hydration,hellohydrationnj.com,,,,unreachable,,,,
Bodies of Atlanta l Post-Op Surgery Care l Weight Loss l IV Hydration,hiopu.myaestheticrecord.com,,,,no_email,https://hiopu.myaestheticrecord.com,vendor,,0
Silver Lining Clinic,hln.lqq.mybluehost.me,,,yes,no_email,https://hln.lqq.mybluehost.me,medspa,,1
Holistic Energy Therapies LLC,holisticenergytherapies.com,,,,unreachable,,,,
"InVita Health and Wellness, Sara Franco, St. Louis, MO 314-394-0950",home8.org,,,,no_email,https://home8.org,vendor,,0
Honey Medspa,honeymedspa.myaestheticrecord.com,,,,no_email,https://honeymedspa.myaestheticrecord.com,medspa,,0
"IV Therapy in Honolulu, Hawaii",honoluluurgentcare.com,,,,no_email,,vendor,,0
"Hydration Room 1875 South Bascom Avenue, Campbell, CA, 95008",hotfrog.com,,,,unreachable,,,,
IV Infusion,hourglasslex.com,,,,no_email,,vendor,,0
House of Contour Med Spa,houseofcontour.net,,,,no_email,,vendor,,0
HydraCare IV,hydracareiv.com,,,,no_email,https://hydracareiv.com,vendor,,1
Hydralive Therapy Hoover (Greystone),hydralivetherapy.com,,,yes,no_email,https://hydralivetherapy.com,medspa,"nad+, ipamorelin, sermorelin, tesamorelin, mots-c, ghk-cu",13
Hydrata,hydratama.com,,,yes,no_email,https://hydratama.com,medspa,,1
Hydrate Aesthetics,hydrateak.com,,,yes,no_email,https://hydrateak.com,medspa,"semaglutide, nad+",3
The Wellness Room,hydratearkansas.com,,,yes,no_email,https://hydratearkansas.com,medspa,GLP-1 weight loss peptides,3
Healthy IV Drips in Doylestown,hydrateiv.com,,,yes,no_email,https://hydrateiv.com,medspa,,1
About,hydrationhealthandwellness.com,,,,unreachable,,,,
Hydration Infusion Lounge,hydrationinfusionlounge.com,,,yes,no_email,https://hydrationinfusionlounge.com,medspa,,0
Hydro Boost IV Therapy,hydro-boostivtherapy.com,,,yes,no_email,https://hydro-boostivtherapy.com,vendor,,0
HyperCharge Wellness,hyperchargeclinic.com,,,yes,no_email,https://hyperchargeclinic.com,medspa,,1
revIVe Drip,i.vimeocdn.com,,,,no_email,,vendor,,0
I Care Wellness,icare-wellness.com,,,yes,no_email,https://icare-wellness.com,medspa,glutathione,3
ICE Recovery + Wellness Carmel Valley,ice-cv.com,,,yes,no_email,https://ice-cv.com,medspa,GLP-1 weight loss peptides,3
Icebox Cryotherapy Columbia,iceboxtherapy.com,,,,no_email,https://iceboxtherapy.com,vendor,GLP-1 weight loss peptides,3
Icon MD Medical Spa + Laser Center Boston,iconmd.com,,,yes,no_email,https://iconmd.com,medspa,sermorelin,5
Featured Wellness Services,icryo-cibolo-tx.com,,,,unreachable,,,,
iCRYO Cryotherapy + iV Therapy + Body Sculpting + Red Light Therapy,icryo-fairfield-ct.com,,,yes,no_email,https://icryo-fairfield-ct.com,medspa,"nad+, glutathione",7
iCRYO,icryo-helotes-tx.com,,,yes,no_email,https://icryo-helotes-tx.com,medspa,"nad+, glutathione",7
iCRYO,icryo-southpark-nc.com,,,yes,no_email,https://icryo-southpark-nc.com,medspa,nad+,5
iCRYO Cryotherapy + iV Therapy + Body Sculpting + Red Light Therapy,icryo.com,,,yes,no_email,https://icryo.com,medspa,nad+,6
"IDDC InFusion Center, Des Moines, IA",iddc.net,,,,no_email,,vendor,,0
Infusion Center in NJ,idyllicinfusions.com,,,,unreachable,,,,
IV Therapy Miami Lakes,igloaesthetics.myaestheticrecord.com,,,,no_email,https://igloaesthetics.myaestheticrecord.com,medspa,,0
Alchemy West,ijnsx.myaestheticrecord.com,alchemywest@outlook.com,alchemywest@outlook.com,,no_peptides,https://ijnsx.myaestheticrecord.com,vendor,,0
The Health &amp; Wellness Clinic,ik.imagekit.io,,,,unreachable,,,,
Illume Cosmetic Surgery &amp; MedSpa,illumecosmeticsurgery.com,,,yes,no_email,https://illumecosmeticsurgery.com,medspa,,0
Illumma Ketamine Infusion Clinic,illumma.com,,,,no_email,,vendor,,0
Kennedy Health Clinic,imagedelivery.net,,,,unreachable,,,,
Corewell Health Dearborn Hospital Infusion Clinic,images.contentstack.io,,,,unreachable,,,,
Zenith Wellness,images.leadconnectorhq.com,,,,no_email,,vendor,,0
IV Therapy,images.marketpath.com,,,,unreachable,,,,
"IV Drip Treatment in Bedford, MA Reviews &amp; Experiences",images.provenexpert.com,,,,no_email,https://images.provenexpert.com,vendor,,0
Virasoap Natural Medicine,images.rapidload-cdn.io,,,,no_email,https://images.rapidload-cdn.io,vendor,,0
Imagine Medispa,imaginemedispas.com,,,,no_email,,vendor,,0
"LUX Infusion&#x27;s Palmer, AK, Clinic Enhances Access to Specialty Me",img.einnews.com,,,,no_email,https://img.einnews.com,vendor,,0
Boost Hydration,img1.wsimg.com,,,,unreachable,,,,
Kc IV Nutrition,img77.uenicdn.com,,,,unreachable,,,,
Immanence Health,immanencehealth.com,,,yes,no_email,https://immanencehealth.com,medspa,,0
Inbloom Health + Medispa,inbloomhealthnh.com,,,yes,no_email,https://inbloomhealthnh.com,medspa,semaglutide,4
IndiGlo Aesthetics + Wellness,indigloaesthetics.com,,,,no_email,https://indigloaesthetics.com,vendor,,0
INDIGO Therapeutic Massage &amp; Healing Arts,indigorva.com,indigorva@gmail.com,indigorva@gmail.com,yes,no_peptides,https://indigorva.com,vendor,,0
Infusion Solutions of Delaware,infusede.com,,,yes,no_email,https://infusede.com,medspa,,0
Infused Mobile IV &amp; Wellness,infusedmobileiv.com,,,yes,no_email,https://infusedmobileiv.com,medspa,GLP-1 weight loss peptides,2
Infuse IV Therapy,infuseivtherapy.co,,,,unreachable,,,,
Infuse One Ohio,infuseoneohio.com,info@infuseoneohio.com,info@infuseoneohio.com,yes,no_peptides,https://infuseoneohio.com,medspa,,0
InfuseWell,infusewell.as.me,book@infusewell.co,book@infusewell.co,,no_peptides,https://infusewell.as.me,vendor,,0
Infuse Wellness Center,infusewellness.net,,,,no_email,,vendor,,0
Infusion Therapy in Maryland,infusion4u.net,,,,no_email,,vendor,,0
"Injection and Infusion Clinic of Albuquerque, New Mexico",infusionclinicabq.com,,,,no_email,,vendor,,0
Infusion Cryotherapy &amp; Laser Center,infusioncryoandlaser.com,,,yes,no_email,https://infusioncryoandlaser.com,medspa,,1
Infusion for Health,infusionforhealth.com,,,yes,no_email,https://infusionforhealth.com,medspa,,0
IV Therapy Without Hospitalization,infusionsolutionsinc.com,,,yes,no_email,https://infusionsolutionsinc.com,medspa,,1
infuzaDRiP ivTHERAPY,infuzadrip.com,,,yes,no_email,https://infuzadrip.com,medspa,nad+,2
The Institute of Natural Health,inhstl.com,,,,no_email,,vendor,,0
Innovative Health,innovativehealthandmedspa.com,,,,no_email,https://innovativehealthandmedspa.com,medspa,,0
Innovative Laser Therapy,innovativelasertherapy.com,info@innovativelasertherapy.com,info@innovativelasertherapy.com,yes,no_peptides,https://innovativelasertherapy.com,vendor,,0
Innovative Wellness Center,innovativewellness.center,,,yes,no_email,https://innovativewellness.center,medspa,nad+,6
Innovative Wellness Centers,innovativewellnesscenters.com,,,,no_email,https://innovativewellnesscenters.com,vendor,,0
River Aesthetics,intakeq.com,,,,no_email,https://intakeq.com,medspa,,0
IV Therapy Bloomington,integrative-medicine-clinics.com,,,,no_email,https://integrative-medicine-clinics.com,vendor,,0
Intervene MD,intervenemd.com,,,yes,no_email,https://intervenemd.com,medspa,GLP-1 weight loss peptides,9
Intramed Plus Infusion &amp; Medical Center,intramedplus.com,,,yes,no_email,https://intramedplus.com,medspa,,0
Intravene Mobile IV Therapy Denver,intravene.wpengine.com,,,yes,no_email,https://intravene.wpengine.com,medspa,"nad+, glutathione",4
Intravene Wellness,intravenewellnesstherapies.com,,,yes,no_email,https://intravenewellnesstherapies.com,medspa,"nad+, glutathione",4
IntraVida,intravida.com,,,,unreachable,,,,
InVein Aesthetics,inveinaestheticsbaltimore.zoca.com,,,yes,no_email,https://inveinaestheticsbaltimore.zoca.com,medspa,"ipamorelin, mots-c",7
IV Therapy and Vitamin Drips in St Clair Shores MI,invigoratelounge.com,,,,no_email,,vendor,,0
Invigorate Wellness,invigoratewellnessmd.com,,,,unreachable,,,,
INVIVO Wellness,invivowellness.com,info@invivowellness.com,info@invivowellness.com; ptbilling@invivowellness.com; membership@invivowellness.com,yes,no_peptides,https://invivowellness.com,medspa,,0
The Iowa Clinic Infusion Center,iowaclinic.com,,,yes,no_email,https://iowaclinic.com,medspa,,0
Iowa Ketamine Clinic,iowaketamine.com,,,,no_email,,vendor,,0
"iThrive Infusion and Wellness -IV vitamin infusion, injections, weight",ithriveinfusion.com,,,yes,no_email,https://ithriveinfusion.com,medspa,"nad+, sermorelin, glutathione",13
iThriveMD of Mission Valley,ithrivemd.com,,,yes,no_email,https://ithrivemd.com,medspa,"semaglutide, tirzepatide, nad+, sermorelin, pt-141, ghk-cu",22
IUVENTUS MEDICAL CENTER,iuventusmedcenter.com,,,yes,no_email,https://iuventusmedcenter.com,medspa,"semaglutide, tirzepatide, nad+, sermorelin, glutathione, oxytocin",10
iVDoc Athens,iv-athens.com,,,,no_email,,vendor,,0
Presidential IV Hydration,iv-hydration.com,,,yes,no_email,https://iv-hydration.com,vendor,,0
"IV Therapy in Avon, CT",iv-therapies.icryo-avon-ct.com,,,,unreachable,,,,
iV Bars &amp; Cryotherapy of Houston Heights,ivbars.com,,,,no_email,,vendor,,0
Mobile IV Therapy in Miami,ivboostmiami.com,,,,unreachable,,,,
ivclub,ivclub.com,,,,no_email,,vendor,,0
IV Concierge,ivconcierge.com,,,yes,no_email,https://ivconcierge.com,medspa,"nad+, glutathione",3
IV Dripbar (formerly Intellectual Medicine),ivdripbar.com,,,,unreachable,,,,
I VIE Mobile Hydration,iviehydration.com,,,,unreachable,,,,
IVitamin Anywhere,ivitaminanywhere.com,,,,unreachable,,,,
IVitamin IV Lounge,ivitamintherapy.com,,,yes,no_email,https://ivitamintherapy.com,medspa,"nad+, glutathione",4
IV League,ivleaguehydrate.com,,,yes,no_email,https://ivleaguehydrate.com,medspa,"semaglutide, tirzepatide, nad+, sermorelin, glutathione",13
"IV Therapy in College Park, Georgia (2026)",ivlist.com,hello@ivlist.com,hello@ivlist.com; listings@ivlist.com; partners@ivlist.com; corrections@ivlist.com,,no_us_signal,https://ivlist.com/contact,medspa,"nad+, glutathione",3
"IV Lounge CT: Medspa, IV Therapy, Weight Loss Injections",ivloungect.myaestheticrecord.com,,,,no_email,https://ivloungect.myaestheticrecord.com,vendor,,0
IV Lounge Nola,ivloungenola.com,,,yes,no_email,https://ivloungenola.com,medspa,"nad+, glutathione",4
IV Lounge,ivloungetx.com,,,,no_email,https://ivloungetx.com,vendor,,0
IV Menon,ivmenonwelldrip.com,,,yes,no_email,https://ivmenonwelldrip.com,medspa,semaglutide,2
IV Me Now,ivmenownc.com,,,yes,no_email,https://ivmenownc.com,medspa,"nad+, glutathione",3
IV Nutrition,ivnutrition.com,,,,no_email,https://ivnutrition.com,medspa,"semaglutide, tirzepatide, nad+, sermorelin, pt-141, glutathione",12
IVNV Wellness,ivnv-cda.com,,,,no_email,,vendor,,0
IV NYC Health,ivnychealth.com,,,,unreachable,,,,
IV On Call,ivoncall.com,,,,unreachable,,,,
IV on Main Aesthetics and Wellness,ivonmainaestheticsandwellness.myaestheticrecord.com,,,,no_email,https://ivonmainaestheticsandwellness.myaestheticrecord.com,medspa,,0
I.V. Rain Hydration Wellness &amp; MedSpa,ivrain.com,,,,unreachable,,,,
IV Therapy Services,ivtherapy.services,,,,unreachable,,,,
Hawaii IV Therapy Directory™,ivtherapydirectory.com,,,yes,no_email,https://ivtherapydirectory.com,medspa,"nad+, glutathione",8
IV Therapy Huntington Beach,ivtherapyhuntingtonbeach.com,,,yes,no_email,https://ivtherapyhuntingtonbeach.com,medspa,glutathione,2
Mobile IV Therapy of Laguna Beach,ivtherapylagunabeach.com,,,yes,no_email,https://ivtherapylagunabeach.com,medspa,glutathione,3
H2O Health Hydration Oasis Brookfield,ivtherapynearme.com,,,,no_email,https://ivtherapynearme.com,medspa,,1
IV Therapy LA,ivtla.com,,,,no_email,https://ivtla.com,vendor,,0
IV Vitamin,ivvitaminsnyc.com,,,,unreachable,,,,
IVX Health Infusion Center,ivxhealth.com,,,,unreachable,,,,
Ivy Spa &amp; Wellness,ivy-spa-wellness-v1771881436.websitepro-cdn.com,,,,unreachable,,,,
Ivy Specialty Infusion,ivyak.com,,,yes,no_email,https://ivyak.com,medspa,,0
Ideal Wellness and Aesthetics,iwamedspa.com,,,yes,no_email,https://iwamedspa.com,medspa,GLP-1 weight loss peptides,5
The DRIPBaR Jacksonville Tamaya Market,jacksonville-tamaya-market.thedripbar.com,,,,no_email,,vendor,,0
JAG Medical Spa,jagmedicalspa.com,,,yes,no_email,https://jagmedicalspa.com,medspa,GLP-1 weight loss peptides,4
IV Hydration,jahealthwellness.com,,,,unreachable,,,,
Destination Nursing Aesthetics,jane.app,pr@jane.app,pr@jane.app; security@jane.app,yes,no_peptides,https://jane.app,medspa,,0
Jean Walter Infusion Center Rosedale MD,jeanwalterinfusion.com,,,yes,no_email,https://jeanwalterinfusion.com,medspa,,1
Benefits of IV Hydration Therapy,jennatymedspa.com,,,yes,no_email,https://jennatymedspa.com,medspa,glutathione,2
Jersey Hydreight,jerseyhydreight.com,,,,no_email,https://jerseyhydreight.com,medspa,,1
Jessdrip IV Hydrate Wellness,jessdripivhydratewellness.com,,,yes,no_email,https://jessdripivhydratewellness.com,medspa,,1
Jiva Med Spa Cincinnati,jivamedspa.com,,,yes,no_email,https://jivamedspa.com,medspa,semaglutide,6
Glow By K2 Aesthetics and Beauty Bar,jmsty.myaestheticrecord.com,,,,no_email,https://jmsty.myaestheticrecord.com,medspa,,0
Jocassee Hydration and Aesthetics,jocasseehydration.com,jocasseehydration@gmail.com,jocasseehydration@gmail.com,yes,no_peptides,https://jocasseehydration.com,medspa,,0
IV Therapy At Refined Aesthetics In Logan Utah,joinblvd.com,support@joinblvd.com,support@joinblvd.com; partnerships@joinblvd.co,,no_peptides,https://joinblvd.com,medspa,,0
Just Live Health &amp; Wellness,justlivehealthandwellness.com,,,,no_email,,vendor,,0
Push IV Hydration Las Vegas,k7f4s4r7.rocketcdn.me,,,yes,no_email,https://k7f4s4r7.rocketcdn.me/contact,medspa,"nad+, glutathione",4
IV and IM Therapies Offered at Little Rock Location,kajabi-storefronts-production.kajabi-cdn.com,,,,no_email,https://kajabi-storefronts-production.kajabi-cdn.com,vendor,,0
Katalyst Wellness,katalystwellness.com,,,yes,no_email,https://katalystwellness.com,medspa,"semaglutide, tirzepatide, bpc-157, tb-500, thymosin beta-4, thymosin alpha-1",25
"Fillers, Botox, and IV Hydration Kansas City",kcinjectablesmedspa.com,info@kcinjectablesmedspa.com,info@kcinjectablesmedspa.com,,no_peptides,https://kcinjectablesmedspa.com,medspa,,0
KC Wellness,kcwellnessokc.com,,,yes,no_email,https://kcwellnessokc.com,medspa,"nad+, glutathione",3
The DRIPBaR Keller,keller.thedripbar.com,,,,no_email,,vendor,,0
Kenner NAD+ Center,kenner.nad-iv-therapy.com,,,,unreachable,,,,
Ketamine Center of Connecticut,ketaminecenterofct.com,,,yes,no_email,https://ketaminecenterofct.com,medspa,,0
Ketamine Clinic of Hawaii,ketamineclinichawaii.com,,,yes,no_email,https://ketamineclinichawaii.com,medspa,,0
"Ketamine Seattle, PLLC",ketamineclinicofseattle.com,,,,no_email,,vendor,,0
Vita Suite IV &amp; K Therapy,ketaminetherapyformentalhealth.com,,,,no_email,https://ketaminetherapyformentalhealth.com,medspa,,1
Texas Ketamine &amp; Wellness Center,ketaminewellnesstx.com,,,yes,no_email,https://ketaminewellnesstx.com,medspa,,0
Ketwell Alaska (Fairbanks),ketwellalaska.com,contact@ketwellalaska.com,contact@ketwellalaska.com,yes,no_peptides,https://ketwellalaska.com,medspa,,0
Ketamine Wellness Institute,ketwelljax.com,,,,no_email,,vendor,,0
KHROM MEDSPA &amp; WELLNESS,khrommedspa.com,,,yes,no_email,https://khrommedspa.com,medspa,,1
Luxe-Vera Aesthetics,kmcurgentfamilycare.com,,,yes,no_email,https://kmcurgentfamilycare.com,medspa,,0
"Infusion Therapy Clinic in Skillman, NJ",kspacewellnesslp.com,kspacewellness@gmail.com,kspacewellness@gmail.com,yes,no_peptides,https://kspacewellnesslp.com,medspa,,0
K Stewart Beauty and Wellness,kstewartbeautyandwellness.com,,,yes,no_email,https://kstewartbeautyandwellness.com,medspa,"semaglutide, tirzepatide",3
KUR Health Spa,kurhealthspa.com,info@kurhealthspa.com,info@kurhealthspa.com,yes,no_peptides,https://kurhealthspa.com,medspa,,0
Kuya Wellness,kuyawellness.com,,,,no_email,,vendor,,0
Vital Infusions Hannibal,l.bttr.to,,,,unreachable,,,,
L3 Aesthetics,l3aesthetics.com,,,,no_email,,vendor,,0
Lam Clinic,lamclinic.com,,,yes,no_email,https://lamclinic.com,medspa,,3
LA Queen Med Spa,laqueenmedspa.com,,,,no_email,,vendor,,0
Lasting SkinSolutions,lastingskinsolutions.com,,,yes,no_email,https://lastingskinsolutions.com,medspa,GLP-1 weight loss peptides,5
La Vie Aesthetics and Wellness Clinic,lavieaesthetics.myaestheticrecord.com,,,,no_email,https://lavieaesthetics.myaestheticrecord.com,medspa,,0
Lavish IV-Fusions Wellness Med-Spa,lavishiv.com,,,,no_email,,vendor,,0
IV Nutrition Therapy,le-cdn.hibuwebsites.com,,,,unreachable,,,,
Simply Adored Salon &amp; Med Spa,letusadoreu.com,,,yes,no_email,https://letusadoreu.com,medspa,,0
Lighthouse Infusions &amp; Seattle Ketamine,lhinfusions.com,info@lhinfusions.com,info@lhinfusions.com,yes,no_peptides,https://lhinfusions.com,medspa,,0
Life IV Medical Weight Loss,lifeivweightloss.com,,,yes,no_email,https://lifeivweightloss.com,medspa,"semaglutide, tirzepatide, liraglutide",16
LifeMed Institute,lifemedinstitute.com,,,yes,no_email,https://lifemedinstitute.com,medspa,"nad+, glutathione",10
Tua Pelle Medical Spa,lillybeautyspa.com,,,,unreachable,,,,
Liquid Mobile IV: Kansas City Clinic &amp; Mobile (We Come to You),liquidmobileiv.com,,,yes,no_email,https://liquidmobileiv.com,medspa,"bpc-157, tb-500, thymosin beta-4, nad+, sermorelin, ghk-cu",11
Liquivida Wellness Center,liquividanj.com,,,yes,no_email,https://liquividanj.com,medspa,"bpc-157, tb-500, thymosin alpha-1, nad+, ipamorelin, sermorelin",22
Central Iowa Mobile IV,livin-vivid.com,,,yes,no_email,https://livin-vivid.com,medspa,,1
Livin Holistic Wellness Spa,livinholistic.com,,,yes,no_email,https://livinholistic.com,vendor,,0
Beauty IV Therapy Services Newton MA,livwell-drip.com,,,,no_email,https://livwell-drip.com,vendor,,0
Liv Hydration,livwellal.com,,,,no_email,https://livwellal.com,medspa,,1
Top Iv Therapy Professionals in Glen Allen,localglowguide.co,,,yes,no_email,https://localglowguide.co,medspa,glutathione,4
Lola&#x27;s Medical Spa &amp; Wellness,lolasmedspa.com,,,,no_email,https://lolasmedspa.com,medspa,,0
Lone Star Center for Health and Wellness,lonestarcenters.com,,,yes,no_email,https://lonestarcenters.com,medspa,"semaglutide, tirzepatide, nad+, glutathione",15
Lonestar Mobile IV Hydration Station LLC,lonestarmobileivhydration.com,,,,no_email,,vendor,,0
Look Lab Med Spa,looklab.com,,,yes,no_email,https://looklab.com,medspa,semaglutide,1
Lost in Float,lostinfloat.com,support@lostinfloat.com,support@lostinfloat.com; desk@lostinfloat.com,yes,no_peptides,https://lostinfloat.com,medspa,,0
Lotus Haven Medspa,lotushavenmedspa.square.site,lotushavenmedspa@gmail.com,lotushavenmedspa@gmail.com; nlotushavenmedspa@gmail.com,,no_peptides,,vendor,,0
Lotus Head Spa,lotusheadspala.com,lotusheadspala@gmail.com,lotusheadspala@gmail.com,yes,no_peptides,https://lotusheadspala.com,vendor,,0
LOURE Aesthetics &amp; Wellness®️,loureaesthetics.com,loureaesthetics@yahoo.com,loureaesthetics@yahoo.com,yes,already known,https://loureaesthetics.com,medspa,"semaglutide, tirzepatide",12
LouWellSpa,louwellspa.com,,,yes,no_email,https://louwellspa.com,medspa,glutathione,8
IV Therapy Atlanta Hub,lovable.dev,support@lovable.dev,support@lovable.dev,,no_peptides,https://lovable.dev/faq,vendor,,0
Love Laser &amp; Med Spa,love-laser-med-spa-v1770132694.websitepro-cdn.com,,,,unreachable,,,,
Love Medical Spa,lovemedicalspa.com,,,,no_email,,vendor,,0
IV Therapy,lovemercyhhc.com,anthony@lovemercyhhc.com,anthony@lovemercyhhc.com,yes,no_peptides,https://lovemercyhhc.com,vendor,,0
Luminis Health Infusion Center Annapolis,luminishealth.org,,,yes,no_email,https://luminishealth.org,medspa,,0
Lux Aesthetics,luxaestheticsseattle.com,info@luxaestheticsseattle.com,info@luxaestheticsseattle.com,yes,no_peptides,https://luxaestheticsseattle.com,medspa,,0
Luxe Mobile IV,luxemobileiv.com,,,yes,no_email,https://luxemobileiv.com,medspa,"nad+, glutathione",3
LUX Infusion,luxinfusion.com,,,yes,no_email,https://luxinfusion.com,medspa,,0
LVS La Vie Med Spas &amp; Day Spa,lvmedspas.com,,,yes,no_email,https://lvmedspas.com,medspa,"semaglutide, tirzepatide, bpc-157, tb-500, thymosin alpha-1, nad+",23
Luna Med Spa PLLC,lymedspa.com,,,,no_email,,vendor,,0
Modern Aesthetic Centers,macflorida.com,,,yes,no_email,https://macflorida.com,medspa,,0
Infusion Services,mainegeneral.org,,,,unreachable,,,,
IV Therapy,marylandivtherapy.com,,,yes,no_email,https://marylandivtherapy.com,medspa,glutathione,4
"Ames, Carroll, Fort Dodge, Marshalltown",mcfarlandclinic.com,,,yes,no_email,https://mcfarlandclinic.com,medspa,,1
The DRIPBaR McKinney,mckinney-marketplace.thedripbar.com,,,,no_email,,vendor,,0
"Best Infusion Therapy in Crossville, AL",mdcaller.com,,,yes,no_email,https://mdcaller.com,vendor,,0
MD Vitality Wellness Center,mdvwellness.com,,,,no_email,https://mdvwellness.com,vendor,,0
IV Therapy Near Me in North Jersey,meccaspa.com,,,yes,no_email,https://meccaspa.com,medspa,"semaglutide, tirzepatide",3
Medivee &amp; Live Well Aesthetics,med-ivee.com,,,yes,no_email,https://med-ivee.com,medspa,"nad+, glutathione",4
MedDrip IV Therapy,meddripiv.com,,,,unreachable,,,,
"IV Hydration Therapy for Los Angeles and Glendale, CA",mederiurgentcare.com,,,yes,no_email,https://mederiurgentcare.com,medspa,"semaglutide, tirzepatide, liraglutide",6
MedHaven Health,medhavenhealth.com,,,,no_email,,vendor,,0
Vita Drip Mobile IV Therapy,media.gettyimages.com,,,,unreachable,,,,
"IV Therapy Southlake, Texas",media.swipepages.com,,,,unreachable,,,,
Medical Anti-Aging,medicalantiaging.com,,,,unreachable,,,,
Medix Infusion,medixinfusion.com,info@medixinfusion.com,info@medixinfusion.com,yes,no_peptides,https://medixinfusion.com,medspa,,0
Healing Well Center + Med Spa Bar,medspabar.com,,,yes,no_email,https://medspabar.com,medspa,nad+,4
Meliora MedSpa,melioramedspa.com,melioramedspa@gmail.com,melioramedspa@gmail.com,yes,no_peptides,https://melioramedspa.com,medspa,,0
"IV Infusion Therapy In Altamonte Springs, FL",merakimedspafl.com,,,yes,no_email,https://merakimedspafl.com,medspa,,0
"Metroplex IV Therapy,LLC",metroplexiv.com,,,,unreachable,,,,
Michigan Progressive Health,michiganprogressivehealth.com,,,yes,no_email,https://michiganprogressivehealth.com,medspa,,0
flow iv,mitchmarderdds.com,,,yes,no_email,https://mitchmarderdds.com,medspa,glutathione,2
Minnesota Vitality and Anti-Aging Center,mnvaac.myaestheticrecord.com,,,,no_email,https://mnvaac.myaestheticrecord.com,vendor,,0
Mobile Clinic by OnRequest LLC,mobile.clinic,,,,unreachable,,,,
Essence of Love Wellness Center,mobilefootdetox.com,,,,no_email,https://mobilefootdetox.com,vendor,,0
Mobile IV and Weight Loss Spa,mobileivandweightloss.com,,,,unreachable,,,,
Mobile IV website,mobileivtherapy.cameronwellnessandspa.com,,,yes,no_email,https://mobileivtherapy.cameronwellnessandspa.com,vendor,,0
Mobile IV Therapy 2U,mobileivtherapy2u.com,ivtherapy2u@gmail.com,ivtherapy2u@gmail.com,,no_us_signal,https://mobileivtherapy2u.com,medspa,nad+,2
Mobile Wellness Drip,mobilewellnessdrip.com,lasilao11@gmail.com,lasilao11@gmail.com,,no_peptides,https://mobilewellnessdrip.com,vendor,,0
"Modernized Wellness, PLLC",modernizedwellness.com,modernizedwellnessclinic@gmail.com,modernizedwellnessclinic@gmail.com,yes,already known,https://modernizedwellness.com,medspa,"semaglutide, tirzepatide, nad+, ipamorelin, sermorelin, tesamorelin",19
Modwella,modwella.com,,,,no_email,https://modwella.com,medspa,nad+,4
InVigorate Hydration &amp; Wellness,montanabride.com,hello@montanabride.com,hello@montanabride.com,,no_peptides,https://montanabride.com,vendor,,0
"Holistic IV Therapy, Cryotherapy &amp; Red Light Treatments in Vienna",moonlakespa.com,moonlakespa168@gmail.com,moonlakespa168@gmail.com,yes,no_peptides,https://moonlakespa.com,medspa,,0
MidSouth Integrative Medical,msintegrative.com,,,yes,no_email,https://msintegrative.com,medspa,glutathione,6
MS Wellness Medspa,mswellnessmedspa.com,,,yes,no_email,https://mswellnessmedspa.com,medspa,"nad+, glutathione",3
"Vitamin IV Therapy In Leesburg, FL",mwsmedicalspa.com,,,,unreachable,,,,
My Hawaii Massage Spa and Lounge,my-hawaii-spa.com,admin@myhawaiispa.com,admin@myhawaiispa.com,,no_peptides,https://my-hawaii-spa.com,vendor,,0
Vibrant Med,myaestheticspro.com,,,yes,no_email,https://myaestheticspro.com,medspa,,0
BioworX Milwaukee,mybioworx.com,,,,no_email,https://mybioworx.com,medspa,"bpc-157, tb-500, nad+, selank, semax, ghk-cu",11
Local Infusion,mylocalinfusion.com,hello@mylocalinfusion.com,hello@mylocalinfusion.com,,no_peptides,https://mylocalinfusion.com,medspa,,0
Infusion Centers,mymichigan.org,,,,unreachable,,,,
Refresh Med Spa,mypatientvisit.com,,,,no_email,,vendor,,0
Revitalize Hydration and Wellness,myrevitalizewellness.com,,,,no_email,,vendor,,0
"Infusion Therapy Center in Fort Collins, CO",mysuitehealth.com,,,yes,no_email,https://mysuitehealth.com,medspa,,0
Infusion IV Lounge,mytime.com,,,,no_email,https://mytime.com,medspa,,0
MD Wellness Center and Med Spa,mytrimmd.com,,,,no_email,,vendor,,0
Home,myvitalinfusions.com,,,,no_email,https://myvitalinfusions.com,medspa,,1
MY Wellness Center,mywellnesscenterees.com,recharge@mywellnesscenterees.com,recharge@mywellnesscenterees.com; relax@mywellnesscenterees.com,yes,no_peptides,https://mywellnesscenterees.com,vendor,,0
Anova Med Spa,na02.patientnow.com,,,,no_email,https://na02.patientnow.com,medspa,,0
Folawns Medical Spa and Salon,na2.meevo.com,,,,no_email,,vendor,,0
NakedMD Med Spa San Jose,nakedmd.com,info@nakedmd.com,concierge@nakedmd.com; info@nakedmd.com; service@nakedmd.com,yes,no_peptides,https://nakedmd.com,vendor,,0
Nartista Beauty and Wellness,nartistawellness.com,,,,no_email,,vendor,,0
Natural Elements IV Lounge,naturalelementsno.com,,,,unreachable,,,,
IV Micronutrient Therapy in Bethesda,navacenter.com,,,yes,no_email,https://navacenter.com,medspa,"semaglutide, tirzepatide, bpc-157, tb-500, thymosin alpha-1, ipamorelin",31
Neuroveda Health,neurovedahealth.com,,,,no_email,https://neurovedahealth.com,medspa,,0
New Haven Center For Nursing &amp; Rehabilitation,newhavennh.com,,,,no_email,,vendor,,0
New Jersey IV Therapy Clinic,newjerseyivtherapyclinic.com,,,yes,no_email,https://newjerseyivtherapyclinic.com,medspa,,1
New Leaf Wellness,newleafcenters.com,,,yes,no_email,https://newleafcenters.com,medspa,GLP-1 weight loss peptides,8
New Moon Rejuvenating Medspa &amp; Concierge,newmoonmedspas.com,,,,unreachable,,,,
Vitality Wellness Group,neworleanshormonetherapy.com,,,yes,no_email,https://neworleanshormonetherapy.com,medspa,"bpc-157, tb-500, thymosin beta-4, nad+, sermorelin, pt-141",13
New spa in Whitefish Bay offers latest wellness trends like IV therapy,newscdn2.weigelbroadcasting.com,,,,no_email,,vendor,,0
New Business Brings IV Hydration Therapy to Jamestown,newsdakota.com,erin@newsdakota.com,erin@newsdakota.com; lynn@newsdakota.com; reagan@newsdakota.com; jack@newsdakota.com; lindsey@newsdakota.com; jill@newsdakota.com; amanda@newsdakota.com; jess@newsdakota.com,yes,no_peptides,https://newsdakota.com,vendor,,0
New You Health and Wellness LLC,newyouhealthandwellness.com,,,,no_email,,vendor,,0
"IV Therapy Near Rosenberg, Texas",newyoumc.com,,,,no_email,,vendor,,0
New Hampshire Regenerative Center,nhregenerativecenter.com,,,,no_email,,vendor,,0
Pure Integrated Medicine,nirvanahealthcare.com,helpme@nirvanahealthcare.com,helpme@nirvanahealthcare.com,yes,no_peptides,https://nirvanahealthcare.com,medspa,,0
Infusion Therapy,njinfusion.com,,,,no_email,,vendor,,0
Nof1,nof1rx.myaestheticrecord.com,,,,no_email,https://nof1rx.myaestheticrecord.com,vendor,,0
IV Therapy,nomadfunctionalmedicine.com,nomadfunctionalmedicine@gmail.com,nomadfunctionalmedicine@gmail.com,yes,no_peptides,https://nomadfunctionalmedicine.com,medspa,,0
Nomi Aesthetics,nomiaesthetics.com,info@nomiaesthetics.com,info@nomiaesthetics.com,yes,no_peptides,https://nomiaesthetics.com,medspa,,0
Northern Light Eastern Maine Medical Center,northernlighthealth.org,,,yes,no_email,https://northernlighthealth.org,medspa,,0
NNH Launches Infusion Service at Plattsburgh Office,northernnephrology.com,,,yes,no_email,https://northernnephrology.com,medspa,,0
Nourichment Medispa,nourichmentmedispa.com,,,,unreachable,,,,
Your Local IV Hydration Clinic Guide,novahealthrecovery.com,,,,no_email,,vendor,,0
Novella Infusion Portland,novellainfusion.com,hello@novellainfusion.com,hello@novellainfusion.com,yes,no_peptides,https://novellainfusion.com,medspa,,0
Thrive Recovery Club in Coralville,nowlearning-nlinst00906383-001.lab.service-now.com,,,,unreachable,,,,
Healing Hands- NPs 2 You LLC,nps2you.com,,,,no_email,https://nps2you.com,vendor,,0
Hydration and IV Bar: Shahayra Majumder with Hydrate IV Bar,ntmediagroup.com,,,yes,no_email,https://ntmediagroup.com,vendor,,0
NuLife Health and Wellness,nulife-health.com,,,yes,no_email,https://nulife-health.com,medspa,"semaglutide, sermorelin",9
NuLife Institute,nulifeinstitute.com,,,yes,no_email,https://nulifeinstitute.com,medspa,GLP-1 weight loss peptides,6
NurseBar Hydration &amp; Wellness,nursebarwellness.com,,,,unreachable,,,,
Nurture IV Hydration &amp; Wellness Bar,nurtureivtherapy.com,,,,unreachable,,,,
IV Therapy Micronutrients,nutimaca.wpengine.com,,,yes,no_email,https://nutimaca.wpengine.com,medspa,GLP-1 weight loss peptides,4
Nu&#x27;u Aesthetics,nuuaesthetics.com,,,yes,no_email,https://nuuaesthetics.com,medspa,GLP-1 weight loss peptides,3
Nuvo Body Mobile Spa,nuvobodyspa.com,,,,no_email,,vendor,,0
NuWave Spa,nuwavespa.com,,,,no_email,,vendor,,0
"Lab Draws, IV Therapy &amp; IM Injectables Spa Rogers, AR",nwaaestheticsandfertility.com,,,,no_email,,vendor,,0
Oasis IV and Wellness,oasisivandwellness.com,,,,no_email,,vendor,,0
OhioHealth Grant Medical Center Infusion Services,ohiohealth.com,,,,unreachable,,,,
OHMI ANTI-AGING CENTER,ohmimd.com,contact@ohmimd.com,contact@ohmimd.com,,no_peptides,https://ohmimd.com,medspa,,0
Oklahoma Infusion Services,okinfusion.com,,,yes,no_email,https://okinfusion.com,medspa,,0
Preventative Medical Clinic,omahapmc.com,,,yes,no_email,https://omahapmc.com,medspa,"semaglutide, tirzepatide, nad+",5
IV Vitamin Therapy Southlake,onecdn.io,,,,no_email,https://onecdn.io,vendor,,0
ONE IV hydration and medspa,oneivmedspa.com,,,,unreachable,,,,
On Location IV Hydration,onlocationivhydration.com,,,,unreachable,,,,
Onus IV Therapy + Longevity: Wheat Ridge,onusiv.com,,,,no_email,https://onusiv.com,medspa,"nad+, sermorelin, ghk-cu, glutathione",13
"Vitamin IV Therapy In Carmel, IN",onyxxesthetics.com,info@onyxxesthetics.com,info@onyxxesthetics.com,,no_peptides,https://onyxxesthetics.com,medspa,,0
H2oasis Infusion and Wellness Clinic · Infusion Therapy Clinic/Center,opennpi.com,,,,no_email,https://opennpi.com,vendor,,0
Infu-Zen Spa,optassets.ontraport.com,,,,unreachable,,,,
Optimal Wellness &amp; Beauty,optimal-wellness-beauty.com,optimalwellnessltd@gmail.com,optimalwellnessltd@gmail.com,yes,already known,https://optimal-wellness-beauty.com,medspa,"semaglutide, tirzepatide, retatrutide, bpc-157, tb-500, nad+",27
Optimal Health Wellness Clinic,optimalhealthandwellnessclinic.com,,,,unreachable,,,,
Optimize U,optimizeucenters.com,,,,no_email,https://optimizeucenters.com,medspa,"semaglutide, tirzepatide, liraglutide, sermorelin, tesamorelin, pt-141",18
Optimum IV Hydration (Mobile),optimum-ivhydration.com,,,,no_email,https://optimum-ivhydration.com,vendor,,0
"Optimum Human: Science-backed Wellness, Beauty, &amp; Recovery",optimumhuman.com,,,yes,no_email,https://optimumhuman.com,vendor,semaglutide,9
Option Care Health,optioncarehealth.com,,,yes,no_email,https://optioncarehealth.com,medspa,,0
Organic Skin Studio,organicskinstudio.com,frontdesk@organicskinstudio.com,frontdesk@organicskinstudio.com; oskinwellness@gmail.com,yes,no_peptides,https://organicskinstudio.com,medspa,,0
Custom IV Therapy in La Jolla,pacificpearllajolla.com,,,yes,no_email,https://pacificpearllajolla.com,medspa,"nad+, glutathione",4
Palmetto Infusion,palmettoinfusion.com,,,,unreachable,,,,
Paloma Infusion &amp; Wellness,palomainfusionswellness.com,,,,no_email,https://palomainfusionswellness.com,vendor,,0
Panacea Luxury Spa,panacealuxuryspa.com,info@panacealuxuryspa.com,info@panacealuxuryspa.com,yes,no_peptides,https://panacealuxuryspa.com,vendor,,0
IV VITAMIN THERAPY,patientportal.advancedmd.com,,,,no_email,https://patientportal.advancedmd.com,vendor,,0
PCHC Infusion Center,pchc.com,civilrights@pchc.com,civilrights@pchc.com,yes,no_peptides,https://pchc.com,medspa,,0
Private Client Wellness and Aesthetics,pcwlifestyle.com,,,,no_email,,vendor,,0
Perfect Dose,perfect-dose-v1773286141.websitepro-cdn.com,,,,unreachable,,,,
Coming Soon,performancehealthmt.com,,,,unreachable,,,,
Outpatient Infusion Center,phhealthcare.org,,,,unreachable,,,,
Philly IV,phillyiv.com,,,,no_email,,vendor,,0
Proactive Health Labs,phlabs.org,info@phlabs.org,info@phlabs.org,,no_us_signal,https://phlabs.org,medspa,nad+,3
The DRIPBaR Phoenix Biltmore,phoenix-biltmore.thedripbar.com,,,,no_email,,vendor,,0
The Phoenix Clinique,phoenixclinique.square.site,,,,no_email,https://phoenixclinique.square.site,medspa,,0
Evri Aesthetics,phorest.com,togetherwegrow@phorest.com,togetherwegrow@phorest.com,,no_peptides,https://phorest.com,medspa,,0
"Hydrate GA, Athens 30601, Local business",place123.net,,,,unreachable,,,,
Plush Wellness + IV,plushwellnessiv.com,,,,unreachable,,,,
Manhattan IV Therapy,pn6.366.myftpupload.com,,,yes,no_email,https://pn6.366.myftpupload.com,medspa,"nad+, glutathione",3
esthetic medspa portland,portlandesthetic.com,,,yes,no_email,https://portlandesthetic.com,medspa,,0
Hydration,practical purpose solutions|wixmp-fe53c9ff592a4da924211f23.wixmp.com,,,,unreachable,,,,
United Hope Medical,practice.kareo.com,,,,unreachable,,,,
Premier Hormone Health &amp; Wellness,premierhormonehealth.com,,,,no_email,,vendor,,0
Premier Integrative Health,premierintegrativehealthkc.com,,,yes,no_email,https://premierintegrativehealthkc.com,medspa,GLP-1 weight loss peptides,2
Premier Point Ambulatory Infusion Center,premierpointinfusion.com,info@premierpointinfusion.com,info@premierpointinfusion.com,yes,no_peptides,https://premierpointinfusion.com,medspa,,0
PRICK&#x27;D Medspa,prickdmedspa.com,getprickd@prickdmedspa.com,getprickd@prickdmedspa.com,,no_peptides,https://prickdmedspa.com,medspa,,0
IV Hydration in Novi,primecarespa.com,,,yes,no_email,https://primecarespa.com,medspa,,1
2x Your Recovery With Advanced IV Infusion Therapy,primehealthofnj.com,,,,no_email,,vendor,,0
Iv Therapy Locations,primeivflorida.com,,,,no_email,,vendor,,0
Appointment Booked Saratoga,primeivutah.com,,,yes,no_email,https://primeivutah.com,medspa,"semaglutide, nad+",5
Prisma Health Infusion Center–Columbia,prismahealth.org,patientadvocacy@prismahealth.org,patientadvocacy@prismahealth.org,yes,no_peptides,https://prismahealth.org,medspa,,0
Profusion Infusion,profusioninfusionllc.com,,,yes,no_email,https://profusioninfusionllc.com,medspa,,0
Pro Health Clinic,prohealthmemphis.com,,,,no_email,https://prohealthmemphis.com,medspa,"semaglutide, tirzepatide, bpc-157, nad+, ipamorelin, tesamorelin",21
IV Therapy,prwyz.myaestheticrecord.com,,,,no_email,https://prwyz.myaestheticrecord.com,vendor,,0
Psyth Sauna,psythsauna.com,,,,no_email,,vendor,,0
IV Infusion Therapy,ptwchiro.com,,,yes,no_email,https://ptwchiro.com,medspa,semaglutide,3
Elevate IV Therapy,pub-bb2e103a32db4e198524a2e9ed8f35b4.r2.dev,,,,unreachable,,,,
Pulse IV Therapy,pulseivtherapy.com,,,,no_email,,vendor,,0
Pure Chateau Wellness Medspa,purechateau.org,,,yes,no_email,https://purechateau.org,medspa,GLP-1 weight loss peptides,6
Pure Drip IV Health &amp; Wellness,puredripiv.com,,,,no_email,,vendor,,0
Pure Fix Mobile IV,purefixmobileiv.com,,,,no_email,,vendor,,0
"Pure Hydration, LLC",purehydrationclinic.com,,,,no_email,https://purehydrationclinic.com,vendor,,0
Pure Infusion Suites Of Anchorage Llc,pureinfusionsuites.com,maddiejohnson@gmail.com,maddiejohnson@gmail.com,,no_us_signal,https://pureinfusionsuites.com,vendor,kpv,2
"Mobile IV Therapy Allen, TX",pureivtexas.com,,,yes,no_email,https://pureivtexas.com,medspa,"nad+, glutathione, semaglutide, tirzepatide",11
Mobile IV Therapy Near Me: Utah,pureivutah.com,,,yes,no_email,https://pureivutah.com,medspa,"nad+, glutathione",5
Purely Natural Medical Spa,purelynaturalspa.com,,,,no_email,,vendor,,0
Pure Med Spa,pureskinmed.myaestheticrecord.com,,,,no_email,https://pureskinmed.myaestheticrecord.com,medspa,,0
Pure Wellness &amp; Spa,purewellness-spa.com,,,,no_email,,vendor,,0
IV Therapy in Kirkland &amp; Edmonds,purskinclinic.com,,,yes,no_email,https://purskinclinic.com,medspa,glutathione,2
PVD Ketamine &amp; Wellness,pvdketamineandwellness.com,,,,no_email,https://pvdketamineandwellness.com/about-us,medspa,,0
Quench IV Studio (Vintage Park),quenchivstudio.com,,,,no_email,https://quenchivstudio.com,medspa,glutathione,3
Quick Drip IV &amp; Aesthetics,quickdripiv.com,,,,no_email,,vendor,,0
IV Infusion Therapy,quietwaterswellness.com,,,yes,no_email,https://quietwaterswellness.com,medspa,,2
r2s-hydration,r2s-hydration.com,,,yes,no_email,https://r2s-hydration.com,medspa,glutathione,2
"R3 Wellness and Infusion, LLC",r3wellness.com,,,yes,no_email,https://r3wellness.com,medspa,,3
Radiance San Antonio,radiancesanantonio.com,,,,unreachable,,,,
IV Therapy &amp; Wellness Infusions Fayetteville NC,radiantwellnessnc.com,,,yes,no_email,https://radiantwellnessnc.com,medspa,,2
Rain IV,rainnj.com,hellorainnj@gmail.com,hellorainnj@gmail.com; hellorainnnj@gmail.com,,no_us_signal,https://rainnj.com,medspa,glutathione,2
Your Skin Prescription,rainsskinprescription.com,,,yes,no_email,https://rainsskinprescription.com,medspa,nad+,2
Chic MD,raisingtheskinbar.com,hello@raisingtheskinbar.com,hello@raisingtheskinbar.com,yes,no_peptides,https://raisingtheskinbar.com,medspa,,0
RDK Wellness &amp; IV Hydration LLC,rdkwellness.com,,,yes,no_email,https://rdkwellness.com,vendor,GLP-1 weight loss peptides,2
Reading NAD+ Center,reading.nad-iv-therapy.com,,,,unreachable,,,,
ReBalance NYC,rebalancenyc.com,,,,no_email,,vendor,,0
Recharge Elite Wellness Co.,rechargeelite.com,zachvries@yahoo.com,zachvries@yahoo.com,,no_peptides,https://rechargeelite.com,vendor,,0
Recovery Lounge &amp; Spa,recoveryloungeandspa.com,,,,no_email,https://recoveryloungeandspa.com,vendor,,0
IV Therapy,redmarketing.typeform.com,,,,no_email,https://redmarketing.typeform.com,vendor,,0
Red River Infusion Pharmacy of Little Rock,redriverrx.com,,,yes,no_email,https://redriverrx.com,medspa,,0
Refined Vida,refinedvida.com,,,,unreachable,,,,
Refine KC Aesthetics,refinekcaesthetics.com,info@refinekcaesthetics.com,refinekcaesthetics@gmail.com; info@refinekcaesthetics.com,yes,no_peptides,https://refinekcaesthetics.com,medspa,,0
Refresh Mobile Medspa,refreshmobilemedspa.com,,,,unreachable,,,,
Regenerate Medical Concierge,regeneratemedicalconcierge.com,,,yes,no_email,https://regeneratemedicalconcierge.com,medspa,"semaglutide, nad+, glutathione, oxytocin",9
Regeneration Nation,regenerationnationtulsa.com,,,yes,no_email,https://regenerationnationtulsa.com,medspa,,1
"IV Infusion Therapy in Voorhees Township, NJ",regenerativelaser.com,,,yes,no_email,https://regenerativelaser.com,medspa,"semaglutide, ipamorelin",9
IV Hydration Therapy,regenerativespines.com,,,,no_email,,vendor,,0
Regenesis Medical Spa,regenesisspa.com,,,yes,no_email,https://regenesisspa.com,medspa,,0
Regenesis Wellness Center,regenesiswellnesscenter.site,regenesiswellness19@gmail.com,regenesiswellness19@gmail.com,yes,already known,https://regenesiswellnesscenter.site,medspa,"semaglutide, tirzepatide, sermorelin, glutathione",10
Regenerative MedSpa of Buckhead,regenmedspabuckhead.com,,,yes,no_email,https://regenmedspabuckhead.com,medspa,GLP-1 weight loss peptides,6
"Hydrology IV Therapy, Weight Loss, &amp; Wellness",region-cooperative.org,support@region-cooperative.org,support@region-cooperative.org,yes,no_peptides,https://region-cooperative.org,vendor,,0
IV Drip Therapy Rochester Hills &amp; Detroit Area,rehabreformpt.com,,,,unreachable,,,,
ReHydrate,rehydrateclinic.com,info@rehydrateclinic.com,info@rehydrateclinic.com,yes,no_peptides,https://rehydrateclinic.com,medspa,,0
"Reincarnation Medical Spa, Center for Advanced Regenerative Medicine",reincarnationmedicalspa.com,,,yes,no_email,https://reincarnationmedicalspa.com,medspa,GLP-1 weight loss peptides,4
Rejuvenate Wellness &amp; Health Center,rejuvenatewhc.com,rejuvehw@yahoo.com,rejuvehw@yahoo.com,yes,already known,https://rejuvenatewhc.com,medspa,"bpc-157, tb-500, nad+, ipamorelin, tesamorelin, mots-c",15
"Best IV Drip Therapy in Argyle, TX (2026)",rejuvenationlist.com,,,,no_email,https://rejuvenationlist.com,medspa,,0
Rejuvenation Skin Lab,rejuvenationskinlab.com,,,yes,no_email,https://rejuvenationskinlab.com,medspa,"semaglutide, tirzepatide, glutathione",6
Rejuvime Medical,rejuvimemedical.com,,,yes,no_email,https://rejuvimemedical.com,medspa,"semaglutide, tirzepatide, sermorelin",10
Renew,renewchs.myaestheticrecord.com,,,,no_email,https://renewchs.myaestheticrecord.com,vendor,,0
RenewAll Wellness &amp; Aesthetics,renewedmedicalhealth.com,,,yes,no_email,https://renewedmedicalhealth.com,medspa,"semaglutide, tirzepatide, retatrutide, sermorelin, pt-141",9
Renewed Wellness,renewedwellnesscg.com,,,yes,no_email,https://renewedwellnesscg.com,medspa,"semaglutide, tirzepatide",6
RenewMe IV Therapy + Medspa,renewmespa.com,,,,no_email,,vendor,,0
Renew Wellness Spa,renewspamemphis.com,info@renewspamemphis.com,info@renewspamemphis.com,yes,no_peptides,https://renewspamemphis.com,medspa,,0
Renew You Health and Wellness,renewyounow-al.com,,,yes,no_email,https://renewyounow-al.com,medspa,"semaglutide, nad+",3
IV Infusion Therapy in Kingwood,renovemedicalspa.com,,,yes,no_email,https://renovemedicalspa.com,medspa,"semaglutide, tirzepatide, bpc-157, tb-500, ipamorelin, sermorelin",13
Renu Medispa,renumedispa.com,,,yes,no_email,https://renumedispa.com,medspa,glutathione,5
Replenish Plus Wellness Center,replenishpluswellnesscenter.com,info@replenishpluswellnesscenter.com,info@replenishpluswellnesscenter.com,,no_peptides,https://replenishpluswellnesscenter.com,vendor,,0
Rocky Mountain Energy Infusion,reserve.rockymountainenergyinfusion.com,,,yes,no_email,https://reserve.rockymountainenergyinfusion.com,vendor,,0
Resilience Med Spa,resiliencemedspa.com,,,,no_email,,vendor,,0
Restorative Health Clinic of Portland,restorativehealthclinic.com,,,yes,no_email,https://restorativehealthclinic.com,medspa,,3
Restore Hyper Wellness,restore.com,,,yes,no_email,https://restore.com,medspa,"semaglutide, tirzepatide, nad+, glutathione",7
Restore + Revive,restoreandrevivefw.com,,,yes,no_email,https://restoreandrevivefw.com,medspa,nad+,2
Restore Health,restorehealthnebraska.com,,,,no_email,,vendor,,0
RestoHealth Medspa,restoringhealth4u.com,,,yes,no_email,https://restoringhealth4u.com,medspa,,1
Rest Recovery Wellness JXN,restrecoveryjackson.com,,,,unreachable,,,,
Reverse Aesthetics,reverse-aesthetics.com,,,yes,no_email,https://reverse-aesthetics.com,medspa,"semaglutide, tirzepatide, nad+, sermorelin",8
Revia Health and Wellness,reviahealth.com,,,,no_email,,vendor,,0
Revitalife4u,revitalife4u.com,,,,unreachable,,,,
RevitalIVe Mobile IV &amp; Wellness,revitalivemobileivwellness.com,,,,unreachable,,,,
Revitalize Mobile IV,revitalizemobileiv.com,revitalizemobileiv@gmail.com,revitalizemobileiv@gmail.com,,no_us_signal,https://revitalizemobileiv.com,medspa,"nad+, glutathione",3
"Revival Infusion Madison: Sarah Wilczewski, CRNA, APNP",revivalinfusion.com,info@revivalinfusion.com,info@revivalinfusion.com,yes,no_peptides,https://revivalinfusion.com,medspa,,0
The Maxim Clinic,reviveactiveandaesthetic.com,,,,unreachable,,,,
Revive By Aviva,revivebyaviva.com,,,,unreachable,,,,
Revived Body,revived-body.com,,,,no_email,https://revived-body.com,medspa,"nad+, glutathione",3
IV Drip Therapy,revivedmedicalaesthetics.com,,,yes,no_email,https://revivedmedicalaesthetics.com,medspa,nad+,4
Revive Health,revivehealthdallas.com,,,yes,no_email,https://revivehealthdallas.com,medspa,,0
Revive IV Lounge,reviveivloungebuford.com,drip@reviveivloungebuford.com,drip@reviveivloungebuford.com,,no_us_signal,https://reviveivloungebuford.com,medspa,,1
Revive IV Studio,reviveivstudio.com,,,,unreachable,,,,
Revive IV Therapy &amp; Injections,reviveivtherapyinjections.com,,,,unreachable,,,,
Revive,reviveketamineclinic.com,,,,unreachable,,,,
Revive Lifestyle Medicine,revivelifestylemedicine.com,,,yes,no_email,https://revivelifestylemedicine.com,medspa,"semaglutide, tirzepatide",6
IV Infusion Therapy,reviveloungelaredo.com,revivedriplounge@gmail.com,revivedriplounge@gmail.com,yes,already known,https://reviveloungelaredo.com,medspa,semaglutide,4
Revive Medical Group,revivemedgroup.com,,,yes,no_email,https://revivemedgroup.com,vendor,semaglutide,1
ReVive RX Med Spa,reviverxmedspa.com,reviverxmedspa@gmail.com,reviverxmedspa@gmail.com,yes,already known,https://reviverxmedspa.com,medspa,"semaglutide, tirzepatide",11
Revive Texas IV Therapy,revivetexasivtherapy.com,,,,unreachable,,,,
In-Home IV Services in Boise Idaho,revivewellnessandrecovery.as.me,,,,no_email,https://revivewellnessandrecovery.as.me,vendor,,0
Reviv PLLC,revivwell.com,,,yes,no_email,https://revivwell.com,medspa,GLP-1 weight loss peptides,2
Ribera Healthcare Clinic,riberahealthcare.org,,,,unreachable,,,,
The DRIPBaR Richmond Reynolds Crossing,richmond-reynolds-crossing.thedripbar.com,,,,no_email,,vendor,,0
Rinova Wellness,rinovawellness.com,,,,no_email,,vendor,,0
RISE Modern Wellness,risemodernwellness.com,,,,no_email,,vendor,,0
River Oaks Drip Spa: IV Therapy &amp; Hydration Center,riveroaksdripspa.com,,,yes,no_email,https://riveroaksdripspa.com,medspa,"nad+, glutathione",3
Rouge Medical Spa,rougemedicalspa.com,,,,unreachable,,,,
Round 2 Wellness,round2wellness.com,,,,unreachable,,,,
prosperIV®,ryeridgeshoppingcenter.com,,,yes,no_email,https://ryeridgeshoppingcenter.com,medspa,,0
Rytualist Aesthetics Bar,rytualist.com,info@rytualist.com,info@rytualist.com; nfo@rytualist.com,yes,no_peptides,https://rytualist.com,medspa,,0
MJ Hydration &amp; Wellness Services,s.uenicdn.com,,,,unreachable,,,,
Atlanta Accelerate,s3-media0.fl.yelpcdn.com,,,,unreachable,,,,
Wellness IV Infusion Therapy,s3.amazonaws.com,,,,no_email,https://s3.amazonaws.com,vendor,,0
VitaLife Infusion PLLC,s40764.pcdn.co,,,,no_email,https://s40764.pcdn.co,vendor,,0
IVFusionMD,sa1s3optim.patientpop.com,,,,unreachable,,,,
IV Therapy,sacramentoivtherapy.com,,,yes,no_email,https://sacramentoivtherapy.com,medspa,glutathione,4
Sacred Athlete,sacredathlete.com,contact@sacredathlete.com,contact@sacredathlete.com,yes,no_peptides,https://sacredathlete.com,vendor,,0
SALT Hydration &amp; Wellness,salthydrationandwellness.com,,,yes,no_email,https://salthydrationandwellness.com,medspa,"semaglutide, tirzepatide, bpc-157, nad+, glutathione",11
San Antonio Med Spa,samedspa.com,info@samedspa.com,info@samedspa.com,,no_peptides,https://samedspa.com,medspa,,0
IV Therapy,san-angelo.thedripbar.com,,,,no_email,,vendor,,0
The DRIPBaR Dominion Creek,san-antonio-dominion-creek.thedripbar.com,,,,no_email,,vendor,,0
The DRIPBaR Fossil Creek,san-antonio-fossil-creek.thedripbar.com,,,,no_email,,vendor,,0
San Angelo Mobile IV Hydration,sanangeloiv.com,,,,no_email,,vendor,,0
"IV Therapy For Energy &amp; Wellness Boost In Frankfort, IL",saunaguard.com,,,,unreachable,,,,
Home,scontent-iad3-2.cdninstagram.com,,,,no_email,,vendor,,0
Scottsdale IV Therapy Clinic,scottsdaleivtherapy.com,,,,no_email,https://scottsdaleivtherapy.com,medspa,,1
Scottsdale Premier IV,scottsdalepremieriv.com,,,yes,no_email,https://scottsdalepremieriv.com,medspa,glutathione,3
Sculpted Medical Spa at Midtown,sculptedmedspas.com,,,yes,no_email,https://sculptedmedspas.com,medspa,"nad+, glutathione",5
Seattle NAD + Revolutionary Medical Therapies,seattlenad.com,,,,unreachable,,,,
Second Nature Clinic,second-nature-clinic.square.site,,,,no_email,,vendor,,0
IV Hydration in Seguin,seguinwellnessmedspa.com,,,,no_email,,vendor,,0
S &amp; E Infusions Hydrations and Wellness Med Spa,seinfusions.com,,,,unreachable,,,,
SELFishly Aesthetics &amp; Wellness,selfishlyaesthetics.com,,,,no_email,https://selfishlyaesthetics.com,medspa,,1
InVita Health and Wellness,sep.yimg.com,,,,unreachable,,,,
Serene WellSpa,serenewellspa.com,serenewellspa@gmail.com,serenewellspa@gmail.com,,no_peptides,https://serenewellspa.com,vendor,,0
Colon Hydrotherapy,serenitywellness1.com,,,yes,no_email,https://serenitywellness1.com,vendor,,0
IV Therapy &amp; Wellness Infusions,serviceorca.com,info@serviceorca.com,info@serviceorca.com,,no_peptides,https://serviceorca.com,vendor,,0
Boost MedSpa,sfboostmedspa.com,,,,unreachable,,,,
IV Therapy,sgessentialssd.com,%20ashley@sgessentialssd.com,%20ashley@sgessentialssd.com; ashley@sgessentialssd.com,yes,no_peptides,https://sgessentialssd.com,medspa,,0
"Drip IV Hydration Therapy, Healthy Weight Loss in Herndon",sghydration.com,,,,unreachable,,,,
Contact,shop.ivclub.com › pages › contact,,,,unreachable,,,,
The Shot Nurse Immunization &amp; Wellness Service,shotnurse.com,appointments@shotnurse.com,appointments@shotnurse.com,yes,no_peptides,https://shotnurse.com,medspa,,0
The Vitamin Bar Mobile IV Therapy &amp; Semaglutide,showmelocal.com,support@showmelocal.com,support@showmelocal.com,,no_peptides,https://showmelocal.com,vendor,,0
IV Therapy,simplymidland.com,,,yes,no_email,https://simplymidland.com,medspa,"nad+, glutathione",5
About,sites.bubblelife.com,,,,no_email,https://sites.bubblelife.com,vendor,,0
Home,sjinfusioncenter.com,,,yes,no_email,https://sjinfusioncenter.com,medspa,,0
Skin Perfect Aesthetics and Wellness,skinperfectaesthetics.com,,,,no_email,https://skinperfectaesthetics.com,medspa,,0
Skin Studio Aesthetics and Wellness,skinstudioct.com,,,,no_email,,vendor,,0
Skokie NAD+ Center,skokie.nad-iv-therapy.com,,,,unreachable,,,,
IV Hydration &amp; Aesthetics,smoothaestheticsaustin.com,,,yes,no_email,https://smoothaestheticsaustin.com,medspa,"semaglutide, tirzepatide, retatrutide, nad+, glutathione",10
"White Mountain IV Hydration in Show Low, AZ United States",snapshot.apple-mapkit.com,,,,unreachable,,,,
Snatched Lab,snatched-lab.myaestheticrecord.com,,,,no_email,https://snatched-lab.myaestheticrecord.com,vendor,,0
Sneed MediSpa,sneedmedispa.com,,,,unreachable,,,,
S&amp;J Esthetique Medical Spa,snjesthetique.com,,,,no_email,https://snjesthetique.com,medspa,,0
Somenek + Pittman MD,somenekpittmanmd.com,,,yes,no_email,https://somenekpittmanmd.com,medspa,"nad+, glutathione",4
Somerville NAD+ Center,somerville.nad-iv-therapy.com,,,,unreachable,,,,
Sound Shapes Med Spa,soundshapesllc.myonlineappointment.com,,,,no_email,https://soundshapesllc.myonlineappointment.com,vendor,,0
Southern Wellness,southernwellnessmed.com,,,yes,no_email,https://southernwellnessmed.com,medspa,GLP-1 weight loss peptides,4
IV Hydration Therapy Clermont FL,southlakeobgyn.net,,,,no_email,,vendor,,0
IVme Wellness + Aesthetics Milwaukee Historic Third Ward,sp-ao.shortpixel.ai,,,,no_email,https://sp-ao.shortpixel.ai,vendor,,0
Spirit of the Bear LLC,spiritofthebearllc.com,,,,no_email,,vendor,,0
San Diego IV,square.site,,,yes,no_email,https://square.site/contact,medspa,,0
Denver Sports Recovery,static.mywebsites360.com,,,,unreachable,,,,
SonAura Aesthetics &amp; Infusions,static.parastorage.com,,,,no_email,,vendor,,0
Medspa El Mirage Arizona,static.royacdn.com,,,,unreachable,,,,
Regenesis MD,static.showit.co,,,,unreachable,,,,
Kalologie Medspa,static.spacecrafted.com,,,,unreachable,,,,
Activate IV and Cryotherapy LLC,stationhydration.com,,,yes,no_email,https://stationhydration.com,medspa,"nad+, glutathione",3
Steel City Medical Center,steelcitymedicalcenter.com,,,yes,no_email,https://steelcitymedicalcenter.com,medspa,GLP-1 weight loss peptides,10
St. Louis Wellness Center,stlouiswellnesscenter.com,stlouiswellnesscenter@gmail.com,stlouiswellnesscenter@gmail.com; stlwcoffice@gmail.com,yes,no_peptides,https://stlouiswellnesscenter.com,medspa,,0
Strata Med,stratawell.com,,,,no_email,,vendor,,0
Studio 7 Hawaii,studio7hawaii.com,,,yes,no_email,https://studio7hawaii.com,medspa,,1
Style Aesthetics,styleaesthetics.myaestheticrecord.com,,,,no_email,https://styleaesthetics.myaestheticrecord.com,medspa,,0
IV Therapy in New York,suffolkhealth.com,,,yes,no_email,https://suffolkhealth.com,vendor,,0
Infusion Center,summithealth.com,,,yes,no_email,https://summithealth.com,medspa,,0
IV + Injectable Therapy,summithealthks.as.me,,,,no_email,https://summithealthks.as.me,vendor,,0
Sweat Equity Infrared Saunas,sweatequitysa.com,,,yes,no_email,https://sweatequitysa.com,medspa,"bpc-157, tb-500, nad+, ipamorelin, sermorelin, cjc-1295",10
Sewickley Medspa,sweetwateraesthetics.com,info@sweetwateraesthetics.com,info@sweetwateraesthetics.com,yes,no_peptides,https://sweetwateraesthetics.com,medspa,,0
Mobile IV Therapy,swell-iv.com,,,,no_email,,vendor,,0
Southwest Ohio Ketamine TMS and IV Therapy,swohioketamine.com,info@swohioketamine.com,info@swohioketamine.com,yes,no_peptides,https://swohioketamine.com,medspa,,0
Synergy Wellness Lounge,synergywellnesslounge.com,,,yes,no_email,https://synergywellnesslounge.com,medspa,nad+,4
Medical IV Treatments,tannerclinic.com,,,yes,no_email,https://tannerclinic.com,medspa,,0
"IV Hydration &amp; Infusion Medicine in Albuquerque and Rio Rancho, Ne",telehealth.group,,,yes,no_email,https://telehealth.group,medspa,,0
Tensegrity Health &amp; Aesthetics,tensegrityhealth.org,,,,no_email,,vendor,,0
The B-12 Store,theb12store.com,,,yes,no_email,https://theb12store.com,vendor,"nad+, glutathione",3
The Better You MedSpa,thebetteryoumedspa.com,,,,unreachable,,,,
The DRIPBaR Colleyville,thedripbarcolleyville.com,,,,no_email,,vendor,,0
The DRIPBaR Edina,thedripbaredina.com,,,,no_email,https://thedripbaredina.com,medspa,,0
Ivy Medspa,thedripdirectory.com,,,,no_email,https://thedripdirectory.com,medspa,,0
The Drip IV Therapy,thedripivtherapy.com,,,,no_email,,vendor,,0
The Drip Lounge,thedriplounge.com,,,yes,no_email,https://thedriplounge.com,medspa,nad+,5
The DripPub Lounge,thedrippub.com,,,,unreachable,,,,
The Drip Room,thedriproom.com,,,,unreachable,,,,
The Perfect IV for You and Me,thefillingstationdenton.com,,,,unreachable,,,,
"The Garden Medical Spa, Wellness &amp; Massage",thegardenmedspa.com,,,yes,no_email,https://thegardenmedspa.com,medspa,kpv,4
Pure Vitality,thehealproject.com,,,,no_email,https://thehealproject.com,vendor,,0
The Health Spa by Vive,thehealthspa.com,,,,no_email,,vendor,,0
The HUB IV BAR Wellness Boutique,thehubivbar.com,,,,no_email,,vendor,,0
The IV Doc,theivdoc.com,,,,unreachable,,,,
Mobile IV in Aledo,theivwrangler.com,,,,unreachable,,,,
Mobile IV Therapy 2U + Updated Prices,theknot.com,,,,unreachable,,,,
The Med Bar,themedbar.com,,,,no_email,https://themedbar.com,vendor,,0
The MedSpa at Galleria,themedspatx.com,,,,unreachable,,,,
The Pink Elephant,thepinkelephantnyc.com,,,,unreachable,,,,
PurA Medical Aesthetics,thepuralife.com,,,yes,no_email,https://thepuralife.com,medspa,nad+,5
River City Therapy &amp; Wellness,therapyandwellness.com,,,yes,no_email,https://therapyandwellness.com,vendor,,0
TherapySouth Lakeview,therapysouth.com,,,,no_email,https://therapysouth.com,medspa,,0
The Recharging Room -IV Therapy- Peptides- Aesthetics,therechargingroom.myaestheticrecord.com,,,,no_email,https://therechargingroom.myaestheticrecord.com,vendor,,0
The Root Chakra / South Bay Holistic Spa,therootchakra.com,therootchakrasj@gmail.com,therootchakrasj@gmail.com,yes,no_peptides,https://therootchakra.com,medspa,,0
Unlimited Clinic Wellness and Beauty,theunlimitedclinic.com,,,,unreachable,,,,
"The Wellness Center for Healthy Living, Inc.",thewellnesscenterforhealthyliving.com,mrsakamaki@hotmail.com,mrsakamaki@hotmail.com,yes,no_peptides,https://thewellnesscenterforhealthyliving.com,medspa,,0
Hydration Room Unveils Six New Clinics in Bay Area for Wellness and IV,third-news.com,,,,no_email,https://third-news.com,vendor,,0
IV Therapy Alpharetta GA,thrive4peakperformance.com,,,yes,no_email,https://thrive4peakperformance.com,medspa,"nad+, glutathione",2
Thrive Health IV,thrivehealthiv.com,,,,no_email,https://thrivehealthiv.com,medspa,,0
Thrive Health Systems Chiropractors of West Colorado Springs,thrivehealthsystems.com,,,yes,no_email,https://thrivehealthsystems.com,medspa,,0
ThrIV Infusion Centers,thrivinfusioncenters.com,,,yes,no_email,https://thrivinfusioncenters.com,vendor,,0
ThrIVWell,thrivwell.aestheticsedge.com,,,,no_email,https://thrivwell.aestheticsedge.com,medspa,GLP-1 weight loss peptides,4
Relaxing IV Treatments in Kennesaw,tiahydrate.as.me,,,,no_email,https://tiahydrate.as.me,vendor,,0
"IV Therapy Services in South Ogden and North Logan, Utah",timelessut.com,info@timelessut.com,info@timelessut.com,,no_peptides,https://timelessut.com,medspa,,0
Top Aesthetics,topaesthetics.com,,,,no_email,https://topaesthetics.com,medspa,,0
Totality Medispa,totalitymed.com,,,,no_email,https://totalitymed.com,medspa,,0
Thrive Wellness + Aesthetics,tr.ee,,,yes,no_email,https://tr.ee,medspa,,0
"Tranquility Ketamine Clinic, LLC",tranquilityketamine.com,info@tranquilityketamine.com,info@tranquilityketamine.com,yes,no_peptides,https://tranquilityketamine.com,medspa,,0
Transformations Wellness Integrative Therapies,transformationswellness.net,relax@transformationswellness.net,relax@transformationswellness.net,yes,no_peptides,https://transformationswellness.net,vendor,,0
IVO2,trinity-medicalcare.com,,,,no_email,,vendor,,0
Trinity Medical Center,trinitymedical-care.com,,,,unreachable,,,,
The DRIPBaR Trophy Club,trophy-club.thedripbar.com,,,,no_email,,vendor,,0
IV Therapy,tucson-az.thedripbar.com,,,,no_email,,vendor,,0
IV Therapy &amp; Vitamin Boosts,twinriversiv.com,,,yes,no_email,https://twinriversiv.com,medspa,"nad+, glutathione",5
Urgent Care Clinic of Lincoln,ucclincoln.com,,,yes,no_email,https://ucclincoln.com,medspa,,1
Ultimate Hydration Station,ultimarehydrationstation.com,,,,unreachable,,,,
Ultimate Drip Therapy and Wellness,ultimatedriptherapy.com,,,yes,no_email,https://ultimatedriptherapy.com,medspa,semaglutide,3
Ultra IV Therapy,ultraiv.com,,,,unreachable,,,,
UnBiased Skincare Spa &amp; Wellness,unbiasedskincare.glossgenius.com,unbiasedskincare@gmail.com,unbiasedskincare@gmail.com,yes,no_peptides,https://unbiasedskincare.glossgenius.com,vendor,,0
Drip Culture Infrared Saunas &amp; Cold Plunge,union.fit,,,,unreachable,,,,
"IV Infusion Therapy in Bloomington, IN",unveiled-health.com,,,,unreachable,,,,
Upgrade Medical,upgradepdx.com,,,yes,no_email,https://upgradepdx.com,vendor,,0
Mountain West Medical Clinic,utahgrown.co,info@utahgrown.co,info@utahgrown.co,yes,no_peptides,https://utahgrown.co,medspa,,0
"Oncology, UVM Cancer Treatment Center",uvmhealth.org,,,yes,no_email,https://uvmhealth.org,medspa,,0
UW Health University Hospital Infusion Center,uwhealth.org,hrservicecenter@uwhealth.org,hrservicecenter@uwhealth.org,,no_peptides,https://uwhealth.org,vendor,,0
Vein Institute of South Mississippi,veinsms.com,,,yes,no_email,https://veinsms.com,medspa,,0
Venturis Clinic,venturisclinic.com,,,yes,no_email,https://venturisclinic.com,medspa,"bpc-157, tb-500, nad+, cjc-1295",8
Vermont Naturopathic Clinic,vermontnd.com,,,,no_email,https://vermontnd.com,vendor,,0
Version of Youth Wellness Clinic,versionofyouthwellness.com,,,,unreachable,,,,
Vessel Longevity Cedar Park,vessel-tx.com,,,yes,no_email,https://vessel-tx.com,medspa,"nad+, glutathione",9
Via Medical Massage: South Lincoln,viamedmassage.com,info@viamedmassage.com,info@viamedmassage.com,yes,no_peptides,https://viamedmassage.com,medspa,,0
IV Nutritional Therapy Greenland NH,vibranthealthnaturalmedicine.com,,,yes,no_email,https://vibranthealthnaturalmedicine.com,medspa,GLP-1 weight loss peptides,5
Vibrant Life Oklahoma,vibrantlifeoklahoma.com,,,yes,no_email,https://vibrantlifeoklahoma.com,medspa,glutathione,2
Vida Colonics SPA,vidacolonicsspa.com,,,yes,no_email,https://vidacolonicsspa.com,vendor,,0
Vida-Flo Wilmington,vidaflowilmington.com,,,,unreachable,,,,
View Wellness,viewwellnessusa.com,,,,unreachable,,,,
VIP Total Health &amp; Hydration,viptotalhealth.com,,,,unreachable,,,,
Virginia NAD+ Infusions,virginianadinfusions.com,,,yes,no_email,https://virginianadinfusions.com,medspa,"liraglutide, nad+, glutathione, oxytocin",7
Viriditas Beauty,viriditasbeauty.com,hello@viriditasbeauty.com,hello@viriditasbeauty.com,yes,no_peptides,https://viriditasbeauty.com,vendor,,0
Vita 10 IV Therapy Denton,vita10therapy.com,,,yes,no_email,https://vita10therapy.com/contact-us,medspa,"tirzepatide, bpc-157, tb-500, nad+, ipamorelin, sermorelin",14
Vital Care of West Chester,vitalcarecincy.com,,,yes,no_email,https://vitalcarecincy.com/contact,vendor,,0
Vital Care NC,vitalcarenc.com,info@vitalcarenc.com,info@vitalcarenc.com,yes,no_peptides,https://vitalcarenc.com,medspa,,0
Vital Glow Wellness LLC,vitalglowellness.com,,,yes,no_email,https://vitalglowellness.com,medspa,GLP-1 weight loss peptides,2
Concierge Medical Spa &amp; IV Hydration,vitalglowmedicalspa.com,,,,unreachable,,,,
Vital Health Integrative Medicine,vitalhealthim.com,,,,no_email,https://vitalhealthim.com,vendor,,0
Renew Vitality,vitalityhrt.com,,,,no_email,,vendor,,0
Vitality Hydration,vitalityhydrationsa.com,,,,no_email,,vendor,,0
Vitality Wellness Center,vitalityidaho.com,,,,no_email,,vendor,,0
Vitality PDX,vitalitypdx.myaestheticrecord.com,,,,no_email,https://vitalitypdx.myaestheticrecord.com,vendor,,0
IV and Vitamin Infusion Therapy,vitalitypluswellnesscenter.com,,,yes,no_email,https://vitalitypluswellnesscenter.com,vendor,,1
Vitality Aesthetics,vitalitysandiego.com,team@vitalitysandiego.com,team@vitalitysandiego.com,yes,no_peptides,https://vitalitysandiego.com,medspa,,0
Vitality IV Therapy,vitalitytulsa.com,,,yes,no_email,https://vitalitytulsa.com,medspa,,0
VITAL Lifestyle Med-Spa,vitallifestylemed-spa.square.site,,,,no_email,https://vitallifestylemed-spa.square.site,vendor,,0
Vitall Advanced Medicine,vitallmed.com,,,,no_email,,vendor,,0
"Maine Medical Center Outpatient Iv Therapy: Scarborough, ME",vitals.com,,,,unreachable,,,,
VitaLuxx Med Spa,vitaluxxmedspa.com,,,,unreachable,,,,
Vita Nova Ketamine &amp; Wellness Clinic,vitanovawellnessclinic.com,,,,no_email,,vendor,,0
Vita Waters IV Hydration &amp; Wellness,vitawatersiv.com,,,,unreachable,,,,
Viva Care Solutions,vivacaresolutions.com,,,yes,no_email,https://vivacaresolutions.com,medspa,,1
Vivre Mobile Infusions,vivreinfusions.com,,,,no_email,https://vivreinfusions.com,vendor,,0
V &amp; Co.,vnco.studio,,,yes,no_email,https://vnco.studio,medspa,"nad+, glutathione",2
Volure,voluremedspa.com,,,,unreachable,,,,
People&#x27;s Health &amp; Wellness Clinic,vtfreeclinics.org,,,yes,no_email,https://vtfreeclinics.org,medspa,,0
Cedar Road Detox Facility,wabanakiphw.org,hello@wabanakiphw.org,hello@wabanakiphw.org; cedarroad@wabanakiphw.org; thehealinglodge@wabanakiphw.org; lwaycott@wabanakiphw.org,yes,no_peptides,https://wabanakiphw.org,vendor,,0
"Preston Ward, MD",wardinstitute.com,,,,no_email,https://wardinstitute.com,medspa,,0
Waukesha NAD+ Center,waukesha.nad-iv-therapy.com,,,,unreachable,,,,
Hydrate IV Bar Cypress,wbq.clg.temporary.site,,,,unreachable,,,,
Prime IV Hydration Weston,web.miramarpembrokepines.org,info@miramarpembrokepines.org,info@miramarpembrokepines.org,yes,no_peptides,https://web.miramarpembrokepines.org,vendor,,0
"IV Hydration Therapy in Southlake, TX",web2.myaestheticspro.com,,,yes,no_email,https://web2.myaestheticspro.com,medspa,,0
"We Care Behavioral Health, LLC",wecarebhp.com,info@wecarebhp.com,info@wecarebhp.com,yes,no_peptides,https://wecarebhp.com,medspa,,0
Evergreen Integrated Medicine,weence.com,,,yes,no_email,https://weence.com,medspa,,0
Wei Aesthetic Institute,weiaestheticinstitute.com,,,yes,no_email,https://weiaestheticinstitute.com,medspa,,1
Primary Hydration,weightloss411.com,,,,unreachable,,,,
The Weights Over,weights-over.com,,,yes,no_email,https://weights-over.com,vendor,glutathione,3
IV Therapy Services in Albuquerque New Mexico,well-viahealth.com,,,,unreachable,,,,
Perlman Wellness,wellness.perlmanclinic.com,,,,no_email,,vendor,,0
J&#x27;esthetics Medical Spa,wellnessliving.com,sales@wellnessliving.com,sales@wellnessliving.com,yes,no_peptides,https://wellnessliving.com,medspa,,0
Find Trusted Mobile IV Therapy Providers Near You,wellnessmobileiv.com,,,,no_email,https://wellnessmobileiv.com,medspa,,1
Montana Whole Health,wellspring.mikado-themes.com,,,,no_email,https://wellspring.mikado-themes.com,vendor,,0
Wellspring,wellspringmaine.com,,,yes,no_email,https://wellspringmaine.com,vendor,,0
Wellstream IV,wellstreamiv.com,,,,unreachable,,,,
Refresh Your Soul,wendysebastian.com,,,yes,no_email,https://wendysebastian.com,medspa,,0
Medical Wellness by Pain West,wereviveyou.com,,,yes,no_email,https://wereviveyou.com,medspa,semaglutide,7
WestCoast IV Therapy,westcoastiv.com,,,yes,no_email,https://westcoastiv.com,medspa,"semaglutide, tirzepatide, nad+, glutathione",11
IV Hydration Therapy,westernwellnessaesthetics.myaestheticrecord.com,,,,no_email,https://westernwellnessaesthetics.myaestheticrecord.com,medspa,,0
Ohio State Infusion Outpatient Care Dublin,wexnermedical.osu.edu,,,yes,no_email,https://wexnermedical.osu.edu,medspa,,0
Wilcox Pharmacy Option Care Services,wilcoxpharmacy.com,,,yes,no_email,https://wilcoxpharmacy.com,medspa,,0
Wildflower Aesthetics and Wellness Medspa,wildflowermedspa.com,,,,no_email,https://wildflowermedspa.com,vendor,,0
Within Center,within.center,,,yes,no_email,https://within.center,vendor,,0
W Iv Drips,wivdrips.com,,,,unreachable,,,,
"IV Therapy Clinic in Alpharetta, GA",wp04-media.cdn.ihealthspot.com,,,yes,no_email,https://wp04-media.cdn.ihealthspot.com,medspa,,0
Oasis Med Spa at WSNM,wsnmmedspa.com,,,yes,no_email,https://wsnmmedspa.com,medspa,,1
Prime IV Hydration &amp; Wellness,yastatic.net,,,,no_email,https://yastatic.net,vendor,,0
Hoit Unit,ynhhs.org,,,,unreachable,,,,
"ARIZONA IV SOLUTIONS, LLC",yocale.com,info@yocale.com,info@yocale.com; support@yocale.com,yes,no_peptides,https://yocale.com,medspa,,0
Yofi Aesthetics,yofimedspa.myaestheticrecord.com,,,,no_email,https://yofimedspa.myaestheticrecord.com,vendor,,0
You Beauty Lounge,youbeautylounge.com,,,,no_email,,vendor,,0
Young Naturopathic Center for Wellness,youngwellnesscenter.com,,,yes,no_email,https://youngwellnesscenter.com,medspa,"semaglutide, tirzepatide, nad+, sermorelin, pt-141, glutathione",19
Younique Medical Spa,youniquemedicalspa.me,,,yes,no_email,https://youniquemedicalspa.me,medspa,"semaglutide, tirzepatide, nad+, glutathione",12
You….Only Better,youonlybetterkc.com,lblack068@hotmail.com,lblack068@hotmail.com,yes,already known,https://youonlybetterkc.com,medspa,"tirzepatide, nad+",3
Pohala Clinic PC,z4-rpw.phreesia.net,,,,unreachable,,,,
Zonova Aesthetics,zonovaaesthetics.com,info@zonovaaesthetics.com,info@zonovaaesthetics.com,yes,no_peptides,https://zonovaaesthetics.com,medspa,,0
