vendor,domain,email,all_emails,us_signal,status,evidence_url,audience,peptides,peptide_hits
1020 Wellness,1020wellness.com,info@1020wellness.com,info@1020wellness.com,yes,ok,https://1020wellness.com,medspa,,1
417 Refine Springfield,417-refine.com,jen@417refine.com,jen@417refine.com,yes,ok,https://417-refine.com,medspa,"semaglutide, retatrutide, bpc-157, tb-500, nad+, ipamorelin",18
"Behr Laser &#038; Skin Care Center, Fresno",435skin.com,behrderm@435skin.com,behrderm@435skin.com,yes,ok,https://435skin.com,medspa,GLP-1 weight loss peptides,3
AAI Rejuvenation Clinic,aaiclinics.com,info@aaiclinics.com,info@aaiclinics.com,yes,ok,https://aaiclinics.com,medspa,,2
Anti-Aging Medical Solutions,aamsh.com,support@aamsh.com,support@aamsh.com; aams.health@gmail.com,yes,ok,https://aamsh.com,medspa,GLP-1 weight loss peptides,2
"Abella Aesthetics, Plymouth",abellaaesthetics.com,medspa@abellaaesthetics.com,medspa@abellaaesthetics.com,yes,ok,https://abellaaesthetics.com,medspa,"semaglutide, tirzepatide, glutathione",8
"Faces Cosmetic Surgery and Med Spa, Tucson",aboutfacescosmetic.com,info@aboutfacescosmetic.com,info@aboutfacescosmetic.com,yes,ok,https://aboutfacescosmetic.com,medspa,semaglutide,4
Absolute Hormone,absolutehormone.com,absolutehormone@gmail.com,absolutehormone@gmail.com,yes,ok,https://absolutehormone.com,medspa,"semaglutide, ipamorelin, sermorelin, tesamorelin, cjc-1295, mots-c",16
Activ8 Health,activ8-health.com,annika@activ8-health.com,annika@activ8-health.com,yes,ok,https://activ8-health.com,medspa,"semaglutide, tirzepatide, nad+, sermorelin, glutathione",17
"ADP Med Services, Tucson",adpmedicalservices.com,adpmedicalservices@yahoo.com,adpmedicalservices@yahoo.com,yes,ok,https://adpmedicalservices.com,medspa,GLP-1 weight loss peptides,4
Advanced Skin Renewal,advancedskinrenewal.com,g.george@advancedskinrenewal.com,g.george@advancedskinrenewal.com,yes,ok,https://advancedskinrenewal.com,medspa,semaglutide,1
Advanced Weight Loss &amp; Wellness Alaska,advancedweightwellnessak.com,info@advancedweightwellnessak.com,info@advancedweightwellnessak.com,yes,ok,https://advancedweightwellnessak.com,medspa,GLP-1 weight loss peptides,2
Advanced Medical Wellness: Medical Wellness Spa,advmedwell.com,info@advmedwell.com,info@advmedwell.com,yes,ok,https://advmedwell.com,medspa,nad+,5
Aesthetically You and Weight Loss Too,aestheticallyyoumedspa.glossgenius.com,fitandsnatched2@gmail.com,fitandsnatched2@gmail.com,yes,ok,https://aestheticallyyoumedspa.glossgenius.com,medspa,"semaglutide, tirzepatide, pt-141, glutathione",7
Age-Undefined Aesthetics,age-undefined.com,scott@age-undefined.com,scott@age-undefined.com,yes,ok,https://age-undefined.com,vendor,"dsip, kpv",6
Ageless Forever,agelessforever.net,info@agelessforever.net,info@agelessforever.net,yes,ok,https://agelessforever.net,medspa,,4
Ageless Health Institute,agelesshealthinstitute.com,office@agelesshealthinstitute.com,office@agelesshealthinstitute.com; u003eoffice@agelesshealthinstitute.com,yes,ok,https://agelesshealthinstitute.com,medspa,GLP-1 weight loss peptides,4
Ageless Medical Spa,agelessmedicalspa.com,info@agelessmedicalspa.com,info@agelessmedicalspa.com,yes,ok,https://agelessmedicalspa.com,medspa,GLP-1 weight loss peptides,2
Ageless Pensacola,agelesspensacola.com,sylvia@agelesspensacola.com,sylvia@agelesspensacola.com,yes,ok,https://agelesspensacola.com,medspa,"semaglutide, tirzepatide",6
Ageless Vitality Center,agelessvitalitycenter.net,wellness@agelessvitalitycenter.net,wellness@agelessvitalitycenter.net,yes,ok,https://agelessvitalitycenter.net,medspa,GLP-1 weight loss peptides,7
"Natalie Teague, APRN, FNP-BC",agelesswellnessgroup.com,hello@agelesswellnessgroup.com,hello@agelesswellnessgroup.com; hello@agelesswellnessgroup.co,yes,ok,https://agelesswellnessgroup.com,medspa,"semaglutide, tirzepatide",6
Advanced Hormone Therapy and Wellness,ahtawellness.com,info@ahtawellness.com,info@ahtawellness.com,yes,ok,https://ahtawellness.com,medspa,,2
Aim Wellness Medical Spa,aimforchange.net,wellness@aimforchange.net,wellness@aimforchange.net,yes,ok,https://aimforchange.net,medspa,GLP-1 weight loss peptides,6
The Wellness Lounge,akwellnesslounge.com,hey@akwellnesslounge.com,hey@akwellnesslounge.com,yes,ok,https://akwellnesslounge.com/contact,medspa,,1
All In One Care Solutions Medical Center,allinonecaresolutions.com,info@allinonecaresolutions.com,info@allinonecaresolutions.com; marcos.ferrero001@gmail.com,yes,ok,https://allinonecaresolutions.com,medspa,"semaglutide, tirzepatide, nad+, glutathione",14
"Allure Laser &#038; Med Spa, Tinley Park",allurelasermedspa.com,allurelasermedspa@gmail.com,allurelasermedspa@gmail.com,yes,ok,https://allurelasermedspa.com,medspa,GLP-1 weight loss peptides,5
Allure Med Spa,alluremedspaep.com,alluremedspa.help@gmail.com,alluremedspa.help@gmail.com; allure.medspabeauty@gmail.com,yes,ok,https://alluremedspaep.com,medspa,glutathione,3
Alpha Rejuvenation,alpha-rejuvenation.com,experts@alpha-rejuvenation.com,experts@alpha-rejuvenation.com,yes,ok,https://alpha-rejuvenation.com,medspa,"retatrutide, bpc-157, tb-500, thymosin beta-4, nad+, ipamorelin",19
Alpine Glow &amp; Wellness,alpineglowandwellness.com,krystalkay@alpineglowandwellness.com,krystalkay@alpineglowandwellness.com,yes,ok,https://alpineglowandwellness.com,medspa,GLP-1 weight loss peptides,3
"Alpine Wellness Clinic, PLLC",alpinewellnessclinic.com,inquires@alpinewellnessclinic.com,inquires@alpinewellnessclinic.com,yes,ok,https://alpinewellnessclinic.com,medspa,nad+,3
AM Aesthetic Medicine,amaestheticmedicine.com,amaestheticmedicine@gmail.com,amaestheticmedicine@gmail.com,yes,ok,https://amaestheticmedicine.com,medspa,GLP-1 weight loss peptides,5
AM AESTHETICS AND WELLNESS,amaestheticsandwellness.com,info@amaestheticsandwellness.com,info@amaestheticsandwellness.com,yes,ok,https://amaestheticsandwellness.com,medspa,"semaglutide, tirzepatide",4
AMJ Weight Loss,amjweightloss.com,info@amjweightloss.com,info@amjweightloss.com,yes,ok,https://amjweightloss.com,medspa,"semaglutide, oxytocin",6
Amplify Wellness,amplifymywellness.com,admin@amplifymywellness.com,admin@amplifymywellness.com,yes,ok,https://amplifymywellness.com,medspa,,2
Anew You Medical Aesthetics and Total Wellness Center —,anewyousa.com,info@anewyousa.com,vip@anewyousa.com; info@anewyousa.com,yes,ok,https://anewyousa.com,medspa,"semaglutide, nad+",3
Anti -Aging Weight Loss Clinic,anti-agingweightlossclinic.com,info@anti-agingweightlossclinic.com,maria.gherman@anti-agingweightlossclinic.com; info@anti-agingweightlossclinic.com,yes,ok,https://anti-agingweightlossclinic.com,medspa,"semaglutide, tirzepatide",4
AntiAging Atlanta,antiagingatlanta.com,rsmith@antiagingatlanta.com,rsmith@antiagingatlanta.com,yes,ok,https://antiagingatlanta.com,medspa,"ipamorelin, sermorelin, ghrp-2",7
Anti-Aging Center,antiagingcenterorlando.com,alexrasheed.agency@gmail.com,alexrasheed.agency@gmail.com; epsoglobals@gmail.com,yes,ok,https://antiagingcenterorlando.com,medspa,glutathione,3
"Alex Golbor, M.D., ABAARM Anti-Aging Center",antiagingdoctor4u.com,antiagingdoctor4u@gmail.com,antiagingdoctor4u@gmail.com,yes,ok,https://antiagingdoctor4u.com,medspa,,1
Miami Anti-Aging Institute,antiagingmiami.com,info@antiagingmiami.com,info@antiagingmiami.com; u003einfo@antiagingmiami.com,yes,ok,https://antiagingmiami.com,medspa,,3
Apex Health Iowa,apexhealthiowa.com,providers@apexhealthiowa.com,providers@apexhealthiowa.com,yes,ok,https://apexhealthiowa.com,medspa,semaglutide,4
"APHRODITE LASER SKINCARE, Los Angeles",aphroditelaserskincare.com,info@aphroditelaserskincare.com,info@aphroditelaserskincare.com,yes,ok,https://aphroditelaserskincare.com,medspa,,1
Apollo Wellness,apollowellnessmiami.com,info@apollowellnessmiami.com,info@apollowellnessmiami.com,yes,ok,https://apollowellnessmiami.com,medspa,"bpc-157, nad+, sermorelin, tesamorelin, cjc-1295, ghk-cu",12
Arctic Rose Wellness,arcticrosewellness.com,hello@arcticrosewellness.com,hello@arcticrosewellness.com,yes,ok,https://arcticrosewellness.com,medspa,"semaglutide, tirzepatide",5
Arete Nashville,arete-wellness.com,nashville@arete-wellness.com,nashville@arete-wellness.com,yes,ok,https://arete-wellness.com,medspa,"thymosin alpha-1, nad+",4
"Alamo Ranch Laser Aesthetics, San Antonio",arla-sa.com,alamoranchlaseraesthetics.arim@gmail.com,alamoranchlaseraesthetics.arim@gmail.com; arim@gmail.com,yes,ok,https://arla-sa.com,medspa,semaglutide,3
Ascent Trim &amp; Wellness,ascenttrim.com,info@ascenttrim.com,info@ascenttrim.com,yes,ok,https://ascenttrim.com,vendor,"nad+, sermorelin, ghk-cu, glutathione, semaglutide",12
Aterna wellness,aternawellness.com,info@aternawellness.com,info@aternawellness.com,yes,ok,https://aternawellness.com,medspa,GLP-1 weight loss peptides,3
"Auburn Direct Primary Care, Auburn",auburndpc.com,info@auburndpc.com,info@auburndpc.com,yes,ok,https://auburndpc.com,medspa,"nad+, sermorelin",7
"Ave Medical Laser Spa, Sioux City",avemedspa.com,askave@avemedspa.com,askave@avemedspa.com,yes,ok,https://avemedspa.com,medspa,"semaglutide, tirzepatide",4
"Aziz Medical Center, Palatine",azizfmc.com,azizfmc2@gmail.com,azizfmc2@gmail.com,yes,ok,https://azizfmc.com,medspa,"semaglutide, tirzepatide",4
Balanced Wellness,balanced-wellness.com,info@balancedwellness.online,info@balancedwellness.online,yes,ok,https://balanced-wellness.com,medspa,GLP-1 weight loss peptides,5
Balanced Bodies Anti Aging,balancedbodiesantiaging.com,support@balancedbodiesantiaging.com,support@balancedbodiesantiaging.com,yes,ok,https://balancedbodiesantiaging.com,medspa,"semaglutide, tirzepatide, nad+, glutathione",18
"Balanced Health Clinic of Nebraska, LLC",balancedhealthclinicne.com,balancedhealthne@gmail.com,balancedhealthne@gmail.com,yes,ok,https://balancedhealthclinicne.com,medspa,,4
"Balanced Rejuvenation Integrative Medical Center, PLLC —",balancedrejuvenationmed.com,deskfront01@gmail.com,deskfront01@gmail.com,yes,ok,https://balancedrejuvenationmed.com,medspa,,1
Balance &amp; Restore Wellness,balancerestorewellness.com,lyndsay@balancerestorewellness.com,lyndsay@balancerestorewellness.com,yes,ok,https://balancerestorewellness.com,medspa,"semaglutide, tirzepatide",9
"Florida Bariatric And Plastic Surgery MD, Fort Lauderdale",bariatricandplasticsurgery.com,barplasurgery@gmail.com,barplasurgery@gmail.com,yes,ok,https://bariatricandplasticsurgery.com,medspa,"semaglutide, tirzepatide, bpc-157, tb-500, nad+, sermorelin",23
"Bayview Pharmacy, Warwick",bayviewrx.com,info@bayviewrx.com,info@bayviewrx.com,yes,ok,https://bayviewrx.com,medspa,"semaglutide, oxytocin",9
The Beauty Lounge Medical Wellness Spa,beautyloungeportorange.com,beautyloungeportorange@gmail.com,beautyloungeportorange@gmail.com,yes,ok,https://beautyloungeportorange.com,medspa,"semaglutide, tirzepatide, nad+",5
"Beauty Within Medspa, Manteca",beautywithinmedspa.com,info@beautywithinmedspa.com,info@beautywithinmedspa.com; frontdesk@beautywithinmedspa.com; morganhill@beautywithinmedspa.com,yes,ok,https://beautywithinmedspa.com/about,medspa,"semaglutide, bpc-157, tb-500, ipamorelin, tesamorelin, cjc-1295",16
"Begin Anew Med, Jupiter",beginanewmed.com,rey@beginanewmed.com,rey@beginanewmed.com,yes,ok,https://beginanewmed.com,medspa,"semaglutide, tirzepatide, bpc-157, nad+, ipamorelin, sermorelin",14
"Belle Vie Of Oklahoma, Moore",bellevieok.com,info@bellevieok.com,info@bellevieok.com,yes,ok,https://bellevieok.com,medspa,semaglutide,5
Benbrook Health+Hormones,benbrookhealth.com,info@benbrookhealth.com,info@benbrookhealth.com,yes,ok,https://benbrookhealth.com,medspa,"bpc-157, tb-500, nad+, ipamorelin, sermorelin, cjc-1295",11
Best Life Bariatrics and Medical Weight Loss: Leslie Pristas,bestlifebariatrics.com,lesliepristas@bestlifebariatrics.com,lesliepristas@bestlifebariatrics.com,yes,ok,https://bestlifebariatrics.com,medspa,"semaglutide, tirzepatide",10
Lloyd Stegemann,betterweighcenter.com,drs@betterweighcenter.com,drs@betterweighcenter.com,yes,ok,https://betterweighcenter.com,medspa,"semaglutide, tirzepatide",11
"Jennifer Foxworth, APRN, FNP-C",bewhole.com,info@bewhole.com,receptionist@bewhole.com; info@bewhole.com,yes,ok,https://bewhole.com,medspa,GLP-1 weight loss peptides,6
Beyond Aesthetics,beyondaestheticslbk.com,appointments@beyondaestheticslbk.com,appointments@beyondaestheticslbk.com,yes,ok,https://beyondaestheticslbk.com,medspa,"semaglutide, tesamorelin",5
Beyoutiful Anti-Aging Studio,beyoutifulantiaging.com,info@beyoutifulantiaging.com,info@beyoutifulantiaging.com,yes,ok,https://beyoutifulantiaging.com,medspa,"semaglutide, tirzepatide",9
BioEnve,bioenve.com,bioenve1038@yahoo.com,bioenve1038@yahoo.com,yes,ok,https://bioenve.com,medspa,"semaglutide, tirzepatide",7
Biolite Wellness,biolitewellness.com,concierge@biolitewellness.com,concierge@biolitewellness.com,yes,ok,https://biolitewellness.com,medspa,"semaglutide, tirzepatide, nad+",13
"BioLounge, Portland",bioloungepdx.com,info@bioloungepdx.com,info@bioloungepdx.com,yes,ok,https://bioloungepdx.com,medspa,,3
BioMetrix,biometrixlife.com,arivas@biometrixlife.com,arivas@biometrixlife.com,yes,ok,https://biometrixlife.com,medspa,"retatrutide, bpc-157, tb-500, nad+, ipamorelin, sermorelin",22
Biotwin Weight Loss &amp; Bioidentical Hormone Therapy,biotwinweightloss.com,info@biotwinweightloss.com,info@biotwinweightloss.com,yes,ok,https://biotwinweightloss.com,medspa,GLP-1 weight loss peptides,3
"Blurred Lines Beauty LLC, Canton",blurredlinesbeautycanton.com,blurredlinesbeauty20@gmail.com,blurredlinesbeauty20@gmail.com,yes,ok,https://blurredlinesbeautycanton.com,medspa,glutathione,1
BodyLogicMD of Orlando,bodylogicmd.fit,wellness@bodylogicmd.com,wellness@bodylogicmd.com,yes,ok,https://bodylogicmd.fit,vendor,,1
Body Lounge Park Cities,bodyloungeparkcities.com,info@bodyloungeparkcities.com,info@bodyloungeparkcities.com,yes,ok,https://bodyloungeparkcities.com,medspa,GLP-1 weight loss peptides,8
Boundless Vitality,boundlessvitalityinc.com,enchance@boundlessvitalityinc.com,enchance@boundlessvitalityinc.com; enhance@boundlessvitalityinc.com,yes,ok,https://boundlessvitalityinc.com,medspa,GLP-1 weight loss peptides,5
Breen Center for Optimal Health,breencenter.com,info@breencenter.com,info@breencenter.com; cat@breencenter.com,yes,ok,https://breencenter.com,medspa,sermorelin,4
BrightBody Weight Loss Center,brightbody.janeapp.com,info@brightbody.com,info@brightbody.com,yes,ok,https://brightbody.janeapp.com,medspa,,1
skinologie,broussardfamilypractice.com,staff@broussardfamilypractice.com,staff@broussardfamilypractice.com,yes,ok,https://broussardfamilypractice.com,medspa,GLP-1 weight loss peptides,6
Buffalo Regenerative Medicine,buffaloregenerativemed.com,info@buffaloregenerativemed.com,info@buffaloregenerativemed.com,yes,ok,https://buffaloregenerativemed.com,medspa,"semaglutide, bpc-157, ipamorelin, mots-c, ghk-cu",10
"Caring for the Body, PLLC",caringforthebody.org,help@caringforthebody.org,help@caringforthebody.org,yes,ok,https://caringforthebody.org,medspa,,2
Carolina Physicians Weight Loss,carolinaphysiciansweightloss.com,nurse@carolinaphysiciansweightloss.com,nurse@carolinaphysiciansweightloss.com,yes,ok,https://carolinaphysiciansweightloss.com,vendor,semaglutide,1
CASTELLANO HEALTH INSTITUTE-TESTOSTERONE,castellanomd.com,info@castellanomd.com,info@castellanomd.com,yes,ok,https://castellanomd.com,medspa,GLP-1 weight loss peptides,9
Center For Youthful Aging,centerforyouthfulaging.com,info@centerforyouthfulaging.com,info@centerforyouthfulaging.com,yes,ok,https://centerforyouthfulaging.com,medspa,,2
"Midwest Medical, Weight Loss &#038; Aesthetics LLC, Orland Park",chicagolandweightloss.com,deanna@chicagolandweightloss.com,deanna@chicagolandweightloss.com,yes,ok,https://chicagolandweightloss.com,medspa,GLP-1 weight loss peptides,8
Healthy Habits Wellness Clinic,chiro.healthyhabitswc.com,info@healthyhabitswc.com,info@healthyhabitswc.com,yes,ok,https://chiro.healthyhabitswc.com,medspa,"semaglutide, tirzepatide",7
"Charleston Hormone Services (CHS), Mount Pleasant",chshormone.com,patients@chshormone.com,patients@chshormone.com,yes,ok,https://chshormone.com,medspa,,2
"Clark Wellness, Functional Medicine, Weight loss and IV",clarkwellnesstx.com,info@clarkwellnesstx.com,info@clarkwellnesstx.com,yes,ok,https://clarkwellnesstx.com,medspa,GLP-1 weight loss peptides,4
Clinical Nutrition Center,clinicalnutritioncenter.com,info@clinicalnutritioncenter.com,info@clinicalnutritioncenter.com,yes,ok,https://clinicalnutritioncenter.com,medspa,"semaglutide, tirzepatide, retatrutide, liraglutide",16
Colorado Optimal Health North,cohnorth.com,info@cohnorth.com,info@cohnorth.com,yes,ok,https://cohnorth.com,medspa,"semaglutide, tirzepatide, nad+",4
Contemporary Health Center,contemporaryhealthcenter.com,info@contemporaryhealthcenter.com,info@contemporaryhealthcenter.com,yes,ok,https://contemporaryhealthcenter.com,medspa,"bpc-157, thymosin beta-4, thymosin alpha-1, ipamorelin, sermorelin, tesamorelin",26
"Colette Nelson, FNP-C, RD, RN, CDCES, AAFE",contourbycolette.com,contourbycolette@gmail.com,contourbycolette@gmail.com,yes,ok,https://contourbycolette.com,medspa,GLP-1 weight loss peptides,5
Testosterone and TRT Therapy at Coral Gables Wellness,coral-gables-fl.testosterone-center.com,info@testosterone-center.com,info@testosterone-center.com,yes,ok,https://coral-gables-fl.testosterone-center.com,medspa,semaglutide,3
Cordova Weight Loss,cordovaweightloss.com,cordovaweightloss@gmail.com,cordovaweightloss@gmail.com; johnbillsmd@aol.com,yes,ok,https://cordovaweightloss.com,medspa,"semaglutide, tirzepatide",13
Cosmo Health Resolution,cosmohealthresolution.com,anewyou@cosmohealthresolution.com,anewyou@cosmohealthresolution.com,yes,ok,https://cosmohealthresolution.com,medspa,"semaglutide, tirzepatide, bpc-157, nad+, tesamorelin, cjc-1295",14
Cryo Slim Solutions,cryoslimsolutions.com,support@cryoslimsolutions.com,support@cryoslimsolutions.com,yes,ok,https://cryoslimsolutions.com,medspa,"semaglutide, tirzepatide, bpc-157, tb-500, nad+, ipamorelin",22
Dajjesa,dajjesa.com,info@dajjesa.com,info@dajjesa.com,yes,ok,https://dajjesa.com,medspa,nad+,7
DALLAS HEALTH AND WELLNESS CLINIC,dallashwclinic.com,admin@dallashwclinic.com,admin@dallashwclinic.com,yes,ok,https://dallashwclinic.com,medspa,semaglutide,2
De-Senesce Longevity and Wellness,de-senesce.com,info@desenesce.com,info@desenesce.com,yes,ok,https://de-senesce.com,medspa,GLP-1 weight loss peptides,6
Defy Medical,defymedical.com,care@defymedical.com,care@defymedical.com,yes,ok,https://defymedical.com,medspa,"semaglutide, tirzepatide, pt-141, oxytocin",8
"Deja Vu Medspa, Goodyear",dejavumedspa.com,info@dejavumedspa.com,info@dejavumedspa.com,yes,ok,https://dejavumedspa.com,medspa,,3
DFW Medi Weight Loss Clinic,dfwmediclinic.com,info@dfwmediclinic.com,info@dfwmediclinic.com,yes,ok,https://dfwmediclinic.com,medspa,"semaglutide, tirzepatide, retatrutide, nad+, glutathione",9
Diabetes &amp; Thyroid Metabolic Clinic,diabetesthyroid.clinic,info@diabetesthyroid.com,info@diabetesthyroid.com; info@diabetesthyroid.clinic,yes,ok,https://diabetesthyroid.clinic,medspa,GLP-1 weight loss peptides,4
Diamond Medical Weight Control and Wellness Center,diamondweightcontrol.com,info@diamondweightcontrol.com,diamondweightcontrol@gmail.com; info@diamondweightcontrol.com,yes,ok,https://diamondweightcontrol.com,medspa,"semaglutide, tirzepatide",9
dietMD Hawaii,dietmdhawaii.net,info@dietmdhawaii.com,info@dietmdhawaii.com; info@dietmdhawaii.net,yes,ok,https://dietmdhawaii.net,medspa,GLP-1 weight loss peptides,3
"Different Approach Wellness Center, Southfield",differentapproachwellnesscenter.com,tradney@differentapproachwellnesscenter.com,tradney@differentapproachwellnesscenter.com,yes,ok,https://differentapproachwellnesscenter.com,medspa,"semaglutide, tirzepatide",7
DNA Health &amp; Wellness,dnahealthco.com,andre@dnahealthco.com,andre@dnahealthco.com,yes,ok,https://dnahealthco.com,medspa,nad+,4
"Vitaminise Wellnest Clinic: Elizabeth Henson, APRN",docsbyandvitaminise.com,docsby.fnp@gmail.com,docsby.fnp@gmail.com,yes,ok,https://docsbyandvitaminise.com,medspa,"semaglutide, tirzepatide, glutathione",6
Drip Alchemy NYC,dripalchemynyc.com,hello@dripalchemynyc.com,hello@dripalchemynyc.com,yes,ok,https://dripalchemynyc.com,medspa,"nad+, sermorelin, ghk-cu, glutathione",7
DripTide Wellness St Pete,driptide.com,info@driptide.com,info@driptide.com,yes,ok,https://driptide.com,medspa,"semaglutide, tirzepatide, sermorelin, glutathione",8
"Michele Martin-Jones, MD",drmichelemartin-jones.com,mmartin.jonesoffice@yahoo.com,mmartin.jonesoffice@yahoo.com,yes,ok,https://drmichelemartin-jones.com,medspa,GLP-1 weight loss peptides,3
DR. VIGOR,drvigor.com,team@drvigor.com,team@drvigor.com,yes,ok,https://drvigor.com,medspa,"semaglutide, tirzepatide, liraglutide, bpc-157, tb-500, thymosin beta-4",29
Dynamis Proper TRT &amp; Weight Loss Clinic,dynamisonline.com,help@dynamisonline.com,help@dynamisonline.com,yes,ok,https://dynamisonline.com,vendor,"semaglutide, tirzepatide, bpc-157, nad+, ipamorelin, sermorelin",24
Earth Angel Wellness,earthangelwellness.com,info@earthangelwellness.com,info@earthangelwellness.com,yes,ok,https://earthangelwellness.com,medspa,"semaglutide, tirzepatide, nad+",10
Eden Health,edenhealthutah.com,info@edenhealthutah.com,info@edenhealthutah.com,yes,ok,https://edenhealthutah.com,medspa,"semaglutide, tirzepatide",5
"Eden Aesthetics and Wellness, PLLC",edenmedspatexas.com,eden.medspa.abi@gmail.com,eden.medspa.abi@gmail.com,yes,ok,https://edenmedspatexas.com,medspa,"semaglutide, tirzepatide",8
Elevate Hydration Wellness Clinic,elevatehydration.org,info@elevatehydration.org,info@elevatehydration.org,yes,ok,https://elevatehydration.org,medspa,,3
Elevate Wellness at Keepsake Kottage,elevatewellnessks.com,elevatewellnessatkeepsake@gmail.com,elevatewellnessatkeepsake@gmail.com,yes,ok,https://elevatewellnessks.com,medspa,"semaglutide, tirzepatide, glutathione",13
EliTest Health,elitesthealth.com,support@elitesthealth.com,support@elitesthealth.com,yes,ok,https://elitesthealth.com,medspa,"semaglutide, tirzepatide",6
Elite Weight Loss Clinic,eliteweightlossclinic.com,jamie@eliteweightlossclinic.com,jamie@eliteweightlossclinic.com,yes,ok,https://eliteweightlossclinic.com,medspa,"semaglutide, tirzepatide, nad+, sermorelin",10
Elixyr Labs,elixyrlabs.com,info@elixyrlabs.com,info@elixyrlabs.com,yes,ok,https://elixyrlabs.com,medspa,"semaglutide, tirzepatide, bpc-157, tb-500, nad+, ipamorelin",17
"EllEve Med Spa, Los Angeles",ellevemedspa.com,contact@ellevemedspa.com,contact@ellevemedspa.com,yes,ok,https://ellevemedspa.com,medspa,"semaglutide, tirzepatide, nad+",6
Emerald Aesthetics Medical Spa,emeraldaestheticsfl.janeapp.com,jennifer@emeraldaestheticsfl.com,jennifer@emeraldaestheticsfl.com,yes,ok,https://emeraldaestheticsfl.janeapp.com,medspa,nad+,2
Empowering Wellness,empoweringwellnessict.com,info@empoweringwellnessict.com,info@empoweringwellnessict.com,yes,ok,https://empoweringwellnessict.com,medspa,"semaglutide, tirzepatide",8
Empower Men&#x27;s Health Clinic,empowermensclinic.com,info@empowermensclinic.com,info@empowermensclinic.com,yes,ok,https://empowermensclinic.com,medspa,,2
EndoSlim Clinic NY,endoslimclinic.com,info@endoslimclinic.com,info@endoslimclinic.com,yes,ok,https://endoslimclinic.com,medspa,"semaglutide, tirzepatide, retatrutide",12
"Energize Testosterone &#038; Wellness Center, O&#8217;Fallon",energize-wellness.com,contact@energize-wellness.com,contact@energize-wellness.com,yes,ok,https://energize-wellness.com,medspa,semaglutide,7
Energize Health and Hormones,energizehealthandhormones.com,info@energizehealthandhormones.com,info@energizehealthandhormones.com,yes,ok,https://energizehealthandhormones.com,medspa,GLP-1 weight loss peptides,2
Enhanced Wellness,enhancedwellnessderby.com,info@enhancedwellnessderby.com,info@enhancedwellnessderby.com,yes,ok,https://enhancedwellnessderby.com,medspa,"semaglutide, tirzepatide",13
Enhanced Wellness of New Mexico,enhancedwellnessnm.com,info@enhancedwellnessnm.com,info@enhancedwellnessnm.com,yes,ok,https://enhancedwellnessnm.com,medspa,"nad+, glutathione",4
"Enhanced Beauty &#038; Wellness, Goodyear",enhanceyourselfaz.com,info@enhanceyourselfaz.com,info@enhanceyourselfaz.com,yes,ok,https://enhanceyourselfaz.com,medspa,"semaglutide, tirzepatide, nad+, glutathione",10
ERA Metabolic Medicine (formerly Chix Beach Medical and,erametabolic.com,contact@erametabolic.com,contact@erametabolic.com,yes,ok,https://erametabolic.com,medspa,"semaglutide, tirzepatide",6
"Estrella Family Care and Aesthetics, Goodyear",estrellafamilycareandaesthetics.com,info@estrellafamilycareandaesthetics.com,info@estrellafamilycareandaesthetics.com,yes,ok,https://estrellafamilycareandaesthetics.com,medspa,"semaglutide, sermorelin, glutathione",7
"Etcetera Medical Weight Loss &#038; Med Spa, Philadelphia",etceteramedical.net,etceteramedical@gmail.com,etceteramedical@gmail.com,yes,ok,https://etceteramedical.net,medspa,"semaglutide, tirzepatide",9
Evolve Wellness and Health,evolvewellnessandhealth.com,info@evolvewellnessandhealth.com,info@evolvewellnessandhealth.com,yes,ok,https://evolvewellnessandhealth.com,medspa,,4
Fidelity Medical Clinic ®,fidelitymedicalclinic.com,fmc@fidelitymedicalclinic.com,fidelitymedicalclinic@gmail.com; fmc@fidelitymedicalclinic.com,yes,ok,https://fidelitymedicalclinic.com,medspa,"semaglutide, tirzepatide, sermorelin",10
Flowers’ Medical Group,flowersmedical.com,misty@flowersmedical.com,misty@flowersmedical.com,yes,ok,https://flowersmedical.com,medspa,,4
Family Medicine Clinic &amp; Center for Medical Weight Loss —,fmchh.com,fmchh@yahoo.com,fmchh@yahoo.com,yes,ok,https://fmchh.com,medspa,glutathione,6
"Full Circle Health and Wellness, Warner Robins",fullcirclehealthservices.org,fullcirclehealthservices9@gmail.com,fullcirclehealthservices9@gmail.com,yes,ok,https://fullcirclehealthservices.org,medspa,"semaglutide, tirzepatide, nad+, glutathione",10
Garcia Family Medicine &amp; Weight Loss Clinic,garciafamilymed.com,admin@garciafamilymed.com,admin@garciafamilymed.com,yes,ok,https://garciafamilymed.com,medspa,"semaglutide, tirzepatide",6
Geaux Drip IV Bar,geauxdripivbar.com,info@geauxdripivbar.com,info@geauxdripivbar.com,yes,ok,https://geauxdripivbar.com,vendor,"semaglutide, bpc-157, tb-500, ipamorelin, sermorelin, cjc-1295",12
Complete Medical Weight Loss Clinic,getthinrockhill.com,getthinrh@gmail.com,getthinrh@gmail.com,yes,ok,https://getthinrockhill.com,medspa,"semaglutide, tirzepatide",6
Zealthy,getzealthy.com,support@getzealthy.com,support@getzealthy.com,yes,ok,https://getzealthy.com,vendor,"semaglutide, tirzepatide",12
"Gigi Aesthetics, St. George",gigiaesthetics.us,gigiaesthetics@outlook.com,gigiaesthetics@outlook.com,yes,ok,https://gigiaesthetics.us,medspa,semaglutide,3
"Glam R Us Med Spa, Coconut Creek",glamrusmedspa.com,info@glamrusmedspa.com,info@glamrusmedspa.com,yes,ok,https://glamrusmedspa.com,medspa,"semaglutide, tirzepatide, nad+, glutathione",9
Glow Skin New York,glowskinnewyork.glossgenius.com,glowskinnewyork@gmail.com,glowskinnewyork@gmail.com,yes,ok,https://glowskinnewyork.glossgenius.com,medspa,,3
"Dr. Goldis Faghihi, ND, DC",goldiswellness.com,ehsan.zeh1@gmail.com,ehsan.zeh1@gmail.com,yes,ok,https://goldiswellness.com,medspa,"semaglutide, tirzepatide",13
Go Medical Clinic,gomedicalclinicllc.com,info.gomedicalclinic@gmail.com,info.gomedicalclinic@gmail.com,yes,ok,https://gomedicalclinicllc.com,medspa,semaglutide,1
Grateful Healthcare,gratefulhc.com,care@gratefulhc.com,care@gratefulhc.com,yes,ok,https://gratefulhc.com,medspa,semaglutide,3
Hale Men&#x27;s Clinic,halemensclinic.com,info@halemensclinic.com,info@halemensclinic.com,yes,ok,https://halemensclinic.com,medspa,"semaglutide, tirzepatide, bpc-157, tb-500, nad+, ipamorelin",11
Harmony Wellness Clinic,harmonywellnessclinic.com,info@harmonywellnessclinic.com,info@harmonywellnessclinic.com,yes,ok,https://harmonywellnessclinic.com,medspa,"nad+, sermorelin, pt-141, melanotan ii, melanotan i, glutathione",12
Haus of Well,hausofwell.com,info@hausofwell.com,info@hausofwell.com,yes,ok,https://hausofwell.com,medspa,"semaglutide, tirzepatide, glutathione",7
Healing Advanced Solutions Health Clinic,healingadvancedsolutions.com,info@healingadvancedsolutions.com,info@healingadvancedsolutions.com,yes,ok,https://healingadvancedsolutions.com,medspa,"semaglutide, tirzepatide, retatrutide, liraglutide, nad+, glutathione",20
Health Is Wealth Family Care by Brandy Manetta,healthiswealthfc.com,info@healthiswealthfc.com,info@healthiswealthfc.com,yes,ok,https://healthiswealthfc.com,medspa,,4
HealthyBody Spokane,healthyagingbody.com,info@healthyagingbody.com,info@healthyagingbody.com,yes,ok,https://healthyagingbody.com,medspa,sermorelin,3
PflegMed: Healthy by Dr. Jen,healthybydrjen.com,info@healthybydrjen.com,info@healthybydrjen.com,yes,ok,https://healthybydrjen.com,vendor,GLP-1 weight loss peptides,3
"Healthy Habits Wellness Clinic, Meridian",healthyhabitswc.com,info@healthyhabitswc.com,info@healthyhabitswc.com,yes,ok,https://healthyhabitswc.com,medspa,"semaglutide, tirzepatide",17
Healthy Hormones,healthyhormonescenter.com,healthyhormoneslutz@gmail.com,healthyhormoneslutz@gmail.com; healthyhormonesbrandon@gmail.com,yes,ok,https://healthyhormonescenter.com,medspa,,1
Physicians Premiere Weight &amp; Wellness Center,healthymeweightloss.com,info@healthymeweightloss.com,info@healthymeweightloss.com,yes,ok,https://healthymeweightloss.com,medspa,"semaglutide, tirzepatide, liraglutide",14
"Hello Health, Wellness and Hormones",hello-healthandwellness.com,danielle@hello-healthandwellness.com,danielle@hello-healthandwellness.com,yes,ok,https://hello-healthandwellness.com/about-us,medspa,GLP-1 weight loss peptides,5
Wellness MGT corp.,hgh.biz,info@hgh.biz,info@hgh.biz,yes,ok,https://hgh.biz,medspa,"sermorelin, ghrp-6",4
Holly Springs Functional Health &amp; Hormone Solutions,hollyspringshormones.com,info@hollyspringshormones.com,info@hollyspringshormones.com; clare@hollyspringshormones.com,yes,ok,https://hollyspringshormones.com,medspa,GLP-1 weight loss peptides,7
Hone Into Wellness,honeintowellness.com,honeintowellness@gmail.com,honeintowellness@gmail.com; jacquimolinarn@gmail.com,yes,ok,https://honeintowellness.com,medspa,"nad+, glutathione",8
Hormone Replacement Therapy Los Angeles,hormonereplacementtherapyla.com,info@hormonereplacementtherapyla.com,info@hormonereplacementtherapyla.com,yes,ok,https://hormonereplacementtherapyla.com,medspa,"bpc-157, ipamorelin, cjc-1295, oxytocin, semaglutide",11
Hormone Therapeutics,hormonetherapeutics.com,info@hormonetherapeutics.com,info@hormonetherapeutics.com; blog@hormonetherapeutics.com,yes,ok,https://hormonetherapeutics.com,medspa,sermorelin,4
Hotshots Healthcare LLC,hotshotshealthcarellc.com,info@hotshotshealthcarellc.com,info@hotshotshealthcarellc.com,yes,ok,https://hotshotshealthcarellc.com,medspa,,1
Hormone Replacement Therapy,hrt.org,info@hrt.org,info@hrt.org,yes,ok,https://hrt.org,medspa,"semaglutide, ipamorelin, sermorelin, cjc-1295, pt-141",10
The Hormone Connection,hrtconnection.com,info@hrtconnection.com,info@hrtconnection.com,yes,ok,https://hrtconnection.com,medspa,"semaglutide, tirzepatide, retatrutide, cagrilintide",8
Icon Health Spa,iconhealthspa.com,info@iconhealthspa.com,info@iconhealthspa.com,yes,ok,https://iconhealthspa.com,medspa,"semaglutide, nad+, glutathione",7
IDAHO CENTER FOR REGENERATIVE MEDICINE,icrmboise.com,frontdesk@icrmboise.com,frontdesk@icrmboise.com,yes,ok,https://icrmboise.com,medspa,"bpc-157, sermorelin, melanotan ii, melanotan i",6
Innovative Directions in Health,idinhealth.com,info@idinhealth.com,info@idinhealth.com,yes,ok,https://idinhealth.com,medspa,GLP-1 weight loss peptides,5
Ignite HRT,ignitehrt.com,info@ignitehrt.com,info@ignitehrt.com,yes,ok,https://ignitehrt.com,medspa,"semaglutide, tirzepatide",8
"Stamina Weight Loss, Testosterone &amp; ED Center",ineedstamina.com,info@ineedstamina.com,info@ineedstamina.com,yes,ok,https://ineedstamina.com,medspa,"semaglutide, tirzepatide, bpc-157, thymosin alpha-1, ipamorelin, sermorelin",18
Inner Path Naturopathic,innerpathnaturopathic.com,info@innerpathnaturopathic.com,info@innerpathnaturopathic.com,yes,ok,https://innerpathnaturopathic.com,medspa,,3
Innova Health &amp; Wellness,innovahealthwellness.com,contact@innovahealthwellness.com,contact@innovahealthwellness.com,yes,ok,https://innovahealthwellness.com,medspa,"semaglutide, tirzepatide, glutathione",14
Innovation Health Hormone Replacement,innovationhrt.com,info@innovationhrt.com,consults@innovationhrt.com; info@innovationhrt.com; buford@innovationhrt.com,yes,ok,https://innovationhrt.com,medspa,"semaglutide, tirzepatide, nad+, glutathione",12
"Integrated Therapy Solutions, PLLC, Owensboro",integratedowensboro.com,office@integratedowensboro.com,office@integratedowensboro.com,yes,ok,https://integratedowensboro.com,medspa,GLP-1 weight loss peptides,3
"IntegratIV Hydration, Lake Charles",integrativhydration.com,hello@integrativhydration.com,hello@integrativhydration.com,yes,ok,https://integrativhydration.com,vendor,,3
"Intellectual Medicine, Warwick",intellectualmedicine.com,hello@intellectualmedicine.com,hello@intellectualmedicine.com,yes,ok,https://intellectualmedicine.com,medspa,,1
InVita Wellness,invitacryonyc.com,info@invitacryonyc.com,book@invitacryonyc.com; info@invitacryonyc.com,yes,ok,https://invitacryonyc.com,medspa,"semaglutide, nad+, ipamorelin, sermorelin, tesamorelin, cjc-1295",12
InVita Health &amp; Wellness,invitahealthandwellnessomaha.com,invitawellnessomaha@outlook.com,invitawellnessomaha@outlook.com,yes,ok,https://invitahealthandwellnessomaha.com,medspa,GLP-1 weight loss peptides,8
IV Vitamin Therapy,ivvitamintherapy.com,info@ivvitamintherapy.com,info@ivvitamintherapy.com,yes,ok,https://ivvitamintherapy.com,medspa,"nad+, ipamorelin, tesamorelin, cjc-1295, ghrp-2, ghrp-6",13
Jamdung Wellness,jamdungwellness.com,md@jamdungwellness.com,md@jamdungwellness.com,yes,ok,https://jamdungwellness.com,medspa,"semaglutide, thymosin alpha-1, ipamorelin, semax, oxytocin",9
Jersey Medical Weight Loss Center,jerseymedweightloss.com,office@jerseymedweightloss.com,office@jerseymedweightloss.com,yes,ok,https://jerseymedweightloss.com,medspa,GLP-1 weight loss peptides,2
Jloo Beauty Experts,jloobeautyexperts.com,info@jloobeautyexperts.com,info@jloobeautyexperts.com; john.anderson@gmail.com,yes,ok,https://jloobeautyexperts.com,medspa,"semaglutide, tirzepatide, liraglutide, nad+, glutathione",10
Joy Health and Wellness,joyhealthkc.com,joyhealthkc@gmail.com,joyhealthkc@gmail.com,yes,ok,https://joyhealthkc.com,medspa,"semaglutide, tirzepatide, nad+, sermorelin",9
"Kalamazoo Rejuvenation, Kalamazoo",kalamazoorejuvenation.com,info@kalamazoorejuvenation.com,info@kalamazoorejuvenation.com,yes,ok,https://kalamazoorejuvenation.com,medspa,GLP-1 weight loss peptides,2
KC Biohackers,kcbiohackers.org,%20kcbiohackers@gmail.com,%20kcbiohackers@gmail.com; kcbiohackers@gmail.com,yes,ok,https://kcbiohackers.org,medspa,GLP-1 weight loss peptides,4
Kingsberg Medical Clinics,kingsbergmedical.com,info@kingsbergmedical.com,info@kingsbergmedical.com,yes,ok,https://kingsbergmedical.com,medspa,"semaglutide, ipamorelin, sermorelin",5
Optimal Health,knoxvilleoptimalhealth.com,info@knoxvilleoptimalhealth.com,info@knoxvilleoptimalhealth.com,yes,ok,https://knoxvilleoptimalhealth.com/contact,medspa,,3
"Aesthetically Yours, Kokomo",kokomomedspa.com,robin.aestheticallyyours@gmail.com,robin.aestheticallyyours@gmail.com,yes,ok,https://kokomomedspa.com,medspa,"semaglutide, tirzepatide, nad+, ghk-cu",12
Kyle Weight Loss and Medspa,kyleweightlossandmedspa.com,info@kyleweightlossandmedspa.com,info@kyleweightlossandmedspa.com; support@kyleweightlossandmedspa.com,yes,ok,https://kyleweightlossandmedspa.com,medspa,"semaglutide, tirzepatide",3
Lakeside Endocrine Associates,lakesideendocrine.com,info@lakesideendocrine.com,neime.givens@lakesideendocrine.com; clinical@lakesideendocrine.com; clinical2@lakesideendocrine.com; info@lakesideendocrine.com; frontdeskclerk@lakesideendocrine.com; billing.supervisor@lakesideendocrine.com; checkoutclerk@lakesideendocrine.com,yes,ok,https://lakesideendocrine.com,medspa,,1
LeanLife Wellness Center,leanlifemedicalclinic.com,info@leanlifemedicalclinic.com,info@leanlifemedicalclinic.com,yes,ok,https://leanlifemedicalclinic.com,medspa,"liraglutide, sermorelin",7
"Leawood Total Wellness (Medical Weight Loss, BHRT",leawoodtotalwellness.com,info@leawoodtotalwellness.com,info@leawoodtotalwellness.com,yes,ok,https://leawoodtotalwellness.com,medspa,GLP-1 weight loss peptides,5
Legacy Health Burnsville,legacyhrt.com,info@legacyhrt.com,info@legacyhrt.com,yes,ok,https://legacyhrt.com,medspa,"semaglutide, tirzepatide, nad+, glutathione",11
Lexington Wellness and Weight Loss,lexingtonwellnessandweightloss.janeapp.com,help@lexingtonwellnessandweightloss.com,help@lexingtonwellnessandweightloss.com,yes,ok,https://lexingtonwellnessandweightloss.janeapp.com,medspa,,1
LexMed &amp; Wellness,lexmedwellness.com,info@lexmedwellness.com,info@lexmedwellness.com,yes,ok,https://lexmedwellness.com,medspa,nad+,9
Gonzalez Orlando V MD,lifemod.com,info@lifemod.com,info@lifemod.com; chaunce@lifemod.com; ro@lifemod.com,yes,ok,https://lifemod.com,medspa,,2
Lifespan Wellness Group,lifespanwellnessfl.com,info@lifespanwellnessfl.com,info@lifespanwellnessfl.com; kpontrelli@lifespanwellnessfl.com,yes,ok,https://lifespanwellnessfl.com,medspa,GLP-1 weight loss peptides,6
"Lifestyle Care, LLC",lifestylecaredirect.com,lifestylecaredpc@gmail.com,lifestylecaredpc@gmail.com,yes,ok,https://lifestylecaredirect.com,medspa,"semaglutide, tirzepatide",4
"Lifestyle Health and Wellness, Dubuque",lifestylewellnessdbq.com,office@lifestylewellnessdbq.com,krista@lifestylewellnessdbq.com; office@lifestylewellnessdbq.com,yes,ok,https://lifestylewellnessdbq.com/contact-us,vendor,GLP-1 weight loss peptides,2
Louisiana Medical Group,lmgmedicine.com,info@lmgmedicine.com,info@lmgmedicine.com,yes,ok,https://lmgmedicine.com,medspa,GLP-1 weight loss peptides,3
"Logos Health, Gastonia",logoshealth.org,info@logoshealth.org,info@logoshealth.org,yes,ok,https://logoshealth.org,medspa,GLP-1 weight loss peptides,4
Kingsberg Medical Clinic,los-angeles.kingsbergmedical.com,info@kingsbergmedical.com,info@kingsbergmedical.com,yes,ok,https://los-angeles.kingsbergmedical.com,medspa,"ipamorelin, sermorelin",4
Bellaire Beauty and Weight Loss Center,loseweightgainbeauty.com,riveroaksweightloss@gmail.com,riveroaksweightloss@gmail.com; bellaireweightloss@gmail.com,yes,ok,https://loseweightgainbeauty.com,medspa,"semaglutide, tirzepatide",10
Lotus Wellness and MedSpa,lotuswellnessmedspa.com,info@lotuswellnessmedspa.com,info@lotuswellnessmedspa.com,yes,ok,https://lotuswellnessmedspa.com,medspa,"semaglutide, tirzepatide, nad+",6
Love Clinic &amp; Med Spa,loveclinicmedspa.com,info@loveclinicmedspa.com,info@loveclinicmedspa.com,yes,ok,https://loveclinicmedspa.com,medspa,"semaglutide, tirzepatide, bpc-157, epithalon, glutathione",13
Luxury Lounge Aesthetics &amp; IV Wellness,luxuryloungelbk.janeapp.com,office@luxuryloungelbk.com,office@luxuryloungelbk.com; noffice@luxuryloungelbk.com,yes,ok,https://luxuryloungelbk.janeapp.com,medspa,GLP-1 weight loss peptides,2
"Mabry Medical, Springdale",mabrymedical.com,mabrymedical@gmail.com,mabrymedical@gmail.com,yes,ok,https://mabrymedical.com,medspa,"semaglutide, tirzepatide, sermorelin",11
Madison Health NY,madisonhealthny.com,info@madisonhealthny.com,info@madisonhealthny.com,yes,ok,https://madisonhealthny.com,medspa,GLP-1 weight loss peptides,3
Maeve Wellness,maevewell.com,info@maevewell.com,info@maevewell.com,yes,ok,https://maevewell.com,medspa,"semaglutide, tirzepatide",7
Male Excel,maleexcel.com,support@maleexcel.com,support@maleexcel.com; hr@maleexcel.com,yes,ok,https://maleexcel.com,medspa,"semaglutide, tirzepatide, nad+, kpv",9
"Marcos Medical, San Antonio",marcosmedical.com,frontdesk@marcosmedical.wpengine.com,frontdesk@marcosmedical.wpengine.com; frontdesk@marcosmedical.com; wellness@marcosmedical.com,yes,ok,https://marcosmedical.com,medspa,GLP-1 weight loss peptides,3
Essential Health,margotoms.com,info@margotoms.com,info@margotoms.com,yes,ok,https://margotoms.com,medspa,GLP-1 weight loss peptides,3
Marina Bachurina M.D.,marigevityhealth.com,drbachurina@marigevityhealth.com,drbachurina@marigevityhealth.com,yes,ok,https://marigevityhealth.com,medspa,semaglutide,3
Maxlife,maxlife.com,cs@maxlife.com,cs@maxlife.com; hi@maxlife.com; hq@maxlife.com,yes,ok,https://maxlife.com,medspa,"semaglutide, tirzepatide",8
MC Wellness and Aesthetics,mcwellnessandaesthetics.com,mcwellnessclinic@gmail.com,mcwellnessclinic@gmail.com,yes,ok,https://mcwellnessandaesthetics.com,medspa,GLP-1 weight loss peptides,4
MD Weight Loss,md-weightloss.com,info@md-weightloss.com,info@md-weightloss.com,yes,ok,https://md-weightloss.com,medspa,"nad+, sermorelin, ghk-cu",6
MD Esthetics Norfolk,mdestheticsus.com,info@mdestheticsus.com,info@mdestheticsus.com,yes,ok,https://mdestheticsus.com,medspa,"semaglutide, nad+",4
Maryland Integrative Medicine: Evan Taxin PA-C,mdintegrativemed.com,evantaxin@mdintegrativemed.com,evantaxin@mdintegrativemed.com,yes,ok,https://mdintegrativemed.com,medspa,"retatrutide, thymosin beta-4",10
MD Total Wellness,mdtw.co,support@mdtw.co,support@mdtw.co,yes,ok,https://mdtw.co,medspa,"semaglutide, tirzepatide, retatrutide, bpc-157, tb-500, nad+",23
Maryland Weight Care,mdweightcare.com,drparisi@mdweightcare.com,drparisi@mdweightcare.com,yes,ok,https://mdweightcare.com,medspa,"semaglutide, tirzepatide",3
MD Weight Loss &amp; Beyond,mdweightlossandbeyond.org,mdweightlossandbeyond@gmail.com,mdweightlossandbeyond@gmail.com,yes,ok,https://mdweightlossandbeyond.org,medspa,"semaglutide, tirzepatide",5
"Medical Beauty and Weight Loss, Chino",medicalbeautyandweightloss.com,medicalbeautyandweightloss@gmail.com,medicalbeautyandweightloss@gmail.com,yes,ok,https://medicalbeautyandweightloss.com,medspa,"semaglutide, tirzepatide, nad+",9
Medicus Weight Loss Clinic,medicusweightloss.com,medicus@medicusweightloss.com,medicus@medicusweightloss.com,yes,ok,https://medicusweightloss.com,medspa,"semaglutide, tirzepatide",7
Med Link Health,medlinkhealth.com,info@medlinkhealth.com,info@medlinkhealth.com,yes,ok,https://medlinkhealth.com,vendor,GLP-1 weight loss peptides,2
MedTech Management,medtechmanagement.com,info@medtechmanagement.com,info@medtechmanagement.com,yes,ok,https://medtechmanagement.com,medspa,"bpc-157, ipamorelin, tesamorelin, cjc-1295, dsip, melanotan ii",14
MED Weight Clinics,medweightclinics.com,info@medweightclinics.com,info@medweightclinics.com,yes,ok,https://medweightclinics.com,medspa,semaglutide,7
MEDY Weight Loss,medyweightloss.com,office@medyweightloss.com,office@medyweightloss.com,yes,ok,https://medyweightloss.com,medspa,"nad+, sermorelin, ghk-cu, glutathione",8
Men&#x27;s Revival,mens-revival.com,info@mens-revival.com,info@mens-revival.com,yes,ok,https://mens-revival.com,medspa,"semaglutide, tirzepatide, nad+, sermorelin",8
"The Men&#8217;s Clinic for Wellness and Vitality, Tucson",mensclinicaz.com,pjchecky@protonmail.com,pjchecky@protonmail.com; themensclinicaz@protonmail.com,yes,ok,https://mensclinicaz.com,medspa,,1
Mercy Medical and Wellness,mercymedicalandwellness.org,mercymedicalandwellness@gmail.com,mercymedicalandwellness@gmail.com,yes,ok,https://mercymedicalandwellness.org/about-us,medspa,GLP-1 weight loss peptides,6
MyHealth1st PA,mh1st.com,info@mh1st.com,info@mh1st.com,yes,ok,https://mh1st.com,medspa,semaglutide,7
Midwest Anti-Aging and Med Spa,midwest-antiaging.com,midwestmedspa@gmail.com,midwestmedspa@gmail.com; %20midwestmedspa@gmail.com,yes,ok,https://midwest-antiaging.com,medspa,"semaglutide, tirzepatide",8
"Midwest Aesthetics Nurse Cindy, LLC",midwestaestheticsnursecindy.com,midwestaestheticsnursecindy@gmail.com,midwestaestheticsnursecindy@gmail.com; strivewellness@hotmail.com; erinleshen@gmail.com,yes,ok,https://midwestaestheticsnursecindy.com,medspa,"semaglutide, tirzepatide",7
Mini Health Clinic: Lifestyle and Weight Loss Medicine —,mini-healthclinic.com,info@mini-healthclinic.com,info@mini-healthclinic.com,yes,ok,https://mini-healthclinic.com,medspa,"semaglutide, tirzepatide",8
ModeRN Aesthetics &amp; Wellness,modernaestheticsrva.com,info@modernaestheticsrva.com,info@modernaestheticsrva.com,yes,ok,https://modernaestheticsrva.com,medspa,GLP-1 weight loss peptides,5
Dr. Jeffrey T Dean NMD,modernhormone.com,modernhormone@gmail.com,modernhormone@gmail.com,yes,ok,https://modernhormone.com,medspa,nad+,7
Modern Med Centers,modernmedcenters.com,modernmedcenters@gmail.com,modernmedcenters@gmail.com,yes,ok,https://modernmedcenters.com,medspa,tirzepatide,3
Modern Sports Medicine and Wellness,modernsportsmed.com,info@modernsportsmed.com,info@modernsportsmed.com,yes,ok,https://modernsportsmed.com,medspa,nad+,6
Modesto Aesthetics &amp; Laser,modestoaestheticsandlaser.com,support@modestoaestheticsandlaser.com,support@modestoaestheticsandlaser.com,yes,ok,https://modestoaestheticsandlaser.com,medspa,semaglutide,4
Mojo Vitality,mojoatl.com,info@mojoatl.com,info@mojoatl.com,yes,ok,https://mojoatl.com/contact,medspa,,4
MoKan Weight Loss and Metabolic Health,mokanweightloss.com,betterme@mokanweightloss.com,betterme@mokanweightloss.com,yes,ok,https://mokanweightloss.com,medspa,semaglutide,5
"Mountain River IV, Health, &#038; Wellness, Idaho Falls",mountainriverhealth.net,info@mountainriverhealth.net,info@mountainriverhealth.net; pam@mountainriverhealth.net,yes,ok,https://mountainriverhealth.net,medspa,"nad+, glutathione",6
Minneapolis Anti-Aging &amp; Skin Clinic,mplsskin.com,kelleyp@mplsskin.com,kelleyp@mplsskin.com; gv@mplsskin.com,yes,ok,https://mplsskin.com,medspa,semaglutide,5
MrsMD,mrsmd.com,support@mrsmd.com,support@mrsmd.com,yes,ok,https://mrsmd.com,medspa,"semaglutide, tirzepatide, nad+",7
"Munz Medical Testosterone, Hormone &amp; Weight Loss Clinic —",munzmedical.com,contact@munzmedical.com,contact@munzmedical.com,yes,ok,https://munzmedical.com,vendor,GLP-1 weight loss peptides,6
MW Aesthetics Hawaii,mwaestheticshawaii.com,info@mwaestheticshawaii.com,info@mwaestheticshawaii.com,yes,ok,https://mwaestheticshawaii.com,medspa,GLP-1 weight loss peptides,2
Body Basics Wellness Center,mybbwc.com,info@mybbwc.com,info@mybbwc.com,yes,ok,https://mybbwc.com,medspa,"semaglutide, tirzepatide, nad+",7
The Confidence Lab,myconfidencelab.janeapp.com,info@myconfidencelab.com,info@myconfidencelab.com,yes,ok,https://myconfidencelab.janeapp.com,medspa,"semaglutide, tirzepatide, nad+, glutathione",6
GLOW 365,myglow365.com,jillcrotty@myglow365.com,jillcrotty@myglow365.com,yes,ok,https://myglow365.com,medspa,GLP-1 weight loss peptides,2
Renew Health and Wellness,myrenewhealth.com,info@myrenewhealth.com,info@myrenewhealth.com,yes,ok,https://myrenewhealth.com,medspa,GLP-1 weight loss peptides,6
"Slim180 Weight Loss O&#8217;Fallon, O&#8217;Fallon",myslim180.com,trish@myslim180.com,trish@myslim180.com,yes,ok,https://myslim180.com,vendor,"semaglutide, tirzepatide, nad+",12
YOUnique Health &amp; wellness,naplesaim.com,reception@naplesaim.com,reception@naplesaim.com,yes,ok,https://naplesaim.com,medspa,"liraglutide, ipamorelin, sermorelin, tesamorelin, cjc-1295, pt-141",10
NAR MEDICAL AND RESEARCH GROUP,narmedicalresearchgroup.com,info@narmedicalresearchgroup.com,info@narmedicalresearchgroup.com,yes,ok,,medspa,"semaglutide, tirzepatide, liraglutide, glutathione",16
Natural &amp; Holistic Medical Center,naturalholisticmedicalcenter.com,naturalholisticmedicalcenter@gmail.com,naturalholisticmedicalcenter@gmail.com; naturalandholisticmc@gmail.com,yes,ok,https://naturalholisticmedicalcenter.com,medspa,"semaglutide, tirzepatide, nad+, ghk-cu",9
"NEOSkin Center, Canton",neoskincenter.com,events@neoskincenter.com,events@neoskincenter.com,yes,ok,https://neoskincenter.com,medspa,GLP-1 weight loss peptides,2
Newest Beginnings Wellness Center,newestbeginnings.com,info@newestbeginnings.com,info@newestbeginnings.com,yes,ok,https://newestbeginnings.com,medspa,GLP-1 weight loss peptides,9
"New Ro Aesthetics, New Rochelle",newroaesthetics.com,info@newroaesthetics.com,info@newroaesthetics.com,yes,ok,https://newroaesthetics.com,medspa,GLP-1 weight loss peptides,2
New Theory Medical,newtheorymedical.com,ntmreno@gmail.com,ntmreno@gmail.com,yes,ok,https://newtheorymedical.com,medspa,"nad+, glutathione",3
Next Level Health at Virapel,next-levelhealth.com,info@next-levelhealth.com,info@next-levelhealth.com,yes,ok,https://next-levelhealth.com,medspa,"semaglutide, tirzepatide, bpc-157, nad+, ipamorelin, sermorelin",17
Nexus Healthcare Inc,nexushealthcare.com,nexus-careers@nexushealthcare.com,nexus-careers@nexushealthcare.com; copyright-infringement@nexushealthcare.com; terms-of-use@nexushealthcare.com,yes,ok,https://nexushealthcare.com,medspa,"semaglutide, tirzepatide",5
"Nircel Beauty and Weight Loss, Schaumburg",nircel.com,info@nircel.com,info@nircel.com,yes,ok,https://nircel.com,vendor,semaglutide,2
New Jersey&#x27;s Medical Weight Loss for Life,njmedicalweightloss.com,info@njmedicalweightloss.com,info@njmedicalweightloss.com,yes,ok,https://njmedicalweightloss.com,medspa,semaglutide,5
New Jersey Trim Clinic,njtrimclinic.com,info@njtrimclinic.com,info@njtrimclinic.com,yes,ok,https://njtrimclinic.com,medspa,"semaglutide, tirzepatide",12
North Fork Weight Loss,northforkweightloss.com,northforkweightloss@gmail.com,northforkweightloss@gmail.com,yes,ok,https://northforkweightloss.com,medspa,"semaglutide, tirzepatide",6
"Nourish Medical Center, San Diego",nourishmedicalcenter.com,support@nourishmedicalcenter.com,support@nourishmedicalcenter.com,yes,ok,https://nourishmedicalcenter.com,medspa,"semaglutide, tirzepatide, bpc-157, nad+, ipamorelin, cjc-1295",19
Nouveau Health &amp; Wellness,nouveauhealthandwellness.com,info@nouveauhealthandwellness.com,info@nouveauhealthandwellness.com,yes,ok,https://nouveauhealthandwellness.com,medspa,"nad+, glutathione",7
"NovaGenix, Jupiter",novagenix.org,info@novagenix.org,info@novagenix.org,yes,ok,https://novagenix.org,medspa,"semaglutide, tirzepatide, retatrutide, bpc-157, tb-500, ipamorelin",17
NSO-LAB Weight Loss Clinic &amp; Wellness Center,nso-lab.com,contact@nso-lab.com,contact@nso-lab.com; delray@nso-lab.com,yes,ok,https://nso-lab.com,medspa,"semaglutide, tirzepatide",3
"Nuform, Southfield",nuformhealth.com,info@nuformhealth.com,info@nuformhealth.com,yes,ok,https://nuformhealth.com,vendor,"semaglutide, nad+, sermorelin, tesamorelin, glutathione",13
Nu Image Medical® Telehealth &amp; Wellness Services,nuimagemedical.com,support@nuimagemedical.com,support@nuimagemedical.com,yes,ok,https://nuimagemedical.com,medspa,"semaglutide, tirzepatide, bpc-157, tb-500, nad+, sermorelin",19
"Nurse T’s Body Bar, Farmington Hills",nursetsbodybar.com,hello@nursetsbodybar.com,hello@nursetsbodybar.com,yes,ok,https://nursetsbodybar.com,medspa,semaglutide,5
"NUTRADRiP IV Hydration &#038; Wellness Clinic, Rocky Mount",nutradriphydration.com,info@nutradriphydration.com,info@nutradriphydration.com,yes,ok,https://nutradriphydration.com,medspa,,1
Nutrify Health &amp; Wellness,nutrifyhw.glossgenius.com,nutrify.hw@gmail.com,nutrify.hw@gmail.com,yes,ok,https://nutrifyhw.glossgenius.com,medspa,"bpc-157, nad+, sermorelin, ghk-cu, glutathione, kpv",8
Nuvee Aesthetics,nuveeaesthetics.com,nuveeaesthetics@gmail.com,nuveeaesthetics@gmail.com; thephysiquenurse@gmail.com,yes,ok,https://nuveeaesthetics.com,medspa,"semaglutide, tirzepatide, nad+, glutathione",7
OC Health and Hormone Balance,ochealthandhormonebalance.com,dr.kevinkroes@yahoo.com,dr.kevinkroes@yahoo.com,yes,ok,https://ochealthandhormonebalance.com,medspa,"semaglutide, kpv",4
"Wasim H. Raja, M.D., Fountain Valley",ochealthcareclinic.com,wraja207b@gmail.com,wraja207b@gmail.com,yes,ok,https://ochealthcareclinic.com/contact,medspa,GLP-1 weight loss peptides,3
Oklahoma Trim Clinic,oktrimclinic.com,info@oktrimclinic.com,info@oktrimclinic.com,yes,ok,https://oktrimclinic.com,medspa,"semaglutide, tirzepatide",8
"One Life Wellness Clinic, Bartlett",onelifewellnessclinic.com,contactus@onelifewellnessclinic.com,contactus@onelifewellnessclinic.com,yes,ok,https://onelifewellnessclinic.com,medspa,semaglutide,11
OnePeak Medical,onepeakmedical.com,info@onepeakmedical.com,albany@onepeakmedical.com; ashland@onepeakmedical.com; bend@onepeakmedical.com; centralpoint@onepeakmedical.com; eugene-cc@onepeakmedical.com; eugene-coburg@onepeakmedical.com; grantspass@onepeakmedical.com; grantspassest@onepeakmedical.com,yes,ok,https://onepeakmedical.com,medspa,,2
"OnPointe Care, Bartlett",onpointecare.com,info@onpointecare.com,info@onpointecare.com,yes,ok,https://onpointecare.com,medspa,semaglutide,3
Optimal Performance Clinic (OPC Clinic),opcclinic.com,info@opcclinic.com,info@opcclinic.com,yes,ok,https://opcclinic.com,medspa,glutathione,7
Opteluxe Wellness,opteluxewellness.com,np@opteluxewellness.com,np@opteluxewellness.com,yes,ok,https://opteluxewellness.com,medspa,"semaglutide, tirzepatide, bpc-157, tb-500, nad+, ipamorelin",17
OPtimalMD,optimalmdtx.com,admin@optimalmdtx.com,admin@optimalmdtx.com,yes,ok,https://optimalmdtx.com,medspa,"semaglutide, tirzepatide",9
OptimalSelf MD,optimalselfmd.com,office@optimalselfmd.com,office@optimalselfmd.com,yes,ok,https://optimalselfmd.com,medspa,,2
Optimal Wellness at International Plaza,optimalwellness.shop,info@optimalwellness.shop,info@optimalwellness.shop,yes,ok,https://optimalwellness.shop,medspa,"semaglutide, tirzepatide, nad+, glutathione",10
"Optimal Wellness HRT, TRT, Peptides &amp; Weight Loss",optimalwellnesssol.com,info@optimalwellnesssol.com,info@optimalwellnesssol.com,yes,ok,https://optimalwellnesssol.com,medspa,"semaglutide, bpc-157, tb-500, ipamorelin, sermorelin, tesamorelin",12
Orlando Medical Weight Loss Clinic,orlandoweightloss.com,info@orlandoweightloss.com,info@orlandoweightloss.com,yes,ok,https://orlandoweightloss.com,medspa,"semaglutide, tirzepatide",14
"Ortega Wellness, Albuquerque",ortegawellness.com,info@ortegawellness.com,info@ortegawellness.com,yes,ok,https://ortegawellness.com,medspa,,2
Palace For Healthy Living And Consultants,palaceforhealthyliving.com,info@palaceforhealthyliving.com,impallari@gmail.com; info@palaceforhealthyliving.com,yes,ok,https://palaceforhealthyliving.com,medspa,"semaglutide, liraglutide",3
"Paradox Health, Rochester Hills",paradox.health,admin@paradox.health,mia@paradox.health; phil@paradox.health; admin@paradox.health,yes,ok,https://paradox.health,medspa,semaglutide,2
Pathway Wellness,pathwaywellness.com,office@pathwaywellness.com,office@pathwaywellness.com,yes,ok,https://pathwaywellness.com,medspa,GLP-1 weight loss peptides,7
Palm Beach Elite Health &amp; Wellness,pbe-healthwellness.com,pb-healthwellness@outlook.com,pb-healthwellness@outlook.com,yes,ok,https://pbe-healthwellness.com,medspa,"cagrilintide, bpc-157, nad+, ipamorelin, sermorelin, tesamorelin",10
"Dr. Kenneth P. Mitchell, MD",pensacolawellness.com,info@pensacolawellness.com,info@pensacolawellness.com,yes,ok,https://pensacolawellness.com,medspa,"bpc-157, tb-500, nad+, ipamorelin, cjc-1295, pt-141",12
Perfectly Bare Laser,perfectlybarelaser.com,info@perfectlybarelaser.com,ahmed@perfectlybarelaser.com; info@perfectlybarelaser.com,yes,ok,https://perfectlybarelaser.com,medspa,nad+,7
The Performance Center,performancecenterformen.com,info@performancecenterformen.com,info@performancecenterformen.com,yes,ok,https://performancecenterformen.com,medspa,GLP-1 weight loss peptides,5
The Phoenix Clinic,phoenixcliniccare.com,sibyl@phoenixcliniccare.com,sibyl@phoenixcliniccare.com,yes,ok,https://phoenixcliniccare.com,medspa,"semaglutide, tirzepatide, nad+, ipamorelin, sermorelin, tesamorelin",15
Pinnacle Wellness,pinnacle-wellness.com,admin@pinnacle-wellness.com,admin@pinnacle-wellness.com,yes,ok,https://pinnacle-wellness.com,medspa,"semaglutide, tirzepatide",7
Preventive Medicine Anti-Aging &amp; Chelation Therapy,pmaact.com,infobh@pmaact.com,infobh@pmaact.com; inforing@pmaact.com,yes,ok,https://pmaact.com,medspa,,5
POSH,poshhealthandwellness.com,michele@poshhealthandwellness.com,michele@poshhealthandwellness.com,yes,ok,https://poshhealthandwellness.com,medspa,glutathione,8
PRANA IV Hydration And Wellness Clinic,pranawellnessclinic.com,info@pranawellnessclinic.com,info@pranawellnessclinic.com,yes,ok,https://pranawellnessclinic.com,medspa,"bpc-157, nad+",10
Premiere Peptides and Wellness,premierepeptidesandwellness.com,info@premierepeptidesandwellness.com,info@premierepeptidesandwellness.com,yes,ok,https://premierepeptidesandwellness.com,medspa,tirzepatide,2
"Premier Physique Medical Weight Loss Clinic, Pleasanton",premierphysique.net,info@premierphysique.net,info@premierphysique.net,yes,ok,https://premierphysique.net,medspa,"semaglutide, tirzepatide, nad+",16
Premium Health,premiumhealth.us,hi@premiumhealth.us,hi@premiumhealth.us,yes,ok,https://premiumhealth.us,medspa,"semaglutide, tirzepatide, nad+, glutathione",12
Primal RX,primalrx.net,primalrx1984@gmail.com,primalrx1984@gmail.com,yes,ok,https://primalrx.net,medspa,GLP-1 weight loss peptides,6
Prime Body,primebody.com,info@primebody.com,info@primebody.com,yes,ok,https://primebody.com,medspa,GLP-1 weight loss peptides,5
Prime Life Wellness &amp; Health,primelifephilly.com,info@primelifephilly.com,info@primelifephilly.com,yes,ok,https://primelifephilly.com,medspa,sermorelin,4
"Prosper Health &#038; Aesthetics, Sioux City",prosperdirecthealth.com,info@prosperdirecthealth.com,info@prosperdirecthealth.com,yes,ok,https://prosperdirecthealth.com,medspa,"semaglutide, tirzepatide",15
"Pura Vitality Houston: Tahera English, DNP",puravitalitywellness.com,support@puravitalitywellness.com,support@puravitalitywellness.com,yes,ok,https://puravitalitywellness.com,medspa,,1
Pure Health &amp; Hormone Center,purehh.com,providers@purehh.com,providers@purehh.com,yes,ok,https://purehh.com,medspa,"thymosin beta-4, ipamorelin, pt-141, glutathione",10
"Pure Health Medical, Lake Forest",puremedoc.com,info@puremedoc.com,info@puremedoc.com,yes,ok,https://puremedoc.com,medspa,"semaglutide, nad+, glutathione",8
"Radiant Wellness &amp; Aesthetics, PLLC",radiantwellnessnc.janeapp.com,main@radiantwellnessnc.com,main@radiantwellnessnc.com,yes,ok,https://radiantwellnessnc.janeapp.com,medspa,,1
"Raquel Wall Nurse Practitioner, St. George",raquelwall.com,raquelwallnp@gmail.com,raquelwallnp@gmail.com,yes,ok,https://raquelwall.com,medspa,semaglutide,6
Raw Beauty Aesthetics,rawbeautyaesthetics.com,staff@rawbeautyaesthetics.com,staff@rawbeautyaesthetics.com,yes,ok,https://rawbeautyaesthetics.com,medspa,"tirzepatide, nad+, semaglutide",6
"Reflections Aesthetics and IV Bar, Philadelphia",reflectionshealthspa.com,aa-metrics@reflectionshealthspa.com,aa-metrics@reflectionshealthspa.com,yes,ok,https://reflectionshealthspa.com,medspa,"semaglutide, tirzepatide",7
Regen Wellness,regenivwellness.com,regeniv@regenivwellness.com,regeniv@regenivwellness.com,yes,ok,https://regenivwellness.com,medspa,kpv,7
Regen RX Therapy Medical Clinic,regenrxtherapy.com,info@regenrxtherapy.com,info@regenrxtherapy.com,yes,ok,https://regenrxtherapy.com,medspa,,2
REGEN Society Aesthetics + Wellness,regensocietyaesthetics.com,hello@regensocietyaesthetics.com,regensocietyaesthetics@gmail.com; hello@regensocietyaesthetics.com,yes,ok,https://regensocietyaesthetics.com,medspa,"semaglutide, tirzepatide, bpc-157, tb-500, nad+, ipamorelin",21
Rejuve Anti Aging,rejuveantiaging.com,support@rejuveantiaging.com,support@rejuveantiaging.com,yes,ok,https://rejuveantiaging.com,medspa,"semaglutide, tirzepatide, nad+",6
Eterna Vitality &amp; Wellness,reneeallenmd.com,support@reneeallenmd.com,support@reneeallenmd.com; reneeallenmd@gmail.com,yes,ok,https://reneeallenmd.com,medspa,"semaglutide, tirzepatide, bpc-157, tb-500, thymosin beta-4, thymosin alpha-1",26
Renew You Aesthetics,renew-you.us,aesthetics@renew-you.us,leahraepetit@outlook.com; aesthetics@renew-you.us,yes,ok,https://renew-you.us,medspa,"semaglutide, tirzepatide",6
Renewed Therapeutics,renewed-therapeutics.com,renewedtherapeutics@gmail.com,renewedtherapeutics@gmail.com,yes,ok,https://renewed-therapeutics.com/contact,medspa,,2
Reset IV,resetiv.com,customercare@resetiv.com,customercare@resetiv.com,yes,ok,https://resetiv.com,medspa,"nad+, glutathione",3
Restorative Health of Colorado,reshealthco.com,info@reshealthco.com,info@reshealthco.com,yes,ok,https://reshealthco.com,medspa,"semaglutide, tirzepatide, bpc-157, thymosin alpha-1, nad+, ipamorelin",22
Resplendent Aesthetics Med Spa and IV,resplendentaesthetics.com,clinic@resplendentaesthetics.com,clinic@resplendentaesthetics.com; mark.targetpatientsmd@gmail.com,yes,ok,https://resplendentaesthetics.com,medspa,"semaglutide, tirzepatide, nad+, sermorelin, glutathione",11
Restore You,restore-you.com,info@restore-you.com,info@restore-you.com,yes,ok,https://restore-you.com,medspa,,4
Restore Hope and Wellness,restorehopeandwellness.com,restorehopeandwellness@gmail.com,restorehopeandwellness@gmail.com,yes,ok,https://restorehopeandwellness.com,medspa,,1
RestorMedicine,restormedicine.com,info@restormedicine.com,info@restormedicine.com,yes,ok,https://restormedicine.com,medspa,"semaglutide, tirzepatide",7
"Retro Spa &amp; Wellness, PLLC",retrospawellness.com,info@retrospawellness.com,info@retrospawellness.com,yes,ok,https://retrospawellness.com,medspa,,1
Rêve Wellness,revewellness.com,info@revewellness.com,info@revewellness.com,yes,ok,https://revewellness.com,medspa,,4
"Revital IV, Jupiter",revitalivfl.com,info@revitalivfl.com,info@revitalivfl.com,yes,ok,https://revitalivfl.com,medspa,"semaglutide, tirzepatide, bpc-157, nad+, ipamorelin, sermorelin",19
Revitalize Medical Spa,revitalizemedicalspa.com,crista@revitalizemedicalspa.com,crista@revitalizemedicalspa.com; lindsay@revitalizemedicalspa.com,yes,ok,https://revitalizemedicalspa.com,medspa,,1
Revival Health and Wellness,revivalhealthandwellnessgroup.com,southwest@revivalhealthandwellnessgroup.com,southwest@revivalhealthandwellnessgroup.com,yes,ok,https://revivalhealthandwellnessgroup.com,medspa,"semaglutide, tirzepatide",10
Revive MKE,revive-mke.com,reviveinjectablesmke@gmail.com,reviveinjectablesmke@gmail.com,yes,ok,https://revive-mke.com,vendor,kpv,1
"Revive Aesthetics &#038; Wellness Center, Chino Hills",reviveawc.com,info@reviveawc.com,info@reviveawc.com,yes,ok,https://reviveawc.com,medspa,semaglutide,5
Revive Wellness &amp; Aesthetics,revivewellness.clinic,info@revivewellness.clinic,info@revivewellness.clinic,yes,ok,https://revivewellness.clinic,medspa,semaglutide,4
"Revive Wellness, Kennewick",revivewellnessllc.net,info@revivewellnessllc.org,info@revivewellnessllc.org,yes,ok,https://revivewellnessllc.net,medspa,,2
Reviv Lounge,revivlounge.com,info@revivlounge.com,info@revivlounge.com; staff@revivlounge.com,yes,ok,https://revivlounge.com,medspa,"semaglutide, tirzepatide, nad+",13
REWIND Wellness &amp; Aesthetics,rewindaz.com,info@rewindaz.com,info@rewindaz.com,yes,ok,https://rewindaz.com,medspa,"semaglutide, tirzepatide, bpc-157, ipamorelin, sermorelin, cjc-1295",22
Remedy Wellness,rmdywellness.com,info@rmdywellness.com,info@rmdywellness.com,yes,ok,https://rmdywellness.com,medspa,,2
"RNA Medical Aesthetics, Philadelphia",rnamedicalaesthetics.com,info@rnamedicalaesthetics.com,info@rnamedicalaesthetics.com,yes,ok,https://rnamedicalaesthetics.com,medspa,,4
Rockford Pulmonary Clinic PLLC,rockfordpulmonaryclinic.com,contact@rockfordpulmonaryclinic.com,contact@rockfordpulmonaryclinic.com,yes,ok,https://rockfordpulmonaryclinic.com,medspa,"semaglutide, tirzepatide",11
"Round 2 IV Wellness Solutions, Albuquerque",round2iv.com,info@round2iv.com,info@round2iv.com,yes,ok,https://round2iv.com,medspa,"nad+, glutathione",10
RR Wellness Clinic,rrwellnessclinic.com,info@rrwellnessclinic.com,info@rrwellnessclinic.com,yes,ok,https://rrwellnessclinic.com,medspa,"semaglutide, tirzepatide",3
"Dr. Charles F. Carpenter, MD",sachealthandhealing.com,sachealthandhealing@gmail.com,sachealthandhealing@gmail.com,yes,ok,https://sachealthandhealing.com,medspa,,1
Salt Functional Medicine,saltfunctionalmedicine.com,info@saltfunctionalmedicine.com,info@saltfunctionalmedicine.com,yes,ok,https://saltfunctionalmedicine.com,medspa,GLP-1 weight loss peptides,4
Saltwater Wellness,saltwater-wellness.com,info@saltwater-wellness.com,info@saltwater-wellness.com,yes,ok,https://saltwater-wellness.com,medspa,"semaglutide, nad+, glutathione",13
San Diego HGH Therapy Doctor,sandiego.hghtherapydoctor.us,sandiegohghdoctor@gmail.com,sandiegohghdoctor@gmail.com; hghtherapydoctorus@gmail.com; dallashghtherapydoctor@gmail.com; bostonhghtherapydoctor@gmail.com; chicagohghtherapydoctor@gmail.com; houstonhghtherapydoctor@gmail.com; losangeleshghtherapydoctor@gmail.com; phoenixhghdoctor@gmail.com,yes,ok,https://sandiego.hghtherapydoctor.us,vendor,sermorelin,1
SC My Care,scmycare.com,admin@scmycare.com,admin@scmycare.com; ccooper@scmycare.com,yes,ok,https://scmycare.com,medspa,"semaglutide, tirzepatide, ipamorelin, cjc-1295",9
Sculpt1 Studio,sculpt1.com,info@sculpt1.com,info@sculpt1.com,yes,ok,https://sculpt1.com,medspa,GLP-1 weight loss peptides,3
"Semaglutide Atlanta, Atlanta",semaglutideatlanta.com,contact@semaglutideatlanta.com,contact@semaglutideatlanta.com,yes,ok,https://semaglutideatlanta.com,medspa,"semaglutide, tirzepatide",5
Semaglutide For Weight Loss,semaglutideforweightloss.com,info@semaglutideforweightloss.com,info@semaglutideforweightloss.com,yes,ok,https://semaglutideforweightloss.com,medspa,"semaglutide, tirzepatide, retatrutide, liraglutide, bpc-157, nad+",24
"Sempre Day &#038; Medical Spa, Alpharetta",sempredayspa.com,semprejohnscreek@sempredayspa.com,semprejohnscreek@sempredayspa.com,yes,ok,https://sempredayspa.com,medspa,GLP-1 weight loss peptides,4
"SER Aesthetics, Folsom",seraesthetics.com,seraesthetics@gmail.com,seraesthetics@gmail.com,yes,ok,https://seraesthetics.com,medspa,"semaglutide, sermorelin",3
Serene Aesthetics &amp; Wellness MedSpa,sereneaestheticsandmedspa.com,serenemedspa4004@gmail.com,serenemedspa4004@gmail.com,yes,ok,https://sereneaestheticsandmedspa.com/contact-us,medspa,semaglutide,1
Shared Wellness,sharedwellnessmd.com,info@sharedwellnessmd.com,info@sharedwellnessmd.com,yes,ok,https://sharedwellnessmd.com,medspa,"semaglutide, tirzepatide",4
Simply Thrive Medical,simplythrivemedical.com,contact@simplythrivemedical.com,contact@simplythrivemedical.com,yes,ok,https://simplythrivemedical.com,medspa,GLP-1 weight loss peptides,6
Slim Weight Loss,slimmedicalweightloss.com,info@slimmedicalweightloss.com,info@slimmedicalweightloss.com,yes,ok,https://slimmedicalweightloss.com,medspa,"semaglutide, ghk-cu",5
Sneed MediSpa,sneedmedispa.com,sneedmedspa@gmail.com,sneedmedspa@gmail.com,yes,ok,https://sneedmedispa.com,medspa,glutathione,4
So Cal Slim,socalslim.com,info@socalslim.com,info@socalslim.com,yes,ok,https://socalslim.com,medspa,"semaglutide, tirzepatide, bpc-157, thymosin alpha-1, nad+, ipamorelin",9
"Solaria Urgent &#038; Primary Care, Ocala",solariahealthcare.com,contact@solariahealthcare.com,contact@solariahealthcare.com,yes,ok,https://solariahealthcare.com,medspa,"semaglutide, tirzepatide, glutathione",5
FL Medical Weight Loss,soleabeautylounge.com,info@soleabeautylounge.com,info@soleabeautylounge.com,yes,ok,https://soleabeautylounge.com,medspa,"tirzepatide, nad+",3
"MENOPAUSE CLINIC OF AUSTIN: SOPHIE HUNT, PA-C",sophiehuntpa.com,sophiehuntpac@gmail.com,sophiehuntpac@gmail.com,yes,ok,https://sophiehuntpa.com,medspa,,1
South Shore Weight Loss &amp; Aesthetics,southshoreweightlosscenter.com,info@southshoreweightlosscenter.com,info@southshoreweightlosscenter.com,yes,ok,https://southshoreweightlosscenter.com,medspa,"semaglutide, tirzepatide, nad+, sermorelin",15
Weight Loss injections,spinejointnj.com,sjpcllc@gmail.com,sjpcllc@gmail.com,yes,ok,https://spinejointnj.com,medspa,"semaglutide, tirzepatide",8
Springs Rejuvenation,springsrejuvenation.com,info@springsrejuvenation.com,info@springsrejuvenation.com; alyssa@springsrejuvenation.com,yes,ok,https://springsrejuvenation.com,medspa,,1
Stone Creek Health and Wellness,stonecreekhealth.com,communication@stonecreekhealth.com,communication@stonecreekhealth.com,yes,ok,https://stonecreekhealth.com/contact-us/,medspa,GLP-1 weight loss peptides,5
Strength Doctor,strengthdoctor.com,info@strengthdoctor.com,info@strengthdoctor.com,yes,ok,https://strengthdoctor.com,medspa,"semaglutide, bpc-157, tb-500, ipamorelin, sermorelin, tesamorelin",16
"Dr. William D. Summers, MD",summersgynecology.com,info@summersgynecology.com,info@summersgynecology.com,yes,ok,https://summersgynecology.com,medspa,GLP-1 weight loss peptides,5
Suncoast Trim Clinic,suncoasttrimclinic.com,health@suncoasttrimclinic.com,health@suncoasttrimclinic.com,yes,ok,https://suncoasttrimclinic.com,vendor,GLP-1 weight loss peptides,3
Sunrise Weight Loss and Wellness,sunrisewellnessma.com,vanessa@sunrisewellnessma.com,vanessa@sunrisewellnessma.com,yes,ok,https://sunrisewellnessma.com,medspa,GLP-1 weight loss peptides,3
Synchronicity Health,synchronicityhealth.net,info@synchronicityhealth.net,info@synchronicityhealth.net,yes,ok,https://synchronicityhealth.net,medspa,semaglutide,6
Wellness Medical Clinic,tallyclinics.com,850wellness@gmail.com,850wellness@gmail.com,yes,ok,https://tallyclinics.com,medspa,,2
Testo Diet Weight Loss and Hormone Center,testodietcenter.com,jordan@testodietcenter.com,jordan@testodietcenter.com,yes,ok,https://testodietcenter.com,medspa,"semaglutide, tirzepatide",7
The A-List Clinic,thealistclinic.com,contact@thealistclinic.com,czarina@thealistclinic.com; contact@thealistclinic.com,yes,ok,https://thealistclinic.com,medspa,"semaglutide, oxytocin",8
The Calibrate Project,thecalibrateproject.com,info@thecalibrateproject.com,info@thecalibrateproject.com,yes,ok,https://thecalibrateproject.com,vendor,semaglutide,4
The Clubhouse Wellness,theclubhousewellness.com,info@theclubhousewellness.com,info@theclubhousewellness.com,yes,ok,https://theclubhousewellness.com,medspa,nad+,3
The Confidence Studio,theconfidencestudio23.com,confidence.studio1@gmail.com,confidence.studio1@gmail.com,yes,ok,https://theconfidencestudio23.com,medspa,"semaglutide, tirzepatide",8
Cornerstone Integrated Health,thecornerstonehealth.com,info@thecornerstonehealth.com,info@thecornerstonehealth.com,yes,ok,https://thecornerstonehealth.com,medspa,"semaglutide, tirzepatide",8
The Fountain MRI Full Body Scan West Palm Beach,thefountainwpb.com,hello@thefountainwpb.com,hello@thefountainwpb.com,yes,ok,https://thefountainwpb.com,medspa,GLP-1 weight loss peptides,7
The Functional MDs,thefunctionalmds.com,hello@thefunctionalmds.com,hello@thefunctionalmds.com,yes,ok,https://thefunctionalmds.com,medspa,GLP-1 weight loss peptides,6
The Injectory,theinjectory.com,info@theinjectory.com,info@theinjectory.com,yes,ok,https://theinjectory.com,medspa,"semaglutide, tirzepatide",12
The Look Med Spa,thelookmedspalv.com,info@thelookmedspalv.com,thelookmedspa@gmail.com; info@thelookmedspalv.com,yes,ok,https://thelookmedspalv.com,medspa,,1
NV Medspa Honolulu,thenvmedspa.com,nvmedspahonolulu@gmail.com,nvmedspahonolulu@gmail.com,yes,ok,https://thenvmedspa.com,medspa,GLP-1 weight loss peptides,2
The Remedy IV Health + Wellness,theremedyiv.com,john@theremedyiv.com,john@theremedyiv.com,yes,ok,https://theremedyiv.com,medspa,nad+,8
"The Riegel Center: Christopher Riegel, M.D.",theriegelcenter.com,info@theriegelcenter.com,info@theriegelcenter.com,yes,ok,https://theriegelcenter.com,medspa,,4
"The Spa at Atrium, Canton",thespaatatrium.com,the.spa.at.atrium@gmail.com,the.spa.at.atrium@gmail.com,yes,ok,https://thespaatatrium.com,medspa,"semaglutide, tirzepatide",4
Thrive Aesthetics &amp; Wellness,thrive-aestheticsandwellness.com,mgrossman@thrive-aestheticsandwellness.com,mgrossman@thrive-aestheticsandwellness.com,yes,ok,https://thrive-aestheticsandwellness.com,medspa,"semaglutide, tirzepatide",14
"Thrive Health &#038; Hydration, Sioux City",thrivewellnesscenter.net,damon@thrivewellnesscenter.net,damon@thrivewellnesscenter.net,yes,ok,https://thrivewellnesscenter.net,medspa,,3
Thryve Clinic LLC,thyrveclinic.com,info@thyrveclinic.com,info@thyrveclinic.com; appointments@thyrveclinic.com; billing@thyrveclinic.com,yes,ok,https://thyrveclinic.com,medspa,"nad+, glutathione",11
"Timeless Injectables, Orland Park",timelessinjectables.com,lisanicolenp@gmail.com,lisanicolenp@gmail.com,yes,ok,https://timelessinjectables.com,medspa,semaglutide,1
Total Vitality Colorado,totalvitalitycolorado.com,hello@totalvitalitycolorado.com,hello@totalvitalitycolorado.com,yes,ok,https://totalvitalitycolorado.com,medspa,,2
Transformations,transformationsweightloss.com,transformations.corp@gmail.com,transformations.corp@gmail.com; transformations.lmmanager@gmail.com,yes,ok,https://transformationsweightloss.com,medspa,GLP-1 weight loss peptides,4
"Transformative Health And Wellness, Longview",transformlongview.com,info@transformlongview.com,info@transformlongview.com,yes,ok,https://transformlongview.com,medspa,semaglutide,3
"Trilogy Health- Weight &#038; Laser Center, La Mesa",trilogyhealth.net,info@trilogyhealth.net,info@trilogyhealth.net,yes,ok,https://trilogyhealth.net,medspa,"semaglutide, tirzepatide",6
TriMotus,trimotus.com,drkhavari@trimotus.com,drkhavari@trimotus.com,yes,ok,https://trimotus.com,medspa,,4
The Restoration Place Clinic,trpclinic.com,schedule@trpclinic.com,schedule@trpclinic.com,yes,ok,https://trpclinic.com,medspa,,3
TRT Miami,trtmiami.com,info@trtmiami.com,info@trtmiami.com,yes,ok,https://trtmiami.com,medspa,"semaglutide, tirzepatide, glutathione",5
TRT Performance Men’s Health Clinic,trtperformancemh.com,trtperformancemh@outlook.com,trtperformancemh@outlook.com,yes,ok,https://trtperformancemh.com,medspa,,3
True South Wellness,truesouthwellness.com,tonya@truesouthwellness.com,tonya@truesouthwellness.com,yes,ok,https://truesouthwellness.com,medspa,GLP-1 weight loss peptides,4
"Tula Wellness and Aesthetics, Tucson",tulawellnessmd.com,info@tulawellnessmd.com,info@tulawellnessmd.com,yes,ok,https://tulawellnessmd.com,medspa,semaglutide,5
"Two Roads Wellness Clinic, Champaign",tworoadswellnessclinic.com,store@tworoadswellnessclinic.com,store@tworoadswellnessclinic.com; danville@tworoadswellnessclinic.com; covington@tworoadswellnessclinic.com; champaign@tworoadswellnessclinic.com; mahomet@tworoadswellnessclinic.com,yes,ok,https://tworoadswellnessclinic.com,medspa,semaglutide,1
Ultra Body Weight Loss Centers,ultrabodyli.com,losenow@ultrabodyli.com,losenow@ultrabodyli.com,yes,ok,https://ultrabodyli.com,medspa,semaglutide,4
"Underground Strength and Wellness, Braselton",underground-strength.com,sales@undergroundstrength.com,selena@undergroundstrength.com; sales@undergroundstrength.com,yes,ok,https://underground-strength.com,medspa,,3
Universal Wellness Concepts,universalwellnessconcepts.com,info@universalwellnessconcepts.com,info@universalwellnessconcepts.com,yes,ok,https://universalwellnessconcepts.com,medspa,GLP-1 weight loss peptides,7
UrgentFit Health,urgentfithealth.com,customerservice@urgentfithealth.com,customerservice@urgentfithealth.com,yes,ok,https://urgentfithealth.com,medspa,GLP-1 weight loss peptides,3
Vanity Peptides,vanitypeptides.net,vanitypeptides@gmail.com,vanitypeptides@gmail.com,yes,ok,https://vanitypeptides.net,medspa,"semaglutide, tirzepatide",2
"Venustas Immortalis, Dubuque",vibeauty.org,vi@vibeauty.org,vi@vibeauty.org,yes,ok,https://vibeauty.org,medspa,GLP-1 weight loss peptides,2
Virtus Health Solutions,virtushealthnm.com,info@virtushealthnm.com,info@virtushealthnm.com,yes,ok,https://virtushealthnm.com/contact,vendor,,1
Vitalfusion Med Spa,vitalfusionmedspa.com,hello@vitalfusionmedspa.com,hello@vitalfusionmedspa.com,yes,ok,https://vitalfusionmedspa.com,medspa,GLP-1 weight loss peptides,2
Vitality Lounge Med Spa,vitalitylounge.health,info@vitalitylounge.health,info@vitalitylounge.health,yes,ok,https://vitalitylounge.health,medspa,"semaglutide, tirzepatide, nad+, ipamorelin, sermorelin, tesamorelin",20
Svetlana Pyatigorskaya NP in Family Health PC,vitalitynychealth.com,svetlpya69@gmail.com,svetlpya69@gmail.com,yes,ok,https://vitalitynychealth.com,medspa,glutathione,7
Vitalize Hormone and Wellness,vitalizehormone.com,clinic@vitalizehormone.com,clinic@vitalizehormone.com,yes,ok,https://vitalizehormone.com,medspa,,2
Viva Vitality St. Paul,vivavitalitymn.com,info@vivavitalitymn.com,contact@vivavitalitymn.com; info@vivavitalitymn.com,yes,ok,https://vivavitalitymn.com,medspa,GLP-1 weight loss peptides,8
VS Beauty Base,vsbeautybase.glossgenius.com,vs.beauty.base@gmail.com,vs.beauty.base@gmail.com,yes,ok,https://vsbeautybase.glossgenius.com,vendor,nad+,1
"Vybe Med Spa and Salon Inc., Decatur",vybemedspaandsalon.com,contact@vybemedspaandsalon.com,contact@vybemedspaandsalon.com,yes,ok,https://vybemedspaandsalon.com,medspa,tirzepatide,4
Vybrant Health and Wellness: Weight Loss and Hormone,vybranthealthandwellness.com,contact@vybranthealthandwellness.com,vybrantcare@gmail.com; contact@vybranthealthandwellness.com,yes,ok,https://vybranthealthandwellness.com,medspa,"semaglutide, tirzepatide",15
Washington Medical Group,wamedgroup.com,info@wamedgroup.com,info@wamedgroup.com,yes,ok,https://wamedgroup.com,medspa,semaglutide,3
Weight &amp; Body Solutions,weightandbody.com,info@weightandbody.com,info@weightandbody.com,yes,ok,https://weightandbody.com,medspa,"semaglutide, tirzepatide, liraglutide, nad+, glutathione",23
Weight Loss Champion,weightlosschampion.com,info@weightlosschampion.com,info@weightlosschampion.com,yes,ok,https://weightlosschampion.com,medspa,"semaglutide, tirzepatide",7
"Jupiter Weight Loss, Jupiter",weightlossjupiter.com,staff@weightlossjupiter.com,staff@weightlossjupiter.com; %20staff@weightlossjupiter.com,yes,ok,https://weightlossjupiter.com,medspa,"semaglutide, tirzepatide, nad+, sermorelin, glutathione",24
Welcome Health &amp; Aesthetics,welcomehealthva.com,info@welcomehealthva.com,mywelcomehealth@gmail.com; info@welcomehealthva.com,yes,ok,https://welcomehealthva.com,medspa,GLP-1 weight loss peptides,3
"Wellessence MD, Schaumburg",wellessencemd.com,maggiegawior@gmail.com,maggiegawior@gmail.com,yes,ok,https://wellessencemd.com,medspa,"semaglutide, tirzepatide, liraglutide",8
Wellness ReSolutions,wellness-resolutions.com,info@wellness-resolutions.com,info@wellness-resolutions.com,yes,ok,https://wellness-resolutions.com,medspa,"semaglutide, tirzepatide",4
Wellness &amp; Hormone Health,wellnessandhormonehealth.com,ashliclearwaternp@gmail.com,ashliclearwaternp@gmail.com; wellnessandhormonehealth@gmail.com,yes,ok,https://wellnessandhormonehealth.com,medspa,GLP-1 weight loss peptides,5
"Jessica Cho, M.D. Wellness At Century City",wellnessatcenturycity.com,support@wellnessatcenturycity.com,support@wellnessatcenturycity.com,yes,ok,https://wellnessatcenturycity.com,medspa,GLP-1 weight loss peptides,5
"Wellness First , PLLC",wellnessfirstamarillo.com,vanessa@wellnessfirstamarillo.com,vanessa@wellnessfirstamarillo.com; vanessa@www.wellnessfirstamarillo.com,yes,ok,https://wellnessfirstamarillo.com,medspa,glutathione,6
Wellness &amp; Longevity,wellnessok.com,info@wellnessok.com,info@wellnessok.com; contact@wellnessok.com,yes,ok,https://wellnessok.com,medspa,"semaglutide, tirzepatide, glutathione",10
Wellness Plus Care,wellnesspluscare.com,info@wellnesspluscare.com,brenda@wellnesspluscare.com; info@wellnesspluscare.com,yes,ok,https://wellnesspluscare.com,medspa,"semaglutide, tirzepatide, bpc-157, tb-500, thymosin beta-4, nad+",20
Wellness By Claire,wellxclaire.com,wellnessbyclairellc@gmail.com,wellnessbyclairellc@gmail.com,yes,ok,https://wellxclaire.com,medspa,nad+,4
"White Pearl Med Spa, Des Plaines",whitepearlmedicalspa.com,info@whitepearlmedicalspa.com,info@whitepearlmedicalspa.com,yes,ok,https://whitepearlmedicalspa.com,medspa,glutathione,3
Worthy Weight Loss,worthyweightloss.com,info@worthyweightloss.com,info@worthyweightloss.com,yes,ok,https://worthyweightloss.com,medspa,"semaglutide, tirzepatide, liraglutide, dulaglutide",14
You….Only Better,youonlybetterkc.com,lblack068@hotmail.com,lblack068@hotmail.com,yes,ok,https://youonlybetterkc.com,medspa,"tirzepatide, nad+",3
Your Texas Health,yourtexashealthdfw.com,contact@yourtexashealthdfw.com,contact@yourtexashealthdfw.com,yes,ok,https://yourtexashealthdfw.com,medspa,"semaglutide, tirzepatide",6
Youthful Labz Longevity Center,youthfullabz.com,youthfullabz@gmail.com,youthfullabz@gmail.com; jmkglobal@protonmail.com,yes,ok,https://youthfullabz.com,medspa,glutathione,8
Zelo Living a Health and Wellness Company,zeloliving.com,dawn@zeloliving.co,dawn@zeloliving.co,yes,ok,https://zeloliving.com,medspa,GLP-1 weight loss peptides,4
Zero Gravity Medical,zerogravitymed.com,info@zerogravitymed.com,info@zerogravitymed.com,yes,ok,https://zerogravitymed.com/contact,medspa,GLP-1 weight loss peptides,2
Zinnia Aesthetics and Anti-Aging Clinic,zinniaaesthetics.com,info@zinniaaesthetics.com,info@zinniaaesthetics.com,yes,ok,https://zinniaaesthetics.com,medspa,"semaglutide, ipamorelin, cjc-1295",11
"365 Care, Jersey City",365care.com,,,,no_email,https://365care.com,medspa,,0
4Ever Young Anti-Aging Solutions,4everyoungantiaging.com,,,yes,no_email,https://4everyoungantiaging.com,medspa,"semaglutide, tirzepatide",7
"Dr. Syverain Weight Loss Clinic, Redwood City",800thin.com,,,,no_email,https://800thin.com,vendor,,0
Anti Aging and Ketamine Center,aakc.janeapp.com,,,,no_email,https://aakc.janeapp.com,medspa,,0
All About You Women&#x27;s Healthcare Center,aaywomenshealth.com,,,yes,no_email,https://aaywomenshealth.com,vendor,,0
Abacep Testosterone and Weight Loss Clinic,abacepclinic.com,,,,no_email,https://abacepclinic.com,vendor,,0
A Better You Med Spa,abetteryoumedspatn.com,abetteryoumedspa1@gmail.com,abetteryoumedspa1@gmail.com,,no_peptides,https://abetteryoumedspatn.com,medspa,,0
"All Care Clinical Services, LLC / Botox, EmSculpt Neo, IV",accschicago.com,,,,no_email,,vendor,,0
Action Men’s Health,actionmenshealth.com,,,,unreachable,,,,
ADENOSINE ESTHETICS LLC,adenosineesthetics.glossgenius.com,,,yes,no_email,https://adenosineesthetics.glossgenius.com,vendor,,0
A DOCTOR&#x27;S WEIGHT LOSS CLINIC,adoctorsweightclinic.com,,,yes,no_email,https://adoctorsweightclinic.com,vendor,"semaglutide, tirzepatide",4
Adonis Health,adonishealth.janeapp.com,,,yes,no_email,https://adonishealth.janeapp.com,medspa,,1
Adroit Body Sculpting,adroitbodysculpting.com,,,,no_email,,vendor,,0
"Advanced Aesthetics, Medford",advancedaestheticsboston.com,advancedaestheticsboston@gmail.com,advancedaestheticsboston@gmail.com,yes,already known,https://advancedaestheticsboston.com,medspa,GLP-1 weight loss peptides,4
Advanced Vitality,advancedvitalityhrt.com,,,yes,no_email,https://advancedvitalityhrt.com,medspa,"tirzepatide, bpc-157, nad+, ipamorelin, tesamorelin, mots-c",18
"Advanced Wellness Center, Dubuque",advancedwcdbq.com,,,yes,no_email,https://advancedwcdbq.com,medspa,,2
Advanced Wellness &amp; Weight Loss,advancedwellnessandrejuvenation.com,,,,no_email,,vendor,,0
Advanced Functional Medicine,advfunctionalmedicine.com,,,yes,no_email,https://advfunctionalmedicine.com,medspa,GLP-1 weight loss peptides,4
Advice for Optimal Wellness,adviceforwellness.com,,,yes,no_email,https://adviceforwellness.com,medspa,"semaglutide, tirzepatide, bpc-157, ipamorelin, sermorelin, cjc-1295",10
The Aesthetic Loft Nola,aestheticloftnola.com,,,yes,no_email,https://aestheticloftnola.com,medspa,"semaglutide, tirzepatide",4
Pure Health Aesthetics &amp; Wellness,aestheticsandwellness.com,,,,no_email,https://aestheticsandwellness.com,medspa,nad+,4
Aeternus Weight Loss and Wellness,aeternuslifestyle.com,,,,unreachable,,,,
Affinity Whole Health,affinitywholehealth.com,,,yes,no_email,https://affinitywholehealth.com,medspa,"semaglutide, tirzepatide",11
Affirm Health Center,affirmhealthcenter.com,,,,unreachable,,,,
Ag clinic HCG diet and weight loss,agcliniclosangeles.com,,,,unreachable,,,,
Age Better Miami,agebettermiami.com,,,,no_email,,vendor,,0
Ageless Injections,agelessinjections.com,,,yes,no_email,https://agelessinjections.com/contact,medspa,GLP-1 weight loss peptides,2
Ageless Men&#x27;s Health,agelessmenshealth.com,,,,unreachable,,,,
Ageless Women’s Health,agelesswomenshealth.com,,,,no_email,https://agelesswomenshealth.com,medspa,semaglutide,6
AgeWellMD: Hope Engsberg MD,agewellmd-denver.com,,,,no_email,,vendor,,0
AI Care Weight Loss and Wellness,aicareweightloss.com,cesar@aicareweightloss.com,cesar@aicareweightloss.com,,no_us_signal,https://aicareweightloss.com,vendor,GLP-1 weight loss peptides,2
Aimee Weight Loss,aimeeweightloss.com,,,,no_email,,vendor,,0
Aine Healthcare,ainehealthcare.janeapp.com,,,,no_email,https://ainehealthcare.janeapp.com,medspa,,0
Airmed Wellness &amp; Weight Loss Savannah,airmed-wellness.com,,,,unreachable,,,,
Aistheta Wellness,aisthetawellnesstyler.com,,,,no_email,https://aisthetawellnesstyler.com,vendor,,2
"AIYANA Aesthetics, Keizer",aiyanaaesthetics.com,,,yes,no_email,https://aiyanaaesthetics.com,medspa,GLP-1 weight loss peptides,3
"ALCHEMĒ Wellness &#038; Beauty Spa, San Diego",alchemehealth.com,,,yes,no_email,https://alchemehealth.com,medspa,"semaglutide, nad+",13
Alchemy IV and Med Bar,alchemyivandmedbar.com,,,,no_email,,vendor,,0
Alison Wellness Clinic,alisonwellnessclinic.com,,,yes,no_email,https://alisonwellnessclinic.com,medspa,sermorelin,7
"All Aesthetic&#8217;s Kare, Upland",allaestheticskare.myshopify.com,info@allaestheticskare.com,info@allaestheticskare.com,,no_peptides,https://allaestheticskare.myshopify.com,medspa,,0
"Allurant Medical Spa, La Mesa",allurantmedical.com,,,,no_email,,vendor,,0
BODYWELLE,alonsomartinmd.com,,,yes,no_email,https://alonsomartinmd.com,medspa,"semaglutide, bpc-157, nad+, tesamorelin, cjc-1295",16
Alpha IV Therapy,alphaivtherapy.com,,,,no_email,https://alphaivtherapy.com,medspa,,2
Alpha Male Wellness,alphamaleraleigh.com,,,yes,no_email,https://alphamaleraleigh.com,vendor,"bpc-157, nad+, pt-141, ghk-cu",9
Alternative Aging &amp; Medispa,alternativeagingmedispa.com,,,,no_email,,vendor,,0
"Altruistic Health &#038; Wellness, Meridian",altruistichealthandwellness.com,,,yes,no_email,https://altruistichealthandwellness.com/contact,medspa,GLP-1 weight loss peptides,5
Alturas Medical Weight Loss,alturasmedicalweightloss.com,,,yes,no_email,https://alturasmedicalweightloss.com,medspa,"semaglutide, tirzepatide, bpc-157, tb-500, thymosin beta-4, ipamorelin",14
Amarillo Peptide Testosterone Replacement Therapy,amarillo.vitalhormones.net,,,,no_email,https://amarillo.vitalhormones.net,vendor,,0
AMAVA Regenerative Medicine,amavaregenerativemedicine.com,,,,no_email,,vendor,,0
"American Health Center, Arlington Heights",americanhealthcenterltd.com,,,yes,no_email,https://americanhealthcenterltd.com,medspa,,0
American Medical Wellness,americanmedicalwellness.com,,,yes,no_email,https://americanmedicalwellness.com,medspa,"nad+, ipamorelin, sermorelin, cjc-1295, pt-141",12
"AMG Weight Loss Center, Gastonia",amgweightlosscenter.com,,,,no_email,,vendor,,0
"Amor Med Spa &#038; Aesthetics, St. George",amormedspa.com,office@amormedspa.com,office@amormedspa.com,yes,no_peptides,https://amormedspa.com,medspa,,0
Allure Medical Weight Control &amp; Wellness,amwcw.com,,,yes,no_email,https://amwcw.com,medspa,"semaglutide, tirzepatide, retatrutide, bpc-157, ipamorelin, sermorelin",19
Andrologix,andrologixhealth.com,,,yes,no_email,https://andrologixhealth.com,medspa,,1
ANEU Med Spa,aneumedspa.com,info@aneumedspa.com,info@aneumedspa.com,,no_peptides,https://aneumedspa.com,medspa,,0
"A New You Aesthetics, Lake Elsinore",anewuaesthetics.com,,,yes,no_email,https://anewuaesthetics.com,medspa,"semaglutide, tirzepatide, bpc-157, tb-500, nad+, tesamorelin",15
"Anew Weight Loss Center, Rocky Mount",anewweightlosscenter.com,,,yes,no_email,https://anewweightlosscenter.com,medspa,tirzepatide,3
Angel Longevity Medical Center,angellongevity.com,,,yes,no_email,https://angellongevity.com,medspa,,0
Anna Elizabeth Esthetics,annaelizabethesthetics.com,aeeskincare@gmail.com,aeeskincare@gmail.com; annaelizabethesty@gmail.com,yes,no_peptides,https://annaelizabethesthetics.com,vendor,,0
Anodyne Pain &#038; Wellness Solutions,anodynepain.com,,,,unreachable,,,,
Age Management Therapy Clinic,anti-aging-therapy-center.com,,,,no_email,https://anti-aging-therapy-center.com,vendor,,0
Anti-Aging &amp; Regenerative Associates,anti-agingdocs.com,,,yes,no_email,https://anti-agingdocs.com,medspa,GLP-1 weight loss peptides,10
MIAMI PELLET INSTITUTE,antiaging.bio,,,yes,no_email,https://antiaging.bio,medspa,"semaglutide, tirzepatide, liraglutide, nad+, glutathione",11
Anti-Aging MD,antiagingmd360.com,,,,no_email,https://antiagingmd360.com,vendor,,1
Anti-Aging MediSpa,antiagingmedispanc.com,,,,unreachable,,,,
"Anti-Aging Northwest, Bellingham",antiagingnorthwest.com,,,yes,no_email,https://antiagingnorthwest.com,medspa,"semaglutide, tirzepatide, liraglutide, nad+, sermorelin, oxytocin",14
Anti-Aging &amp; Wellness Center,antiagingwellnesscenter.com,,,,unreachable,,,,
Antidote Aesthetics,antidoteaesthetics.com,,,yes,no_email,https://antidoteaesthetics.com,medspa,GLP-1 weight loss peptides,2
"Apex Health and Wellness, Medford",apexheal.org,,,yes,no_email,https://apexheal.org,medspa,GLP-1 weight loss peptides,2
Apex infusion and Wellness LLC,apexinfusionllc.com,,,yes,no_email,https://apexinfusionllc.com,medspa,"semaglutide, nad+, glutathione",9
Apex Weight Loss,apexweightlossmd.com,,,,unreachable,,,,
Apha Health,aphahealth.net,aphahealth@aphahealth.net,aphahealth@aphahealth.net,yes,no_peptides,https://aphahealth.net/contact-us,medspa,,0
Dr. Girouard&#x27;s Weight Loss &amp; Wellness Clinic,app.acuityscheduling.com,,,,unreachable,,,,
Aqua Vitae,aquavitality.com,,,yes,no_email,https://aquavitality.com,medspa,"semaglutide, nad+, sermorelin, aod-9604, tirzepatide",17
Arizona Performance Medicine,arizonaperformancemed.com,,,,no_email,,vendor,,0
Artemis Esthetics &amp; Wellness,artemispeoria.com,,,yes,no_email,https://artemispeoria.com,medspa,"semaglutide, tirzepatide",6
Artisan Skin and Laser Center,artisanskinandlaser.com,,,yes,no_email,https://artisanskinandlaser.com,medspa,,0
Asheville Testosterone Clinic,ashevilletestosteroneclinic.com,info@ashevilletestosteroneclinic.com,info@ashevilletestosteroneclinic.com,yes,no_peptides,https://ashevilletestosteroneclinic.com/contact,medspa,,0
Ashtoria Aesthetics &amp; Wellness,ashtoria.com,,,yes,no_email,https://ashtoria.com,medspa,"nad+, glutathione",4
Athletique Wellness &amp; Aesthetics,athletiquewellness.com,,,,no_email,,vendor,,0
Atlanta Men&#x27;s Health,atlantaclinicformen.com,,,,no_email,,vendor,,0
"The Pearl Med Spa, San Antonio",atpearlmedspa.com,,,yes,no_email,https://atpearlmedspa.com,medspa,"semaglutide, tirzepatide",6
"Aura Aesthetics, Portland",aurapdx.com,,,yes,no_email,,medspa,GLP-1 weight loss peptides,6
Aurora Medical Spa,auroramedicalspa.com,,,,no_email,https://auroramedicalspa.com,medspa,,0
Austin Plastic Surgeon,austinplasticsurgeon.com,,,,no_email,https://austinplasticsurgeon.com/pages/contact,vendor,,0
Austin Weight Loss Clinic,austinweightlosstoday.com,,,,no_email,https://austinweightlosstoday.com,vendor,GLP-1 weight loss peptides,2
Authentic Medical Weight Loss Injections,authenticmedicalpllc.com,,,,no_email,,vendor,,0
Semaglutide Austin,auveau.com,,,,no_email,,vendor,,0
"Avant Wellness, PLLC",avantwellnesspllc.com,,,,unreachable,,,,
AVISTA Weightloss Center,avistamed.com,,,yes,no_email,https://avistamed.com,medspa,semaglutide,5
ABSolute Weight Loss,awloss.com,,,,unreachable,,,,
"AW Med Spa, Palatine",awmedspa.com,aw@awmedspa.com,aw@awmedspa.com; awmedspa1@gmail.com,yes,no_peptides,https://awmedspa.com,medspa,,0
Revita&#x27; Life,axiawh.com,,,yes,no_email,https://axiawh.com,medspa,,0
Arizona Wellness Center,az-wellness.com,,,yes,no_email,https://az-wellness.com,medspa,"semaglutide, tirzepatide, retatrutide, nad+",9
"AZ Medical Weight Control, Phoenix",azmedweightcontrol.com,,,,no_email,,vendor,,0
"Beauty and Butterflies Med Spa, Apache Junction",b-bmedspa.com,,,,no_email,https://b-bmedspa.com,medspa,,0
Balanced Wellness IV Bar,balancedwellnessivbar.com,impallari@gmail.com,impallari@gmail.com,yes,already known,https://balancedwellnessivbar.com,medspa,nad+,1
Balance Hormone Center,balancehormonecenter.com,,,,no_email,,vendor,,0
Balance Wellness,balancew.com,,,yes,no_email,https://balancew.com,medspa,,4
Bay Area Medical Group,bamdgroup.com,,,yes,no_email,https://bamdgroup.com,medspa,"bpc-157, tb-500, thymosin beta-4, ipamorelin, sermorelin, tesamorelin",13
knownwell,be.knownwell.co,,,,no_email,https://be.knownwell.co,vendor,,0
Aesthetic Laser Center and MedSpa,beaumontalc.com,,,,no_email,,vendor,,0
"Beauty &#038; Body Medlounge, San Diego",beautyandbodylounge.com,,,,no_email,,vendor,,0
"Beauty &#038; Health By Liz, Tucson",beautyandhealthbyliz.com,,,yes,no_email,https://beautyandhealthbyliz.com,medspa,semaglutide,3
Beautylab Korean Medspa,beautylablex.com,,,,no_email,https://beautylablex.com,vendor,,0
"Beauty Lounge Medical Spa Hillcrest, San Diego",beautyloungesanmarcos.com,,,yes,no_email,https://beautyloungesanmarcos.com,medspa,"semaglutide, tirzepatide",14
"Before-N-After, Menifee",beforenafter.com,,,yes,no_email,https://beforenafter.com,medspa,,0
"Bella Sol Med Spa, Chino",bellasolmedspa.com,,,yes,no_email,https://bellasolmedspa.com,medspa,semaglutide,3
"Bello Midlevel Primary Care &#038; Wellness Center, Ocala",bellomidlevelinc.com,,,,no_email,,vendor,,0
Medical Weight Loss &amp; Family Clinic,bestweightlossnv.com,,,,no_email,,vendor,,0
A Better Weigh,betterweighmedical.com,,,,no_email,,vendor,,0
beyondMD,beyondmd.com,,,,no_email,,vendor,,0
Biltmore Restorative Medicine and Aesthetics,biltmorerestorativemedicine.com,,,yes,no_email,https://biltmorerestorativemedicine.com,medspa,oxytocin,4
"Dr. Donna M. Jordan, DO",biofitabilene.com,,,yes,no_email,https://biofitabilene.com,medspa,,2
Blessed Beauty Boutique Phoenix Med Spa &amp; Wellness Center —,blessedbeautyaz.com,,,yes,no_email,https://blessedbeautyaz.com,medspa,"semaglutide, tirzepatide, glutathione",10
Bloom Health,bloomhealth.care,,,,unreachable,,,,
Blossom Bio Clinic and Med Spa,blossombioclinic.com,,,,no_email,,vendor,,0
Body4Life AZ,body4lifeaz.com,,,,no_email,,vendor,,0
BODY by AIM360,bodybyaim360.com,,,,no_email,https://bodybyaim360.com,medspa,,1
Body For Keeps,bodyforkeeps.com,,,,unreachable,,,,
"Body Goal, Fresno",bodygoalfresno.com,anapbm@gmail.com,anapbm@gmail.com,yes,already known,https://bodygoalfresno.com,medspa,"semaglutide, tirzepatide, bpc-157, tb-500, thymosin beta-4, nad+",19
Non-Surgical Spine Center,bodyrejuvenationinstitute.com,backpaindoc@gmail.com,backpaindoc@gmail.com,yes,no_peptides,https://bodyrejuvenationinstitute.com,medspa,,0
Body Restore of Naples,bodyrestorenaples.com,,,,no_email,,vendor,,0
Serenya Institute,bodyscribeclinic.com,,,,unreachable,,,,
"Bonita Aesthetics, Folsom",bonitamedicalspa.com,,,yes,no_email,https://bonitamedicalspa.com,medspa,,1
Amason Aesthetics,book.amasonaesthetics.com,,,,no_email,https://book.amasonaesthetics.com,medspa,,0
Edge Peptide Therapy,book.edgepeptide.com,,,,unreachable,,,,
Rising Health Specialty Clinic,book.risinghealthspecialty.com,,,,no_email,,medspa,GLP-1 weight loss peptides,3
Amazing Sculptz,book.squareup.com,,,,no_email,https://book.squareup.com,vendor,,0
Epiphany Clinic,booking.epiphanyclinic.com,,,,no_email,https://booking.epiphanyclinic.com,vendor,,0
Juvly Aesthetics,booking.juvly.com,,,,no_email,https://booking.juvly.com,vendor,,0
ProCare Wellness Institute,booking.pcw.health,,,,no_email,https://booking.pcw.health,vendor,,0
Restore Hyper Wellness,booking.restore.com,,,,no_email,https://booking.restore.com,vendor,,0
Boost! Wellness,boost4wellness.com,,,,no_email,https://boost4wellness.com,medspa,,1
"BosBeauty St George, St. George",bosbeauty.com,,,,no_email,,vendor,,0
Botox &amp; Wellness Med Spa,botox-aesthetics-wellness.com,,,,unreachable,,,,
"Botox Bar Texas, Weslaco",botoxbar.com,,,,no_email,,vendor,,0
Botox Oahu: Medical Weight Loss &amp; GLP‑1 Injections,botoxoahu.com,,,yes,no_email,https://botoxoahu.com,medspa,"semaglutide, tirzepatide, nad+",19
Boutiq Medical Clinic,boutiqclinic.com,,,,no_email,,vendor,,0
"Bowie Internal Medicine Association, Bowie",bowiehealth.com,,,yes,no_email,https://bowiehealth.com,medspa,,0
"Dr. Srinivasu Kesa, MD",brandedweb-assets.mindbodyonline.com,sales@mindbodyonline.com,sales@mindbodyonline.com; u003esales@mindbodyonline.com,,no_peptides,https://brandedweb-assets.mindbodyonline.com,medspa,,0
Brandon Medical Center,brandonmedicalcenter.com,,,,no_email,,vendor,,0
THC Center,brownsville.totalhormonecare.com,,,,no_email,https://brownsville.totalhormonecare.com,vendor,,0
Calallen Medical Clinic,calallenmedicalclinic.com,,,yes,no_email,https://calallenmedicalclinic.com,medspa,GLP-1 weight loss peptides,4
California Medical Weight Loss,californiamedicalweightlossandspa.com,,,yes,no_email,https://californiamedicalweightlossandspa.com,medspa,GLP-1 weight loss peptides,3
"CaloSpa® Rejuvenation Center, Louisville",calospa.com,,,yes,no_email,https://calospa.com,medspa,,0
CAMP Beauty &amp; Wellness,campbeautyandwellness.com,,,yes,no_email,https://campbeautyandwellness.com,medspa,,0
Capital City Wellness &amp; Aesthetics,capitalcityclinic.com,,,yes,no_email,https://capitalcityclinic.com,medspa,"semaglutide, tirzepatide, glutathione",15
Carbon World Health,carbonworldhealth.com,,,yes,no_email,https://carbonworldhealth.com,medspa,"semaglutide, tirzepatide",9
Cardinal Wellness and Aesthetics,cardinalagemanagement.com,,,,no_email,,vendor,,0
Cardinal Weight Loss: San Francisco- Ideal Protein Clinic —,cardinalweightloss.com,,,yes,no_email,https://cardinalweightloss.com,medspa,GLP-1 weight loss peptides,2
"Carolina Weight Loss, Rocky Mount",carolinaweightlosscenter.com,info.carolinaweightloss@gmail.com,info.carolinaweightloss@gmail.com,yes,already known,https://carolinaweightlosscenter.com,medspa,"semaglutide, tirzepatide",2
Carson-New Weigh Weight Loss,carsonnewweighweightloss.com,,,,unreachable,,,,
Casa Contour Medspa &amp; Wellness,casacontour.com,,,,no_email,https://casacontour.com,vendor,,0
DR.RAJASEKHAR MEDICAL WEIGHT LOSS,centerformedicalweightloss.com,,,yes,no_email,https://centerformedicalweightloss.com,medspa,GLP-1 weight loss peptides,3
CenterMD,centermd.com,,,,unreachable,,,,
Dr. Chukwuma Apakama,cgaweightloss.com,,,yes,no_email,https://cgaweightloss.com,medspa,"semaglutide, tirzepatide, liraglutide",9
Chellino Health Nurse Practitioner,chellinohealth.com,,,yes,no_email,https://chellinohealth.com,medspa,,5
Cleveland Health Group,clevelandhealthgroup.com,,,,no_email,,vendor,,0
Meraki Integrative,clients.mindbodyonline.com,,,,no_email,https://clients.mindbodyonline.com,vendor,,0
Coastal Spa,coastalspamd.com,,,yes,no_email,https://coastalspamd.com,vendor,"semaglutide, tirzepatide",8
CollectIV Bio Wellness,collectivbiowellness.com,,,,no_email,,vendor,,0
Collierville Weight Loss Center,colliervilleweightloss.com,,,,unreachable,,,,
Colorado Medical Solutions,coloradomedicalsolutions.com,,,,no_email,,vendor,,0
Coltrain Medical Weight Loss,coltrainmedicalweightloss.com,,,yes,no_email,https://coltrainmedicalweightloss.com,medspa,"semaglutide, tirzepatide, nad+, sermorelin, ghk-cu, glutathione",16
Center for Weight Loss Surgery at Columbia University —,columbiasurgery.org,,,yes,no_email,https://columbiasurgery.org,medspa,GLP-1 weight loss peptides,3
"Compcare OccMed, Philadelphia",compcareclinics.com,,,,no_email,https://compcareclinics.com,vendor,,0
"Comprehensive Healthcare &#038; Wellness Services, Bowie",comphealthwellness.com,wecare@comphealthwellness.com,wecare@comphealthwellness.com,yes,no_peptides,https://comphealthwellness.com,medspa,,0
"Complete Clinics, Oak Lawn",completeclinics.com,,,yes,no_email,https://completeclinics.com,medspa,GLP-1 weight loss peptides,6
Comprehensive Mens and Womens Health,comprehensivemwh.com,,,yes,no_email,https://comprehensivemwh.com,medspa,,2
"Central Ohio Nutrition Center, Inc.",conci.com,,,yes,no_email,https://conci.com,medspa,"semaglutide, tirzepatide",6
CoolSculpting Experts,coolsculptingexperts.com,,,,no_email,https://coolsculptingexperts.com,vendor,,0
CoreLife Novant Health,corelifemd.com,,,yes,no_email,https://corelifemd.com,medspa,"semaglutide, tirzepatide",8
Cornerstone Wellness,cornerstonewellness.care,,,,unreachable,,,,
S-Wellness Clinic,corpus-christi.sexualwelness.com,,,,no_email,https://corpus-christi.sexualwelness.com,vendor,,0
Dr. Vijay Bindingnavele Corpus Christi Plastic Surgery &amp;,corpusplasticsurgery.com,ericjonesmyemail@gmail.com,ericjonesmyemail@gmail.com,yes,already known,https://corpusplasticsurgery.com,medspa,"semaglutide, tirzepatide",5
CoxHealth Weight Loss and Advanced Surgery Center,coxhealth.com,,,yes,no_email,https://coxhealth.com,medspa,,0
Castle Rock Hormone Health,crhormonehealth.com,,,yes,no_email,https://crhormonehealth.com,medspa,,4
"Collaborative Natural Health Partners, Danbury",ctnaturalhealth.com,,,,no_email,,vendor,,0
"Cutella Medical Spa, San Antonio",cutellamedspa.com,,,yes,no_email,https://cutellamedspa.com,medspa,"tirzepatide, sermorelin",9
Dane Functional Health Oakland,danefunctionalhealth.com,,,yes,no_email,https://danefunctionalhealth.com,medspa,semaglutide,4
Manhattan Integrative Medicine,davidborensteinmd.com,,,yes,no_email,https://davidborensteinmd.com,medspa,"semaglutide, tirzepatide",6
Total Anti-Aging and Wellness,daytonasantiaging.com,leah.totalantiaging@gmail.com,leah.totalantiaging@gmail.com,yes,already known,https://daytonasantiaging.com,medspa,"semaglutide, tirzepatide, nad+, glutathione",10
Defy of Indiana,defyofindiana.com,,,yes,no_email,https://defyofindiana.com,medspa,,4
deNovo Health and Aesthetics,denovomg.com,,,yes,no_email,https://denovomg.com,medspa,"semaglutide, nad+",5
Denver Hormone Health,denverhormonehealth.com,,,yes,no_email,https://denverhormonehealth.com,medspa,oxytocin,4
Dermlounge,dermlounge.com,,,yes,no_email,https://dermlounge.com,medspa,"semaglutide, tirzepatide",10
"Destination Aesthetics, Folsom",destinationaesthetics.com,,,yes,no_email,https://destinationaesthetics.com,medspa,GLP-1 weight loss peptides,5
"Diablo Family Physicians, San Ramon",diablodocs.com,,,yes,no_email,https://diablodocs.com/contact,medspa,,0
Physician&#x27;s Center For Weight Management,dietokc.com,,,yes,no_email,https://dietokc.com,medspa,"semaglutide, tirzepatide",5
Weight Loss Clinic,dignityweightcenter.com,,,yes,no_email,https://dignityweightcenter.com,medspa,"semaglutide, tirzepatide",9
Doctor K Private Medicine,doctork.nyc,,,yes,no_email,https://doctork.nyc,medspa,nad+,2
Weight Management: Adventist Health Physicians Network —,doctors.adventisthealth.org,,,,no_email,https://doctors.adventisthealth.org,vendor,,0
Doctors Clinic,doctorsclinicamarillo.com,,,yes,no_email,https://doctorsclinicamarillo.com,medspa,"semaglutide, nad+",6
Doctors Diet Program,doctorsdietamerica.com,info@doctorsdietamerica.com,ohwowsl@yahoo.com; info@doctorsdietamerica.com,yes,no_peptides,https://doctorsdietamerica.com,medspa,,0
"Dodson Pain Consultants Medical, Plymouth",dodsonpainconsultants.com,,,yes,no_email,https://dodsonpainconsultants.com,medspa,semaglutide,3
Institute for Hormonal Balance,donovitz.com,,,yes,no_email,https://donovitz.com,medspa,"semaglutide, tirzepatide",6
"Douglas J Salon, Rochester Hills",douglasj.com,,,,no_email,,vendor,,0
"Downtown Medspa, LLC, Jersey City",downtownmedspa.com,,,yes,no_email,https://downtownmedspa.com,medspa,"semaglutide, tirzepatide",4
"Michigan Center for Women’s Health, Farmington Hills",drberenholz.com,,,,no_email,,vendor,,0
"Jennifer Boll, MD, Phoenix",drboll.com,,,yes,no_email,https://drboll.com,medspa,"semaglutide, tirzepatide",4
"Kimberly Bolling, MD, Bowie",drbolling.com,,,yes,no_email,https://drbolling.com,medspa,GLP-1 weight loss peptides,2
"Craft MD, Phoenix",drcraft.com,,,yes,no_email,https://drcraft.com,medspa,"semaglutide, tirzepatide",5
Wired Wellness Natural Health Clinic &amp; Spa,drelenablackburn.com,,,,no_email,https://drelenablackburn.com,medspa,,0
Dr. Food,drfood.com,,,yes,no_email,https://drfood.com,vendor,,0
Dr. G&#x27;s Weightloss,drgsweightlossphiladelphia.com,,,,unreachable,,,,
Dr. Hormone MD,drhormonemd.com,,,yes,no_email,https://drhormonemd.com,medspa,"semaglutide, tirzepatide, ipamorelin, sermorelin",9
"Renew Aesthetics and Wellness Clinic, Lake Elsinore",dripdropnp.com,,,,unreachable,,,,
"Drip Hydration, Phoenix",driphydration.com,,,,unreachable,,,,
"Driven Health and Wellness, Novi",drivenhealthandwellness.com,,,yes,no_email,https://drivenhealthandwellness.com/contact-us/,vendor,,0
"Dr. Jatoi Direct Primary Care Medical Weight Loss, Tucson",drjatoidirectprimarycare.com,,,yes,no_email,https://drjatoidirectprimarycare.com,medspa,GLP-1 weight loss peptides,2
"Plastic and Cosmetic Center of South Texas, San Antonio",drjenebyplasticsurgery.com,,,,no_email,,vendor,,0
The Center For Natural &amp; Integrative Medicine,drkalidas.com,,,yes,no_email,https://drkalidas.com,medspa,"semaglutide, bpc-157, semax, ghk-cu, kpv, oxytocin",9
Dr. Kate Kass Precision Medicine,drkatekass.com,,,yes,no_email,https://drkatekass.com,medspa,"semaglutide, tirzepatide",9
"Advanced Concepts in Plastic Surgery, San Antonio",drkoneru.com,,,yes,no_email,https://drkoneru.com,medspa,GLP-1 weight loss peptides,2
Dr John A Kotis,drkotis.com,,,yes,no_email,https://drkotis.com,medspa,,0
"Weightwise with Dr Kathy Tracy, Lake Charles",drktracy.com,,,yes,no_email,https://drktracy.com,medspa,"semaglutide, tirzepatide",4
Dr. Natasha Ryan Functional Medicine Doctor,drnatasharyan.com,,,yes,no_email,https://drnatasharyan.com,medspa,"semaglutide, tirzepatide, bpc-157, tb-500, ipamorelin, sermorelin",12
Dr. Robert Rubin,drrobertrubinmd.com,,,yes,no_email,https://drrobertrubinmd.com,medspa,"semaglutide, tirzepatide",10
"Dr. Rogers Centers, San Antonio",drrogerscenters.com,,,yes,no_email,https://drrogerscenters.com,medspa,"semaglutide, tirzepatide",8
Ozempic Los Angeles,drseansatey.com,,,yes,no_email,https://drseansatey.com,vendor,,0
Dr. Charlie Seltzer Lifestyle Medicine,drseltzerlifestylemedicine.com,,,yes,no_email,https://drseltzerlifestylemedicine.com,medspa,"semaglutide, tirzepatide, retatrutide",8
Dr. Sharon Aesthetics Wellness &amp; IV Drip Bar,drsharonaesthetics.com,,,yes,no_email,https://drsharonaesthetics.com,medspa,"semaglutide, nad+",12
A Community Wellness Clinic,drtraugott.com,,,yes,no_email,https://drtraugott.com,medspa,"semaglutide, tirzepatide, retatrutide",12
The Falcone Center for Liposuction Surgery and Medical Spa —,drvictoriafalcone.com,,,yes,no_email,https://drvictoriafalcone.com,medspa,semaglutide,5
Dr. Weight Loss of Atlanta,drweightlossofatlanta.com,,,,no_email,,vendor,,0
Down to Earth Wellness Center,dtewellnesscenter.com,,,,no_email,https://dtewellnesscenter.com,vendor,,0
"Plastic Surgery Aesthetics, Dubuque",dubuqueplasticsurgery.com,,,yes,no_email,https://dubuqueplasticsurgery.com,medspa,semaglutide,1
Durham Weight Loss,durhamwieghtloss.com,,,,unreachable,,,,
"Easy Trim Weight Loss Clinic, Phoenix",easytrimclinic.com,,,yes,no_email,https://easytrimclinic.com,vendor,"semaglutide, nad+, sermorelin, glutathione",6
Synergy Bariatrics,ecmc.edu,,,yes,no_email,https://ecmc.edu,medspa,GLP-1 weight loss peptides,2
Environmental Health Center at Buffalo,ehcbuffalo.com,,,yes,no_email,https://ehcbuffalo.com,medspa,,2
"Ehormones MD Chicago HGH Therapy, Anti-Aging Clinic and",ehormones.com,rendro87@gmail.com,rendro87@gmail.com,yes,already known,https://ehormones.com,medspa,GLP-1 weight loss peptides,5
Elective Weight Loss,electiveweightloss.com,,,yes,no_email,https://electiveweightloss.com,medspa,GLP-1 weight loss peptides,3
Element Weight Loss,elementheights.com,,,,unreachable,,,,
Elite Health Colorado,elitehealthcolorado.com,,,yes,no_email,https://elitehealthcolorado.com,medspa,"semaglutide, tirzepatide, retatrutide, bpc-157, tb-500, nad+",30
Elite Functional Health,elitehealthrgv.com,,,,no_email,,vendor,,0
Elite Hormones,elitehormones.com,,,yes,no_email,https://elitehormones.com,medspa,GLP-1 weight loss peptides,4
"Elite Medical, Ocala",elitemedicalocala.com,,,yes,no_email,https://elitemedicalocala.com,medspa,"semaglutide, tirzepatide",5
Elite Men&#x27;s Health,elitemenshealthak.com,elitemenak@gmail.com,elitemenak@gmail.com,yes,no_peptides,https://elitemenshealthak.com,medspa,,0
El Paso de Robles Peptide Therapy Center,elitepeptidecare.com,,,,no_email,https://elitepeptidecare.com,vendor,,0
Elite physiques medical weight loss,elitephysiques7.com,,,,unreachable,,,,
Elite Testosterone Replacement,elitetestosteronereplacement.com,,,,no_email,,vendor,,0
ELIXR IV Therapy,elixrme.com,,,yes,no_email,https://elixrme.com,medspa,"semaglutide, nad+, ipamorelin, sermorelin, cjc-1295, pt-141",14
El Paso Men&#x27;s &amp; Women&#x27;s Clinic,elpasomensandwomensclinic.com,,,yes,no_email,https://elpasomensandwomensclinic.com,medspa,,1
EP Preventive Care,elpasopreventivecare.com,,,yes,no_email,https://elpasopreventivecare.com,medspa,,1
Elysium Medical Group,elysiummedspa.com,,,yes,no_email,https://elysiummedspa.com,medspa,"semaglutide, tirzepatide, nad+",12
Embodi Hydration &amp; Wellness,embodihydration.com,,,,no_email,https://embodihydration.com,vendor,,0
"Enlighten Medical Group, Tucson",enlightenmedicalgroup.com,,,,no_email,https://enlightenmedicalgroup.com,vendor,,0
ENTYRE,entyreinc.com,,,,no_email,https://entyreinc.com,medspa,GLP-1 weight loss peptides,3
Envision Health and Wellness,envisionhealthlv.com,info@envisionhealthlv.com,info@envisionhealthlv.com,,no_peptides,https://envisionhealthlv.com,medspa,,0
Envista Medical,envistamedical.com,,,,no_email,,vendor,,0
En Vogue IV Therapy and Wellness,envogueivtherapyandwellness.com,,,yes,no_email,https://envogueivtherapyandwellness.com,medspa,"semaglutide, tirzepatide, nad+",13
EON Medical + Wellness,eonmeds.com,,,yes,no_email,https://eonmeds.com,vendor,,0
EOWC Medical,eowcmedical.com,,,yes,no_email,https://eowcmedical.com,medspa,"semaglutide, tirzepatide, bpc-157, tb-500, thymosin beta-4, thymosin alpha-1",15
"Epic Living Medical Center, Pleasanton",epiclivingmedicalcenter.com,,,yes,no_email,https://epiclivingmedicalcenter.com,medspa,"semaglutide, tirzepatide",8
Erectile Dysfunction Center of NYC,erectiledysfunctioncenternyc.com,,,yes,no_email,https://erectiledysfunctioncenternyc.com,medspa,,6
Eros Health,eroshealth.org,,,yes,no_email,https://eroshealth.org,medspa,GLP-1 weight loss peptides,3
Essential Me Aesthetics and Wellness (Formerly know as,essentialmespa.janeapp.com,essentialmespa@yahoo.com,essentialmespa@yahoo.com,yes,no_peptides,https://essentialmespa.janeapp.com,medspa,,0
"Esteem Med Spa, Fresno",esteemmedspa.com,,,,no_email,,vendor,,0
"Skarda Wellness, Longview",etxcounseling.com,info@etxcounseling.com,info@etxcounseling.com,yes,no_peptides,https://etxcounseling.com,vendor,,0
EveresT Men&#x27;s Health,everestmenshealth.com,,,yes,no_email,https://everestmenshealth.com,medspa,"semaglutide, tirzepatide",7
Evolution Weight Loss and Hormones,evolution4health.com,,,,no_email,,vendor,,0
"Evolution Health &#038; Wellness, Port Orange",evolutionwellnessclinic.com,tracy@evolutionwellnessclinic.com,tracy@evolutionwellnessclinic.com,,no_peptides,https://evolutionwellnessclinic.com,medspa,,0
"Evolve 865: Jill Larson, APN-B",evolve865.com,,,yes,no_email,https://evolve865.com,medspa,glutathione,5
Evolve Health &amp; Wellness,evolvehw.janeapp.com,,,yes,no_email,https://evolvehw.janeapp.com,vendor,"semaglutide, tirzepatide",3
"Evolve MD The Modern MedSpa, Port Orange",evolvemdmodernmedspa.com,,,yes,no_email,https://evolvemdmodernmedspa.com,medspa,"semaglutide, sermorelin",7
Evolve Medical Associates,evolvemetoday.com,,,yes,no_email,https://evolvemetoday.com,medspa,"semaglutide, tirzepatide",10
Ewing Weight Loss Clinic,ewingweightlossclinic.com,,,yes,no_email,https://ewingweightlossclinic.com,medspa,"semaglutide, tirzepatide",11
Express Health Systems,expresshealthsystems.com,,,yes,no_email,https://expresshealthsystems.com,medspa,"semaglutide, tirzepatide, nad+, ghk-cu",4
"Facey Stacey, Novi",faceystacey.com,,,,unreachable,,,,
Fresno Appetite Suppression Treatment,fast559.com,,,,no_email,https://fast559.com,vendor,semaglutide,1
Fast Clinical Weight Loss &amp; Body Renew,fastclinicalweightloss.com,fastclinicalandbodyrenew@gmail.com,fastclinicalandbodyrenew@gmail.com,,no_us_signal,https://fastclinicalweightloss.com/faq,medspa,GLP-1 weight loss peptides,4
Regal Weight Loss Fort Worth,fastweightlossdallas.com,,,yes,no_email,https://fastweightlossdallas.com,vendor,GLP-1 weight loss peptides,8
The DRIPBaR Fayetteville,fayetteville.thedripbar.com,,,,no_email,,vendor,,0
Figure Weight Loss,figureweightloss.com,,,yes,no_email,https://figureweightloss.com,medspa,"semaglutide, liraglutide",9
First Care Walk in Clinic,firstcarenashville.com,,,,no_email,https://firstcarenashville.com,vendor,,0
"Fit Lab Medical Weight Loss, Schaumburg",fitlabmedicalweightloss.com,,,,unreachable,,,,
FIT Medical Weight Loss,fitmedicalweightloss.com,,,yes,no_email,https://fitmedicalweightloss.com,medspa,"semaglutide, tirzepatide",5
Five Star Medical Clinic,fivestarmedicalclinic.com,,,yes,no_email,https://fivestarmedicalclinic.com,medspa,,1
Florida Alternative Medicine,flalternativemeds.com,,,yes,no_email,https://flalternativemeds.com,medspa,GLP-1 weight loss peptides,5
Wellness Concierge,flconcierge.com,,,,no_email,,vendor,,0
Florida Weight Loss and Wellness Clinic,floridaweightlossandwellness.com,,,,no_email,https://floridaweightlossandwellness.com,medspa,semaglutide,4
Flow IV &amp; Wellness Naples,flowiv.co,,,yes,no_email,https://flowiv.co,medspa,"semaglutide, tirzepatide, retatrutide, bpc-157, nad+, ipamorelin",26
Fluid Aesthetics &amp; Wellness,fluidaestheticsandwellness.com,,,,no_email,,vendor,,0
Forever Young LLC,foreveryoungmed.com,,,,unreachable,,,,
Integrative Health,fortwayneintegrative.com,,,yes,no_email,https://fortwayneintegrative.com,medspa,semaglutide,3
"Forum Health, Weslaco",forumhealthlascolinas.com,,,yes,no_email,https://forumhealthlascolinas.com,medspa,GLP-1 weight loss peptides,6
"Forum Health Rochester Hills, Rochester Hills",forumhealthrochesterhills.com,,,yes,no_email,https://forumhealthrochesterhills.com,medspa,GLP-1 weight loss peptides,5
Forward Natural Medicine,forwardnaturalmed.com,,,yes,no_email,https://forwardnaturalmed.com,medspa,"nad+, glutathione",6
"Foundation Health and Wellness, LLC.",foundationhw.com,,,yes,no_email,https://foundationhw.com,medspa,"semaglutide, tirzepatide",12
Ignacio Guzman A Professional Medical Corporation,fresnointegrativemd.com,,,yes,no_email,https://fresnointegrativemd.com,medspa,"bpc-157, ipamorelin, glutathione",6
Full Potential HRT Clinic,fullpotentialmen.com,,,yes,no_email,https://fullpotentialmen.com,medspa,"semaglutide, tirzepatide, sermorelin, ghrp-2",10
Rejuvenation Medical Aesthetics,functionalwellnessnow.com,,,yes,no_email,https://functionalwellnessnow.com,medspa,"bpc-157, epithalon, ghk-cu, aod-9604",6
"Functional Wellness &#038; Aesthetics, Keizer",functionwellsalem.com,,,,unreachable,,,,
"Gallant Lion Medical, Bellingham",gallantlionmedical.com,,,yes,no_email,https://gallantlionmedical.com,medspa,"semaglutide, glutathione",6
"GARD WELLNESS SOLUTIONS/BRYAN GARD, PA-C",gardwellnesssolutions.com,,,yes,no_email,https://gardwellnesssolutions.com,medspa,"semaglutide, tirzepatide, bpc-157, thymosin beta-4, thymosin alpha-1, nad+",30
"Genesis Lifestyle Medicine, West Valley City",genesislifestylemedicine.com,,,,unreachable,,,,
genotropin,genotropin.com,,,yes,no_email,https://genotropin.com,medspa,,0
"Gentle Giant Care, LLC",gentlegiantcarellc.com,,,,no_email,https://gentlegiantcarellc.com,medspa,,1
Georgetown Wellness &amp; Weightloss Clinic,georgetownwellnessweightloss.com,,,,no_email,https://georgetownwellnessweightloss.com,medspa,"semaglutide, tirzepatide",4
"Alexandra Sowa, MD",getsowell.com,support@getsowell.com,support@getsowell.com,,no_us_signal,https://getsowell.com,vendor,"semaglutide, tirzepatide",7
Genesis Health Institute,ghinstitute.com,,,yes,no_email,https://ghinstitute.com,medspa,"semaglutide, sermorelin, tesamorelin, pt-141, glutathione",8
Gigi&#x27;s Glo&amp;Go PLLC,gigismedspa4u.com,gceniceros0051@gmail.com,gceniceros0051@gmail.com,yes,no_peptides,https://gigismedspa4u.com,medspa,,0
SKINovative,gilbertmedspa.com,,,,no_email,,vendor,,0
"Gastrointestinal &#038; Non-Surgical Weight Loss Solutions, Arcadia",gisolutionsla.com,,,,no_email,,vendor,,0
GIV Wellness-Mobile IV Therapy,givwellness.co,,,,no_email,,vendor,,0
"Glow Medical Aesthetics, Weight Loss, Wellness &amp; Primary Care",glowmed.com,,,yes,no_email,https://glowmed.com,medspa,"semaglutide, tirzepatide, nad+, sermorelin, glutathione",9
"Glow Medical Aesthetics, Pleasanton",glowpleasanton.com,glowaestheticspleasanton@gmail.com,glowaestheticspleasanton@gmail.com,yes,no_peptides,https://glowpleasanton.com/about-us,medspa,,0
"Glow Up Aesthetics Kalamazoo, Kalamazoo",glowup-aesthetics.com,,,,no_email,https://glowup-aesthetics.com,medspa,,0
GoBeyond Aesthetics &amp; Lifestyle Medicine,gobeyondaesthetics.com,,,,unreachable,,,,
"Metabolic Medical Centers, Mount Pleasant",goingmetabolic.com,mmcmtpleasant@gmail.com,mmcmtpleasant@gmail.com; mmcwestashley@gmail.com; mmcinlet@gmail.com; carolinametabolic2021@gmail.com,yes,already known,https://goingmetabolic.com,vendor,nad+,5
"Goldfinger&#8217;s Aesthetics &#038; Plastic Surgery, Ocala",goldfingersaesthetics.com,,,yes,no_email,https://goldfingersaesthetics.com,medspa,semaglutide,1
Gorg! Wellness &amp; Aesthetics,gorglifestyle.com,,,,no_email,,vendor,,0
The DRIPBaR Grand Rapids IV Therapy &amp; Medical Weight Loss —,grand-rapids.thedripbar.com,,,,no_email,,vendor,,0
Great Life Medical PC,greatlife-medical.com,,,yes,no_email,https://greatlife-medical.com,medspa,"tirzepatide, retatrutide",6
Great Shot,greatshothealth.com,,,yes,no_email,https://greatshothealth.com,medspa,nad+,5
Greensboro Med Spa,greensboromedspa.com,,,,unreachable,,,,
The Bariatric Clinic,greenville.bariatricclinic.net,,,yes,no_email,https://greenville.bariatricclinic.net,medspa,"semaglutide, tirzepatide",7
GR Medical Weight Management,grmedicalweightmanagement.com,,,,no_email,https://grmedicalweightmanagement.com,medspa,sermorelin,4
"Groov Wellness, San Antonio",groovhealthwellness.com,,,yes,no_email,https://groovhealthwellness.com,medspa,"semaglutide, tirzepatide, retatrutide, bpc-157, tb-500, ipamorelin",13
Gulf Coast Institute Of Anti Aging,gulfcoastrejuvenation.com,,,yes,no_email,https://gulfcoastrejuvenation.com,medspa,"semaglutide, tirzepatide, nad+, sermorelin, ghk-cu",10
"Halo Med Spa, Albuquerque",halomedspaabq.com,,,,unreachable,,,,
Happy Hormones &amp; beauty Cabin Med Spa,happyhormonesbeautycabin.com,,,yes,no_email,https://happyhormonesbeautycabin.com,medspa,GLP-1 weight loss peptides,3
"Harmony Place, Los Angeles",harmonyplace.com,info@harmonyplace.com,info@harmonyplace.com,yes,no_peptides,https://harmonyplace.com,medspa,,0
"HB Pharmacy, Philadelphia",hbpharmacy.com,info@hbpharmacy.com,info@hbpharmacy.com; pharmacist@hbpharmacy.com; %20info@hbpharmacy.com; %20pharmacist@hbpharmacy.com,yes,no_peptides,https://hbpharmacy.com,medspa,,0
HCA Florida Medical and Surgical Weight Loss Specialists —,hcafloridaphysicians.com,,,,unreachable,,,,
"Health Dimensions Clinical Pharmacy, Farmington Hills",hdrx.com,,,yes,no_email,https://hdrx.com,medspa,,1
"The Healing Sanctuary- Integrative Medicine &#038; IV Therapy, Idaho F",healingsanctuary.clinic,,,yes,no_email,https://healingsanctuary.clinic,medspa,glutathione,4
Healsend,healsend.com,,,yes,no_email,https://healsend.com,medspa,"semaglutide, tirzepatide",5
Integrative Healthcare of Huntsville,healthcarehuntsville.com,,,,no_email,,vendor,,0
"Healthy Outlook, Inc.",healthyoutlookjax.com,krischislett@gmail.com,krischislett@gmail.com,yes,already known,https://healthyoutlookjax.com,medspa,"semaglutide, tirzepatide",5
Healthy Steps Medical Weight Loss,healthystepsmd.com,,,yes,no_email,https://healthystepsmd.com,medspa,"semaglutide, tirzepatide",3
Healthy Weight Loss Dietitian,healthyweightlossrd.com,kayleyegeorge@gmail.com,kayleyegeorge@gmail.com,,no_us_signal,https://healthyweightlossrd.com,vendor,GLP-1 weight loss peptides,2
Health and Wellness Pros,healthywellnesspros.com,,,,no_email,https://healthywellnesspros.com/contact-us,medspa,,0
Hero Men&#x27;s Health,heromenshealth.com,,,yes,no_email,https://heromenshealth.com,medspa,,1
Heva Health,hevahealth.com,support@hevahealth.com,support@hevahealth.com,,no_us_signal,https://hevahealth.com,medspa,"semaglutide, tirzepatide",10
National HRT,hgha.com,info@hgha.com,info@hgha.com,yes,already known,https://hgha.com,medspa,"sermorelin, ghrp-6",4
Healthy Habits Weight Loss,hhweightloss.net,,,,unreachable,,,,
Hormone Health and Wellness of the Palm Beaches,hhwpalmbeach.com,,,yes,no_email,https://hhwpalmbeach.com,medspa,GLP-1 weight loss peptides,4
Hidration IV &amp; Wellness Spa &amp; Vibe Wellness,hidrationiv.com,,,yes,no_email,https://hidrationiv.com,medspa,"semaglutide, tirzepatide, nad+",11
"Hillside Weight Loss &#038; TRT, Baytown",hillsidefunctionalhealth.com,,,,unreachable,,,,
"H/K/B Concord Cosmetic Surgery, Concord",hkbsurgery.com,,,yes,no_email,https://hkbsurgery.com,medspa,,0
Thin Spot Inc,hollandclinic.com,,,yes,no_email,https://hollandclinic.com,medspa,"semaglutide, tirzepatide, liraglutide",12
Anti Aging Zone,home.antiagingzone.net,,,,unreachable,,,,
"HomeTown NP, Oak Lawn",hometownnp.com,,,,no_email,,vendor,,0
Horizons Weight Loss,horizonsweightloss.com,,,,no_email,https://horizonsweightloss.com,medspa,nad+,1
"Horizon Weight Loss, Port Orange",horizonweightloss.com,,,yes,no_email,https://horizonweightloss.com,medspa,GLP-1 weight loss peptides,4
Hormone &amp; Health Medical Center,hormoneandhealthfl.com,,,,unreachable,,,,
The Hormone Center,hormonecenter.net,,,,no_email,,vendor,,0
Hormone Health and Weight Loss of Huntsville,hormonehealthandweightloss.com,support@hormonehealthandweightloss.com,support@hormonehealthandweightloss.com,,no_us_signal,https://hormonehealthandweightloss.com,medspa,GLP-1 weight loss peptides,6
Hormone Health and Fibromyalgia Specialists of AL: Jana,hormonehealthofal.com,office@hormonehealthofal.com,office@hormonehealthofal.com,yes,no_peptides,https://hormonehealthofal.com,medspa,,0
San Antonio Hormone Replacement Therapy Clinic,hormonehelphub.com,,,,unreachable,,,,
Healthnet Hormone Insurance Clinic,hormoneinsuranceclinic.com,,,yes,no_email,https://hormoneinsuranceclinic.com,medspa,,1
Hormone Logics,hormonelogics.com,,,yes,no_email,https://hormonelogics.com,medspa,GLP-1 weight loss peptides,7
NYC Hormone Replacement Therapy Doctor,hormonereplacementdoctor.com,,,,no_email,,vendor,,0
Hormones And Wellness of Utah,hormonesandwellnessofutah.com,,,,no_email,,vendor,,0
HormoneSynergy Clinic® / Dr. Kathyrn Retzler,hormonesynergy.com,,,yes,no_email,https://hormonesynergy.com,medspa,"semaglutide, tirzepatide",7
"Hotchandani Laser Vein and Cosmetic Surgery, Appleton",hotchlaser.com,,,,no_email,,vendor,,0
"Hourglass Wellness &#038; Aesthetics, Cranston",hourglasshealthbeauty.com,,,,unreachable,,,,
OB Men,houstonmensclinic.com,,,yes,no_email,https://houstonmensclinic.com,medspa,"semaglutide, tirzepatide, nad+, ipamorelin, sermorelin, kisspeptin",13
Houston Weight Loss Center,houstonweightloss.com,,,yes,no_email,https://houstonweightloss.com,medspa,"semaglutide, tirzepatide, liraglutide, nad+, sermorelin",13
Houston Wellness &amp; Aesthetics,houstonwellnessaesthetics.com,,,yes,no_email,https://houstonwellnessaesthetics.com,medspa,"semaglutide, tirzepatide, nad+, glutathione",16
Huey Holistic,hueyholistic.com,,,,unreachable,,,,
Hy-Tech Weight Loss,hytechweightloss.com,,,yes,no_email,https://hytechweightloss.com,medspa,GLP-1 weight loss peptides,2
Center for Integrative and Age-Management Medicine (IAAM &amp;,iaamed.com,,,yes,no_email,https://iaamed.com,medspa,,3
iCRYO Cryotherapy + iV Therapy + Body Sculpting + Red Light,icryo.com,,,yes,no_email,https://icryo.com,medspa,nad+,6
Idaho Bariatric and Metabolic Institute,idahobmi.com,info@idahobmi.com,info@idahobmi.com; billing@idahobmi.com,yes,no_peptides,https://idahobmi.com,medspa,,0
Idaho Weight Loss,idahoweightloss.com,,,,unreachable,,,,
Ideal Me,idealmerva.com,,,,unreachable,,,,
Ideal Weight Rx Inc,idealweight.janeapp.com,,,yes,no_email,https://idealweight.janeapp.com,medspa,,0
Ideal Protein Weight Loss Center Las Vegas,idealweightloss.vegas,maggie@idealweightloss.vegas,maggie@idealweightloss.vegas,yes,no_peptides,https://idealweightloss.vegas,vendor,,0
Ideal Wellness Weightloss Clinics of Colorado,idealwellnessclinics.com,,,yes,no_email,https://idealwellnessclinics.com,vendor,GLP-1 weight loss peptides,3
Ignite Wellness,ignitewellnessms.com,,,,no_email,https://ignitewellnessms.com,vendor,,2
Illume Cosmetic Surgery &#038; MedSpa,illumecosmeticsurgery.com,,,yes,no_email,https://illumecosmeticsurgery.com,medspa,,0
Illume Fertility,illumefertility.com,,,yes,no_email,https://illumefertility.com,medspa,,0
Integrative Medicine Orange County,imoc.health,,,,unreachable,,,,
"Southern Indiana Aesthetic &#038; Plastic Surgery, Bloomington",indianaaesthetics.com,,,yes,no_email,https://indianaaesthetics.com,medspa,"semaglutide, tirzepatide",11
Indiana Weight Loss,indianaloseweight.com,,,yes,no_email,https://indianaloseweight.com,medspa,"semaglutide, tirzepatide",3
Indianapolis Peptide Testosterone Replacement Therapy Group —,indianapolis.hormoneglow.net,,,,no_email,https://indianapolis.hormoneglow.net,vendor,,0
Infinite Medical Group,infinitemedicalgroup.com,,,,no_email,,vendor,,0
Infinite Wellness Hormone Specialists: Dr. Vanessa Mack,infinitewellness-az.com,,,yes,no_email,https://infinitewellness-az.com,medspa,semaglutide,8
Infinity Health Clinic,infinityhealthclinic.com,,,yes,no_email,https://infinityhealthclinic.com,medspa,semaglutide,2
"Injection and Infusion Clinic of Albuquerque, New Mexico, Albuquerque",infusionclinicabq.com,,,,no_email,,vendor,,0
"Infuze MD, Milpitas",infuzemd-rx.com,info@infuzemd-rx.com,info@infuzemd-rx.com,yes,no_peptides,https://infuzemd-rx.com,vendor,,0
Institute For Hormonal Balance: Lee Edwin MD,instituteofhormonalbalance.com,,,yes,no_email,https://instituteofhormonalbalance.com,medspa,bpc-157,2
Kare Health And Wellness,integrativehealthcarespringfieldmo.com,,,yes,no_email,https://integrativehealthcarespringfieldmo.com,medspa,"semaglutide, tirzepatide, retatrutide",8
Integrity Wellness MD,integritywellnessmd.com,cpozo@integritywellnessmd.com,cpozo@integritywellnessmd.com,yes,no_peptides,https://integritywellnessmd.com,vendor,,0
"InterveneMD, Mount Pleasant",intervenemd.com,,,yes,no_email,https://intervenemd.com,medspa,GLP-1 weight loss peptides,9
"In Touch Wellness Center, Phoenix",intouchwellnesscenter.com,,,yes,no_email,https://intouchwellnesscenter.com,medspa,"semaglutide, glutathione",4
Invigorate Health,invigoratehealthtn.com,,,yes,no_email,https://invigoratehealthtn.com,medspa,"nad+, glutathione",9
In Shape MD Chattanooga,ismdchattanooga.com,,,,no_email,,vendor,,0
"iThriveMD, San Diego",ithrivemd.com,,,yes,no_email,https://ithrivemd.com,medspa,"semaglutide, tirzepatide, nad+, sermorelin, pt-141, ghk-cu",22
"IVFusionMD, Auburn",ivfusionmd.com,,,yes,no_email,https://ivfusionmd.com,medspa,"nad+, glutathione",3
IVitamin IV Lounge,ivitamintherapy.com,,,yes,no_email,https://ivitamintherapy.com,medspa,"nad+, glutathione",5
IntraVenous Solutions,ivsolns.com,,,yes,no_email,https://ivsolns.com,medspa,"nad+, glutathione",6
AlphaWorks Testosterone Therapy,jackson-kz.puresthormonecare.com,,,,no_email,https://jackson-kz.puresthormonecare.com,vendor,,0
The Family MD for Weight Loss &amp; Wellness,jacksonmsweightloss.com,,,yes,no_email,https://jacksonmsweightloss.com,medspa,"semaglutide, tirzepatide",6
Peptide Testosterone Semaglutide Sermorelin Therapy Clinic —,jacksonvilleq.peptideedge.com,,,,no_email,https://jacksonvilleq.peptideedge.com,vendor,,0
Jersey Health and Wellness,jerseyhealthandwellness.com,,,,unreachable,,,,
Jersey Weight Loss Clinic,jerseyweightlossclinic.com,,,,no_email,,vendor,,0
Jiva Med Spa Dayton,jivamedspa.com,,,yes,no_email,https://jivamedspa.com,medspa,semaglutide,6
Smyer J Robert MD,johnsmyermd.com,,,yes,no_email,https://johnsmyermd.com,medspa,,3
ELIXIUM HEALTH,joinelixium.com,,,,no_email,,vendor,,0
JourneyLite Physicians,journeylite.com,,,yes,no_email,https://journeylite.com,medspa,GLP-1 weight loss peptides,3
JoyRich Medical,joyrichmedical.com,,,,no_email,,vendor,,0
John R Smyer MD,jsmyermd.com,,,yes,no_email,https://jsmyermd.com,medspa,,3
"JumpstartMD, Pleasanton",jumpstartmd.com,,,yes,no_email,https://jumpstartmd.com,medspa,"semaglutide, tirzepatide, liraglutide, exenatide, sermorelin, tesamorelin",25
Just You Aesthetics,justyoutyler.com,,,yes,no_email,https://justyoutyler.com,medspa,retatrutide,7
K2 Restorative Medicine &amp; Med-Spa,k2restorativemedicine.com,,,yes,no_email,https://k2restorativemedicine.com,medspa,,0
Kaado MD Aesthetics and Anti-Aging Medicine,kaadomd.com,,,yes,no_email,https://kaadomd.com,medspa,GLP-1 weight loss peptides,9
Kalologie Medspa,kalologie.com,,,,no_email,https://kalologie.com,medspa,"nad+, glutathione",4
"Katalyst Wellness, San Diego",katalystwellness.com,,,yes,no_email,https://katalystwellness.com,medspa,"semaglutide, tirzepatide, bpc-157, tb-500, thymosin beta-4, thymosin alpha-1",25
Denver Hormone Institute of Colorado,kentonbruicemd.com,,,yes,no_email,https://kentonbruicemd.com,medspa,"semaglutide, tirzepatide, bpc-157, thymosin alpha-1, nad+, ipamorelin",18
PRP InnerBalance,killeen.agelesshorizon.com,,,,unreachable,,,,
KIYA Longevity,kiyalongevity.com,,,,unreachable,,,,
KJ Relaxin Medical Spa,kjrelaxinmedicalspa.com,support@kjrelaxinmedicalspa.com,support@kjrelaxinmedicalspa.com,yes,no_peptides,https://kjrelaxinmedicalspa.com,medspa,,0
"La Belle Medical Spa, Merced",labellemedicalspa.com,,,,no_email,https://labellemedicalspa.com,medspa,,0
La Clinica Natural,laclinicanatural.com,,,yes,no_email,https://laclinicanatural.com,medspa,"nad+, glutathione",5
"LadyBelle Medical Spa, Fountain Valley",ladybellemedspa.com,,,yes,no_email,https://ladybellemedspa.com,medspa,,1
Lake Charles Urgent Care,lakecharlesurgentcare.com,,,yes,no_email,https://lakecharlesurgentcare.com,medspa,semaglutide,2
Laser Cliniqúe,laser-clinique.com,,,yes,no_email,https://laser-clinique.com,medspa,semaglutide,1
Laser Lipo &amp; Nutrition,laserliponutrition.com,,,,unreachable,,,,
"Laser MD Medspa, Philadelphia",lasermdmedspa.com,,,yes,no_email,https://lasermdmedspa.com,medspa,"semaglutide, nad+",4
"Louisville Laser Med Spa, Louisville",lasermenow.com,,,yes,no_email,https://lasermenow.com,medspa,semaglutide,4
Lavish Wellness &amp; Weight Loss Clinic,lavishwellnessmd.com,,,,no_email,,vendor,,0
LCT Medical,lctmed.net,,,yes,no_email,https://lctmed.net,medspa,semaglutide,2
"LeanMD, Manteca",leanmd.com,,,yes,no_email,https://leanmd.com,vendor,semaglutide,7
Legacy MD Anti-Aging Medicine,legacymd.org,info@legacymd.org,info@legacymd.org,,no_peptides,https://legacymd.org,vendor,,0
LetsLose Weight Loss and Wellness,letslose.com,,,yes,no_email,https://letslose.com,medspa,"semaglutide, tirzepatide",5
Level Up Health,leveluphere.com,,,,no_email,https://leveluphere.com,vendor,,0
Body By Leverett,leverettmd.com,,,,no_email,,vendor,,0
Lifefire Weight &amp; Wellness,lifefireweight.com,,,,no_email,,vendor,,0
LifeMed Institute,lifemedinstitute.com,,,yes,no_email,https://lifemedinstitute.com,medspa,"nad+, glutathione",10
Lifestyle Health: Weight Loss &amp; Wellness at Lahey Hospital &amp;,lifestyleweightloss.org,,,,unreachable,,,,
LifeXMD Bioidentical Hormone Optimization,lifexmd.com,,,,no_email,,vendor,,0
Stephen Dalton D.O.,limalubbock.com,,,yes,no_email,https://limalubbock.com,medspa,semaglutide,5
Lindora,lindora.com,,,,no_email,https://lindora.com,medspa,"semaglutide, tirzepatide, nad+, sermorelin",9
Lion&#x27;s Lead Health,lionsleadhealth.com,,,,unreachable,,,,
Liquid Mobile IV,liquidmobileivaz.janeapp.com,,,,no_email,https://liquidmobileivaz.janeapp.com,medspa,,0
Liquivida Wellness Center,liquividanj.com,,,yes,no_email,https://liquividanj.com,medspa,"bpc-157, tb-500, thymosin alpha-1, nad+, ipamorelin, sermorelin",22
LISSÈ Medical Aesthetics,lissemedspa.janeapp.com,info@lissemedspa.com,info@lissemedspa.com,,no_peptides,https://lissemedspa.janeapp.com,medspa,,0
Livea Weight Controls Centers,livea.com,,,yes,no_email,https://livea.com,medspa,"semaglutide, tirzepatide, bpc-157, nad+, ipamorelin, sermorelin",24
Live Better MD,livebettermd.com,,,yes,no_email,https://livebettermd.com,medspa,GLP-1 weight loss peptides,5
ELMNTL,liveelmntl.com,,,,unreachable,,,,
Live Healthy Hydrate,livehealthyhydrate.com,,,yes,no_email,https://livehealthyhydrate.com,medspa,"semaglutide, tirzepatide, nad+, sermorelin, glutathione",7
"LivelongRx Longevity and Wellness Clinic, Albuquerque",livelongrxclinic.com,,,yes,no_email,https://livelongrxclinic.com,medspa,"nad+, sermorelin, glutathione",7
LiveWellMD Weight Loss in San Diego,livewellmd.net,,,,no_email,https://livewellmd.net,medspa,,0
Livewell Passport of VA,livewellpassport.com,info@livewellpassport.com,info@livewellpassport.com,,no_us_signal,https://livewellpassport.com,medspa,,4
Livly Wellness,livlywellness.com,,,,no_email,https://livlywellness.com,medspa,GLP-1 weight loss peptides,2
Center for Medical Weight Loss; Long Island Weight Loss,liwli.com,,,yes,no_email,https://liwli.com,medspa,"semaglutide, tirzepatide, liraglutide",12
Lola&#x27;s Medical Spa &amp; Wellness,lolasmedspa.com,,,,no_email,https://lolasmedspa.com,medspa,,0
Lone Star Wellness Clinic,lone-starwellness.com,,,,no_email,https://lone-starwellness.com,medspa,GLP-1 weight loss peptides,2
Lonerock Clinic,lonerockclinic.com,welcomedesk@lonerockclinic.com,welcomedesk@lonerockclinic.com,yes,no_peptides,https://lonerockclinic.com,medspa,,0
"Lone Star Center for Health &#038; Wellness, San Antonio",lonestarcenters.com,,,yes,no_email,https://lonestarcenters.com,medspa,"semaglutide, tirzepatide, nad+, glutathione",15
Anti-Aging &amp; Longevity Center of Pittsburgh,longevity-and-antiaging-secrets.com,,,,unreachable,,,,
LongevityMed,longevitymed.com,,,yes,no_email,https://longevitymed.com,medspa,GLP-1 weight loss peptides,5
"Texas Primary Care Associates, Longview",longviewprimarycaretx.com,,,yes,no_email,https://longviewprimarycaretx.com,medspa,GLP-1 weight loss peptides,2
"Advanced Aesthetics Lopez Plastic Surgery: Manuel Lopez, MD, FACS, San",lopezplasticsurgery.com,,,yes,no_email,https://lopezplasticsurgery.com,medspa,"bpc-157, tb-500, nad+, ipamorelin, sermorelin, tesamorelin",20
Peptide Testosterone Semaglutide Sermorelin Therapy Clinic —,los-angelesw.purehormoneclinic.com,,,,no_email,https://los-angelesw.purehormoneclinic.com,vendor,,0
Weight Loss Solutions,lose20lbsin20.com,,,yes,no_email,https://lose20lbsin20.com,medspa,,0
Image Weight Loss,loseweightez.com,,,yes,no_email,https://loseweightez.com,medspa,"semaglutide, tirzepatide, retatrutide",7
"Louisville Center for Weight Loss, Jeffersontown",louisvillecenterforweightloss.com,,,,no_email,https://louisvillecenterforweightloss.com,vendor,,0
LouWellSpa,louwellspa.com,,,yes,no_email,https://louwellspa.com,medspa,glutathione,8
"Love Health, Holistic Primary Care, Lifestyle Medicine",lovehealthdpc.com,,,yes,no_email,https://lovehealthdpc.com,medspa,,0
"Lowcountry Male Clinic, Mount Pleasant",lowcountrymale.com,,,yes,no_email,https://lowcountrymale.com,medspa,"semaglutide, tirzepatide, nad+, sermorelin",15
Low T Center Arlington,lowtcenter.com,,,yes,no_email,https://lowtcenter.com,medspa,"semaglutide, tirzepatide, nad+, sermorelin, pt-141",15
LowTE Florida,lowteflorida.com,,,,no_email,,vendor,,0
Advanced Age Management,lowtohio.com,,,yes,no_email,https://lowtohio.com,medspa,GLP-1 weight loss peptides,7
"Lifestyle Solutions MedSpa, Ocala",lsmedspa.com,,,yes,no_email,https://lsmedspa.com/contact-us/,medspa,GLP-1 weight loss peptides,3
LT Clinics,ltmensclinic.com,,,yes,no_email,https://ltmensclinic.com,medspa,"semaglutide, tirzepatide, bpc-157, nad+, ipamorelin, sermorelin",22
Lumi Aesthetics,lumiaesthetics.com,,,yes,no_email,https://lumiaesthetics.com,medspa,"nad+, glutathione, semaglutide, tirzepatide",9
Luminary Peptides,luminarypeptides.com,,,,no_email,https://luminarypeptides.com,vendor,GLP-1 weight loss peptides,4
"Lumos Care, Bellingham",lumos-care.com,,,,unreachable,,,,
Lux beauty,luxbeautymodesto.com,,,,no_email,,vendor,,0
Lux Medical OC,luxmedicaloc.com,,,yes,no_email,https://luxmedicaloc.com,medspa,"semaglutide, tirzepatide, retatrutide, nad+, epithalon, glutathione",10
"Luxx Hydration &#038; Wellness, Appleton",luxxhydrationwellness.com,,,,unreachable,,,,
"Lytle Plastic Surgery, Dearborn Heights",lytleplasticsurgery.com,,,yes,no_email,https://lytleplasticsurgery.com/pages/contact,medspa,GLP-1 weight loss peptides,4
Modern Aesthetic Centers,macflorida.com,,,yes,no_email,https://macflorida.com,medspa,,0
Magnus Medical Health and Wellness,magnusmedicalhwc.com,,,,unreachable,,,,
"Majestic Aesthetics &#038; Wellness, Twin Falls",majesticaestheticswellness.com,,,yes,no_email,https://majesticaestheticswellness.com,medspa,semaglutide,3
"Majestic Beauty Spa PLLC, Buckeye",majesticbeautyspa.com,,,yes,no_email,https://majesticbeautyspa.com,medspa,,2
Male Anti-Aging Institute,maleantiaginginstitute.com,,,,no_email,,vendor,,0
"Medical Aesthetics Regenerative Center, Gastonia",marc-wellness.com,,,yes,no_email,https://marc-wellness.com,medspa,semaglutide,4
Marissa Magsino MD FAARM,marissamagsino.com,,,,unreachable,,,,
"Marty Chiropractic &#038; Wellness, Lakeville",martychiropracticandwellness.com,,,yes,no_email,https://martychiropracticandwellness.com,medspa,,0
"MBH Wellness Clinic, Goodyear",mbhwellnessclinic.org,,,,unreachable,,,,
"Premier Physicians: Srinivas Kota, MD",mdkota.com,,,,no_email,,vendor,,0
MD Weight Loss and Aesthetics,mdweightlossandaesthetics.com,,,,no_email,https://mdweightlossandaesthetics.com,medspa,,0
"Pounds Off Medical Center (Doctors), Chino Hills",mdweightlossca.com,mdweightlossca@gmail.com,mdweightlossca@gmail.com,yes,already known,https://mdweightlossca.com,medspa,"semaglutide, tirzepatide, nad+, glutathione",18
Medical Weight Loss by Healthogenics,mdwls.com,,,yes,no_email,https://mdwls.com,medspa,"semaglutide, tirzepatide",5
Infinity Med-I-Spa,med-i-spa.com,,,yes,no_email,https://med-i-spa.com,medspa,semaglutide,10
MedFit America,medfitamerica.com,,,,no_email,,vendor,,0
Medical Anti-Aging,medicalantiaging.com,,,yes,no_email,https://medicalantiaging.com,medspa,,0
Medical Offices of Manhattan,medicalofficesofmanhattan.com,,,yes,no_email,https://medicalofficesofmanhattan.com,medspa,GLP-1 weight loss peptides,3
Medical Weight Management Center,medicalweightcenter.com,kholtmeier@medicalweightcenter.com,kholtmeier@medicalweightcenter.com,yes,no_peptides,https://medicalweightcenter.com,medspa,,0
Medical Weight Loss &amp; Wellness of Wisconsin,medicalweightlossandwellness.com,,,,no_email,,vendor,,0
"Medical Wellness Solutions, Auburn",medicalwellnesssolutions.com,,,yes,no_email,https://medicalwellnesssolutions.com,medspa,"semaglutide, tirzepatide",13
Medi Slim Weight Loss,medislimnow.com,,,yes,no_email,https://medislimnow.com,medspa,"semaglutide, tirzepatide, retatrutide",6
"Medshape Weight Loss Clinic, Philadelphia",medshapeweightloss.com,,,yes,no_email,https://medshapeweightloss.com,medspa,"semaglutide, tirzepatide, nad+, ipamorelin, sermorelin, tesamorelin",27
Serenity Mind and Body Solutions,medspaandwellnesscliniclakelandfl.com,,,yes,no_email,https://medspaandwellnesscliniclakelandfl.com,medspa,"sermorelin, glutathione",3
MedSpa of Chattanooga,medspaofchattanooga.com,icare@medspaofchattanooga.com,icare@medspaofchattanooga.com,,no_peptides,https://medspaofchattanooga.com,medspa,,0
Med Weightloss Az,medweightloss-az.com,,,,no_email,,vendor,,0
Medical Weight Loss Centers of Arizona,medweightlossaz.com,,,yes,no_email,https://medweightlossaz.com,vendor,,0
The Men’s Clinic by Hollytree Health,mensclinictx.com,,,yes,no_email,https://mensclinictx.com,medspa,,5
The Men&#x27;s Health Center,menshealthcenter.com,,,,no_email,,vendor,,0
Men&#x27;s Vitality Center &amp; Vitality Internal Medicine,mensvitalitycenter.com,,,yes,no_email,https://mensvitalitycenter.com,medspa,semaglutide,11
Men&#x27;s Vitality MD,mensvitalitymd.com,,,,no_email,https://mensvitalitymd.com,vendor,,0
Men&#x27;s Wellness Centers,menswellnesscenters.com,,,yes,no_email,https://menswellnesscenters.com,vendor,,0
Scottsdale Weight Loss Center Glendale,messenger.mindbodyonline.com,,,,no_email,https://messenger.mindbodyonline.com,vendor,,0
Method Health,methodhealth.com,,,,no_email,,vendor,,0
"MeTime Wellness Spa, Tanning &#038; More, Goodyear",metimeaz.com,,,,no_email,,vendor,,0
MetTrimMD Dallas,mettrimmd.com,,,,no_email,,vendor,,0
University of Minnesota Health Comprehensive Weight,mhealth.org,,,yes,no_email,https://mhealth.org,medspa,,0
Miami Bariatric and Plastic Surgery,miamibariatricplasticsurgery.com,miamibarplasurgery@gmail.com,miamibarplasurgery@gmail.com,yes,already known,https://miamibariatricplasticsurgery.com,medspa,"semaglutide, tirzepatide, bpc-157, tb-500, nad+, sermorelin",25
"Aesthetic Plastic Surgery &#038; Laser Center, Michelle Hardaway M.D.,",michellehardawaymd.com,,,yes,no_email,https://michellehardawaymd.com,medspa,,0
"Forum Health Medical Weight Loss, Novi",michiganmedicalweightloss.com,,,yes,no_email,https://michiganmedicalweightloss.com/about-us,medspa,GLP-1 weight loss peptides,4
Midlands Medical Wellness Center LLC,midlandsmedwc.com,,,yes,no_email,https://midlandsmedwc.com,medspa,,2
Millenia Medical Center,milleniamedicalcenter.com,,,,unreachable,,,,
"Medical Innovative Solutions for Beauty, Intimacy &amp; Wellness",misbiw.com,,,,no_email,,vendor,,0
Mission Weight Management,missionhealthphysicians.org,,,yes,no_email,https://missionhealthphysicians.org/contact-us,medspa,,0
Missouri Medical Clinic,missourimedicalclinic.com,,,yes,no_email,https://missourimedicalclinic.com,vendor,GLP-1 weight loss peptides,7
MKE Aesthetics &amp; Wellness,mkeaesthetics.com,,,,no_email,https://mkeaesthetics.com,medspa,,0
"M.L. Med Spa, Tucson",mlmedspas.com,appointments@mlmedspas.com,mlmedspas@gmail.com; appointments@mlmedspas.com,yes,no_peptides,https://mlmedspas.com,medspa,,0
Modern Body Clinic,modernbodyclinic.com,,,yes,no_email,https://modernbodyclinic.com,medspa,semaglutide,6
Modern Wellness,modernwellness.live,,,,unreachable,,,,
modMD,modmd.com,,,yes,no_email,https://modmd.com,medspa,"semaglutide, tirzepatide, nad+, glutathione",7
ModoGen Medical,modogen.com,,,yes,no_email,https://modogen.com,medspa,"semaglutide, tirzepatide",6
Moi Health and Wellness,moihealthandwellness.com,,,,no_email,https://moihealthandwellness.com,vendor,,1
Monarch Medical Weight Loss Center,monarchmedical.net,,,yes,no_email,https://monarchmedical.net,medspa,GLP-1 weight loss peptides,4
Moreno Valley HCG Therapy Clinic,moreno-valley.hcgvitalclinic.com,,,,no_email,https://moreno-valley.hcgvitalclinic.com,vendor,,0
Mountain West Medical Clinic,mountainwestmedicalclinic.com,info@mountainwestmedicalclinic.com,info@mountainwestmedicalclinic.com,yes,no_peptides,https://mountainwestmedicalclinic.com,medspa,,0
Medical Weight Loss Clinic,mwlc.com,info@mwlc.com,info@mwlc.com,yes,already known,https://mwlc.com,medspa,GLP-1 weight loss peptides,3
Virta Health,my.virtahealth.com,,,,no_email,https://my.virtahealth.com,vendor,,0
"Jamie Gabel, PA-C, MS",myadvitam.com,,,yes,no_email,https://myadvitam.com,medspa,"semaglutide, tirzepatide, nad+",14
Compassionate Wellness,mycompassionatewellness.com,info@mycompassionatewellness.com,info@mycompassionatewellness.com,,no_us_signal,https://mycompassionatewellness.com,medspa,,1
My Harmony Weight Loss,myharmonyweightloss.com,,,yes,no_email,https://myharmonyweightloss.com,medspa,"semaglutide, tirzepatide, liraglutide",11
LUMINANCE REGENERATIVE BEAUTY &amp; WELLNESS,myluminance.com,,,yes,no_email,https://myluminance.com,medspa,GLP-1 weight loss peptides,8
Optimized Wellness,myoptimizedwellness.com,,,yes,no_email,https://myoptimizedwellness.com,medspa,"semaglutide, tirzepatide",7
Revitalize Wellness,myrevitalizewellness.com,,,,no_email,,vendor,,0
Unique Aesthetics &amp; Wellness,myuniqueaesthetics.com,,,yes,no_email,https://myuniqueaesthetics.com,medspa,nad+,3
Vibrant Life,myvibrantlife.co,,,yes,no_email,https://myvibrantlife.co,medspa,,1
"Wellness Rx Clinic, Arlington Heights",mywellnessrxclinic.com,impallari@gmail.com,impallari@gmail.com; wellnessrx55@gmail.com,yes,already known,https://mywellnessrxclinic.com,medspa,"semaglutide, nad+, sermorelin, glutathione",9
"Nabi Medical Aesthetics, Scranton",nabimedicalaesthetics.com,,,,unreachable,,,,
Naples Clinic,naples-clinic.com,,,,unreachable,,,,
Naples Elite Health Institute,napleselitehealthinstitute.com,,,yes,no_email,https://napleselitehealthinstitute.com,medspa,,2
Nashville Testosterone Replacement Therapy Clinic,nashville.trtbestprovider.com,,,,no_email,https://nashville.trtbestprovider.com,vendor,,0
Nava Aesthetics,navaaesthetics.com,,,yes,no_email,https://navaaesthetics.com,medspa,,0
(The Neighborhood Clinic) Carlos M Tellechea MD,neighborhood-clinic.com,amkryukov@gmail.com,amkryukov@gmail.com,,no_us_signal,https://neighborhood-clinic.com,vendor,"semaglutide, tirzepatide, glutathione",6
Peptide Testosterone Semaglutide Sermorelin Therapy Clinic —,new-yorkr.peptideedge.com,,,,no_email,https://new-yorkr.peptideedge.com,vendor,,0
"New Era Wellness Center, San Antonio",newerawellnesscenter.com,,,,no_email,https://newerawellnesscenter.com,medspa,,1
New Hope Weight Loss,newhopeweightloss.net,,,yes,no_email,https://newhopeweightloss.net,medspa,"semaglutide, tirzepatide",13
"New Horizons MedSpa, Phoenix",newhorizonsmedspa.com,newhorizonsforwards@gmail.com,newhorizonsforwards@gmail.com,yes,already known,https://newhorizonsmedspa.com,medspa,semaglutide,3
"New Life Cosmetic Surgery and Wellness Center, Weslaco",newlifergv.com,,,yes,no_email,https://newlifergv.com,vendor,,1
New Life Wellness Services,newlifewellnesspittsburgh.com,,,,unreachable,,,,
Vitality Wellness Group,neworleanshormonetherapy.com,,,yes,no_email,https://neworleanshormonetherapy.com,medspa,"bpc-157, tb-500, thymosin beta-4, nad+, sermorelin, pt-141",13
"New Pain Solutions, Weslaco",newpainsolutions.com,,,yes,no_email,https://newpainsolutions.com,vendor,,0
Newport Beach Weight Loss,newportbeachweightloss.com,,,yes,no_email,https://newportbeachweightloss.com,medspa,glutathione,5
New Results Medical Weight Loss,newresultsmedicalweightloss.com,,,yes,no_email,https://newresultsmedicalweightloss.com,medspa,"semaglutide, tirzepatide, bpc-157, nad+, ipamorelin, sermorelin",21
"New Skin Laser Center, Woodland",newskinlaser.com,,,yes,no_email,https://newskinlaser.com,medspa,sermorelin,2
NewU Hydration Lounge,newuhl.janeapp.com,,,yes,no_email,https://newuhl.janeapp.com,medspa,nad+,4
New Weigh Weight Loss Center,newweighweightlosscenters.com,,,,no_email,,vendor,,0
NexGenesis Healthcare Hawaii,nexgenesishealthcare.com,,,yes,no_email,https://nexgenesishealthcare.com,medspa,,1
"NexGen Health and Wellness, Bartlett",nexgenhnw.com,nexgenhealthclinic@gmail.com,nexgenhealthclinic@gmail.com,yes,already known,https://nexgenhnw.com,medspa,"semaglutide, tirzepatide, retatrutide, nad+",14
Next Level TRT,nextleveltrt.com,,,,no_email,,vendor,,0
North Florida Medical Weight Loss,nfmedicalweightloss.com,,,,unreachable,,,,
New Jersey Bariatric Center Hoboken Office,njbariatriccenter.com,,,yes,no_email,https://njbariatriccenter.com,medspa,"semaglutide, tirzepatide, liraglutide",8
NJ Primary Care,njprimary.com,,,yes,no_email,https://njprimary.com,medspa,"semaglutide, tirzepatide",8
NOLA Hydration Aesthetics &amp; Wellness,nolahydration.com,hydrationstationnola@gmail.com,hydrationstationnola@gmail.com,yes,already known,https://nolahydration.com,medspa,"semaglutide, tirzepatide, nad+, glutathione",10
Pure Vitality HCG Therapy Clinic,norfolk.hcgvitalityclinic.com,,,,no_email,https://norfolk.hcgvitalityclinic.com,vendor,,0
Gudgel Aesthetics,normanmedspa.com,,,,no_email,https://normanmedspa.com,medspa,ghk-cu,7
"North Broward Chiropractic &#038; Wellness, Coconut Creek",northbrowardwellness.com,,,yes,no_email,https://northbrowardwellness.com,medspa,semaglutide,6
North Peak Hormone and Wellness,northpeakhormone.com,,,yes,no_email,https://northpeakhormone.com,medspa,"semaglutide, tirzepatide",7
"Nourish &#038; Flourish Clinic, Idaho Falls",nourishandflourishclinic.com,,,,no_email,https://nourishandflourishclinic.com,vendor,,0
Novant Health Bariatric Solutions,novanthealth.org,nhcscc@contact.novanthealth.org,nhcscc@contact.novanthealth.org,yes,already known,https://novanthealth.org,medspa,GLP-1 weight loss peptides,2
"Novare Med Spa, Tucson",novaremedspa.com,,,,unreachable,,,,
"Novique Medical Aesthetics Bethlehem, Bethlehem",novique.com,,,,unreachable,,,,
NP Modalities,npmodalitiesdanville.com,,,yes,no_email,https://npmodalitiesdanville.com,medspa,GLP-1 weight loss peptides,4
"Nu Pathway Health &#038; Wellness, Bowie",nupathwayhealth.com,,,yes,no_email,https://nupathwayhealth.com,medspa,GLP-1 weight loss peptides,3
Natural Health Weight-Loss Centers,nutrimostfortwayne.com,,,,unreachable,,,,
"Nutura Clinic, Portland",nuturaclinic.com,info@nuturaclinic.com,info@nuturaclinic.com; bfobi@nuturaclinic.com,yes,no_peptides,https://nuturaclinic.com,medspa,,0
Nuviva Medical Weight Loss of Coral Springs,nuvivaweightloss.com,,,yes,no_email,https://nuvivaweightloss.com,medspa,"nad+, glutathione",6
NY Medical Weight Loss,nyloseweight.com,,,yes,no_email,https://nyloseweight.com,medspa,"semaglutide, nad+, sermorelin",10
"Oasis Medspa &#038; IV Bar, Meridian",oasismedspaofidaho.com,,,,no_email,,vendor,,0
Weight Reduction Center,obesitymd.com,,,yes,no_email,https://obesitymd.com,medspa,semaglutide,2
Oceana Luxe,oceanaluxemedspa.com,office@oceanaluxemedspa.com,office@oceanaluxemedspa.com,,no_peptides,https://oceanaluxemedspa.com,medspa,,0
Anti-Fragility Health Clinic,ocivlounge.com,,,,no_email,https://ocivlounge.com,vendor,,0
"OC Wellness: Michael Grossman, MD",ocwellness.com,,,yes,no_email,https://ocwellness.com,medspa,"tirzepatide, bpc-157, tb-500, nad+, ipamorelin, sermorelin",18
Ohana MedSpas,ohanamedspas.com,,,yes,no_email,https://ohanamedspas.com,medspa,"semaglutide, tirzepatide, glutathione",13
Ohio Health Centers,ohiohealthcenters.com,,,,no_email,https://ohiohealthcenters.com,vendor,,0
Oklahoma Men&#x27;s Clinic,okiemensclinic.com,,,,no_email,https://okiemensclinic.com,vendor,,0
Ona Skincare East Nashville,onaskin.com,,,yes,no_email,https://onaskin.com,medspa,semaglutide,7
OneLife Health &amp; Performance,onelifehealthandperformance.com,,,yes,no_email,https://onelifehealthandperformance.com,medspa,"semaglutide, tirzepatide",11
Onus IV Therapy + Longevity: Denver Tech Center,onusiv.com,,,,no_email,https://onusiv.com,medspa,"nad+, sermorelin, ghk-cu, glutathione",13
Optimal Bio,optimalbio.com,,,,no_email,,vendor,,0
"Optimal Health Center, Napa",optimalhealthcenter.holisticpresence.com,drchrishenderson@yahoo.com,drchrishenderson@yahoo.com,yes,no_peptides,https://optimalhealthcenter.holisticpresence.com/contact,medspa,,0
Optimal Health Spectrums,optimalhealthspectrums.com,,,yes,no_email,https://optimalhealthspectrums.com,medspa,"semaglutide, tirzepatide",5
"Optimal Men&#8217;s Center, Goodyear",optimalmenscenter.com,,,yes,no_email,https://optimalmenscenter.com,medspa,"semaglutide, tirzepatide, sermorelin, tesamorelin, pt-141, melanotan ii",10
Optimal Oasis,optimaloasiswellness.janeapp.com,,,,no_email,https://optimaloasiswellness.janeapp.com,vendor,,0
Optimal T CB,optimaltcb.com,,,yes,no_email,https://optimaltcb.com,medspa,"semaglutide, nad+, ipamorelin, sermorelin, tesamorelin, glutathione",12
"Optimal Weight Loss MD, Redmond",optimalweightlossmd.com,,,,unreachable,,,,
Optimal You,optimalyoune.com,,,yes,no_email,https://optimalyoune.com,medspa,"semaglutide, tirzepatide, glutathione",6
Optimize U,optimizeucenters.com,,,,no_email,https://optimizeucenters.com,medspa,"semaglutide, tirzepatide, liraglutide, sermorelin, tesamorelin, pt-141",18
Optimize U,optimizeulouisville.com,,,yes,no_email,https://optimizeulouisville.com,medspa,GLP-1 weight loss peptides,4
Optimize Performance Medicine,optimizeyouhealth.com,,,,no_email,,vendor,,0
"Optimum Men&#8217;s Health, Pharr",optimum-menshealth.com,,,yes,no_email,https://optimum-menshealth.com,medspa,"nad+, glutathione",5
oH Integrated Medicine (formerly Optimum Health of Utah) —,optimumhealthmed.com,,,,no_email,https://optimumhealthmed.com,vendor,,0
"Optimum Human, Albuquerque",optimumhuman.com,,,yes,no_email,https://optimumhuman.com,vendor,semaglutide,9
"Oregon Medical Centers, Keizer",oregonmedicalcenters.com,dr.sbhasin2008@yahoo.com,dr.sbhasin2008@yahoo.com,yes,already known,https://oregonmedicalcenters.com,medspa,semaglutide,3
Organo Vita,organovitas.com,,,,no_email,https://organovitas.com,vendor,,0
Peptide Therapy,orlandoconciergemedicine.com,,,,no_email,https://orlandoconciergemedicine.com,vendor,,0
"Our Secret Place Medical Aesthetics, Baldwin Park",our-secret-place.com,,,,unreachable,,,,
Overnight Weightloss,overnight-weightloss.com,,,,unreachable,,,,
Owen Health Group,owenhealthgroup.com,,,,unreachable,,,,
Oz Weight Loss,ozweightloss.com,,,yes,no_email,https://ozweightloss.com,vendor,,0
Peak Performance &amp; Prevention,p3life.com,,,yes,no_email,https://p3life.com,medspa,"semaglutide, retatrutide, bpc-157, tb-500, nad+, ipamorelin",21
"Pacific Lipo, San Diego",pacificlipo.com,,,yes,no_email,https://pacificlipo.com,medspa,semaglutide,3
"Padgett Medical Center, Ocala",padgettmedicalocala.com,padgettmedicalocala@live.com,padgettmedicalocala@live.com,yes,already known,https://padgettmedicalocala.com,medspa,"semaglutide, tirzepatide, nad+, aod-9604",14
"Pain &#038; Wellness Institute of Kentucky, Louisville",painandwellnessinstituteofky.com,,,yes,no_email,https://painandwellnessinstituteofky.com,medspa,"semaglutide, tirzepatide",12
"Pandya Medical Center, Johns Creek",pandyamedicalcenter.com,,,yes,no_email,https://pandyamedicalcenter.com,medspa,GLP-1 weight loss peptides,3
Paradise Wellness Med Spa,paradisemedspabmt.com,jonpinhorn.typedesign@gmail.com,jonpinhorn.typedesign@gmail.com; amkryukov@gmail.com,yes,already known,https://paradisemedspabmt.com,medspa,semaglutide,1
"Paradise Valley Trim Clinic, Phoenix",paradisevalleytrimclinic.com,,,yes,no_email,https://paradisevalleytrimclinic.com,medspa,GLP-1 weight loss peptides,3
"Jeff Passer, M.D.",passerrt.com,,,yes,no_email,https://passerrt.com,medspa,semaglutide,6
Peak Health Institute,peakhealthinstitute.com,,,,no_email,,vendor,,0
"Peak Hydration, Bellingham",peakhydrationlounge.com,,,yes,no_email,https://peakhydrationlounge.com,medspa,"semaglutide, tirzepatide, nad+",8
"Pediatric Heroes and Families Primary Care Clinic, San Antonio",pediatricheroes.com,,,yes,no_email,https://pediatricheroes.com,medspa,semaglutide,2
North Little Rock Peptide Therapy Center,peptidesvitality.com,,,,no_email,https://peptidesvitality.com,vendor,,0
Performance Health,performancehealthaz.com,admin@performancehealthaz.com,performancehealthaz@gmail.com; admin@performancehealthaz.com,,no_us_signal,https://performancehealthaz.com,medspa,"retatrutide, cagrilintide, survodutide, tb-500, ipamorelin, sermorelin",31
"Perlman Wellness, San Diego",perlmanwellness.com,,,yes,no_email,https://perlmanwellness.com,vendor,"semaglutide, tirzepatide, liraglutide",6
Perpetual Health Group,perpetualhealthgroup.com,,,,no_email,,vendor,,0
Precision Health and Hormone Optimization,phaho.cc,,,yes,no_email,https://phaho.cc/contact-us/,vendor,GLP-1 weight loss peptides,3
Ocoee Health &amp; Wellness,pharmdfitness.org,clinic@pharmdfitness.org,clinic@pharmdfitness.org,,no_us_signal,https://pharmdfitness.org,medspa,"semaglutide, tirzepatide, nad+",10
Philly Wellness Center,phillywellnesscenter.com,,,yes,no_email,https://phillywellnesscenter.com,medspa,"semaglutide, nad+, ipamorelin, cjc-1295, igf-1 lr3, mots-c",23
The Phoenix Clinique,phoenixclinique.com,,,yes,no_email,https://phoenixclinique.com,medspa,GLP-1 weight loss peptides,5
Phoenix Weight Loss and Wellness,phoenixweightloss.com,,,yes,no_email,https://phoenixweightloss.com,medspa,"semaglutide, tirzepatide",6
Physician&#x27;s Ageless Solutions,physiciansagelesssolutions.com,,,yes,no_email,https://physiciansagelesssolutions.com,medspa,GLP-1 weight loss peptides,4
"Physician&#8217;s Plan, Mount Pleasant",physiciansplan.com,,,,no_email,https://physiciansplan.com,medspa,"semaglutide, tirzepatide, kpv",14
Physicians Weight Loss Centers Miami,physiciansweightloss-miami.com,,,,unreachable,,,,
PhySlim,physlim.com,,,,no_email,,vendor,,0
Pinnacle Integrative Health,pinnacleintegrative.com,,,yes,no_email,https://pinnacleintegrative.com,medspa,"bpc-157, tb-500, thymosin beta-4, nad+, ipamorelin, cjc-1295",16
Piqure Aesthetics,piqurenashville.com,,,yes,no_email,https://piqurenashville.com,medspa,"semaglutide, tirzepatide",5
Azani Medical Spa,pittsburghtestosterone.com,,,yes,no_email,https://pittsburghtestosterone.com,medspa,"semaglutide, ipamorelin, sermorelin, selank, semax, dsip",14
"Plush Derma Laser Clinic, Huntington Park",plushdermalaser.com,,,yes,no_email,https://plushdermalaser.com,medspa,semaglutide,2
Polk Concierge Medical Group,polkconcierge.com,,,,no_email,,vendor,,0
Powered By Peptides,powxpep.com,,,,no_email,,vendor,,0
Premier Medical Wellness,premiermedwellness.com,,,,no_email,https://premiermedwellness.com,vendor,,0
Premier Wellness &amp; Aesthetics Center,premierwellnessworld.com,,,yes,no_email,https://premierwellnessworld.com,medspa,,5
"Prescription Weight Loss, Inc.",prescriptionweightlossinc.com,prescriptionweightloss@aol.com,prescriptionweightloss@aol.com,yes,already known,https://prescriptionweightlossinc.com,medspa,"semaglutide, tirzepatide, sermorelin",13
Prestige Regenerative Medicine,prestigerm.com,,,yes,no_email,https://prestigerm.com,medspa,"nad+, sermorelin",4
Altmed Clinic,preventioncenterusa.com,,,,unreachable,,,,
"PrimeCare of Novi, Novi",primecareofmi.com,,,yes,no_email,https://primecareofmi.com,medspa,,2
Medical Weight Loss Plan,primesurgicare.com,,,yes,no_email,https://primesurgicare.com,medspa,"semaglutide, tirzepatide",5
"Midwest Alternative Treatment Clinic, Oak Lawn",progressiveketamine.com,,,yes,no_email,https://progressiveketamine.com,medspa,nad+,1
"Pro Health Wellness Clinic, Bartlett",prohealthmemphis.com,,,,no_email,https://prohealthmemphis.com,medspa,"semaglutide, tirzepatide, bpc-157, nad+, ipamorelin, tesamorelin",21
Pro Health Services,prohealthservices.org,,,,no_email,,vendor,,0
ProMD Health Bel Air,promdbelair.com,,,,no_email,,vendor,,0
ProSource Hydration,prosourcehydration.com,,,yes,no_email,https://prosourcehydration.com,medspa,"semaglutide, tirzepatide, retatrutide, bpc-157, tb-500, nad+",15
Pure Health &amp; Wellness,purehealthdx.com,,,yes,no_email,https://purehealthdx.com,vendor,,1
"PURE Medical Spa, Meridian",puremedicalspaidaho.com,,,yes,no_email,https://puremedicalspaidaho.com,medspa,GLP-1 weight loss peptides,4
Purepell,purepell.com,,,,no_email,https://purepell.com,vendor,,1
Pure Vitality Wellness Springfield,purevitalityspringfield.com,purevitalityspringfield@gmail.com,purevitalityspringfield@gmail.com,yes,no_peptides,https://purevitalityspringfield.com,medspa,,0
PÜR LIFE Medical,purlifemedical-austin.com,purlifemedicalsteinerranch@gmail.com,purlifemedicalsteinerranch@gmail.com,yes,already known,https://purlifemedical-austin.com,medspa,semaglutide,8
Physicians WEIGHT LOSS Centers,pwlcraleighnc.com,,,yes,no_email,https://pwlcraleighnc.com,medspa,,3
Premier Weight Loss,pwlindy.com,,,yes,no_email,https://pwlindy.com/faq,medspa,"semaglutide, tirzepatide",7
"Quali-T Men&#8217;s Health, Keizer",quali-tmenshealth.com,,,yes,no_email,https://quali-tmenshealth.com,medspa,"semaglutide, tirzepatide, sermorelin",10
QuickStart,quickstartmedweightloss.com,,,yes,no_email,https://quickstartmedweightloss.com,medspa,"semaglutide, tirzepatide, retatrutide, sermorelin",8
R3 Health,r3health.co,,,yes,no_email,https://r3health.co,medspa,nad+,7
ReGen &amp; Aesthetics Concierge of Texas,ra-tx.com,info@ra-tx.com,info@ra-tx.com,yes,already known,https://ra-tx.com,medspa,"semaglutide, tirzepatide, retatrutide, nad+",16
"Radiance Wellness &#038; Aesthetics, Pleasanton",radiancewellnessandaesthetics.com,,,yes,no_email,https://radiancewellnessandaesthetics.com,medspa,GLP-1 weight loss peptides,4
Radiant Life Health Solutions LLC,radiantlifehealthsolutions.com,,,yes,no_email,https://radiantlifehealthsolutions.com,medspa,"semaglutide, tirzepatide",5
Radiant Life Wellness &amp; Aesthetics,radiantlifetx.com,,,yes,no_email,https://radiantlifetx.com,medspa,"semaglutide, tirzepatide, nad+, glutathione",15
Radical Wellness,radicalwellness.com,,,,no_email,,vendor,,0
Rapid Med Weight Loss,rapidmedweightloss.com,,,yes,no_email,https://rapidmedweightloss.com,vendor,"semaglutide, tirzepatide",8
Rapid No Surgery Fat Loss Clinic,rapidnosurgeryfatloss.info,,,yes,no_email,https://rapidnosurgeryfatloss.info,medspa,,0
Rapid Slim by Bigenics,rapidslimmd.com,,,,no_email,https://rapidslimmd.com,vendor,,0
Raymond Lau Family Medicine PC,raymondlaufmpc.com,,,,unreachable,,,,
Rebalanced Wellness Clinic,rebalancedwellnessclinic.com,,,,no_email,,vendor,,0
"Reboot Health, PLLC, Schaumburg",reboot-health.com,,,,unreachable,,,,
"Recharge Clinic, Ocala",rechargeocalaclinic.com,,,yes,no_email,https://rechargeocalaclinic.com,medspa,nad+,6
Redavfined Aesthetics,redavfinedaesthetics.com,derek@redavfinedaesthetics.com,derek@redavfinedaesthetics.com,yes,no_peptides,https://redavfinedaesthetics.com,medspa,,0
Red Key Wellness,redkeywellness.com,,,,unreachable,,,,
"Reshma Vasanwala, D.O.",refineantiaging.com,,,yes,no_email,https://refineantiaging.com,medspa,nad+,6
"Refined Beauty Laser and Med Spa, Southfield",refinedbeautylasermedspa.com,,,,unreachable,,,,
"Reform ABQ, Albuquerque",reformabq.com,office@reformabq.com,office@reformabq.com,,no_peptides,https://reformabq.com,medspa,,0
"Refresh Palm Beach Medical Aesthetics, Jupiter",refreshpbma.com,,,yes,no_email,https://refreshpbma.com,medspa,"semaglutide, tirzepatide, nad+",10
"RegenCen: Dr. Gustav Lo, MD",regencen.com,,,yes,no_email,https://regencen.com,medspa,"semaglutide, tirzepatide, nad+",13
Regenerate Medical Concierge,regeneratemedicalconcierge.com,,,yes,no_email,https://regeneratemedicalconcierge.com,medspa,"semaglutide, nad+, glutathione, oxytocin",9
Regenerative Arts Anti Aging Center,regenerativeantiagingcenter.com,,,,no_email,,vendor,,0
Rejuvenate Anti-Aging,rejuvenatedr.com,,,,no_email,,vendor,,0
Rejuvenate Yourself- Jersey Shore,rejuvenateyourselfnyc.com,,,yes,no_email,https://rejuvenateyourselfnyc.com,medspa,"semaglutide, tirzepatide, liraglutide, nad+, sermorelin, glutathione",15
"Rejuvime Medical: Amy Patterson, FNP-C",rejuvimemedical.com,,,yes,no_email,https://rejuvimemedical.com,medspa,"semaglutide, tirzepatide, sermorelin",10
Skin Envy Non-Surgical Weight Loss Centers,removefat.com,,,yes,no_email,https://removefat.com,medspa,"semaglutide, tirzepatide, sermorelin",6
"Renaissance Med Spa, Schaumburg",renaissance-medspa.com,info@renaissance-medspa.com,info@renaissance-medspa.com,yes,no_peptides,https://renaissance-medspa.com,medspa,,0
RenewFX Health and Wellness,renewfx.com,,,yes,no_email,https://renewfx.com,medspa,sermorelin,9
Renew Health &amp; Hormones,renewhealthandhormones.com,,,,no_email,,vendor,,0
Renew Medical Spa,renewhuntsville.com,,,,no_email,,vendor,,0
RENEW Med Spa Plus,renewmedspaplus.com,renewmedspaplus@gmail.com,renewmedspaplus@gmail.com,,no_us_signal,https://renewmedspaplus.com,medspa,"semaglutide, tirzepatide",10
Renew Health and Wellness,renewmetoday.com,,,yes,no_email,https://renewmetoday.com,medspa,glutathione,4
Renew &amp; Rejuvenate Aesthetic MD Clinics,renewrejuvenatemd.com,,,,unreachable,,,,
"Reno Premier Medicine: Chris Martin, APRN, FNP-C",renopremiermedicine.com,,,,no_email,https://renopremiermedicine.com,vendor,"nad+, dsip, kpv",5
Renue Health,renuehealth.com,,,,no_email,https://renuehealth.com,vendor,,1
Replenish I.V. Hydration+Wellness,replenishnashville.com,,,yes,no_email,https://replenishnashville.com,medspa,"semaglutide, tirzepatide, glutathione",5
Replenish Aesthetics &amp; Wellness,replenishyourlife.net,info@replenishyourlife.net,info@replenishyourlife.net,,no_peptides,https://replenishyourlife.net,medspa,,0
Reset Wellness,resetwellnessrx.com,,,yes,no_email,https://resetwellnessrx.com,vendor,"semaglutide, tirzepatide, retatrutide, cagrilintide, bpc-157, tb-500",27
Restoration MedSpa,restorationmedspa.com,,,yes,no_email,https://restorationmedspa.com,medspa,GLP-1 weight loss peptides,4
Restorative Health and Wellness,restorativehealthandwellnessok.com,,,yes,no_email,https://restorativehealthandwellnessok.com,medspa,"semaglutide, nad+, glutathione",10
"Restore Hyper Wellness, Evanston",restore.com,,,yes,no_email,https://restore.com,medspa,"semaglutide, tirzepatide, nad+, glutathione",7
"Restore Medical Spa, Albuquerque",restorebydukecity.com,,,,no_email,https://restorebydukecity.com,medspa,,1
RestoreDOC MD,restoredoc.com,,,,unreachable,,,,
Restore Health And Wellness,restorehealthwellness.com,,,yes,no_email,https://restorehealthwellness.com,medspa,,0
Restore Wellness RGV,restorergv.com,restorewellnessrgv@gmail.com,restorewellnessrgv@gmail.com,yes,already known,https://restorergv.com,medspa,"semaglutide, tirzepatide",5
RestoHealth Medspa,restoringhealth4u.com,,,yes,no_email,https://restoringhealth4u.com,medspa,,1
Reveal Weight Loss,revealweightlossmd.com,,,,no_email,,vendor,,0
Reverse Aesthetics,reverse-aesthetics.com,,,yes,no_email,https://reverse-aesthetics.com,medspa,"semaglutide, tirzepatide, nad+, sermorelin",8
REVION Aesthetics,revionaesthetics.com,,,,no_email,,vendor,,0
"RevitaLife MD, Louisville",revitalifemd.com,,,yes,no_email,https://revitalifemd.com,medspa,GLP-1 weight loss peptides,5
Revitalized Health LLC,revitalized-health.com,,,yes,no_email,https://revitalized-health.com,medspa,"semaglutide, tirzepatide, bpc-157, thymosin alpha-1, sermorelin, tesamorelin",11
Revitalize You Weight Loss Center,revitalizeyouweightloss.com,,,,no_email,,vendor,,0
REVIVAL Medical Weight Loss,revivalmedicalweightlossclinic.com,,,yes,no_email,https://revivalmedicalweightlossclinic.com,medspa,GLP-1 weight loss peptides,3
Revive Wellness &amp; Rejuvenation,reviveaz.com,,,yes,no_email,https://reviveaz.com,medspa,"bpc-157, tb-500, ipamorelin, sermorelin",15
Revived Body,revived-body.com,,,,no_email,https://revived-body.com,medspa,"nad+, glutathione",3
Revive Drip Lounge,reviveloungelaredo.com,revivedriplounge@gmail.com,revivedriplounge@gmail.com,yes,already known,https://reviveloungelaredo.com,medspa,semaglutide,4
"Revive™ Medical Spa, Farmington Hills",revivema.com,,,yes,no_email,https://revivema.com,medspa,,0
Revive My Health,revivemeinfusions.janeapp.com,,,yes,no_email,https://revivemeinfusions.janeapp.com,vendor,"semaglutide, tirzepatide",2
"Revive &#038; Remedy, Bartlett",revivenremedy.com,,,,no_email,https://revivenremedy.com,vendor,,0
Reynolds Clinic,reynoldsclinic.net,,,,unreachable,,,,
Reflections Health &amp; Wellness,rhwbelair.com,impallari@gmail.com,impallari@gmail.com,yes,no_peptides,https://rhwbelair.com,medspa,,0
Richard Lipman MD Miami Diet Plan,richardlipmanmd.com,,,,no_email,,vendor,,0
"Dr. Brandon Richland, Fountain Valley",richlandmd.com,,,yes,no_email,https://richlandmd.com,medspa,"semaglutide, tirzepatide",8
Peptide Testosterone Semaglutide Sermorelin Therapy Clinic —,richmond.eternalyouthhormones.com,,,,no_email,https://richmond.eternalyouthhormones.com,vendor,,0
Medifast Weight Control Center,richmond.medifastcenters.com,,,,unreachable,,,,
"Ridgeline Medical, Idaho Falls",ridgelinemedical.org,,,,no_email,https://ridgelinemedical.org,vendor,,0
"RightWeight Center, Bowie",rightweightcenter.com,,,yes,no_email,https://rightweightcenter.com,medspa,semaglutide,6
"Rising Health AZ (Rising Health Solutions), Goodyear",risinghealthsolutions.com,,,yes,no_email,https://risinghealthsolutions.com,medspa,"semaglutide, tirzepatide",4
Rita Medical Elite,ritamedicalelite.com,,,yes,no_email,https://ritamedicalelite.com,medspa,semaglutide,5
"Rivas Medical Weight Loss, Bowie",rivasweightloss.com,,,yes,no_email,https://rivasweightloss.com,medspa,"semaglutide, tirzepatide",13
"River City Wellness &amp; Weight Loss, LLC",rivercitywellnessweightloss.com,,,,unreachable,,,,
Rapid Medical Weight Loss &amp; Wellness Clinic,rmwclinics.com,,,,unreachable,,,,
Rocky Mountain Men&#x27;s Clinic,rockymountainmensclinic.com,,,yes,no_email,https://rockymountainmensclinic.com,medspa,GLP-1 weight loss peptides,2
Rocky Mountain Slim Englewood,rockymountainslim.com,,,,unreachable,,,,
"Rod Sickler Salon and Spa, Champaign",rodsicklersalon.com,,,yes,no_email,https://rodsicklersalon.com,medspa,"nad+, sermorelin",5
RX MD Solutions MedSpa,rxmdsolutions.com,,,,unreachable,,,,
"Ryma Aesthetics, Arlington Heights",rymaaesthetics.com,,,,no_email,,vendor,,0
Novell Primary Care and Weight Loss,sa1s3optim.patientpop.com,,,,unreachable,,,,
"Saguaro Medical Weight Control, Phoenix",saguaroweightcontrol.com,,,yes,no_email,https://saguaroweightcontrol.com,medspa,semaglutide,4
The Salerno Center for Complementary Medicine,salernowellness.com,,,yes,no_email,https://salernowellness.com,medspa,glutathione,5
SaltMD Wellness,saltmdwellness.com,,,yes,no_email,https://saltmdwellness.com,medspa,"semaglutide, tirzepatide, nad+, sermorelin, glutathione",10
Peptide Testosterone Semaglutide Sermorelin Therapy Clinic —,san-joseq.harmonyhgh.com,,,,no_email,https://san-joseq.harmonyhgh.com,vendor,,0
"Sana Spa, Albuquerque",sanaspanm.com,,,yes,no_email,https://sanaspanm.com,medspa,"semaglutide, tirzepatide, nad+",4
Santa Teresa Health and Hormone Clinic,santa-teresa-health-and-hormone-clinic.com,,,,unreachable,,,,
Scale Down Weight Loss Clinic,scaledownweightloss.com,,,,no_email,,vendor,,0
Alpha Male Men&#x27;s Clinic,scalphamale.com,,,yes,no_email,https://scalphamale.com,medspa,,6
Euverita Wellness &amp; Weight Loss,schedule.euverita.com,,,,no_email,https://schedule.euverita.com,vendor,,0
"Sculpt Away Body Shaping Beauty Lounge, San Antonio",sculptaway.com,,,yes,no_email,https://sculptaway.com,medspa,nad+,2
Sculpted MD,sculptedmd.com,,,,no_email,,vendor,,0
"Sculpt Tri-Cities, Kennewick",sculpttricities.com,,,yes,no_email,https://sculpttricities.com,medspa,,0
SDBody,sdbody.com,,,yes,no_email,https://sdbody.com,medspa,"nad+, sermorelin",8
"SD Body Contouring, La Mesa",sdbodycontouring.com,,,yes,no_email,https://sdbodycontouring.com,medspa,"semaglutide, nad+, kpv",7
Seattle Integrative Hormone &amp; Thyroid Clinic,seattleintegrativeclinic.com,,,,no_email,,vendor,,0
Medical Weightloss Alternatives,secure.gethealthie.com,,,,no_email,,vendor,,0
"SeeBeyond Medicine, White Plains",seebeyondmedicine.com,,,yes,no_email,https://seebeyondmedicine.com,medspa,"semaglutide, nad+, ipamorelin, tesamorelin, cjc-1295, glutathione",11
"Serenity Medical Aesthetics, Canton",serenitymedicalaestheticscanton.com,,,,no_email,https://serenitymedicalaestheticscanton.com,medspa,,0
"Set Point, Folsom",setpointwellness.com,,,yes,no_email,https://setpointwellness.com,medspa,"nad+, sermorelin, glutathione",10
Shake It Off Weight Loss and Wellness Center Tampa,shakeitoffweightloss.com,impallari@gmail.com,impallari@gmail.com,yes,already known,https://shakeitoffweightloss.com/about-us,vendor,"tirzepatide, nad+",3
"Shapefast Weight Loss Center, Bowie",shapefastweightloss.com,,,yes,no_email,https://shapefastweightloss.com,medspa,tirzepatide,4
Share Health Regenerative Medicine &amp; Wellness Clinic —,sharedhealthwellness.com,,,yes,no_email,https://sharedhealthwellness.com,medspa,"semaglutide, tirzepatide, nad+",11
Shed Weight Loss,shedweightloss.com,,,,no_email,https://shedweightloss.com,medspa,"semaglutide, tirzepatide, nad+",11
Sheer Elegance Hair Salon &#038; Med Spa,sheerelegancesatx.com,,,,unreachable,,,,
Shred Weight loss,shredweightloss.com,,,yes,no_email,https://shredweightloss.com,medspa,"semaglutide, tirzepatide",4
"Silk Touch Cosmetic Surgery, Lipo, &amp; Medspa",silktouchmedspa.com,,,yes,no_email,https://silktouchmedspa.com,medspa,semaglutide,5
Simple Radiance Medspa,simpleradianceaustin.com,,,yes,no_email,https://simpleradianceaustin.com,medspa,GLP-1 weight loss peptides,4
Simply Direct Medicine,simplydirectmedicine.com,simplydirectmedicine@gmail.com,simplydirectmedicine@gmail.com,yes,already known,https://simplydirectmedicine.com,medspa,"semaglutide, tirzepatide, nad+, glutathione",12
Sinchweightlosselpaso915,sinchweightloss.com,,,,no_email,https://sinchweightloss.com,vendor,,0
Sisu Clinic Soho,sisuclinic.com,,,,unreachable,,,,
"Skin Studios, Lake Charles",skin-studios.com,,,yes,no_email,https://skin-studios.com,medspa,,1
"Skinfit OKC, Midwest City",skinfitokc.com,,,,no_email,,vendor,,0
Skin Medicine PLLC,skinmedicinegso.com,impallari@gmail.com,impallari@gmail.com,yes,already known,https://skinmedicinegso.com,medspa,GLP-1 weight loss peptides,3
Skinny Me Med,skinnymemed.com,,,yes,no_email,https://skinnymemed.com,medspa,"semaglutide, sermorelin",4
Skin Science Aesthetics,skinsciencetallahassee.com,,,yes,no_email,https://skinsciencetallahassee.com,medspa,semaglutide,3
Skin Theory,skintheoryinc.com,,,,unreachable,,,,
"Slate Medical Aesthetics and IV Lounge, Idaho Falls",slatemedicalpocatello.com,,,,unreachable,,,,
"Slim4Life Weight Loss, Philadelphia",slim4life.com,,,,unreachable,,,,
Slim Care,slimcareinc.com,,,,no_email,https://slimcareinc.com,medspa,"semaglutide, tirzepatide, nad+",9
SlimCare San Antonio,slimcaresatx.com,nslimcaresatx@gmail.com,nslimcaresatx@gmail.com,,no_peptides,https://slimcaresatx.com,vendor,,0
Slim City Weight Loss,slimcityweightlossllc.com,,,yes,no_email,https://slimcityweightlossllc.com,medspa,semaglutide,4
SliMedica,slimedica.com,,,yes,no_email,https://slimedica.com,medspa,,1
SlimFit Weightloss Clinics,slimfitweightlossclinic.com,,,,unreachable,,,,
Slim Medical Clinic,slimmedicalclinic.com,,,,no_email,https://slimmedicalclinic.com/about,medspa,,1
"Slim Rx Medical Weight Loss, Mount Pleasant",slimrxweightloss.com,,,,no_email,,vendor,,0
Slim Secret Med Spa,slimsecretmedspa.com,slimsecretmedspa@yahoo.com,slimsecretmedspa@yahoo.com,yes,already known,https://slimsecretmedspa.com,medspa,"semaglutide, tirzepatide",4
"Slim Weight Loss Clinic, Auburn",slimweightlossclinic.com,,,,no_email,,vendor,,0
"Solcara Health, Mount Pleasant",solcarahealth.com,,,,unreachable,,,,
SottoPelle,sottopelletherapy.com,,,yes,no_email,https://sottopelletherapy.com,medspa,,1
Sound Shapes Med Spa,sound-shapes.com,,,,unreachable,,,,
Southern Nevada Bariatrics,southernnevadabariatrics.com,,,,no_email,https://southernnevadabariatrics.com,vendor,,0
"Southern Spine and Health of Albany, Albany",southernspinehealth.com,,,yes,no_email,https://southernspinehealth.com,medspa,,0
"South Texas Family Medicine &#038; Urgent Care, San Antonio",southtexasfamilymedicine.com,,,,unreachable,,,,
"Spa Black, San Antonio",spablack.com,,,,no_email,,vendor,,0
Spartan Medical Group,spartanmedgroup.com,,,,no_email,,vendor,,0
Serotonin-Plus Weight Loss,spdiet.com,,,,unreachable,,,,
Specialty Wellness Clinic,specialtywellnesstx.com,,,,unreachable,,,,
"SPF Cosmetic Dermatology, Los Angeles",spfdermatology.com,,,,unreachable,,,,
Spokane Bioidentical Hormones,spokanebioidenticalhormones.com,,,yes,no_email,https://spokanebioidenticalhormones.com,medspa,,1
Spokane Wellness Group LLC,spokanewellnessgroup.org,,,yes,no_email,https://spokanewellnessgroup.org,medspa,"semaglutide, tirzepatide",3
Spring Medical Clinic,springmedicalclinic.com,,,,no_email,,vendor,,0
Sophrosyne Health &amp; Wellness,squareup.com,,,yes,no_email,https://squareup.com,medspa,,0
Stat Weight Loss,statweightloss.com,,,yes,no_email,https://statweightloss.com,medspa,,0
"Flawless Med Spa &#038; Wellness, Albuquerque",stayflawless.com,,,yes,no_email,https://stayflawless.com,medspa,,0
"Prime Wellness, Los Angeles",stayyoungforlife.com,,,yes,no_email,https://stayyoungforlife.com,medspa,nad+,3
Steel City Medical Center,steelcitymedicalcenter.com,,,yes,no_email,https://steelcitymedicalcenter.com,medspa,GLP-1 weight loss peptides,10
Stefanie McCain MD,stefaniemccainmd.com,smccain612@aol.com,smccain612@aol.com,yes,already known,https://stefaniemccainmd.com,medspa,"tirzepatide, nad+",5
Sterling Wellness Medspa,sterlingwellnessmedspa.com,,,yes,no_email,https://sterlingwellnessmedspa.com,medspa,"semaglutide, tirzepatide",3
St. Petersburg Center for Performance and Weight Loss —,stpetecenter4weightloss.com,,,,unreachable,,,,
Strategic Health and Wellness,strategichealthandwellness.com,,,,no_email,,vendor,,0
"Studio Esthetique Skin &#038; Laser Center, White Plains",studioesthetique.com,,,yes,no_email,https://studioesthetique.com,medspa,GLP-1 weight loss peptides,2
"Success Weightloss Systems, Albuquerque",successweightlosssystems.com,swsweightloss@gmail.com,swsweightloss@gmail.com,yes,already known,https://successweightlosssystems.com,vendor,"semaglutide, sermorelin",7
Sugar Land Medical Spa,sugarlandmedspa.com,kimberlyevansmd@hotmail.com,kimberlyevansmd@hotmail.com,yes,already known,https://sugarlandmedspa.com,medspa,nad+,5
Sunset Primary Care,sunsetprimarycare.com,,,yes,no_email,https://sunsetprimarycare.com,medspa,"semaglutide, tirzepatide",10
Supportiv Wellness &amp; Aesthetics,supportivwellness.com,,,yes,no_email,https://supportivwellness.com,medspa,"semaglutide, tirzepatide, nad+",7
"Synerchi Medical Spa, San Diego",synerchimedspa.com,info@synerchimedspa.com,info@synerchimedspa.com; synerchimedspa@gmail.com,yes,no_peptides,https://synerchimedspa.com,medspa,,0
"Eldred B. Taylor, MD",taylormedicalgroup.net,,,,no_email,,vendor,,0
TeleSlim Clinic Houston,teleslimclinichouston.com,,,yes,no_email,https://teleslimclinichouston.com,medspa,"semaglutide, tirzepatide, liraglutide",10
"Temple Aesthetics and Wellness, PLLC",templeaestheticsandwellness.com,,,yes,no_email,https://templeaestheticsandwellness.com,medspa,,2
Tenuiss.com,tenuiss.com,,,,unreachable,,,,
Terrell Clinic,terrellclinicokc.com,,,,no_email,https://terrellclinicokc.com,vendor,,0
"Texas Bariatric Specialists, San Antonio",texasbariatricspecialists.com,,,,no_email,,vendor,,0
Texas Medical Weight Loss Clinic,texasmedicalweightlossclinic.com,,,yes,no_email,https://texasmedicalweightlossclinic.com,medspa,GLP-1 weight loss peptides,6
Texas Vitality,texasvitality.com,,,,no_email,,vendor,,0
Texas Weight Loss,texasweightlossnow.com,,,yes,no_email,https://texasweightlossnow.com,medspa,"semaglutide, tirzepatide, nad+",10
The Aesthetic Medicine and Anti-Aging Clinics of Louisiana —,theantiagingclinics.com,,,yes,no_email,https://theantiagingclinics.com,medspa,nad+,9
The Bosque Clinic,thebosqueclinic.com,,,yes,no_email,https://thebosqueclinic.com,medspa,"semaglutide, tirzepatide, nad+",11
The Bravada Studio,thebravadastudio.com,,,yes,no_email,https://thebravadastudio.com,medspa,,0
The Covery Wellness Spa,thecovery.com,,,,no_email,https://thecovery.com,medspa,"semaglutide, tirzepatide, nad+",17
The HCG Institute of San Antonio Texas,thehcginstitute.com,,,yes,no_email,https://thehcginstitute.com,medspa,"tirzepatide, retatrutide, nad+, sermorelin, pt-141, ghk-cu",15
The Healthy Weight Loss Coach NYC,thehealthyweightlosscoach.com,,,,no_email,https://thehealthyweightlosscoach.com,vendor,"semaglutide, tirzepatide",7
"Karen Y. Sun, MD",theintegrativewellnesscenter.com,,,yes,no_email,https://theintegrativewellnesscenter.com,medspa,,1
"The IV Hub, Medford",theivhubboston.com,,,,unreachable,,,,
The IV Hub Wellness,theivhubwellness.com,,,yes,no_email,https://theivhubwellness.com,medspa,"nad+, sermorelin",9
The Longevity Center Greenville,thelcoa.com,infofl@thelcoa.com,infofl@thelcoa.com; lcteam@thelcoa.com,,no_us_signal,https://thelcoa.com,medspa,"nad+, glutathione",8
Testosterone Treatment San Diego- The Man Zone,themanzone.com,,,yes,no_email,https://themanzone.com,medspa,,1
The Medical Spa,themedicalspa.com,,,,no_email,,vendor,,0
"The Med Spot La, Los Angeles",themedspotla.com,,,yes,no_email,https://themedspotla.com,medspa,,2
The Oui Doctor,theouidoctor.com,,,yes,no_email,https://theouidoctor.com,medspa,"semaglutide, retatrutide, tirzepatide",5
"Studio-MD, White Plains",thestudiomd.com,,,,unreachable,,,,
Timeless Rx,thetimelessclinic.com,,,yes,no_email,https://thetimelessclinic.com,medspa,"semaglutide, tirzepatide",8
The Treatment Room,thetreatmentroomokc.com,,,,no_email,,vendor,,0
The Virtual NP Weight Loss and Urgent Care,thevirtual-np.com,info.thevirtualnp@gmail.com,info.thevirtualnp@gmail.com,yes,already known,https://thevirtual-np.com,medspa,"semaglutide, tirzepatide, liraglutide, dulaglutide",16
Vitality Health and Wellness Center,thevitalitycenters.com,,,yes,no_email,https://thevitalitycenters.com,medspa,nad+,6
The Whole Human Health &amp; Wellbeing,thewholehumanhealthandwellbeing.com,,,yes,no_email,https://thewholehumanhealthandwellbeing.com,medspa,ghk-cu,3
Thin Solutions Rx,thinsolutionsrx.com,admin@thinsolutionsrx.com,admin@thinsolutionsrx.com,,no_us_signal,https://thinsolutionsrx.com,medspa,GLP-1 weight loss peptides,2
Thrive MD Wellness,thrivemdwellness.com,,,,no_email,,vendor,,0
Timeless Medical Spa,timelessmedspa.org,,,,no_email,,vendor,,0
Title MD,titlemd.com,,,yes,no_email,https://titlemd.com,medspa,semaglutide,5
TKO Vitality,tkovitality.co,,,yes,no_email,https://tkovitality.co,medspa,"tirzepatide, nad+, sermorelin",10
Toledo Men&#x27;s and Weight Loss Clinic,toledomensclinic.com,,,yes,no_email,https://toledomensclinic.com,medspa,semaglutide,5
NSI Wellness,tolmanmedical.com,,,,no_email,https://tolmanmedical.com,medspa,,0
Totality Men&#x27;s Health and Wellness,totalitymen.com,,,yes,no_email,https://totalitymen.com,vendor,,1
"Total T Clinic, San Diego",totaltclinic.com,,,yes,no_email,https://totaltclinic.com/about-us,medspa,nad+,6
"Total T MD, San Diego",totaltmd.com,,,,no_email,,vendor,,0
Triangle Wellness and Anti-Aging,trianglewellnessandantiaging.com,,,yes,no_email,https://trianglewellnessandantiaging.com,medspa,"nad+, glutathione",6
"Tri-Cities Infusion &#038; Wellness Clinic, Kennewick",tricitieswellness.com,,,,no_email,,vendor,,0
Trident Anti-Aging,tridentantiaging.com,,,yes,no_email,https://tridentantiaging.com,medspa,"semaglutide, tirzepatide, nad+, glutathione",9
Trillion Health &amp; Hormone Clinic,trillionhealthandhormone.com,,,yes,no_email,https://trillionhealthandhormone.com,medspa,"semaglutide, tirzepatide, nad+",5
Trim &amp; Slim Weight Loss Clinic,trimandslimclinic.com,trimandslimclinic@hotmail.com,trimandslimclinic@hotmail.com,yes,no_peptides,https://trimandslimclinic.com,medspa,,0
Trimbody M.D.,trimbodymd.com,,,yes,no_email,https://trimbodymd.com,medspa,"semaglutide, tirzepatide, nad+, glutathione",17
TrimMedix,trimmedix.com,,,yes,no_email,https://trimmedix.com,vendor,GLP-1 weight loss peptides,2
"TRI VALLEY MEDICAL WEIGHT CONTROL, Lake Elsinore",trivalleymedicalweightcontrol.com,,,yes,no_email,https://trivalleymedicalweightcontrol.com,medspa,nad+,6
"Trouvaille Med Spa IL, Tinley Park",trouvailleillinois.com,,,yes,no_email,https://trouvailleillinois.com,medspa,GLP-1 weight loss peptides,2
TRT Kingdom,trtkingdom.com,,,yes,no_email,https://trtkingdom.com,medspa,"bpc-157, tb-500, nad+, ipamorelin, sermorelin, tesamorelin",16
Testosterone Replacement Therapy Specialists,trtspecialistnj.com,,,yes,no_email,https://trtspecialistnj.com,medspa,,4
True Phoenix Functional Health,truephoenix.org,,,,unreachable,,,,
True Potential MD,truepotentialmd.com,,,yes,no_email,https://truepotentialmd.com,medspa,,5
"Tru Wellness MD, Jupiter",truwellmd.com,,,yes,no_email,https://truwellmd.com,medspa,"semaglutide, nad+, ipamorelin, sermorelin, semax, tirzepatide",11
Tucson hormone replacement therapy,tucson.vitalforcemen.com,,,,no_email,https://tucson.vitalforcemen.com,vendor,,0
TUPELO WELLNESS LLC,tupelowellnessclinic.com,,,,no_email,https://tupelowellnessclinic.com,medspa,,1
Tustin Medical,tustinmedicalweightlossca.com,,,,unreachable,,,,
"The Wellness &#038; Aesthetics Medical Center, San Antonio",twaamc.com,,,yes,no_email,https://twaamc.com,medspa,,1
Twin Rivers IV &amp; Wellness Lounge,twinriversiv.com,,,yes,no_email,https://twinriversiv.com,medspa,"nad+, glutathione",5
Texas Weight Loss Center,txweightlosscenter.com,,,,no_email,https://txweightlosscenter.com,vendor,,0
Tyler Weight Loss Clinic,tylerweightlossclinic.com,,,,no_email,,vendor,,0
UCHealth Integrated Transgender Program,uchealth.org,patientrepresentativenorth@uchealth.org,patientrepresentativenorth@uchealth.org; patientrepresentativeyvmc@uchealth.org; uch-patientrepresentatives@uchealth.org; patientreps@uchealth.org; uchealthmgpatientreps@uchealth.org,yes,no_peptides,https://uchealth.org,medspa,,0
UCSF Center for Sexual Health,ucsfhealth.org,,,yes,no_email,https://ucsfhealth.org,medspa,,0
Ultra Health &amp; Wellness LLC,ultrahw.com,,,yes,no_email,https://ultrahw.com,medspa,"semaglutide, tirzepatide, nad+, ipamorelin, ss-31, dsip",13
"Ultra Wellness Medical, O&#8217;Fallon",ultrawellnessmedical.com,,,,no_email,https://ultrawellnessmedical.com,medspa,,0
"Uncharted Healthcare LLC, Goodyear",unchartedhealthcare.com,,,,unreachable,,,,
Unicorn Medical Weight Loss &amp; Medi Spa,unicornmedispa.com,,,yes,no_email,https://unicornmedispa.com,medspa,semaglutide,7
Uniquely Fit Medical Weight Loss &amp; Wellness Center,uniquelyfitmedicalweightloss.com,uniquelyfitmedicalweightloss@gmail.com,uniquelyfitmedicalweightloss@gmail.com,yes,already known,https://uniquelyfitmedicalweightloss.com,medspa,GLP-1 weight loss peptides,2
Unique Weight Loss and Family Practice,uniqueweightlosssolutions.com,,,yes,no_email,https://uniqueweightlosssolutions.com,medspa,"semaglutide, tirzepatide",7
"Unity Med Spa, Meridian",unitymedspa.com,,,,no_email,,vendor,,0
"Unleashed Mystical Beauty Bar, Baytown",unleashedmysticalbeautybar.com,,,,unreachable,,,,
"UrgentcareMDs, Baytown",urgentcaremds.com,info@urgentcaremds.com,info@urgentcaremds.com,yes,no_peptides,https://urgentcaremds.com,medspa,,0
Rocky Mountain Associated Physicians,utahbariatrics.com,,,yes,no_email,https://utahbariatrics.com,medspa,"semaglutide, tirzepatide",9
Valhalla Wellness and Medical Centers,valhallawellness.com,,,yes,no_email,https://valhallawellness.com,medspa,"bpc-157, ipamorelin, cjc-1295, mots-c, kisspeptin, pt-141",9
"Valley Medical Weight Loss, Phoenix",valleymedicalweightloss.com,,,yes,no_email,https://valleymedicalweightloss.com,medspa,"semaglutide, tirzepatide, nad+",9
"Valley Spinal Care, Phoenix",valleyspinalcare.com,,,yes,no_email,https://valleyspinalcare.com,medspa,"semaglutide, sermorelin",6
Vance Medical,vancemedical.com,,,yes,no_email,https://vancemedical.com,medspa,,4
Vanguard Genetix,vanguardgenetix.com,,,yes,no_email,https://vanguardgenetix.com,medspa,"semaglutide, tirzepatide, pt-141",10
Vanguard Medical Care of Lakeland,vanguardmedcare.com,,,,unreachable,,,,
Vanguard Men&#x27;s Care,vanguardmenscare.com,,,yes,no_email,https://vanguardmenscare.com,medspa,"semaglutide, glutathione",8
Salt Spa &amp; Wellness Center,vbsaltspa.com,,,yes,no_email,https://vbsaltspa.com,medspa,"semaglutide, tirzepatide, nad+",7
"Verity Wellness, Gastonia",veritywellness.org,,,yes,no_email,https://veritywellness.org,vendor,,0
"Verve Health, Bend",vervehc.com,,,yes,no_email,https://vervehc.com,medspa,"semaglutide, tirzepatide, nad+, glutathione",15
VIA Health &amp; Medspa,viahealthcare.com,,,yes,no_email,https://viahealthcare.com,medspa,"semaglutide, tirzepatide",12
Vibrant Health,vibranthcs.com,,,yes,no_email,https://vibranthcs.com,medspa,"nad+, glutathione",7
"Victory Men&#8217;s Health, O&#8217;Fallon",victorymenshealth.com,,,,unreachable,,,,
Vida Hormone Therapy &amp; Integrative Health,vidaintegrativehormones.com,,,yes,no_email,https://vidaintegrativehormones.com,medspa,oxytocin,9
VIOS Optimized Health &amp; Wellness Clinic,viosmen.com,,,yes,no_email,https://viosmen.com,medspa,,2
"Vita-Fuse, Albany",vita-fuse.com,,,yes,no_email,https://vita-fuse.com,medspa,"semaglutide, nad+",6
Vital Health Integrative Medicine,vitalhealthim.com,,,,no_email,https://vitalhealthim.com,vendor,,0
Vitality and Wellness Group,vitalityandwellnessgroup.com,impallari@gmail.com,impallari@gmail.com,yes,already known,https://vitalityandwellnessgroup.com/contact,medspa,GLP-1 weight loss peptides,4
Spokane Vitality Center dba Vitality Centers NW,vitalitycentersnw.com,,,yes,no_email,https://vitalitycentersnw.com,medspa,"semaglutide, tirzepatide",12
"Vitality Health and Wellness for Women, Lake Charles",vitalityhealthlc.com,,,yes,no_email,https://vitalityhealthlc.com,medspa,"semaglutide, tirzepatide",5
Vitality Health SFL,vitalityhealthsfl.com,info@vitalityhealthsfl.com,info@vitalityhealthsfl.com,,no_us_signal,https://vitalityhealthsfl.com,medspa,"nad+, ghk-cu, glutathione",7
Renew Vitality Testosterone Clinic of Virginia Beach —,vitalityhrt.com,,,,no_email,,vendor,,0
"Dr. Michelle Mendoza, MD",vitalitymdwellness.com,jessica.doe@gmail.com,jessica.doe@gmail.com; integrativewellness915@gmail.com,yes,already known,https://vitalitymdwellness.com,medspa,"semaglutide, glutathione",5
Vitality Medical PNW,vitalitymedicalpnw.com,,,yes,no_email,https://vitalitymedicalpnw.com,medspa,,1
Vitality Restoration Medical,vitalityrestorationmedical.com,,,yes,no_email,https://vitalityrestorationmedical.com,medspa,"semaglutide, tirzepatide, bpc-157, tb-500, thymosin beta-4, nad+",14
VitalRenew Functional &amp; Integrative Medicine,vitalrenewclinic.com,,,yes,no_email,https://vitalrenewclinic.com,medspa,"bpc-157, tb-500, nad+, ipamorelin, sermorelin, tesamorelin",23
Vitaluxe Wellness Center,vitaluxe.net,,,,unreachable,,,,
"Vital Weight Loss MD, Pleasanton",vitalweightlossmd.com,,,yes,no_email,https://vitalweightlossmd.com,medspa,"semaglutide, tirzepatide, liraglutide, dulaglutide",10
Vive Weight Loss Center,viveagelessweightloss.com,,,yes,no_email,https://viveagelessweightloss.com,medspa,"semaglutide, tirzepatide, retatrutide, liraglutide, bpc-157, tb-500",20
"Volonte, Kokomo",volonteman.com,,,yes,no_email,https://volonteman.com,medspa,,2
Victory Wellness MD,vwmdfunctionalmedicine.com,,,,no_email,,vendor,,0
Vyvo Therapeutics: Aesthetics,vyvotherapy.com,vyvotherapeutics@gmail.com,vyvotherapeutics@gmail.com,yes,already known,https://vyvotherapy.com,medspa,"semaglutide, tirzepatide",5
Medical Weight Loss Philadelphia,wakeupskinny.com,,,,no_email,,vendor,,0
Washington Nutrition &amp; Counseling Group,washingtonnutritionandcounseling.com,,,yes,no_email,https://washingtonnutritionandcounseling.com,medspa,semaglutide,3
FOREVER YOUNG BHRT,webforeveryoung.com,,,yes,no_email,https://webforeveryoung.com,medspa,"semaglutide, tirzepatide, bpc-157, tb-500, thymosin beta-4, thymosin alpha-1",21
Weighless MD,weighlessmd.com,,,yes,no_email,https://weighlessmd.com,medspa,"semaglutide, retatrutide",9
Dr. Saniea Majid,weightlossandwellnesscenter.com,clients.1356@gmail.com,clients.1356@gmail.com,yes,already known,https://weightlossandwellnesscenter.com,medspa,"semaglutide, tirzepatide, liraglutide",10
The Weight Loss Center of Chattanooga,weightlosschatt.com,,,yes,no_email,https://weightlosschatt.com,vendor,"semaglutide, tirzepatide",5
Medical Weight Loss Central New York,weightlosscny.com,,,yes,no_email,https://weightlosscny.com,medspa,"semaglutide, tirzepatide",13
DTC Medical Weight Loss/ Weight Loss MD,weightlossmdcherrycreek.com,,,yes,no_email,https://weightlossmdcherrycreek.com,medspa,"semaglutide, tirzepatide, sermorelin, pt-141, glutathione",15
Weight Loss Nigeria,weightlossnigeria.org,,,,unreachable,,,,
"Medical Solutions Health and Wellness, Meridian",weightlossprogrammeridian.com,,,,no_email,https://weightlossprogrammeridian.com,vendor,,0
Southport Weight Loss,weightlosssouthport.com,,,,unreachable,,,,
Weigh To Go Weight Loss Center,weightogoweightloss.com,,,yes,no_email,https://weightogoweightloss.com,medspa,"semaglutide, tirzepatide, nad+",8
"Weight Success Centers, LLC",weightsuccesscenters.com,,,yes,no_email,https://weightsuccesscenters.com,medspa,nad+,6
WW Studio @ Comfort Suites Colorado Springs East,weightwatchers.com,,,yes,no_email,https://weightwatchers.com,medspa,"semaglutide, tirzepatide, liraglutide",11
weightwise medical,weightwise101.com,,,,no_email,https://weightwise101.com,vendor,,1
WellConsulted,wellconsulted.com,,,yes,no_email,https://wellconsulted.com,medspa,GLP-1 weight loss peptides,7
Wellesley Testosterone,wellesleytestosterone.com,,,yes,no_email,https://wellesleytestosterone.com,medspa,,3
Wellness by NP,wellness-np.com,,,yes,no_email,https://wellness-np.com,medspa,glutathione,10
Homestead Health &amp; Wellness,wellnessathomestead.com,,,yes,no_email,https://wellnessathomestead.com,medspa,"semaglutide, tirzepatide, bpc-157, nad+, sermorelin, pt-141",12
"Wellness IV Infusion Therapy, Coconut Creek",wellnessivinfusiontherapy.com,,,,no_email,,vendor,,0
Ohio State Comprehensive Weight Management Martha Morehouse,wexnermedical.osu.edu,,,yes,no_email,https://wexnermedical.osu.edu,medspa,,0
"White Lotus Aesthetics &#038; Wellness, Keizer",whitelotusmedaesthetics.com,whitelotusmedicalaesthetics@gmail.com,whitelotusmedicalaesthetics@gmail.com,yes,already known,https://whitelotusmedaesthetics.com,medspa,GLP-1 weight loss peptides,5
Whole Body Clinics of Pearl,wholebodyclinics.com,,,,no_email,https://wholebodyclinics.com,vendor,GLP-1 weight loss peptides,2
Doc Valdez Weight Loss Clinic,widget-cdn.simplepractice.com,,,,unreachable,,,,
wisconsin hormones,wisconsinhormones.com,,,,unreachable,,,,
Wisconsin Medical Weight Loss,wisconsinmedicalweightloss.com,,,yes,no_email,https://wisconsinmedicalweightloss.com,medspa,"semaglutide, tirzepatide",7
"Wisconsin Institute of Plastic Surgery, Appleton",wisconsinplasticsurgery.com,,,yes,no_email,https://wisconsinplasticsurgery.com,medspa,GLP-1 weight loss peptides,3
Weight Loss MD Colorado Springs,wlmdcs.com,,,yes,no_email,https://wlmdcs.com,medspa,"semaglutide, tirzepatide, sermorelin, pt-141, glutathione",15
"Wolfson Weight Loss &#038; Wellness, Atlanta",wolfsonweightlossviningsga.com,,,,no_email,https://wolfsonweightlossviningsga.com,vendor,,0
Women&#x27;s Wellness of Mississippi,womenswellnessms.com,,,yes,no_email,https://womenswellnessms.com,medspa,"semaglutide, tirzepatide",5
"Woodland Hills Medical Clinic &#038; Urgent Care, Los Angeles",woodlandhillsurgentcarecenter.com,,,yes,no_email,https://woodlandhillsurgentcarecenter.com,medspa,"semaglutide, liraglutide",4
Sunrise Health Medical Associates,wt-loss.com,sunrisehealth.ca@gmail.com,sunrisehealth.ca@gmail.com,yes,already known,https://wt-loss.com,medspa,"semaglutide, tirzepatide, liraglutide",6
XS MedSpa,xsmedspa.com,,,yes,no_email,https://xsmedspa.com,medspa,"semaglutide, tirzepatide, nad+",10
You Aesthetics,youbeautylounge.com,,,,no_email,,vendor,,0
Your Choice Spa,your-choice-spa.com,,,,no_email,https://your-choice-spa.com/contact,vendor,,0
Youthful Infusion Med Spa,youthfulinfusionmedspa.com,,,yes,no_email,https://youthfulinfusionmedspa.com,medspa,"semaglutide, bpc-157, tb-500, thymosin beta-4, ipamorelin, sermorelin",14
Youth Inc.,youthincnv.com,,,,unreachable,,,,
Yunara Life (formerly LIC Lifestyle &amp; Beauty),yunara.life,,,,no_email,,vendor,,0
"Yunique Medical, Ocala",yuniquemedical.com,,,yes,no_email,https://yuniquemedical.com,medspa,"semaglutide, tirzepatide, bpc-157, thymosin alpha-1, ipamorelin, sermorelin",18
"Zensken Medical Aesthetics, Phoenix",zensken.com,info@zensken.com,info@zensken.com; ashley@zensken.com,yes,no_peptides,https://zensken.com,medspa,,0
"Z Med Clinic and Med Spa, Weight Loss, Hormone Therapy and IV",zmedclinic.com,,,yes,no_email,https://zmedclinic.com,medspa,"semaglutide, tirzepatide, glutathione",15
