vendor,domain,email,all_emails,us_signal,status,evidence_url,audience,peptides,peptide_hits
TwelveStone Infusion Center Memphis (Germantown),12stonehealth.com,info@12stonehealth.com,chaplain@12stonehealth.com; info@12stonehealth.com,yes,ok,https://12stonehealth.com,medspa,,1
207 Wellness,207wellness.org,207wellnessllc@gmail.com,207wellnessllc@gmail.com,yes,ok,https://207wellness.org,medspa,,2
Ageless Aesthetics,ageless-in-seattle.com,agelessinseattle@icloud.com,agelessinseattle@icloud.com,yes,ok,https://ageless-in-seattle.com,medspa,"semaglutide, tirzepatide, nad+, glutathione",13
"IV Therapy in Miami Lakes, FL",aglowmiami.com,amedicalservices@yahoo.com,amedicalservices@yahoo.com,yes,ok,https://aglowmiami.com,medspa,semaglutide,1
Advanced Hormone Therapy and Wellness,ahtawellness.com,info@ahtawellness.com,info@ahtawellness.com,yes,ok,https://ahtawellness.com,medspa,,2
Aledo Empowered Wellness,aledoempoweredwellness.com,info@aledoempoweredwellness.com,info@aledoempoweredwellness.com,yes,ok,https://aledoempoweredwellness.com,medspa,GLP-1 weight loss peptides,3
Allied Infusion Services,alliedinfusion.com,info@alliedinfusion.com,orders@alliedinfusion.com; info@alliedinfusion.com,yes,ok,https://alliedinfusion.com,medspa,,1
All In Family Medicine,allinfamilymed.com,info@allinfamilymed.com,info@allinfamilymed.com,yes,ok,https://allinfamilymed.com,medspa,"semaglutide, tirzepatide, dulaglutide",10
Allure Aesthetics LLC,allureaestheticsspa.at,allureaesthics21@gmail.com,allureaesthics21@gmail.com,yes,ok,https://allureaestheticsspa.at,medspa,semaglutide,2
Ambiente Gallerie Chiropractic & Wellness Clinic Minneapolis,ambientegallerie.com,info@ambientegallerie.com,info@ambientegallerie.com,yes,ok,https://ambientegallerie.com,vendor,,1
A New Creation Clinic and Medi-Spa,anewcreationclinicandmedispa.com,anewcreationclinicandmedispa@outlook.com,anewcreationclinicandmedispa@outlook.com,yes,ok,https://anewcreationclinicandmedispa.com,medspa,,2
"Shelton, CT Nutritional IV Therapy",aprmsolutions.com,info@aprmsolutions.com,info@aprmsolutions.com,yes,ok,https://aprmsolutions.com,medspa,"semaglutide, tirzepatide, nad+",10
IV Hydration Services,aquafusioniv.com,wellness@aquafusioniv.com,wellness@aquafusioniv.com,yes,ok,https://aquafusioniv.com,medspa,"semaglutide, tirzepatide, glutathione",7
"Aspire Medical Aesthetics Fort Smith, AR",aspireaestheticsfs.com,info@aspireaestheticsfs.com,info@aspireaestheticsfs.com,yes,ok,https://aspireaestheticsfs.com,medspa,GLP-1 weight loss peptides,5
Atlanta Mobile IV,atlantamobileiv.com,info@atlantamobileiv.com,info@atlantamobileiv.com,yes,ok,https://atlantamobileiv.com,medspa,"nad+, glutathione",4
ATL Live Well,atllivewell.com,info@atllivewell.com,info@atllivewell.com,yes,ok,https://atllivewell.com,medspa,glutathione,6
Austin Love Doctor,austinlovedoctor.com,info@austinlovedoctor.com,info@austinlovedoctor.com,yes,ok,https://austinlovedoctor.com,medspa,,1
Autumn Sun Wellness,autumnsunwellness.com,autumnsunwellness@gmail.com,autumnsunwellness@gmail.com,yes,ok,https://autumnsunwellness.com,medspa,"semaglutide, tirzepatide",5
Awaken Beauty Co,awaken-beautyco.com,info@awaken-beautyco.com,info@awaken-beautyco.com,yes,ok,https://awaken-beautyco.com,medspa,nad+,7
Balanced Hormone Health,balancedhormonehealth.com,info@balancedhormonehealth.com,info@balancedhormonehealth.com,yes,ok,https://balancedhormonehealth.com,medspa,"semaglutide, tirzepatide",10
BALD,balddenver.com,bald@balddenver.com,bald@balddenver.com,yes,ok,https://balddenver.com,medspa,"semaglutide, tirzepatide",9
BEAM Beauty and Wellness,beambeautyandwellness.com,hello@beambeautyandwellness.com,hello@beambeautyandwellness.com,yes,ok,https://beambeautyandwellness.com,medspa,"semaglutide, tirzepatide, nad+",6
Beautify Solutions Med Spa,beautifysolutions.com,beautifysolutionsmedspa@gmail.com,beautifysolutionsmedspa@gmail.com,yes,ok,https://beautifysolutions.com,medspa,GLP-1 weight loss peptides,3
Beleza,beleza-medspa.com,info@beleza-medspa.com,info@beleza-medspa.com,yes,ok,https://beleza-medspa.com,medspa,"semaglutide, tirzepatide",4
Treasure Coast Bioidentical Institute,bioidentical-hrt.org,tcbioidentical@gmail.com,tcbioidentical@gmail.com; drcpasahow@gmail.com,yes,ok,https://bioidentical-hrt.org,vendor,,2
Lux Tan & Cryo,bioloungepdx.com,info@bioloungepdx.com,info@bioloungepdx.com,yes,ok,https://bioloungepdx.com,medspa,,3
Blue Willow Medical Aesthetics,bluewillowmedical.com,eva@bluewillowmedical.com,eva@bluewillowmedical.com,yes,ok,https://bluewillowmedical.com,medspa,"semaglutide, bpc-157, sermorelin, tesamorelin, semax, dsip",12
"IV Therapy in Miramar, FL",bodylaserink.com,bloomhausmedspa@gmail.com,bloomhausmedspa@gmail.com,yes,ok,https://bodylaserink.com,medspa,,1
Elite IV Infusion,bodylogicmd.fit,wellness@bodylogicmd.com,wellness@bodylogicmd.com,yes,ok,https://bodylogicmd.fit,vendor,,1
Advanced TRT Clinic,bouncebackiv.com,info@bouncebackiv.com,info@bouncebackiv.com,yes,ok,https://bouncebackiv.com,medspa,GLP-1 weight loss peptides,3
IV Therapy in Los Gatos,bradfordperkinsmd.com,info@bradfordperkinsmd.com,info@bradfordperkinsmd.com,yes,ok,https://bradfordperkinsmd.com,medspa,"nad+, semaglutide",8
BüDe Aesthetics,budeaesthetics.com,girlbossinjector@gmail.com,girlbossinjector@gmail.com,yes,ok,https://budeaesthetics.com,medspa,semaglutide,4
Calla Medspa,calla-medspa.com,info@calla-medspa.com,info@calla-medspa.com,yes,ok,https://calla-medspa.com,medspa,,1
California Naturopathic Clinic,calnc.com,info@calnc.com,info@calnc.com,yes,ok,https://calnc.com,medspa,"nad+, glutathione",3
"IV Drip in Jacksonville, NC",ccimpa.com,info@ccimpa.com,info@ccimpa.com,yes,ok,https://ccimpa.com,medspa,semaglutide,2
The Center for Aesthetics,cfabeautyjacksonhole.com,cfabeautyjackson@gmail.com,cfabeautyjackson@gmail.com,yes,ok,https://cfabeautyjacksonhole.com,medspa,,1
Clarity Medi Spa LLC,claritymedispa.com,info@claritymedispa.us,info@claritymedispa.us,yes,ok,https://claritymedispa.com,medspa,GLP-1 weight loss peptides,3
CLEARR Mobile IV Hydration,clearrmobileiv.com,info@clearrmobileiv.com,info@clearrmobileiv.com,yes,ok,https://clearrmobileiv.com,medspa,,1
Clinic For Him,clinicforhim.com,contact@clinicforhim.com,contact@clinicforhim.com,yes,ok,https://clinicforhim.com,medspa,,1
Conklin Psychiatric Health,conklinclinics.com,info@conklinclinics.com,info@conklinclinics.com,yes,ok,https://conklinclinics.com,medspa,,1
Craft Men's Clinic,craftmensclinic.com,info@craftmensclinic.com,info@craftmensclinic.com; contact@craftmensclinic.com,yes,ok,https://craftmensclinic.com,medspa,,3
The Aesthetics Project,dallaslaserfacial.com,info@dallaslaserfacial.com,info@dallaslaserfacial.com,yes,ok,https://dallaslaserfacial.com,medspa,glutathione,2
Intu Med Spa,defianthealth.io,hello@defianthealth.io,hello@defianthealth.io,yes,ok,https://defianthealth.io,medspa,"semaglutide, tirzepatide, bpc-157, tb-500, thymosin alpha-1, nad+",35
Home,desertpeakshydration.com,hydrate@desertpeakshydration.com,hydrate@desertpeakshydration.com,yes,ok,https://desertpeakshydration.com,medspa,,1
DevotedDOc Suboxone and General Medicine,devoteddoc.com,contact@devoteddoc.com,contact@devoteddoc.com,yes,ok,https://devoteddoc.com,medspa,,1
4Ever Young Med Spa & Wellness Center,drangiemartinez.com,angie@drangiemartinez.com,angie@drangiemartinez.com,yes,ok,https://drangiemartinez.com,medspa,GLP-1 weight loss peptides,3
DRIPwoRX IV Vitamin Therapy.Health.Wellness (Opening Soon!),dripworx.com,hello@dripworx.com,hello@dripworx.com,yes,ok,https://dripworx.com,medspa,"nad+, glutathione",5
DRIP ZONE OMAHA LLC,dripzoneomaha.com,dripzoneomaha@gmail.com,dripzoneomaha@gmail.com,yes,ok,https://dripzoneomaha.com,medspa,"semaglutide, tirzepatide, nad+, glutathione",15
alisha,dundalkmedicalgroup.com,dmg.telemedicine@gmail.com,dmg.telemedicine@gmail.com; dundalkmedicalgroup@gmail.com,yes,ok,https://dundalkmedicalgroup.com,medspa,,1
Elements of Wellness,elementsofwellness.health,info@elementsofwellness.health,info@elementsofwellness.health,yes,ok,https://elementsofwellness.health,medspa,,1
Elevated Natural Health,elevatednaturalhealth.com,contact@elevatednaturalhealth.com,contact@elevatednaturalhealth.com,yes,ok,https://elevatednaturalhealth.com,medspa,,2
Elevate IV Bar IV Therapy & Wellness,elevateivbar.com,elevateivbarprescott@gmail.com,elevateivbarprescott@gmail.com,yes,ok,https://elevateivbar.com,medspa,,1
IV Fluid Therapy,elevatemedandaesthetics.com,info@elevatemedandaesthetics.com,info@elevatemedandaesthetics.com,yes,ok,https://elevatemedandaesthetics.com,medspa,glutathione,5
Elevate Men's Health and TRT,elevatetrtnow.com,info@elevatetrtnow.com,info@elevatetrtnow.com,yes,ok,https://elevatetrtnow.com,medspa,GLP-1 weight loss peptides,6
EliteBio: Hormone and Aesthetic Solutions,elite-bio.com,info@elite-bio.com,info@elite-bio.com,yes,ok,https://elite-bio.com,medspa,"semaglutide, tirzepatide",7
Elite MD,elitemdlui.com,info@elitemdlui.com,info@elitemdlui.com,yes,ok,https://elitemdlui.com,medspa,,2
Elite Testosterone Center,elitetestosteronestl.com,testosterone.elite@gmail.com,testosterone.elite@gmail.com,yes,ok,https://elitetestosteronestl.com,medspa,GLP-1 weight loss peptides,3
Wellness Center,energytorrington.com,dinacateno@gmail.com,dinacateno@gmail.com; energymanagers59@gmail.com,yes,ok,https://energytorrington.com,medspa,,2
"IV Therapy in Oviedo, FL",enorawellnessandaesthetics.com,mk@enorawellnessandaesthetics.com,mk@enorawellnessandaesthetics.com,yes,ok,https://enorawellnessandaesthetics.com,medspa,"semaglutide, tirzepatide, nad+, glutathione",12
IV Therapy and,eternalyouthaesthetic.com,hello@eternalyouthaesthetic.com,hello@eternalyouthaesthetic.com,yes,ok,https://eternalyouthaesthetic.com,medspa,glutathione,5
Evexia Hydration,evexiahydration.com,amanda@evexiahydration.com,amanda@evexiahydration.com,yes,ok,https://evexiahydration.com,medspa,nad+,2
OsteoStrong,evolveantiaging.com,connect@evolveantiaging.com,connect@evolveantiaging.com,yes,ok,https://evolveantiaging.com,medspa,semaglutide,8
Exceed Hormone Specialists,exceedhs.com,info@exceedhs.com,info@exceedhs.com,yes,ok,https://exceedhs.com,medspa,,1
The FaceBar Aesthetic Medicine,facebaram.com,connect@facebaram.com,connect@facebaram.com,yes,ok,https://facebaram.com,medspa,GLP-1 weight loss peptides,3
Fairway Men's Health,fairwaymenshealth.com,info@fairwaymenshealth.com,info@fairwaymenshealth.com; u003einfo@fairwaymenshealth.com,yes,ok,https://fairwaymenshealth.com,medspa,"semaglutide, tirzepatide",5
Iv Therapy Jersey City,familywisecare.com,betterhealth@familywisecare.com,betterhealth@familywisecare.com,yes,ok,https://familywisecare.com,medspa,nad+,3
FemSculpt Cosmetic Gynecology,femsculpt.com,info@femsculpt.com,info@femsculpt.com,yes,ok,https://femsculpt.com,medspa,,1
"Drip Trussville IV Therapy, 133 North Chalkville Road, Trussville, AL",findhealthclinics.com,support@findhealthclinics.com,support@findhealthclinics.com,yes,ok,https://findhealthclinics.com,medspa,semaglutide,1
Finesse Beauty and Wellness Medspa LLC,finessebeautyandwellness.com,info@finessebeautyandwellness.com,info@finessebeautyandwellness.com,yes,ok,https://finessebeautyandwellness.com,medspa,"semaglutide, tirzepatide",3
IV Vitamins and Hydration,fletchermedspa.com,fletchermedspa@gmail.com,fletchermedspa@gmail.com,yes,ok,https://fletchermedspa.com,medspa,"semaglutide, tirzepatide",5
Flow IV Hydration & Wellness,flowivhydrationandwellness.com,flowivhydrationandwellness@gmail.com,flowivhydrationandwellness@gmail.com; flowivhydrationwellness@gmail.com,yes,ok,https://flowivhydrationandwellness.com,vendor,glutathione,2
Florida Native Medical,fnmedical.net,info@fnmedical.net,info@fnmedical.net; floridanativemedical@gmail.com,yes,ok,https://fnmedical.net,medspa,"nad+, semaglutide",5
Forever Young,foreveryoung-solutions.com,kate@foreveryoung-solutions.com,kate@foreveryoung-solutions.com; foreveryoungsolutions644@gmail.com,yes,ok,https://foreveryoung-solutions.com,medspa,GLP-1 weight loss peptides,4
Elite Wellness & Aesthetics,fortsmithelite.com,elitewa@fortsmithelite.com,elitewa@fortsmithelite.com,yes,ok,https://fortsmithelite.com,medspa,nad+,4
Fountain of Youth Medical Spa,foyms.com,victor.dsm.2012@gmail.com,victor.dsm.2012@gmail.com,yes,ok,https://foyms.com,medspa,GLP-1 weight loss peptides,4
Frontline Alternative,frontlinealternative.com,info@frontlinealternative.com,info@frontlinealternative.com,yes,ok,https://frontlinealternative.com,medspa,"tirzepatide, retatrutide, bpc-157, tb-500, glutathione",9
Fusion Hydration Rancho Bernardo,fusionhydrationresorts.com,contact@fusionhydrationresorts.com,contact@fusionhydrationresorts.com,yes,ok,https://fusionhydrationresorts.com,medspa,"nad+, glutathione",4
Fusion Wellness Center,fusionwellnessftl.com,info@fusionwellnessftl.com,info@fusionwellnessftl.com,yes,ok,https://fusionwellnessftl.com,medspa,"nad+, oxytocin",9
Genesis Health,genesishealthutah.com,tyler@genesishealthutah.com,tyler@genesishealthutah.com; optimizedhealthbyjenn@gmail.com,yes,ok,https://genesishealthutah.com,medspa,semaglutide,6
Glow By K2 Aesthetics and Beauty Bar,glowbyk2.com,glowbyk2@gmail.com,glowbyk2@gmail.com,yes,ok,https://glowbyk2.com,medspa,,3
Goldensita,goldensita.com,ursulacatts@gmail.com,ursulacatts@gmail.com,yes,ok,https://goldensita.com,vendor,"bpc-157, tb-500, thymosin alpha-1, sermorelin, selank, semax",12
IV Therapy Folsom,goldenstateurology.com,info@goldenstateurology.com,contact@goldenstateurology.com; info@goldenstateurology.com,yes,ok,https://goldenstateurology.com,medspa,,1
IV Therapy,goldtanandsunsetspasudbury.com,info@goldtanandsunsetspasudbury.com,info@goldtanandsunsetspasudbury.com,yes,ok,https://goldtanandsunsetspasudbury.com,medspa,"nad+, glutathione",2
The Well Longevity Health,gotothewellhealth.com,jwhite@gotothewellhealth.com,jwhite@gotothewellhealth.com,yes,ok,https://gotothewellhealth.com,medspa,,2
Grand Aesthetics,grandaestheticsjh.com,grandaestheticsjh@yahoo.com,grandaestheticsjh@yahoo.com,yes,ok,https://grandaestheticsjh.com,medspa,GLP-1 weight loss peptides,3
Haus of Confidence,hausofconfidence.com,info@hausofconfidence.com,info@hausofconfidence.com,yes,ok,https://hausofconfidence.com,medspa,GLP-1 weight loss peptides,6
IV infusion,hawkeyemedicalservices.com,jmsciarrotta@hawkeyemedicalservices.com,jmsciarrotta@hawkeyemedicalservices.com,yes,ok,https://hawkeyemedicalservices.com,medspa,glutathione,5
Healios Laser Therapy,healioslasertherapy.com,info@healioslasertherapy.com,info@healioslasertherapy.com,yes,ok,https://healioslasertherapy.com,medspa,,1
Radiant Integrative Health,healthbyradiant.com,radiantihc@gmail.com,radiantihc@gmail.com,yes,ok,https://healthbyradiant.com,medspa,glutathione,4
"IV Therapy in Annapolis, MD",helloeuna.com,info@helloeuna.com,info@helloeuna.com,yes,ok,https://helloeuna.com,medspa,,2
Highland Hills Aesthetics,highlandhillsbr.com,support@highlandhillsbr.com,support@highlandhillsbr.com; medical@highlandhillsbr.com,yes,ok,https://highlandhillsbr.com,medspa,"semaglutide, tirzepatide",6
Holistik Wellness Center,holistikwellnesscenter.com,info@holistikwellnesscenter.com,info@holistikwellnesscenter.com,yes,ok,https://holistikwellnesscenter.com,medspa,GLP-1 weight loss peptides,5
Hollyday Med Spa + Aesthetics,hollydayspa.com,hollydayinc@gmail.com,hollydayinc@gmail.com,yes,ok,https://hollydayspa.com,medspa,,2
Honeyglow Wellness,honeyglowwellness.com,info@honeyglowwellness.com,info@honeyglowwellness.com,yes,ok,https://honeyglowwellness.com/pages/contact,medspa,,3
HOOT HRT,hoothrt.com,info@hoothrt.com,info@hoothrt.com,yes,ok,https://hoothrt.com,medspa,semaglutide,8
HRT Doctors Group,hrtdoctorsgroup.com,info@hrtdoctorsgroup.com,info@hrtdoctorsgroup.com,yes,ok,https://hrtdoctorsgroup.com,medspa,,3
Hydro Glo Health,hydroglohealth.com,christine.dinoia73@gmail.com,christine.dinoia73@gmail.com,yes,ok,https://hydroglohealth.com,medspa,"semaglutide, tirzepatide, nad+, sermorelin, glutathione",10
Identity Hormones and Healthcare,identityhormones.com,info@identityhormones.com,phoenix@identityhormones.com; denver@identityhormones.com; henderson@identityhormones.com; sugarhouse@identityhormones.com; info@identityhormones.com,yes,ok,https://identityhormones.com,medspa,,1
Herb4Us & Acupuncture,ilaramedspa.com,info@ilaramedspa.com,info@ilaramedspa.com; hello@ilaramedspa.com,yes,ok,https://ilaramedspa.com,medspa,,1
Ili Nani Med Spa,ilinanimedspa.com,nicole@ilinanimedspa.com,nicole@ilinanimedspa.com; brooken@ilinanimedspa.com; brooke@ilinanimedspa.com; kelsy@ilinanimedspa.com,yes,ok,https://ilinanimedspa.com,medspa,"semaglutide, tirzepatide",5
IV Therapy,imperiumhealthcare.com,hiringimperium@outlook.com,hiringimperium@outlook.com,yes,ok,https://imperiumhealthcare.com,medspa,,1
Indigo Wellness Group,indigowellnessgroup.com,hello@indigowellnessgroup.com,hello@indigowellnessgroup.com,yes,ok,https://indigowellnessgroup.com,medspa,GLP-1 weight loss peptides,4
Infinity Medical Wellness,infinitymedwellness.com,info@infinitymedwellness.com,info@infinitymedwellness.com,yes,ok,https://infinitymedwellness.com,medspa,nad+,4
Infinity Wellness Clinic,infinitywellnessclinic.com,info@infinitywellnessclinic.com,info@infinitywellnessclinic.com,yes,ok,https://infinitywellnessclinic.com,medspa,,3
Infuse IV Wellness,infuse.health,jenn@infuse.health,jenn@infuse.health,yes,ok,https://infuse.health,medspa,"semaglutide, tirzepatide, bpc-157, tb-500, thymosin alpha-1, nad+",24
Injection Bar,injection-bar.com,info@injection-bar.com,info@injection-bar.com,yes,ok,https://injection-bar.com,medspa,"semaglutide, tirzepatide, nad+, ipamorelin, sermorelin, semax",13
Iron Direct Primary Care,irondpc.com,lynne.irondpc@gmail.com,lynne.irondpc@gmail.com; belle.irondpc@gmail.com; ashley.irondpc@gmail.com; anna.irondpc@gmail.com,yes,ok,https://irondpc.com,medspa,,2
IV Lounge,iv-lounge.com,info@iv-lounge.com,info@iv-lounge.com,yes,ok,https://iv-lounge.com,medspa,nad+,2
IV & Wellness MedSpa,ivandwellness.com,brooklyne@ivandwellness.com,brooklyne@ivandwellness.com,yes,ok,https://ivandwellness.com,medspa,,1
"Doral, FL",ivbrothers.com,admin@ivbrothers.com,admin@ivbrothers.com,yes,ok,https://ivbrothers.com,medspa,"nad+, glutathione",3
IV Drip Company Tempe,ivdripco.com,info@ivdripco.com,info@ivdripco.com,yes,ok,https://ivdripco.com,medspa,nad+,2
IV Drip Ladies,ivdripladies.com,donna@ivdripladies.com,donna@ivdripladies.com,yes,ok,https://ivdripladies.com,medspa,"semaglutide, glutathione",4
IVMEDSPA,ivmedspa.com,info@ivmedspa.com,info@ivmedspa.com,yes,ok,https://ivmedspa.com,medspa,,2
HOME,ivnurses.org,contact@ivnurses.org,contact@ivnurses.org,yes,ok,https://ivnurses.org,medspa,"nad+, glutathione",4
Mobile IV Therapies Newport Beach,ivregen.com,info@ivregen.com,info@ivregen.com,yes,ok,https://ivregen.com,medspa,"nad+, glutathione",3
Jax Beach Body MD Aesthetic Wellness,jaxbeachbodymd.com,jaxbeachbodymd@yahoo.com,jaxbeachbodymd@yahoo.com,yes,ok,https://jaxbeachbodymd.com,medspa,,2
Juvé Medical Spa,juvemedicalspa.com,owner@juvemedicalspa.com,owner@juvemedicalspa.com,yes,ok,https://juvemedicalspa.com,medspa,"semaglutide, tirzepatide",9
"IV Hydration Therapy in St. George, UT",k2medspa.com,info@k2medspa.com,info@k2medspa.com,yes,ok,https://k2medspa.com,medspa,GLP-1 weight loss peptides,7
Healing Springs Medical Spa and Mountain State Cosmetic,kalosaesthetics.net,kalosaestheticsllc@gmail.com,kalosaestheticsllc@gmail.com,yes,ok,https://kalosaesthetics.net,medspa,,2
"IV Hydration for Plano, TX",kamcarehealth.com,patientinfo@kamcarehealth.com,patientinfo@kamcarehealth.com,yes,ok,https://kamcarehealth.com,medspa,,1
Advanced TRT Clinic,katetenneynd.com,info@katetenneynd.com,info@katetenneynd.com,yes,ok,https://katetenneynd.com,medspa,,2
KB Aesthetics Chicago,kbaestheticschicago.glossgenius.com,info@kbaestheticschicago.com,info@kbaestheticschicago.com,yes,ok,https://kbaestheticschicago.glossgenius.com,medspa,"semaglutide, tirzepatide",4
IV Therapy & Treatments,kchs.org,info@kchs.org,info@kchs.org,yes,ok,https://kchs.org,medspa,,1
Ketamine Wellness Infusions PA,ketaminewellnessinfusionspa.com,info@ketaminewellnessinfusionspa.com,info@ketaminewellnessinfusionspa.com,yes,ok,https://ketaminewellnessinfusionspa.com,medspa,,1
KYA IV & Aesthetics,kyaivbeauty.com,info@kyaivbeauty.com,info@kyaivbeauty.com,yes,ok,https://kyaivbeauty.com,medspa,"semaglutide, nad+",4
"Lake Oswego Health Center, PC",lakeoswegohealth.com,info@lakeoswegohealth.com,info@lakeoswegohealth.com,yes,ok,https://lakeoswegohealth.com,medspa,kpv,5
IV Therapy,leveluphealth.clinic,support@leveluphealth.clinic,support@leveluphealth.clinic,yes,ok,https://leveluphealth.clinic,medspa,"nad+, glutathione",6
Level Up Men's Health,levelupmen.com,info@levelupmen.com,info@levelupmen.com,yes,ok,https://levelupmen.com,medspa,"semaglutide, tirzepatide",5
Lifespring Health Center,lifespringhealthcenter.com,info@lifespringhealthcenter.com,info@lifespringhealthcenter.com,yes,ok,https://lifespringhealthcenter.com,medspa,,3
Line Plastic Surgery Center,lineps.com,info@lineps.com,info@lineps.com; irvine@lineps.com,yes,ok,https://lineps.com,medspa,tirzepatide,3
Linz Aesthetics Clinic,linzaesthetics.com,linzaesthetics@gmail.com,linzaesthetics@gmail.com,yes,ok,https://linzaesthetics.com,medspa,,2
Lodi Advanced Medical Center,lodiadvancedmedicalcenters.com,lodiadvancedmedicalcenter@gmail.com,lodiadvancedmedicalcenter@gmail.com; lodiadvancedmedical@gmail.com,yes,ok,https://lodiadvancedmedicalcenters.com,medspa,,3
Longevity 360 Med Spa,longevity360spa.com,info@longevity360spa.com,info@longevity360spa.com,yes,ok,https://longevity360spa.com,medspa,,3
Longevity Lounge,longevityloungespa.com,longevityloungespa@gmail.com,longevityloungespa@gmail.com,yes,ok,https://longevityloungespa.com,medspa,,1
Low T 99,lowt99.com,info@lowt99.com,info@lowt99.com,yes,ok,https://lowt99.com,medspa,,2
Lumina Wellness & Aesthetics,luminawellnesscenter.com,info@luminawellnesscenter.com,info@luminawellnesscenter.com,yes,ok,https://luminawellnesscenter.com,medspa,,3
Luna Wellness & Aesthetics,lunawellnessct.com,jen@lunawellnessct.com,jen@lunawellnessct.com; lunawellnessct@gmail.com,yes,ok,https://lunawellnessct.com,medspa,"semaglutide, tirzepatide",4
Main Street Med Spa,mainstmedspa.com,hello@mainstmedspa.com,hello@mainstmedspa.com,yes,ok,https://mainstmedspa.com,medspa,,1
Manly Clinic,manlyclinic.com,support@manlyclinic.com,support@manlyclinic.com,yes,ok,https://manlyclinic.com,medspa,"semaglutide, tirzepatide, nad+",4
Marcus Clinic: Testosterone and Mental Health,marcusclinic.com,info@marcusclinic.com,info@marcusclinic.com; hello@marcusclinic.com,yes,ok,https://marcusclinic.com,medspa,,2
"The Maryland Center for Hormones and Wellness, LLC",marylandhormones.com,info@marylandhormones.com,info@marylandhormones.com,yes,ok,https://marylandhormones.com,medspa,,3
The Med Spa of Flower Mound,medspafm.com,info@medspafm.com,info@medspafm.com,yes,ok,https://medspafm.com,medspa,,1
Suncare Medspa-尔湾最好的医美中心 Botox 注射美容 溶脂注射 水光针 皮秒激光 热玛吉 超声刀提升 光子嫩肤 玻尿酸填充,medspairvine.com,suncare2022@gmail.com,suncare2022@gmail.com,yes,ok,https://medspairvine.com,medspa,"nad+, glutathione",3
The Men's Clinic for Wellness and Vitality,mensclinicaz.com,pjchecky@protonmail.com,pjchecky@protonmail.com; themensclinicaz@protonmail.com,yes,ok,https://mensclinicaz.com,vendor,,1
"IV Therapy in Wilton Manors, FL",miami.caritashomehealthcare.com,info@caritashomehealthcare.com,info@caritashomehealthcare.com,yes,ok,https://miami.caritashomehealthcare.com,medspa,,1
Miami Men's,miamimens.com,concierge@miamimens.com,concierge@miamimens.com,yes,ok,https://miamimens.com,medspa,GLP-1 weight loss peptides,2
Mobile IV Care,mobileivcare.com,maloriqat@mobileivcare.com,maloriqat@mobileivcare.com,yes,ok,https://mobileivcare.com/contact,medspa,,1
Mobile IV Drip,mobileivdrip.com,bookings@mobileivdrip.com,bookings@mobileivdrip.com; careers@mobileivdrip.com,yes,ok,https://mobileivdrip.com,medspa,,1
"Mobile IV Therapy Oakland, CA",mobileivnapasonoma.com,santarosamobileiv@gmail.com,santarosamobileiv@gmail.com,yes,ok,https://mobileivnapasonoma.com,medspa,"nad+, glutathione",4
"Mobile IV Therapy in Aventura, FL",mobileivnursepaul.com,mobileivnursepaul@gmail.com,mobileivnursepaul@gmail.com,yes,ok,https://mobileivnursepaul.com,medspa,"nad+, glutathione",3
Modern Line Med Spa,modernlinemedspa.com,carrollton@modernlinemedspa.com,carrollton@modernlinemedspa.com,yes,ok,https://modernlinemedspa.com,medspa,"semaglutide, liraglutide",5
Hydra Heal Mobile IV,modlongevity.com,hello@modlongevity.com,hello@modlongevity.com,yes,ok,https://modlongevity.com,medspa,"retatrutide, bpc-157, nad+, ipamorelin, sermorelin, cjc-1295",29
Mojo Health & Hydration,mojohydration.com,info@mojohydration.com,info@mojohydration.com,yes,ok,https://mojohydration.com,medspa,"nad+, glutathione",3
"IV Therapy Treatments in Brooklyn, NY",mrswebbaesthetic.com,info@mrswebbaesthetic.com,info@mrswebbaesthetic.com,yes,ok,https://mrswebbaesthetic.com,medspa,GLP-1 weight loss peptides,4
Skinworx,myskinworx.com,cheryl@myskinworx.com,cheryl@myskinworx.com,yes,ok,https://myskinworx.com,medspa,,1
Terra Aesthetics & Wellness,myterrawellness.com,info@myterrawellness.com,info@myterrawellness.com,yes,ok,https://myterrawellness.com,medspa,,1
My Wellness Haven Med Spa,mywellnesshavenmedspa.com,info@mywellnesshavenmedspa.com,info@mywellnesshavenmedspa.com,yes,ok,https://mywellnesshavenmedspa.com,medspa,,1
Natural Medicine Center of Lakeland,naturallakeland.com,info@naturallakeland.com,info@naturallakeland.com,yes,ok,https://naturallakeland.com,medspa,"nad+, glutathione, oxytocin",6
IV Therapy,nestandcare.com,care@nestandcare.com,kat@nestandcare.com; care@nestandcare.com,yes,ok,https://nestandcare.com,medspa,,1
New Day Vitality Hormone Center,newdayvitality.com,freeconsult@newdayvitality.com,freeconsult@newdayvitality.com,yes,ok,https://newdayvitality.com,medspa,,1
Peak Health and Wellness Mobile IV now in Black Forest,newfalconherald.com,michelle@newfalconherald.com,michelle@newfalconherald.com; marylounfh@gmail.com,yes,ok,https://newfalconherald.com,medspa,,1
NOLA Doc,noladoc.com,info@noladoc.com,info@noladoc.com,yes,ok,https://noladoc.com,medspa,,1
IV Therapy,northernkentuckypainrelief.com,support@northernkentuckypainrelief.com,support@northernkentuckypainrelief.com,yes,ok,https://northernkentuckypainrelief.com,medspa,,1
"IV Therapy Chicago, Illinois",novamedurgentcare.com,info@novamedurgentcare.com,info@novamedurgentcare.com,yes,ok,https://novamedurgentcare.com,medspa,,1
NP Redlips Full Body Aesthetics,npredlips.org,npredlips@gmail.com,npredlips@gmail.com,yes,ok,https://npredlips.org,medspa,"cagrilintide, bpc-157, nad+, sermorelin, tesamorelin, igf-1 lr3",15
"IV Therapy in Bronx, New York",nycdocs.com,info@nycdocs.com,info@nycdocs.com,yes,ok,https://nycdocs.com,medspa,,1
Oasis IV Infusion,oasis-iv-infusion.com,icare@oasisivinfusion.com,icare@oasisivinfusion.com,yes,ok,https://oasis-iv-infusion.com,vendor,"nad+, glutathione",4
Optimal Health Institute of Ohio,optimalhealthinstituteohio.com,office@optimalhealthinstituteohio.com,office@optimalhealthinstituteohio.com,yes,ok,https://optimalhealthinstituteohio.com,medspa,,1
Optimal Testosterone and Weight Loss El Paso,optimaltrtweightloss.com,optimaltrt@gmail.com,optimaltrt@gmail.com,yes,ok,https://optimaltrtweightloss.com,medspa,semaglutide,5
Thrive Recovery Club,optimantra.com,support@optimantra.freshdesk.com,support@optimantra.freshdesk.com; support@optimantra.zendesk.com,yes,ok,https://optimantra.com,medspa,,4
Opulent Aesthetics,opulentaestheticsms.com,opulentaesthetics@yahoo.com,opulentaesthetics@yahoo.com,yes,ok,https://opulentaestheticsms.com,medspa,,1
Organicflow,organicflowiv.com,wellness@organicflowiv.com,wellness@organicflowiv.com,yes,ok,https://organicflowiv.com,medspa,,1
Organic Well,organicwell-usa.com,administrator@organicwell.net,administrator@organicwell.net,yes,ok,https://organicwell-usa.com,medspa,"bpc-157, tb-500, tesamorelin",9
Own Aesthetics PLC,ownaesthetics.com,info@ownaesthetics.com,info@ownaesthetics.com,yes,ok,https://ownaesthetics.com,medspa,,1
PEAK Wellness Whitefish,peakwellnessmt.com,info@peakwellnessmt.com,info@peakwellnessmt.com,yes,ok,https://peakwellnessmt.com,medspa,,1
Pelle Spa,pellespa.com,pelle@pellespa.com,pelle@pellespa.com,yes,ok,https://pellespa.com,medspa,,3
Phoenix Men's Health Center,phoenixmenshealthcenter.com,phxmhc@gmail.com,phxmhc@gmail.com,yes,ok,https://phoenixmenshealthcenter.com,medspa,pt-141,5
Powerhouse Men's Clinic LLC,powerhouse.care,powerhousednp@proton.me,powerhousednp@proton.me,yes,ok,https://powerhouse.care,medspa,,2
Powerhouse Men's Health: Testosterone therapy & more,powerhousehealth.org,rena@powerhousehealth.org,rena@powerhousehealth.org,yes,ok,https://powerhousehealth.org,medspa,GLP-1 weight loss peptides,5
IV Therapy,practicalhealingcenter.com,info@practicalhealingcenter.com,info@practicalhealingcenter.com,yes,ok,https://practicalhealingcenter.com,medspa,,1
"Liquivida Vitamin IV Therapy in Morgan Hill & San Jose, CA",preetebhanotmd.com,bhanotobgyn@gmail.com,bhanotobgyn@gmail.com,yes,ok,https://preetebhanotmd.com,medspa,GLP-1 weight loss peptides,3
IV Therapy,premiercaredpc.com,contact@premiercaredpc.com,contact@premiercaredpc.com,yes,ok,https://premiercaredpc.com,medspa,semaglutide,5
Premier Dermatology,premierderm.net,info@premierderm.net,info@premierderm.net,yes,ok,https://premierderm.net,medspa,GLP-1 weight loss peptides,5
Skilled Nursing: In-Home IV Infusion Therapy in Manhattan NYC,prolifehc.com,team@prolifehc.com,team@prolifehc.com,yes,ok,https://prolifehc.com,medspa,,1
PurIVy Drip Therapy Lounge,purivydriptherapy.com,infopurivy@gmail.com,infopurivy@gmail.com; purivy22@gmail.com,yes,ok,https://purivydriptherapy.com,medspa,GLP-1 weight loss peptides,3
Quality IV Care,qualityivcare.com,pharmacy@qualityivcare.com,pharmacy@qualityivcare.com,yes,ok,https://qualityivcare.com,medspa,,1
IV Therapy Newport Beach,quickdripusa.com,hello@quickdripusa.com,hello@quickdripusa.com,yes,ok,https://quickdripusa.com,medspa,"semaglutide, tirzepatide, bpc-157, nad+, tesamorelin, selank",18
Raving Health,ravinghealthvb.com,ravinghealth@gmail.com,ravinghealth@gmail.com,yes,ok,https://ravinghealthvb.com,medspa,,2
Bloom Health Services for Women PLLC,re-wellness.com,clinic@re-wellness.com,clinic@re-wellness.com,yes,ok,https://re-wellness.com,medspa,,1
Rebel Med NW,rebelmednw.com,info@rebelmednw.com,info@rebelmednw.com,yes,ok,https://rebelmednw.com,medspa,,3
Reclaim Med Spa & Wellness,reclaimmedspastl.com,info@reclaimmedspastl.com,info@reclaimmedspastl.com,yes,ok,https://reclaimmedspastl.com,medspa,,2
Redeem Sexual Wellness & Aesthetics,redeemmichigan.com,info@redeemmichigan.com,info@redeemmichigan.com,yes,ok,https://redeemmichigan.com,medspa,,1
IV Therapy,refreshbariv.com,team@refreshbariv.com,team@refreshbariv.com,yes,ok,https://refreshbariv.com,medspa,"semaglutide, tirzepatide, bpc-157, nad+, ghk-cu, glutathione",12
Living Waters Regenerative Medicine Center,rejuvamedlife.com,info@rejuvamedlife.com,info@rejuvamedlife.com,yes,ok,https://rejuvamedlife.com,medspa,GLP-1 weight loss peptides,3
Rejuvenate Health Clinic,rejuvenatehealth.care,info@rejuvenatehealth.care,info@rejuvenatehealth.care,yes,ok,https://rejuvenatehealth.care,medspa,"nad+, glutathione",6
IV Therapy,rejuvenatestillwater.com,rejuvenatestillwater@gmail.com,rejuvenatestillwater@gmail.com,yes,ok,https://rejuvenatestillwater.com,medspa,nad+,2
Rejuvenate You,rejuvenateyou307.com,info@rejuvenateyou307.com,info@rejuvenateyou307.com,yes,ok,https://rejuvenateyou307.com,medspa,,1
Plum Aesthetics,rejuvenationsmedispa.com,cs@rejuvenationsmedispa.com,cs@rejuvenationsmedispa.com,yes,ok,https://rejuvenationsmedispa.com,medspa,,3
Remedy Health,remedyhealth.net,admin@remedyhealth.net,admin@remedyhealth.net,yes,ok,https://remedyhealth.net,medspa,,1
Restore Functional Medicine,restorefm.com,info@restorefm.com,info@restorefm.com,yes,ok,https://restorefm.com,medspa,,5
Hello Lovely Esthetique,retreatwellnessconcierge.com,info@retreatwellnessconcierge.com,info@retreatwellnessconcierge.com,yes,ok,https://retreatwellnessconcierge.com,medspa,,1
Welcome,revitalizeivmd.com,contactus@revitalizeivmd.com,contactus@revitalizeivmd.com,yes,ok,https://revitalizeivmd.com,medspa,glutathione,2
mobile iv therapy,revive-ut.com,admin@revive-ut.com,admin@revive-ut.com,yes,ok,,medspa,,1
New home,revivedkansas.info,careteam@revivedkansas.info,careteam@revivedkansas.info,yes,ok,https://revivedkansas.info,medspa,"semaglutide, tirzepatide",11
Revive Clinic HSV,revivehsv.com,info@revivehsv.com,info@revivehsv.com,yes,ok,https://revivehsv.com,medspa,glutathione,5
Merriam Park Acupuncture and Massage,revivemdmsp.com,info@revivemdmsp.com,info@revivemdmsp.com,yes,ok,https://revivemdmsp.com,medspa,,2
RevIVe Mobile IV LLC,revivemobileivs.com,admin@revivemobileivs.com,admin@revivemobileivs.com,yes,ok,https://revivemobileivs.com,medspa,"nad+, glutathione",3
IV Therapy Near You,revivemodernwellness.com,support@revivemodernwellness.com,support@revivemodernwellness.com,yes,ok,https://revivemodernwellness.com,medspa,,1
Revive Therapy Center,revivetherapycenter.com,hello@revivetherapycenter.com,hello@revivetherapycenter.com,yes,ok,https://revivetherapycenter.com,medspa,,3
RGV Wellness & Family Clinic,rgvwellness.clinic,contact@rgvwellness.clinic,contact@rgvwellness.clinic,yes,ok,https://rgvwellness.clinic,medspa,,2
Revive & Revitalize,rnrspas.com,info@rnrspas.com,info@rnrspas.com,yes,ok,https://rnrspas.com,medspa,"nad+, glutathione",3
Asian Aromatherapy Massage,rootedsd.com,info@rootedsd.com,info@rootedsd.com,yes,ok,https://rootedsd.com,medspa,"ipamorelin, sermorelin, pt-141",6
Southern Aesthetics,sa-skin.com,contactus@sa-skin.com,contactus@sa-skin.com,yes,ok,https://sa-skin.com,medspa,glutathione,3
Citrus Heights IV Therapy by Sacramento's Mobile Experts,sacramentomobileiv.com,info@sacramentomobileiv.com,info@sacramentomobileiv.com,yes,ok,https://sacramentomobileiv.com,medspa,"nad+, glutathione",4
Skin Body and Beauty Clinic,sbbclinics.com,info@sbbclinics.com,info@sbbclinics.com,yes,ok,https://sbbclinics.com,medspa,"semaglutide, tirzepatide",4
Advanced TRT Clinic,serenitewellnessmed.com,ador.mansat@serenitewellnessmed.com,ador.mansat@serenitewellnessmed.com,yes,ok,,medspa,GLP-1 weight loss peptides,4
Serenity Mobile IV,serenitymobileiv.com,info@serenitymobileiv.com,info@serenitymobileiv.com,yes,ok,https://serenitymobileiv.com,medspa,"nad+, glutathione",4
Sima Medical & Cosmetic Clinic,simaclinic.com,staff@simaclinic.com,staff@simaclinic.com,yes,ok,https://simaclinic.com,medspa,semaglutide,4
Simply Sculpt Aesthetics and Wellness,simplysculptohio.com,info@simplysculptohio.com,info@simplysculptohio.com,yes,ok,https://simplysculptohio.com,medspa,GLP-1 weight loss peptides,5
Skilled Visits,skilledvisits.com,info@skilledvisits.com,info@skilledvisits.com; email-info@skilledvisits.com,yes,ok,https://skilledvisits.com,medspa,"nad+, glutathione",3
Skin N Tox Aesthetics,skinandtox.com,hello@skinandtox.com,hello@skinandtox.com,yes,ok,https://skinandtox.com,medspa,GLP-1 weight loss peptides,6
SkinCare by Vondi Inc.,skincarebyvondi.com,skincarebyvondi@yahoo.com,skincarebyvondi@yahoo.com,yes,ok,https://skincarebyvondi.com,medspa,glutathione,1
SkinForward Medspa and Wellness,skinforwardaesthetics.com,skinforwardaesthetics@yahoo.com,skinforwardaesthetics@yahoo.com,yes,ok,https://skinforwardaesthetics.com,medspa,,1
Skin Kahala,skinkahala.com,aloha@skinkahala.com,aloha@skinkahala.com,yes,ok,https://skinkahala.com,medspa,,1
Skin Maison Med Spa,skinmaison.com,skinmaisonoc@gmail.com,skinmaisonoc@gmail.com,yes,ok,https://skinmaison.com,medspa,,1
Skin MB,skinmb.com,info@skinmb.com,info@skinmb.com,yes,ok,https://skinmb.com,medspa,"semaglutide, tirzepatide",6
SKIN Medical + Wellness,skinmedct.com,skinmedct@gmail.com,skinmedct@gmail.com,yes,ok,https://skinmedct.com,medspa,GLP-1 weight loss peptides,3
Skin Med Spa,skinmedspamn.com,info@skinmedspamn.com,info@skinmedspamn.com; skinmedspamn1@outlook.com,yes,ok,https://skinmedspamn.com,medspa,semaglutide,5
SKINnovative Medical Aesthetics,skinnovativela.com,admin@skinnovativela.com,admin@skinnovativela.com,yes,ok,https://skinnovativela.com,medspa,,1
Skinova Medspa,skinovamedspa.com,contact@skinovamedspa.com,contact@skinovamedspa.com,yes,ok,https://skinovamedspa.com,medspa,GLP-1 weight loss peptides,2
Skinovatio Medical Spa,skinovatioohio.com,info@skinovatioohio.com,info@skinovatioohio.com,yes,ok,https://skinovatioohio.com,medspa,"semaglutide, tirzepatide, glutathione",6
Skinpress Medspa,skinpressmedspa.com,kim@skinpressmedspa.com,kim@skinpressmedspa.com; skinpressmedspa@gmail.com,yes,ok,https://skinpressmedspa.com,medspa,glutathione,3
Skin Refine Medspa,skinrefinemedspa.com,terilouise2016@gmail.com,terilouise2016@gmail.com,yes,ok,https://skinrefinemedspa.com,medspa,,1
Skin Remedies,skinremedies.com,skinremediesinfo@gmail.com,skinremediesinfo@gmail.com,yes,ok,https://skinremedies.com,medspa,"semaglutide, tirzepatide",5
Skin Retreat Medspa,skinretreatmedspa.com,info@skinretreatmedspa.com,info@skinretreatmedspa.com; skinretreatmedspa@gmail.com,yes,ok,https://skinretreatmedspa.com,medspa,glutathione,1
Skin Sanctuary Med Spa,skinsanctuarymedspamn.com,skinsanctuarymedspa@gmail.com,skinsanctuarymedspa@gmail.com,yes,ok,https://skinsanctuarymedspamn.com,medspa,,1
Skin Therapy by Eden,skintherapybyeden.com,info@skintherapybyeden.com,info@skintherapybyeden.com,yes,ok,https://skintherapybyeden.com,medspa,glutathione,1
Skin Vault Aesthetics & Wellness,skinvaultaesthetics.com,skinvaultaesthetics@yahoo.com,skinvaultaesthetics@yahoo.com,yes,ok,https://skinvaultaesthetics.com,medspa,"semaglutide, tirzepatide, bpc-157, nad+, sermorelin, ghk-cu",10
Skin Wellness Dermatology,skinwellness.com,info@skinwellness.com,info@skinwellness.com,yes,ok,https://skinwellness.com,medspa,,1
Skin Works Medical Spa,skinworksmed.com,info@skinworksmed.com,support@skinworksmed.com; info@skinworksmed.com,yes,ok,https://skinworksmed.com,medspa,"semaglutide, tirzepatide, nad+, glutathione",8
Skulpt Haus,skulpthaus.co,info@skulpthaus.co,info@skulpthaus.co,yes,ok,https://skulpthaus.co,medspa,tirzepatide,5
SLA Medical Spa,slamedicalspa.com,slathetician@gmail.com,slathetician@gmail.com,yes,ok,https://slamedicalspa.com,medspa,,1
Smith Facial Plastics,smithfacialplastics.com,info@smithfacialplastics.com,info@smithfacialplastics.com,yes,ok,https://smithfacialplastics.com,medspa,,3
Sol Aesthetics & Wellness PLLC,solaestheticsnc.com,info@solaestheticsnc.com,info@solaestheticsnc.com,yes,ok,https://solaestheticsnc.com,medspa,GLP-1 weight loss peptides,2
Solaire Medical Spa,solairemedspa.com,info@solairemedspa.com,info@solairemedspa.com,yes,ok,https://solairemedspa.com,medspa,,1
Soleil Acupuncture and Naturopathic Wellness,soleilholistic.com,admin@soleilholistic.com,admin@soleilholistic.com,yes,ok,https://soleilholistic.com,medspa,,4
Solve Clinics Hair Transplant Chicago,solveclinics.com,info@solveclinics.com,info@solveclinics.com,yes,ok,https://solveclinics.com,medspa,GLP-1 weight loss peptides,3
Spa Works and Wellness,spaworksandwellness.com,spaworksandwellness@yahoo.com,spaworksandwellness@yahoo.com,yes,ok,https://spaworksandwellness.com,medspa,"semaglutide, tirzepatide",6
Speakeasy Aesthetics,speakeasyaesthetics.com,speakeasyaesthetics@gmail.com,speakeasyaesthetics@gmail.com,yes,ok,https://speakeasyaesthetics.com,medspa,semaglutide,3
Spectrum Aesthetics®,spectrum-aesthetics.com,info@spectrum-aesthetics.com,info@spectrum-aesthetics.com; assistant@spectrum-aesthetics.com,yes,ok,https://spectrum-aesthetics.com,medspa,semaglutide,3
Spring Mountain Aesthetics,springmountainaesthetics.com,info@springmountainaesthetics.com,info@springmountainaesthetics.com,yes,ok,https://springmountainaesthetics.com,medspa,,1
Springs Rejuvenation,springsrejuvenation.com,info@springsrejuvenation.com,info@springsrejuvenation.com; alyssa@springsrejuvenation.com,yes,ok,https://springsrejuvenation.com,medspa,,1
Starlit Aesthetics Pasadena,starlitaestheticsla.com,starlitaesthetics@gmail.com,starlitaesthetics@gmail.com,yes,ok,https://starlitaestheticsla.com,medspa,nad+,2
Starlite Aesthetics and Wellness,starliteaesthetics.com,starliteappointments@gmail.com,starliteappointments@gmail.com,yes,ok,https://starliteaesthetics.com,medspa,,2
Sthetika Med Spa,sthetikamedspa.com,sthetikamedspa@gmail.com,sthetikamedspa@gmail.com,yes,ok,https://sthetikamedspa.com,medspa,"semaglutide, tirzepatide",5
Boost Energy and Hydration with IV Infusion Therapy in Staten Island .,stillwellmed.com,office@stillwellmed.com,office@stillwellmed.com,yes,ok,https://stillwellmed.com,medspa,"bpc-157, tb-500, thymosin alpha-1, nad+, ipamorelin, sermorelin",20
Stone Lux Med Spa,stoneluxmedspa.com,contact@stoneluxmedspa.com,stoneluxmedspa@gmail.com; contact@stoneluxmedspa.com,yes,ok,https://stoneluxmedspa.com,medspa,GLP-1 weight loss peptides,3
St Pete Wellness & MedSpa,stpetewellnessmedspa.com,stpetemedspa@gmail.com,stpetemedspa@gmail.com,yes,ok,https://stpetewellnessmedspa.com,medspa,,2
Balanced Health Functional Medicine,summitwellnessutah.com,khall@summitwellnessutah.com,khall@summitwellnessutah.com,yes,ok,https://summitwellnessutah.com,medspa,GLP-1 weight loss peptides,5
Superior Med Spa,superiormedspallc.com,thesuperiormedspa@gmail.com,thesuperiormedspa@gmail.com,yes,ok,https://superiormedspallc.com,medspa,GLP-1 weight loss peptides,2
SUR MedSpa (Medical Spa),surmedspa.com,admin@surmedspa.com,admin@surmedspa.com,yes,ok,https://surmedspa.com,medspa,GLP-1 weight loss peptides,4
Sweatheory KC,sweatheory.com,info@sweatheory.com,hello@sweatheory.com; info@sweatheory.com,yes,ok,https://sweatheory.com,vendor,"retatrutide, bpc-157, tb-500, thymosin alpha-1, nad+, ipamorelin",15
Sweet Skin by Gaby,sweetskinbygaby.com,sweetskinandlaser@gmail.com,sweetskinandlaser@gmail.com; sweetskinbygaby@gmail.com,yes,ok,https://sweetskinbygaby.com,medspa,semaglutide,5
Synergi MedSpa,synergimedspa.com,info@synergimedspa.com,info@synergimedspa.com,yes,ok,https://synergimedspa.com,medspa,,1
Synergy Integrative Medicine Center,synergymedicalcenter.com,info@synergymedicalcenter.com,info@synergymedicalcenter.com,yes,ok,https://synergymedicalcenter.com,medspa,,1
TPMS Medical & Aesthetics,taichegriffin.com,reception@taichegriffin.com,reception@taichegriffin.com,yes,ok,https://taichegriffin.com,medspa,GLP-1 weight loss peptides,6
Testosterone Optimization Program,testosteroneoptimizationprogram.com,info@testosteroneoptimizationprogram.com,info@testosteroneoptimizationprogram.com,yes,ok,https://testosteroneoptimizationprogram.com,medspa,,3
The MedSpa,the-med-spa.com,info@the-med-spa.com,info@the-med-spa.com,yes,ok,https://the-med-spa.com,medspa,semaglutide,3
The Aesthetic Lab,theaestheticlabatx.com,team@theaestheticlabatx.com,theaestheticlabatx@gmail.com; team@theaestheticlabatx.com; u00a0team@theaestheticlabatx.com,yes,ok,https://theaestheticlabatx.com,medspa,GLP-1 weight loss peptides,3
The Beauty Barn®,thebeautybarn.com,info@thebeautybarn.com,info@thebeautybarn.com,yes,ok,https://thebeautybarn.com,medspa,GLP-1 weight loss peptides,2
The Beauty Spot MedSpa,thebeautyspotmedspa.com,maria@thebeautyspotmedspa.com,maria@thebeautyspotmedspa.com,yes,ok,https://thebeautyspotmedspa.com,medspa,"semaglutide, tirzepatide",6
IV Therapy in Bluffton SC: What You Need to Know,thebluffs.com,info@thebluffs.com,info@thebluffs.com,yes,ok,https://thebluffs.com,medspa,glutathione,5
The Drip IV Vitamin Bar,thedripivbar.com,concierge@thedripivbar.com,concierge@thedripivbar.com,yes,ok,https://thedripivbar.com,medspa,,1
Infinity Medical Spa,thefaceplace225.com,info@www.thefaceplace225.com,info@www.thefaceplace225.com; info@thefaceplace225.com,yes,ok,https://thefaceplace225.com,medspa,GLP-1 weight loss peptides,2
IV Therapy in Iowa,thehealingwellnessshow.com,thehealingwellnessshow@gmail.com,thehealingwellnessshow@gmail.com,yes,ok,https://thehealingwellnessshow.com,medspa,GLP-1 weight loss peptides,3
The Institute,theinstitutemiami.com,info@theinstitutemiami.com,info@theinstitutemiami.com,yes,ok,https://theinstitutemiami.com,medspa,,1
The IV Pro,theivpro.com,admin@theivpro.com,admin@theivpro.com,yes,ok,https://theivpro.com,medspa,nad+,2
"IV Hydration in Waukee, IA",thekissedpeach.com,hello@thekissedpeach.com,kirstin@thekissedpeach.com; hello@thekissedpeach.com,yes,ok,https://thekissedpeach.com,medspa,GLP-1 weight loss peptides,4
the L.A.B. med spa Dallas,thelabmedspa.com,info@thelabmedspa.com,info@thelabmedspa.com,yes,ok,https://thelabmedspa.com,medspa,,2
The Look Med Spa,thelookmedspalv.com,info@thelookmedspalv.com,thelookmedspa@gmail.com; info@thelookmedspalv.com,yes,ok,https://thelookmedspalv.com,medspa,,1
The Olive Branch Medspa,theolivebranchmedspa.com,info@theolivebranchmedspa.com,impallari@gmail.com; info@theolivebranchmedspa.com,yes,ok,https://theolivebranchmedspa.com,medspa,"nad+, glutathione",3
The Park MedSpa,theparkmedspa.com,info@theparkmedspa.com,info@theparkmedspa.com,yes,ok,https://theparkmedspa.com,medspa,semaglutide,4
The Plaza Aesthetics,theplazaaesthetics.com,theplazaaesthetics@gmail.com,theplazaaesthetics@gmail.com,yes,ok,https://theplazaaesthetics.com,medspa,"semaglutide, bpc-157, tb-500, thymosin beta-4, thymosin alpha-1, nad+",22
The SD Med Spa,thesdmedspa.com,info@thesdmedspa.com,sdmedspa22@gmail.com; info@thesdmedspa.com,yes,ok,https://thesdmedspa.com,medspa,semaglutide,4
The Skin Center and Spa,theskincenterandspa.com,theskincenterandspa@gmail.com,theskincenterandspa@gmail.com,yes,ok,https://theskincenterandspa.com,medspa,glutathione,2
The Skin Clinic,theskinclinichtx.com,info@theskinclinichtx.com,info@theskinclinichtx.com,yes,ok,https://theskinclinichtx.com,medspa,,1
The Skin Company Medical Spa,theskincompanyok.com,millionjanet@yahoo.com,millionjanet@yahoo.com,yes,ok,https://theskincompanyok.com,medspa,,1
The Skin Elite,theskinelite.com,info@theskinelite.com,info@theskinelite.com,yes,ok,https://theskinelite.com,medspa,,1
SkinLocal Dadeland,theskinlocal.com,info@theskinlocal.com,info@theskinlocal.com; midtown@theskinlocal.com,yes,ok,https://theskinlocal.com,medspa,,2
The Medical Spa Fresno,thespaatfgv.com,tammie@thespaatfgv.com,tammie@thespaatfgv.com,yes,ok,https://thespaatfgv.com,medspa,tirzepatide,4
The Spa by Horizon View,thespabyhv.com,office@thespabyhv.com,office@thespabyhv.com,yes,ok,https://thespabyhv.com,medspa,GLP-1 weight loss peptides,5
The Westside Clinic,thewestsideclinic.com,info@thewestsideclinic.com,info@thewestsideclinic.com,yes,ok,https://thewestsideclinic.com,medspa,semaglutide,2
Thrive Medical Spa & Wellness,thrivemedspava.com,info@thrivemedspava.com,info@thrivemedspava.com,yes,ok,https://thrivemedspava.com,medspa,semaglutide,6
Thrive Medical Aesthetics and Wellness,thrivewellmedspa.com,info@thrivewellmedspa.com,info@thrivewellmedspa.com,yes,ok,https://thrivewellmedspa.com,medspa,"semaglutide, tirzepatide",4
TIEV Medspa,tiev.co,info@tiev.co,info@tiev.co,yes,ok,https://tiev.co,medspa,glutathione,2
Timeless Medical Aesthetics & Wellness,timelessaesthetics.us,info@timelessaesthetics.us,info@timelessaesthetics.us,yes,ok,https://timelessaesthetics.us/contact-us/,medspa,GLP-1 weight loss peptides,2
"IV Hydration in Vancouver, WA",titemedicalaesthetics.com,admin@titemedicalaesthetics.com,admin@titemedicalaesthetics.com,yes,ok,https://titemedicalaesthetics.com,medspa,GLP-1 weight loss peptides,11
TLC Medispa,tlcmedispa.com,info@tlcmedispa.com,info@tlcmedispa.com,yes,ok,https://tlcmedispa.com,medspa,semaglutide,2
Rejuvime Medical,tlcshreveport.com,practicemanagertlc@gmail.com,practicemanagertlc@gmail.com,yes,ok,https://tlcshreveport.com,medspa,,2
TLJ Aesthetics MD,tljmd.com,info@tljmd.com,info@tljmd.com,yes,ok,https://tljmd.com,medspa,,1
Tonicity Health & Wellness,tonicityhealth.com,tonicityhealthinfo@gmail.com,tonicityhealthinfo@gmail.com,yes,ok,https://tonicityhealth.com,medspa,,4
Top Deck Medical Aesthetics and Wellness,topdeckmt.com,topdeckmontana@gmail.com,topdeckmontana@gmail.com,yes,ok,https://topdeckmt.com,medspa,,2
TOPSKIN CLINIC,topskinclinicmedspa.com,topskin3796@gmail.com,topskin3796@gmail.com,yes,ok,https://topskinclinicmedspa.com,medspa,,1
Touch and Glow Med Spa,touchandglowskincare.com,info@touchandglowskincare.com,info@touchandglowskincare.com,yes,ok,https://touchandglowskincare.com,medspa,nad+,8
Tre Medspa,tremedspa.com,info@tremedspa.com,info@tremedspa.com,yes,ok,https://tremedspa.com,medspa,"semaglutide, tirzepatide",9
True Body Medical Spa,truebodymedispa.com,other@truebodymedispa.com,other@truebodymedispa.com,yes,ok,https://truebodymedispa.com,medspa,sermorelin,5
Trustt Medical,trusttmedical.com,contact@trusttmedical.com,rcrupper@trusttmedical.com; contact@trusttmedical.com,yes,ok,https://trusttmedical.com,medspa,,1
The Space Aesthetics Center,tsamedicalspa.com,tsamedicalspa@gmail.com,tsamedicalspa@gmail.com,yes,ok,https://tsamedicalspa.com,medspa,GLP-1 weight loss peptides,3
TU Beauty Boutique Med Spa,tubeautymedspa.com,glow@tubeautymedspa.com,glow@tubeautymedspa.com; ello@tubeautymedspa.com,yes,ok,https://tubeautymedspa.com,medspa,nad+,2
Pritchett Health & Wellness,tulsaiv.com,pritchettwellness@yahoo.com,pritchettwellness@yahoo.com,yes,ok,https://tulsaiv.com,medspa,nad+,2
Turquoise Springs Medical Spa,turquoisesprings.com,turquoisespringsmedspa@gmail.com,turquoisespringsmedspa@gmail.com,yes,ok,https://turquoisesprings.com,medspa,,1
Unique Clinic,uclinicmiami.com,uclinicmiami@gmail.com,uclinicmiami@gmail.com,yes,ok,https://uclinicmiami.com,medspa,,3
Ultra Smooth Skin,ultrasmoothskin.com,info@ultrasmoothskin.com,info@ultrasmoothskin.com,yes,ok,https://ultrasmoothskin.com,medspa,,1
Underground Strength and Wellness,undergroundstrength.com,sales@undergroundstrength.com,selena@undergroundstrength.com; sales@undergroundstrength.com,yes,ok,https://undergroundstrength.com,medspa,"nad+, glutathione",7
Unicorn MedSpa,unicornmedspa.com,info@unicornmedspa.com,info@unicornmedspa.com; service@unicornmedspa.com,yes,ok,https://unicornmedspa.com/contact,medspa,GLP-1 weight loss peptides,3
Uplifted Medical Aesthetics,uplifted-aesthetics.com,info@uplifted-aesthetics.com,info@uplifted-aesthetics.com,yes,ok,https://uplifted-aesthetics.com,medspa,glutathione,3
Urban Radiance Medical Spa,urbanradiancemedspa.com,urbanradiancetn@gmail.com,urbanradiancetn@gmail.com,yes,ok,https://urbanradiancemedspa.com,medspa,"semaglutide, tirzepatide",4
Urban Unwind,urbanunwindspa.com,info@urbanunwindspa.com,info@urbanunwindspa.com,yes,ok,https://urbanunwindspa.com,medspa,,1
V Aesthetics,vaestheticsca.com,nicholina@vaestheticsca.com,vaestheticsca@gmail.com; nicholina@vaestheticsca.com,yes,ok,https://vaestheticsca.com,medspa,"bpc-157, tb-500, nad+, sermorelin, ghk-cu, glutathione",13
Valencia Voci Medical Aesthetics & Wellness,valenciavoci.com,info@valenciavoci.com,info@valenciavoci.com,yes,ok,https://valenciavoci.com,medspa,,1
Reclaim Hyperbarics & Wellness,vitalityweightlosscenter.com,monette@vitalityweightlosscenter.com,monette@vitalityweightlosscenter.com,yes,ok,https://vitalityweightlosscenter.com,medspa,GLP-1 weight loss peptides,4
Vitalive,vitalivehealthandwellness.com,info@vitalivehealthandwellness.com,info@vitalivehealthandwellness.com,yes,ok,https://vitalivehealthandwellness.com,medspa,semaglutide,4
ReignWater,viva-wcgrove.com,diva@viva-wcgrove.com,diva@viva-wcgrove.com,yes,ok,https://viva-wcgrove.com,medspa,"nad+, glutathione",7
How to Access Mobile IV Drip Long Island,vivawellnessdrip.com,info@vivawellnessdrip.com,info@vivawellnessdrip.com,yes,ok,https://vivawellnessdrip.com,medspa,"nad+, glutathione",3
Home,viveivdrip.com,viveivtherapyllc@gmail.com,viveivtherapyllc@gmail.com,yes,ok,https://viveivdrip.com,medspa,glutathione,2
Specialty Infusion Centers,vivoinfusion.com,info@vivoinfusion.com,info@vivoinfusion.com,yes,ok,https://vivoinfusion.com,medspa,,1
IV Therapy near Astoria at Vital Medical Care & Aesthetics,vmaesthetics.com,info@vmaesthetics.com,info@vmaesthetics.com,yes,ok,https://vmaesthetics.com,medspa,,2
Washington Anti Aging HGH clinic and doctors,washington.testosteroneclinicpro.com,info@testosteroneclinicpro.com,info@testosteroneclinicpro.com,yes,ok,https://washington.testosteroneclinicpro.com,vendor,,2
Tulsi Wellness Club,wearetulsi.com,info@wearetulsi.com,info@wearetulsi.com,yes,ok,https://wearetulsi.com,medspa,"semaglutide, tirzepatide, nad+, glutathione",10
Evolution Weight Loss Center & TRT,weightlosstrt.com,support@weightlosstrt.com,support@weightlosstrt.com,yes,ok,https://weightlosstrt.com/contact,medspa,,1
WellCentric Health Ketamine & Functional Medicine Clinic,wellcentrichealth.com,info@wellcentrichealth.com,info@wellcentrichealth.com,yes,ok,https://wellcentrichealth.com,medspa,semaglutide,3
Wellness Center for Healing Los Angeles,wellnesscenterforhealing.com,hello@wellnesscenterforhealing.com,hello@wellnesscenterforhealing.com; centerofwellness@outlook.com,yes,ok,https://wellnesscenterforhealing.com,medspa,glutathione,5
Mobile IV Therapy in Denver,wellnessonwheelsco.com,info@wellnessonwheelsco.com,info@wellnessonwheelsco.com,yes,ok,https://wellnessonwheelsco.com,medspa,"nad+, glutathione",3
Westplex Integrative Healthcare,westplexintegrativehealthcare.com,office@westplexintegrativehealthcare.com,office@westplexintegrativehealthcare.com,yes,ok,https://westplexintegrativehealthcare.com,medspa,nad+,4
Westside Aesthetics Health & Wellness,westside-aesthetics.com,westsideahw@gmail.com,westsideahw@gmail.com,yes,ok,https://westside-aesthetics.com,medspa,,1
"IV Hydration Therapy in St. Peters, MO",wywcenter.com,info@wywcenter.com,info@wywcenter.com,yes,ok,https://wywcenter.com,medspa,GLP-1 weight loss peptides,3
Lébo Aesthetics & Spa,xquisite.co,xquisitemedspa.york@gmail.com,xquisitemedspa.york@gmail.com; xquisitelandm@gmail.com,yes,ok,https://xquisite.co,medspa,GLP-1 weight loss peptides,2
Gilded Aesthetics,008e3f79a375212dd23c-340b3304e99816d7df0bb14de0df8acc.ssl.cf2.rackcdn.com,,,,unreachable,,,,
Vital Flow Hydration & Wellness Winfield,020684edbbf5c630ea89-665e6c47c7d8a33155a2da66825008eb.ssl.cf2.rackcdn.com,,,,unreachable,,,,
Health Haven Hawaii,088ed8aaad4de8f1f57b-843c4ffbd2d00e5f3e181d11dec9011a.ssl.cf2.rackcdn.com,,,,unreachable,,,,
Fort Worth Health Alliance,180painreliefcenters.com,,,yes,no_email,https://180painreliefcenters.com,medspa,,0
Bamford Wellness Spa,1hotels.com,1bb-guestexperience@1hotels.com,1bb-guestexperience@1hotels.com; anatomy.hanalei@1hotels.com; bna1hna.spa@1hotels.com; sfo1hsf.concierge@1hotels.com,yes,no_peptides,https://1hotels.com,vendor,,0
22 Health & Hormone,22hormones.com,,,yes,no_email,https://22hormones.com,medspa,"bpc-157, nad+, ipamorelin, cjc-1295, glutathione",8
Nked Aesthetics Studio,307nas.com,,,yes,no_email,https://307nas.com,medspa,,0
Cabana Medical Spa,360jasmineacupuncture.com,,,,no_email,,vendor,,0
360 Wellness Med Spa,360wellnessmedspa.com,,,,no_email,https://360wellnessmedspa.com,medspa,,0
Infusewell IV Therapy,424ivforme.com,,,,unreachable,,,,
The IV Team,4d13ea5d26576de495ff-e4cdf80504feb829a3816048c59870d1.ssl.cf2.rackcdn.com,,,,unreachable,,,,
4Ever Young Med Spa & Wellness Center,4everyoungantiaging.com,,,yes,no_email,https://4everyoungantiaging.com,medspa,"semaglutide, tirzepatide",7
88MED,88med.com,info@88med.com,info@88med.com,yes,already known,https://88med.com,medspa,"semaglutide, tirzepatide, sermorelin, tesamorelin, pt-141",13
911 BioCare,911biocare.com,,,yes,no_email,https://911biocare.com,medspa,,1
9Lives,9livesiv.as.me,,,,no_email,https://9livesiv.as.me,vendor,,0
Cape May Aesthetics & Wellness,a.mktgcdn.com,,,,unreachable,,,,
Modern Age Upper East Side,a.storyblok.com,,,,unreachable,,,,
A1 Health and Wellness,a1healthwellness.com,,,,no_email,https://a1healthwellness.com,medspa,,2
Positive Touch Therapy,a360mke.com,,,yes,no_email,https://a360mke.com,medspa,,0
Aberdeen Massage,aberdeen-massage.com,aberdeensdmassage@icloud.com,aberdeensdmassage@icloud.com,yes,no_peptides,https://aberdeen-massage.com,vendor,,0
LIVation IV Therapy CT,about.me,,,yes,no_email,https://about.me,vendor,"tb-500, ipamorelin, sermorelin, cjc-1295, hexarelin, ghrp-2",10
About Face Med Spa,aboutfacemedspa.com,,,,no_email,,vendor,,0
About Face Aesthetics,aboutfaceskincare.com,careteam@aboutfaceskincare.com,careteam@aboutfaceskincare.com,yes,no_peptides,https://aboutfaceskincare.com,medspa,,0
Absolute Laser MD,absolutelasermd.com,patientservices@absolutelasermd.com,patientservices@absolutelasermd.com,yes,no_peptides,https://absolutelasermd.com,medspa,,0
ApproXie Urgent Care Huntsville,access.approxie.com,,,,unreachable,,,,
"All Care Clinical Services, LLC / Botox, EmSculpt Neo, IV Infusions, R",accschicago.com,,,,no_email,,vendor,,0
The Appearance Care Center,accskin.com,,,yes,no_email,https://accskin.com,medspa,GLP-1 weight loss peptides,2
A-Class Aesthetics,aclassaesthetics.com,info@aclassaesthetics.com,aclassaesthetics@gmail.com; info@aclassaesthetics.com,,no_peptides,https://aclassaesthetics.com,medspa,,0
Skintherapy Skincare & Acne Clinic,acnetreatmentskincareslc.com,utahacneclinic@hotmail.com,utahacneclinic@hotmail.com,yes,no_peptides,https://acnetreatmentskincareslc.com,medspa,,0
360 Jasmine Acupuncture & Wellness Center,advancedfunctionalmedicineaustin.com,,,,no_email,,vendor,,0
Advanced Med Spa,advancedmedfargo.com,,,,no_email,,vendor,,0
Advanced Skin Care,advancedskincarewyo.com,,,,no_email,https://advancedskincarewyo.com,medspa,,0
Aesthete Skin Studio,aestheteskinstudio.com,contact@aestheteskinstudio.com,contact@aestheteskinstudio.com,yes,no_peptides,https://aestheteskinstudio.com,vendor,,0
Vitality,aestheticallywell.com,info@aestheticallywell.com,info@aestheticallywell.com,yes,no_peptides,https://aestheticallywell.com,medspa,,0
The Aesthetic Atelier,aestheticateliersd.com,,,,unreachable,,,,
Snatched Aesthetic Wellness,aestheticclinicaustin.com,,,yes,no_email,https://aestheticclinicaustin.com,medspa,nad+,1
Physicians for Women MedSpa & Laser Center,aestheticouture.com,info@aestheticouture.com,acmedspa@gmail.com; info@aestheticouture.com,yes,no_peptides,https://aestheticouture.com,medspa,,0
Prescott Plastic Surgery (Formerly Banis Plastic Surgery),aesthetics.com,info@aesthetics.com,info@aesthetics.com,yes,no_peptides,https://aesthetics.com,medspa,,0
AestheticsbyCliff SPA,aestheticsbycliff.com,,,,no_email,,vendor,,0
East Bay Cosmetic Dermatology,aestheticsmedbyg.com,,,yes,no_email,https://aestheticsmedbyg.com,medspa,,0
Aesthetic MedSpa of Charlotte,aestheticsurgerycharlotte.com,,,yes,no_email,https://aestheticsurgerycharlotte.com,medspa,,0
Aesthetic Surgical Arts,aestheticsurgicalarts.com,,,,unreachable,,,,
About Face Esthetics LLC,afe.glossgenius.com,aboutface.ocny@gmail.com,aboutface.ocny@gmail.com,yes,no_peptides,https://afe.glossgenius.com,medspa,,0
Affinity Day Spa and Permanent Cosmetics,affinitydayspa.biz,,,yes,no_email,https://affinitydayspa.biz/contact-us/,medspa,,0
Quantum Wellness Med Spa Scottsdale,aflrs.myaestheticrecord.com,,,,no_email,https://aflrs.myaestheticrecord.com,vendor,,0
Daytona Cryo,afreshnewme.com,,,yes,no_email,https://afreshnewme.com,medspa,,2
Agave Body Wellness Spa,agavebodywellness.com,info@agavebodywellness.com,agavebodywellnessal@gmail.com; info@agavebodywellness.com,yes,no_peptides,https://agavebodywellness.com,medspa,,0
Age Better Miami,agebettermiami.com,,,,no_email,,vendor,,0
Ageless Aesthetics by Sonia,agelessaestheticsbysonia.com,sonia@agelessaestheticsbysonia.com,sonia@agelessaestheticsbysonia.com,yes,no_peptides,https://agelessaestheticsbysonia.com,medspa,,0
Prime IV Hydration & Wellness,agelessmedicaldr.com,,,,no_email,,vendor,,0
Ageless Men's Health,agelessmenshealth.com,,,,unreachable,,,,
Ageless Women’s Health,agelesswomenshealth.com,,,,no_email,https://agelesswomenshealth.com,medspa,semaglutide,6
Age Management & Aesthetics by HealthCARE Express,agemanagementhce.com,,,yes,no_email,https://agemanagementhce.com,medspa,GLP-1 weight loss peptides,5
Touch Me Up Medical Spa & Skin Center,ahipv.myaestheticrecord.com,,,,no_email,https://ahipv.myaestheticrecord.com,medspa,,0
AIMA Functional Medicine (AIMA of Nashua PLLC),aimaofnashua.com,,,,unreachable,,,,
Aiyara Thai Massage & Wellness,aiyarathaiwellness.com,,,,no_email,,vendor,,0
Infinity Clinic DSM,ajkpt.myaestheticrecord.com,,,,no_email,https://ajkpt.myaestheticrecord.com,vendor,,0
The DRIPBaR Alamo Ranch SATX,alamo-ranch-satx.thedripbar.com,,,,no_email,,vendor,,0
Resurrection Hydration: IV Drip Bar LLC,alaskacompanydir.com,,,,unreachable,,,,
Alchemy Esthetics,alchemyestheticskc.com,liz@alchemyestheticskc.com,liz@alchemyestheticskc.com,yes,no_peptides,https://alchemyestheticskc.com,vendor,,0
Aesthetic Laser Center of Seattle,alcofseattle.com,info@alcofseattle.com,info@alcofseattle.com,yes,no_peptides,https://alcofseattle.com,medspa,,0
Alegria Med Spa and Hair Restoration Center,alegriamedspa.com,,,,unreachable,,,,
AleraCare Infusion Center,aleracare.com,,,,no_email,https://aleracare.com,medspa,kpv,2
Icandy Body Studio,alfamedspa.com,,,yes,no_email,https://alfamedspa.com,medspa,GLP-1 weight loss peptides,3
Revitalize by Sara Brown,allthingsskinorganic.net,,,,no_email,https://allthingsskinorganic.net,vendor,,0
AlluraDerm MD Med Spa,alluraderm.com,,,yes,no_email,https://alluraderm.com,medspa,GLP-1 weight loss peptides,3
Allure De Brazil Med Spa,alluredebrazil.com,ageless@alluredebrazil.com,ageless@alluredebrazil.com,yes,no_peptides,https://alluredebrazil.com,medspa,,0
Allure Esthetic,allureesthetic.com,,,yes,no_email,https://allureesthetic.com,medspa,"semaglutide, tirzepatide, liraglutide, nad+, sermorelin, glutathione",11
Allure's Post Op & Body Sculpting,allurespostopbodysculpting.as.me,,,,no_email,https://allurespostopbodysculpting.as.me,vendor,,0
Aloha Aesthetics MD,aloha-aestheticsmd.com,,,yes,no_email,https://aloha-aestheticsmd.com,medspa,GLP-1 weight loss peptides,5
Âme Medical Aesthetics,alorawellnessspa.com,,,yes,no_email,https://alorawellnessspa.com,medspa,,0
Alphagenics TRT & Weight Loss,alphagenicshealth.com,,,,no_email,,vendor,,0
Alpha Male Wellness,alphamaleraleigh.com,,,yes,no_email,https://alphamaleraleigh.com,vendor,"bpc-157, nad+, pt-141, ghk-cu",9
Boston Beautox,alprz.myaestheticrecord.com,,,,no_email,https://alprz.myaestheticrecord.com,vendor,,0
Altruist Salon and Boutique,altruistsalon.com,,,,no_email,,vendor,,0
Amerita Specialty Infusion Services,ameritaiv.com,,,yes,no_email,https://ameritaiv.com,medspa,,0
IV Therapy Gastonia NC,amgmedspa.com,,,yes,no_email,https://amgmedspa.com,medspa,,0
IV Therapy,amisurgery.com,,,yes,no_email,https://amisurgery.com,medspa,glutathione,2
Advanced Mobile IV,amiv.com,info@amiv.com,info@amiv.com,yes,already known,https://amiv.com,medspa,"retatrutide, cagrilintide, bpc-157, tb-500, thymosin beta-4, thymosin alpha-1",43
Am Perfect Head & Scalp Spa,amperfectspa.com,admin@amperfectspa.com,admin@amperfectspa.com,yes,no_peptides,https://amperfectspa.com,medspa,,0
Jacksonville IV Vitamin Therapy Services in Jacksonville NC,anchorwellnessandaesthetics.com,,,,unreachable,,,,
Anderson Longevity Clinic,andersonlongevityclinic.com,,,,no_email,https://andersonlongevityclinic.com,medspa,"sermorelin, pt-141",5
Skin Deep Spa,anewyou.com,info@anewyou.com,info@anewyou.com,yes,no_peptides,https://anewyou.com,medspa,,0
Angell Medical Spa,angellmedicalspa.com,schedule@angellmedicalspa.com,schedule@angellmedicalspa.com,yes,no_peptides,https://angellmedicalspa.com,medspa,,0
Angel Rose Aesthetics & Wellness,angelroseaestheticsandwellness.com,,,,no_email,,vendor,,0
Gentle Revive,anironwellness.com,,,,no_email,,vendor,,0
IV Therapy Annapolis MD,annapolisintegrativemedicine.com,,,yes,no_email,https://annapolisintegrativemedicine.com,medspa,glutathione,4
Anne Therese Aesthetic Medicine Gahanna,annetherese.com,,,yes,no_email,https://annetherese.com,medspa,,0
Anti-Aging Northwest,antiagingnorthwest.com,,,yes,no_email,https://antiagingnorthwest.com,medspa,"semaglutide, tirzepatide, liraglutide, nad+, sermorelin, oxytocin",14
Ironbound Acupuncture and Wellness,antiagingwellnessmd.com,,,yes,no_email,https://antiagingwellnessmd.com,medspa,GLP-1 weight loss peptides,4
Antonio Spa,antoniothespa.com,,,,unreachable,,,,
aNu Aesthetics & Optimal Wellness,anuaesthetics.com,info@anuaesthetics.com,info@anuaesthetics.com,,no_peptides,https://anuaesthetics.com,medspa,,0
Apex Testosterone and Weight Loss Institute,apex-institute.com,,,,unreachable,,,,
Apex Medical Center,apexmedicalcenter.com,,,yes,no_email,https://apexmedicalcenter.com,medspa,,0
Apha Health,aphahealth.net,,,yes,no_email,https://aphahealth.net/about,medspa,,0
Tality Wellness Mobile IV Therapy,api.leadconnectorhq.com,,,,no_email,,vendor,,0
HydroPros,api2-s36.imgnxa.com,,,,unreachable,,,,
AP Laser Center,aplasercenter.com,,,,unreachable,,,,
iv&co.,app.ivclub.com,,,,no_email,https://app.ivclub.com,medspa,,0
Moonflower Aesthetics,app.joinmoxie.com,,,,no_email,https://app.joinmoxie.com,vendor,,0
Apple Blossom Esthetics,appleblossomesthetics.com,appleblossomspa.vt@gmail.com,appleblossomspa.vt@gmail.com,yes,no_peptides,https://appleblossomesthetics.com,medspa,,0
Appoise Esthetics School,appoise.com,appoisesd@gmail.com,appoisesd@gmail.com,yes,no_peptides,https://appoise.com,vendor,,0
"New Radiance AntiAging Institute, Inc",aquavitality.com,,,yes,no_email,https://aquavitality.com,medspa,"semaglutide, nad+, sermorelin, aod-9604, tirzepatide",17
"Welcome to AOS Infusion Center in Athens, Georgia",archorthospine.com,,,yes,no_email,https://archorthospine.com,medspa,,0
Edgar Cayce's A.R.E. Health Center & Spa,arehealth.org,,,yes,no_email,https://arehealth.org,medspa,,0
AYA Medical Spa Northside,ariaspas.com,,,,unreachable,,,,
Faciales Tulsa by Catalina,artemixbeauty.com,artemixbeauty@gmail.com,artemixbeauty@gmail.com,yes,no_peptides,https://artemixbeauty.com,medspa,,0
Kono Collective,artistrymedspa.co,,,,no_email,https://artistrymedspa.co,medspa,,0
The Art Of Aesthetics,artofaesthetics.com,,,yes,no_email,https://artofaesthetics.com,medspa,,0
The Art of Aesthetics Med Spa LLC,artofaestheticsmedspa.com,artofaestheticsmedspa@gmail.com,artofaestheticsmedspa@gmail.com,yes,no_peptides,https://artofaestheticsmedspa.com,medspa,,0
The Art of Anti-Aging,artofantiagingatx.com,,,,no_email,,vendor,,0
Ascend MedSpa,ascendmedspa.net,,,,no_email,https://ascendmedspa.net,medspa,,0
Ascend Wellness MBS,ascendwellnessmbs.com,,,,no_email,https://ascendwellnessmbs.com,vendor,,0
Ash and Oak Aesthetics,ashandoakaesthetics.com,,,yes,no_email,https://ashandoakaesthetics.com,medspa,,0
Renew Laser MedSpa,asibehealthy.com,,,,unreachable,,,,
"IV Therapy in St. Charles, MO",askamelia.com,info@askamelia.com,info@askamelia.com,yes,no_peptides,https://askamelia.com,medspa,,0
Aspire Wellness,aspirewellnessnow.com,info@aspirewellnessnow.com,info@aspirewellnessnow.com; cheryl@aspirewellnessnow.com; lynn@aspirewellnessnow.com,yes,no_peptides,https://aspirewellnessnow.com,medspa,,0
Innovative Health and Longevity,aspiringaesthetics.com,tracy@aspiringaesthetics.com,impallari@gmail.com; tracy@aspiringaesthetics.com,yes,no_peptides,https://aspiringaesthetics.com/contact-us/,medspa,,0
"Intravenous nutritional therapy by Rejuvii, Inc in Arlington Heights .",assets.alignable.com,,,,unreachable,,,,
IV Drip Therapy,assets.cdn.filesafe.space,,,,unreachable,,,,
"IV Therapy in San Marcos, CA",assets.enclavemedspa.com,,,,unreachable,,,,
Live Hydration Spa Middletown,assets.locations.livehydrationspa.com,,,,unreachable,,,,
Mays Plastic Surgery & Med Spa,assets.maysplasticsurgery.com,,,,unreachable,,,,
New Body Aesthetics,assets.newbodyaesthetics.com,,,,unreachable,,,,
"IV Therapy in Pleasanton, CA",assets.optimalvitality.health,,,,unreachable,,,,
Bay Area Cosmetic Dermatology,assets.weloveskin.com,,,,unreachable,,,,
Astraea Aesthetics,astraeaesthetics.com,astraealaser@gmail.com,astraealaser@gmail.com; straealaser@gmail.com,yes,no_peptides,https://astraeaesthetics.com,medspa,,0
Athena Clinic Plastic Surgery,athenaclinic.com,,,yes,no_email,https://athenaclinic.com,medspa,"semaglutide, tirzepatide",5
Atlanta Medical Aesthetics,atlantamedicalaesthetics.com,,,yes,no_email,https://atlantamedicalaesthetics.com,medspa,,1
Atossa Medical Spa,atossamedspa.com,atossamedspa@gmail.com,atossamedspa@gmail.com,yes,no_peptides,https://atossamedspa.com,medspa,,0
A Touch of Claridy Esthetics,atouchofclaridy.com,atouchofclaridy@yahoo.com,atouchofclaridy@yahoo.com,yes,no_peptides,https://atouchofclaridy.com,medspa,,0
Aura Aesthetics,auraaestheticsct.glossgenius.com,auraaestheticsct@gmail.com,auraaestheticsct@gmail.com,yes,no_peptides,https://auraaestheticsct.glossgenius.com,medspa,,0
Midtown Urology Associates,austinmidtownurology.com,,,yes,no_email,https://austinmidtownurology.com,medspa,,0
"Steven E. Rasmussen, MD, FAAD / ARC Dermatology & ARC Medical Aestheti",austinregionalclinic.com,,,yes,no_email,https://austinregionalclinic.com,medspa,"semaglutide, tirzepatide, liraglutide",7
Avant Tous Beauty and Medical Spa- Bocage,avanttous.com,info@avanttous.com,info@avanttous.com; ninfo@avanttous.com,,no_peptides,https://avanttous.com,medspa,,0
Avenue M Salon & Spa,avenuemspa.com,info@avenuemspa.com,info@avenuemspa.com,yes,no_peptides,https://avenuemspa.com,medspa,,0
"Awaken Aesthetics & Anti-Aging by Paul White, MD",awakenfresno.com,,,,unreachable,,,,
AZ IV Medics,azivmedics.com,,,yes,no_email,https://azivmedics.com,medspa,"semaglutide, nad+, glutathione",5
Skinfinity Medspa,azskinandbody.com,,,,no_email,https://azskinandbody.com,medspa,GLP-1 weight loss peptides,3
Everglow Medical Spa,b3753526.smushcdn.com,,,,unreachable,,,,
Balanced Bodies Wellness Clinic Decatur,balancedbodiesdecatur.com,,,yes,no_email,https://balancedbodiesdecatur.com,medspa,"semaglutide, tirzepatide, bpc-157, nad+, ipamorelin, sermorelin",22
Reviv Lounge,balancehealth.care,,,yes,no_email,https://balancehealth.care,medspa,glutathione,4
The Beauty Pact,balancehormonecenter.com,,,,no_email,,vendor,,0
"BALENCIA- Coolsculpting Elite, Morpheus8, Laser Hair Removal, & Botox",balenciamd.com,,,yes,no_email,https://balenciamd.com,medspa,,0
"Nicole Nadeau, RN",barevt.com,,,yes,no_email,https://barevt.com,medspa,semaglutide,5
IV Therapy Carmel,basarnassungaipenuh.org,,,,no_email,https://basarnassungaipenuh.org,vendor,,0
"IV Therapy in Riverside, CT",batchgeo.com,,,,unreachable,,,,
Bathhouse Williamsburg,bathhousewilliamsburg.try.be,,,,no_email,https://bathhousewilliamsburg.try.be,vendor,,0
Woodhouse Spa,batonrouge.woodhousespas.com,,,,no_email,,vendor,,0
On Location IV Hydration Now Open In Foley,baybusinessnews.com,tbruce@baybusinessnews.com,tbruce@baybusinessnews.com; ntbruce@baybusinessnews.com,yes,no_peptides,https://baybusinessnews.com,vendor,,0
"Bayhealth Hospital, Kent Campus",bayhealth.org,price_estimates@bayhealth.org,price_estimates@bayhealth.org,yes,no_peptides,https://bayhealth.org,medspa,,0
Beauty and The Best Medspa,beautyandbestmedspa.com,,,,unreachable,,,,
Beauty Barn and Wellness,beautybarnandwellness.com,yaselis@beautybarnandwellness.com,yaselis@beautybarnandwellness.com,yes,no_peptides,https://beautybarnandwellness.com,vendor,,0
Beauty Bar Salon And Day Spa,beautybarsalon.com,,,,no_email,,vendor,,0
Luna & Sol Studio,beautybycore.com,,,,no_email,https://beautybycore.com,vendor,,0
BeautyGoalsLV,beautygoalslv.com,,,,no_email,,vendor,,0
Modern Aesthetics,beautyinwv.com,,,yes,no_email,https://beautyinwv.com,medspa,,1
BeautyNow Med Spa,beautynowmedspa.com,,,,no_email,https://beautynowmedspa.com,medspa,,0
Beauty Shot Medspa,beautyshotmedspa.com,,,,no_email,https://beautyshotmedspa.com,medspa,,0
BeBalanced Natural Hormone Weight Loss,bebalancedcenters.com,,,,no_email,,vendor,,0
"IV Therapy Near Me, IV Drips Bedford, IV Vitamin Therapy in Bedford MA",bedfordaesthetics.com,,,yes,no_email,https://bedfordaesthetics.com,medspa,"semaglutide, tirzepatide",6
beem Light Sauna,beemlightsauna.com,,,,no_email,https://beemlightsauna.com,vendor,,0
The Indy Med Spa,beindy.com,,,yes,no_email,https://beindy.com,medspa,nad+,4
Bella Luxe MedSpa,bellaluxemedicalspa.com,,,,no_email,,vendor,,0
Bella Santé Day Spa & Med Spa & Hair Salon,bellasante.com,,,yes,no_email,https://bellasante.com,vendor,,0
ZG Wellness and Dermatology,bellavaaesthetics.com,bellavaaesthetics@gmail.com,bellavaaesthetics@gmail.com,,no_peptides,https://bellavaaesthetics.com,medspa,,0
Belle Ame Skin Studio,belleameskinstudio.com,,,yes,no_email,https://belleameskinstudio.com,medspa,,0
Maine Laser Skin Care & Medi Spa,bellesoulaesthetics.com,,,,no_email,,vendor,,0
Bluegrass Functional Medicine,bellevietoday.com,,,yes,no_email,https://bellevietoday.com,medspa,"semaglutide, nad+",7
Jewell Wellness,bepurewell.com,info@bepurewell.com,info@bepurewell.com,yes,no_peptides,https://bepurewell.com,medspa,,0
IV Therapy,bespokemedaesthetics.com,,,yes,no_email,https://bespokemedaesthetics.com,medspa,nad+,7
"Floral Park Medical, P.C.",bestmdny.com,,,yes,no_email,https://bestmdny.com,medspa,GLP-1 weight loss peptides,2
SkinCenter,bestskincenter.com,,,yes,no_email,https://bestskincenter.com,medspa,,0
Better Life Carolinas,betterlifecarolinas.com,,,yes,no_email,https://betterlifecarolinas.com,medspa,"semaglutide, tirzepatide",3
beyondMD,beyondmd.com,,,,no_email,,vendor,,0
Body For Life LLC,bflmemphis.com,,,yes,no_email,https://bflmemphis.com,medspa,"pt-141, semaglutide, tirzepatide, liraglutide",15
"IV Therapy in San Jose and Morgan Hill, CA",bhanotmedspa.com,4bhanotmedspa@gmail.com,4bhanotmedspa@gmail.com,yes,already known,https://bhanotmedspa.com,medspa,GLP-1 weight loss peptides,4
Balance Med Spa,bhcok.com,,,,no_email,https://bhcok.com,medspa,,0
"Balanced Health Medical Center, PLLC: Testosterone Therapy",bhmcnd.com,,,,no_email,https://bhmcnd.com,vendor,,0
Happy Hormone Cottage,bhrtcincinnati.com,,,,unreachable,,,,
BioAge Health,bioagehealth.com,,,yes,no_email,https://bioagehealth.com,medspa,,3
BioDesign Men's Clinic of Tampa,biodesignmen.com,,,yes,no_email,https://biodesignmen.com/contact,medspa,"sermorelin, pt-141",3
BioFunctional Health Solutions,biofunctionalhealth.com,,,,no_email,,vendor,,0
Biogena,biogena.com,,,,no_email,https://biogena.com,medspa,,0
Biograph (New York City),biograph.com,info@biograph.com,info@biograph.com,yes,no_peptides,https://biograph.com,medspa,,0
Biohackr Health,biohackr.health,,,yes,no_email,https://biohackr.health,medspa,"semaglutide, nad+, sermorelin, glutathione",13
BioThrive Health,biothrivelife.com,,,yes,no_email,https://biothrivelife.com,medspa,semaglutide,3
"IV Drip Therapy Austin, TX",biovitalitywellness.com,,,yes,no_email,https://biovitalitywellness.com,medspa,"retatrutide, bpc-157, nad+, ghk-cu, glutathione",15
Birch Hill Aesthetics,birch-hill-aesthetics.com,,,,no_email,https://birch-hill-aesthetics.com,medspa,,0
IV Lounge: Best IV Therapy Drip Bar in El Dorado Hills of 2025,bizweekly.com,,,,no_email,https://bizweekly.com,vendor,,0
Aesthetic Infusions,bkquw.myaestheticrecord.com,,,,no_email,https://bkquw.myaestheticrecord.com,medspa,,0
Bliss Esthetics LLC,bliss-esthetics-llc.square.site,lissestheticsllc0420@gmail.com,lissestheticsllc0420@gmail.com,,no_peptides,https://bliss-esthetics-llc.square.site,vendor,,0
The Bliss Room,blissaesthetics.la,,,yes,no_email,https://blissaesthetics.la,medspa,,0
Blissfusion St. George,blissfusionstgeorge.com,,,,no_email,https://blissfusionstgeorge.com,vendor,,0
Blossom Med Spa Integrative Beauty & Wellness,blossom-medspa.com,hello@blossom-medspa.com,blossommedspa@gmail.com; hello@blossom-medspa.com,yes,no_peptides,https://blossom-medspa.com,medspa,,0
New Advanced Infusion Center location looks to 'help the community',bloximages.newyork1.vip.townnews.com,,,,unreachable,,,,
Blu Cocoon MedSpa,blucocoonmedspa.com,,,yes,no_email,https://blucocoonmedspa.com,medspa,"nad+, glutathione",6
Blue Ethereal,blueethereal.com,info@blueethereal.com,info@blueethereal.com,yes,no_peptides,https://blueethereal.com,vendor,,0
Blue Skye Health & Wellness,blueskyehealth.com,,,yes,no_email,https://blueskyehealth.com,medspa,"semaglutide, tirzepatide, bpc-157, tb-500, sermorelin, ghk-cu",12
Blush Aesthetic Bar,blushaestheticbarkc.com,blushaestheticbar@gmail.com,blushaestheticbar@gmail.com; blushaestheticbarkc@gmail.com,,no_us_signal,https://blushaestheticbarkc.com,medspa,GLP-1 weight loss peptides,3
Blush Med Spa,blushmedspact.com,,,yes,no_email,https://blushmedspact.com,medspa,GLP-1 weight loss peptides,2
IV Therapy Scottsdale AZ,blusonil.com,info@blusonil.com,hello@blusonil.com; info@blusonil.com,,no_us_signal,https://blusonil.com,medspa,nad+,5
Bobbi Bullock Medical Esthetics & The Mobile MedSpa Party,bobbibullock.com,,,yes,no_email,https://bobbibullock.com,medspa,semaglutide,3
The DRIPBaR Boca Raton,boca-raton-fl.thedripbar.com,,,,no_email,,vendor,,0
Louisville Myofascial Release,bodhitreemfr.com,louisvillemfr@gmail.com,louisvillemfr@gmail.com,yes,no_peptides,https://bodhitreemfr.com,medspa,,0
BODY by AIM360,bodybyaim360.com,,,,no_email,https://bodybyaim360.com,medspa,,1
BodyLogicMD of Sacramento,bodylogicmd.com,,,,no_email,https://bodylogicmd.com,vendor,,0
Body Lyft System,bodylyftsystem.com,contact@bodylyftsystem.com,contact@bodylyftsystem.com,yes,no_peptides,https://bodylyftsystem.com,medspa,,0
Body Sculpt LA,bodysculptla.com,,,yes,no_email,https://bodysculptla.com,medspa,,0
Bodysculpt Med Spa of Lincoln,bodysculptlincoln.com,,,,no_email,https://bodysculptlincoln.com,medspa,,0
Bodywaves Therapeutic Massage,bodywavesboston.com,,,yes,no_email,https://bodywavesboston.com,vendor,,0
Body Theory,bodyworx.guru,,,yes,no_email,https://bodyworx.guru,vendor,,0
"Well Aging Med: Denise Bogard, MD, FAARFM, ABAARM",bogardhealth.com,bogardhealth@gmail.com,bogardhealth@gmail.com,yes,already known,https://bogardhealth.com,medspa,follistatin,5
IV Therapy and Supplements,bonneviemd.com,,,yes,no_email,https://bonneviemd.com,medspa,GLP-1 weight loss peptides,5
Bon Voyage Aesthetics & Body,bonvoyageaesthetic.com,,,,no_email,https://bonvoyageaesthetic.com,vendor,,0
The Best IV Therapy in Saugus,book now to replenish nutrients|shaemedaesthetics.com,,,,unreachable,,,,
A Drop Above Wellness Co.,booking.hydreight.com,,,,no_email,,vendor,,0
Evolve Medical Spa,booking.mangomint.com,,,,no_email,https://booking.mangomint.com,vendor,,0
Restore Hyper Wellness,booking.restore.com,,,,no_email,https://booking.restore.com,vendor,,0
Essentially Bare Laser Medspa,boston.dexafit.com,boston@dexafit.com,boston@dexafit.com,yes,already known,https://boston.dexafit.com,medspa,GLP-1 weight loss peptides,2
Dandelion Massage Boston,bostonbestmassage.com,,,yes,no_email,https://bostonbestmassage.com,medspa,,0
Botox Chicago,botoxchicago.co,hi@botoxchicago.co,hi@botoxchicago.co,yes,no_peptides,https://botoxchicago.co,medspa,,0
Bountiful Hormone and Wellness,bountifulhormone-wellness.com,,,,no_email,,vendor,,0
Nature's Joy & Wellness Center,boutiquewellnessnc.com,,,yes,no_email,https://boutiquewellnessnc.com,medspa,semaglutide,6
Brazilian Lymph Spa,brazilianlymphspa.com,press@brazilianlymphspa.com,press@brazilianlymphspa.com; relax@brazilianlymphspa.com; johnsmith@gmail.com,yes,no_peptides,https://brazilianlymphspa.com,medspa,,0
Enfield Royal Medspa Viera Fl,brevard county|bodylogics.net,,,,unreachable,,,,
Brightside Aesthetics by Ducharme Dermatology,brightsideiowa.com,,,,unreachable,,,,
Näva Medical Spa,brookingshealth.org,,,yes,no_email,https://brookingshealth.org,medspa,,0
Brownsburg Clinic & Med Spa,brownsburgclinicandmedspa.com,,,yes,no_email,https://brownsburgclinicandmedspa.com,medspa,,0
Brown Suede Aesthetic & Wellness,brownsuedeboutique.com,tyelerandericabeautyllc@gmail.com,tyelerandericabeautyllc@gmail.com,yes,already known,https://brownsuedeboutique.com,medspa,"semaglutide, nad+, glutathione",4
Brow Spa 24,browspa24.com,browspa24@gmail.com,browspa24@gmail.com,yes,no_peptides,https://browspa24.com,vendor,,0
The Spa,bryanhealth.org,,,,unreachable,,,,
Bombshell Medspa,bsbmedspa.com,,,,no_email,https://bsbmedspa.com,medspa,"semaglutide, tirzepatide, nad+, glutathione",4
Buckeye Beauty Bar,buckeyebeautybar.zoca.com,,,,unreachable,,,,
Rochester TRT,buffalo.rochestertrt.com,,,,no_email,,vendor,,0
DripMe IV Hydration & Wellness,business.blountoneontachamber.org,,,,unreachable,,,,
Addie Palmer Spa,busiussa.org,,,,no_email,https://busiussa.org,vendor,,0
By the Sea Day Spa,bytheseainnspa.com,,,yes,no_email,https://bytheseainnspa.com,medspa,,0
Integrative Acupuncture Medicine,calivingweightloss.com,,,,no_email,,vendor,,0
Calm Aesthetics,calmnm.com,impallari@gmail.com,impallari@gmail.com; jonpinhorn.typedesign@gmail.com; amkryukov@gmail.com,yes,no_peptides,https://calmnm.com,medspa,,0
CaloAesthetics® Plastic Surgery Center,caloaesthetics.com,,,yes,no_email,https://caloaesthetics.com,medspa,,0
D'FlawlessBody Medspa PLLC,calystaproemr.com,,,,unreachable,,,,
Touch of Grace Spa and Salt Cave,canovaaesthetics.com,info@canovaaesthetics.com,info@canovaaesthetics.com,yes,no_peptides,https://canovaaesthetics.com,medspa,,0
Canvas Salon and Day Spa,canvassalonanddayspa.com,,,yes,no_email,https://canvassalonanddayspa.com,medspa,,0
Clinical Aesthetics of Tulsa,caotulsa.com,,,,no_email,,vendor,,0
"Capizzi, MD Cosmetic Surgery & Med Spa",capizzimd.com,,,yes,no_email,https://capizzimd.com,medspa,,0
Carbon World Health,carbonworldhealth.com,,,yes,no_email,https://carbonworldhealth.com,medspa,"semaglutide, tirzepatide",9
Care IV Home Health,care4.com,questions@care4.com,questions@care4.com; careers@care4.com,yes,no_peptides,https://care4.com,medspa,,0
CarePro Home Health and Home Infusion,careprohs.com,,,yes,no_email,https://careprohs.com,medspa,,1
"IV Therapy in Allen, TX",carnelianmedspa.com,,,yes,no_email,https://carnelianmedspa.com,medspa,,1
Carol Cole Salon,carolcolesalon.glossgenius.com,carolcolesalonandspa@yahoo.com,carolcolesalonandspa@yahoo.com,yes,no_peptides,https://carolcolesalon.glossgenius.com,vendor,,0
IV Therapy in Sumter County,carolinaconciergecare.com,,,yes,no_email,https://carolinaconciergecare.com,medspa,"semaglutide, tirzepatide",6
The Retreat at Carolina Hormone and Health Center,carolinahormoneandhealth.com,,,yes,no_email,https://carolinahormoneandhealth.com,medspa,"semaglutide, tirzepatide",11
"Carolyn Mai, MD",carolynmaimd.com,,,yes,no_email,https://carolynmaimd.com,medspa,,0
Carrie Lynn Wellness LLC,carrielynnwellness.com,,,yes,no_email,https://carrielynnwellness.com,medspa,"nad+, glutathione",8
Irreplaceable Aesthetics Bar,casacontour.com,,,,unreachable,,,,
"Cassie Lane Med Spa: Richmond, VA",cassielane.com,,,yes,no_email,https://cassielane.com,medspa,"semaglutide, tirzepatide",9
"IV Therapy in Pleasant Grove, UT",catalyst-clinic.com,,,,no_email,,vendor,,0
Dr. Catherine DiGiorgio,catherinedigiorgiomd.com,,,yes,no_email,https://catherinedigiorgiomd.com,medspa,,0
"IV Wellness Infusions in Plattsburgh, NY",cdcssl.ibsrv.net,,,,no_email,,vendor,,0
Desert Renewal,cdn-69302732c1ac180eaca8c97c.closte.com,,,,unreachable,,,,
Holistic Family Wellness,cdn-hfwindy.b-cdn.net,,,yes,no_email,https://cdn-hfwindy.b-cdn.net/contact,medspa,,2
Everest Regenerative Medicine,cdn-ileiipm.nitrocdn.com,,,,no_email,https://cdn-ileiipm.nitrocdn.com,vendor,,0
Lakefront Wellness,cdn-ldghf.nitrocdn.com,,,,no_email,https://cdn-ldghf.nitrocdn.com,vendor,,0
Infusion Center at Providence St. Patrick Hospital,cdn.providence.org,,,,no_email,https://cdn.providence.org,medspa,,0
Cecilia Spa Center,ceciliaspacenter.com,,,,no_email,https://ceciliaspacenter.com,vendor,,0
PDX Injex,celvz.myaestheticrecord.com,,,,no_email,https://celvz.myaestheticrecord.com,medspa,,0
Center For Men's Health,center4menshealth.com,,,yes,no_email,https://center4menshealth.com,medspa,,0
Alaska Functional Medicine + Spa,centers.osteostrong.me,,,,no_email,https://centers.osteostrong.me,vendor,,0
SkinCare Austin,centexderm.com,,,,unreachable,,,,
Hydrate Alaska,chambermaster.blob.core.windows.net,,,,unreachable,,,,
Changes Salon & Day Spa,changesthesalon.com,,,,no_email,,vendor,,0
Charleston Medical Spa,charlestonmedicalspa.com,,,yes,no_email,https://charlestonmedicalspa.com,medspa,"nad+, glutathione",5
Charli Blake's Med Spa,charliblakesmedspa.com,charliblakesmedspa1@gmail.com,charliblakesmedspa1@gmail.com,yes,already known,https://charliblakesmedspa.com,medspa,"semaglutide, nad+",4
The Skin Center by CPS,charlotteplasticsurgery.com,,,,no_email,,vendor,,0
Revive IV & Wellness,charlottetherapies.com,cryotherapyportcharlotte@gmail.com,cryotherapyportcharlotte@gmail.com,yes,no_peptides,https://charlottetherapies.com,vendor,,0
Chicago Breast & Body Aesthetics,chicagobreastandbody.com,,,yes,no_email,https://chicagobreastandbody.com,medspa,"nad+, semaglutide",9
Chicago Vitality,chicagovitality.com,,,yes,no_email,https://chicagovitality.com,medspa,,1
Chic Physique,chicphysique.glossgenius.com,,,,no_email,https://chicphysique.glossgenius.com,medspa,GLP-1 weight loss peptides,2
CHIdrate Mobile IV,chidrate.com,,,,no_email,https://chidrate.com,medspa,,1
L.A.L. Wellness Spa,chillnoutclearwater.com,info@chillnoutclearwater.com,info@chillnoutclearwater.com,yes,no_peptides,https://chillnoutclearwater.com,vendor,,0
Choice Men's Health,choicemenshealth.com,info@choicemenshealth.com,info@choicemenshealth.com,yes,no_peptides,https://choicemenshealth.com,medspa,,0
Prime IV Hydration & Wellness,choosenoblesville.com,,,yes,no_email,https://choosenoblesville.com,vendor,,0
Time Aesthetics at Aesthetic Collective,chooseoptimizewellness.com,,,yes,no_email,https://chooseoptimizewellness.com,medspa,nad+,4
Precision Health and Wellness,chooseprecisionhealth.com,,,yes,no_email,https://chooseprecisionhealth.com,medspa,"semaglutide, bpc-157, nad+, ipamorelin, sermorelin",13
Collaborative Health Outreach of Virginia,chovawellness.com,,,,no_email,,vendor,,0
IV Hydration Therapy Wilmington DE,chrissaundersmd.com,,,yes,no_email,https://chrissaundersmd.com,medspa,glutathione,2
Citrine Aesthetics,citrineaesthetics.com,,,yes,no_email,https://citrineaesthetics.com/peptide-therapy,medspa,nad+,3
City Hydration Main Line,cityhydration.com,info@cityhydration.com,info@cityhydration.com,yes,no_peptides,https://cityhydration.com,vendor,,0
Mobile IV Medics,cityoptimum.com,,,,no_email,https://cityoptimum.com,vendor,,0
Clarity Health & Aesthetics,claritydpc.com,,,yes,no_email,https://claritydpc.com,medspa,"semaglutide, tirzepatide, nad+, glutathione",13
Clean Slate Laser Services LLC,cleanslateiowa.com,cleanslateiowa@gmail.com,cleanslateiowa@gmail.com,,no_peptides,https://cleanslateiowa.com,medspa,,0
Clean Your Dirty Face,cleanyourdirtyface.com,info@cleanyourdirtyface.com,info@cleanyourdirtyface.com,,no_peptides,https://cleanyourdirtyface.com,vendor,,0
Clear Health Centers,clearhealthcenters.com,,,,no_email,,vendor,,0
Clear Laser Skin Clinic Jersey City,clearlaserskin.com,,,,no_email,https://clearlaserskin.com,vendor,,0
"Nannan Thirumavalavan, MD",clevelandmenshealth.com,,,yes,no_email,https://clevelandmenshealth.com,medspa,,1
The Med Spa at Clinical Edge,clinicaledgebeauty.com,,,yes,no_email,https://clinicaledgebeauty.com,medspa,,1
The Aesthetics Lounge & Spa Clinton Township,clintontwpmedspa.com,,,yes,no_email,https://clintontwpmedspa.com,medspa,,0
Cloud 9 Massage Health & Wellness,cloud-nine-massage.square.site,cloud.ninemassage@yahoo.com,cloud.ninemassage@yahoo.com,,no_peptides,https://cloud-nine-massage.square.site,vendor,,0
Clove Boutique Skin Studio,cloveskinstudiokc.com,kate@cloveskinstudiokc.com,kate@cloveskinstudiokc.com,,no_peptides,https://cloveskinstudiokc.com,vendor,,0
ClubInject®,clubinject.com,members@clubinject.com,members@clubinject.com,yes,no_peptides,https://clubinject.com,medspa,,0
Coco Beauty Bar & Medical Spa,cocolashbeautybar.com,,,yes,no_email,https://cocolashbeautybar.com,medspa,,0
"IV Therapy Specialist Near Me in Charleston, SC",coem.com,,,yes,no_email,https://coem.com,medspa,"bpc-157, tb-500, thymosin alpha-1, ipamorelin, sermorelin, mots-c",12
Collab MedSpa,collabmedspa.com,,,yes,no_email,https://collabmedspa.com,medspa,,0
Colorado Medical Solutions,coloradomedicalsolutions.com,,,,no_email,,vendor,,0
Columbus Facial Plastics,columbusfacialplastics.com,info@columbusfacialplastics.com,info@columbusfacialplastics.com,yes,no_peptides,https://columbusfacialplastics.com,medspa,,0
Ohio Men's Health,columbuslowt.com,ohiomenshealth@gmail.com,ohiomenshealth@gmail.com,yes,already known,https://columbuslowt.com,medspa,"semaglutide, liraglutide, sermorelin",8
Comfort Facial Aesthetics,comfortfacial.com,,,yes,no_email,https://comfortfacial.com,medspa,glutathione,1
Community Medical Center,communitymed.org,,,yes,no_email,https://communitymed.org,medspa,,0
Compatibility Aesthetics,compatibilityaesthetics.com,compatibilityaesthetics@outlook.com,compatibilityaesthetics@outlook.com,yes,no_peptides,https://compatibilityaesthetics.com,medspa,,0
Complete Ketamine Solutions Detroit,completeketaminesolutions.com,,,,no_email,,vendor,,0
Complete Wellness and Aesthetics,completewellnessandaesthetics.com,,,,unreachable,,,,
Wholendo,content.app-sources.com,,,,unreachable,,,,
Zivel,core-cryotherapy.com,hello@core-cryotherapy.com,hello@core-cryotherapy.com,yes,no_peptides,https://core-cryotherapy.com,medspa,,0
Core Aesthetics,coreaestheticsri.com,,,yes,no_email,https://coreaestheticsri.com,medspa,,0
Corrective Wellness,correctivewellness.com,,,yes,no_email,https://correctivewellness.com,medspa,,1
Skin Solutions Collective,cosmeticdermatologynewyork.com,,,yes,no_email,https://cosmeticdermatologynewyork.com,medspa,,0
"Ronald H. Schuster, MD",cosmeticsurgerybaltimore.com,,,yes,no_email,https://cosmeticsurgerybaltimore.com,medspa,semaglutide,2
CostCare,costcare.com,,,,no_email,,vendor,,0
Creekside Retreat,creeksideretreatmd.com,,,,no_email,https://creeksideretreatmd.com,medspa,,0
Rocky Mountain Hormone and Weight Loss Clinic,crhormonehealth.com,,,yes,no_email,https://crhormonehealth.com,medspa,,4
Cristallo Blu Salon & Spa,cristalloblusalon.com,,,yes,no_email,https://cristalloblusalon.com,medspa,,0
Criswell & Criswell Plastic Surgery,criswellandcriswell.com,,,yes,no_email,https://criswellandcriswell.com,medspa,,0
"CryocareUSA Weight Loss , IV , Hydrafacial & Cryo Med Spa Irvine",cryocareusa.com,,,yes,no_email,https://cryocareusa.com,medspa,"tirzepatide, nad+",3
Perspire Sauna Studio,cryogenixrr.com,cryo@cryogenixrr.com,cryo@cryogenixrr.com,yes,no_peptides,https://cryogenixrr.com,medspa,,0
Cryo Lounge,cryoloungelou.com,,,,no_email,https://cryoloungelou.com,vendor,,0
CryoOh,cryooh.com,info@cryooh.com,info@cryooh.com,yes,no_peptides,https://cryooh.com,vendor,,0
Crystal Korean Spa Los Angeles,crystalspala.com,,,,unreachable,,,,
The MedSpa Old Wethersfield,ctfacialmedspa.com,feelgood@ctfacialmedspa.com,feelgood@ctfacialmedspa.com,yes,no_peptides,https://ctfacialmedspa.com,medspa,,0
Cura Skin Therapeutics,curaskinvt.com,curaskinvt@gmail.com,curaskinvt@gmail.com; curaskivt@gmail.com,yes,no_peptides,https://curaskinvt.com,vendor,,0
C.V. Medi Spa,cvmedispa.com,,,yes,no_email,https://cvmedispa.com,medspa,,0
Cynthea's Spa Vermont,cyntheaspa.com,,,yes,no_email,https://cyntheaspa.com,vendor,,0
Dallas Premier Health,dallaspremierhealth.com,,,,unreachable,,,,
Muse,danatescher.com,hello@danatescher.com,hello@danatescher.com,yes,no_peptides,https://danatescher.com,medspa,,0
IV Infusion Therapy,dashboard.boulevard.io,,,,unreachable,,,,
Mobile IV Therapy,dasilvainstitute.md-hq.com,,,,no_email,https://dasilvainstitute.md-hq.com,medspa,,0
Flawless Med Spa & Wellness,datocms-assets.com,,,,unreachable,,,,
"IV Hydration Therapy for Wilmington, NC",dawson-med.com,,,yes,no_email,https://dawson-med.com,medspa,GLP-1 weight loss peptides,2
DAYSPA Body Basics,dayspabodybasics.com,,,,unreachable,,,,
Infusion Clinic,dech.org,,,yes,no_email,https://dech.org,medspa,,0
IV Infusion Therapy Treatments Near Me in New York,deepbluemedspa.com,,,yes,no_email,https://deepbluemedspa.com,medspa,,3
Degree Wellness,degreewellness.com,,,yes,no_email,https://degreewellness.com,medspa,nad+,2
Derma Anesthetics & IV Hydration,dermaiv.com,,,,unreachable,,,,
DermaSpecialty,dermaspecialty.us,,,yes,no_email,https://dermaspecialty.us,vendor,semaglutide,2
Sonterra Dermatology at The Pearl,dermatologysanantonio.com,,,yes,no_email,https://dermatologysanantonio.com,medspa,,0
DeRosa Center Plastic Surgery and Med Spa,derosaclinic.com,,,yes,no_email,https://derosaclinic.com,medspa,glutathione,4
Des Moines Prenatal Massage,desmoinesprenatalmassage.com,info@desmoinesprenatalmassage.com,info@desmoinesprenatalmassage.com,yes,no_peptides,https://desmoinesprenatalmassage.com,medspa,,0
Destiny Med Spa,destinymedspa.org,,,yes,no_email,https://destinymedspa.org,medspa,,2
The Soma Detoxx Spa,detoxxspa.com,,,,no_email,,vendor,,0
Devona Spa,devonaspa.com,enquiries@devonaspa.com,enquiries@devonaspa.com,yes,no_peptides,https://devonaspa.com,vendor,,0
DHH Med Spa,dhhmedspa.com,,,yes,no_email,https://dhhmedspa.com,medspa,semaglutide,4
IV Therapy Bar Astoria NY,diamondworksmedspa.com,,,yes,no_email,https://diamondworksmedspa.com,medspa,,1
Detroit IV Experience,divedetroit.com,,,yes,no_email,https://divedetroit.com,medspa,semaglutide,1
Orchid Spa,divinemedspa.com,info@divinemedspa.com,info@divinemedspa.com,yes,no_peptides,https://divinemedspa.com,medspa,,0
Active Health & Wellness/Boise Cryotherapy,doc.vortala.com,,,,no_email,,vendor,,0
Dolce Medical Spa,dolcemedicalspas.com,,,,no_email,https://dolcemedicalspas.com,medspa,,0
Dolce Vida Medical Spa,dolcevidamedspa.com,,,yes,no_email,https://dolcevidamedspa.com,medspa,GLP-1 weight loss peptides,3
"Kara Kramer, APRN, FNP-C",donovitz.com,,,yes,no_email,https://donovitz.com,medspa,"semaglutide, tirzepatide",6
"Dorner Plastic Surgery: Brian K. Dorner, MD",dornerplasticsurgery.com,,,,no_email,,vendor,,0
Skin Health,doverskinhealth.com,,,yes,no_email,https://doverskinhealth.com,medspa,,0
The Aesthetics Lounge and Spa Downtown Orlando,downtownorlando.theaestheticsloungeandspa.com,,,yes,no_email,https://downtownorlando.theaestheticsloungeandspa.com,medspa,GLP-1 weight loss peptides,6
"Anne Taylor, MD: Aesthetica Surgery & Spa",drannetaylor.com,,,yes,no_email,https://drannetaylor.com,medspa,semaglutide,2
"Dr. A, Revitalize Your Life",drarevitalizeyourlife.com,,,,no_email,https://drarevitalizeyourlife.com,vendor,"semaglutide, oxytocin",3
Chernoff Cosmetic Surgery,drchernoff.com,,,,unreachable,,,,
Gilpin Facial Plastics,drdavidgilpin.com,david@drdavidgilpin.com,david@drdavidgilpin.com,yes,no_peptides,https://drdavidgilpin.com,medspa,,0
Dream House Med Spa,dreamhouse601.com,,,,no_email,,vendor,,0
Dream Aesthetics Medspa,dreamhoustonmedspa.com,,,yes,no_email,https://dreamhoustonmedspa.com,medspa,"semaglutide, tirzepatide",2
Dreemy Aesthetics,dreemyaesthetics.com,,,yes,no_email,https://dreemyaesthetics.com,medspa,,0
Wired Wellness Natural Health Clinic & Spa,drelenablackburn.com,,,,no_email,https://drelenablackburn.com,medspa,,0
Drip Fitness and Wellness,dripfitnessandwellness.com,,,yes,no_email,https://dripfitnessandwellness.com,medspa,,1
Drip Hydration,driphydration.com,,,,unreachable,,,,
Drip Nashville,dripnashville.com,,,,no_email,,vendor,,0
Drip NP IV Therapy & Wellness,dripnpiv.com,info@dripnpiv.com,info@dripnpiv.com,,no_us_signal,https://dripnpiv.com,medspa,nad+,2
Drip Refresh,driprefreshmobileiv.com,info@driprefreshmobileiv.com,info@driprefreshmobileiv.com,,no_us_signal,https://driprefreshmobileiv.com,medspa,"semaglutide, nad+, glutathione",5
DripRx Wellness,driprxwellness.com,,,,unreachable,,,,
Drip Suites Patchwork Farms,dripsuites.com,,,,unreachable,,,,
Allure Medical,driptherapi.com,info@driptherapi.com,info@driptherapi.com,,no_peptides,https://driptherapi.com,vendor,,0
DripTherapy,driptherapyfl.com,,,yes,no_email,https://driptherapyfl.com,vendor,,1
SKINHAUS Beauty,drjjwendel.com,greetings@drjjwendel.com,greetings@drjjwendel.com,yes,no_peptides,https://drjjwendel.com,medspa,,0
IV hydration Polson IV hydration,drkatiecarter.com,,,,no_email,https://drkatiecarter.com,medspa,,2
Restore Hyper Wellness,drlachman.com,,,yes,no_email,https://drlachman.com,medspa,,1
IV Therapy,drluzfeldmann.com,,,,no_email,,vendor,,0
Essential Natural Health,drmicahallen.com,,,yes,no_email,https://drmicahallen.com,vendor,,0
IVRevive,drmichnd.com,info@drmichnd.com,info@drmichnd.com,yes,no_peptides,https://drmichnd.com,medspa,,0
IV therapy Kailua-Kona,drmjnd.com,,,yes,no_email,https://drmjnd.com,medspa,"semaglutide, tirzepatide, nad+, glutathione",8
"Movassaghi Plastic Surgery: Kiya Movassaghi MD, FACS",drmovassaghi.com,,,yes,no_email,https://drmovassaghi.com,medspa,,0
Scottsdale Health by Dr. Nancy's Integrative Medicine,drnancysintegrativemedicine.com,,,yes,no_email,https://drnancysintegrativemedicine.com,medspa,,0
"Dr. Roz MD, MEDSPA at Total Health and Wellness",drrozmd.com,,,,unreachable,,,,
Facial Aesthetics Center of RI,drsarahlevy.com,,,yes,no_email,https://drsarahlevy.com,medspa,,0
Dr. Charlie Seltzer Lifestyle Medicine,drseltzerlifestylemedicine.com,,,yes,no_email,https://drseltzerlifestylemedicine.com,medspa,"semaglutide, tirzepatide, retatrutide",7
"Suzanne Yee, MD",drsuzanneyee.com,,,yes,no_email,https://drsuzanneyee.com,medspa,"semaglutide, tirzepatide",12
DrWengMD,drweng.com,advancedmedicine24@gmail.com,advancedmedicine24@gmail.com,yes,already known,https://drweng.com/contact,medspa,,1
Coachlight Clinic,dsmcoachlight.com,,,yes,no_email,https://dsmcoachlight.com,medspa,GLP-1 weight loss peptides,5
DS Skin Care & Waxing Studio,dsskincareandwaxing.com,,,yes,no_email,https://dsskincareandwaxing.com,vendor,,0
"Dykal Health and Wellness:Testosterone Optimization, Hormone Therapy,",dykalwellness.com,,,,no_email,https://dykalwellness.com,vendor,,0
Dynasty Day & Med Spa,dynastydaymedspa.com,dynastydaymedspa@gmail.com,dynastydaymedspa@gmail.com,yes,already known,https://dynastydaymedspa.com,medspa,"semaglutide, nad+",7
Ease Day Spa,easedayspa.com,nmail@easedayspa.com,nmail@easedayspa.com,,no_peptides,https://easedayspa.com,vendor,,0
IV Therapy O'Fallon IL,easeehealthcare.com,,,yes,no_email,https://easeehealthcare.com,vendor,,0
East Bay Innovative Medicine,eastbayinnovativemedicine.com,,,yes,no_email,https://eastbayinnovativemedicine.com,medspa,,1
East Village Laser Body Contouring,eastvillagelaser.com,,,yes,no_email,https://eastvillagelaser.com,vendor,,0
Exquisite Bliss Spa,ebwellnessspa.com,,,yes,no_email,https://ebwellnessspa.com,vendor,,0
Ehormones MD,ehormones.com,rendro87@gmail.com,rendro87@gmail.com,yes,already known,https://ehormones.com,medspa,GLP-1 weight loss peptides,5
Plush IV Hydration & Wellness,ekqsx.myaestheticrecord.com,,,,no_email,https://ekqsx.myaestheticrecord.com,vendor,,0
Elan Medical Aesthetics,elanmedicalaesthetics.com,elanaesthetics.ne@gmail.com,elanaesthetics.ne@gmail.com,yes,no_peptides,https://elanmedicalaesthetics.com,medspa,,0
Elements Massage Salem,elementsmassage.com,info@elementsmassage.com,info@elementsmassage.com,,no_peptides,https://elementsmassage.com,medspa,,0
Elevated Esthetics,elevatedestheticswv.glossgenius.com,mmestheticswv@gmail.com,mmestheticswv@gmail.com,yes,no_peptides,https://elevatedestheticswv.glossgenius.com,vendor,,0
Elevate IV,elevateivok.com,,,,no_email,https://elevateivok.com,medspa,,2
Elevate IV,elevateivwatertown.com,,,yes,no_email,https://elevateivwatertown.com,medspa,"semaglutide, nad+, glutathione",11
Elevate Men America,elevatemenamerica.com,,,yes,no_email,https://elevatemenamerica.com,vendor,,0
Elevate Mind & Mood,elevatemindmood.com,info@elevatemindmood.com,info@elevatemindmood.com,yes,no_peptides,https://elevatemindmood.com,medspa,,0
Elevate Wellness Group,elevatewellnessgroup.com,,,yes,no_email,https://elevatewellnessgroup.com,medspa,"semaglutide, tirzepatide, liraglutide, sermorelin",9
ELE'VI Skin & Medical Aesthetics,elevimedicalaesthetics.com,,,,no_email,,vendor,,0
Elite Aesthetics Med Spa,eliteaestheticsmedspa.com,,,,no_email,https://eliteaestheticsmedspa.com/services,medspa,,0
Elite Image One Med Spa/Health & Wellness,eliteimageone.com,eliteimageone@gmail.com,eliteimageone@gmail.com,yes,no_peptides,https://eliteimageone.com,medspa,,0
Elite Laser & Skin Care Center,elitelaserandskincarecenter.com,info@elitelaserandskincarecenter.com,info@elitelaserandskincarecenter.com,yes,no_peptides,https://elitelaserandskincarecenter.com,medspa,,0
Elite Medspa Scottsdale,elitemedspaaz.com,,,yes,no_email,https://elitemedspaaz.com,medspa,,0
Elite Spine Health and Wellness,elitespine.com,,,,unreachable,,,,
Elite Testosterone Replacement,elitetestosteronereplacement.com,,,,no_email,,vendor,,0
Elite Wellness Body + Aesthetics,elitewellnessbodyaesthetics.com,,,,no_email,https://elitewellnessbodyaesthetics.com,medspa,,0
"IV Therapy in Puyallup, WA",elixirwellnessbykim.com,,,,no_email,,vendor,,0
Elm City Wellness on Orange,elmcitywellness.com,elmcitywellness@gmail.com,elmcitywellness@gmail.com,yes,no_peptides,https://elmcitywellness.com,medspa,,0
"IV Drip Therapy In Las Cruces, NM",emedaesthetics.com,contact@emedaesthetics.com,contact@emedaesthetics.com,,no_us_signal,https://emedaesthetics.com,medspa,,1
Breezy Day Spa,emiraaesthetics.com,,,,unreachable,,,,
Empire Beauty School,empire.edu,officeofpresident@empire.edu,officeofpresident@empire.edu,yes,no_peptides,https://empire.edu,medspa,,0
EMPOWHER Health: Hormones & Wellness,empowherhealth307.hint.com,,,,no_email,https://empowherhealth307.hint.com,vendor,,0
The Spa at Encore,encoredermatology.com,skincare@encoredermatology.com,skincare@encoredermatology.com,yes,no_peptides,https://encoredermatology.com,medspa,,0
Energy Equals Wellness,energyequalswellness.com,info@energyequalswellness.com,info@energyequalswellness.com,yes,no_peptides,https://energyequalswellness.com,vendor,,0
Enfuse Medical Spa & Hair Restoration,enfusemedspas.com,,,yes,no_email,https://enfusemedspas.com,medspa,GLP-1 weight loss peptides,2
Enhanced Wellness Living,enhancedwellness.com,,,yes,no_email,https://enhancedwellness.com,medspa,,0
IV Therapy at Enid Live Well,enidlivewell.com,,,yes,no_email,https://enidlivewell.com,medspa,"semaglutide, tirzepatide",6
Enliven Health and Wellness,enlivenmedispa.com,,,,no_email,,vendor,,0
Ennu Crestview Hills (previously 25 Again & NAVA Medspa),ennu.co,,,yes,no_email,https://ennu.co,medspa,,0
IV Injections SF,enov.one,,,yes,no_email,https://enov.one,medspa,"tirzepatide, bpc-157, tb-500, nad+, ipamorelin, cjc-1295",19
EON Medical + Wellness,eonmeds.com,,,yes,no_email,https://eonmeds.com,vendor,,0
IV Infusion Therapy,ephphathamedical.com,info@ephphathamedical.com,info@ephphathamedical.com; emcsmd@ephphathamedical.com,yes,no_peptides,https://ephphathamedical.com,medspa,,0
The Spa at Equinox,equinox.com,concierge@equinox.com,concierge@equinox.com; pr@equinox.com; cancellations@equinox.com,yes,no_peptides,https://equinox.com,vendor,,0
Erasure Laser Studio,erasurelaserstudio.com,erasurelaserstudio@gmail.com,erasurelaserstudio@gmail.com,yes,no_peptides,https://erasurelaserstudio.com,vendor,,0
Valar Aesthetics,eriemedspa.com,,,yes,no_email,https://eriemedspa.com,medspa,,0
Essential Health,essentialhealth.health,,,yes,no_email,https://essentialhealth.health,medspa,"nad+, glutathione",8
Golden Aura Wellness Holistic Spa,estheticbeautiquewellnessspa.com,,,,unreachable,,,,
Esthetics by Christen Day Spa,estheticsbychristen.com,estheticsbychristen@gmail.com,estheticsbychristen@gmail.com,yes,no_peptides,https://estheticsbychristen.com,medspa,,0
Eternal Beauty Medical Aesthetics & Day Spa,eternalbeautytexarkana.com,ejjacobsen85@gmail.com,ejjacobsen85@gmail.com,yes,already known,https://eternalbeautytexarkana.com,medspa,"semaglutide, tirzepatide, retatrutide, bpc-157, tb-500, thymosin alpha-1",27
NW Laser & Skin Care Specialists,etherealaestheticsllc.com,,,,unreachable,,,,
EveresT Men's Health,everestmenshealth.com,,,yes,no_email,https://everestmenshealth.com,medspa,"semaglutide, tirzepatide",7
Ever Evolving Life,everevolvinglife.myaestheticrecord.com,,,,no_email,https://everevolvinglife.myaestheticrecord.com,vendor,,0
Restore Hyper Wellness,evexiasmedical.com,,,,unreachable,,,,
Evia Medical Center,eviamedical.com,,,yes,no_email,https://eviamedical.com,medspa,semaglutide,4
Angelic Lift,evolutionwellnessclinic.com,tracy@evolutionwellnessclinic.com,tracy@evolutionwellnessclinic.com,,no_peptides,https://evolutionwellnessclinic.com,medspa,,0
Evolve Med Spa,evolvemedspa.com,,,yes,no_email,https://evolvemedspa.com,medspa,,0
Evolve Medical Associates,evolvemetoday.com,,,yes,no_email,https://evolvemetoday.com,medspa,"semaglutide, tirzepatide",10
Excell Rejuvenation,excellrejuvenation.com,,,yes,no_email,https://excellrejuvenation.com,medspa,,0
Executive Infusion Services LLC,executiveinfusion.com,,,,unreachable,,,,
KRAVE The Spa Therapy Experience,experiencekrave.com,,,,unreachable,,,,
Expressions Medspa,expressionsmedspacanton.com,natalie@expressionsmedspacanton.com,natalie@expressionsmedspacanton.com,yes,no_peptides,https://expressionsmedspacanton.com,medspa,,0
The Face & Body Center,faceandbodycenter.com,,,yes,no_email,https://faceandbodycenter.com,medspa,,0
Face Envy Aesthetics,faceenvyaesthetics.com,,,,unreachable,,,,
Face First/Face First Aesthetics Institute,facefirst-ri.com,,,,no_email,,vendor,,0
FACE FOUNDRIÉ,facefoundrie.com,info@facefoundrie.com,info@facefoundrie.com,,no_peptides,https://facefoundrie.com,medspa,,0
Face La Vie,facelavie.com,,,yes,no_email,https://facelavie.com,vendor,,0
FacEnvyRX,facenvyrx.com,,,,unreachable,,,,
Matrix Body Works Massage,facetofacespa.com,,,,no_email,https://facetofacespa.com,medspa,semaglutide,1
Facials By June,facialsbyjune.com,facialsbyjune@gmail.com,facialsbyjune@gmail.com,yes,no_peptides,https://facialsbyjune.com,vendor,,0
Heal Facial Spa,facialslouisville.com,,,,unreachable,,,,
IV HYDRATION,familyhealthmattersofsalem.myaestheticrecord.com,,,,no_email,https://familyhealthmattersofsalem.myaestheticrecord.com,medspa,,0
IV-recovery,fareharbor.com,,,,no_email,https://fareharbor.com,vendor,,0
Fleur-De-Lis Aesthetics & Apothecary,fdlaesthetics.com,,,yes,no_email,https://fdlaesthetics.com,medspa,"semaglutide, tirzepatide, liraglutide",12
"Medical Group Robinson . Dr. Irina E. Vinarski, MD",feelnu.com,,,yes,no_email,https://feelnu.com,medspa,sermorelin,3
Synergy Face + Body,feelsynergy.com,appointments@feelsynergy.com,appointments@feelsynergy.com,yes,no_peptides,https://feelsynergy.com,medspa,,0
FIKA Infusion + Wellness,fikainfusion.com,,,yes,no_email,https://fikainfusion.com,medspa,"semaglutide, tirzepatide, bpc-157, tb-500, thymosin alpha-1, nad+",27
Prime IV Hydration & Wellness,fireandicewellnesscenter.com,,,yes,no_email,https://fireandicewellnesscenter.com,medspa,,1
Perspire Sauna Studio,fisherscryo.com,info@fisherscryo.com,info@fisherscryo.com,yes,no_peptides,https://fisherscryo.com,medspa,,0
Fitness 307,fitness307.com,,,yes,no_email,https://fitness307.com,vendor,,0
Beaute Enhanced Medical Spa,fjrwx.myaestheticrecord.com,,,,no_email,https://fjrwx.myaestheticrecord.com,medspa,,0
THM,flagcdn.com,,,,no_email,https://flagcdn.com,vendor,,0
Flare MD,flaremd.com,,,,no_email,https://flaremd.com,medspa,,1
"Flawless Face Aesthetics, LLC",flawlessfacemke.com,,,,unreachable,,,,
Practical Wellness Clinic,flawlessmedspa.info,flawlessmedspaaesthetics@gmail.com,flawlessmedspaaesthetics@gmail.com,yes,no_peptides,https://flawlessmedspa.info,medspa,,0
Transformation to a Flawless Me Med Spa,flawlessmemedicalspa.com,,,,no_email,https://flawlessmemedicalspa.com,medspa,,0
FlexCare Infusion Centers,flexcareinfusion.com,,,,no_email,https://flexcareinfusion.com,medspa,,0
InVita Health & Wellness Omaha,floatdistrict.com,,,,no_email,https://floatdistrict.com,vendor,,0
Flourish Wellness Center,flourishsatx.com,,,yes,no_email,https://flourishsatx.com,medspa,"semaglutide, bpc-157, thymosin beta-4, sermorelin",9
FLOW RN,flowrn.intakeq.com,info@flow-rn.com,info@flow-rn.com,yes,no_peptides,https://flowrn.intakeq.com,medspa,,0
Fluid Revival,fluidrevival.com,,,,no_email,,vendor,,0
Foothills Med Spa,foothillsmedspa.com,foothillsmedspa@gmail.com,foothillsmedspa@gmail.com,yes,already known,https://foothillsmedspa.com,medspa,GLP-1 weight loss peptides,2
Forever Young LLC,foreveryoungmed.com,,,,unreachable,,,,
Hydrate IV Bar,fortcollins.hydrateivbar.com,,,,no_email,,vendor,,0
"IV Centers Aledo, Texas",fortifiedfitness.com,frontdesk@fortifiedfitness.com,frontdesk@fortifiedfitness.com,yes,no_peptides,https://fortifiedfitness.com,vendor,,0
Fort Smith Wellness,fortsmithwellness.com,,,,unreachable,,,,
Forum Health Las Colinas Functional Medicine Doctor,forumhealthlascolinas.com,,,yes,no_email,https://forumhealthlascolinas.com,medspa,GLP-1 weight loss peptides,6
Fountain Gate Spa,fountaingatespa.com,,,,unreachable,,,,
"Four Seasons Hotel One Dalton Street, Boston",fourseasons.com,,,,unreachable,,,,
Four Sisters Aesthetic Medicine LLC,foursistersvt.com,info@foursistersvt.com,info@foursistersvt.com,yes,no_peptides,https://foursistersvt.com,medspa,,0
FPIM of New Haven County,fpimnh.com,,,yes,no_email,https://fpimnh.com,medspa,GLP-1 weight loss peptides,3
Fresh Aesthetics,fresh-phl.com,,,,no_email,https://fresh-phl.com,vendor,kpv,2
Fresh Face Seattle,freshfaceseattle.com,freshfaceseattle@gmail.com,freshfaceseattle@gmail.com,yes,no_peptides,https://freshfaceseattle.com,vendor,,0
Fresh IV Drips-Mobile IV Therapy NYC,freshivdrips.com,,,,no_email,https://freshivdrips.com,medspa,,1
First State Aesthetics,fsade.com,,,,unreachable,,,,
Full Circle Natural Medical Clinic,fullcirclemedicalclinic.com,,,yes,no_email,https://fullcirclemedicalclinic.com,medspa,,1
Full Potential HRT Clinic,fullpotentialmen.com,,,yes,no_email,https://fullpotentialmen.com,medspa,"semaglutide, tirzepatide, sermorelin, ghrp-2",10
Functional Medicine Institute (FMI),funmedinstitute.com,,,,unreachable,,,,
Gaddiel Med Aesthetic,gaddielmedaesthetics.com,,,,unreachable,,,,
Geaux Flow IV Spa,geauxflowiv.com,,,yes,no_email,https://geauxflowiv.com,medspa,glutathione,1
Gen 3 IV Hydration and Wellness Kansas City North,gen3iv.com,gen3iv@outlook.com,gen3iv@outlook.com,yes,already known,https://gen3iv.com,medspa,nad+,2
Genesis MedSpa LLC,genesis-medspa.com,,,yes,no_email,https://genesis-medspa.com,medspa,,0
Genesis Lifestyle Medicine,genesislifestylemedicine.com,,,,unreachable,,,,
Genesis Natural Medicine Center,genesisnmc.com,,,,no_email,,vendor,,0
The Glasshouse Skin in Gervais Med Spa,gervaismedspa.myaestheticrecord.com,,,,no_email,https://gervaismedspa.myaestheticrecord.com,medspa,,0
The Clinic USA (Training Academy),getbasal.com,contact@getbasal.com,contact@getbasal.com,,no_peptides,https://getbasal.com,medspa,,0
Opt Health,getopt.com,,,yes,no_email,https://getopt.com,medspa,"semaglutide, thymosin alpha-1, nad+, ipamorelin, sermorelin, tesamorelin",22
Summit Rejuvenation,getsummithrt.com,summitrcenters@gmail.com,summitrcenters@gmail.com,yes,already known,https://getsummithrt.com,medspa,semaglutide,5
SUNMED,getsunmed.com,rachael@getsunmed.com,rachael@getsunmed.com,,no_us_signal,https://getsunmed.com,vendor,GLP-1 weight loss peptides,2
The Treatment Skin Boutique Henderson,getthetreatment.com,hello@getthetreatment.com,hello@getthetreatment.com,yes,no_peptides,https://getthetreatment.com,medspa,,0
The Wellness Way Centennial,getvitawellness.com,,,yes,no_email,https://getvitawellness.com,medspa,"semaglutide, tirzepatide, glutathione",7
IV Hydration in Mission Viejo,gipilot.com,,,,no_email,https://gipilot.com,medspa,,1
Iconic Beauty,glamdollvett.as.me,,,,unreachable,,,,
Glo Boise,globoise.com,globoisespa@gmail.com,globoisespa@gmail.com,yes,no_peptides,https://globoise.com,medspa,,0
Kimsthetics,glocollective.org,,,,no_email,https://glocollective.org,vendor,,2
Restores With IV Hydration Therapy In Yardley PA,gloderma.com,clientservices@gloderma.com,clientservices@gloderma.com,yes,no_peptides,https://gloderma.com,medspa,,0
Glow & Grace Skin Studio LLC,glowandgraceskin.glossgenius.com,glowandgraceskinstudio@gmail.com,glowandgraceskinstudio@gmail.com,yes,no_peptides,https://glowandgraceskin.glossgenius.com,medspa,,0
Willow Glow Wellness Spa Clinics,glowclinics.com,info@glowclinics.com,info@glowclinics.com,yes,no_peptides,https://glowclinics.com/contact,medspa,,0
The Glow Life Med-Spa,glowlifemedspa.com,,,,no_email,,vendor,,0
GLOW RX,glowrxspa.square.site,,,,no_email,,vendor,,0
Glow Skin + Wellness Med Spa,glowskinmed.com,,,yes,no_email,https://glowskinmed.com,medspa,GLP-1 weight loss peptides,3
GlowUp Skin Spa,glowupskinspa.me,,,yes,no_email,https://glowupskinspa.me,medspa,,0
Gold Coast Plastic Surgery,goldcoastplasticsurgery.com,,,yes,no_email,https://goldcoastplasticsurgery.com,medspa,,0
Gold Leaf Reflexology & Tuina,goldleafreflexologytuina.com,goldleafreflexology618@gmail.com,goldleafreflexology618@gmail.com,yes,no_peptides,https://goldleafreflexologytuina.com,vendor,,0
Good Samaritan Hospital,goodsamsanjose.com,,,yes,no_email,https://goodsamsanjose.com,medspa,,0
Goosebumps Cryotherapy,goosebumpscryotherapy.com,info@goosebumpscryotherapy.com,info@goosebumpscryotherapy.com,yes,no_peptides,https://goosebumpscryotherapy.com,medspa,,0
GOTOX Aesthetics & Wellness St. Clair Shores,gotoxaesthetics.com,gotoxaesthetics@gmail.com,gotoxaesthetics@gmail.com,yes,already known,https://gotoxaesthetics.com,medspa,GLP-1 weight loss peptides,4
Vida-Flo,govidaflo.com,,,yes,no_email,https://govidaflo.com,medspa,nad+,2
Grafin Blau Medical Spa,grafinblauspa.com,,,,no_email,https://grafinblauspa.com,vendor,,0
Grand Pearl Spa,grandpearlspa.com,,,yes,no_email,https://grandpearlspa.com,medspa,GLP-1 weight loss peptides,3
Woodhouse Spa,grandview.woodhousespas.com,,,,no_email,,vendor,,0
Granite Men’s Wellness and Testosterone Center,granitemens.com,,,yes,no_email,https://granitemens.com,medspa,,1
Greater Washington Testosterone,greaterwashingtontestosterone.com,,,yes,no_email,https://greaterwashingtontestosterone.com,medspa,GLP-1 weight loss peptides,5
Great Escape Day Spa,greatescapedayspane.com,,,yes,no_email,https://greatescapedayspane.com,medspa,,0
"AesthetiCare Medspa + Wellness, Overland Park",greatskinkc.com,,,yes,no_email,https://greatskinkc.com,medspa,nad+,2
GW Center for Integrative Medicine,gwcim.com,info@gwcim.com,info@gwcim.com,yes,no_peptides,https://gwcim.com/contact,medspa,,0
H2Oasis Float Center and Tea House of Tulsa Float Centers,h2oasisfloatcenter.com,info@h2oasisfloatcenter.com,info@h2oasisfloatcenter.com,yes,no_peptides,https://h2oasisfloatcenter.com,medspa,,0
SKIN Medical Aesthetics Clinic at Hair Success,hairsuccesssalons.com,info@hairsuccesssalons.com,info@hairsuccesssalons.com,yes,no_peptides,https://hairsuccesssalons.com,medspa,,0
Thrive Health IV Clinic PC: Advanced Infusion Therapy Services in ...,haltcovidla.com,,,,unreachable,,,,
Hand & Stone Massage and Facial Spa,handandstone.com,,,,no_email,https://handandstone.com,medspa,,0
Handled With Care,handledwcare.com,,,yes,no_email,https://handledwcare.com,medspa,,0
HE & Med Spa (H.A.N.D.S. Esthetics),handsesthetics.com,hemedspa@gmail.com,hemedspa@gmail.com,,no_peptides,https://handsesthetics.com,medspa,,0
Smoke and Honey Aesthetics,hannah-vaughn.square.site,smokeandhoneyaesthetics@outlook.com,smokeandhoneyaesthetics@outlook.com,,no_peptides,,vendor,,0
Hao Body Studio,haobodystudio.com,,,,unreachable,,,,
Happy Body Now Clinic PLLC,happybodynowclinic.com,,,,unreachable,,,,
Happy Valley Clinic,happyvalleyclinic.com,,,yes,no_email,https://happyvalleyclinic.com,medspa,,0
Harley Institute,harleyinstitute.com,,,yes,no_email,https://harleyinstitute.com,medspa,GLP-1 weight loss peptides,5
Haus of Wellness,hausofwellnesstx.com,,,,no_email,https://hausofwellnesstx.com,medspa,,0
HAUS Salon North Loop,haussalon.com,shop@haussalon.com,shop@haussalon.com; hausnorthloop@haussalon.com; lauraprow@gmail.com,yes,no_peptides,https://haussalon.com,medspa,,0
NAD+ IV Treatment Winter Haven. Lakeland,havenivloungeandmedspa.com,,,,no_email,,vendor,,0
Haven Spa & Salon,havenlouisville.com,,,yes,no_email,https://havenlouisville.com,medspa,,0
Beauty Shell Skincare,hawaiifacial.com,beautyshellsc@gmail.com,beautyshellsc@gmail.com,yes,no_peptides,https://hawaiifacial.com/contact,vendor,,0
24/7 Mobile IV Therapy,hawaiihangoverdoctor.com,,,yes,no_email,https://hawaiihangoverdoctor.com,medspa,,1
Infusion Center,hbggastro.com,,,yes,no_email,https://hbggastro.com,medspa,,0
"Bee Transformed Wellness Center, LLC",heal.me,support@heal.me,support@heal.me,,no_peptides,https://heal.me,vendor,,0
Mobile IV Therapy in Palm Springs,healifynow.com,team@healifynow.com,team@healifynow.com,,no_us_signal,https://healifynow.com,medspa,"semaglutide, tirzepatide, nad+, pt-141, glutathione, oxytocin",20
Ascension Via Christi St. Francis Ambulatory Infusion Center,healthcare.ascension.org,,,yes,no_email,https://healthcare.ascension.org,medspa,,0
The Health Carpenter Direct Primary Care & Aesthetics,healthcarpenter.com,thehealthcarpenter@gmail.com,thehealthcarpenter@gmail.com,yes,already known,https://healthcarpenter.com,medspa,nad+,4
Heightened Aesthetics in Seminole Heights (Tampa) and Lakewood Ranch,heightenedaesthetics.com,info@heightenedaesthetics.com,info@heightenedaesthetics.com,yes,no_peptides,https://heightenedaesthetics.com,medspa,,0
Helix Mobile Wellness and Research,helixmwr.com,,,,no_email,,vendor,,0
Ilara Medspa,herb4us.com,amanda.y.ge@gmail.com,amanda.y.ge@gmail.com,yes,no_peptides,https://herb4us.com,medspa,,0
HER Med Spa,hermedspa.com,,,,no_email,,vendor,,0
Hey Butterfly Studio,heybutterflystudio.com,mandy@heybutterflystudio.com,mandy@heybutterflystudio.com,yes,no_peptides,https://heybutterflystudio.com,medspa,,0
National HRT,hgha.com,info@hgha.com,info@hgha.com,yes,already known,https://hgha.com,medspa,"sermorelin, ghrp-6",4
Highwater Aesthetics & Confidence Co.,highwateraesthetics.com,,,yes,no_email,https://highwateraesthetics.com,medspa,"semaglutide, tirzepatide",7
The Total You Medical Spa,hilton.com,,,,unreachable,,,,
GIV Mobile IV Therapy,hl.givmobileiv.com,,,,unreachable,,,,
HoA Health and Hormones,hoahealthandhormones.com,,,yes,no_email,https://hoahealthandhormones.com,medspa,"nad+, sermorelin",13
Hoala Salon & Spa,hoalasalonspa.com,,,,unreachable,,,,
Holistic Kneads,holistickneads.net,,,yes,no_email,https://holistickneads.net,vendor,,0
Honey Aesthetics Clinic,honeyaesthetics.com,,,yes,no_email,https://honeyaesthetics.com,medspa,,1
Honolulu Wellness,honolulu-wellness.com,,,,no_email,https://honolulu-wellness.com,vendor,,0
Hope Medical & Wellness Spa,hopemedicalandwellnessspa.myaestheticrecord.com,,,,no_email,https://hopemedicalandwellnessspa.myaestheticrecord.com,medspa,,0
Hope's Transformations,hopes-transformations.square.site,hopewoods124@yahoo.com,hopewoods124@yahoo.com; nhopewoods124@yahoo.com,,no_peptides,https://hopes-transformations.square.site,vendor,,0
"Hormone Health and Weight Loss of Birmingham, Alabama",hormonehealthandweightloss.com,support@hormonehealthandweightloss.com,support@hormonehealthandweightloss.com,,no_us_signal,https://hormonehealthandweightloss.com,medspa,GLP-1 weight loss peptides,6
Hormone Online,hormoneonline.com,,,,unreachable,,,,
Hormones +Wellness by SDBotox,hormonesbysdb.com,,,yes,no_email,https://hormonesbysdb.com,medspa,nad+,7
HormoneSynergy Clinic® / Dr. Kathyrn Retzler,hormonesynergy.com,,,yes,no_email,https://hormonesynergy.com,medspa,"semaglutide, tirzepatide",7
Hydrate IV Bar,hormoneweightlossdoctorsnj.com,,,yes,no_email,https://hormoneweightlossdoctorsnj.com,medspa,"semaglutide, tirzepatide, ipamorelin, cjc-1295, aod-9604",12
Justin Houman MD l Cedars-Sinai Urology l Erectile Dysfunction l Male,houmanmd.com,,,yes,no_email,https://houmanmd.com,medspa,pt-141,5
The DRIPBaR Houston Heights,houston-heights.thedripbar.com,,,,no_email,,vendor,,0
Houston Testosterone Center,houstontestosteronecenter.com,,,,no_email,,vendor,,0
HRT Doctor Palm Bay,hrtdoctor.com,,,,no_email,https://hrtdoctor.com,medspa,,2
IV therapy options in Chesterfield VA: a practical guide,htpsouthdowns.com,,,,no_email,https://htpsouthdowns.com,vendor,,0
Hudson Styling Co.,hudsonstyling.com,info@hudsonstyling.com,info@hudsonstyling.com,yes,no_peptides,https://hudsonstyling.com,vendor,,0
Infusion Center Expert,huizenga-consulting.com,,,,unreachable,,,,
Infusion Therapy,huntsvillememorial.com,,,,no_email,,vendor,,0
HydraCare Mobile IV Solutions,hydracareiv.com,,,,no_email,https://hydracareiv.com,vendor,,1
HydraHive IV and Med Spa,hydrahive.myaestheticrecord.com,,,,no_email,https://hydrahive.myaestheticrecord.com,medspa,,0
Renew Vitality Testosterone Clinic,hydralivetherapy.com,,,yes,no_email,https://hydralivetherapy.com,medspa,"nad+, ipamorelin, sermorelin, tesamorelin, mots-c, ghk-cu",13
Home,hydramedwellness.com,,,yes,no_email,https://hydramedwellness.com,medspa,glutathione,3
HydraSlim Health,hydraslimhealth.com,,,,no_email,https://hydraslimhealth.com/faq,vendor,,0
Hormone and Weight Loss Doctors of NJ,hydrateivbar.com,,,,no_email,,vendor,,0
Hydrate IV Therapy,hydrateivtherapy.com,,,,no_email,,vendor,,0
Hydrate Me Medspa,hydratememedspa.com,,,yes,no_email,https://hydratememedspa.com,medspa,"semaglutide, tirzepatide, nad+, glutathione",12
The Hydration Staytion,hydrationstaytion.com,thehydrationstaytion@gmail.com,thehydrationstaytion@gmail.com,yes,already known,https://hydrationstaytion.com,medspa,semaglutide,3
Hydro Nation River Side,hydronationriverside.com,hydronationllciv@gmail.com,hydronationllciv@gmail.com,yes,already known,https://hydronationriverside.com,medspa,"semaglutide, tirzepatide, glutathione",7
HyperCharge Health & Aesthetics,hyperchargehealth.com,,,yes,no_email,https://hyperchargehealth.com,medspa,bpc-157,7
IV Nutrient Therapy,hyperfitmd.com,,,yes,no_email,https://hyperfitmd.com,medspa,glutathione,8
Center for Integrative and Age-Management Medicine (IAAM & IAAMed),iaamed.com,,,yes,no_email,https://iaamed.com,medspa,,3
Suncare Medspa,ibeautyirvine.com,suncare2022@gmail.com,suncare2022@gmail.com,yes,no_peptides,https://ibeautyirvine.com,medspa,,0
IV Therapy St Johns FL,icryo-stjohns-fl.com,,,yes,no_email,https://icryo-stjohns-fl.com,medspa,nad+,5
"Optimum Wellness and Health, Inc",icryo.com,,,yes,no_email,https://icryo.com,medspa,nad+,6
IV Infusion Therapist Near Me in Georgia,idcga.com,,,yes,no_email,https://idcga.com,medspa,,0
Ideal Image North Haven,idealimage.com,,,,no_email,https://idealimage.com,vendor,,0
Ideal Medical Advanced Hormone Therapy,idealmedicalreno.com,,,yes,no_email,https://idealmedicalreno.com,medspa,,1
Lucky Nails & Spa Studio,idwellnessclinic.com,,,,no_email,,vendor,,0
"Integrated Health & Wellness Services, LLC",ihaws.org,intake@ihaws.org,intake@ihaws.org,yes,no_peptides,https://ihaws.org,medspa,,0
Hotel Indigo Baltimore Downtown by IHG,ihg.com,,,,unreachable,,,,
Innovative Health and Longevity,ihlohio.com,,,yes,no_email,https://ihlohio.com,medspa,,1
Vitality Quick Drip,ik.imagekit.io,,,,unreachable,,,,
SOLÉI Beauty Bar & Spa,ilovesolei.com,,,,no_email,https://ilovesolei.com,vendor,kpv,1
Alivation Aesthetics,images.builderservices.io,,,,unreachable,,,,
Integrative Wellness Center,images.leadconnectorhq.com,,,,no_email,,vendor,,0
Imagine Medispa,imaginemedispas.com,,,,no_email,,vendor,,0
Valley Reset Studio,img1.wsimg.com,,,,unreachable,,,,
"Mobile IV's by Sasha, Health and Wellness in St. Petersburg, Florida",img77.uenicdn.com,,,,unreachable,,,,
Impressions Aesthetics,impressionsaesthetics.com,,,,unreachable,,,,
The Medical Spa at Petrungaro Plastic Surgery,indianamedicalspa.com,,,yes,no_email,https://indianamedicalspa.com,medspa,,1
Indigovia,indigovia.com,,,,no_email,https://indigovia.com,medspa,,1
Indy Elite Men's T Clinic,indyelitemenst.com,indyelitemenst@yahoo.com,indyelitemenst@yahoo.com,yes,no_peptides,https://indyelitemenst.com,medspa,,0
Dr. Kimberly Short,indyplasticsurgery.com,,,yes,no_email,https://indyplasticsurgery.com,medspa,"semaglutide, tirzepatide",6
"Infinite Revival, PC",infinite-revival.clientsecure.me,,,yes,no_email,https://infinite-revival.clientsecure.me,medspa,,0
The Wellness & Aesthetics Medical Center,infinite-transformation.com,info@infinite-transformation.com,info@infinite-transformation.com,yes,no_peptides,https://infinite-transformation.com,vendor,,0
Infinity Beauty Lab Med Spa,infinitybeautylab.com,info@infinitybeautylab.com,info@infinitybeautylab.com,yes,no_peptides,https://infinitybeautylab.com,medspa,,0
Infinity Medical Institute,infinitymedicalinstitute.com,,,,no_email,,vendor,,0
Infinity Massage and Bodywork,infinitymke.com,,,,unreachable,,,,
Hydration Room Solana Beach Buy 1 IV Get 1 Free,info.hydrationroom.com,,,,unreachable,,,,
Verve Health Hormone Replacement Therapy,info.vervehc.com,,,yes,no_email,https://info.vervehc.com,medspa,GLP-1 weight loss peptides,6
Find an Infusion Center,infusionaccessfoundation.org,,,,no_email,,vendor,,0
Infusion Center of Delaware,infusioncenterde.com,,,yes,no_email,https://infusioncenterde.com,medspa,,0
Infusion for Health,infusionforhealth.com,,,yes,no_email,https://infusionforhealth.com,medspa,,0
InHealthRVA,inhealthrva.com,,,yes,no_email,https://inhealthrva.com,medspa,"nad+, glutathione",4
The Institute of Natural Health,inhstl.com,,,,no_email,,vendor,,0
"Lauren Padmore, Aesthetic Injector Virginia Beach",injectorlibra.com,nursepadmore@gmail.com,nursepadmore@gmail.com,yes,no_peptides,https://injectorlibra.com,medspa,,0
Inject Aesthetics and Wellness,injecttulsa.com,,,yes,no_email,https://injecttulsa.com,medspa,"semaglutide, nad+",5
Inner Essence Spa & Wellness,inneressencespa.com,contact@inneressencespa.com,contact@inneressencespa.com,yes,no_peptides,https://inneressencespa.com,medspa,,0
Inner Gate Health & Wellness,innergatepdx.com,info@innergatepdx.com,info@innergatepdx.com,yes,no_peptides,https://innergatepdx.com,medspa,,0
Inner Reflection Holistic Health Center,innerreflectionhealth.com,innerreflectionspa@gmail.com,innerreflectionspa@gmail.com,yes,no_peptides,https://innerreflectionhealth.com,medspa,,0
Serenity Rejuvenation Center: Dr. Stephen O'Connell,innervitalitybellevue.com,,,,no_email,,vendor,,0
Innovations The Salon & Spa,innovationsnh.com,,,yes,no_email,https://innovationsnh.com/about-us,vendor,,0
InShapeMD Louisville,inshapemdlouisville.com,,,,no_email,https://inshapemdlouisville.com,vendor,,0
Inside Out IV Hydration & Wellness,insideoutiv.com,,,yes,no_email,https://insideoutiv.com,medspa,nad+,3
Inspire Body Therapy Inc.,inspirenailtherapymemphis.as.me,,,,no_email,https://inspirenailtherapymemphis.as.me,vendor,,0
IV Hydration Therapy: Replenishing Fluids & Electrolytes,intake.mychirotouch.com,,,,no_email,https://intake.mychirotouch.com,vendor,,0
Restoration Hydration,intakeq.com,,,,no_email,https://intakeq.com,medspa,,0
Integra Wellness & Aesthetics,integra-wa.com,,,yes,no_email,https://integra-wa.com,medspa,GLP-1 weight loss peptides,4
Deliberate Wellness Studio,integracaremedaesthetics.com,integracaremedaesthetics@gmail.com,integracaremedaesthetics@gmail.com,,no_peptides,https://integracaremedaesthetics.com,medspa,,0
"Lizabelly IV Hydration & Medspa, LLC",integrativehealthpractices.org,info@integrativehealthpractices.org,info@integrativehealthpractices.org,yes,no_peptides,https://integrativehealthpractices.org,medspa,,0
Intelligent Health KC,intelligenthealthkc.com,,,yes,no_email,https://intelligenthealthkc.com,medspa,,3
Interim HealthCare of Grand Rapids,interimhealthcare.com,wehearyou@interimhealthcare.com,wehearyou@interimhealthcare.com,yes,no_peptides,https://interimhealthcare.com,medspa,,0
Intermezzo Salon & Spa,intermezzosalon.com,info@intermezzosalon.com,intermezzosalon@gmail.com; info@intermezzosalon.com,yes,no_peptides,https://intermezzosalon.com,medspa,,0
In The Zone Cryo,inthezonecryo.com,,,yes,no_email,https://inthezonecryo.com,medspa,,0
Intravene Mobile IV Therapy,intravene.wpengine.com,,,yes,no_email,https://intravene.wpengine.com,medspa,"nad+, glutathione",4
Intravene Mobile IV Therapy,intravenewellnesstherapies.com,,,yes,no_email,https://intravenewellnesstherapies.com,medspa,"nad+, glutathione",4
The Iowa Clinic Medical Spa,iowaclinic.com,,,yes,no_email,https://iowaclinic.com,medspa,,0
iron mountain healing,ironmountainhealing.com,ironmountainhealing@gmail.com,ironmountainhealing@gmail.com,yes,no_peptides,https://ironmountainhealing.com/about,vendor,,0
Iron Mountain Men's Health,ironmountainmenshealth.com,,,,unreachable,,,,
Ironwood Men's Health LLC,ironwood-wellness.com,,,,no_email,,vendor,,0
"Ishma Skin Care, LLC",ishmaskincare.com,impallari@gmail.com,impallari@gmail.com,yes,no_peptides,https://ishmaskincare.com,vendor,,0
Ivy's Full Body Spa,isteam.wsimg.com,,,,unreachable,,,,
"IV Hydration and Beyond, Paso Robles, CA",itin-dev.wanderlogstatic.com,,,,unreachable,,,,
It's My Day Spa,itsmydayspa.com,,,,unreachable,,,,
The Perfect Secret Med Spa,itstheperfectsecret.com,admin@itstheperfectsecret.com,admin@itstheperfectsecret.com,yes,no_peptides,https://itstheperfectsecret.com,medspa,,0
Itza Salon & Day Spa,itzamassage.com,,,yes,no_email,https://itzamassage.com,vendor,,0
IV Hydration of Oregon,iv-hydration-of-oregon.square.site,ivhydrationoforegon@gmail.com,ivhydrationoforegon@gmail.com,,no_us_signal,https://iv-hydration-of-oregon.square.site,medspa,,1
IV Suite Lounge Orlando,iv-suite.com,,,yes,no_email,https://iv-suite.com,medspa,"nad+, glutathione",3
Plano IV Therapy,iv-therapy-finder.com,,,,unreachable,,,,
IV Bird,ivbird512.com,,,yes,no_email,https://ivbird512.com,medspa,"nad+, glutathione",3
Contact Us,ivclub.com › contact,,,,unreachable,,,,
IV Therapy Services,ivclub.com › iv-therapy,,,,unreachable,,,,
The Healthiest Memberships Ever,ivclub.com › memberships,,,,unreachable,,,,
Ozone Therapy,ivclub.com › ozone-therapy,,,,unreachable,,,,
Semaglutide & Tirzepatide Injections for Weight Loss,ivclub.com › semaglutide-ozempic,,,,unreachable,,,,
iv&co Has Moved,ivclub.com › we-are-moving,,,,unreachable,,,,
Why Choose iv&co,ivclub.com › why-ivclub,,,,unreachable,,,,
IV Hydration and Beyond,ivhab.com,askhanna@ivhab.com,askhanna@ivhab.com,yes,already known,https://ivhab.com,medspa,"semaglutide, tirzepatide, nad+, glutathione",9
I V House,ivhouse.com,,,,no_email,https://ivhouse.com,medspa,,1
Aqua Fusion IV Hydration,ivhydrationsummerville.com,,,yes,no_email,https://ivhydrationsummerville.com,medspa,,1
Life Source Treatment Center,ivhydrationtherapyredlands.com,lifesourcetreatment@gmail.com,lifesourcetreatment@gmail.com,yes,already known,https://ivhydrationtherapyredlands.com,medspa,"semaglutide, tirzepatide, glutathione",8
IV Interactive,ivinteractive.com,,,yes,no_email,https://ivinteractive.com,medspa,,0
IV League,ivleaguehydrate.com,,,yes,no_email,https://ivleaguehydrate.com,medspa,"semaglutide, tirzepatide, nad+, sermorelin, glutathione",13
IV Liquid Lounge,ivliquidlounge.com,,,yes,no_email,https://ivliquidlounge.com,medspa,,0
Chicago Mobile IV Therapy,ivmdchicago.com,hello@ivmdchicago.com,hello@ivmdchicago.com,,no_us_signal,https://ivmdchicago.com,medspa,,1
IV Nutrition,ivnutrition.com,,,,no_email,https://ivnutrition.com,medspa,"semaglutide, tirzepatide, nad+, sermorelin, pt-141, glutathione",12
Home,ivorymedicalspa.com,,,,unreachable,,,,
Ivory Wellness & Aesthetics,ivorywellness.com,,,yes,no_email,https://ivorywellness.com,medspa,"bpc-157, sermorelin, pt-141, ghk-cu",11
IV Therapy and Nutrition,ivtherapyandnutrition.com,,,yes,no_email,https://ivtherapyandnutrition.com,medspa,glutathione,2
Dr. V.A. IV Hydration Drip Therapy In-Office or At Your Home,ivtherapyny.com,,,,no_email,https://ivtherapyny.com,medspa,,1
IV Therapy St George,ivtherapystgeorge.com,,,,unreachable,,,,
"Best IV Therapy in Albany, Minnesota",ivtherapyzone.com,,,yes,no_email,https://ivtherapyzone.com/contact-us,medspa,glutathione,2
IVX Health Infusion Center,ivxhealth.com,,,,unreachable,,,,
Ivy Rehab for Kids,ivyrehab.com,,,yes,no_email,https://ivyrehab.com,medspa,,0
James Street MedSpa,jamesstreetmedspa.com,info@jamesstreetmedspa.com,info@jamesstreetmedspa.com,yes,no_peptides,https://jamesstreetmedspa.com,medspa,,0
Infuzed IV Therapy,jane.app,pr@jane.app,pr@jane.app; security@jane.app,yes,no_peptides,https://jane.app,medspa,,0
Jeauty Aesthetics,jeautyaesthetics.com,,,yes,no_email,https://jeautyaesthetics.com/contact-us,medspa,,0
JECT,ject.us,,,yes,no_email,https://ject.us,medspa,,0
Jen Galloway FNP-C,jengallowayhealth.com,,,yes,no_email,https://jengallowayhealth.com,medspa,glutathione,3
Jewel's Health & Wellness Center,jewelshydrationstation.com,,,,no_email,https://jewelshydrationstation.com,vendor,,0
Jiva Med Spa Columbus,jivamedspa.com,,,yes,no_email,https://jivamedspa.com,medspa,semaglutide,6
Synergy Esthetics and Bodywork,jodihebl.glossgenius.com,synergybodywork1@gmail.com,synergybodywork1@gmail.com,yes,no_peptides,https://jodihebl.glossgenius.com,vendor,,0
IV Essence & Aesthetics,joinblvd.com,support@joinblvd.com,support@joinblvd.com; partnerships@joinblvd.co,,no_peptides,https://joinblvd.com,medspa,,0
Joy Health and Wellness,joyhealthkc.com,joyhealthkc@gmail.com,joyhealthkc@gmail.com,yes,already known,https://joyhealthkc.com,medspa,"semaglutide, tirzepatide, nad+, sermorelin",9
Kaado MD Aesthetics and Anti-Aging Medicine,kaadomd.com,,,yes,no_email,https://kaadomd.com,medspa,GLP-1 weight loss peptides,9
Kadelyx,kadelyx.com,info@kadelyx.com,info@kadelyx.com,yes,no_peptides,https://kadelyx.com,medspa,,0
Luca Health & Wellness,kajabi-storefronts-production.kajabi-cdn.com,,,,no_email,https://kajabi-storefronts-production.kajabi-cdn.com,vendor,,0
Artisans of Medicine NJ,karinyaesthetics.com,impallari@gmail.com,impallari@gmail.com,yes,already known,https://karinyaesthetics.com,medspa,"semaglutide, ipamorelin, cjc-1295, mots-c, ghk-cu, aod-9604",7
Karuna Integrated Wellness & Spa,karunaintegratedwellness.com,,,yes,no_email,https://karunaintegratedwellness.com,vendor,oxytocin,1
KatieTox,katietox.square.site,,,,no_email,,vendor,,0
Elite Aesthetics,kceliteaesthetics.com,,,yes,no_email,https://kceliteaesthetics.com,medspa,,0
Kentuckiana Pain Specialists,kentuckianapainspecialists.com,,,yes,no_email,https://kentuckianapainspecialists.com,medspa,,1
Ketamine of Philadelphia,ketamineofphiladelphia.com,,,yes,no_email,https://ketamineofphiladelphia.com,medspa,,0
Khalma Skincare and Aesthetics,khalmaskincare.com,info@khalmaskincare.com,info@khalmaskincare.com; %20info@khalmaskincare.com,yes,no_peptides,https://khalmaskincare.com/contact,medspa,,0
Kipuka Spa,kipukaspa.com,customerservice@kipukaspa.com,customerservice@kipukaspa.com,yes,no_peptides,https://kipukaspa.com,vendor,,0
KlearMind Ketamine & IV Hydration Clinic,klearmindclinics.com,,,yes,no_email,https://klearmindclinics.com,medspa,"semaglutide, tirzepatide, bpc-157, tb-500, thymosin beta-4, nad+",15
Soleil Hydration & Spa,klqux.myaestheticrecord.com,,,,no_email,https://klqux.myaestheticrecord.com,vendor,,0
KOI Wellbeing,koiwellbeing.com,,,yes,no_email,https://koiwellbeing.com,medspa,"nad+, glutathione",7
Vigam Medical Spa and Laser,komalaestheticsandwellness.com,,,,no_email,,vendor,,0
Krista Hodges,kristahodges.com,,,yes,no_email,https://kristahodges.com,medspa,"semaglutide, tirzepatide, sermorelin",6
Elevate Healing Iv Hydration,krystaljugarap.com,,,,no_email,https://krystaljugarap.com,vendor,,0
Ksenia’s skin care & waxing Salon,kseniasstudio.com,,,yes,no_email,https://kseniasstudio.com,medspa,,0
Lakefront Wellness,lakefrontwellnesstn.com,cpap09@yahoo.com,cpap09@yahoo.com,yes,already known,https://lakefrontwellnesstn.com,medspa,"nad+, glutathione",4
"Hydrate Medical, IV Hydration Huntersville",lakenorman.hydratemedical.com,,,,no_email,,vendor,,0
La Nouvelle Medical Spa,lanouvellespa.com,,,,no_email,https://lanouvellespa.com,medspa,"semaglutide, tirzepatide",9
Perspire Sauna Studio,larimarmed.com,,,,no_email,https://larimarmed.com,vendor,,0
The Laser Loft,laserloftsalon.com,info@laserloftsalon.com,info@laserloftsalon.com,yes,no_peptides,https://laserloftsalon.com,medspa,,0
Laser Studio KC,laserstudiokc.com,,,yes,no_email,https://laserstudiokc.com/contact-us/,medspa,GLP-1 weight loss peptides,2
Lash and Company Med Spa,lashandcompany.com,,,yes,no_email,https://lashandcompany.com,medspa,,0
Lasting Beauty MediSpa,lastingbeautyne.com,,,,no_email,,vendor,,0
Las Vegas Colon Hydrotherapy Clinic,lasvegascolonhydrotherapy.com,,,,no_email,https://lasvegascolonhydrotherapy.com,vendor,kpv,1
"LA Urgent Care: IV Fluids for Fast Rehydration in Metairie, LA",laurgentclinic.com,allamericanvethospital@gmail.com,allamericanvethospital@gmail.com,yes,no_peptides,https://laurgentclinic.com,medspa,,0
La Vida Aesthetics & Wellness,lavida.myaestheticrecord.com,,,,no_email,https://lavida.myaestheticrecord.com,medspa,,0
La Vida Sana MD,lavidasanamd.com,,,yes,no_email,https://lavidasanamd.com,medspa,semaglutide,2
Hydration & More Lounge,lawanda.intakeq.com,,,,no_email,https://lawanda.intakeq.com,medspa,,0
lb skin minot nd,lbskin.glossgenius.com,lbskinnd@gmail.com,lbskinnd@gmail.com,yes,no_peptides,https://lbskin.glossgenius.com,medspa,,0
Pharmacists,le-cdn.hibuwebsites.com,,,,unreachable,,,,
Legacy Skin + Beauty,legacyskinbeauty.com,sen@legacyskinbeauty.com,sen@legacyskinbeauty.com,yes,no_peptides,https://legacyskinbeauty.com,vendor,,0
Legends Health And Wellness,legendshealthandwellness.com,,,yes,no_email,https://legendshealthandwellness.com,medspa,"semaglutide, tirzepatide, nad+",7
Le Reve,lereveks.com,lereveks@gmail.com,lereveks@gmail.com,yes,no_peptides,https://lereveks.com,medspa,,0
Le Spa de Beauté,lespaindy.com,,,yes,no_email,https://lespaindy.com,vendor,,0
IV Therapy,lifespanhealthmn.com,lifespancim@gmail.com,lifespancim@gmail.com,yes,already known,https://lifespanhealthmn.com,medspa,"semaglutide, tirzepatide, nad+, glutathione",9
"Lifestyle Spectrum: Frank Comstock, MD, ABAARM, FACEP",lifestylespectrum.com,,,yes,no_email,https://lifestylespectrum.com,medspa,,4
Native Stem Cell,lifexmd.com,,,,no_email,,vendor,,0
LightRx,lightrx.com,,,yes,no_email,https://lightrx.com/contact-us,medspa,"nad+, glutathione",3
Lillie Aesthetics,lillieaesthetics.com,anapbm@gmail.com,anapbm@gmail.com,yes,no_peptides,https://lillieaesthetics.com/about-us,medspa,,0
Studio Body Sculpting,lillybeautyspa.com,,,,unreachable,,,,
Lily’s Lasting Beauty,lilyslastingbeauty.us,bwag2866@gmail.com,bwag2866@gmail.com,,no_peptides,https://lilyslastingbeauty.us,vendor,,0
Limestone Therapeutic Massage,limestonemassage.com,manager@limestonemassage.com,manager@limestonemassage.com; michelle@limestonemassage.com,yes,no_peptides,https://limestonemassage.com,vendor,,0
Limitless TRT & Aesthetics,limitlesstrtandaesthetics.com,,,,no_email,,vendor,,0
Liquid Mobile IV: Austin Metro & Pflugerville Clinic & Mobile (We Come,liquidmobileiv.com,,,yes,no_email,https://liquidmobileiv.com,medspa,"bpc-157, tb-500, thymosin beta-4, nad+, sermorelin, ghk-cu",11
Rejuvenessence,livbetterlonger.com,,,yes,no_email,https://livbetterlonger.com,medspa,semaglutide,5
LiveActive Aesthetics,liveactiveaesthetics.com,,,yes,no_email,https://liveactiveaesthetics.com,medspa,,0
Ames IV Drip Therapy,livehydrationspa-ames.geotargetus.com,keysrigging@gmail.com,keysrigging@gmail.com,yes,no_peptides,https://livehydrationspa-ames.geotargetus.com,vendor,,0
Hot Haven Sauna Studio,livewellmd.net,,,,no_email,https://livewellmd.net,medspa,,0
LivingWell Integrative Healthcare,livingwellhealthcare.com,,,yes,no_email,https://livingwellhealthcare.com,medspa,,1
LIV Wellness and Hydration,livwellnessandhydration.com,info@livwellnessandhydration.com,info@livwellnessandhydration.com,,no_us_signal,https://livwellnessandhydration.com,medspa,,1
Liv Wellness,livwellspa.com,,,,no_email,https://livwellspa.com,medspa,,0
Love Aesthetics,lizlovesaesthetics.com,lfirestone@lizlovesaesthetics.com,lfirestone@lizlovesaesthetics.com,yes,no_peptides,https://lizlovesaesthetics.com,medspa,,0
Men's Health of Mississippi,locations.livehydrationspa.com,compliance@livehydrationspa.com,compliance@livehydrationspa.com,yes,already known,https://locations.livehydrationspa.com,medspa,,1
Massage Envy,locations.massageenvy.com,,,,no_email,https://locations.massageenvy.com,medspa,,0
Lone Star Center for Health and Wellness,lonestarcenters.com,,,yes,no_email,https://lonestarcenters.com,medspa,"semaglutide, tirzepatide, nad+, glutathione",15
Q the Medical Spa at Victor,longevitamedical.com,,,yes,no_email,https://longevitamedical.com,medspa,kpv,5
"California Longevity & Vitality Medical Institute: Rachel Meek, DO",longevitymd.net,,,yes,no_email,https://longevitymd.net,medspa,,1
LongevityMed,longevitymed.com,,,yes,no_email,https://longevitymed.com,medspa,GLP-1 weight loss peptides,5
Q Sauna & Spa,longevitymedicalclinic.com,,,yes,no_email,https://longevitymedicalclinic.com,medspa,"nad+, glutathione",5
"AAI Rejuvenation Clinic (Testosterone, Sermorelin, hgh, Ipamorelin)...",longvillewellness.info,drleonie@longvillewellness.info,drleonie@longvillewellness.info; u003edrleonie@longvillewellness.info,yes,no_peptides,https://longvillewellness.info,medspa,,0
Wanderlust Esthetics,lookhawthorne.com,,,yes,no_email,https://lookhawthorne.com,vendor,,0
Look Lab Med Spa,looklab.com,,,yes,no_email,https://looklab.com,medspa,semaglutide,1
Louisville Body Contouring LLC,louisvillebodycontouring.com,info@louisvillebodycontouring.com,info@louisvillebodycontouring.com,yes,no_peptides,https://louisvillebodycontouring.com,medspa,,0
Love Beauty and Balance Clinic,lovebeautybalance.com,lovebeautybalance@lovebeautybalance.com,lovebeautybalance@lovebeautybalance.com,,no_peptides,https://lovebeautybalance.com,medspa,,0
IV drip therapy & vitamin infusions: immune boosting in Waukesha,lovemyskiin.com,,,yes,no_email,https://lovemyskiin.com,medspa,"semaglutide, tirzepatide, glutathione",4
Lowcountry Male Clinic,lowcountrymale.com,,,yes,no_email,https://lowcountrymale.com,medspa,"semaglutide, tirzepatide, nad+, sermorelin",15
Quench IV Studio,lowtcenter.com,,,yes,no_email,https://lowtcenter.com,medspa,"semaglutide, tirzepatide, nad+, sermorelin, pt-141",15
LowTdoc -Testosterone Replacement Therapy in Melbourne,lowtdoc.com,,,yes,no_email,https://lowtdoc.com,medspa,,1
Washington Testosterone Center,lowtwashington.com,,,,unreachable,,,,
"IV Therapy in Westminster Broomfield, CO",lthaw.doctormmdev10.com,,,yes,no_email,https://lthaw.doctormmdev10.com,medspa,,1
LT Clinics,ltmensclinic.com,,,yes,no_email,https://ltmensclinic.com,medspa,"semaglutide, tirzepatide, bpc-157, nad+, ipamorelin, sermorelin",22
Luca Health & Wellness,lucahealthandwellness.com,,,,no_email,https://lucahealthandwellness.com,medspa,,0
Lucid Day Spa,luciddayspa.com,,,yes,no_email,https://luciddayspa.com/contact-us/,vendor,,0
Lume,lume-wellness.com,,,yes,no_email,https://lume-wellness.com,medspa,,0
Luminare Aesthetics & Wellness,luminarekc.com,,,yes,no_email,https://luminarekc.com,medspa,"bpc-157, nad+, ipamorelin, sermorelin, cjc-1295, glutathione",13
Luminary Cosmetic Medicine & Hair Restoration Philadelphia,luminarycosmetic.com,,,,no_email,,vendor,,0
Luna Spa,lunaspabangor.com,,,yes,no_email,https://lunaspabangor.com,vendor,,0
IV Hydration,lushwellnessco.com,,,yes,no_email,https://lushwellnessco.com,medspa,,2
"Dr. Shoar Chiropractic, Acupuncture and Rehab Center Oxnard",luxeaestheticsurgery.com,,,,no_email,,vendor,,0
LUXE Nails Milwaukee,luxenailsmke.com,luxe.nmke@gmail.com,luxe.nmke@gmail.com,yes,no_peptides,https://luxenailsmke.com,vendor,,0
Lux Massage & Life Spa,luxlifespa.com,,,yes,no_email,https://luxlifespa.com,vendor,,0
Lux Revamp,luxrevamplaser.com,luxrevampfl@gmail.com,luxrevampfl@gmail.com,yes,no_peptides,https://luxrevamplaser.com,medspa,,0
Luz Lounge Portland,luzloungeportland.com,,,yes,no_email,https://luzloungeportland.com,medspa,,0
Lympha Flow,lymphaflowspa.com,lymphaflowspa@gmail.com,lymphaflowspa@gmail.com,yes,no_peptides,https://lymphaflowspa.com,medspa,,0
The Medspa @50th,m50medspa.com,,,,unreachable,,,,
The Maas Clinic San Francisco,maasclinic.com,,,,no_email,https://maasclinic.com,medspa,GLP-1 weight loss peptides,3
"Dr. Peter S. Macfield, MD",macfieldmd.com,,,yes,no_email,https://macfieldmd.com,medspa,nad+,4
Integrative Health Center,madisonselfcareappointments.com,ivonneramos72@gmail.com,ivonneramos72@gmail.com; madisonhealingarts@gmail.com,yes,no_peptides,https://madisonselfcareappointments.com,vendor,,0
IV Therapy,madlybeautifulaesthetics.com,,,,unreachable,,,,
Majestic Beauties Med Spa,majestic-beauties.com,,,,no_email,https://majestic-beauties.com,medspa,,0
Male Fertility & Sexual Medicine Specialists,malefertility.com,,,yes,no_email,https://malefertility.com,medspa,,2
Massages by Malia,maliahansenmt.com,,,,no_email,https://maliahansenmt.com,vendor,,0
Mama Lounge SF,mamaloungesf.com,info@mamaloungesf.com,info@mamaloungesf.com,yes,no_peptides,https://mamaloungesf.com,medspa,,0
"Mandarin Oriental, Boston",mandarinoriental.com,,,yes,no_email,https://mandarinoriental.com,vendor,,0
The Skin Clinic Med Spa,mankatoskinclinic.com,hello@mankatoskinclinic.com,hello@mankatoskinclinic.com,,no_us_signal,https://mankatoskinclinic.com,medspa,,1
Marina Medspa,marinamedspa.com,marinaplasticsurgerydesire@gmail.com,marinaplasticsurgerydesire@gmail.com,yes,no_peptides,https://marinamedspa.com,medspa,,0
Rejuvenation Center & Spa Services,marriott.com,,,,unreachable,,,,
Mary Wade,marywade.org,,,yes,no_email,https://marywade.org,medspa,,1
Goddess Massage Boutique,massagebook.com,,,,no_email,https://massagebook.com,medspa,,0
"Massage in Missoula- Rachel Holland, LMT",massageinmissoula.com,racheljholland@yahoo.com,racheljholland@yahoo.com,yes,no_peptides,https://massageinmissoula.com,medspa,,0
Massage MDB,massagemdb.com,,,,unreachable,,,,
Master's Touch Massage Therapy LLC,masterstouchmassagetherapy.com,,,,unreachable,,,,
Infusion Services,matsuregional.com,,,yes,no_email,https://matsuregional.com,medspa,,0
The Maxim Clinic,maximsouthend.com,,,yes,no_email,https://maximsouthend.com,medspa,,1
MaxWell Clinic,maxwellclinic.com,,,,no_email,,vendor,,0
Maze Men’s Sexual & Reproductive Health,mazemenshealth.com,,,yes,no_email,https://mazemenshealth.com,medspa,,0
The Mbar Medspa,mbarhonolulu.com,,,,unreachable,,,,
Non-Oncology Infusion,mclaren.org,cbsfccpreservicecollectionsestimations@mclaren.org,cbsfccpreservicecollectionsestimations@mclaren.org,yes,no_peptides,https://mclaren.org,medspa,,0
MCNYC,mcnyc.net,,,,unreachable,,,,
MD Boutique,md.boutique,,,yes,no_email,https://md.boutique,medspa,,0
MD for Men,mdformen.com,,,,no_email,https://mdformen.com,vendor,,0
MDRN Wellness Medical Spa,mdrnwellnessmedical.com,,,yes,no_email,https://mdrnwellnessmedical.com,medspa,"nad+, glutathione",5
MD Wellness & Aesthetics,mdwellnessandaesthetics.com,,,,no_email,,vendor,,0
Prime IV Hydration at Medallus Urgent Care,medallusmedicalnd.com,,,yes,no_email,https://medallusmedicalnd.com,medspa,GLP-1 weight loss peptides,3
"Map and Directions to C & M Vital Care in Satsuma, AL 36572",media.merchantcircle.com,,,,unreachable,,,,
Primal Girl Wellness,medical-massage.pro,medicalmassagedelaware@gmail.com,medicalmassagedelaware@gmail.com,,no_peptides,https://medical-massage.pro,vendor,,0
Medical Health Institute,medicalhealthinstitute.com,,,yes,no_email,https://medicalhealthinstitute.com/contact,medspa,bpc-157,9
Medical Skin Care,medicalskincarecasper.com,msccasper@gmail.com,msccasper@gmail.com,yes,no_peptides,https://medicalskincarecasper.com,medspa,,0
The Medical Spa,medicalspagaston.com,,,yes,no_email,https://medicalspagaston.com,medspa,GLP-1 weight loss peptides,3
The MediSpa and Body Shop,medispabodyshop.com,info@medispabodyshop.com,medispa@medispabodyshop.com; info@medispabodyshop.com,yes,no_peptides,https://medispabodyshop.com,medspa,,0
Medispa At Choto,medispachoto.com,book@medispachoto.com,book@medispachoto.com,yes,no_peptides,https://medispachoto.com,vendor,,0
The Medi Spa at Ridgewood Hill,medispava.com,,,,no_email,,vendor,,0
MedSpa Clubs,medspa.healthkeygroup.com,,,,unreachable,,,,
ABQ Medical Spa,medspaalbuquerque.com,,,yes,no_email,https://medspaalbuquerque.com,medspa,"semaglutide, tirzepatide",4
Medspa Deluxe LA,medspadeluxela.com,smakandura@gmail.com,smakandura@gmail.com; u003esmakandura@gmail.com; medspadeluxelawestcovina@gmail.com,yes,no_peptides,https://medspadeluxela.com,medspa,,0
"IV Lounge CT: IV Therapy, Hydration Drips, Weight Loss Injections",medspadirectory.org,info@medspadirectory.org,info@medspadirectory.org,yes,no_peptides,https://medspadirectory.org/about-us,medspa,,0
The Med Spa of Kingwood,medspaofkingwood.net,,,yes,no_email,https://medspaofkingwood.net,medspa,"semaglutide, tirzepatide, nad+, ipamorelin, sermorelin, tesamorelin",22
Modern SLC Injections & Aesthetics,medspasaltlakewellness.com,mschlent@hotmail.com,mschlent@hotmail.com,yes,already known,https://medspasaltlakewellness.com,medspa,GLP-1 weight loss peptides,4
OsteoStrong,meganschlicknd.com,,,,no_email,https://meganschlicknd.com,medspa,,0
Youthful You Aesthetics,melaniejefferson.glossgenius.com,youthfulyoulou@gmail.com,youthfulyoulou@gmail.com,yes,no_peptides,https://melaniejefferson.glossgenius.com,vendor,,0
Melrose Aesthetics,melroseaesthetics.com,info@melroseaesthetics.com,info@melroseaesthetics.com,yes,no_peptides,https://melroseaesthetics.com,medspa,,0
"Memphis Men's Clinic, Powered by Menspro™",memphismensclinic.com,info@memphismensclinic.com,info@memphismensclinic.com,yes,no_peptides,https://memphismensclinic.com,medspa,,0
"The Menkes Clinic, A Golden State Dermatology Affiliate",menkesclinic.com,info@menkesclinic.com,info@menkesclinic.com,yes,no_peptides,https://menkesclinic.com,medspa,,0
Men's Direct RX,mensdirectrx.com,,,yes,no_email,https://mensdirectrx.com,medspa,GLP-1 weight loss peptides,7
Men's Performance Clinic,mensperformanceclinic.com,,,,no_email,,vendor,,0
Men's Vitality Center & Vitality Internal Medicine,mensvitalitycenter.com,,,yes,no_email,https://mensvitalitycenter.com,medspa,semaglutide,11
Men's Vitality MD,mensvitalitymd.com,,,,no_email,https://mensvitalitymd.com,vendor,,0
Men's Wellness Centers,menswellnesscenters.com,,,yes,no_email,https://menswellnesscenters.com/contact,vendor,,0
MENZ Clinic,menzclinic.com,,,,no_email,,vendor,,0
Mequon Wellness Center,mequonwellnesscenter.com,,,yes,no_email,https://mequonwellnesscenter.com,medspa,"semaglutide, tirzepatide, tb-500, thymosin beta-4, ghk-cu",10
"Mera Clinic: Pain and Regenerative Therapy (PRP, Stem Cells, Weight Lo",meraclinicny.com,,,,no_email,https://meraclinicny.com,vendor,,0
Meraki Medical Spa,merakimedicalspa.com,,,yes,no_email,https://merakimedicalspa.com/contact-us/,medspa,,0
Mercure,mercure.life,,,,no_email,https://mercure.life,medspa,nad+,3
Mercy Infusion Center,mercy.net,,,,no_email,https://mercy.net,medspa,,0
"Emma Kruger, MD",metaglow.com,,,,unreachable,,,,
Meticulous Spa & Beauty,meticulousspanbeauty.glossgenius.com,meticulousspanbeauty@gmail.com,meticulousspanbeauty@gmail.com,yes,no_peptides,https://meticulousspanbeauty.glossgenius.com,vendor,,0
"MetroBest Health Services: Milca Kaplan, CRNP",metrobesthealth.com,,,yes,no_email,https://metrobesthealth.com,medspa,,0
Metro Laser Coolsculpting MedSpa Yardley,metrolaserphilly.com,,,,no_email,,vendor,,0
MetroMed Health,metromedhealth.com,,,,no_email,https://metromedhealth.com,vendor,,0
IV Therapy Miami Lakes,miamilakesmedicalcenter.com,,,,no_email,,vendor,,0
IV Therapy Archives,michiganadvancedaesthetics.com,laura@michiganadvancedaesthetics.com,laura@michiganadvancedaesthetics.com,yes,no_peptides,https://michiganadvancedaesthetics.com,medspa,,0
Home,michiganimmunedefense.com,,,,no_email,https://michiganimmunedefense.com,vendor,,0
Mid-Atlantic Spinal Rehab & Chiropractic,midatlanticspinalrehab.com,,,yes,no_email,https://midatlanticspinalrehab.com/contact,medspa,,0
The DRIPBaR Midlothian,midlothian-va.thedripbar.com,,,,no_email,,vendor,,0
MedAesthetics,midtownmedspa.net,,,,unreachable,,,,
IV Therapy,midwestmedspaiowa.com,,,,no_email,,vendor,,0
Milan Laser Hair Removal,milanlaser.com,,,yes,no_email,,vendor,kpv,2
Medspa,milanmedicallv.com,,,yes,no_email,https://milanmedicallv.com,medspa,,0
MILK Medispa,milkmedispa.com,milkmedispa@gmail.com,milkmedispa@gmail.com,yes,no_peptides,https://milkmedispa.com,medspa,,0
Prime IV Hydration Mill Creek,millcreekchamber.com,,,,unreachable,,,,
Milpitas NAD+ Center,milpitas.nad-iv-therapy.com,,,,unreachable,,,,
Mind and Body Infusions & Wellness,mindandbodyinfusions.com,,,yes,no_email,https://mindandbodyinfusions.com,medspa,"bpc-157, tb-500, thymosin beta-4, thymosin alpha-1, ipamorelin, sermorelin",24
Mindful Infusions & Ketamine Treatment in Salt Lake City,mindfulinfusions.com,,,,no_email,,vendor,,0
The Mint Facial Bar & Med Spa,mintfacialbar.com,,,,no_email,https://mintfacialbar.com,medspa,GLP-1 weight loss peptides,3
MIORA Performance and Longevity,miora.lifetime.life,,,yes,no_email,https://miora.lifetime.life,medspa,"semaglutide, tirzepatide, sermorelin",9
Mirage Wellness Center & Medspa,miragewellnessnm.com,hello@miragewellnessnm.com,hello@miragewellnessnm.com,,no_peptides,https://miragewellnessnm.com,medspa,,0
The Nail Place,missoulawellnessmt.com,,,yes,no_email,https://missoulawellnessmt.com,medspa,"nad+, glutathione",4
Misty Ann Massage and Herbal Health,mistyannmassage.com,mistyannlmt@gmail.com,mistyannlmt@gmail.com,yes,no_peptides,https://mistyannmassage.com,vendor,,0
MK Infusion,mkinfusion.com,,,yes,no_email,https://mkinfusion.com,medspa,,0
"Infusion Associates Opens New Medical IV Center in Portage, Mich.",mma.prnewswire.com,,,,no_email,,vendor,,0
Mme IV Hydration and Wellness Lounge,mmeivhydration.com,,,,unreachable,,,,
IV Therapy,moabtexas.com,,,,no_email,,vendor,,0
Mobile IV Therapy 2U Eugene,mobileivtherapy2u.com,ivtherapy2u@gmail.com,ivtherapy2u@gmail.com,,no_us_signal,https://mobileivtherapy2u.com,medspa,nad+,2
Mobile Drip Therapy In Chicago,mobilemediv.com,,,,no_email,https://mobilemediv.com,medspa,GLP-1 weight loss peptides,3
Mochi Skin Spa,mochiskinspa.com,info@mochiskinspa.com,info@mochiskinspa.com,yes,no_peptides,,vendor,,0
"Modern Aesthetics, LLC",modernaesthetics.biz,,,,unreachable,,,,
Modern Hydration IV Therapy & Wellness LLC,modernhydration.com,,,,unreachable,,,,
Modern Regenerative Health,modernregenerativehealth.com,,,,unreachable,,,,
Modwella,modwella.com,,,,no_email,https://modwella.com,medspa,nad+,4
Monarch Medical,monarchmedclinic.com,,,yes,no_email,https://monarchmedclinic.com,medspa,"nad+, glutathione",4
Montante Plastic Surgery & Aesthetics,montanteaesthetics.com,,,yes,no_email,https://montanteaesthetics.com,medspa,,1
The Spa At Montchanin Village,montchanin.com,,,yes,no_email,https://montchanin.com,vendor,,0
RE.VIVE Laidback Luxury Salon & Freestyle,morgantownrevive.com,,,,no_email,,vendor,,0
"IV Hydration, Botox & Cryoskin Treatments",morluxnurse.com,carmen@morluxnurse.com,carmen@morluxnurse.com,yes,no_peptides,https://morluxnurse.com,medspa,,0
USA,mount-vernon.nad-iv-therapy.com,,,,unreachable,,,,
Mountain Lake Plastic Surgery,mountainlakeplasticsurgery.com,,,yes,no_email,https://mountainlakeplasticsurgery.com,medspa,"semaglutide, tirzepatide",5
Mountain Modern Aesthetics & Wellness,mountainmodernaesthetics.com,,,yes,no_email,https://mountainmodernaesthetics.com,medspa,,1
Mr. Injectables,mrinjectablesnh.com,mrinjectables@gmail.com,mrinjectables@gmail.com,,no_us_signal,https://mrinjectablesnh.com,medspa,GLP-1 weight loss peptides,2
MidSouth Integrative Medical,msintegrative.com,,,yes,no_email,https://msintegrative.com,medspa,glutathione,6
Saving Face,msvxz.myaestheticrecord.com,,,,no_email,https://msvxz.myaestheticrecord.com,vendor,,0
Multicare Wellness,multicarephysicians.simplybook.me,,,,no_email,https://multicarephysicians.simplybook.me,vendor,,0
Men's Health of Mississippi,mvpmensclinic.com,,,yes,no_email,https://mvpmensclinic.com,medspa,"semaglutide, tirzepatide",8
Cleveland Clinic,my.clevelandclinic.org,,,yes,no_email,https://my.clevelandclinic.org,medspa,GLP-1 weight loss peptides,2
Rooted Health KC,myaestheticspro.com,,,yes,no_email,https://myaestheticspro.com,medspa,,0
BioworX Knoxville,mybioworx.com,,,,no_email,https://mybioworx.com,medspa,"bpc-157, tb-500, nad+, selank, semax, ghk-cu",11
Center For Beauty,mycenterforbeauty.com,,,yes,no_email,https://mycenterforbeauty.com,medspa,,1
"Joshua B Nething, MD",mychart.summahealth.org,,,yes,no_email,https://mychart.summahealth.org,vendor,,0
myEvergreen MedSpa,myevergreenmedspa.com,,,yes,no_email,https://myevergreenmedspa.com,medspa,,1
Adoro Medical Spa,myeyelids.com,,,yes,no_email,https://myeyelids.com,medspa,,0
IV Infusion Therapy,mygeldnercenter.com,,,,no_email,,vendor,,0
Helio Health and Wellness,myheliowellness.com,,,yes,no_email,https://myheliowellness.com,medspa,GLP-1 weight loss peptides,5
Alchemy IV and Wellness Downtown,mykcwellness.com,,,yes,no_email,https://mykcwellness.com,medspa,,0
Local Infusion,mylocalinfusion.com,hello@mylocalinfusion.com,hello@mylocalinfusion.com,,no_peptides,https://mylocalinfusion.com,medspa,,0
IV Drip Therapy,mymedijuv.com,,,yes,no_email,https://mymedijuv.com,medspa,glutathione,2
Revitalize Wellness,myrevitalizewellness.com,,,,no_email,,vendor,,0
Skintastic Med Spa,myskintastic.com,,,yes,no_email,https://myskintastic.com,medspa,GLP-1 weight loss peptides,7
MyStem,mysteminjections.com,,,,no_email,https://mysteminjections.com,medspa,kpv,1
Infusion IV,mytime.com,,,,no_email,https://mytime.com,medspa,,0
TrueTox,mytruetox.com,team@mail.mytruetox.com,team@mail.mytruetox.com,,no_peptides,https://mytruetox.com,medspa,,0
My.U.Me Aesthetics,myumeaestheticsnv.com,,,,no_email,https://myumeaestheticsnv.com,vendor,,0
Unique Aesthetics & Wellness,myuniqueaesthetics.com,,,yes,no_email,https://myuniqueaesthetics.com,medspa,nad+,3
IV Vitamin Therapy Clinic,myvitamintherapy.com,,,,no_email,https://myvitamintherapy.com,medspa,,1
"IV Therapy in Miami Lakes, FL",myxwa.com,sv@myxwa.com,sv@myxwa.com,yes,no_peptides,https://myxwa.com/contact,medspa,,0
Prism Aesthetics,na2.meevo.com,,,,no_email,,vendor,,0
Wellness Treatments Maitland,namaesthetics.myaestheticrecord.com,,,,no_email,https://namaesthetics.myaestheticrecord.com,medspa,,0
"IV Therapy at Nameen Infusion & Wellness in Goodyear, AZ",nameeninfusion.com,,,,no_email,,vendor,,0
National Low T Clinic,nationallowt.com,,,,no_email,https://nationallowt.com,medspa,,0
NatureMedica Naturopathic and Integrative Medicine Clinic,naturemedica.net,,,,no_email,,vendor,,0
The Nature of Beauty,natureofbeauty.com,info@natureofbeauty.com,info@natureofbeauty.com,yes,no_peptides,https://natureofbeauty.com,vendor,,0
Water's Edge Natural Medicine,naturopathic.com,,,yes,no_email,https://naturopathic.com,medspa,GLP-1 weight loss peptides,4
NBC wellness and Stretch,nbcwellnesscenter.com,,,,no_email,https://nbcwellnesscenter.com,vendor,,0
New Beginnings Wellness Clinic,nbwclinic.com,nbwclinicoh@gmail.com,nbwclinicoh@gmail.com,yes,already known,https://nbwclinic.com,medspa,GLP-1 weight loss peptides,9
Executive Aesthetics,ndexecutiveaesthetics.com,,,,no_email,https://ndexecutiveaesthetics.com,vendor,,0
Hidden Gem Spa,ndhiddengemspa.com,ndhiddengemspa@gmail.com,ndhiddengemspa@gmail.com,yes,no_peptides,https://ndhiddengemspa.com,vendor,,0
Nectar Wellness,nectarwellnessmn.com,nectarwellnessmn@gmail.com,nectarwellnessmn@gmail.com,,no_peptides,https://nectarwellnessmn.com,vendor,,0
Nevaeh Health & Wellness Center,nevaehhealthwv.com,,,yes,no_email,https://nevaehhealthwv.com,medspa,,0
Comal Springs Acupuncture,new-braunfels.thedripbar.com,,,,no_email,,vendor,,0
Peptide Testosterone Semaglutide Sermorelin Therapy Clinic,new-yorkr.peptideedge.com,,,,no_email,https://new-yorkr.peptideedge.com,vendor,,0
Newbridge Health & Wellness,newbridgewellness.com,,,yes,no_email,https://newbridgewellness.com/contact,medspa,,1
new found health and wellness,newfoundhealthandwellness.com,russnewfoundhealth@gmail.com,russnewfoundhealth@gmail.com,yes,already known,https://newfoundhealthandwellness.com,medspa,"semaglutide, ipamorelin, sermorelin",7
IV Therapy,newjerseyivtherapy.com,,,yes,no_email,https://newjerseyivtherapy.com,medspa,glutathione,7
New Leaf Wellness,newleafcenters.com,,,yes,no_email,https://newleafcenters.com,medspa,GLP-1 weight loss peptides,8
New Life Transformation Center,newlifetransformationcenter.com,,,,unreachable,,,,
Activate IV and Cryotherapy LLC,newlwa.com,,,yes,no_email,https://newlwa.com,medspa,"semaglutide, tirzepatide, nad+, pt-141",14
New Theory Medical,newtheorymedical.com,ntmreno@gmail.com,ntmreno@gmail.com,yes,already known,https://newtheorymedical.com,medspa,"nad+, glutathione",3
New You Medical,newyou-medical.com,,,yes,no_email,https://newyou-medical.com,medspa,"semaglutide, tirzepatide, bpc-157, nad+",12
Next Level TRT,nextleveltrt.com,,,,no_email,,vendor,,0
"NHR Regenerative Medicine, LLC",nhrmed.com,,,yes,no_email,https://nhrmed.com,medspa,semaglutide,4
SkinLab by NicholsMD,nicholsmdskinlab.com,,,yes,no_email,https://nicholsmdskinlab.com,medspa,,1
Nickel & Dodge,nickelanddodge.com,nickeldodgellc@gmail.com,nickeldodgellc@gmail.com,yes,no_peptides,https://nickelanddodge.com,medspa,,0
Wellness & Hormones Avenue,nicodnp.com,,,yes,no_email,https://nicodnp.com,medspa,"semaglutide, tirzepatide, nad+, glutathione",13
Honolulu Urgent Care Clinic,niuhealthurgentcare.com,,,yes,no_email,https://niuhealthurgentcare.com,medspa,,0
"NOVA Health in Novi, MI: Men's Health & Wellness Services",nivahealth.com,,,,no_email,,vendor,,0
NJEKT Studio,njektstudio.com,njektstudio@gmail.com,njektstudio@gmail.com,yes,no_peptides,https://njektstudio.com,medspa,,0
The Med Spa at North Mississippi Plastic Surgery,nmhs.net,recruit@nmhs.net,recruit@nmhs.net,yes,no_peptides,https://nmhs.net/contact-us,medspa,,0
Nolla Wellness,nollawellness.com,info@nollawellness.com,info@nollawellness.com,yes,no_peptides,https://nollawellness.com,vendor,,0
Noni Therapy,nonitherapy.com,info@nonitherapy.com,info@nonitherapy.com,yes,no_peptides,https://nonitherapy.com,medspa,,0
Spa Nordstrom,nordstrom.com,,,,no_email,,vendor,,0
North Bama Drip Co.,northbamadrip.clientsecure.me,,,,unreachable,,,,
Northern Light Infusion Care,northernlighthealth.org,,,yes,no_email,https://northernlighthealth.org,medspa,,0
Norwalk NAD+ Center,norwalk.nad-iv-therapy.com,,,,unreachable,,,,
Nourish IV,nourishiv.com,,,yes,no_email,https://nourishiv.com,medspa,"semaglutide, tirzepatide",9
Nouveau Facial Aesthetics,nouveaufacialaesthetics.com,lexi@nouveaufacialaesthetics.com,lexi@nouveaufacialaesthetics.com; nouveaufacialaesthetics@outlook.com,yes,no_peptides,https://nouveaufacialaesthetics.com,medspa,,0
"IV Therapy Near Detroit, MI",novahealthuc.com,,,,no_email,,vendor,,0
Novella Infusion Merrimack,novellainfusion.com,hello@novellainfusion.com,hello@novellainfusion.com,yes,no_peptides,https://novellainfusion.com,medspa,,0
Nucell Regenerative Health,nucellregen.com,mamici@nucellregen.com,mamici@nucellregen.com,yes,no_peptides,https://nucellregen.com,medspa,,0
NuLife Health and Wellness,nulife-health.com,,,yes,no_email,https://nulife-health.com,medspa,"semaglutide, sermorelin",9
NuLife Institute,nulifeinstitute.com,,,yes,no_email,https://nulifeinstitute.com,medspa,GLP-1 weight loss peptides,6
"IV Therapy in Orem, UT",numedclinic.doctormmdev8.com,,,yes,no_email,https://numedclinic.doctormmdev8.com,medspa,,0
Nursesthetics,nursesthetics.com,,,,no_email,,vendor,,0
Nushka’s Spa,nushkasspa.com,nushkasspa@gmail.com,nushkasspa@gmail.com,yes,no_peptides,https://nushkasspa.com,medspa,,0
The DRIPBaR,nuwaveny.com,,,,no_email,,vendor,,0
Nuyu Medspa,nuyumedspanm.com,info@nuyumedspanm.com,maria@nuyumedspanm.com; info@nuyumedspanm.com,yes,no_peptides,https://nuyumedspanm.com,medspa,,0
NV SPA,nvspa.us,,,,no_email,https://nvspa.us,vendor,,0
Northwest Institute for Healthy Sexuality,nwhealthysexuality.com,,,yes,no_email,https://nwhealthysexuality.com,medspa,,2
"IV Therapy Urbandale, Iowa",nxtlvlamerica.com,,,,no_email,https://nxtlvlamerica.com,medspa,GLP-1 weight loss peptides,2
NYC IV Health & Wellness,nycivhealthandwellness.com,,,,no_email,https://nycivhealthandwellness.com,medspa,,1
Mobile IV Infusion Concierge,nyhealthandwellnesscare.com,,,yes,no_email,https://nyhealthandwellnesscare.com,medspa,nad+,1
Oasis Day Spa,oasisdayspavt.com,relax@oasisdayspavt.com,relax@oasisdayspavt.com; proft.solutions@gmail.com,yes,no_peptides,https://oasisdayspavt.com,vendor,,0
Oasis Health And Medicine,oasishealthandmedicine.com,,,yes,no_email,https://oasishealthandmedicine.com,medspa,"nad+, glutathione",5
Oasis IV Therapy- Mobile Hydration and Wellness,oasisivtherapytampa.com,,,yes,no_email,https://oasisivtherapytampa.com,medspa,"nad+, glutathione",3
Come experience Livonia's premier IV Therapy and Wellness Center,occupationalcareservices.com,,,yes,no_email,https://occupationalcareservices.com,medspa,,1
OC Ketamine Therapy,ocketaminetherapy.com,,,,no_email,,vendor,,0
Best IV Therapy Spots in New Orleans,octanecdn.com,,,,unreachable,,,,
Oklahoma Men's Clinic,okiemensclinic.com,,,,no_email,https://okiemensclinic.com,vendor,,0
om.life Wellness * Modern Recovery Spa,om.life,info@om.life,info@om.life,yes,no_peptides,https://om.life,vendor,,0
Optimal Medical Group,omgwellnessmd.com,,,yes,no_email,https://omgwellnessmd.com,medspa,nad+,8
Ona Skincare East Nashville,onaskin.com,,,yes,no_email,https://onaskin.com,medspa,semaglutide,7
IV Therapy,onecdn.io,,,,no_email,https://onecdn.io,vendor,,0
Onus IV Therapy + Longevity: Castle Rock,onusiv.com,,,,no_email,https://onusiv.com,medspa,"nad+, sermorelin, ghk-cu, glutathione",13
Onyx Aesthetics and Wellness,onyxfortsmith.com,onyxfortsmith@gmail.com,onyxfortsmith@gmail.com,yes,already known,https://onyxfortsmith.com,medspa,glutathione,4
Onyx Wellness & Aesthetics,onyxwellnessct.com,%20onyxwellnessct@gmail.com,%20onyxwellnessct@gmail.com; onyxwellnessct@gmail.com,yes,no_peptides,https://onyxwellnessct.com,medspa,,0
Professional IV FUSION Therapy,opaivdrip.com,,,,no_email,https://opaivdrip.com/about,medspa,nad+,1
Optimal Bio,optimalbio.com,,,,no_email,,vendor,,0
"Optimal Body & Health; Functional Medicine, Testosterone, Hormones, We",optimalbodyandhealth.com,,,yes,no_email,https://optimalbodyandhealth.com,medspa,"semaglutide, tirzepatide",14
The Spine Spa,optimalperformancechiro.com,info@optimalperformancechiro.com,info@optimalperformancechiro.com,yes,no_peptides,https://optimalperformancechiro.com,medspa,,0
Optimal Well M.D.,optimalwellmd.com,,,yes,no_email,https://optimalwellmd.com,medspa,"semaglutide, tirzepatide, nad+, glutathione",12
NAD+ and Naigen IV Therapy,optimizedhealthnh.com,,,,unreachable,,,,
Optimized Hormones,optimizedhormonesva.com,,,,no_email,,vendor,,0
Optimize U,optimizeucenters.com,,,,no_email,https://optimizeucenters.com,medspa,"semaglutide, tirzepatide, liraglutide, sermorelin, tesamorelin, pt-141",18
"Option Care, Infusion Suite",optioncarehealth.com,,,yes,no_email,https://optioncarehealth.com,medspa,,0
Oregon Natural Medicine LLC,oregonnaturalmedicine.com,,,yes,no_email,https://oregonnaturalmedicine.com,medspa,,2
Organic Facial Experience Medical Day Spa,organicfacialexperience.com,,,,no_email,https://organicfacialexperience.com,vendor,,0
Replenish Wellness Center,osteostronghsv.com,getstrong@osteostronghsv.com,osteostronghsv@gmail.com; getstrong@osteostronghsv.com,yes,no_peptides,https://osteostronghsv.com,vendor,,0
Lunar Beauty and Wellness,osteostrongnorthernutah.com,,,,unreachable,,,,
Revived Medical Aesthetics,other23wellness.com,,,yes,no_email,https://other23wellness.com,medspa,"semaglutide, tirzepatide",6
Ovation Wellness,ovation-wellness.com,,,yes,no_email,https://ovation-wellness.com,medspa,,2
OVME,ovme.com,help@ovme.com,help@ovme.com,yes,already known,https://ovme.com,vendor,tirzepatide,4
"IV Drip & Infusion Therapy in Port Chester, NY",oxygenaesthetics.com,,,yes,no_email,https://oxygenaesthetics.com,medspa,,0
Concierge Medicine House Calls,pagingdrneil.com,care@pagingdrneil.com,pagingdrneil@gmail.com; care@pagingdrneil.com,yes,no_peptides,https://pagingdrneil.com,medspa,,0
Palmetto Infusion,palmettoinfusion.com,,,,unreachable,,,,
Pamper Perfect Mobile Spa,pamperperfectmobilespa.com,reservations@pamperperfectmobilespa.com,reservations@pamperperfectmobilespa.com,yes,no_peptides,https://pamperperfectmobilespa.com,vendor,,0
Parker Mason Wellness,parkermasonwellness.com,,,yes,no_email,https://parkermasonwellness.com,medspa,"nad+, sermorelin, tesamorelin, ghk-cu, glutathione",13
The PR Medical Spa,parkrebowe.com,,,yes,no_email,https://parkrebowe.com,medspa,"semaglutide, tirzepatide",4
ParlourRx,parlourrx.com,,,yes,no_email,https://parlourrx.com,medspa,,0
Iv Vitamins Therapy,patientfusion.com,,,,no_email,https://patientfusion.com,medspa,,0
Patient's Choice Medical Center,patientschoicelasvegas.com,,,yes,no_email,https://patientschoicelasvegas.com,medspa,,1
ProCare Wellness Institute,pcw.health,,,yes,no_email,https://pcw.health,medspa,GLP-1 weight loss peptides,11
Peak TRT,peaktrt.com,,,,unreachable,,,,
Home IV Infusion Therapy,pennmedicine.org,vdp@pennmedicine.upenn.edu,vdp@pennmedicine.upenn.edu; u003evdp@pennmedicine.upenn.edu,yes,no_peptides,https://pennmedicine.org,medspa,,0
Perez Esthetics LLC,perezesthetics.glossgenius.com,perezesthetics@gmail.com,perezesthetics@gmail.com,yes,no_peptides,https://perezesthetics.glossgenius.com,vendor,,0
Perfect Skin Habit,perfectskinhabit.com,info@perfectskinhabit.com,info@perfectskinhabit.com,yes,no_peptides,https://perfectskinhabit.com,medspa,,0
Performance Clinic,performanceclinicgreenwood.com,,,yes,no_email,https://performanceclinicgreenwood.com/contact-us/,medspa,,2
Performance Medicine Institute,performancemedinst.com,,,yes,no_email,https://performancemedinst.com,medspa,bpc-157,2
Perpetuity Skin + Spa,perpetuityskin.com,info@perpetuityskin.com,info@perpetuityskin.com,yes,no_peptides,https://perpetuityskin.com,medspa,,0
Personal Reflection Day Spa,personalreflectiondayspa.com,,,yes,no_email,https://personalreflectiondayspa.com,vendor,,0
Perspire Sauna Studio,perspiresaunastudio.com,,,,no_email,https://perspiresaunastudio.com,medspa,,0
Impact Health & Wellness,pfccare.com,info@pfccare.com,info@pfccare.com,yes,no_peptides,https://pfccare.com,medspa,,0
Philanthropy Spa and Wellness Center,philanthropyswc.as.me,,,,no_email,https://philanthropyswc.as.me,vendor,,0
Philip Edward Salon and Luxury Med Spa,philipedwardsalon.com,,,,unreachable,,,,
The Phoenix Clinique,phoenixclinique.com,,,yes,no_email,https://phoenixclinique.com,medspa,GLP-1 weight loss peptides,5
Proficient Health & Wellness Clinic,phwclinic.net,,,yes,no_email,https://phwclinic.net,medspa,GLP-1 weight loss peptides,2
"PICC INFUSION CARE COMPANY (PICC) PICC Team Nashville, TN",picc.team,piccinfusioncarecompany@gmail.com,piccinfusioncarecompany@gmail.com,yes,no_peptides,https://picc.team,medspa,,0
PICC Resource IV Services,piccresourceiv.com,,,yes,no_email,https://piccresourceiv.com,medspa,,1
Pink Medspa & Primary Care,pinkmedspa.com,,,,unreachable,,,,
Piqure Aesthetics,piqurenashville.com,,,yes,no_email,https://piqurenashville.com,medspa,"semaglutide, tirzepatide",5
Azani Medical Spa,pittsburghtestosterone.com,,,yes,no_email,https://pittsburghtestosterone.com,medspa,"semaglutide, ipamorelin, sermorelin, selank, semax, dsip",14
The Spa MD,plasticsurgeryarts.com,,,yes,no_email,https://plasticsurgeryarts.com,medspa,GLP-1 weight loss peptides,3
Mesna Plastic Surgery & Aesthetic Center,plasticsurgeryminneapolis.com,,,,no_email,https://plasticsurgeryminneapolis.com,medspa,,0
Plastic Surgery Consultants,plasticsurgerysouthcarolina.org,,,yes,no_email,https://plasticsurgerysouthcarolina.org,medspa,,0
Platinum Spa and IV Lounge,platinumspavegas.com,spareception@platinumspavegas.com,spareception@platinumspavegas.com,yes,no_peptides,https://platinumspavegas.com,medspa,,0
Pleasanton NAD+ Center,pleasanton.nad-iv-therapy.com,,,,unreachable,,,,
Plush Skin Aesthetics,plushskinaesthetics.com,,,yes,no_email,https://plushskinaesthetics.com,medspa,,0
ME Wellness Care & Aesthetics,pmc-mewellnessaesthetics.provider-match.com,,,,no_email,https://pmc-mewellnessaesthetics.provider-match.com,vendor,,0
Elite Medspa and Wellness Center,pointandbalance.com,info@pointandbalance.com,info@pointandbalance.com,yes,no_peptides,https://pointandbalance.com,medspa,,0
Polished Skin,polishedskineugene.com,,,yes,no_email,https://polishedskineugene.com,medspa,,0
Polk Concierge Medical Group,polkconcierge.com,,,,no_email,,vendor,,0
Toxins at Tiffany's Med Spa,portraitcare.com,,,,no_email,https://portraitcare.com,medspa,GLP-1 weight loss peptides,4
POSH Aesthetics & Wellness,poshfortsmith.com,,,yes,no_email,https://poshfortsmith.com,medspa,glutathione,8
Posterity Health: Portland,posterityhealth.com,,,,unreachable,,,,
"Professional IV Fluid Therapy Services In Bedford, Texas",preferredprimarycare.org,info@preferredprimarycare.org,info@preferredprimarycare.org; info@preferredprimarycare.com,yes,no_peptides,https://preferredprimarycare.org,medspa,,0
Premier Dermatology & Cosmetic Surgery-Newark,premierdermde.com,info@premierdermde.com,infor@premierdermde.com; info@premierdermde.com,yes,no_peptides,https://premierdermde.com,medspa,,0
Renew Vitality Testosterone Clinic,premierintegrativehealthkc.com,,,,no_email,https://premierintegrativehealthkc.com,vendor,GLP-1 weight loss peptides,2
West Michigan's Premier IV Therapy,premiermdplus.com,,,yes,no_email,https://premiermdplus.com,medspa,kpv,2
Premier Men's Medical Center,premiermensmedical.com,,,,no_email,,vendor,,0
Prestige MedSpa,prestigemdspa.com,,,,no_email,,vendor,,0
Prestige Men's Medical Center,prestigemensmedical.com,,,,no_email,,vendor,,0
Pretty Please Aesthetics,prettypleaseaestheticswyo.com,,,,no_email,https://prettypleaseaestheticswyo.com,vendor,,0
PRIMALE HEALTH: Wellness & Performance,primalehealth.com,,,,no_email,,vendor,,0
Primary Laser Skincare,primarywalkinmedical.com,,,yes,no_email,https://primarywalkinmedical.com,medspa,GLP-1 weight loss peptides,2
Day Spa,primemedicalspa.com,,,,no_email,,vendor,,0
Prime Men's Medical Center,primemensmedical.com,,,,no_email,,vendor,,0
ChillRx Cryotherapy Princeton,princeton.chillcryo.net,,,yes,no_email,https://princeton.chillcryo.net,medspa,GLP-1 weight loss peptides,2
Rehydrate IV Infusion,princetonlongevitycenter.com,,,,no_email,,vendor,,0
Priority Men's Medical Center,prioritymensmedical.com,,,,no_email,,vendor,,0
"Prism Aesthetics, LLC",prismaestheticsllc.com,,,yes,no_email,https://prismaestheticsllc.com,medspa,,3
IV Therapy Eugene,proactivechoice.com,,,,unreachable,,,,
Profile MD by Laser Center of Maryland,profilemd.com,,,yes,no_email,https://profilemd.com,medspa,GLP-1 weight loss peptides,4
Pro Health Clinic,prohealthmemphis.com,,,,no_email,https://prohealthmemphis.com,medspa,"semaglutide, tirzepatide, bpc-157, nad+, ipamorelin, tesamorelin",21
Pro Health Services,prohealthservices.org,,,,no_email,,vendor,,0
"Infusion Therapy Clinic/Center in Rancho Palos Verdes, California",providerwire.com,,,,no_email,,vendor,,0
Parisian Spa Institute,psijax.edu,admissions@psijax.edu,admissions@psijax.edu,yes,no_peptides,https://psijax.edu,medspa,,0
Port St. Lucie Medical Wellness,pslwellness.com,,,,no_email,https://pslwellness.com,vendor,,0
PT Massage Inc.,ptmassage.com,,,,no_email,,vendor,,0
Pure Complexion Spa,purecomplexionspa.com,purecomplexionspa@gmail.com,purecomplexionspa@gmail.com,yes,no_peptides,https://purecomplexionspa.com,medspa,,0
"Pure Eco-Wellness Salon & Spa... Clean, Organic +Sustainable Beauty!",pureecosalonspa.com,,,,no_email,https://pureecosalonspa.com,vendor,,0
Pure Infusion Suites of Meridian,pureinfusionsuites.com,maddiejohnson@gmail.com,maddiejohnson@gmail.com,,no_us_signal,https://pureinfusionsuites.com,vendor,kpv,2
Restore Hyper Wellness,purelyskin4me.com,,,yes,no_email,https://purelyskin4me.com,medspa,nad+,2
Pure Relaxation Day Spa,purerelaxationdayspa.com,,,,unreachable,,,,
Pure Skin by Maggie,pureskinbymaggie.com,,,,unreachable,,,,
Pureverra,pureverra.com,info@pureverra.com,info@pureverra.com,yes,no_peptides,https://pureverra.com,medspa,,0
Purifi IV,purifiiv.com,info@purifiiv.com,suwanee@purifiiv.com; info@purifiiv.com,,no_us_signal,https://purifiiv.com,medspa,semaglutide,3
QC Kinetix (Doral),qckinetix.com,,,yes,no_email,https://qckinetix.com,medspa,,1
Quali-T Men's Health,quali-tmenshealth.com,,,yes,no_email,https://quali-tmenshealth.com,medspa,"semaglutide, tirzepatide, sermorelin",10
"Quality 1st Regenerative Health Solutions: Weight Loss, IV Hydration,",quality1stregenerativehealthsolutions.com,quality1strhs@gmail.com,quality1strhs@gmail.com,yes,already known,https://quality1stregenerativehealthsolutions.com,medspa,"semaglutide, tirzepatide, nad+, sermorelin, glutathione",11
Coastal Med Tech,quipthomemedical.com,,,,no_email,https://quipthomemedical.com,medspa,,0
Radiance Spa,radiance-by-riva.square.site,radiancebyriva@gmail.com,radiancebyriva@gmail.com,,no_peptides,https://radiance-by-riva.square.site,vendor,,0
Dr. J's Aesthetic Medicine,radiancemedspaatlanta.com,,,yes,no_email,https://radiancemedspaatlanta.com,medspa,"semaglutide, tirzepatide, retatrutide, nad+, glutathione",6
Radiance: Beautiful Skin,radianceoverlandpark.zoca.com,tara.radiancebeautifulskin@gmail.com,tara.radiancebeautifulskin@gmail.com,yes,no_peptides,https://radianceoverlandpark.zoca.com,medspa,,0
Radiance Medical Aesthetics and Wellness Spa,radiancevt.com,,,,no_email,,vendor,,0
Radiant Beauty & Health Brooklyn,radiantbeautyandhealth.com,,,,no_email,,vendor,,0
Radiant Health Center,radianthealtheugene.com,kayaskye@gmail.com,kayaskye@gmail.com; ginapancottinelmt@gmail.com; brittneystratton810@gmail.com; nikashort.lmt@gmail.com; equan8@gmail.com,yes,no_peptides,https://radianthealtheugene.com,medspa,,0
Radiant Reflections Weight Loss Clinic and MedSpa,radiantreflectionsms.com,,,yes,no_email,https://radiantreflectionsms.com,medspa,GLP-1 weight loss peptides,8
Radiant Skin,radiantskinindy.com,,,yes,no_email,https://radiantskinindy.com,medspa,GLP-1 weight loss peptides,5
Radiant Elements Medical Spa,radiantspafayetteville.zoca.com,,,,unreachable,,,,
Radiate Light Mobile IV Hydration Omaha,radiatelightnebraska.com,radiatelightivhydration@gmail.com,radiatelightivhydration@gmail.com,yes,already known,https://radiatelightnebraska.com,medspa,GLP-1 weight loss peptides,7
Rae Aesthetics and Wellness,raeaestheticsandwellness.com,,,yes,no_email,https://raeaestheticsandwellness.com,medspa,"semaglutide, tirzepatide, bpc-157, tb-500, thymosin beta-4, thymosin alpha-1",24
"Hydrate Medical, IV Hydration Raleigh",raleigh.hydratemedical.com,,,,no_email,,vendor,,0
The Aesthetics Lounge & Spa Raleigh,raleigh.theaestheticsloungeandspa.com,,,yes,no_email,https://raleigh.theaestheticsloungeandspa.com,medspa,"semaglutide, tirzepatide, nad+",5
Testosterone Replacement Therapy Specialists of North Carolina,raleighbotoxandlaser.com,,,yes,no_email,https://raleighbotoxandlaser.com,medspa,"semaglutide, tirzepatide",9
The Ranch Rejuvenation Center,ranchrejuvenationcenter.com,,,yes,no_email,https://ranchrejuvenationcenter.com,medspa,,0
Restore and Rejuvenate Hydration,randrhydration.com,,,,no_email,,vendor,,0
Reset Restore MD Ketamine Therapy Center,randrmd.com,,,yes,no_email,https://randrmd.com,medspa,,0
Ravive Health & Vitality,ravivevitality.com,,,,no_email,https://ravivevitality.com,vendor,,0
Re-Nu Aesthetics,re-nuaesthetics.com,,,yes,no_email,https://re-nuaesthetics.com,medspa,,1
Re-NU You Medspa,re-nuyoumedspa.com,,,yes,no_email,https://re-nuyoumedspa.com,medspa,"tb-500, thymosin alpha-1, nad+, ipamorelin, sermorelin, cjc-1295",14
Ready Testosterone and Men's Health Clinic,readymens.com,,,,no_email,https://readymens.com,medspa,"semaglutide, tirzepatide",2
ReBalanced Wellness Clinic Hapeville- Medical Weight Loss,rebalancedwellnessclinic.com,,,,no_email,,vendor,,0
RebalanceMED,rebalancemed.com,,,,no_email,,vendor,,0
Rebalance Massage & Bodywork,rebalancesd.com,,,yes,no_email,https://rebalancesd.com,medspa,,0
Recharge Medical,recharge.clinic,,,yes,no_email,https://recharge.clinic,medspa,"glutathione, semaglutide",4
Restore Hyper Wellness of Port Chester,referrizer-images.s3.us-east-2.amazonaws.com,,,,no_email,,vendor,,0
Refinement Day Spa,refinementdayspa.com,info@refinementdayspa.com,info@refinementdayspa.com,yes,no_peptides,https://refinementdayspa.com,medspa,,0
The Refinery Medspa & Wellness,refinerymedspa.com,,,yes,no_email,https://refinerymedspa.com,medspa,"semaglutide, tirzepatide",6
"IV Therapy & Vitamin Drip in Portage & St. Joseph, MI",reflectionsmedical1.gogroth.com,,,,unreachable,,,,
MV Aesthetics,reformemedicalspa.com,reformemedicalspa@gmail.com,reformemedicalspa@gmail.com,yes,already known,https://reformemedicalspa.com,medspa,semaglutide,3
Refresh Central,refreshcentral.com,,,,no_email,https://refreshcentral.com,medspa,,0
IV Vitamin Therapy And Injections,refreshedivt.com,dripnurse@refreshedivt.com,dripnurse@refreshedivt.com,yes,no_peptides,https://refreshedivt.com,medspa,,0
"Refresh Fremont- Testosterone, IV Hydration, Teeth Whitening, Lab Draw",refreshfremont.com,flowwithsydney@gmail.com,flowwithsydney@gmail.com,,no_peptides,https://refreshfremont.com,vendor,,0
i Spa,refreshmedspa.net,,,,no_email,https://refreshmedspa.net,medspa,,0
Timeless Med at The Refuge,refuge.timelessmed.com,info@timelessmed.com,info@timelessmed.com,yes,no_peptides,https://refuge.timelessmed.com,medspa,,0
Gameday Men's Health Vero Beach,regencen.com,,,yes,no_email,https://regencen.com,medspa,"semaglutide, tirzepatide, nad+",13
Regener8 Health and Wellness,regener8yourhealth.com,regener8yourhealth@gmail.com,regener8yourhealth@gmail.com,yes,already known,https://regener8yourhealth.com,medspa,"semaglutide, tirzepatide, sermorelin",5
Regenesis Stem Cell Center,regenesis.nyc3.cdn.digitaloceanspaces.com,,,,unreachable,,,,
Regeneveda Chicago,regeneveda.com,,,,no_email,,vendor,,0
Kentuckiana Integrative Medicine,regenmedky.com,,,yes,no_email,https://regenmedky.com,medspa,"semaglutide, glutathione",7
REGEN,regenvt.com,,,yes,no_email,https://regenvt.com,medspa,,0
Regenerative Wellness,regenwellnessca.com,info.regenwellness@gmail.com,info.regenwellness@gmail.com,yes,already known,https://regenwellnessca.com,medspa,"nad+, glutathione",6
Re-Hydrate Wellness IV Hydration,rehydratewellness.com,,,,unreachable,,,,
"Premier IV Therapy Coeur d'Alene, ID",reignitehealthnw.com,reignitehealthnw@gmail.com,reignitehealthnw@gmail.com,yes,already known,https://reignitehealthnw.com,medspa,"nad+, glutathione",7
IV Infusion Therapy & Vitamin Injections,rejuvcryo.com,rejuvcryo@gmail.com,rejuvcryo@gmail.com,yes,already known,https://rejuvcryo.com,medspa,"semaglutide, tirzepatide, retatrutide, bpc-157, thymosin alpha-1, nad+",27
Rejuvenate Restore Med Spa,rejuvenateatlanta.com,,,yes,no_email,https://rejuvenateatlanta.com,medspa,,0
KB GLAM and TAN,rejuvenatecolorado.com,,,yes,no_email,https://rejuvenatecolorado.com,medspa,,0
Rejuvenate Life and Wellness,rejuvenatelifeandwellness.com,,,yes,no_email,https://rejuvenatelifeandwellness.com,medspa,"bpc-157, tb-500, nad+, ipamorelin, sermorelin, cjc-1295",14
Rejuvenate U IV Therapy and Aesthetics,rejuvenateuct.com,,,,unreachable,,,,
Rejuvenate RX,rejuvenatewv.com,rejuvmedrx@gmail.com,rejuvmedrx@gmail.com,yes,already known,https://rejuvenatewv.com,medspa,"nad+, sermorelin, glutathione",7
Rejuvenation Nation,rejuvenation-nation.com,,,,no_email,https://rejuvenation-nation.com,vendor,,0
Good Health Acupuncture,rejuvenations-lv.com,rejuvenationscontact@gmail.com,rejuvenationscontact@gmail.com,yes,already known,https://rejuvenations-lv.com,medspa,GLP-1 weight loss peptides,4
Relaxology Salem (Relax-ology),relax-ology.com,,,,no_email,https://relax-ology.com,vendor,,0
Relive Tradition,relivetradition.com,,,yes,no_email,https://relivetradition.com,medspa,"semaglutide, tirzepatide",6
Relive Viera,reliveviera.com,,,yes,no_email,https://reliveviera.com,medspa,GLP-1 weight loss peptides,6
Integrated Medicine of Ohio,reluxmedspa.com,info@reluxmedspa.com,info@reluxmedspa.com,yes,no_peptides,https://reluxmedspa.com,medspa,,0
IV Hydration & Vitamin Therapy,remedyroompnw.com,,,,no_email,,vendor,,0
Removery Tattoo Removal & Fading,removery.com,pr@removery.com,pr@removery.com,yes,no_peptides,https://removery.com/contact-us,vendor,,0
Renew Health & Wellness: Weight loss & Hormone Optimization Clinic,renew662.com,hello@renew662.com,hello@renew662.com,yes,no_peptides,https://renew662.com,medspa,,0
RenewFX Health and Wellness,renewfx.com,,,yes,no_email,https://renewfx.com,medspa,sermorelin,9
IV Therapy,renewhealthwellnessnc.com,,,yes,no_email,https://renewhealthwellnessnc.com,medspa,"semaglutide, tirzepatide, retatrutide, nad+",18
Home,renewluxemedspa.com,,,,unreachable,,,,
Renew Health and Wellness of Richmond,renewmetoday.com,,,yes,no_email,https://renewmetoday.com,medspa,glutathione,4
Renu IV,renuiv.com,,,,no_email,,vendor,,0
Renu Medispa,renumedispa.com,,,yes,no_email,https://renumedispa.com,medspa,glutathione,5
Replenish IV by SPPS- Dearborn,replenishbyspps.com,,,,unreachable,,,,
"Rescue Me Wellness, LLC",rescuemewellness.com,,,yes,no_email,https://rescuemewellness.com,medspa,"semaglutide, tirzepatide, glutathione",5
Reserve Nails & Spa,reservenailsspamissoula.com,,,yes,no_email,https://reservenailsspamissoula.com,vendor,,0
RESET LASER CLINIC by Lavender Skincare Inc.,resetlaserclinic.com,,,,unreachable,,,,
Reset Wellness,resetwellnessrx.com,,,yes,no_email,https://resetwellnessrx.com,vendor,"semaglutide, tirzepatide, retatrutide, cagrilintide, bpc-157, tb-500",27
Restorative Health of Ohio,restorative-health.com,,,,unreachable,,,,
Restore Hyper Wellness,restore.com,,,yes,no_email,https://restore.com,medspa,"semaglutide, tirzepatide, nad+, glutathione",7
Restore Medical Spa,restorebydukecity.com,,,,no_email,https://restorebydukecity.com,medspa,,1
Boost Your Health: Infusion Therapy,restorehlc.com,hello@restorehlc.com,hello@restorehlc.com,yes,no_peptides,https://restorehlc.com,medspa,,0
Restore Wellness RGV,restorergv.com,restorewellnessrgv@gmail.com,restorewellnessrgv@gmail.com,yes,already known,https://restorergv.com,medspa,"semaglutide, tirzepatide",5
The Retreat Aesthetics & Vitality Center,retreattristate.com,info@retreattristate.com,info@retreattristate.com,yes,no_peptides,https://retreattristate.com,medspa,,0
Advanced Medical Aesthetics PLLC.,revealaestheticsandwellness.com,,,,unreachable,,,,
Reverza Aesthetic Medicine,reverza.com,glow@reverza.com,glow@reverza.com,yes,no_peptides,https://reverza.com,medspa,,0
Revibe Men's Health by Universal Men's Clinic,revibemenshealth.com,,,yes,no_email,https://revibemenshealth.com,medspa,GLP-1 weight loss peptides,5
Revive Health,reviiveaesthetics.com,,,,no_email,,vendor,,0
RevitaLife MD,revitalifemd.com,,,yes,no_email,https://revitalifemd.com,medspa,GLP-1 weight loss peptides,5
RevitaLife Medical & Spa,revitalifewellness.com,,,yes,no_email,https://revitalifewellness.com,medspa,glutathione,5
Revitalize Medical Spa,revitalizeplasticsmedspa.com,,,,no_email,,vendor,,0
Revival Massage Studio,revivalia.com,clair.lmt@gmail.com,clair.lmt@gmail.com,yes,no_peptides,https://revivalia.com,vendor,,0
Revival IV And Wellness Clinic,revivalivclinic.com,revivalivclinic@gmail.com,revivalivclinic@gmail.com,yes,no_peptides,https://revivalivclinic.com,medspa,,0
"Revive Wellness and Aesthetics, LLC",revive-mobilewellness29.my.canva.site,revive.mobilewellness@gmail.com,revive.mobilewellness@gmail.com,,no_peptides,https://revive-mobilewellness29.my.canva.site,medspa,,0
RevIVe+ Mobile IV Concierge LLC,revive2you.com,,,,no_email,https://revive2you.com,medspa,,1
Revive & Refresh Health,reviveandrefresh.health,,,yes,no_email,https://reviveandrefresh.health,vendor,,0
Revive & Thrive,reviveandthrivems.com,staff@reviveandthrivems.com,staff@reviveandthrivems.com,yes,no_peptides,https://reviveandthrivems.com,vendor,,0
Revive Pain Solutions Grand Rapids,revivegr.com,,,yes,no_email,https://revivegr.com,medspa,,3
Revive Infusion Clinic,reviveketamineclinic.com,,,,unreachable,,,,
Revive Low T Clinic,revivelowtclinic.pharmacy,,,yes,no_email,https://revivelowtclinic.pharmacy,medspa,"semaglutide, tirzepatide, pt-141",11
Revive MD Testosterone Clinic Of Austin,revivemdtestosteroneclinic.com,,,yes,no_email,https://revivemdtestosteroneclinic.com,medspa,,3
"Revive Medical Spa, LLC",revivemedicalspa.com,,,,no_email,https://revivemedicalspa.com,medspa,,0
IV Infusion Services,reviveorthopedicsandwellnessnj.com,,,,unreachable,,,,
RevIVe & Restore IV Hydration + Wellness Serving Michigan & SW Florida,reviverestorerepeat.com,reviveandrestoreivhydration@gmail.com,reviveandrestoreivhydration@gmail.com,yes,already known,https://reviverestorerepeat.com,medspa,"semaglutide, tirzepatide, retatrutide, cagrilintide, bpc-157, tb-500",19
Weston Family Clinic & Medical Spa,reviverxmedspa.com,reviverxmedspa@gmail.com,reviverxmedspa@gmail.com,yes,already known,https://reviverxmedspa.com,medspa,"semaglutide, tirzepatide",11
Revive Therapeutic Services,revivetherapeuticservices.com,admin@revivetherapeuticservices.com,admin@revivetherapeuticservices.com,yes,no_peptides,https://revivetherapeuticservices.com,medspa,,0
Revive Wellness Group,revivewellnessgroup.org,,,,no_email,,vendor,,0
Revive Wellness,revivewellnessla.com,,,,unreachable,,,,
"Rhij Aesthetics, LLC",rhijaesthetics.com,rhijaesthetics@gmail.com,rhijaesthetics@gmail.com,yes,no_peptides,https://rhijaesthetics.com,medspa,,0
Ripple Float and Wellness Center,ripplefloatandwellness.com,,,yes,no_email,https://ripplefloatandwellness.com,vendor,,0
RISE Modern Wellness,risemodernwellness.com,,,,no_email,,vendor,,0
Prime IV Hydration & Wellness,riseregenmed.com,,,,no_email,,vendor,,0
Rise Rejuvenation Center,riserejuvenationcenter.com,,,yes,no_email,https://riserejuvenationcenter.com,medspa,"semaglutide, tirzepatide, nad+",9
"Divine Bliss Spa, LLC & I Heart Real Estate, Realtor®",rivergatemedical.com,,,yes,no_email,https://rivergatemedical.com,medspa,,2
River Rolfer™,riverrolfer.com,,,,no_email,https://riverrolfer.com,vendor,,0
Optima Medical Spa,rjmedspa.com,rjmedspa07@gmail.com,rjmedspa07@gmail.com,yes,no_peptides,https://rjmedspa.com,medspa,,0
"Resolute Medical Care, LLC--Jared P. Muhati, Ph.D., CRNP",rmc.health,,,yes,no_email,https://rmc.health,medspa,,0
Royal Men's Medical Center Hormone Therapy,rmmcenter.com,,,,unreachable,,,,
Rejuvenation Medical Spa,rmsbydrz.com,,,yes,no_email,https://rmsbydrz.com,medspa,,0
R&N Wellness Lounge,rnwellnesslounge.com,,,,no_email,,vendor,,0
"IV Therapy in North Miami Beach, FL",rochelinmedical.com,,,,no_email,https://rochelinmedical.com,vendor,,0
Rock Star Mobile IV Therapy,rockstariv.com,,,yes,no_email,https://rockstariv.com,medspa,glutathione,2
Rocky Mountain Infusion Center,rockymountainmsclinic.com,,,yes,no_email,https://rockymountainmsclinic.com,medspa,,0
Rocky Mountain Hormone and Weight Loss Clinic,rockymountainweightlossclinic.com,,,yes,no_email,https://rockymountainweightlossclinic.com,medspa,glutathione,6
Root Functional Medicine,rootfunctionalmedicine.com,,,,no_email,https://rootfunctionalmedicine.com,vendor,"nad+, kpv",3
Rosalind Michelle Skin Co,rosalindmichelleskinco.com,,,yes,no_email,https://rosalindmichelleskinco.com,vendor,,0
IV Therapy Woodland Hills,rumimedicalclinic.com,,,yes,no_email,https://rumimedicalclinic.com,medspa,,1
RVA Med Spa,rvamedspa.com,hello@rvamedspa.com,hello@rvamedspa.com,yes,no_peptides,https://rvamedspa.com,medspa,,0
"RVA Regenerative Wellness: Jennylle Zanzi, FNP-C",rvaregenwellness.com,,,yes,no_email,https://rvaregenwellness.com,medspa,"semaglutide, tirzepatide",8
The DRIPBaR Rye,rye.thedripbar.com,,,,no_email,,vendor,,0
"Svetlana's Skin Secrets, LLC",s-skinsecrets.com,svetlanaskinsecrets@yahoo.com,svetlanaskinsecrets@yahoo.com,yes,no_peptides,https://s-skinsecrets.com,medspa,,0
S2G Medical Spa,s2gmedspa.com,,,yes,no_email,https://s2gmedspa.com,medspa,nad+,3
Southern Ketamine and Wellness,s3.amazonaws.com,,,,no_email,https://s3.amazonaws.com,vendor,,0
"Rapid Recovery with IV Therapy at Peak Concierge Care, Lone Tree, CO",s43932.pcdn.co,,,,no_email,https://s43932.pcdn.co,vendor,,0
Phone Plans & Best New Phones,s7d1.scene7.com,,,,unreachable,,,,
Vitamin IV Infusion Therapy,sa1s3optim.patientpop.com,,,,unreachable,,,,
Sach Aesthetics,sachaesthetics.com,info@sachaesthetics.com,info@sachaesthetics.com,yes,no_peptides,https://sachaesthetics.com,medspa,,0
Sacramento Naturopathic Medical Center,sacnd.com,,,yes,no_email,https://sacnd.com,medspa,,3
Saguaro Medi and Esthetic Spa,saguarospa.com,,,yes,no_email,https://saguarospa.com,medspa,GLP-1 weight loss peptides,3
The Aesthetics Lounge and Spa St. Joseph,saintjoseph.theaestheticsloungeandspa.com,,,yes,no_email,https://saintjoseph.theaestheticsloungeandspa.com,medspa,"bpc-157, tb-500, nad+, ghk-cu",11
Infusion Therapy and Treatment,salem.massgeneralbrigham.org,,,yes,no_email,https://salem.massgeneralbrigham.org,medspa,,0
Salon@31st Day Spa,salon31st.com,salon31st@gmail.com,salon31st@gmail.com,yes,no_peptides,https://salon31st.com,vendor,,0
Salon Oasis & Day Spa,salonoasisanddayspa.com,,,,no_email,,vendor,,0
SANDIA SKIN + FACE MEDICAL SPA,sandiaskinface.com,,,yes,no_email,https://sandiaskinface.com,medspa,semaglutide,1
Live Wellness,sanna-wellness.com,info@sanna-wellness.com,info@sanna-wellness.com,yes,no_peptides,https://sanna-wellness.com,vendor,,0
Santa Clara NAD+ Center,santa-clara.nad-iv-therapy.com,,,,unreachable,,,,
"Sapphire Advanced Aesthetics: Leslie Smith, D.O.",sapphireadvancedaesthetics.com,,,yes,no_email,https://sapphireadvancedaesthetics.com,medspa,,0
"IV & Wellness Therapy in Casper, WY",sapphirewellnesswyo.com,sapphirehealthwellness@gmail.com,sapphirehealthwellness@gmail.com,,no_us_signal,https://sapphirewellnesswyo.com,medspa,nad+,5
Satori Skin & Body Center,satoriskinandbodycenter.com,,,yes,no_email,https://satoriskinandbodycenter.com,medspa,,0
Savant Beauty Spa,savantbeautyspa.glossgenius.com,,,,no_email,https://savantbeautyspa.glossgenius.com,medspa,GLP-1 weight loss peptides,2
Mobile IV Therapy in Oklahoma City,savinggraceokc.com,,,yes,no_email,https://savinggraceokc.com,medspa,,0
Scalp Headquarters LLC,scalphqkc.net,scalphqkc@gmail.com,scalphqkc@gmail.com,yes,no_peptides,https://scalphqkc.net,medspa,,0
SCBB Day Spa,scbbdayspa.glossgenius.com,,,,no_email,https://scbbdayspa.glossgenius.com,medspa,GLP-1 weight loss peptides,2
Scientific Male,scientificmale.com,drlabuz@scientificmale.com,drlabuz@scientificmale.com,yes,no_peptides,https://scientificmale.com,medspa,,0
The Dripbar,seacoastlately.com,hello@seacoastlately.com,hello@seacoastlately.com,yes,no_peptides,https://seacoastlately.com,vendor,,0
Dr. Sean Doherty,seandohertymd.com,,,yes,no_email,https://seandohertymd.com,medspa,semaglutide,2
Seattle Facialist,seattlefacialist.com,,,yes,no_email,https://seattlefacialist.com,vendor,,0
Seattle Integrative Hormone & Thyroid Clinic,seattleintegrativeclinic.com,,,,no_email,,vendor,,0
Sadowski Aesthetics & Laser,seattlelashlift.com,sadowskiaesthetics@gmail.com,sadowskiaesthetics@gmail.com,yes,no_peptides,https://seattlelashlift.com,medspa,,0
eCure,secure.gethealthie.com,,,,no_email,,vendor,,0
SeeBeyond Medicine,seebeyondmedicine.com,,,yes,no_email,https://seebeyondmedicine.com,medspa,"semaglutide, nad+, ipamorelin, tesamorelin, cjc-1295, glutathione",11
Southeastern Health & Wellness Institute,sehealthandwellnessinstitute.com,,,yes,no_email,https://sehealthandwellnessinstitute.com,medspa,,0
Serenity Aesthetic Care Medical Spa,serenitycaremedspa.com,kimberly@serenitycaremedspa.com,kimberly@serenitycaremedspa.com,,no_peptides,https://serenitycaremedspa.com,medspa,,0
Serenity Esthetics,serenityesthetics4u.square.site,,,,no_email,,vendor,,0
Serenity Wellness IV,serenityivwellnessnurse.com,,,,no_email,,vendor,,0
Serving Faces,servingfacescharlotte.com,,,,no_email,https://servingfacescharlotte.com,vendor,,0
The Beauty Pro,sfbeautypro.com,info@sfbeautypro.com,info@sfbeautypro.com; ninfo@sfbeautypro.com,,no_peptides,https://sfbeautypro.com,vendor,,0
Shamrock Medicine,shamrockmedicine.com,,,,no_email,,vendor,,0
"SHarper Surgery, MedSpa + Salt Lounge",sharpersurgery.com,inquiries@sharpersurgery.com,inquiries@sharpersurgery.com,yes,no_peptides,https://sharpersurgery.com,medspa,,0
ShinebySheree,shinebysheree.net,,,,unreachable,,,,
Sigma Health,sigma-life.com,,,,unreachable,,,,
Signal Skin Science,signalskinscience.com,signalbeauty@gmail.com,signalbeauty@gmail.com,yes,no_peptides,https://signalskinscience.com,medspa,,0
Silhouette Medical Spa,silhouette-medspa.com,silhouettebydavery@gmail.com,silhouettebydavery@gmail.com,yes,no_peptides,https://silhouette-medspa.com,medspa,,0
Simple IV Infusion Therapy,simpleivsolutions.com,,,,no_email,,vendor,,0
Simplicity Laser,simplicitylaser.com,,,yes,no_email,https://simplicitylaser.com,vendor,,0
Simply Facials,simplyfacials.com,,,yes,no_email,https://simplyfacials.com,medspa,,0
Simply Health Integrated Medical,simplyhealthintegrated.com,simplyhealth@outlook.com,simplyhealth@outlook.com,yes,already known,https://simplyhealthintegrated.com,medspa,GLP-1 weight loss peptides,8
Simply Skin by Tina,simplyskinbytina.com,,,yes,no_email,https://simplyskinbytina.com,vendor,,0
New downtown IV clinic specializes in mobile service,siouxfalls.business,,,,no_email,https://siouxfalls.business,vendor,kpv,1
"Skin House, Dr. Christina Barbat",skin-house.com,,,,unreachable,,,,
Skin Mix,skin-mix.com,hello@skin-mix.com,hello@skin-mix.com,yes,no_peptides,https://skin-mix.com,medspa,,0
Skin10 Med Spa,skin10spa.com,,,,no_email,,vendor,,0
Charcoal Medical Lounge,skinandmassagespabybella.com,,,,no_email,https://skinandmassagespabybella.com,vendor,,0
Skinbiotic Med Spa,skinbioticmedspa.com,,,,no_email,,vendor,,0
Skin Body Soul,skinbodysoul.com,desmoines@skinbodysoul.com,desmoines@skinbodysoul.com; ankeny@skinbodysoul.com,yes,no_peptides,https://skinbodysoul.com,medspa,,0
Skin By Shara Aesthetics,skinbyshara.com,,,,no_email,https://skinbyshara.com,vendor,,0
Skin By Zana,skinbyzana.com,,,yes,no_email,https://skinbyzana.com,medspa,,0
Skincare By Amy Peterson,skincarebyamypeterson.com,concierge@skincarebyamypeterson.com,concierge@skincarebyamypeterson.com,yes,no_peptides,https://skincarebyamypeterson.com,medspa,,0
Skin Care Institute,skincareinstitute.net,,,yes,no_email,https://skincareinstitute.net,medspa,,0
Skincare Lounge SPA,skincareloungespa.com,team@skincareloungespa.com,team@skincareloungespa.com,yes,no_peptides,https://skincareloungespa.com,medspa,,0
Skincare Medical Aesthetics,skincaremedical.org,reema@skincaremedical.org,reema@skincaremedical.org,yes,no_peptides,https://skincaremedical.org,medspa,,0
SkinCare MT,skincaremt.com,,,yes,no_email,https://skincaremt.com,medspa,,0
Skincare Wellness Spa,skincarewellnesspa.com,,,,no_email,https://skincarewellnesspa.com,vendor,,0
THE SKIN CLINIC MED SPA,skinclinicmedspa.com,skinclinic@skinclinicmedspa.com,skinclinic@skinclinicmedspa.com,yes,no_peptides,https://skinclinicmedspa.com,medspa,,0
SkinClinic NW,skinclinicnw.com,,,,unreachable,,,,
Skinclub Wellness Center & Med Spa,skinclubla.us,,,,no_email,https://skinclubla.us,medspa,,0
Skincredible,skincredible.com,frontdesk@skincredible.com,frontdesk@skincredible.com,yes,no_peptides,https://skincredible.com,medspa,,0
Skindale Medspa,skindalemedspa.com,,,,no_email,https://skindalemedspa.com,medspa,,0
Skin Deep NYC,skindeepnyc.com,,,yes,no_email,https://skindeepnyc.com,medspa,,0
Skin Deep Medical Aesthetics,skindeepvt.com,,,yes,no_email,https://skindeepvt.com,medspa,,0
Skin! Medical Aesthetics,skindenver.co,contact@skindenver.co,appointments@skindenver.co; contact@skindenver.co,yes,no_peptides,https://skindenver.co,medspa,,0
Skin Envy Austin- Central,skinenvyaustin.com,,,yes,no_email,https://skinenvyaustin.com,medspa,"semaglutide, tirzepatide",8
Skin Essentials Luxury Med Spa,skinessentialsluxurymedspa.com,,,yes,no_email,https://skinessentialsluxurymedspa.com,medspa,tirzepatide,6
Skin Essentials Aesthetics & Lasers,skinessentialstn.com,contact@skinessentialstn.com,contact@skinessentialstn.com,yes,no_peptides,https://skinessentialstn.com,medspa,,0
Skinetica Med Spa,skineticamedspa.com,info@skineticamedspa.com,info@skineticamedspa.com,yes,no_peptides,https://skineticamedspa.com,medspa,,0
Skin Fix Med Spa,skinfixmedspa.com,,,yes,no_email,https://skinfixmedspa.com,medspa,GLP-1 weight loss peptides,2
Skin Form Aesthetics,skinform-aesthetics.com,info@skinform-aesthetics.com,info@skinform-aesthetics.com,yes,no_peptides,https://skinform-aesthetics.com,medspa,,0
Skinful Aesthetics,skinfulaesthetics.com,,,yes,no_email,https://skinfulaesthetics.com,medspa,GLP-1 weight loss peptides,3
SkinFX Medical Spa,skinfxmedicalspa.com,,,,no_email,https://skinfxmedicalspa.com,medspa,,0
Skin Habit,skinhabit.com,info@skinhabit.com,info@skinhabit.com,yes,no_peptides,https://skinhabit.com,medspa,,0
Skin Harmonics,skinharmonics.com,danny@skinharmonics.com,danny@skinharmonics.com,yes,no_peptides,https://skinharmonics.com,medspa,,0
Skin Haven Cosmetic Clinic,skinhavenclinic.co,hello@skinhavenclinic.com,hello@skinhavenclinic.com,,no_peptides,https://skinhavenclinic.co,medspa,,0
SkinHealth Centers Med Spa Boston,skinhealthcenters.com,,,yes,no_email,https://skinhealthcenters.com,medspa,semaglutide,2
Skin Healthy Medspa and Wellness Center,skinhealthymedspa.com,,,yes,no_email,https://skinhealthymedspa.com,medspa,"semaglutide, tirzepatide",4
Skin Healthy Miami,skinhealthymiami.com,,,,unreachable,,,,
SKIN.Theory Houston (formerly SKN),skinhoustontx.com,,,yes,no_email,https://skinhoustontx.com,medspa,semaglutide,1
SKIN INSTITUTE OF AESTHETICS WELLNESS AND CONCIERGE,skininstitue.com,,,,unreachable,,,,
Skin IQ,skiniqmedspa.com,,,,no_email,https://skiniqmedspa.com,medspa,,0
Skinkind Facial Retreat,skinkind.com,,,,no_email,https://skinkind.com/about,vendor,,0
SkinCeuticals SkinLab Santa Monica by Cavendish Clinic,skinlab-la.com,hello@skinlab-la.com,hello@skinlab-la.com,yes,no_peptides,https://skinlab-la.com,medspa,,0
SkinLab NYC,skinlab-nyc.com,,,yes,no_email,https://skinlab-nyc.com,medspa,,0
SkinLab Laser Aesthetics & Wellness,skinlab.net,,,,no_email,,vendor,,0
Skin Lab Med Spa,skinlabmed.com,info@skinlabmed.com,info@skinlabmed.com,,no_peptides,https://skinlabmed.com,medspa,,0
SkinCeuticals SkinLab Miami by Barba Skin Clinic,skinlabmiami.com,,,yes,no_email,https://skinlabmiami.com,medspa,,0
Skin laboratory,skinlaboratory.org,,,,no_email,https://skinlaboratory.org,vendor,,0
Skinlicious Laser & Aesthetics,skinliciouslaser.com,skinliciouslaser@gmail.com,skinliciouslaser@gmail.com,yes,no_peptides,https://skinliciouslaser.com,medspa,,0
SkinLocal Orlando,skinlocalorlando.com,,,,no_email,,vendor,,0
Skinlogicx,skinlogicx.com,skinlogicx@gmail.com,skinlogicx@gmail.com; %20skinlogicx@gmail.com,yes,no_peptides,https://skinlogicx.com,medspa,,0
SKINLUXE Cleveland,skinluxecle.com,asiaskinluxe@yahoo.com,asiaskinluxe@yahoo.com,yes,no_peptides,https://skinluxecle.com,medspa,,0
SKIN Las Vegas Med Spa,skinlv.com,info@skinlv.com,info@skinlv.com,yes,no_peptides,https://skinlv.com,medspa,,0
Skin Matrx Integrated Beauty Solutions,skinmatrx.com,,,yes,no_email,https://skinmatrx.com,medspa,,0
SkinMD Boston,skinmd1.com,,,yes,no_email,https://skinmd1.com,medspa,"nad+, sermorelin, glutathione",10
SKIN MD Medspa,skinmdmichigan.com,skinmdmichigan@gmail.com,skinmdmichigan@gmail.com,yes,no_peptides,https://skinmdmichigan.com,medspa,,0
Skin Medical Spa in San Diego,skinmedicalsd.com,mailtoskinmedicalsd@gmail.com,mailtoskinmedicalsd@gmail.com; skinmedicalsd@gmail.com; skinmedical.missionbay@gmail.com,yes,already known,,medspa,glutathione,1
SKIN Medical Spa,skinmedicalspa.com,frontdesk@skinmedicalspa.com,frontdesk@skinmedicalspa.com,yes,no_peptides,https://skinmedicalspa.com,medspa,,0
Skin MPLS,skinmpls.com,info@skinmpls.com,info@skinmpls.com; contact@skinmpls.com; u003econtact@skinmpls.com,yes,no_peptides,https://skinmpls.com,medspa,,0
Skin Muse Aesthetics,skinmuseaesthetics.com,skinmuseclt@gmail.com,skinmuseclt@gmail.com,yes,no_peptides,https://skinmuseaesthetics.com,medspa,,0
Skinnovation,skinnovation.care,appointments@skinnovation.care,appointments@skinnovation.care,yes,no_peptides,https://skinnovation.care,medspa,,0
Skin NV Med Spa Odessa,skinnv.com,info@skinnv.com,info@skinnv.com,yes,no_peptides,https://skinnv.com,medspa,,0
"Skin Oasis Dermatology: Katina Miles, MD, FAAD",skinoasisderm.com,hello@skinoasisderm.com,hello@skinoasisderm.com,yes,no_peptides,https://skinoasisderm.com,medspa,,0
Skinography Medical Spa,skinographyla.com,,,,unreachable,,,,
Skinology MedSpa,skinologymedspany.com,info@skinologymedspany.com,info@skinologymedspany.com; mimi@skinologymedspany.com,yes,no_peptides,https://skinologymedspany.com,medspa,,0
Skin on Market,skinonmarket.com,info@skinonmarket.com,info@skinonmarket.com,yes,no_peptides,https://skinonmarket.com,medspa,,0
Skinovate Med Spa,skinovatemedspa.com,,,yes,no_email,https://skinovatemedspa.com,medspa,,1
Skinovation Medspa,skinovationmedspa.com,,,,unreachable,,,,
SkinPerfected,skinperfected.com,support@skinperfected.com,support@skinperfected.com,yes,no_peptides,https://skinperfected.com,medspa,,0
Skin Radiance Med Spa,skinradiancemedspa.com,,,yes,no_email,https://skinradiancemedspa.com,medspa,,0
Skin Reflections Medical Spa,skinreflectionsmed.com,,,yes,no_email,https://skinreflectionsmed.com,medspa,,0
Skin Rehab Beverly Hills,skinrehabbeverlyhills.com,care@skinrehabbeverlyhills.com,care@skinrehabbeverlyhills.com,yes,no_peptides,https://skinrehabbeverlyhills.com,vendor,,0
"Skin Rejuvenation Clinique, Inc.",skinrejuvenation.com,info@skinrejuvenation.com,info@skinrejuvenation.com,,no_us_signal,https://skinrejuvenation.com,medspa,,1
Skin Rejuvenation Clinic PA,skinrejuvenationclinic.net,,,yes,no_email,https://skinrejuvenationclinic.net,medspa,GLP-1 weight loss peptides,3
Skin Rejuve NYC,skinrejuvenyc.glossgenius.com,skinrejuvenyc@gmail.com,skinrejuvenyc@gmail.com,yes,no_peptides,https://skinrejuvenyc.glossgenius.com,medspa,,0
Skin Religion Medical Spa,skinreligionmedspa.com,info@skinreligionmedspa.com,info@skinreligionmedspa.com,yes,no_peptides,https://skinreligionmedspa.com,medspa,,0
Skin Renew MediSpa,skinrenewclinic.com,,,yes,no_email,https://skinrenewclinic.com,medspa,,0
EMperfected Beauty,skinrnstxk.com,skinrnstxk@gmail.com,skinrnstxk@gmail.com,yes,already known,https://skinrnstxk.com,medspa,semaglutide,2
SkinSational MedSpa,skinsationalep.com,,,yes,no_email,https://skinsationalep.com,medspa,,0
Skinsational Laser and Liposculpture Center by Dr. Luciano,skinsationallasercenter.com,,,yes,no_email,https://skinsationallasercenter.com,medspa,semaglutide,1
Skinsation OC,skinsationoc.com,info@skinsationoc.com,info@skinsationoc.com,yes,no_peptides,https://skinsationoc.com,medspa,,0
Skinsations Med Spa,skinsations.care,support@skinsations.care,support@skinsations.care,yes,no_peptides,https://skinsations.care,medspa,,0
Skin Savvy Medical Spa,skinsavvy.com,dreamteam@skinsavvy.com,dreamteam@skinsavvy.com,yes,no_peptides,https://skinsavvy.com,medspa,,0
Skin Savvy Aesthetics Med Spa,skinsavvyaesthetics.com,,,,unreachable,,,,
Skin Savvy,skinsavvyrx.com,,,,unreachable,,,,
Skinscapes,skinscapes.com,hello@skinscapes.com,hello@skinscapes.com,yes,no_peptides,https://skinscapes.com,medspa,,0
SkinScience Medical Aesthetics,skinsciencemedicalspa.com,,,yes,no_email,https://skinsciencemedicalspa.com,medspa,,0
Skin Secret,skinsecretaesthetics.com,info@skinsecretaesthetics.com,info@skinsecretaesthetics.com,yes,no_peptides,https://skinsecretaesthetics.com,medspa,,0
Skin Select,skinselect.com,hello@skinselect.com,hello@skinselect.com,yes,no_peptides,https://skinselect.com,medspa,,0
Skin Solutions Collective,skinsolutions.co,hello@skinsolutions.co,hello@skinsolutions.co,yes,no_peptides,https://skinsolutions.co,medspa,,0
Skin Solution SF Acne Clinic,skinsolutionsf.com,info@skinsolutionsf.com,info@skinsolutionsf.com; skinsolutionsf@gmail.com,yes,no_peptides,https://skinsolutionsf.com,medspa,,0
Su Sun Hwa Massage,skinsolutionsvt.com,,,yes,no_email,https://skinsolutionsvt.com,vendor,,0
Skin Spa by Dr Kia,skinspabydrkia.com,,,yes,no_email,https://skinspabydrkia.com,medspa,ghk-cu,1
SkinSpaMED,skinspamed.com,marie@skinspamed.com,marie@skinspamed.com,yes,no_peptides,https://skinspamed.com,medspa,,0
Skinspire Laser&Skin Clinic 久时美黛医美中心,skinspireca.com,info@skinspireca.com,info@skinspireca.com,,no_peptides,https://skinspireca.com,vendor,,0
SkinSplendid,skinsplendid.com,info@skinsplendid.com,info@skinsplendid.com,yes,no_peptides,https://skinsplendid.com,medspa,,0
Skin Story Med Spa,skinstorymedspa.com,skinstorymedspa@gmail.com,skinstorymedspa@gmail.com,yes,no_peptides,https://skinstorymedspa.com,medspa,,0
The Skin Studio Medical Spa,skinstudiomedicalspa.com,,,,no_email,https://skinstudiomedicalspa.com/about,medspa,GLP-1 weight loss peptides,2
Skin Studio,skinstudioorlando.com,amy@skinstudioorlando.com,amy@skinstudioorlando.com,yes,no_peptides,https://skinstudioorlando.com,medspa,,0
Skin Synthesis Clinic & Spa,skinsynthesis.com,info@skinsynthesis.com,info@skinsynthesis.com,yes,no_peptides,https://skinsynthesis.com,medspa,,0
Skintegrity MedSpa,skintegritymedspa.com,info@skintegritymedspa.com,info@skintegritymedspa.com,yes,no_peptides,https://skintegritymedspa.com,medspa,,0
Skin Therapeutics Med Spa,skintherapeutics.com,,,,no_email,,vendor,,0
Skin Therapy KC,skintherapykc.com,,,,no_email,https://skintherapykc.com,vendor,,0
Skin Thesis,skinthesisinc.com,info@skinthesisinc.com,info@skinthesisinc.com,yes,no_peptides,https://skinthesisinc.com,medspa,,0
SkinTight Aesthetics,skintightaesthetics.com,,,yes,no_email,https://skintightaesthetics.com,medspa,"bpc-157, tb-500, nad+, cjc-1295, mots-c, epithalon",9
Skin Tight Aesthetics & Wellness,skintightaestheticsandwellness.com,,,yes,no_email,https://skintightaestheticsandwellness.com,medspa,,1
Skin Tight MedSpa Acton,skintightmedicalspa.com,,,,no_email,,vendor,,0
SkinTight MedSpa,skintightmedspa.com,info@skintightmedspa.com,info@skintightmedspa.com,yes,no_peptides,https://skintightmedspa.com,medspa,,0
Skintique Del Mar,skintiquedelmar.com,skintiquedelmar@gmail.com,skintiquedelmar@gmail.com,yes,no_peptides,https://skintiquedelmar.com,medspa,,0
"Polson, Esthetician, Facials, Skincare, IV Therapy, Spray Tan, Wax ...",skintiquepolson.com,,,,no_email,https://skintiquepolson.com,medspa,,1
SkinVana Medspa,skinvanamedspa.com,,,yes,no_email,https://skinvanamedspa.com,medspa,"semaglutide, tirzepatide, glutathione",9
Skin Verse Medical Spa,skinversemedspa.com,info@skinversemedspa.com,info@skinversemedspa.com,yes,no_peptides,https://skinversemedspa.com,medspa,,0
Four Seasons Dermatology,skinvt.com,contact@skinvt.com,contact@skinvt.com,yes,no_peptides,https://skinvt.com,medspa,,0
Skinwerx,skinwerx.com,,,yes,no_email,https://skinwerx.com,medspa,,0
SkinWise Rx,skinwiserx.com,info@skinwiserx.com,info@skinwiserx.com,yes,no_peptides,https://skinwiserx.com,medspa,,0
SKN Aesthetics,sknaestheticsabq.com,,,yes,no_email,https://sknaestheticsabq.com,medspa,,0
SKN Medical Spa,sknmedicalspa.com,,,,no_email,https://sknmedicalspa.com,medspa,,0
SkyBalance MedSpa,skybalancemedspa.com,skybalancemedspa@gmail.com,skybalancemedspa@gmail.com,yes,already known,https://skybalancemedspa.com,medspa,"semaglutide, nad+, glutathione",7
Skyn 32 Aesthetics Studio,skyn32studio.com,,,yes,no_email,https://skyn32studio.com,medspa,,0
Skynculture,skynculture.com,,,,no_email,https://skynculture.com,vendor,,0
Skyn Lab Med Spa,skynlabdallas.com,,,yes,no_email,https://skynlabdallas.com/contact-us,medspa,"nad+, glutathione",7
Skyy Med Spa,skyymedspa.net,,,,unreachable,,,,
SLC Med Spa,slcmedspa.com,,,yes,no_email,https://slcmedspa.com,medspa,tirzepatide,3
Sleek Aesthetics Medspa-Dallas,sleek-aesthetics.com,,,yes,no_email,https://sleek-aesthetics.com,medspa,,0
The Med Spa,slhn.org,,,yes,no_email,https://slhn.org,medspa,,0
Slim Glow Medical,slimglowmedical.com,,,,no_email,https://slimglowmedical.com,vendor,,0
SlimNGlow Studio,slimnglowstudio.com,,,yes,no_email,https://slimnglowstudio.com,medspa,,0
SLK Aesthetic Medicine,slkclinic.com,hello@slkclinic.com,hello@slkclinic.com,yes,no_peptides,https://slkclinic.com,medspa,,0
Sloan Aesthetics + Wellness,sloanaestheticsandwellness.com,,,yes,no_email,https://sloanaestheticsandwellness.com,medspa,"tirzepatide, sermorelin",10
Sloane's Beauty Bar & Medspa North Loop,sloanesbeautybar.com,info@sloanesbeautybar.com,info@sloanesbeautybar.com; info50@sloanesbeautybar.com; info44@sloanesbeautybar.com; infoeb@sloanesbeautybar.com; nolo@sloanesbeautybar.com,yes,no_peptides,https://sloanesbeautybar.com,medspa,,0
Smiley Aesthetics Medical Spa,smileyaesthetics.com,,,yes,no_email,https://smileyaesthetics.com,medspa,GLP-1 weight loss peptides,4
Smith Plastic Surgery,smithsurgery.com,info@smithsurgery.com,info@smithsurgery.com,yes,no_peptides,https://smithsurgery.com,medspa,,0
Smooch Aesthetics,smoochaesthetics.com,info@smoochaesthetics.com,info@smoochaesthetics.com,yes,no_peptides,https://smoochaesthetics.com,medspa,,0
SMOOTH SKIN LOUNGE,smoothskinlounge.com,,,yes,no_email,https://smoothskinlounge.com,medspa,glutathione,2
Snatched Body Recovery House,snatchedbodyrecoveryhouse.com,,,yes,no_email,https://snatchedbodyrecoveryhouse.com,medspa,,0
Sneed MediSpa,sneedmedispa.com,sneedmedspa@gmail.com,sneedmedspa@gmail.com,yes,already known,https://sneedmedispa.com,medspa,glutathione,4
Soda City Aesthetics,sodacityaesthetics.glossgenius.com,,,,no_email,https://sodacityaesthetics.glossgenius.com,medspa,GLP-1 weight loss peptides,2
SoFlowIV,soflowiv.com,,,,unreachable,,,,
Soft Aesthetics SkinCare Clinic,softaestheticsskincare.com,info@softaestheticsskincare.com,anapbm@gmail.com; info@softaestheticsskincare.com,yes,no_peptides,https://softaestheticsskincare.com,medspa,,0
SOHO Wellness & Med Spa,soho-wellness.com,,,,no_email,,vendor,,0
Solace Day Spa,solacedayspa.net,lovesolacedayspa@gmail.com,lovesolacedayspa@gmail.com,yes,no_peptides,https://solacedayspa.net,vendor,,0
Solace Med Spa,solacemedspa.net,,,yes,no_email,https://solacemedspa.net,medspa,GLP-1 weight loss peptides,4
Soleil Hydration & Spa,soleilhydrationandspa.com,,,yes,no_email,https://soleilhydrationandspa.com,medspa,semaglutide,2
Soleil Medical & Beauty SPA,soleilmedicalspapdx.com,,,yes,no_email,https://soleilmedicalspapdx.com,medspa,"nad+, glutathione",2
Sol Skin Studio,solskinstudio.com,,,,no_email,https://solskinstudio.com,vendor,,0
Solstice Med Spa,solsticemedspa.com,,,yes,no_email,https://solsticemedspa.com,medspa,,0
Soluma Aesthetics® Med Spa,solumaaesthetics.com,,,yes,no_email,https://solumaaesthetics.com,medspa,,0
SOM Aesthetics,som.md,,,yes,no_email,https://som.md,medspa,"semaglutide, tirzepatide, nad+",12
SOMA Med Spa & Wellness Clinic,somadsm.com,,,yes,no_email,https://somadsm.com,medspa,tirzepatide,5
Soma Medical Spa,somamedspa.com,info@somamedspa.com,info@somamedspa.com,yes,no_peptides,https://somamedspa.com/contact,medspa,,0
Soma Novo,somanovo.com,somanovo@gmail.com,somanovo@gmail.com,yes,no_peptides,https://somanovo.com,medspa,,0
Southern Oregon Medical Aesthetics,somedicalaesthetics.com,joyce@somedicalaesthetics.com,joyce@somedicalaesthetics.com,yes,no_peptides,https://somedicalaesthetics.com,medspa,,0
Sona MedSpa of Charlotte,sonaderm.com,,,yes,no_email,https://sonaderm.com,medspa,,0
Sonder State Aesthetics,sonderstateaesthetics.com,info@sonderstateaesthetics.com,info@sonderstateaesthetics.com,yes,no_peptides,https://sonderstateaesthetics.com,medspa,,0
Soothe Medical Aesthetics,soothemed.com,info@soothemed.com,info@soothemed.com,yes,no_peptides,https://soothemed.com,medspa,,0
SOS Medical Aesthetic,sosmedicalaesthetic.com,,,yes,no_email,https://sosmedicalaesthetic.com,medspa,,0
Soulage Wellness & Aesthetic Center,soulagemedspa.com,,,yes,no_email,https://soulagemedspa.com,medspa,"semaglutide, tirzepatide",4
Sound Shapes Med Spa,sound-shapes.com,,,,unreachable,,,,
Sousan Med Spa,sousanmedspahouston.net,,,yes,no_email,https://sousanmedspahouston.net,medspa,,0
South Gate NAD+ Center,south-gate.nad-iv-therapy.com,,,,unreachable,,,,
Southeast Aesthetic + Wellness,southeastaestheticandwellness.com,,,yes,no_email,https://southeastaestheticandwellness.com,medspa,"semaglutide, tirzepatide, retatrutide, bpc-157, tb-500, nad+",22
Southern Aesthetics,southernaesthetics.com,customerservice@southernaesthetics.com,customerservice@southernaesthetics.com,yes,no_peptides,https://southernaesthetics.com,medspa,,0
"Southern Surgical Arts beauty Bar Inman Park, GA",southernsurgicalarts.com,,,yes,no_email,https://southernsurgicalarts.com,medspa,,0
Southern Vanity Medical Spa,southernvanity.us,,,,unreachable,,,,
South Lake Med Spa,southlakemedspatahoe.com,,,,unreachable,,,,
SoVous,sovous.com,hello@sovous.com,hello@sovous.com,yes,no_peptides,https://sovous.com,medspa,,0
Living Sweet,sp-ao.shortpixel.ai,,,,no_email,https://sp-ao.shortpixel.ai,vendor,,0
Spa 35 Med Spa,spa35.com,betterskin@spa35.com,betterskin@spa35.com,yes,already known,https://spa35.com,medspa,semaglutide,11
Spa Apsara,spaapsarafircrest.zoca.com,,,yes,no_email,https://spaapsarafircrest.zoca.com,medspa,,0
Spa Ashton,spaashton.com,,,yes,no_email,https://spaashton.com,medspa,,0
Spa At Briarcliff,spaatbriarcliff.com,amanda@spaatbriarcliff.com,amanda@spaatbriarcliff.com,yes,no_peptides,https://spaatbriarcliff.com,vendor,,0
La Azul Day Spa,spaazul.com,azuldayspa2021@gmail.com,azuldayspa2021@gmail.com,yes,no_peptides,https://spaazul.com,medspa,,0
SPA BLISS & BODY SCULPTING,spablissbychris.com,,,,no_email,https://spablissbychris.com,vendor,,0
Spa Blue,spabluejerseycity.com,hello@spabluejerseycity.com,hello@spabluejerseycity.com; spablue280@gmail.com,yes,no_peptides,https://spabluejerseycity.com,medspa,,0
Spa elysium,spaelysiumhnl.com,,,,no_email,,vendor,,0
Spa At Fort Smith,spafortsmith.com,,,,no_email,,vendor,,0
Spalani,spalani.com,massagebyhiromi@gmail.com,massagebyhiromi@gmail.com,yes,no_peptides,https://spalani.com,medspa,,0
Spa Luxe,spaluxe.com,,,,no_email,,vendor,,0
Spa MD,spamd.net,,,,no_email,,vendor,,0
Spa Medical,spamedical.com,,,yes,no_email,https://spamedical.com,medspa,,0
Spa Radiance Medical,sparadiancemedical.com,guestservices@sparadiancemedical.com,guestservices@sparadiancemedical.com,yes,no_peptides,https://sparadiancemedical.com,medspa,,0
Spark Med Spa,sparkmobilemedspa.com,sparkmobilemed@gmail.com,sparkmobilemed@gmail.com,yes,already known,https://sparkmobilemedspa.com,medspa,"semaglutide, tirzepatide, nad+, sermorelin, glutathione",15
SpaVie Medical and Laser Aesthetics,spavie.com,,,yes,no_email,https://spavie.com,medspa,GLP-1 weight loss peptides,2
Spaya skin clinic,spayaskinclinic.com,info@spayaskinclinic.com,info@spayaskinclinic.com,yes,no_peptides,https://spayaskinclinic.com,vendor,,0
Splendid Skin,splendidskin.com,info@splendidskin.com,info@splendidskin.com,yes,no_peptides,https://splendidskin.com,medspa,,0
Splendore the medical spa,splendoremedicalspa.com,,,yes,no_email,https://splendoremedicalspa.com,medspa,GLP-1 weight loss peptides,2
Spruce Skin,spruce-skin.com,,,yes,no_email,https://spruce-skin.com,medspa,"nad+, sermorelin",3
Spruce Medical Aesthetics,sprucemedicalaesthetics.com,,,yes,no_email,https://sprucemedicalaesthetics.com,medspa,"semaglutide, tirzepatide",6
Spry Skin and Wellness,spryskinandwellness.com,information@spryskinandwellness.com,information@spryskinandwellness.com,yes,no_peptides,https://spryskinandwellness.com,medspa,,0
Beautifully Structured,square.online,,,,unreachable,,,,
Deep Passion Salon,square.site,,,yes,no_email,https://square.site/contact,vendor,,0
Outpatient Infusion Services at SSM Health St. Mary's Hospital,ssmhealth.com,price.estimate@ssmhealth.com,price.estimate@ssmhealth.com,yes,no_peptides,https://ssmhealth.com,medspa,,0
St. George NAD+ Center,st-george.nad-iv-therapy.com,,,,unreachable,,,,
St. Louis Weight Loss Clinic,st-louis.weightlosshormonecenter.com,,,,no_email,https://st-louis.weightlosshormonecenter.com,vendor,,0
Stacey O. Studio,staceyostudio.com,staceyostudio@gmail.com,staceyostudio@gmail.com,yes,no_peptides,https://staceyostudio.com,medspa,,0
Infusion Centers,starlingdocs.wpenginepowered.com,,,yes,no_email,https://starlingdocs.wpenginepowered.com,medspa,,0
Starr MedSpa,starrmedspa.com,,,,unreachable,,,,
ReNAD+ NAD IV Therapy Clinic,static.hugedomains.com,,,,unreachable,,,,
Concierge Nurse Services,static.mywebsites360.com,,,,unreachable,,,,
Home,static.parastorage.com,,,,no_email,,vendor,,0
Urban Effects MedSpa,static.royacdn.com,,,,unreachable,,,,
"Mobile wellness provider New Braunfels, TX",static.showit.co,,,,unreachable,,,,
Trinity IV,static.tildacdn.net,,,,no_email,,vendor,,0
IV Therapy in St. Augustine,staugustine.niva.health,,,,unreachable,,,,
Fiddlefig Day Spa,stay-sculpted.com,sculptedbywh@gmail.com,sculptedbywh@gmail.com,yes,already known,https://stay-sculpted.com,medspa,nad+,2
Stay Beautiful Med Spa,staybeautifulvt.com,,,,unreachable,,,,
Flawless Med Spa & Wellness,stayflawless.com,,,yes,no_email,https://stayflawless.com,medspa,,0
Steel City Medical Center,steelcitymedicalcenter.com,,,yes,no_email,https://steelcitymedicalcenter.com,medspa,GLP-1 weight loss peptides,10
Stellar Medical Aesthetics,stellarxaesthetics.com,stellarxmedicalaesthetics@gmail.com,stellarxmedicalaesthetics@gmail.com,yes,no_peptides,https://stellarxaesthetics.com,medspa,,0
"Stephanie Ganske, RN",stephanieganske.com,,,,unreachable,,,,
Sterling Aesthetics MedSpa,sterlingaesthetics.com,refresh@sterlingaesthetics.com,refresh@sterlingaesthetics.com,yes,no_peptides,https://sterlingaesthetics.com,medspa,,0
The Medical Spa by St. Francis Medical Group,stfran.com,,,yes,no_email,https://stfran.com,medspa,,0
St. George Med Spa,stgeorgemedspa.com,refresh@stgeorgemedspa.com,refresh@stgeorgemedspa.com,yes,no_peptides,https://stgeorgemedspa.com,medspa,,0
Still Time Beauty,stilltimebeauty.com,info@stilltimebeauty.com,info@stilltimebeauty.com,yes,no_peptides,https://stilltimebeauty.com,medspa,,0
Stirling Skin Care Clinic,stirlingskincc.com,,,,unreachable,,,,
St. Julien Aesthetics,stjulienaesthetics.com,reillystclark@gmail.com,reillystclark@gmail.com,yes,already known,https://stjulienaesthetics.com,medspa,"semaglutide, tirzepatide, nad+, glutathione",8
Spa by Bello Medical Spa,stl-spa.com,,,,unreachable,,,,
St. Louis Men's Clinic,stlmensclinic.com,,,,no_email,https://stlmensclinic.com,vendor,,0
Stone Springs MedSpa by LMG,stonespringsmedspa.com,stonespringsmedspasite@gmail.com,stonespringsmedspasite@gmail.com,yes,already known,https://stonespringsmedspa.com,medspa,glutathione,2
Stones River Hydration and Wellness,stonesriverhydration.com,,,,no_email,,vendor,,0
Storm Clinic,stormclinic.com,,,yes,no_email,https://stormclinic.com,medspa,,0
Strok'D By Adonis LLC,strokdbyadonis.com,booking@strokdbyadonis.com,booking@strokdbyadonis.com,yes,no_peptides,https://strokdbyadonis.com,vendor,,0
Strong Wellness Center,strong-wellness.com,strongwellness@outlook.com,strongwellness@outlook.com,yes,no_peptides,https://strong-wellness.com,medspa,,0
Studio 17 Cosmetics & Wellness,studio17cw.com,,,yes,no_email,https://studio17cw.com,medspa,,0
Studio 25 Salon and Spa,studio25salonandspa.com,anapbm@gmail.com,anapbm@gmail.com,yes,no_peptides,https://studio25salonandspa.com,vendor,,0
Studio 411 Salon,studio411salon.com,jeffrey@studio411salon.com,jeffrey@studio411salon.com; khegna94@gmail.com; therchert@gmail.com,yes,no_peptides,https://studio411salon.com,vendor,,0
Studio G Aesthetics,studiogaesthetics.com,info@studiogaesthetics.com,info@studiogaesthetics.com,yes,no_peptides,https://studiogaesthetics.com,medspa,,0
Studio Medical Aesthetics,studiomedicalaesthetics.com,info@studiomedicalaesthetics.com,info@studiomedicalaesthetics.com,yes,no_peptides,https://studiomedicalaesthetics.com,medspa,,0
Studio Vera,studiovera.us,,,yes,no_email,https://studiovera.us,medspa,,0
Stunning Med Spa,stunningmedspas.com,,,,no_email,https://stunningmedspas.com,medspa,,0
Style Aesthetics,styleaesthetics.com,,,yes,no_email,https://styleaesthetics.com,medspa,,0
The Skin Trap Spa,styleseat.com,,,,no_email,https://styleseat.com,vendor,,0
Sudbury Med Spa,sudburymedspa.com,,,yes,no_email,https://sudburymedspa.com,medspa,,1
Sugar & Skin Spa,sugarandskinseattle.com,sugarandskinseattle@gmail.com,sugarandskinseattle@gmail.com,yes,no_peptides,https://sugarandskinseattle.com,medspa,,0
Suma Life House,sumalifehouse.com,,,yes,no_email,https://sumalifehouse.com,medspa,nad+,3
Summerville Medical Spa,summervillemedicalspa.com,summervillemedicalspa@outlook.com,summervillemedicalspa@outlook.com,yes,no_peptides,https://summervillemedicalspa.com/contact,medspa,,0
Summit IV,summitiv.com,,,,no_email,https://summitiv.com,medspa,,1
Sundays Sun Spa Wellness,sundaysbluebox.com,support@sundaysbluebox.com,support@sundaysbluebox.com,yes,no_peptides,https://sundaysbluebox.com,vendor,,0
Sunday Skin,sundayskinaesthetics.com,info@sundayskinaesthetics.com,info@sundayskinaesthetics.com,yes,no_peptides,https://sundayskinaesthetics.com,medspa,,0
Sunday Skin Aesthetics + Wellness,sundayskinwilliston.com,,,yes,no_email,https://sundayskinwilliston.com,medspa,,1
Vitamin IV Therapy,sunmedspa.com,,,,no_email,,vendor,,0
Sunny Patch Ranch,sunnypatchranch.farm,,,,unreachable,,,,
Sunset Skin,sunsetskinmedspa.com,,,yes,no_email,https://sunsetskinmedspa.com,medspa,,0
Sunshine Medical & Wellness Center,sunshinefmwc.com,sunshineinjurywellnes@gmail.com,sunshineinjurywellnes@gmail.com,yes,already known,https://sunshinefmwc.com/contact,medspa,semaglutide,5
Sunshine Medical Aesthetics,sunshinemedaesthetics.com,hello@sunshinemedaesthetics.com,phoebe@sunshinemedaesthetics.com; hello@sunshinemedaesthetics.com,yes,no_peptides,https://sunshinemedaesthetics.com,medspa,,0
Supreme Beauty Life Spa / Supreme Skincare Aesthetics,supremebeautylife.com,sales@supremebeautylife.com,sales@supremebeautylife.com; admin@supremebeautylife.com,yes,no_peptides,https://supremebeautylife.com,medspa,,0
Supreme Elevation Medical Center,supremeelevationlv.com,contact@supremeelevationlv.com,contact@supremeelevationlv.com,yes,no_peptides,https://supremeelevationlv.com,medspa,,0
SureMED Aesthetics,suremedaes.com,,,,unreachable,,,,
Surface Medspa,surface-medspa.com,,,yes,no_email,https://surface-medspa.com,medspa,GLP-1 weight loss peptides,6
Surfaced Skin by Aponi,surfacedskin.com,,,,unreachable,,,,
Surge Aesthetics,surgeaesthetics.com,,,yes,no_email,https://surgeaesthetics.com,medspa,,1
Bellevue Aesthetic Surgery,surgeryvp.com,,,,unreachable,,,,
Sutton Dermatology + Aesthetics,suttonderm.com,info@suttonderm.com,info@suttonderm.com; haase.mandy@gmail.com,yes,no_peptides,https://suttonderm.com,medspa,,0
Sveta's Skin & Body Therapy,svetas.com,svetasbodytherapy@gmail.com,svetasbodytherapy@gmail.com,yes,no_peptides,https://svetas.com,vendor,,0
SVIA MedSpa,sviamedspa.com,,,yes,no_email,https://sviamedspa.com,medspa,GLP-1 weight loss peptides,3
Swissa Medspa Inc,swissamedspa.com,,,yes,no_email,https://swissamedspa.com,medspa,"semaglutide, tirzepatide, nad+, ghk-cu, glutathione",16
Symmetry Aesthetics and Wellness,symmetrynorman.com,,,yes,no_email,https://symmetrynorman.com,medspa,,1
Synerchi Medical Spa,synerchimedspa.com,info@synerchimedspa.com,info@synerchimedspa.com; synerchimedspa@gmail.com,yes,no_peptides,https://synerchimedspa.com,medspa,,0
Synergy MedAesthetics,synergymedaesthetics.com,,,yes,no_email,https://synergymedaesthetics.com,medspa,,0
Javan Wellness Dupont,t2t2k4n3.delivery.rocketcdn.me,,,yes,no_email,https://t2t2k4n3.delivery.rocketcdn.me/contact-us,medspa,GLP-1 weight loss peptides,7
T4Men Testosterone Replacement Clinic,t4men.com,,,yes,no_email,https://t4men.com,medspa,semaglutide,6
Tactical TRT,tacticaltrt.com,ccox@tacticaltrt.com,ccox@tacticaltrt.com,yes,no_peptides,https://tacticaltrt.com,medspa,,0
Tailored Peninsula Injectables,tailoredinjectables.com,,,yes,no_email,https://tailoredinjectables.com,medspa,,1
Tailored Aesthetics Medical Spa,tailoredmedspa.com,,,yes,no_email,https://tailoredmedspa.com,medspa,,0
Tailor Made Looks Institute of Plastic Surgery and MedSpa,tailormadelooks.com,,,yes,no_email,https://tailormadelooks.com,medspa,,0
Take Five Massage,takefivemassage.com,impallari@gmail.com,impallari@gmail.com,yes,no_peptides,https://takefivemassage.com/contact-us/,vendor,,0
Tala Aesthetics,talaaesthetics.com,hello@talaaesthetics.com,hello@talaaesthetics.com,yes,no_peptides,https://talaaesthetics.com,medspa,,0
Ta Med Spa,tamedspa.com,,,,unreachable,,,,
The Aesthetics Lounge and Spa Tampa,tampa.theaestheticsloungeandspa.com,,,yes,no_email,https://tampa.theaestheticsloungeandspa.com,medspa,GLP-1 weight loss peptides,4
Tampa Bay Total Wellness Anti Aging Med Spa,tampabaytotalwellness.com,,,yes,no_email,https://tampabaytotalwellness.com,medspa,"semaglutide, tirzepatide, nad+, glutathione",13
Tampa Elite weight Loss and Testosterone Replacement,tampaeliteclinic.com,,,,unreachable,,,,
Tao Feet Spa (Virginia Beach Blvd),taofeetspava.com,,,,no_email,,vendor,,0
TAO Wellness Med Spa,taowellnessmedspa.com,,,,no_email,,vendor,,0
Tarzana Cosmetic Wellness & Medspa,tarzanacosmetic.com,,,yes,no_email,https://tarzanacosmetic.com,medspa,,0
Tatoyan MD Medspa,tatoyanmdmedspa.com,info@tatoyanmdmedspa.com,info@tatoyanmdmedspa.com,yes,no_peptides,https://tatoyanmdmedspa.com,medspa,,0
PURE Infusion,taylorsvilleut.gov,,,,unreachable,,,,
Turn Back Time Spa & Wellness Clinic,tbtdayspa.com,,,yes,no_email,https://tbtdayspa.com,medspa,,1
Total Body Therapy Of Georgia,tbtofga.com,,,yes,no_email,https://tbtofga.com,medspa,,2
"Ahmet Ergin, MD- Diabetes, Thyroid & Hormone Center Of The Treasure Co",tcendo.com,,,yes,no_email,https://tcendo.com,medspa,"semaglutide, nad+, glutathione, tirzepatide",13
TC Medspa & Laser,tcmedspas.com,,,yes,no_email,https://tcmedspas.com,medspa,,0
Timeless Elements Med Spa & Laser Center,temedspa.com,,,,unreachable,,,,
Temple Natural Health,templenaturalhealth.com,,,yes,no_email,https://templenaturalhealth.com,medspa,glutathione,4
Tempo Wellness + Aesthetics,tempowellnessnashville.com,,,,no_email,https://tempowellnessnashville.com,vendor,,0
It's All About You Day Spa,tensegrityhealth.org,,,,no_email,,vendor,,0
The Beauty & Wellness Center,texasbodysculpting.com,,,,no_email,,vendor,,0
Texas Dermatology Med Spa,texasdls.com,scheduling@texasdls.com,scheduling@texasdls.com; ma@texasdls.com; billing@texasdls.com,yes,no_peptides,https://texasdls.com,medspa,,0
Texas Institute of Medical Aesthetics,texasinjectiontraining.com,,,yes,no_email,https://texasinjectiontraining.com,medspa,,0
Texas Laser and Aesthetics Training Academy,texaslaseracademy.com,admissions@texaslaseracademy.com,admissions@texaslaseracademy.com,yes,no_peptides,https://texaslaseracademy.com,medspa,,0
Texas Laser and Aesthetics Medspa,texaslasermedspa.com,,,,no_email,https://texaslasermedspa.com,medspa,,0
Texas Vitality,texasvitality.com,,,,no_email,,vendor,,0
Thai Diego Massage & Medspa,thaidiegomssagemedspa.com,karnsomkla@gmail.com,karnsomkla@gmail.com,yes,no_peptides,https://thaidiegomssagemedspa.com,medspa,,0
THAT Med Spa,thatmedspa.com,,,yes,no_email,https://thatmedspa.com,medspa,,0
The Aesthetics Studio,the-aesthetics-studio.com,,,yes,no_email,https://the-aesthetics-studio.com,medspa,"nad+, glutathione",2
"IV Therapy in Solana Beach, CA",theacaciahousemedspa.com,,,yes,no_email,https://theacaciahousemedspa.com,medspa,glutathione,5
The Aesthetic Place,theaestheticplacekc.com,theaestheticplacekc@gmail.com,theaestheticplacekc@gmail.com,yes,no_peptides,https://theaestheticplacekc.com/contact,medspa,,0
The Aesthetics Lab,theaestheticslabmedspa.com,impallari@gmail.com,impallari@gmail.com,yes,already known,https://theaestheticslabmedspa.com/contact-us,medspa,"semaglutide, tirzepatide",4
The Aesthetics Lab,theaestheticslabtampa.com,,,yes,no_email,https://theaestheticslabtampa.com,medspa,glutathione,4
The Aesthetics MD & Wellness,theaestheticsmd.com,,,,no_email,https://theaestheticsmd.com,medspa,,0
The Aesthetix Lounge,theaesthetixlounge.com,,,yes,no_email,https://theaesthetixlounge.com/contact-us,medspa,,0
The Ageless Center,theagelesscenter.com,,,yes,no_email,https://theagelesscenter.com,medspa,,0
The Aesthetic Medicine & Anti-Aging Clinics of Louisiana,theantiagingclinics.com,,,yes,no_email,https://theantiagingclinics.com,medspa,nad+,9
The B-12 Store,theb12store.com,,,yes,no_email,https://theb12store.com,vendor,"nad+, glutathione",3
The Babylon House,thebabylonhouse.com,thebabylonhousedenver@gmail.com,thebabylonhousedenver@gmail.com,yes,no_peptides,https://thebabylonhouse.com,medspa,,0
The Beauty Artist,thebeautyartistmaine.com,info@thebeautyartistmaine.com,thebeautyartistmaine@gmail.com; info@thebeautyartistmaine.com,yes,no_peptides,https://thebeautyartistmaine.com,vendor,,0
The Beauty Clinic,thebeautyclinic.com,info@thebeautyclinic.com,info@thebeautyclinic.com,yes,no_peptides,https://thebeautyclinic.com,medspa,,0
The Beauty Haven Medspa,thebeautyhavenmedspa.com,info@thebeautyhavenmedspa.com,info@thebeautyhavenmedspa.com,yes,no_peptides,https://thebeautyhavenmedspa.com,medspa,,0
The Beauty Jungle,thebeautyjungle.com,,,,unreachable,,,,
The Beauty Mark Medical Spa,thebeautymarkmedspa.com,,,,no_email,,vendor,,0
The Beez Kneez Skin Care & Acne Clinic,thebeezkneezsf.com,info@thebeezkneezsf.com,info@thebeezkneezsf.com,yes,no_peptides,https://thebeezkneezsf.com,medspa,,0
The Bella Medical Spa,thebellamedicalspa.com,,,,unreachable,,,,
The Beverly Hills Medspa,thebeverlyhillsmedspa.com,,,yes,no_email,https://thebeverlyhillsmedspa.com,medspa,,0
BIOS Wellness & Aesthetics,thebiosinstitutewellness.com,,,,no_email,https://thebiosinstitutewellness.com,vendor,,0
The Bloom Room,thebloomroombend.com,alohabloomshere@gmail.com,alohabloomshere@gmail.com,yes,no_peptides,https://thebloomroombend.com,vendor,,0
The Body Sculpt LA,thebodysculptla.zoca.com,thebodysculptla@gmail.com,thebodysculptla@gmail.com,yes,no_peptides,https://thebodysculptla.zoca.com,medspa,,0
Zen Den Massage Studio,thebodyspas.com,info@thebodyspas.com,info@thebodyspas.com,yes,no_peptides,https://thebodyspas.com,medspa,,0
The Body Vault Body Contouring Spa,thebodyvaultky.com,,,,unreachable,,,,
The Brightwood Skin,thebrightwoodskin.com,hello@thebrightwoodskin.com,hello@thebrightwoodskin.com,,no_peptides,https://thebrightwoodskin.com,medspa,,0
The Clinic Medspa,theclinicmedspa.com,info@theclinicmedspa.com,info@theclinicmedspa.com,yes,no_peptides,https://theclinicmedspa.com,medspa,,0
The Clinic for Medical Aesthetics,theclinicmn.com,,,yes,no_email,https://theclinicmn.com,medspa,,0
The Cosmetic Collective,thecosmeticcollectivespa.com,thecosmeticcollectivespa@gmail.com,thecosmeticcollectivespa@gmail.com,yes,no_peptides,https://thecosmeticcollectivespa.com,vendor,,0
The Cosmetic Surgical Center of El Cerrito,thecosmeticsurgicalcenter.com,,,yes,no_email,https://thecosmeticsurgicalcenter.com,medspa,"semaglutide, tirzepatide",3
Sculpt Aesthetics & Wellness,thecovery.com,,,,no_email,https://thecovery.com,medspa,"semaglutide, tirzepatide",13
The Dead Sea Spa,thedeadseaspa.com,,,,unreachable,,,,
The Dermal Formula,thedermalformula.glossgenius.com,thedermalformula@gmail.com,thedermalformula@gmail.com,yes,no_peptides,https://thedermalformula.glossgenius.com,vendor,,0
The Derm Lounge Aesthetics & Longevity,thedermlounge.com,,,yes,no_email,https://thedermlounge.com,medspa,GLP-1 weight loss peptides,3
The Diamond Med Spa,thediamondmedspa.com,,,,no_email,,vendor,,0
The Drip Fitness DOWNTOWN. ATHLETIC REFORMER,thedrip.fitness,,,yes,no_email,https://thedrip.fitness,vendor,,0
The DRIPBaR Fairfield,thedripbar.com,,,,no_email,,vendor,,0
The Drip Mobile IV,thedripmobileiv.com,thedripmobileiv@gmail.com,thedripmobileiv@gmail.com,yes,already known,https://thedripmobileiv.com,medspa,nad+,3
The Edit,theeditinjector.com,hello@theeditinjector.com,hello@theeditinjector.com,yes,no_peptides,https://theeditinjector.com,medspa,,0
Evolve Medical Spa,theevolvespa.com,evolvemedicalspa208@gmail.com,evolvemedicalspa208@gmail.com,yes,no_peptides,https://theevolvespa.com,medspa,,0
The Facial Center,thefacialcenter.com,,,yes,no_email,https://thefacialcenter.com,medspa,,1
The Flawless Lab,theflawlesslab.com,reception@theflawlesslab.com,reception@theflawlesslab.com,yes,no_peptides,https://theflawlesslab.com,medspa,,0
The Foot Spa at Indy Podiatry,thefootspaindy.com,,,,no_email,https://thefootspaindy.com,vendor,,0
"The Garden Medical Spa, Wellness & Massage",thegardenmedspa.com,,,yes,no_email,https://thegardenmedspa.com,medspa,kpv,4
The Garden Medical Spa,thegardenmedspanj.com,,,yes,no_email,https://thegardenmedspanj.com,medspa,glutathione,6
The Glow Up Aesthetics LLC,theglowupaesthetics.com,,,yes,no_email,https://theglowupaesthetics.com,medspa,tirzepatide,3
The Good Wax Studio,thegoodwaxstudio.com,,,yes,no_email,https://thegoodwaxstudio.com,medspa,,0
The Grand Med Spa,thegrandresort.com,,,,no_email,https://thegrandresort.com,vendor,,0
The Gym Aesthetics,thegymaesthetics.com,hello@thegymaesthetics.com,hello@thegymaesthetics.com,yes,no_peptides,https://thegymaesthetics.com,medspa,,0
The Haven Smile & Skincare Spa,thehavenwv.com,,,yes,no_email,https://thehavenwv.com,medspa,,0
The Hebe Medical Spa Saratoga Springs,thehebespa.com,,,yes,no_email,https://thehebespa.com,medspa,"semaglutide, tirzepatide, ghk-cu",10
The Heights Plastic Surgery Med Spa,theheightsplasticmedspa.com,,,yes,no_email,https://theheightsplasticmedspa.com,medspa,semaglutide,7
Infinite Med Spa,theinfinitemedspa.com,,,yes,no_email,https://theinfinitemedspa.com,medspa,tirzepatide,4
The Injector Med Spa,theinjectormedspa.com,,,yes,no_email,https://theinjectormedspa.com,medspa,,0
The iO Clinic by L&P Aesthetics,theioclinic.fortheface.com,,,,unreachable,,,,
The IV Doc,theivdoc.com,,,,unreachable,,,,
The Ivy Hotel,theivybaltimore.com,sales@theivybaltimore.com,reservation@theivybaltimore.com; spa@theivybaltimore.com; sales@theivybaltimore.com,yes,no_peptides,https://theivybaltimore.com,vendor,,0
The JuJu Room Med Spa + Wellness,thejujuroommedspa.com,,,,unreachable,,,,
The KC Spa,thekcspa.com,anapbm@gmail.com,anapbm@gmail.com,yes,no_peptides,https://thekcspa.com,medspa,,0
The K Spa,thekspa.com,,,yes,no_email,https://thekspa.com,medspa,,0
The Laser Lounge Inc,thelaserloungeri.com,,,yes,no_email,https://thelaserloungeri.com/contact,medspa,,0
The LITE Cryo Lounge,thelitevitalitywellness.com,,,,no_email,,vendor,,0
The Little Med Spa,thelittlemedspa.com,thelittlemedspa@gmail.com,thelittlemedspa@gmail.com,yes,already known,https://thelittlemedspa.com,medspa,glutathione,1
The Longevity Suite,thelongevitysuite.com.tr,,,,no_email,https://thelongevitysuite.com.tr,medspa,,1
The Lotus Day Spa,thelotusdowntownhattiesburg.com,thelotusreception@gmail.com,thelotusreception@gmail.com,yes,no_peptides,https://thelotusdowntownhattiesburg.com,vendor,,0
The Lounge Aesthetics + Wellness,theloungebend.com,holla@theloungebend.com,holla@theloungebend.com,yes,no_peptides,https://theloungebend.com,medspa,,0
The Luxe Medspa Aesthetics & Bodycare,theluxemedicalspa.com,,,,unreachable,,,,
The Luxe Medspa,theluxemedspa.com,,,,unreachable,,,,
The Medical Spa,themedicalspa.com,,,,no_email,,vendor,,0
The Medical Spa of Hawaii,themedicalspaofhawaii.com,,,yes,no_email,https://themedicalspaofhawaii.com,medspa,,1
The Med Spa at Rio Rancho,themedspaat.com,,,yes,no_email,https://themedspaat.com,medspa,,0
The MedSpa at Beverly Hills,themedspaatbeverlyhills.com,,,yes,no_email,https://themedspaatbeverlyhills.com,medspa,tirzepatide,2
The Medspa Austin,themedspaaustin.com,,,yes,no_email,https://themedspaaustin.com,medspa,,0
THE MED SPA CHANDLER,themedspachandler.com,themedspa01@gmail.com,themedspa01@gmail.com,yes,no_peptides,https://themedspachandler.com,medspa,,0
The Med Spa,themedspalasvegas.com,themedspalasvegas@gmail.com,themedspalasvegas@gmail.com,yes,no_peptides,https://themedspalasvegas.com,medspa,,0
The Medspa,themedspanwa.com,,,,unreachable,,,,
The Medspa on Broadway,themedspaonbroadway.com,themedspa.onbroadway@gmail.com,themedspa.onbroadway@gmail.com,,no_peptides,https://themedspaonbroadway.com,medspa,,0
The Med Spa on Randolph,themedspaonrandolph.com,,,yes,no_email,https://themedspaonrandolph.com,medspa,,0
The MedSpa at Raleigh Plastic Surgery Center,themedsparaleigh.com,themedspa.rpsc@gmail.com,themedspa.rpsc@gmail.com,yes,no_peptides,https://themedsparaleigh.com,medspa,,0
The MedSpa at Galleria,themedspatx.com,,,,unreachable,,,,
The Med Spa Waco,themedspawaco.com,,,,no_email,,vendor,,0
The Med Spa Woodbury,themedspawoodbury.com,info@themedspawoodbury.com,info@themedspawoodbury.com,,no_peptides,https://themedspawoodbury.com,medspa,,0
The Modern Medical Spa,themodernmedicalspa.com,,,,no_email,https://themodernmedicalspa.com,vendor,,0
The MOD Medspa,themodmedspa.com,,,,no_email,,vendor,,0
The Monica Aesthetic,themonicaaesthetic.com,,,,unreachable,,,,
The Natural Aesthetic and Wellness Center,thenaturalaesthetichtx.com,info@thenaturalaesthetichtx.com,info@thenaturalaesthetichtx.com,,no_peptides,https://thenaturalaesthetichtx.com,medspa,,0
The Natural Look MedSpa,thenaturallook.net,info@thenaturallook.net,info@thenaturallook.net,yes,no_peptides,https://thenaturallook.net,medspa,,0
THENEWMD,thenewmd.com,,,,no_email,https://thenewmd.com/about-us,medspa,,3
The New You Esthetics,thenewyouesthetics.com,,,yes,no_email,https://thenewyouesthetics.com,medspa,,0
NP 2 GO,thenp2go.com,,,yes,no_email,https://thenp2go.com/contact,medspa,"semaglutide, tirzepatide, nad+",7
The One Med Spa,theonemedspa.com,,,yes,no_email,,medspa,GLP-1 weight loss peptides,4
The Orchid Day Spa,theorchiddayspa.com,theorchiddayspa@gmail.com,theorchiddayspa@gmail.com,,no_peptides,https://theorchiddayspa.com,medspa,,0
The Parlour,theparlourmiami.com,,,yes,no_email,https://theparlourmiami.com/about-us,medspa,,0
The Peak Wellness Spa,thepeakspa.com,,,,no_email,https://thepeakspa.com,medspa,,0
Perfect Dose,theperfectdose.com,,,yes,no_email,https://theperfectdose.com,medspa,GLP-1 weight loss peptides,4
The Polar Lounge,thepolarlounge.com,,,,no_email,https://thepolarlounge.com,vendor,,0
The Pro2col,thepro2col.com,connect@thepro2col.com,connect@thepro2col.com,,no_peptides,https://thepro2col.com,vendor,,0
The Queen of Beauty Salon,thequeenofbeautysalon.com,thequeenofbeauty@gmail.com,thequeenofbeauty@gmail.com,yes,no_peptides,https://thequeenofbeautysalon.com,vendor,,0
The RadianceMD,theradiancemd.com,,,yes,no_email,https://theradiancemd.com,medspa,"semaglutide, tirzepatide",5
Radiant Rejuvenation,theradiantrejuvenation.com,,,,unreachable,,,,
Therapeutic Relief Day Spa,therapeuticrelief.net,therapeuticreliefllc@gmail.com,therapeuticreliefllc@gmail.com,yes,no_peptides,https://therapeuticrelief.net,medspa,,0
Thérapie Clinic Flatiron,therapieclinic.com,hello@therapieclinic.com,hello@therapieclinic.com; subscriptions@therapieclinic.com; marketingteam@therapieclinic.com,,no_peptides,https://therapieclinic.com/about-us,medspa,,0
The Real Skin Medical Center,therealskin.co,,,,no_email,https://therealskin.co,medspa,,0
The Rose Clinic,theroseclinic.com,,,yes,no_email,https://theroseclinic.com,medspa,,1
The Rose Collective Studios,therosecollectivestudios.com,,,,unreachable,,,,
The Royal Medspa,theroyalmedspa.com,,,yes,no_email,https://theroyalmedspa.com,medspa,,1
The Royal Treatment Massage & Spa,theroyaltreatmentspa.as.me,,,,no_email,https://theroyaltreatmentspa.as.me,vendor,,0
The Rural Aesthetic Med Spa,theruralaestheticmedspa.com,theruralaestheticmedspa@gmail.com,theruralaestheticmedspa@gmail.com,yes,already known,https://theruralaestheticmedspa.com,medspa,GLP-1 weight loss peptides,7
The Saint Louis Med Spa,thesaintlouismedspa.com,,,yes,no_email,https://thesaintlouismedspa.com,medspa,,0
The San Antonio Esthetician Skincare and Massage,thesanantonioesthetician.glossgenius.com,satxesthetics@gmail.com,satxesthetics@gmail.com,yes,no_peptides,https://thesanantonioesthetician.glossgenius.com,medspa,,0
The Science of Beauty,thescienceofbeauty.co,,,,unreachable,,,,
The Seasons by Michele Spa and Wax Studio,theseasonsspaandsalon.com,,,yes,no_email,https://theseasonsspaandsalon.com,vendor,,0
Thesis,thesis-skin.com,hello@thesis-skin.com,montana406-546-5491hello@thesis-skin.com; hello@thesis-skin.com,yes,no_peptides,https://thesis-skin.com,medspa,,0
The Skin Agency,theskinagency.com,,,yes,no_email,https://theskinagency.com,medspa,"nad+, glutathione",2
The Skin Atelier,theskinatelier.glossgenius.com,theskinatelier@yahoo.com,theskinatelier@yahoo.com,yes,no_peptides,https://theskinatelier.glossgenius.com,vendor,,0
The Skin Bar & Med Spa,theskinbarandmedspa.com,contact@theskinbarandmedspa.com,contact@theskinbarandmedspa.com,,no_peptides,https://theskinbarandmedspa.com,medspa,,0
The Skin Beautique,theskinbeautiquerc.com,theskinbeautiquerc@gmail.com,theskinbeautiquerc@gmail.com,yes,no_peptides,https://theskinbeautiquerc.com,medspa,,0
The Skincare Studio Medspa,theskincarestudioct.com,,,,no_email,https://theskincarestudioct.com,medspa,,0
The Skin Center,theskincentermd.com,,,yes,no_email,https://theskincentermd.com,medspa,,1
The Skin Loft Med Spa,theskinloftmedspa.com,info@theskinloftmedspa.com,info@theskinloftmedspa.com,yes,no_peptides,https://theskinloftmedspa.com,medspa,,0
Skin Med Spa,theskinmedspa.com,,,yes,no_email,https://theskinmedspa.com,medspa,GLP-1 weight loss peptides,6
The Skin Renewal Center,theskinrenewalcenter.com,,,,unreachable,,,,
The Skin Scene Aesthetics,theskinsceneaesthetics.com,,,yes,no_email,https://theskinsceneaesthetics.com,medspa,,0
The Skin Standard,theskinstandard.com,hello@theskinstandard.com,hello@theskinstandard.com,yes,no_peptides,https://theskinstandard.com,medspa,,0
The Skin Suite Medical Aesthetics,theskinsuiteaesthetics.com,info@theskinsuiteaesthetics.com,info@theskinsuiteaesthetics.com,yes,no_peptides,https://theskinsuiteaesthetics.com,medspa,,0
The Solé Med Spa,thesolemedspa.com,,,,unreachable,,,,
The Spa at Marshall,thespaatmarshall.com,,,yes,no_email,https://thespaatmarshall.com,medspa,,2
The Spa,thespaboise.com,thespaboise@gmail.com,thespaboise@gmail.com,yes,no_peptides,https://thespaboise.com,medspa,,0
The Spa Room at Hudson Grey,thesparoomathudsongrey.com,,,yes,no_email,https://thesparoomathudsongrey.com,medspa,,0
TSC Aesthetic Center,thestepanyanclinic.com,info@thestepanyanclinic.com,info@thestepanyanclinic.com,yes,no_peptides,https://thestepanyanclinic.com,medspa,,0
The Sunset Aesthetics,thesunsetaesthetics.com,impallari@gmail.com,impallari@gmail.com; thesunset1509@gmail.com,yes,no_peptides,https://thesunsetaesthetics.com,medspa,,0
The Things We Do,thethingswedo.co,info@thethingswedo.co,info@thethingswedo.co,yes,no_peptides,https://thethingswedo.co,medspa,,0
The Treatment Room,thetreatmentroomokc.com,,,,no_email,,vendor,,0
The Treatment Room,thetreatmentroomsf.com,thetreatmentroomsf@gmail.com,thetreatmentroomsf@gmail.com,,no_peptides,https://thetreatmentroomsf.com,vendor,,0
The Valley Medspa,thevalleymedspa.com,,,yes,no_email,https://thevalleymedspa.com,medspa,,0
The Vanity Room,thevanityroomorlando.com,,,yes,no_email,https://thevanityroomorlando.com,medspa,,0
The VIBE Medical Aesthetics,thevibeaesthetics.com,jonpinhorn.typedesign@gmail.com,jonpinhorn.typedesign@gmail.com,yes,already known,https://thevibeaesthetics.com,medspa,"bpc-157, tb-500, thymosin beta-4, ipamorelin, tesamorelin, cjc-1295",11
THE VIP SPA,thevipspa.net,,,,unreachable,,,,
The Well House Collective,thewellhousecollective.com,,,yes,no_email,https://thewellhousecollective.com,medspa,"tirzepatide, bpc-157, tb-500, nad+, ipamorelin, cjc-1295",12
The Whole List Doc,thewholelistdoc.com,,,,no_email,,vendor,,0
The Wit Aesthetics + Wellness,thewitwell.com,,,,no_email,,vendor,,0
The Sleepy Creek Spa,thewoods.com,,,,no_email,,vendor,,0
The Wylie Med Spa,thewyliemedspa.com,thewyliemedspa@gmail.com,thewyliemedspa@gmail.com,yes,no_peptides,https://thewyliemedspa.com,medspa,,0
"Think Ink Micro-Esthetics: TriLift, Facelift, Skin Tightening, Acne Tr",thinkinkmicro.com,info@thinkinkmicro.com,info@thinkinkmicro.com,yes,no_peptides,https://thinkinkmicro.com,medspa,,0
The House of Wellness Med Spa,thowmedspa.org,,,,no_email,https://thowmedspa.org,medspa,,0
Thrive Arkansas,thrive-arkansas.com,,,,unreachable,,,,
"The Lamkin Clinic: Brian Lamkin, D.O.",thrive-med.com,info@thrive-med.com,info@thrive-med.com,yes,no_peptides,https://thrive-med.com,medspa,,0
Thrive Holistic Medicine,thriveholisticmed.com,,,yes,no_email,https://thriveholisticmed.com,vendor,,0
L- Aesthetics & Longevity,thrivehormonalhealth.com,,,yes,no_email,https://thrivehormonalhealth.com,medspa,"semaglutide, tirzepatide, bpc-157, tb-500, thymosin alpha-1, ipamorelin",20
ThrIVe Hydration & Spa,thrivehydraspa.com,,,,unreachable,,,,
Thrive IV Hydration Mobile & Spa,thriveivmobile.com,tulsahydration@gmail.com,tulsahydration@gmail.com,yes,already known,https://thriveivmobile.com,medspa,"nad+, glutathione",3
Thrive MD Health Spa,thrivemdmemphis.com,,,,no_email,,vendor,,0
Thrive Sauna LLC,thrivesauna.com,info@thrivesauna.com,info@thrivesauna.com; %20info@thrivesauna.com,yes,no_peptides,https://thrivesauna.com,vendor,,0
Thrive Med Spa & Wellness,thrivespanh.com,,,yes,no_email,https://thrivespanh.com,medspa,semaglutide,7
TIA MEDSPA Pasadena,tiamedicalspa.com,,,yes,no_email,https://tiamedicalspa.com,medspa,,1
Tierra Tindill Aesthetics,tierratindillaesthetics.my.canva.site,ttindillbeauty@gmail.com,ttindillbeauty@gmail.com,,no_peptides,https://tierratindillaesthetics.my.canva.site,medspa,,0
Timeless Aesthetics & Laser Clinic,timelessaestheticsclinic.com,,,yes,no_email,https://timelessaestheticsclinic.com,medspa,"semaglutide, tirzepatide, nad+, glutathione",10
Timeless Beauty Med Spa,timelessbeautytx.com,,,,unreachable,,,,
Timeless Medical Aesthetics,timelessmed.com,info@timelessmed.com,info@timelessmed.com,yes,no_peptides,https://timelessmed.com,medspa,,0
Timeless Medical Spa,timelessmedspa.org,,,,no_email,,vendor,,0
Timeless Skin & Wellness,timelesssandw.com,,,yes,no_email,https://timelesssandw.com,medspa,GLP-1 weight loss peptides,4
Mindful Women Spa,timelessut.com,info@timelessut.com,info@timelessut.com,,no_peptides,https://timelessut.com,medspa,,0
Tina Beauty Medical Spa,tinabeautymedicalspa.com,info@tinabeautymedicalspa.com,info@tinabeautymedicalspa.com,yes,no_peptides,https://tinabeautymedicalspa.com,medspa,,0
Tir Na Nog Spa,tirnanogspa.net,tirnanogspa@gmail.com,tirnanogspa@gmail.com,yes,no_peptides,https://tirnanogspa.net,vendor,,0
TKO IV Therapy,tkoiv.square.site,,,,no_email,,vendor,,0
TLC MedSpa Houston,tlcmedspahouston.com,,,yes,no_email,https://tlcmedspahouston.com,medspa,"semaglutide, tirzepatide, liraglutide",11
Torstveit Medical Aesthetics + TMA Med Spa,tmamedspa.com,tmamedspa329@gmail.com,tmamedspa329@gmail.com,yes,already known,https://tmamedspa.com,medspa,"semaglutide, tirzepatide",5
Tennessee Hydration & Wellness,tnhydration.com,,,,no_email,,vendor,,0
TOC Medical Spa,tocmedicalspa.com,,,,unreachable,,,,
Vitalize Functional Medicine,toherbs.com,grace@toherbs.com,impallari@gmail.com; grace@toherbs.com,yes,no_peptides,https://toherbs.com,vendor,,0
Toledo Men's and Weight Loss Clinic,toledomensclinic.com,,,yes,no_email,https://toledomensclinic.com,medspa,semaglutide,5
Wauwatosa Wellness Spa,tosawellness.com,hello@tosawellness.com,hello@tosawellness.com; willowlighttherapies@gmail.com; pklavekoske.lmt@gmail.com,yes,no_peptides,https://tosawellness.com,medspa,,0
Total Bella Medical Aesthetics,totalbellaspa.com,beauty@totalbellaspa.com,beauty@totalbellaspa.com; totalbellaspa@gmail.com,yes,no_peptides,https://totalbellaspa.com,medspa,,0
Total Body Laser & Med Spa,totalbodylasermedspa.com,office@totalbodylasermedspa.com,office@totalbodylasermedspa.com,yes,no_peptides,https://totalbodylasermedspa.com,medspa,,0
Total Body Laser & Med Spa,totalbodyunlimited.com,brookfieldreception@totalbodyunlimited.com,brookfieldreception@totalbodyunlimited.com,yes,no_peptides,https://totalbodyunlimited.com,medspa,,0
Total Skin Dermatology & Aesthetics,totalskinnd.com,,,yes,no_email,https://totalskinnd.com,medspa,,3
Touch Me Up Medical Spa & Skin Center,touchmeupmedspa.com,,,yes,no_email,https://touchmeupmedspa.com,medspa,,1
Transcend Aesthetics PLLC,transcend-aesthetics.com,,,,unreachable,,,,
"Transformations Med Spa CT, Inc",transformations-spafitness.com,transformation.inc@outlook.com,transformation.inc@outlook.com,yes,no_peptides,https://transformations-spafitness.com,medspa,,0
Transform Austin Med Spa,transformaustinmedspa.com,,,yes,no_email,https://transformaustinmedspa.com/contact-us,medspa,GLP-1 weight loss peptides,2
Synergy By Shaw,travisshawmd.com,,,yes,no_email,https://travisshawmd.com,medspa,semaglutide,4
Tres Belle Spa,tresbellespa.com,allison@tresbellespa.com,allison@tresbellespa.com; customerservice@tresbellespa.com,yes,no_peptides,https://tresbellespa.com,medspa,,0
Tres Jolie Medical Spa and Wellness Center,tresjoliemedicalspa.com,frontdesk@tresjoliemedicalspa.com,frontdesk@tresjoliemedicalspa.com,yes,no_peptides,https://tresjoliemedicalspa.com,medspa,,0
Tribeca Skin Center,tribecaskincenter.com,,,yes,no_email,https://tribecaskincenter.com,medspa,,0
Trilogy Medical Center,trilogymedicalcenter.com,,,,no_email,,vendor,,0
TrimBody M.D. Costa Mesa,trimbodymd.com,,,yes,no_email,https://trimbodymd.com,medspa,"semaglutide, tirzepatide, nad+, glutathione",17
"IV Nutrition Therapy in Carrollton, TX",trinityintegratedmedical.com,,,yes,no_email,https://trinityintegratedmedical.com,medspa,"bpc-157, tb-500, nad+, ipamorelin, cjc-1295",13
Drip Bar,trophyclub.org,,,,unreachable,,,,
Trouvaille Med Spa,trouvailleillinois.com,,,yes,no_email,https://trouvailleillinois.com,medspa,GLP-1 weight loss peptides,2
Trouvé Medspa,trouvemedspa.com,,,yes,no_email,https://trouvemedspa.com,medspa,"nad+, glutathione",4
IV Therapy,troyfamilypractice.com,,,,no_email,,vendor,,0
TRT Kingdom,trtkingdom.com,,,yes,no_email,https://trtkingdom.com,medspa,"bpc-157, tb-500, nad+, ipamorelin, sermorelin, tesamorelin",16
TRTMD Health Clinic,trtmd.com,,,yes,no_email,https://trtmd.com,medspa,"selank, dsip, pt-141, glutathione, oxytocin",11
TRT Nation,trtnation.com,,,,unreachable,,,,
TRT Nearby LLC,trtnearby.com,,,,no_email,,vendor,,0
Tru•Allure Beauty & Skin Lounge,truallurebeauty.com,,,yes,no_email,https://truallurebeauty.com,vendor,"nad+, kpv",3
Tru Beauty by Trevor,trubeautybytrevor.com,,,yes,no_email,https://trubeautybytrevor.com,medspa,,1
True Med Spa,true-medspa.com,,,,unreachable,,,,
True Med Spa,truemedspa.com,,,yes,no_email,https://truemedspa.com,medspa,,0
True Radiance Aesthetics,trueradianceaesthetics.com,,,yes,no_email,https://trueradianceaesthetics.com,medspa,glutathione,5
BodyLogicMD of Detroit,truerest.com,,,,no_email,https://truerest.com,vendor,,0
True Skin Aesthetics,trueskinaestheticshtx.com,info@trueskinaestheticshtx.com,trueskinaestheticshtx@gmail.com; info@trueskinaestheticshtx.com,yes,no_peptides,https://trueskinaestheticshtx.com,medspa,,0
Tru Essence Cosmetic and Medical Spa,truessencespa.com,info@truessencespa.com,info@truessencespa.com; catasha.s@truessencespa.com,yes,no_peptides,https://truessencespa.com,medspa,,0
True Vitality Medical Center,truevitalitymedical.com,,,,no_email,,vendor,,0
True You Aesthetic,trueyouaesthetic.com,,,,no_email,https://trueyouaesthetic.com,medspa,,1
Truffles Aesthetics,trufflesaesthetics.com,,,yes,no_email,https://trufflesaesthetics.com,medspa,"semaglutide, tirzepatide",6
"Tru-Male Medical: ED Treatment Men's Health Clinic Robert Marshall, MD",trumalemedical.com,,,,unreachable,,,,
TRUTH Med Spa,truthmedspa.biz,info@truthmedspa.biz,info@truthmedspa.biz; zi.bloom2@gmail.com,yes,no_peptides,https://truthmedspa.biz,medspa,,0
TS Skin Care,tsskincare.com,,,,no_email,https://tsskincare.com,vendor,,0
Tucker Spa Element,tucker-spa.com,,,,unreachable,,,,
Tulum Wellness Spa,tulumwellness.com,,,yes,no_email,https://tulumwellness.com,medspa,,0
Turner Medical and Almost Heaven Spa,turnermedicalspa.com,,,yes,no_email,https://turnermedicalspa.com,medspa,,0
The Wellness & Aesthetics Medical Center,twaamc.com,,,yes,no_email,https://twaamc.com,medspa,,1
Twilla MedSpa,twillamedspa.com,,,yes,no_email,https://twillamedspa.com,medspa,,0
Twin Ports Dermatology & Med Spa,twinportsderm.com,,,yes,no_email,https://twinportsderm.com,medspa,GLP-1 weight loss peptides,3
Twin Rivers IV & Wellness Lounge,twinriversiv.com,,,yes,no_email,https://twinriversiv.com,medspa,"nad+, glutathione",5
Twin Rivers IV & Wellness Lounge,twinriversivgoldsboro.com,,,,no_email,,vendor,,0
Texas Low T Wellness & Weight Loss Clinic,txlowt.com,,,,no_email,https://txlowt.com,medspa,,0
UDC Med Spa: Kelsey Foust,udcin.com,,,yes,no_email,https://udcin.com,medspa,,0
Infusion Suite,uihc.org,,,yes,no_email,https://uihc.org,medspa,,0
ULALA Med Spa,ulalamedspa.com,,,,no_email,https://ulalamedspa.com,medspa,,0
U Laser MedSpa,ulasermedspa.com,,,yes,no_email,https://ulasermedspa.com,medspa,semaglutide,2
Ultimate Image MedSpa,ultimateimagemedspa.com,,,,no_email,https://ultimateimagemedspa.com,medspa,,0
Ultimate You MedSpa Colorado Springs,ultimateyoumedspa.com,,,yes,no_email,https://ultimateyoumedspa.com,medspa,,0
Wellness Therapies,ultrawellnesscenter.com,,,yes,no_email,https://ultrawellnesscenter.com,vendor,,2
"U Med Spa, A Wellness Collective",umedspa-awc.com,,,yes,no_email,https://umedspa-awc.com,medspa,,0
U Med Spa,umedspa.com,,,,no_email,,vendor,,0
University of Maryland Facial Plastic Surgery & Medical Spa,umms.org,,,yes,no_email,https://umms.org,medspa,,0
Unicorn Medical Weight Loss & Medi Spa,unicornmedispa.com,,,yes,no_email,https://unicornmedispa.com,medspa,semaglutide,7
"Union Street Medspa: Dr. Sandra Morrow, MD, MPH",unionstreetmedspa.com,,,,no_email,https://unionstreetmedspa.com,medspa,,0
Unique Boutique Your Day of Beauty,uniqueboutiquema.com,spa@uniqueboutiquema.com,spa@uniqueboutiquema.com,yes,no_peptides,https://uniqueboutiquema.com,medspa,,0
Univë Med Spa,univemedspa.com,,,yes,no_email,https://univemedspa.com,medspa,,0
Unmarked Beauty and Wellness,unmarkedbeautyandwellness.com,info@unmarkedbeautyandwellness.com,info@unmarkedbeautyandwellness.com,,no_peptides,https://unmarkedbeautyandwellness.com,medspa,,0
Unwind Wellness,unwindwellness.com,admo@unwindwellness.com,admo@unwindwellness.com; georgetown@unwindwellness.com; navyyard@unwindwellness.com,yes,no_peptides,https://unwindwellness.com/contact-us,medspa,,0
UPKEEP Med Spa,upkeepmedspa.com,info@upkeepmedspa.com,info@upkeepmedspa.com,yes,no_peptides,https://upkeepmedspa.com,medspa,,0
Upkey Aesthetics LLC,upkeyaesthetics.com,,,,unreachable,,,,
UPLIFT Dr. Coe Botox & Fillers,upliftbotox.com,ronaldcoemd@gmail.com,ronaldcoemd@gmail.com,,no_peptides,https://upliftbotox.com,medspa,,0
Uplifting Medi Spa,upliftingmedispa.com,,,yes,no_email,https://upliftingmedispa.com,medspa,ipamorelin,4
UPMC Men's Health Center,upmc.com,,,yes,no_email,https://upmc.com,medspa,,0
Upscale Med Spa,upscalemedspa.com,,,yes,no_email,https://upscalemedspa.com,medspa,"semaglutide, tirzepatide",7
Youthful day spa,uptownchandler.com,,,,unreachable,,,,
Uptown Haven Wellness Professionals,uptownhavenwellness.com,uptownhavenwellness@gmail.com,uptownhavenwellness@gmail.com; uptownhavenwellnes@gmail.com,yes,no_peptides,https://uptownhavenwellness.com,vendor,,0
Uptown Medical Wellness & Anti-Aging Center,uptownmedicalwellness.com,,,yes,no_email,https://uptownmedicalwellness.com,medspa,"semaglutide, tirzepatide, nad+, ipamorelin, sermorelin, cjc-1295",12
Uptown Medispa Arrowhead,uptownmedispa.com,,,,no_email,https://uptownmedispa.com,medspa,"semaglutide, glutathione",4
Urban Allure Medical Spa,urbanalluresf.com,info@urbanalluresf.com,info@urbanalluresf.com,yes,no_peptides,https://urbanalluresf.com,medspa,,0
Urban Effects MedSpa,urbaneffectsmedspa.com,,,yes,no_email,https://urbaneffectsmedspa.com,medspa,GLP-1 weight loss peptides,2
Urban Medspa & Weight Loss Center,urbanmedspacharlotte.com,,,,no_email,,vendor,,0
Urban Nirvana Spa & Salon,urbannirvana.com,,,yes,no_email,https://urbannirvana.com,medspa,,0
Urban Wellness Group,urbanwellnesspdx.com,,,yes,no_email,https://urbanwellnesspdx.com,medspa,"semaglutide, glutathione",4
IV Lounge,us.chat-img.sintra.ai,,,,no_email,,vendor,,0
Drip Haven,us1-photo.nextdoor.com,,,,unreachable,,,,
Serenity Strands & Skin Clinical Spa,usametrox.top,,,,no_email,https://usametrox.top,vendor,,0
Utah Body & Soul,utahbodyandsoul.com,,,,no_email,,vendor,,0
Utah Cosmetic Surgery,utahcosmeticsurgery.com,,,yes,no_email,https://utahcosmeticsurgery.com,medspa,,0
Utah Valley Medical Spa,uvderm.com,,,,unreachable,,,,
UW Health 1102 S Park St Clinic Infusion Center,uwhealth.org,hrservicecenter@uwhealth.org,hrservicecenter@uwhealth.org,,no_peptides,https://uwhealth.org,vendor,,0
Men's Health Center at UW Medical Center,uwmedicine.org,,,,unreachable,,,,
VADARA Med Spa,vadaraspa.com,impallari@gmail.com,impallari@gmail.com,yes,already known,https://vadaraspa.com,medspa,"nad+, sermorelin",7
"Botox, Dermal Fillers, IV Therapy, Face-lifts, & More Andover, MA ...",vainmedispa.com,,,,no_email,,vendor,,0
Valo Wellness Spa,valowellnessspa.com,,,yes,no_email,https://valowellnessspa.com,vendor,,0
Iv Fluid Hydration Clinic Jacksonville,valuecareclinic.com,info@valuecareclinic.com,info@valuecareclinic.com,yes,no_peptides,https://valuecareclinic.com,medspa,,0
Vanderbilt University Medical Center,vanderbilthealth.com,,,yes,no_email,https://vanderbilthealth.com,medspa,,0
Vanity Medical Spa,vanityisavirtue.com,wweeiihhuuaanngg@gmail.com,wweeiihhuuaanngg@gmail.com,,no_us_signal,https://vanityisavirtue.com,medspa,"semaglutide, tirzepatide",3
Vascular Access Plus,vascularaccessplus.com,,,,unreachable,,,,
VaxClinic Injectable Solutions,vaxclinicinjectables.com,,,,unreachable,,,,
"Peptide therapy Veazie, ME",veazie-me.hrtspecialist.com,info@hrtspecialist.com,info@hrtspecialist.com,,no_us_signal,https://veazie-me.hrtspecialist.com,medspa,semaglutide,2
The Aesthetics Lounge and Spa Venice,venice.theaestheticsloungeandspa.com,,,yes,no_email,https://venice.theaestheticsloungeandspa.com,medspa,GLP-1 weight loss peptides,3
Venture Wellness,venturewellnessrva.com,,,yes,no_email,https://venturewellnessrva.com,medspa,"semaglutide, tirzepatide",14
Vermont Facial Aesthetics- Vermont,vermontfacialaesthetics.com,dr.carol@vermontfacialaesthetics.com,dr.carol@vermontfacialaesthetics.com,yes,no_peptides,https://vermontfacialaesthetics.com,medspa,,0
Vero Health Center,verohealthcenter.com,,,yes,no_email,https://verohealthcenter.com,medspa,,2
Verve Health,vervehc.com,,,yes,no_email,https://vervehc.com,medspa,"semaglutide, tirzepatide, nad+, glutathione",15
IV Infusions And Vitamin Shots in Red Bank NJ,viafusenj.com,info@viafusenj.com,info@viafusenj.com,yes,no_peptides,https://viafusenj.com,medspa,,0
Via Medical Massage: South Lincoln,viamedmassage.com,info@viamedmassage.com,info@viamedmassage.com,yes,no_peptides,https://viamedmassage.com,medspa,,0
Victory Men's Health,victorymenshealth.com,,,,unreachable,,,,
Vida Wellness,vidavt.com,info@vidavt.com,vidawellnessvt@gmail.com; info@vidavt.com,yes,no_peptides,https://vidavt.com,medspa,,0
Violet Room Spa,violetroomspa.com,violetroomspa@gmail.com,violetroomspa@gmail.com,yes,no_peptides,https://violetroomspa.com,vendor,,0
VIP Beauty & Wellness,vipbeauty.glossgenius.com,vipbeautyandwellness@gmail.com,vipbeautyandwellness@gmail.com,yes,no_peptides,https://vipbeauty.glossgenius.com,vendor,,0
Axis Medical,virginia-beach-landstown-commons.thedripbar.com,,,,no_email,,vendor,,0
Virginia Dermatology & Skin Cancer Center,virginiamohs.com,,,yes,no_email,https://virginiamohs.com,medspa,,0
Vita 10 IV Therapy,vita10therapy.com,,,yes,no_email,https://vita10therapy.com,medspa,"nad+, glutathione",6
BodyLogicMD of Portland LLC,vitadox.com,,,,unreachable,,,,
VitaFlow IV therapy Miami Beach and Mobile IV Therapy plus more,vitaflowfl.com,,,yes,no_email,https://vitaflowfl.com,medspa,"semaglutide, tirzepatide, bpc-157, tb-500, thymosin beta-4, thymosin alpha-1",23
VITAHL Medical Aesthetics,vitahl.com,,,yes,no_email,https://vitahl.com,medspa,,0
Vital Care Infusion Services of Jacksonville,vitalcarejax.com,,,yes,no_email,https://vitalcarejax.com,vendor,,0
Vital Health Integrative Medicine,vitalhealthim.com,,,,no_email,https://vitalhealthim.com,vendor,,0
Vitalify MedSpa,vitalifymedspa.com,,,,no_email,,vendor,,0
"Vitality Health & Wellness, LLC",vitalityhealthwellnessga.com,,,yes,no_email,https://vitalityhealthwellnessga.com,medspa,"semaglutide, tirzepatide",8
Renew Vitality Testosterone Clinic,vitalityhrt.com,,,,no_email,,vendor,,0
Vitality Medical PNW,vitalitymedicalpnw.com,,,yes,no_email,https://vitalitymedicalpnw.com,medspa,,1
Vitality Restoration Medical,vitalityrestorationmedical.com,,,yes,no_email,https://vitalityrestorationmedical.com,medspa,"semaglutide, tirzepatide, bpc-157, tb-500, thymosin beta-4, nad+",14
Vitality Solace Suites,vitalitysolace.com,hello@vitalitysolace.com,hello@vitalitysolace.com,yes,no_peptides,https://vitalitysolace.com,vendor,,0
Vitality Testosterone and Weight Loss,vitalitytestosterone.com,vitalitytestosterone@gmail.com,vitalitytestosterone@gmail.com,yes,already known,https://vitalitytestosterone.com/contact,medspa,"semaglutide, bpc-157, tb-500, thymosin beta-4, nad+, ipamorelin",20
Vitality Testosterone Replacement Therapy Clinic,vitalitytestosteronereplacementtherapy.com,,,,unreachable,,,,
Vitality Functional Family Medicine,vitalitytulsa.com,,,yes,no_email,https://vitalitytulsa.com,medspa,,0
Vital IV Infusions,vitalivinfusion.com,,,,no_email,,vendor,,0
Vitallydoc Integrative Medicine,vitallydoc.com,,,,no_email,,vendor,,0
Vital Men's Health,vitalmenshealth.com,,,yes,no_email,https://vitalmenshealth.com,medspa,,1
Vitalogy Health and Integrative Medicine,vitalogydenver.com,,,yes,no_email,https://vitalogydenver.com,medspa,"semaglutide, tirzepatide",15
Vita Marie Aesthetics & Wellness,vitamarie-aesthetics.com,drnickodemmanager@gmail.com,drnickodemmanager@gmail.com,yes,already known,https://vitamarie-aesthetics.com,medspa,"semaglutide, tirzepatide, nad+, sermorelin, glutathione",10
Vitology,vitology.be,,,,no_email,https://vitology.be,vendor,,0
"IV Therapy & Infusion Services in Doral, FL · Viva Medical Center",vivacenters.com,,,yes,no_email,https://vivacenters.com,medspa,"bpc-157, tb-500, thymosin alpha-1, nad+, ipamorelin, sermorelin",18
VivA IV,vivaivmn.com,,,,no_email,https://vivaivmn.com,medspa,nad+,2
Vivid Health,vividhealthandlife.com,,,yes,no_email,https://vividhealthandlife.com,vendor,,2
Vivify Wellness,vivifywellness.org,impallari@gmail.com,impallari@gmail.com,yes,no_peptides,https://vivifywellness.org,vendor,,0
V Line Cosmetic Clinic,vlineclinicusa.com,,,,no_email,https://vlineclinicusa.com,medspa,,0
The Cryo Club (Now Vyfy Wellness Club),vyfyky.com,,,yes,no_email,https://vyfyky.com,vendor,,0
Vytality Blu Health & Medspa,vytalityblu.com,,,yes,no_email,https://vytalityblu.com,medspa,"semaglutide, tirzepatide, nad+, sermorelin",13
Waikiki Massage Clinic,waikikimassageclinic.com,waikikimassageclinic@gmail.com,waikikimassageclinic@gmail.com,yes,no_peptides,https://waikikimassageclinic.com/contact,medspa,,0
WAXED & SKIN,waxedandskin.net,,,yes,no_email,https://waxedandskin.net,vendor,,0
Hydrate IV Bar,wbq.clg.temporary.site,,,,unreachable,,,,
Weight Loss RVA,weightlossrva.com,,,yes,no_email,https://weightlossrva.com,medspa,GLP-1 weight loss peptides,4
Elysian Aesthetics and Wellness,weightlossstl.com,weightloss.stl@gmail.com,weightloss.stl@gmail.com,yes,no_peptides,https://weightlossstl.com,medspa,,0
Wellera Spa & Wellness,welleramobile.square.site,,,,no_email,https://welleramobile.square.site,vendor,,0
Wellity Wellness & Personalized Infusions,wellityne.com,,,yes,no_email,https://wellityne.com,medspa,,0
Well Life ABQ,welllifeabq.com,,,,no_email,,vendor,,0
PrimeLife Clinic,wellnesscentermillcreek.com,,,yes,no_email,https://wellnesscentermillcreek.com,medspa,,1
Sarasota IV Lounge & Therapy Clinic,wellnessivtherapyspa.com,,,,no_email,https://wellnessivtherapyspa.com,vendor,,0
Elevate IV Hydration,wellnessliving.com,sales@wellnessliving.com,sales@wellnessliving.com,yes,no_peptides,https://wellnessliving.com,medspa,,0
Wellness of Life Sacramento Best Colonic/Colon Hydrotherapy/Supplement,wellnessoflifeproducts.com,wellnessoflife@gmail.com,wellnessoflife@gmail.com,yes,no_peptides,https://wellnessoflifeproducts.com,vendor,,0
Wellness Road Massage,wellnessroadmassage.com,,,yes,no_email,https://wellnessroadmassage.com,vendor,,0
Alchemy Wellness,wellwithalchemy.com,,,,no_email,,vendor,,0
Revive Aesthetics,wereviveu.com,,,,no_email,,vendor,,0
West Valley City NAD+ Center,west-valley-city.nad-iv-therapy.com,,,,unreachable,,,,
IV Therapy in Columbus,westgeorgiaregenerativemedicine.com,,,yes,no_email,https://westgeorgiaregenerativemedicine.com,medspa,,1
West LA Medical & Skincare,westlaskincare.com,info@westlaskincare.com,info@westlaskincare.com,yes,no_peptides,https://westlaskincare.com,medspa,,0
Wildwood Men's Health,wildwoodmenshealth.com,,,,unreachable,,,,
Willow Health and Aesthetics,willowhealthandaesthetics.com,,,yes,no_email,https://willowhealthandaesthetics.com,medspa,"semaglutide, liraglutide, dulaglutide, exenatide",12
Wisconsin Vein Center & MediSpa,wimedispa.com,,,,unreachable,,,,
Bellaire IV Therapy & Wellness Spa,wix.com,,,yes,no_email,https://wix.com,vendor,,0
"Dr. Joseph M. Knapp, DO",womenswellnessde.com,,,yes,no_email,https://womenswellnessde.com,medspa,GLP-1 weight loss peptides,4
The VIP Loft by Women's Wellness of MS,womenswellnessms.com,,,yes,no_email,https://womenswellnessms.com,medspa,"semaglutide, tirzepatide",5
Wonderlust Esthetics,wonderlustesthetics.com,,,yes,no_email,https://wonderlustesthetics.com,medspa,,0
"Top Rated IV Therapy in St. Augustine, FL",wp04-media.cdn.ihealthspot.com,,,yes,no_email,https://wp04-media.cdn.ihealthspot.com,medspa,,0
Dr. Mantor's Wrinkle and Weight Solutions,wrinkleandweight.com,drginamantor@gmail.com,drginamantor@gmail.com,yes,already known,https://wrinkleandweight.com,medspa,"semaglutide, tirzepatide, liraglutide, glutathione",13
Oasis Med Spa at WSNM,wsnmmedspa.com,,,yes,no_email,https://wsnmmedspa.com,medspa,,1
West Virginia Health Right CommUNITY Wellness Center,wvhealthright.org,rfrancis@wvhealthright.org,rfrancis@wvhealthright.org; asettle@wvhealthright.org; jkwilliams@wvhealthright.org,yes,no_peptides,https://wvhealthright.org,medspa,,0
Wyoming Medical Aesthetics,wyomingmedicalaesthetics.com,,,yes,no_email,https://wyomingmedicalaesthetics.com,medspa,,0
IV Therapy Roseville CA,xplorehealth.com,,,,no_email,https://xplorehealth.com,vendor,,0
"Stanton Honig, MD",yalemedicine.org,,,yes,no_email,https://yalemedicine.org,medspa,"semaglutide, tirzepatide, retatrutide",9
karma Hair Design and Wellness Spa,yardleydayspa.com,yardleydayspa@gmail.com,yardleydayspa@gmail.com,yes,no_peptides,https://yardleydayspa.com,medspa,,0
Infusion Therapy,yorkhospital.com,breastcare@yorkhospital.com,breastcare@yorkhospital.com,yes,no_peptides,https://yorkhospital.com,medspa,,0
you+ Medical Aesthetics,youplusaesthetics.com,hello@youplusaesthetics.com,hello@youplusaesthetics.com,,no_us_signal,https://youplusaesthetics.com,medspa,"semaglutide, tirzepatide",4
CHOICES,yourchoices.org,,,yes,no_email,https://yourchoices.org,medspa,,1
TrueHaven Aesthetics & Wellness,yourtruehaven.com,,,yes,no_email,https://yourtruehaven.com,medspa,,0
Your Wellness Center,yourwellnesscenter.com,,,,no_email,,vendor,,0
Youth Skin RX,youthskinrx.com,contact@youthskinrx.com,contact@youthskinrx.com,,no_us_signal,https://youthskinrx.com,medspa,"nad+, glutathione",6
ZA Medi-Spa,za-spa.com,,,,unreachable,,,,
Zahara Day Spa,zaharadayspa.com,,,,no_email,https://zaharadayspa.com,vendor,,0
Zaré Medical Naturopathic Group,zaremedicalsf.com,,,yes,no_email,https://zaremedicalsf.com,medspa,"semaglutide, tirzepatide, nad+, glutathione",7
Zen'd Out Couples Massage Spa,zendoutmassage.com,info@zendoutmassage.com,info@zendoutmassage.com,yes,no_peptides,https://zendoutmassage.com,vendor,,0
Zen Massage,zenmassage.net,relax@zenmassage.net,relax@zenmassage.net,yes,no_peptides,https://zenmassage.net,medspa,,0
Las Vegas Dollhouse Recovery Spa,zenrecoveryhouse.com,info@zenrecoveryhouse.com,info@zenrecoveryhouse.com,yes,no_peptides,https://zenrecoveryhouse.com,vendor,,0
Zen Regenerative Wellness,zenregenerativewellness.com,,,,no_email,https://zenregenerativewellness.com,vendor,,1
Zero Gravity Massage of Tulsa,zerogravitymassage.net,,,,no_email,,vendor,,0
Ziba Medical Spa at Movassaghi Plastic Surgery,zibamedspaeugene.com,,,yes,no_email,https://zibamedspaeugene.com,medspa,,0
BioRenew Functional & Integrative Medicine,zivel.com,contact@zivel.com,zivelbriargate@gmail.com; coralgables@zivel.com; coolsprings@zivel.com; highlandsranch@zivel.com; palmcoast@zivel.com; contact@zivel.com,,no_peptides,https://zivel.com,medspa,,0
Maison Epigenetic,zoi.com,contact@zoi.com,contact@zoi.com; commercial@zoi.com,,no_peptides,https://zoi.com,medspa,,0
ZONA MED SPA,zonamedspa.com,,,yes,no_email,https://zonamedspa.com,medspa,,0
ZZ MED SPA,zzmedspa.com,,,yes,no_email,https://zzmedspa.com,medspa,,0
