vendor,domain,email,all_emails,us_signal,status,evidence_url,audience,peptides,peptide_hits
"IV Vitamin Therapy in Kennesaw, GA",32medspa.com,info@32medspa.com,info@32medspa.com; beautymedspa32@outlook.com; brookstone32dental@gmail.com,yes,ok,https://32medspa.com,medspa,,1
"AAAesthetics DNP Health, LLC",aaestheticswy.com,office@aaestheticswy.com,aaestheticswy@gmail.com; office@aaestheticswy.com,yes,ok,https://aaestheticswy.com,medspa,GLP-1 weight loss peptides,3
((RELEASE)) Float Spa,aaronpottsnd.com,aaronpottsnd@gmail.com,aaronpottsnd@gmail.com; drpottsnd@gmail.com,yes,ok,https://aaronpottsnd.com,medspa,,2
Abundant Life Wellness Center,abundantlifewellnesscenter.com,info@abundantlifewellnesscenter.com,info@abundantlifewellnesscenter.com,yes,ok,https://abundantlifewellnesscenter.com,medspa,nad+,5
Accelerate,acceleratemobileiv.com,acceleratemobileiv@gmail.com,acceleratemobileiv@gmail.com,yes,ok,https://acceleratemobileiv.com,medspa,,1
IV Therapy Kissimmee,acumedgroup.com,clinic@acumedgroup.com,clinic@acumedgroup.com,yes,ok,https://acumedgroup.com,medspa,,1
IV Hydration,advancedoptimalhealthcare.com,info@advancedoptimalhealthcare.com,info@advancedoptimalhealthcare.com,yes,ok,https://advancedoptimalhealthcare.com,medspa,glutathione,4
"IV Therapy in Flemington, NJ",advmedicalspa.com,advmedicalspa15@gmail.com,advmedicalspa15@gmail.com,yes,ok,https://advmedicalspa.com,medspa,GLP-1 weight loss peptides,4
"Aesthetic Essentials of Augusta, LLC",aeaugusta.com,sarah@aeaugusta.com,sarah@aeaugusta.com; tammy@aeaugusta.com,yes,ok,https://aeaugusta.com,medspa,,3
Aesthetic Evolution,aestheticevolutiongr.com,aestheticevolutiongr@gmail.com,aestheticevolutiongr@gmail.com,yes,ok,https://aestheticevolutiongr.com,medspa,"nad+, glutathione",5
Inner Balance Integrative Medicine,aestheticmindmd.com,support@aestheticmindmd.com,support@aestheticmindmd.com,yes,ok,https://aestheticmindmd.com,medspa,"semaglutide, tirzepatide, nad+, sermorelin, glutathione",9
Gameday Men's Health San Marcos,aestheticsofcentraltexas.com,info@aestheticsofcentraltexas.com,info@aestheticsofcentraltexas.com,yes,ok,https://aestheticsofcentraltexas.com,medspa,"semaglutide, tirzepatide",6
Ageless Aesthetics,ageless-in-seattle.com,agelessinseattle@icloud.com,agelessinseattle@icloud.com,yes,ok,https://ageless-in-seattle.com,medspa,"semaglutide, tirzepatide, nad+, glutathione",13
Ageless Health Medicine,ahmedicine.com,hello@ahmedicine.com,hello@ahmedicine.com,yes,ok,https://ahmedicine.com,medspa,,1
Align Injectable Aesthetics,align918.com,info@align918.com,info@align918.com,yes,ok,https://align918.com,medspa,semaglutide,1
Alinea Health,alineahealth.us,info@alineahealth.us,info@alineahealth.us,yes,ok,https://alineahealth.us,medspa,GLP-1 weight loss peptides,2
Alive IV Therapy,aliveivtherapy.net,aliveiv2023@gmail.com,aliveiv2023@gmail.com,yes,ok,https://aliveivtherapy.net,medspa,,1
Home Infusion Services Brookline MA,allhourshomehealth.com,info@allhourshomehealth.com,info@allhourshomehealth.com,yes,ok,https://allhourshomehealth.com,medspa,,1
IV Therapy,alpineclinic.net,alpineclinic@hotmail.com,alpineclinic@hotmail.com,yes,ok,https://alpineclinic.net,medspa,,2
Angel Face Injections,angelfaceinjections.com,info@angelfaceinjections.com,angelfaceinjectionsboston@gmail.com; info@angelfaceinjections.com,yes,ok,https://angelfaceinjections.com,medspa,,1
Aralia Health,araliahealth.com,hello@araliahealth.com,hello@araliahealth.com,yes,ok,https://araliahealth.com,medspa,"semaglutide, tirzepatide, nad+, glutathione",8
"IV Hydration Therapy In Brandon, FL",arcanumaesthetics.com,info@arcanumaesthetics.com,info@arcanumaesthetics.com; %20info@arcanumaesthetics.com; admin@arcanumaesthetics.com,yes,ok,https://arcanumaesthetics.com,medspa,"tirzepatide, glutathione",4
IV Nutrition Therapy in Highlands Ranch and Littleton,arnewellnesscentercolorado.com,arnewellnesscenterco@gmail.com,arnewellnesscenterco@gmail.com,yes,ok,https://arnewellnesscentercolorado.com,medspa,glutathione,3
At Your Best Wellness & Aesthetics Nursing Corp,atyourbestwellness.com,contact@atyourbestwellness.com,contact@atyourbestwellness.com,yes,ok,https://atyourbestwellness.com,medspa,,2
Beauty and Grit,beautyandgritspa.com,beautyandgritconnect@gmail.com,beautyandgritconnect@gmail.com,yes,ok,https://beautyandgritspa.com,medspa,"nad+, glutathione",6
IV Therapy,beautybymichellemedspa.com,beautybymichelleclients@gmail.com,beautybymichelleclients@gmail.com,yes,ok,https://beautybymichellemedspa.com,medspa,glutathione,2
Beleza,beleza-medspa.com,info@beleza-medspa.com,info@beleza-medspa.com,yes,ok,https://beleza-medspa.com,medspa,"semaglutide, tirzepatide",4
IV Therapy,bellamedicalnow.com,bellamedicalweightloss@gmail.com,bellamedicalweightloss@gmail.com; bellamedicalstaff@gmail.com,yes,ok,https://bellamedicalnow.com,medspa,GLP-1 weight loss peptides,4
AesthetiKa Med Spa,bellaviemedspawindsor.com,info@bellaviemedspawindsor.com,bellaviespawindsor@yahoo.com; info@bellaviemedspawindsor.com,yes,ok,https://bellaviemedspawindsor.com,medspa,GLP-1 weight loss peptides,7
BelleSculpt,bellemedical.com,contact@bellemedical.com,contact@bellemedical.com,yes,ok,https://bellemedical.com,medspa,semaglutide,1
"BELLEZZA MEDICAL AESTHETICS, PLLC",bellezza-med.com,info@bellezza-med.com,info@bellezza-med.com; bellezza.med@gmail.com,yes,ok,https://bellezza-med.com,medspa,,2
IV Therapy Franklin TN,bewellihp.com,contact@bewellihp.com,contact@bewellihp.com,yes,ok,https://bewellihp.com,medspa,"nad+, glutathione",5
BeWell MedSpa,bewellmedspa.com,hello@bewellmedspa.com,hello@bewellmedspa.com,yes,ok,https://bewellmedspa.com,medspa,kpv,2
BioIV Therapy,bioivtherapy.com,info@bioivtherapy.com,info@bioivtherapy.com,yes,ok,https://bioivtherapy.com,medspa,,1
Anti-Aging Northwest,bioloungepdx.com,info@bioloungepdx.com,info@bioloungepdx.com,yes,ok,https://bioloungepdx.com,medspa,,3
BioVital IV Infusion Clinic,biovitalhealth.com,info@biovitalhealth.com,info@biovitalhealth.com,yes,ok,https://biovitalhealth.com,medspa,glutathione,3
Restore Hyper Wellness,biovitalmen.com,info@biovitalmen.com,info@biovitalmen.com,yes,ok,https://biovitalmen.com,medspa,,2
Contact,bluecypressky.com,info@bluecypressky.com,info@bluecypressky.com,yes,ok,https://bluecypressky.com,medspa,,1
IV Drips Richmond,body-recharge.com,info@body-recharge.com,info@body-recharge.com,yes,ok,https://body-recharge.com,medspa,"nad+, glutathione",4
BodyLogicMD of Newport Beach,bodylogicmd.fit,wellness@bodylogicmd.com,wellness@bodylogicmd.com,yes,ok,https://bodylogicmd.fit,vendor,,1
Botox Kailua,botoxkailuahi.com,contact@botoxkailuahi.com,contact@botoxkailuahi.com,yes,ok,https://botoxkailuahi.com,medspa,"tirzepatide, nad+",6
BX3 Aesthetics,bx3aesthetics.com,bx3aesthetics@gmail.com,bx3aesthetics@gmail.com,yes,ok,https://bx3aesthetics.com,medspa,nad+,2
Canspireme Health & Wellness,canspiremehealth.com,info@canspiremehealth.com,info@canspiremehealth.com,yes,ok,https://canspiremehealth.com,medspa,"semaglutide, tirzepatide, nad+, glutathione",9
Cell Fusion X,cellfusionx.com,contact@cellfusionx.com,contact@cellfusionx.com; contact@cellfusionx.health,yes,ok,https://cellfusionx.com,medspa,"semaglutide, tirzepatide, nad+, glutathione",13
Chronic Care of Richmond,chroniccareofrichmond.com,tgibbs@chroniccareofrichmond.com,tgibbs@chroniccareofrichmond.com,yes,ok,https://chroniccareofrichmond.com,medspa,,2
"IV Therapy Lone Tree, CO",cocmed.com,amargolis1150@gmail.com,amargolis1150@gmail.com,yes,ok,https://cocmed.com,medspa,semaglutide,1
IV Therapy Immune Support Hydration and Vitamin IV Altamonte Springs F,coraeon.com,info@coraeon.com,info@coraeon.com,yes,ok,https://coraeon.com,medspa,"nad+, glutathione",5
Mobile IV Therapy,demetermedicalinc.com,danielle@demetermedicalinc.com,danielle@demetermedicalinc.com,yes,ok,https://demetermedicalinc.com/contact,medspa,,1
DI Body,di-body.com,dj@di-body.com,dj@di-body.com; tina@di-body.com,yes,ok,https://di-body.com,medspa,,1
Doctor Infusion,doctorinfusion.net,info@doctorinfusion.net,info@doctorinfusion.net,yes,ok,https://doctorinfusion.net,medspa,,1
Do Not Disturb,donotdisturbatl.com,contact@donotdisturbatl.com,contact@donotdisturbatl.com,yes,ok,https://donotdisturbatl.com,medspa,,1
Doses of Wellness-Orlando Med Aesthetics + Wellness,dosesofwellness.com,dosesofwellness@gmail.com,dosesofwellness@gmail.com,yes,ok,https://dosesofwellness.com,medspa,,1
Home,downtownmedicineandspa.com,downtownmedicine@gmail.com,downtownmedicine@gmail.com,yes,ok,https://downtownmedicineandspa.com,medspa,glutathione,4
REMEDY Hair Restoration & Medical Spa,drdavidrosner.com,info@drdavidrosner.com,info@drdavidrosner.com,yes,ok,https://drdavidrosner.com,medspa,,1
Calabasas,dripanddipiv.com,info@dripanddipiv.com,info@dripanddipiv.com; careers@dripanddipiv.com,yes,ok,https://dripanddipiv.com,medspa,"nad+, glutathione",3
Drip & Glow,dripandglow.com,dripandglowiv@gmail.com,dripandglowiv@gmail.com,yes,ok,https://dripandglow.com,medspa,,1
Drip by TMI,dripbytmi.com,dnhall1988@gmail.com,dnhall1988@gmail.com,yes,ok,https://dripbytmi.com,medspa,"nad+, glutathione",3
Drip Doc IV Infusion & Wellness,dripdocwellness.com,thedripdoc@gmail.com,thedripdoc@gmail.com,yes,ok,https://dripdocwellness.com,medspa,"nad+, glutathione",3
Drip Drop IV Hydration & Wellness,dripdropivhydration.com,dripdropivhw@gmail.com,dripdropivhw@gmail.com,yes,ok,https://dripdropivhydration.com,medspa,,1
Drive IV,drive-iv.com,drivehydration@gmail.com,drivehydration@gmail.com,yes,ok,https://drive-iv.com,medspa,"semaglutide, tirzepatide, nad+, glutathione",7
Mobile IV Infusion Therapy,dynamicdrips.com,info@dynamicdrips.com,info@dynamicdrips.com,yes,ok,https://dynamicdrips.com,medspa,"nad+, glutathione",3
Services,eagleivhydration.com,info@eagleivhydration.com,info@eagleivhydration.com,yes,ok,https://eagleivhydration.com,medspa,"nad+, glutathione",4
Elevate Aesthetics,elevateaestheticsks.com,natashatucker@elevateaestheticsks.com,natashatucker@elevateaestheticsks.com,yes,ok,https://elevateaestheticsks.com,medspa,"semaglutide, tirzepatide",8
Home,elevatediv.com,hello@elevatediv.com,hello@elevatediv.com,yes,ok,https://elevatediv.com,medspa,,1
"Elevate Health & Medspa ~ Karen Plymel, MD",elevatehealthgp.com,info@elevatehealthgp.com,info@elevatehealthgp.com,yes,ok,https://elevatehealthgp.com,medspa,"semaglutide, tirzepatide, bpc-157, tb-500, nad+, sermorelin",20
Elevate IV Hydration & Wellness,elevatehydrationwellness.com,info@elevatehydrationwellness.com,info@elevatehydrationwellness.com,yes,ok,https://elevatehydrationwellness.com,medspa,,1
ElevateMed Wellness,elevatemedwellness.com,contact@elevatemedwellness.com,contact@elevatemedwellness.com,yes,ok,https://elevatemedwellness.com,medspa,,2
Elisiano Dermatology & Aesthetics,elisianodermatology.com,hello@elisianodermatology.com,hello@elisianodermatology.com,yes,ok,https://elisianodermatology.com,medspa,nad+,5
Best Kearney IV Nutritional Therapy Services,elitekearney.com,frontdesk@elitekearney.com,frontdesk@elitekearney.com,yes,ok,https://elitekearney.com,medspa,,1
Elite MD,elitemdlui.com,info@elitemdlui.com,info@elitemdlui.com,yes,ok,https://elitemdlui.com,medspa,,2
Elite Wellness,elitewellnessut.com,info@elitewellnessut.com,info@elitewellnessut.com,yes,ok,https://elitewellnessut.com,vendor,semaglutide,1
Elysian Aesthetics and Wellness,elysianaestheticsstl.com,info@elysianaestheticsstl.com,info@elysianaestheticsstl.com,yes,ok,https://elysianaestheticsstl.com,medspa,glutathione,2
Emerald Aesthetics By Kirin,emeraldaestheticsbykirin.com,emeraldaestheticsbykirin@gmail.com,emeraldaestheticsbykirin@gmail.com,yes,ok,https://emeraldaestheticsbykirin.com,medspa,,1
Viva Vitality,emichaelhealth.com,hello@emichaelhealth.com,hello@emichaelhealth.com,yes,ok,https://emichaelhealth.com,medspa,nad+,6
Mobile IV Therapy In Fremont- My IV Doctors,en.myivdoctors.com,contact@myivdoctors.com,contact@myivdoctors.com,yes,ok,https://en.myivdoctors.com,medspa,"semaglutide, tirzepatide, kpv",9
Esprit Health Clinic & MediSpa,esprithealthclinic.com,hello@esprithealthclinic.com,hello@esprithealthclinic.com,yes,ok,https://esprithealthclinic.com,medspa,"semaglutide, tirzepatide",11
Esthetic Solutions Med Spa,estheticsolutions.com,operations@estheticsolutions.com,operations@estheticsolutions.com,yes,ok,https://estheticsolutions.com,medspa,glutathione,1
Esthi Glo,esthiglo.glossgenius.com,esthiiglo@gmail.com,esthiiglo@gmail.com,yes,ok,https://esthiglo.glossgenius.com,vendor,glutathione,1
"Mobile IV Therapy & IV Hydration in Boca Raton, FL",eternalivtherapy.com,info@eternalivtherapy.com,info@eternalivtherapy.com,yes,ok,https://eternalivtherapy.com,medspa,glutathione,2
Eterne Wellness,eternewellness.com,contact@eternewellness.com,contact@eternewellness.com,yes,ok,https://eternewellness.com,medspa,,1
IV/IM Vitamins Therapies,everglowmedspa.com,info@everglowmedspa.com,info@everglowmedspa.com; %20info@everglowmedspa.com,yes,ok,https://everglowmedspa.com,medspa,semaglutide,3
Evin Aesthetics,evinaesthetics.com,becky@evinaesthetics.com,becky@evinaesthetics.com,yes,ok,https://evinaesthetics.com,medspa,,3
EVOKE Health,evokehealth.online,info@evokehealth.online,info@evokehealth.online,yes,ok,https://evokehealth.online,vendor,,2
Medical Spa Burleson Texas,evolvhealthcaretexas.com,evolvhealthcaretx@gmail.com,evolvhealthcaretx@gmail.com,yes,ok,https://evolvhealthcaretexas.com,medspa,GLP-1 weight loss peptides,4
Extivita-RTP,extivita.org,contact@extivita.org,contact@extivita.org,yes,ok,https://extivita.org,medspa,,1
FG Aesthetics and Medicine,fgaestheticsandmedicine.com,info@fgaestheticsandmedicine.com,info@fgaestheticsandmedicine.com,yes,ok,https://fgaestheticsandmedicine.com,medspa,,5
Fletcher Medspa,fletchermedspa.com,fletchermedspa@gmail.com,fletchermedspa@gmail.com,yes,ok,https://fletchermedspa.com,medspa,"semaglutide, tirzepatide",5
Restore Hyper Wellness,floatboston.com,info@floatboston.com,info@floatboston.com; mark@floatboston.com,yes,ok,https://floatboston.com,medspa,GLP-1 weight loss peptides,2
FLOW & GO Services,flowandgohydration.com,flowandgohydration@gmail.com,flowandgohydration@gmail.com,yes,ok,https://flowandgohydration.com,medspa,"nad+, glutathione",3
Forever Young Wellness,foreveryoungwellness.net,info@foreveryoungwellness.net,info@foreveryoungwellness.net,yes,ok,https://foreveryoungwellness.net,medspa,,3
CLUB DE NUTRICION vida saludable,franciscojavier23.herbalife.com,frankximex@gmail.com,frankximex@gmail.com,yes,ok,https://franciscojavier23.herbalife.com,vendor,GLP-1 weight loss peptides,2
The DRIPBaR,galiderm.com,emaa@galiderm.com,ramy.gali@gmail.com; emaa@galiderm.com,yes,ok,https://galiderm.com,medspa,GLP-1 weight loss peptides,2
IV Hydration,glanzaesthetics.com,contactus@glanzaesthetics.com,contactus@glanzaesthetics.com,yes,ok,https://glanzaesthetics.com,medspa,,3
Glowing Skin Face & Body Care Med Spa,glowingskinmedspa.com,info@glowingskinmedspa.com,info@glowingskinmedspa.com,yes,ok,https://glowingskinmedspa.com,medspa,,1
IV Drips,hairsthetics.com,eduardy@gmail.com,eduardy@gmail.com; hairstheticsnyc@gmail.com,yes,ok,https://hairsthetics.com,medspa,,2
Momentum Medical Of Deltona,harmonyclinicfl.com,info@harmonyclinicfl.com,info@harmonyclinicfl.com,yes,ok,https://harmonyclinicfl.com,medspa,,1
"Haus of Drip, Spa & Wellness",hausofdripspawellness.com,info@hausofdripspawellness.com,info@hausofdripspawellness.com,yes,ok,https://hausofdripspawellness.com,medspa,,1
Healios Laser Therapy,healioslasertherapy.com,info@healioslasertherapy.com,info@healioslasertherapy.com,yes,ok,https://healioslasertherapy.com,medspa,,1
Healthspan Medical and Fitness,healthspanmedicalfitness.com,hello@healthspanmedicalfitness.com,hello@healthspanmedicalfitness.com,yes,ok,https://healthspanmedicalfitness.com,vendor,"semaglutide, tirzepatide",8
Services,hillbillyhydration.com,info@hillbillyhydration.com,info@hillbillyhydration.com,yes,ok,https://hillbillyhydration.com,medspa,,1
House Call Hydration,housecallhydration.com,iv@housecallhydration.com,iv@housecallhydration.com,yes,ok,https://housecallhydration.com/contact,medspa,nad+,2
Mobile IV Hydration Therapy Florida,hydraglowiv.com,hydraglowdrip@gmail.com,hydraglowdrip@gmail.com,yes,ok,https://hydraglowiv.com,medspa,"nad+, pt-141, glutathione",5
Hydrations Wellness,hydrations.com,hydrations.com@gmail.com,hydrations.com@gmail.com,yes,ok,https://hydrations.com,medspa,"nad+, glutathione",11
IDYLLIC Aesthetics,idyllic-aesthetics.com,info@idyllic-aesthetics.com,info@idyllic-aesthetics.com,yes,ok,https://idyllic-aesthetics.com,medspa,,1
Impact Infusions,impactinfusions.com,info@impactinfusions.com,info@impactinfusions.com,yes,ok,https://impactinfusions.com,medspa,,1
iNNOVAFUSION,innovafusion.com,contact@innovafusion.com,contact@innovafusion.com; innovafusion21@gmail.com,yes,ok,https://innovafusion.com,medspa,"semaglutide, tirzepatide, liraglutide, nad+, ipamorelin, sermorelin",23
Prime IV Hydration & Wellness,intro.primeivhydration.com,chapelview@primeivhydration.com,chapelview@primeivhydration.com,yes,ok,https://intro.primeivhydration.com,medspa,"nad+, glutathione",4
InVigorate IV,invigorateiv.com,invigorate@invigorateiv.com,invigorate@invigorateiv.com,yes,ok,https://invigorateiv.com,medspa,"nad+, glutathione",3
"IV therapy service in Lehi, UT",ironiv.com,contact@ironiv.com,contact@ironiv.com,yes,ok,https://ironiv.com,medspa,"semaglutide, nad+, glutathione",9
Island Hydration IV,islandhydrationiv.com,contact@islandhydrationiv.com,contact@islandhydrationiv.com,yes,ok,https://islandhydrationiv.com,medspa,"nad+, glutathione",4
Med Spa At The Islands,islandscenter.net,theislandscenter@gmail.com,theislandscenter@gmail.com,yes,ok,https://islandscenter.net,medspa,,1
Mobile IV Therapy New Jersey,iv-active.com,contact@iv-active.com,contact@iv-active.com,yes,ok,https://iv-active.com,medspa,"nad+, glutathione",3
IV4U Hydration Lounge,iv4uhydrationlounge.com,iv4uhydrationlounge@gmail.com,iv4uhydrationlounge@gmail.com,yes,ok,https://iv4uhydrationlounge.com,medspa,GLP-1 weight loss peptides,5
Drip Haven: Wellness and Hydration,ivdriphaven.com,info@ivdriphaven.com,info@ivdriphaven.com,yes,ok,https://ivdriphaven.com,medspa,"nad+, glutathione",3
Prime IV Hydration & Wellness,iveerestorativecare.com,info@iveerestorativecare.com,info@iveerestorativecare.com,yes,ok,https://iveerestorativecare.com,medspa,tirzepatide,3
IV HydraLounge,ivhydralounge.org,info@ivhydralounge.org,info@ivhydralounge.org; healthcoach@ivhydralounge.org; weightloss@ivhydralounge.org,yes,ok,https://ivhydralounge.org,vendor,"semaglutide, tirzepatide, nad+",9
IVIV Health,ivivhealth.com,info@ivivhealth.com,info@ivivhealth.com,yes,ok,https://ivivhealth.com,medspa,,2
IV Liquid Assets,ivliquidassets.com,ivliquidassets@gmail.com,ivliquidassets@gmail.com,yes,ok,https://ivliquidassets.com/about-us,medspa,nad+,3
IV Sea Hydration Spa,ivseahydrationspa.com,ivseahydrationspa@gmail.com,ivseahydrationspa@gmail.com,yes,ok,https://ivseahydrationspa.com,vendor,"nad+, glutathione",4
IVTherapy2go,ivtherapy2go.com,info@ivtherapy2go.com,info@ivtherapy2go.com,yes,ok,https://ivtherapy2go.com,medspa,,1
Grand Rapids IV Wellness & Aesthetics,ivtherapygr.com,revivevitality24@yahoo.com,revivevitality24@yahoo.com; griv.wellness@gmail.com,yes,ok,https://ivtherapygr.com,medspa,tirzepatide,9
KenektCare,kenektcare.com,info@kenektcare.com,lynn@kenektcare.com; info@kenektcare.com; health@kenektcare.com,yes,ok,https://kenektcare.com,medspa,,1
Kind Laser Skin & Wellness,kindlaserandskin.com,laserbeamqueen@gmail.com,laserbeamqueen@gmail.com,yes,ok,https://kindlaserandskin.com,medspa,,1
K+ Clinics Orlando,kplusclinics.com,info@kplusclinics.com,kplusclinics@gmail.com; info@kplusclinics.com,yes,ok,https://kplusclinics.com,medspa,kpv,1
Weight Loss Center of Arkansas & Laser Solutions Med Spa,lasersolutionsmedspa.com,drg@lasersolutionsmedspa.com,drg@lasersolutionsmedspa.com,yes,ok,https://lasersolutionsmedspa.com,medspa,"semaglutide, tirzepatide",9
LeReve Regenerative Wellness,lerevewellness.com,info@lerevewellness.com,info@lerevewellness.com,yes,ok,https://lerevewellness.com,medspa,"nad+, kisspeptin, pt-141, oxytocin",7
LIFE*MOD,lifemod.com,info@lifemod.com,info@lifemod.com; chaunce@lifemod.com; ro@lifemod.com,yes,ok,https://lifemod.com,medspa,,2
Androgenix Advanced Health & Wellness Center,lifewellmd.com,drkumar@lifewellmd.com,biglakecancercenter@gmail.com; drkumar@lifewellmd.com,yes,ok,https://lifewellmd.com,medspa,"nad+, semaglutide",8
"IV Therapy in La Mesa, CA",linettewilliamsonmd.com,info@linettewilliamsonmd.com,info@linettewilliamsonmd.com,yes,ok,https://linettewilliamsonmd.com,medspa,,3
Liquid Gold IV Bar,liquidgoldivbar.com,eneal@liquidgoldivbar.com,eneal@liquidgoldivbar.com,yes,ok,https://liquidgoldivbar.com,medspa,"semaglutide, nad+, glutathione",9
Look Rejuvenated Med Spa,lookrejuvenatedmedspa.com,lookrejuvenatedmedspa@gmail.com,lookrejuvenatedmedspa@gmail.com,yes,ok,https://lookrejuvenatedmedspa.com,medspa,,3
IV therapy near me,lowergwyneddfunctionalmedicine.com,lgfunctionalmedicine@gmail.com,lgfunctionalmedicine@gmail.com,yes,ok,https://lowergwyneddfunctionalmedicine.com,medspa,"tirzepatide, nad+, glutathione",12
"Pierre Beautiful Medical Aesthetics and Skin Care, LLC",lucereaesthetics.com,hello@lucereaesthetics.com,hello@lucereaesthetics.com,yes,ok,https://lucereaesthetics.com,medspa,GLP-1 weight loss peptides,2
Lush and Wellness Aesthetics,lushandwellness.com,info@lushandwellness.com,info@lushandwellness.com,yes,ok,https://lushandwellness.com,medspa,GLP-1 weight loss peptides,4
Luxe MedSpa,luxemedspasd.com,hello@luxemedspasd.com,hello@luxemedspasd.com,yes,ok,https://luxemedspasd.com,medspa,"semaglutide, tirzepatide",6
LyteGuards IV Wellness,lyteguards.com,info@lyteguards.com,info@lyteguards.com,yes,ok,https://lyteguards.com,medspa,,1
IV Therapy,maezwellnessandspa.com,info@maezwellnessandspa.com,info@maezwellnessandspa.com,yes,ok,https://maezwellnessandspa.com,medspa,,2
Book Now,magnoliamedspaiv.com,kim@magnoliamedspaiv.com,magnoliamedspaok@gmail.com; kim@magnoliamedspaiv.com,yes,ok,https://magnoliamedspaiv.com,medspa,,1
"IV Therapy in West Jordan, UT",manawellnessandaesthetics.com,contact@manawellnessandaesthetics.com,contact@manawellnessandaesthetics.com,yes,ok,https://manawellnessandaesthetics.com,medspa,,2
Manique Aesthetics,maniqueaesthetics.glossgenius.com,maniqueaesthetics@gmail.com,maniqueaesthetics@gmail.com,yes,ok,https://maniqueaesthetics.glossgenius.com,medspa,,1
Zephyr Float Spa,medicalaestheticshv.com,info@medicalaestheticshv.com,info@medicalaestheticshv.com; medicalaestheticshv@gmail.com,yes,ok,https://medicalaestheticshv.com,medspa,,2
MEDvidi,medvidi.com,team@medvidi.com,team@medvidi.com; help@medvidi.com; u00a0help@medvidi.com,yes,ok,https://medvidi.com,medspa,"semaglutide, tirzepatide, liraglutide",6
IV Therapy Issaquah,metamorphosisholisticmedspa.com,metamorphosisholisticmedspa@gmail.com,metamorphosisholisticmedspa@gmail.com,yes,ok,https://metamorphosisholisticmedspa.com,medspa,,1
Metro Medispa,metro-medispa.com,lauryn@metro-medispa.com,lauryn@metro-medispa.com,yes,ok,https://metro-medispa.com,medspa,"semaglutide, glutathione",6
Montana Functional Health,mfhcare.com,info@mfhcare.com,info@mfhcare.com,yes,ok,https://mfhcare.com,medspa,,1
Mia Bella Aesthetics,miabella-aesthetics.com,info@miabella-aesthetics.com,info@miabella-aesthetics.com,yes,ok,https://miabella-aesthetics.com,medspa,GLP-1 weight loss peptides,4
"IV Hydration Therapy in Canton, MI",miexpresscare.com,admin@miexpresscare.com,admin@miexpresscare.com,yes,ok,https://miexpresscare.com,medspa,GLP-1 weight loss peptides,4
Mind Rejuvenation,mindrejuvenation.net,info@mindrejuvenation.net,info@mindrejuvenation.net,yes,ok,https://mindrejuvenation.net/faq,medspa,,1
Minimale Skin,minimaleskin.com,info@minimaleskin.com,info@minimaleskin.com,yes,ok,https://minimaleskin.com,vendor,"nad+, glutathione",2
THE STRETCH SPA,mixtivspa.com,info@mixtivspa.com,info@mixtivspa.com,yes,ok,https://mixtivspa.com,medspa,"nad+, glutathione",4
Memphis's Best IV Therapy Center,mmcwh360.com,info@mmcwh360.com,info@mmcwh360.com,yes,ok,https://mmcwh360.com,medspa,,2
Find Mobile IV Drip Therapy Near You in Hawaii,mobileivhawaii.com,medical@mobileivhawaii.com,medical@mobileivhawaii.com,yes,ok,https://mobileivhawaii.com,medspa,"nad+, glutathione",3
Morpho Medical Spa,morphomedicalspa.com,info@morphomedicalspa.com,info@morphomedicalspa.com,yes,ok,https://morphomedicalspa.com,medspa,GLP-1 weight loss peptides,2
My IVy Nurse,myivynurse.com,katie@myivynurse.com,katie@myivynurse.com,yes,ok,https://myivynurse.com,medspa,glutathione,4
New Beautiful You,nbymedispa.com,nbymedspa@gmail.com,nbymedspa@gmail.com,yes,ok,https://nbymedispa.com,medspa,GLP-1 weight loss peptides,3
Mobile IV Therapy in Wilmington NC,ncmobileivmedics.com,info@ncmobileivmedics.com,info@ncmobileivmedics.com,yes,ok,https://ncmobileivmedics.com,medspa,"nad+, glutathione",3
IV Hydration Therapy,neupathmind.com,info@neupathmind.com,info@neupathmind.com,yes,ok,https://neupathmind.com,medspa,GLP-1 weight loss peptides,3
New Life Healthcare,newlifehc.com,info@newlifehc.com,info@newlifehc.com,yes,ok,https://newlifehc.com,vendor,glutathione,3
NewMClinic,newmclinic.com,info@newmclinic.com,info@newmclinic.com,yes,ok,https://newmclinic.com,medspa,"nad+, glutathione",3
New Skin Medical Spa,newskinmedicalspa.com,info@newskinmedicalspa.com,info@newskinmedicalspa.com,yes,ok,https://newskinmedicalspa.com,medspa,"semaglutide, tirzepatide, glutathione",4
"IV Therapy in El Dorado Hills, Ca",norcalwell.com,info@norcalwell.com,info@norcalwell.com,yes,ok,https://norcalwell.com,medspa,,3
North Georgia IV and Wellness,northgaiv.com,northgaivmd@gmail.com,northgaivmd@gmail.com; northgaiv@gmail.com,yes,ok,https://northgaiv.com,medspa,"nad+, glutathione",3
IV therapy,nouveauwellnessandhealth.com,healthnouveau7@gmail.com,healthnouveau7@gmail.com,yes,ok,https://nouveauwellnessandhealth.com,medspa,"semaglutide, tirzepatide, nad+, glutathione",9
Renew Me Medical Group,npempoweredwellness.com,np@npempoweredwellness.com,np@npempoweredwellness.com,yes,ok,https://npempoweredwellness.com,medspa,,1
NU IMAGE WELLNESS & SPA,nuimagewv.com,nuimagewv@gmail.com,nuimagewv@gmail.com,yes,ok,https://nuimagewv.com,medspa,,2
Nur Healing Center,nurhealingcenter.com,nurhealingcenterllc@gmail.com,nurhealingcenterllc@gmail.com,yes,ok,,medspa,,3
N.Y.A. Med Spa,nyamedspa.com,info@nyamedspa.com,info@nyamedspa.com,yes,ok,https://nyamedspa.com,medspa,,1
"IV Hydration Therapy in Mount Vernon, NY",nzurimonadaaesthetics.com,info@nzurimonadaaesthetics.com,info@nzurimonadaaesthetics.com,yes,ok,https://nzurimonadaaesthetics.com,medspa,,1
Oasis Beauty Medical Aesthetics,oasisbeauty.life,life@oasisbeauty.me,life@oasisbeauty.me,yes,ok,https://oasisbeauty.life,medspa,,1
Oasis Drip Hydration & Wellness Spa,oasisdrip.com,contact@oasisdrip.com,contact@oasisdrip.com,yes,ok,https://oasisdrip.com,medspa,glutathione,3
IV Hydration Therapy,obaslab.com,info@obaslab.com,services@obaslab.com; info@obaslab.com,yes,ok,https://obaslab.com,medspa,glutathione,3
Ocean Health Center,oceanhealthcenter.com,info@oceanhealthcenter.com,info@oceanhealthcenter.com,yes,ok,https://oceanhealthcenter.com,medspa,GLP-1 weight loss peptides,4
Omni Lux Med Spa,omniluxmedspa.com,info@omniluxmedspa.com,info@omniluxmedspa.com,yes,ok,https://omniluxmedspa.com,medspa,,1
One Mountain Aesthetics and Wellness,onemountainwellness.com,kelly@onemountainwellness.com,kelly@onemountainwellness.com,yes,ok,https://onemountainwellness.com,medspa,glutathione,3
REJUVENATE IV,optimantra.com,support@optimantra.freshdesk.com,support@optimantra.freshdesk.com; support@optimantra.zendesk.com,yes,ok,https://optimantra.com,medspa,,4
Opulent Aesthetics,opulentaestheticsms.com,opulentaesthetics@yahoo.com,opulentaesthetics@yahoo.com,yes,ok,https://opulentaestheticsms.com,medspa,,1
"Gameday Men's Health Pickerington, OH",oxygenairtherapy.com,info@oxygenairtherapy.com,info@oxygenairtherapy.com; dalynino@yahoo.com,yes,ok,https://oxygenairtherapy.com,medspa,,2
Cendant Stem Cell Centers,ozonetherapydurango.com,kimberly@ozonetherapydurango.com,kimberly@ozonetherapydurango.com,yes,ok,https://ozonetherapydurango.com,medspa,,1
"Recovery IV Therapy in Pasadena, CA",parfairehealth.com,reception@parfairehealth.com,reception@parfairehealth.com,yes,ok,https://parfairehealth.com,medspa,"nad+, glutathione",7
Primary Care Plus Aesthetics,pcareplusaesthetics.com,info@pcareplusaesthetics.com,info@pcareplusaesthetics.com,yes,ok,https://pcareplusaesthetics.com,medspa,"ipamorelin, tesamorelin",5
Precision Phoenix Mobile IV,phoenixazmobileiv.com,info@phoenixazmobileiv.com,info@phoenixazmobileiv.com,yes,ok,https://phoenixazmobileiv.com,medspa,"nad+, glutathione",3
IV Therapy,prairiehealthwellness.com,info@prairiehealthwellness.com,info@prairiehealthwellness.com,yes,ok,https://prairiehealthwellness.com,medspa,glutathione,2
"IV Therapy in Clifton, NJ",premier-healthgroup.com,info@premier-healthgroup.com,info@premier-healthgroup.com,yes,ok,https://premier-healthgroup.com,medspa,,2
PrimeHealth Denver Functional Medicine,primehealthdenver.com,consults@primehealthdenver.com,consults@primehealthdenver.com,yes,ok,https://primehealthdenver.com,medspa,,1
Proper Eu Medical and Aesthetics Center,propereu.com,info@propereu.net,info@propereu.net,yes,ok,https://propereu.com,medspa,GLP-1 weight loss peptides,4
Pure Alchemy Wellness,purealchemywellness.com,info@purealchemywellness.com,info@purealchemywellness.com,yes,ok,https://purealchemywellness.com/contact,vendor,nad+,4
Pure Balance: Hormones,purebalance-wellness.com,info@purebalance-wellness.com,info@purebalance-wellness.com,yes,ok,https://purebalance-wellness.com,medspa,"semaglutide, tirzepatide, glutathione",7
Pure Bliss Aesthetics,pureblissaesthetics.com,info@pureblissaesthetics.com,botoxbliss@gmail.com; info@pureblissaesthetics.com,yes,ok,https://pureblissaesthetics.com,medspa,GLP-1 weight loss peptides,3
IV Therapy,purehealthmedicine.com,info@purehealthmedicine.com,info@purehealthmedicine.com,yes,ok,https://purehealthmedicine.com,medspa,,4
"IV Hydration In Marietta, Georgia",purehealthmedicine.org,info@purehealthmedicine.org,info@purehealthmedicine.org,yes,ok,https://purehealthmedicine.org,medspa,,2
Pure IV & Aesthetics Med Spa,pureivhydrationspa.com,info@pureivhydrationspa.com,info@pureivhydrationspa.com,yes,ok,https://pureivhydrationspa.com,medspa,glutathione,4
Pure Radiance Med Spa and Wellness,pureradiancemedspas.com,info@pureradiancemedspas.com,info@pureradiancemedspas.com,yes,ok,https://pureradiancemedspas.com,medspa,,1
Quench IV Hydration Bar,quenchalabama.com,info@quenchalabama.com,info@quenchalabama.com,yes,ok,https://quenchalabama.com,medspa,nad+,2
Quik Drip Mobile IV,quikdripmobileiv.com,admin@quikdripmobileiv.com,admin@quikdripmobileiv.com,yes,ok,https://quikdripmobileiv.com,medspa,"nad+, glutathione",3
Radiant Reflections Aesthetics & Wellness,radiantreflectionscospg.com,radiant.reflections.aesthetics25@gmail.com,radiant.reflections.aesthetics25@gmail.com,yes,ok,https://radiantreflectionscospg.com,medspa,GLP-1 weight loss peptides,3
Spa Innovations,re-wellness.com,clinic@re-wellness.com,clinic@re-wellness.com,yes,ok,https://re-wellness.com,medspa,,1
Re-Wellness & IV Bar,re-wellnessandivbar.com,info@re-wellnessandivbar.com,info@re-wellnessandivbar.com,yes,ok,https://re-wellnessandivbar.com,medspa,GLP-1 weight loss peptides,3
Reclaim Med Spa & Wellness,reclaimmedspastl.com,info@reclaimmedspastl.com,info@reclaimmedspastl.com,yes,ok,https://reclaimmedspastl.com,medspa,,2
IV Therapy,redbankrehab.com,info@redbankrehab.com,info@redbankrehab.com,yes,ok,https://redbankrehab.com,medspa,,1
Redefine Med Spa,redefinemedne.com,redefinemed@gmail.com,redefinemed@gmail.com,yes,ok,https://redefinemedne.com,medspa,,3
Refreshed M.D.,refreshedmd.com,hello@refreshedmd.com,hello@refreshedmd.com,yes,ok,https://refreshedmd.com,medspa,,1
Home,regainoptimalhealth.com,optimalhealthsolution1@gmail.com,optimalhealthsolution1@gmail.com,yes,ok,https://regainoptimalhealth.com,medspa,semaglutide,4
Prime IV Hydration & Wellness,regenerationmedicalspa.com,regenerationutah@gmail.com,regenerationutah@gmail.com,yes,ok,https://regenerationmedicalspa.com,medspa,GLP-1 weight loss peptides,3
Regeneration Pittsburgh,regenpitt.com,info@regenpitt.com,regenpitt@gmail.com; info@regenpitt.com,yes,ok,https://regenpitt.com,medspa,,1
ReGen Rx,regenrxhelp.com,info@regenrxhelp.com,info@regenrxhelp.com,yes,ok,https://regenrxhelp.com,medspa,,2
ReHydration Station and More,rehydrationstationok.com,info@rehydrationstationok.com,info@rehydrationstationok.com,yes,ok,https://rehydrationstationok.com,medspa,"tirzepatide, glutathione",6
Rejuvenate Indy,rejuvenate-indy.com,info@rejuvenate-indy.com,jessica@rejuvenate-indy.com; connect@rejuvenate-indy.com; info@rejuvenate-indy.com,yes,ok,https://rejuvenate-indy.com,medspa,GLP-1 weight loss peptides,6
Riverchase Dermatology,rejuvenate-ivhydration.com,rejuvenatemobileiv@gmail.com,rejuvenatemobileiv@gmail.com,yes,ok,https://rejuvenate-ivhydration.com,medspa,,3
Isola Cryo Studio,rejuvn8.com,rejuvn8@rejuvn8.com,rejuvn8@rejuvn8.com,yes,ok,https://rejuvn8.com,medspa,GLP-1 weight loss peptides,4
Renew IV Therapy & Wellness Andover,renewivtherapy.com,contact@renewivtherapy.com,contact@renewivtherapy.com,yes,ok,https://renewivtherapy.com,medspa,"semaglutide, tirzepatide, nad+",7
Restore You,restore-you.com,info@restore-you.com,info@restore-you.com,yes,ok,https://restore-you.com,medspa,,4
IV Vitamin Therapy,revitalizeivwellnessenid.com,kaelyn.hedges@outlook.com,kaelyn.hedges@outlook.com,yes,ok,https://revitalizeivwellnessenid.com,medspa,,1
Revitalize Wellness & Med Spa,revitalizemedspawyo.com,revitalizewyo@gmail.com,revitalizewyo@gmail.com,yes,ok,https://revitalizemedspawyo.com,medspa,,2
Revita Luxe,revitaluxemedspa.com,revitaluxemedspa@gmail.com,revitaluxemedspa@gmail.com,yes,ok,https://revitaluxemedspa.com,medspa,GLP-1 weight loss peptides,7
Revive RN,revive-rn.com,admin@revive-rn.com,mpincus@revive-rn.com; jozawamorriello@revive-rn.com; admin@revive-rn.com,yes,ok,https://revive-rn.com,medspa,"nad+, glutathione",3
RevIVe IV and Wellness,reviveloungekc.com,info@reviveloungekc.com,info@reviveloungekc.com,yes,ok,https://reviveloungekc.com,medspa,,1
Molecular and Cellular Therapeutics,revivemdmsp.com,info@revivemdmsp.com,info@revivemdmsp.com,yes,ok,https://revivemdmsp.com,medspa,,2
"IV Vitamin Therapy in Malden, MA",revivemedi.com,info@revivemedi.com,info@revivemedi.com,yes,ok,https://revivemedi.com,medspa,semaglutide,6
RevIVe IV Vitamin Bar,revivewellnessbar.com,revivewellnessbar@gmail.com,revivewellnessbar@gmail.com,yes,ok,https://revivewellnessbar.com,medspa,glutathione,2
Revive Wellness MedSpa,revivewellnessmedspa.com,admin@revivewellnessmedspa.com,admin@revivewellnessmedspa.com; %20info@revivewellnessmedspa.com,yes,ok,https://revivewellnessmedspa.com,medspa,"nad+, glutathione",5
IV Therapy in Wisconsin,revivewellnesswi.com,revivewellness920@gmail.com,revivewellness920@gmail.com,yes,ok,https://revivewellnesswi.com,medspa,"bpc-157, glutathione",5
Road Runner Wellness,roadrunnerwellnessnm.com,sharonjoek@outlook.com,sharonjoek@outlook.com,yes,ok,https://roadrunnerwellnessnm.com,medspa,"semaglutide, tirzepatide",5
IV Therapy,rockcreekwellness.com,admin@rockcreekwellness.com,admin@rockcreekwellness.com,yes,ok,https://rockcreekwellness.com,medspa,"nad+, glutathione",4
IV Hydration Treatments in Boston,rtwessentialwellness.com,info@rtwessentialwellness.com,info@rtwessentialwellness.com,yes,ok,https://rtwessentialwellness.com,medspa,nad+,2
IV Therapy Lounge,rysnyc.com,rysdrip@gmail.com,rysdrip@gmail.com,yes,ok,https://rysnyc.com,medspa,glutathione,2
Mobile IV Therapy and Hydration Draper,saltcityiv.com,lindsay.slciv@gmail.com,lindsay.slciv@gmail.com,yes,ok,https://saltcityiv.com,medspa,"nad+, glutathione",6
Samsara Aesthetics and Wellness,samsaraky.com,info@samsaraky.com,info@samsaraky.com,yes,ok,https://samsaraky.com,medspa,GLP-1 weight loss peptides,4
"IV Therapy & Immune Boost in Kearney & Lincoln, NE",schrockmedical.com,kelseys@schrockmedical.com,kelseys@schrockmedical.com,yes,ok,https://schrockmedical.com,medspa,,1
Beverly MA Drip Bar,sianaaesthetics.com,info@sianaaesthetics.com,info@sianaaesthetics.com; first.last@gmail.com,yes,ok,https://sianaaesthetics.com,medspa,semaglutide,3
IV Therapy in Connecticut,skinmedct.com,skinmedct@gmail.com,skinmedct@gmail.com,yes,ok,https://skinmedct.com,medspa,GLP-1 weight loss peptides,3
Skinova Medspa,skinovamedspa.com,contact@skinovamedspa.com,contact@skinovamedspa.com,yes,ok,https://skinovamedspa.com,medspa,GLP-1 weight loss peptides,2
Skin Refresh Med Spa,skinrefreshmedspa.com,glpappas62@msn.com,glpappas62@msn.com,yes,ok,https://skinrefreshmedspa.com,medspa,,1
Ascend Aesthetics,slimdownne.com,hello@slimdownne.com,hello@slimdownne.com,yes,ok,https://slimdownne.com,medspa,GLP-1 weight loss peptides,2
SoBo Aesthetics,soboaesthetics.com,erica@soboaesthetics.com,erica@soboaesthetics.com,yes,ok,https://soboaesthetics.com,medspa,,1
State of Infusion,soinfusion.com,info@soinfusion.com,info@soinfusion.com,yes,ok,https://soinfusion.com,medspa,"bpc-157, tb-500, nad+, ipamorelin, cjc-1295, mots-c",18
Pulse IV Therapy,soleilholistic.com,admin@soleilholistic.com,admin@soleilholistic.com,yes,ok,https://soleilholistic.com,medspa,,4
Solutions Medical Center,solutionsmedicalcenter.com,info@solutionsmedicalcenter.com,info@solutionsmedicalcenter.com,yes,ok,https://solutionsmedicalcenter.com,medspa,"nad+, glutathione",3
SOMA Skin & Sculpt Med Spa,somaskinandsculpt.com,info@somaskinandsculpt.com,info@somaskinandsculpt.com,yes,ok,https://somaskinandsculpt.com,medspa,GLP-1 weight loss peptides,2
"IV Therapy, Myers' Cocktail, NAD+ and More",sorellamedspa.com,hello@sorellamedspa.com,hello@sorellamedspa.com,yes,ok,https://sorellamedspa.com,medspa,"nad+, glutathione",3
Source of Life IV and Wellness,sourceoflifeiv.com,info@sourceoflifeiv.com,info@sourceoflifeiv.com,yes,ok,https://sourceoflifeiv.com,medspa,GLP-1 weight loss peptides,4
Statera Vitae Medspa,stateravitaemedspa.com,stateraviatemedspa@gmail.com,stateraviatemedspa@gmail.com; stateravitaemedspa@gmail.com,yes,ok,https://stateravitaemedspa.com,medspa,"semaglutide, liraglutide, nad+, sermorelin, selank, aod-9604",16
"IV Therapy in Westminster, CO, at Strive Direct Health",strivedirecthealth.com,brad@strivedirecthealth.com,brad@strivedirecthealth.com,yes,ok,https://strivedirecthealth.com,medspa,,2
Studio G Aesthetics,studiogaesthetics.com,info@studiogaesthetics.com,info@studiogaesthetics.com,yes,ok,https://studiogaesthetics.com,medspa,,1
Summit Health and Wellness,summithealthlv.com,cdukewellness@gmail.com,cdukewellness@gmail.com,yes,ok,https://summithealthlv.com,medspa,"nad+, glutathione",3
Optimum Health Wellness & Med Spa,summitwellnessutah.com,khall@summitwellnessutah.com,khall@summitwellnessutah.com,yes,ok,https://summitwellnessutah.com,medspa,GLP-1 weight loss peptides,5
SwiftDrip,swiftdrip.io,hello@swiftdrip.io,hello@swiftdrip.io,yes,ok,https://swiftdrip.io,vendor,"nad+, glutathione",2
Sycamore Integrative Health Center,sycamorechiro.com,info@sycamorechiro.com,info@sycamorechiro.com,yes,ok,https://sycamorechiro.com,medspa,"nad+, glutathione",4
Synergy Integrative Health,synergyintegrativehealth.net,info@synergyintegrativehealth.net,info@synergyintegrativehealth.net,yes,ok,https://synergyintegrativehealth.net,medspa,,1
Tailored To You Med Spa + Weight Loss Clinic,tailoredtoyouclinic.com,shellyselland@gmail.com,shellyselland@gmail.com,yes,ok,https://tailoredtoyouclinic.com,medspa,GLP-1 weight loss peptides,6
Taochemy: Whole-Body Wellness,taochemy.com,hello@taochemy.com,hello@taochemy.com; careers@taochemy.com,yes,ok,https://taochemy.com,medspa,"semaglutide, tirzepatide, nad+, glutathione",7
Twilight Center Clinic & Spa,thefaceplace225.com,info@www.thefaceplace225.com,info@www.thefaceplace225.com; info@thefaceplace225.com,yes,ok,https://thefaceplace225.com,medspa,GLP-1 weight loss peptides,2
The Face Place,thefaceplacecolumbia.zoca.com,faceplacedayspa@gmail.com,faceplacedayspa@gmail.com,yes,ok,https://thefaceplacecolumbia.zoca.com,medspa,glutathione,2
IV Drip Hydration,thehealthhax.com,info@thehealthhax.com,info@thehealthhax.com,yes,ok,https://thehealthhax.com,medspa,nad+,2
"Mobile IV Therapy Services Boston and Worcester, Massachusetts",theivnurses.com,services@theivnurses.com,services@theivnurses.com,yes,ok,https://theivnurses.com,medspa,"nad+, dsip, glutathione",6
The Kissed Peach,thekissedpeach.com,hello@thekissedpeach.com,kirstin@thekissedpeach.com; hello@thekissedpeach.com,yes,ok,https://thekissedpeach.com,medspa,GLP-1 weight loss peptides,4
"Liquid Lounge, LLC",theliquidloungeiv.com,info@theliquidloungeiv.com,info@theliquidloungeiv.com,yes,ok,https://theliquidloungeiv.com,medspa,GLP-1 weight loss peptides,3
Carnation Spa,theluxepractitioner.com,info@theluxepractitioner.com,info@theluxepractitioner.com; mailtoinfo@theluxepractitioner.com,yes,ok,https://theluxepractitioner.com,medspa,"semaglutide, tirzepatide",5
The Perfect Poke,theperfectpoke.com,theperfectpoke1@gmail.com,theperfectpoke1@gmail.com,yes,ok,https://theperfectpoke.com,medspa,nad+,3
Posh Aesthetics & Med Spa,theposhaesthetic.com,sonya.stansbury@theposhaesthetic.com,sonya.stansbury@theposhaesthetic.com,yes,ok,https://theposhaesthetic.com,medspa,"tirzepatide, semaglutide",6
"IV Therapy in Coralville, IA",theradiancemedicalspa.com,theradiancemedicalspa@gmail.com,theradiancemedicalspa@gmail.com,yes,ok,https://theradiancemedicalspa.com,medspa,,2
The Ratio by BodyMath,theratiobybodymath.com,theratiobbm@gmail.com,theratiobbm@gmail.com,yes,ok,https://theratiobybodymath.com,medspa,"semaglutide, tirzepatide",7
CNS Infusions,therevivedoc.com,info@therevivedoc.com,info@therevivedoc.com,yes,ok,https://therevivedoc.com,medspa,"nad+, glutathione",3
NAD & Immune Boost Infusion IV Hydration Therapy Near You,therosebloom.com,info@therosebloom.com,info@therosebloom.com,yes,ok,https://therosebloom.com,medspa,"nad+, glutathione",3
"IV Therapy Palmetto Bay & Miami, FL",theskinlocal.com,info@theskinlocal.com,info@theskinlocal.com; midtown@theskinlocal.com,yes,ok,https://theskinlocal.com,medspa,,2
Urban You Medical Aesthetics and Wellness,theurbanyou.com,hello@theurbanyou.com,hello@theurbanyou.com,yes,ok,https://theurbanyou.com,medspa,"nad+, glutathione",7
The Vine IV,thevineiv.com,info@thevineiv.com,info@thevineiv.com,yes,ok,https://thevineiv.com,medspa,,1
Thrive Beauty Spa,thrivebeautyspa.com,info@thrivebeautyspa.com,thrivebeautyspa@gmail.com; info@thrivebeautyspa.com,yes,ok,https://thrivebeautyspa.com,medspa,,2
"IV Therapy & Cold Plunge In Bloomsburg, PA",together4healthwellness.com,info@together4healthwellness.com,info@together4healthwellness.com,yes,ok,https://together4healthwellness.com,vendor,kpv,1
"IV Hydration in Sterling Heights, MI",tricountymedicalclinic.com,frontdesk@tricountymedicalclinic.com,frontdesk@tricountymedicalclinic.com,yes,ok,https://tricountymedicalclinic.com,medspa,GLP-1 weight loss peptides,2
True Heal Wellness,truehealwellness.com,help@truehealwellness.com,help@truehealwellness.com,yes,ok,https://truehealwellness.com/contact-us,medspa,"semaglutide, tirzepatide, retatrutide, survodutide, bpc-157, tb-500",47
Cornerstone Progressive Health,upstream.care,info@upstream.care,info@upstream.care,yes,ok,https://upstream.care,medspa,,5
Wellness Services,vanishedaesthetics.com,csc@vanishedaesthetics.com,csc@vanishedaesthetics.com,yes,ok,https://vanishedaesthetics.com,medspa,"thymosin beta-4, thymosin alpha-1, nad+, ipamorelin, sermorelin, tesamorelin",23
VanityMD Luxury Aesthetics Medspa,vanitymd.com,contact@vanitymd.com,contact@vanitymd.com,yes,ok,https://vanitymd.com,medspa,,1
Vasu Skin Solutions,vasuskinsolutions.com,info@vasuskinsolutions.com,info@vasuskinsolutions.com,yes,ok,https://vasuskinsolutions.com,medspa,glutathione,1
VELAISANCE AESTHETICS L.L.C.,velaisance.com,client@velaisance.com,client@velaisance.com,yes,ok,https://velaisance.com,medspa,GLP-1 weight loss peptides,4
Venus Aesthetics Miami,venusaestheticsmiami.com,info@venusaestheticsmiami.com,info@venusaestheticsmiami.com,yes,ok,https://venusaestheticsmiami.com,medspa,"semaglutide, tirzepatide, retatrutide, bpc-157, tb-500, ipamorelin",13
Venus Med Spa,venusmedspacarlsbad.com,venus.carlsbad@gmail.com,venus.carlsbad@gmail.com,yes,ok,https://venusmedspacarlsbad.com,medspa,,1
Vianka Aesthetic Med Spa & Body Sculpting,viankamedspa.com,viankamedspa@gmail.com,viankamedspa@gmail.com,yes,ok,https://viankamedspa.com,medspa,,2
"IV Therapy in Bentonville, AR",vibrantnwa.com,bevibrant@vibrantnwa.com,bevibrant@vibrantnwa.com,yes,ok,https://vibrantnwa.com,medspa,,1
Vida Functional Aesthetics,vidafunctionalaesthetics.com,info@vidafunctionalaesthetics.com,info@vidafunctionalaesthetics.com,yes,ok,https://vidafunctionalaesthetics.com,medspa,,1
Vikara Esthetics,vikaraesthetics.com,admin@vikaraesthetics.com,admin@vikaraesthetics.com,yes,ok,https://vikaraesthetics.com,medspa,GLP-1 weight loss peptides,4
Vincent Surgical Arts & Medspa,vincentsurgicalarts.com,info@vincentsurgicalarts.com,info@vincentsurgicalarts.com; frontdesk@vincentsurgicalarts.com,yes,ok,https://vincentsurgicalarts.com,medspa,GLP-1 weight loss peptides,2
Viso Juve,visojuve.com,hello@visojuve.com,hello@visojuve.com,yes,ok,https://visojuve.com,medspa,,1
Vitali Medspa,vitalimedspa.com,info@vitalimedspa.com,info@vitalimedspa.com,yes,ok,https://vitalimedspa.com,medspa,GLP-1 weight loss peptides,4
"Vitality Eternal Med Spa in Chicago, Illinois",vitalityeternal.com,vitalityeternalmedspa@gmail.com,vitalityeternalmedspa@gmail.com,yes,ok,https://vitalityeternal.com,medspa,,1
Vitality Wellness & Beyond,vitalitywellnessandbeyond.com,darren@vitalitywellnessandbeyond.com,darren@vitalitywellnessandbeyond.com,yes,ok,https://vitalitywellnessandbeyond.com,medspa,glutathione,2
Vitamin Sea IV,vitaminsea-iv.com,denise.s@vitaminsea-iv.com,denise.s@vitaminsea-iv.com,yes,ok,https://vitaminsea-iv.com,medspa,nad+,2
Vita Nova Medical Spa,vitanovamedspa.com,info@vitanovamedspa.com,info@vitanovamedspa.com,yes,ok,https://vitanovamedspa.com,medspa,semaglutide,2
IV Therapy,vitaskintn.com,theteam@vitaskintn.com,theteam@vitaskintn.com,yes,ok,https://vitaskintn.com,medspa,nad+,4
Vitology MedSpa,vitologymedspas.com,info@vitologymedspas.com,info@vitologymedspas.com; drrickramos@vitologymedspas.com; director@vitologymedspas.com; evag07203@gmail.com; fabiolaconcha2@gmail.com,yes,ok,https://vitologymedspas.com,medspa,semaglutide,5
Viva IV Therapy,vivatherapy.com,info@vivatherapy.com,info@vivatherapy.com,yes,ok,https://vivatherapy.com,medspa,"nad+, glutathione",7
Viva Wellness & IV Therapy,vivawellnessiv.com,info@vivawellnessiv.com,info@vivawellnessiv.com,yes,ok,https://vivawellnessiv.com,medspa,nad+,2
Vivo Infusion Jacksonville,vivoinfusion.com,info@vivoinfusion.com,info@vivoinfusion.com,yes,ok,https://vivoinfusion.com,medspa,,1
VizBo Med Spa,vizbomedspa.com,vizbomedspa@gmail.com,vizbomedspa@gmail.com,yes,ok,https://vizbomedspa.com,medspa,,1
Walnut Creek Aesthetics,walnutcreekaesthetics.com,info@walnutcreekaesthetics.com,info@walnutcreekaesthetics.com,yes,ok,https://walnutcreekaesthetics.com,medspa,,1
Alora Medical Spa and Wellness Center,wcjcobgyn.com,wcjc@wcjcobgyn.com,wcjc@wcjcobgyn.com,yes,ok,https://wcjcobgyn.com,medspa,,1
Wei Aesthetic Institute,weiaesthetics.com,info@weiaesthetics.com,info@weiaesthetics.com,yes,ok,https://weiaesthetics.com,medspa,,1
Weiler Plastic Surgery,weilerplasticsurgery.com,info@weilerplasticsurgery.com,info@weilerplasticsurgery.com,yes,ok,https://weilerplasticsurgery.com,medspa,GLP-1 weight loss peptides,4
Atlantis Aesthetics,welcometoatlantis.com,info@welcometoatlantis.com,info@welcometoatlantis.com,yes,ok,https://welcometoatlantis.com,medspa,,1
well iv hydration,wellhydration.com,info@wellhydration.com,info@wellhydration.com,yes,ok,https://wellhydration.com,vendor,"semaglutide, tirzepatide, glutathione",7
Wellnest Aesthetic Lounge,wellnestaesthetics.com,info@wellnestaesthetics.com,hello@wellnestaesthetics.com; info@wellnestaesthetics.com,yes,ok,https://wellnestaesthetics.com,medspa,"nad+, glutathione",7
Valley Naturopathic & Acupuncture,wholebodywa.com,office@wholebodywa.com,office@wholebodywa.com,yes,ok,https://wholebodywa.com,medspa,,1
Wisteria Med Spa,wisteriamedspa.com,info@wisteriamedspa.com,info@wisteriamedspa.com,yes,ok,https://wisteriamedspa.com,medspa,GLP-1 weight loss peptides,2
Women's Wellness Center,womenswellnesscentermd.com,info@womenswellnesscentermd.com,info@womenswellnesscentermd.com,yes,ok,https://womenswellnesscentermd.com,medspa,,1
Worcester BTX & Aesthetics,worcesterbtx.com,contact@worcesterbtx.com,contact@worcesterbtx.com,yes,ok,https://worcesterbtx.com,medspa,semaglutide,4
Wright’s Med Spa,wrightsmedspa.org,ericawright@wrightsmedspa.org,ericawright@wrightsmedspa.org,yes,ok,https://wrightsmedspa.org,medspa,,1
XEL Med Spa,xelmedspa.com,xelmedspa@gmail.com,xelmedspa@gmail.com,yes,ok,https://xelmedspa.com,medspa,GLP-1 weight loss peptides,3
XO Medical Spa,xomedspa.com,info@xomedspa.com,info@xomedspa.com,yes,ok,https://xomedspa.com,medspa,GLP-1 weight loss peptides,3
Yancy Harmony Spa,yancyharmonyspa.com,yancyvs@gmail.com,yancyvs@gmail.com,yes,ok,https://yancyharmonyspa.com,medspa,"semaglutide, tirzepatide, nad+",4
"Martin P. Goldman, MD & Jay A. Goldman, LAc.",yastheticsnyc.com,yasthetics@outlook.com,yasthetics@outlook.com,yes,ok,https://yastheticsnyc.com,medspa,GLP-1 weight loss peptides,3
IV Hydration Therapy,youmustbedrippin.com,youmustbedrippin@yahoo.com,youmustbedrippin@yahoo.com,yes,ok,https://youmustbedrippin.com,medspa,"nad+, glutathione",3
Young Aesthetics,youngaestheticsboise.com,hello@youngaestheticsboise.com,hello@youngaestheticsboise.com; admin@youngaestheticsboise.com,yes,ok,https://youngaestheticsboise.com,medspa,glutathione,1
IV hydration Therapy,yourharmonyhealth.com,info@yourharmonyhealth.com,info@yourharmonyhealth.com; team@yourharmonyhealth.com,yes,ok,https://yourharmonyhealth.com,medspa,glutathione,9
Youthful Spirit Aesthetics,youthfulspiritaesthetics.com,lavona@youthfulspiritaesthetics.com,youthfulspiritaesthetics@gmail.com; lavona@youthfulspiritaesthetics.com; aesthetics@gmail.com,yes,ok,https://youthfulspiritaesthetics.com,medspa,GLP-1 weight loss peptides,2
Zen Aesthetics Medspa,zenaestheticsmedspa.com,zenwellnessva@gmail.com,zenwellnessva@gmail.com,yes,ok,https://zenaestheticsmedspa.com,medspa,"nad+, glutathione",7
Zia Medical Aesthetics,ziamedicalaesthetics.com,info@ziamedicalaesthetics.com,info@ziamedicalaesthetics.com,yes,ok,https://ziamedicalaesthetics.com,medspa,,1
Zoya Medical Orlando,zoyamedicalorlando.com,zoyamedicalorlando@gmail.com,zoyamedicalorlando@gmail.com,yes,ok,https://zoyamedicalorlando.com,medspa,semaglutide,5
Recover Cold Plunge Contrast Therapy Float Spa and Infrared Sauna,...|doylestown.thedripbar.com,,,,unreachable,,,,
"Megan Schlick, ND",180aging.com,contact@180aging.com,contact@180aging.com,yes,no_peptides,https://180aging.com/contact-us/,vendor,,0
201 Aesthetics,201aesthetics.com,aesthetics201@outlook.com,aesthetics201@outlook.com,yes,no_peptides,https://201aesthetics.com,medspa,,0
"Dr. Robin Mayfield, DC, ACN",360jasmineacupuncture.com,,,,no_email,,vendor,,0
3B's Beauty,3bsbeautyspa.square.site,3bsbeauty@gmail.com,3bsbeauty@gmail.com; n3bsbeauty@gmail.com,,no_peptides,https://3bsbeautyspa.square.site,vendor,,0
3 Degrees Infrared Sauna Studio,3degreeshudson.com,,,,unreachable,,,,
444IV Wellness Lounge,444ivwellness.com,,,,no_email,,vendor,,0
4Beauty Medspa,4beautymedspa.com,,,yes,no_email,https://4beautymedspa.com,medspa,"nad+, glutathione",8
4Ever Young Med Spa & Wellness Center,4everyoungantiaging.com,,,yes,no_email,https://4everyoungantiaging.com,medspa,"semaglutide, tirzepatide",7
719 Revive Med Spa,719-revivemedspa.com,,,,unreachable,,,,
7 Seas Medical Spa,7seasmedspa.com,,,yes,no_email,https://7seasmedspa.com,medspa,,0
Blue Sky Med Spa,a.mktgcdn.com,,,,unreachable,,,,
HydraMed,a.storyblok.com,,,,unreachable,,,,
Rouje Beauty Boutique,a360mke.com,,,yes,no_email,https://a360mke.com,medspa,,0
Anti-Aging Centers of Connecticut,aacofct.com,,,,no_email,https://aacofct.com,medspa,,0
AAFE Medspa Cleveland,aafemedspa.com,,,yes,no_email,https://aafemedspa.com,medspa,,1
Abington Center Medi Spa,abingtoncentermedispa.com,hello@abingtoncentermedispa.com,hello@abingtoncentermedispa.com,yes,no_peptides,https://abingtoncentermedispa.com/contact-us/,medspa,,0
About Touch,abouttouch.com,info@abouttouch.com,info@abouttouch.com,yes,no_peptides,https://abouttouch.com,medspa,,0
QC Kinetix (West Columbia),aboutyouaesthetics.com,,,yes,no_email,https://aboutyouaesthetics.com,medspa,glutathione,2
Gafnea Health & Wellness Clinic,absolutehealthwellness.com,stefanie@absolutehealthwellness.com,stefanie@absolutehealthwellness.com,yes,no_peptides,https://absolutehealthwellness.com,medspa,,0
Access IV Vitamin Lounge,accessinfusionlounge.com,,,,unreachable,,,,
"All Care Clinical Services, LLC / Botox, EmSculpt Neo, IV Infusions, R",accschicago.com,,,,no_email,,vendor,,0
Gameday Men's Health Eagle ID,activehealthnwellness.com,,,yes,no_email,https://activehealthnwellness.com,medspa,,0
ActIV Hydration and Wellness,activhydrationandwellness.com,,,yes,no_email,https://activhydrationandwellness.com,medspa,"semaglutide, nad+, glutathione",5
Acu Massage,acumassage.glossgenius.com,acumassage123@gmail.com,acumassage123@gmail.com,yes,no_peptides,https://acumassage.glossgenius.com,medspa,,0
Franco Wellness & Aesthetics,adanfranco.co,adanfranco.co@gmail.com,adanfranco.co@gmail.com,yes,already known,https://adanfranco.co/contact,medspa,,1
Advanced Aesthetics,advancedaestheticslv.com,,,yes,no_email,https://advancedaestheticslv.com,medspa,semaglutide,4
Advanced Dermal Health & Aesthetics,advanceddermalhealth.com,,,yes,no_email,https://advanceddermalhealth.com,medspa,nad+,2
Advanced Medspa IV lounge & Oxygen bar,advancedmedfargo.com,,,,no_email,,vendor,,0
"IV Vitamin & Mineral Therapy in Jackson, TN",advancedrehabjackson.com,,,yes,no_email,https://advancedrehabjackson.com,medspa,,2
"Revive Medical Spa, LLC Rogers",advancedskinmd.com,,,yes,no_email,https://advancedskinmd.com,medspa,,0
Advanced Wellness Spa,advancedwellspa.com,,,,no_email,https://advancedwellspa.com,medspa,,0
AdventHealth Infusion Center,adventhealth.com,,,yes,no_email,https://adventhealth.com,medspa,GLP-1 weight loss peptides,2
A&E MED SPA LLC,aemedspa.net,,,yes,no_email,https://aemedspa.net,medspa,,0
Aesthetica Med Spa of San Diego,aestheticamedspasd.com,aestheticamedspasd@gmail.com,aestheticamedspasd@gmail.com,yes,already known,https://aestheticamedspasd.com,medspa,"bpc-157, sermorelin, epithalon, pt-141, ghk-cu, glutathione",9
Aesthetic Boutique Medspa,aestheticboutiquemedspa.com,,,,no_email,https://aestheticboutiquemedspa.com,vendor,,0
Snatched Aesthetic Wellness,aestheticclinicaustin.com,,,yes,no_email,https://aestheticclinicaustin.com,medspa,nad+,1
Scalp Micro Pro Clinic,aestheticouture.com,info@aestheticouture.com,acmedspa@gmail.com; info@aestheticouture.com,yes,no_peptides,https://aestheticouture.com,medspa,,0
Aesthetics & Weightloss,aestheticsandweightloss.com,,,yes,no_email,https://aestheticsandweightloss.com,medspa,GLP-1 weight loss peptides,2
IV Hydration Therapy Kissimmee FL,aestheticsbyjennifer.com,info@aestheticsbyjennifer.com,info@aestheticsbyjennifer.com,yes,no_peptides,https://aestheticsbyjennifer.com/contact,medspa,,0
SPA Aesthetics,aestheticsbyspa.com,,,yes,no_email,https://aestheticsbyspa.com,medspa,,0
AESTHX,aesthx.com,,,yes,no_email,https://aesthx.com,medspa,,0
AfterGlo Skincare,aftergloskincare.com,,,yes,no_email,https://aftergloskincare.com,medspa,,0
Ageless Medical Aesthetics,agelessinspired.com,agelessmedicalinfo@gmail.com,agelessmedicalinfo@gmail.com,yes,already known,https://agelessinspired.com,medspa,"semaglutide, nad+, sermorelin",9
Ageless Medical Spa,agelesslaser.com,,,yes,no_email,https://agelesslaser.com,medspa,,0
Ageless Men's Health,agelessmenshealth.com,,,,unreachable,,,,
Ageless Mi MedSpa,agelessmimedspa.com,,,yes,no_email,https://agelessmimedspa.com,medspa,,0
Ageless Medical Spa,agelesspa.com,,,,unreachable,,,,
Ageless Women’s Health,agelesswomenshealth.com,,,,no_email,https://agelesswomenshealth.com,medspa,semaglutide,6
Eva's Esthetica Day Spa,ajkpt.myaestheticrecord.com,,,,no_email,https://ajkpt.myaestheticrecord.com,vendor,,0
The DRIPBaR Alamo Heights,alamo-heights.thedripbar.com,,,,no_email,,vendor,,0
Espérance Spa,alchimie-spa.com,contact@alchimie-spa.com,contact@alchimie-spa.com; academy@alchimie-spa.com,,no_peptides,https://alchimie-spa.com,vendor,,0
Alex Alexa Medispa,alexalexa.com,,,,no_email,,vendor,,0
G Balance Med Spa,alfamedspa.com,,,yes,no_email,https://alfamedspa.com,medspa,GLP-1 weight loss peptides,3
Alicia Med Spa,aliciamedspa.com,,,,no_email,https://aliciamedspa.com,vendor,,0
"All About U Aesthetics, LLC",allaboutuaesthetics.com,,,yes,no_email,https://allaboutuaesthetics.com,medspa,,0
Vida Aesthetics and Wellness,allmyvida.com,info@allmyvida.com,info@allmyvida.com,,no_peptides,https://allmyvida.com,medspa,,0
Alloura Med Spa,allouramedspa.com,info@allouramedspa.com,info@allouramedspa.com,yes,no_peptides,https://allouramedspa.com,medspa,,0
All Revive Wellness,allrevivehealthandwellness.com,,,yes,no_email,https://allrevivehealthandwellness.com,vendor,,0
IV Infusions in Ohio,allswellwellness.com,,,,no_email,https://allswellwellness.com/about-us,vendor,,0
Allure Aesthetics & Medical Spa,allureaestheticsmedicalspa.com,,,,no_email,https://allureaestheticsmedicalspa.com,medspa,,0
Allure Aesthetics,allureaestheticssd.square.site,allureaesllc@gmail.com,allureaesllc@gmail.com,,no_peptides,,vendor,,0
Allure Med Spa,alluremedicalofmaine.com,info@alluremedicalofmaine.com,info@alluremedicalofmaine.com,yes,no_peptides,https://alluremedicalofmaine.com,medspa,,0
Skinspirit,almontespa.com,info@almontespa.com,info@almontespa.com,yes,no_peptides,https://almontespa.com,vendor,,0
ALOderma Med Spa,alodermaspa.com,,,,unreachable,,,,
"Premium IV Therapy in Marietta, GA",amachimedspa.com,,,,no_email,,vendor,,0
Foster Serenity,amandafoster1.glossgenius.com,fosterserenityllc@gmail.com,fosterserenityllc@gmail.com,yes,no_peptides,https://amandafoster1.glossgenius.com,vendor,,0
Silhouette Skin & Body Spa,amazingfaceky.com,amazingfaceky@gmail.com,amazingfaceky@gmail.com,yes,no_peptides,https://amazingfaceky.com,medspa,,0
Amber Wellness Group,amberwellnessgroup.com,,,,no_email,,vendor,,0
Vitamin IV Therapy,amibareskin.com,,,yes,no_email,https://amibareskin.com,medspa,,1
Massage One,amtamembers.com,support@amtamembers.com,support@amtamembers.com,yes,no_peptides,https://amtamembers.com,vendor,,0
BionwoRx,andersonlongevityclinic.com,,,,no_email,https://andersonlongevityclinic.com,medspa,"sermorelin, pt-141",5
Angel Rose Aesthetics & Wellness,angelroseaestheticsandwellness.com,,,,no_email,,vendor,,0
Silver Door Holistic Spa Angie Blunk. ND,angieblunknd.com,,,,unreachable,,,,
Dr. Anna MD & MedSpa,annamd.com,info@annamd.com,info@annamd.com,yes,no_peptides,https://annamd.com,medspa,,0
Evolution Health and Wellness,anti-agingdocs.com,,,yes,no_email,https://anti-agingdocs.com,medspa,GLP-1 weight loss peptides,10
BeAti Acupuncture Wellness Clinic,antiagingwellnessmd.com,,,yes,no_email,https://antiagingwellnessmd.com,medspa,GLP-1 weight loss peptides,4
IV Therapy,api.leadconnectorhq.com,,,,no_email,,vendor,,0
Internal Med Spa,app.glossgenius.com,,,,no_email,https://app.glossgenius.com,vendor,,0
Aesthetics Lab,app.joinmoxie.com,,,,no_email,https://app.joinmoxie.com,vendor,,0
Ivy Infusions & Med Spa,app.remedly.com,,,,no_email,https://app.remedly.com/contact-us,vendor,,0
Iowa HBOT,appointments.mychirotouch.com,,,,no_email,https://appointments.mychirotouch.com,vendor,,0
"IV Therapy in Franklin, TN",aprestigeaesthetics.com,,,,no_email,,vendor,,0
Associated Plastic Surgeons & Med Spa,apskc.com,socialmanagedkc4@gmail.com,socialmanagedkc4@gmail.com,yes,no_peptides,https://apskc.com,medspa,,0
Lowcountry Male Clinic,aquavitality.com,,,yes,no_email,https://aquavitality.com,medspa,"semaglutide, nad+, sermorelin, aod-9604, tirzepatide",17
Perspire Sauna Studio,ariaspas.com,,,,unreachable,,,,
Ari Blanc Medical Spa,ariblancmedicalspa.com,,,yes,no_email,https://ariblancmedicalspa.com,medspa,,0
Arlee Massage Clinic,arleemassage.com,,,yes,no_email,https://arleemassage.com,medspa,,0
Arnica Acupuncture and Wellness,arnicajh.com,vita@arnicajh.com,vita@arnicajh.com,yes,no_peptides,https://arnicajh.com,medspa,,0
Salt & Light Wellness Center of Cabot,arrefreshwellness.com,,,,unreachable,,,,
Art & Beauty Salon,art-beauty-102435.square.site,,,,no_email,,vendor,,0
Advanced Skin and Body Solutions,asbs.com,,,,unreachable,,,,
Ascending Wellness Massage Therapy,ascendingwellnessmassage.com,,,,no_email,,vendor,,0
Forest Massage Spa,asianmassageor.com,,,yes,no_email,https://asianmassageor.com,vendor,,0
Aspen Medical Aesthetics & Laser Clinic,aspenmedispa.com,,,,unreachable,,,,
LifeWorks Integrative Health,aspirehealthkc.com,,,yes,no_email,https://aspirehealthkc.com,medspa,,0
Aspire Plastic Surgery and Medical Spa,aspireplasticsurgery.com,reach@aspireplasticsurgery.com,reach@aspireplasticsurgery.com,yes,no_peptides,https://aspireplasticsurgery.com,medspa,,0
IV Drip Therapy,aspirevitality.com,,,,unreachable,,,,
"IV Therapy in Montgomery, AL",assets.auroramedspaclinic.com,,,,unreachable,,,,
"Mobile IV Therapy Services in Burleson County, Texas",assets.cdn.filesafe.space,,,,unreachable,,,,
"IV Vitamin Therapy in Butte, MT",assets.flawlessmedicalspa.com,,,,unreachable,,,,
"IV Hydration, Injectables, and Peptides in Roseville, CA",assets.geminihealthandwellness.com,,,,unreachable,,,,
Mobile IV Service in Pittsburgh,assets.letsbatch.io,,,,unreachable,,,,
LIVE Hydration Spa Cary,assets.locations.livehydrationspa.com,,,,unreachable,,,,
"MaineHealth Cancer Care, Blood Disorders and IV Therapy",assets.mainehealth.io,,,,unreachable,,,,
The Drip Mobile IV,assets.marketspread.com,,,,unreachable,,,,
Live Hydration,assets.simpleviewinc.com,,,,unreachable,,,,
The Spa at MPS,assets.thespaatmps.com,,,,unreachable,,,,
About Us,assets.zyrosite.com,,,,unreachable,,,,
Asteria Spa,asteriaspa.com,,,,no_email,https://asteriaspa.com,medspa,,0
Augusta Massage and Facial Studio,augustamassagetherapist.com,,,,unreachable,,,,
Aura Holistic & Metaphysical Wellness + Crystal Shop,auraholisticwellness.com,info@auraholisticwellness.com,info@auraholisticwellness.com,yes,no_peptides,https://auraholisticwellness.com,vendor,,0
Aurora Medical Spa,auroramedicalspa.com,,,yes,no_email,https://auroramedicalspa.com,medspa,,0
Avail Aesthetics,availaesthetics.com,info@availaesthetics.com,info@availaesthetics.com,yes,no_peptides,https://availaesthetics.com,medspa,,0
Avery’s Health and Wellness,averysmedspa.org,averysmedspa@hotmail.com,averysmedspa@hotmail.com,yes,already known,https://averysmedspa.org,medspa,GLP-1 weight loss peptides,3
Avita Health and Wellness: Michigan's Leading IV Therapy Service,avitahw.com,,,yes,no_email,https://avitahw.com,medspa,GLP-1 weight loss peptides,4
Avivage Massage,avivagemassage.com,,,yes,no_email,https://avivagemassage.com,medspa,,0
Awaken For Wellness + SweatWorks Studio,awakenforwellness.com,info@awakenforwellness.com,info@awakenforwellness.com,yes,no_peptides,https://awakenforwellness.com,medspa,,0
A Wellness Day Spa,awellnessdayspa.com,,,yes,no_email,https://awellnessdayspa.com,vendor,mots-c,1
Axis Salon Studio of Des Moines.,axishair.com,,,yes,no_email,https://axishair.com,vendor,,0
IV Therapy Houston,b286892.smushcdn.com,,,,unreachable,,,,
Badger State Hydrate & Badger Glow,badgerstatehydrate.com,badgerstatehydrate@gmail.com,badgerstatehydrate@gmail.com,yes,already known,https://badgerstatehydrate.com,medspa,"semaglutide, tirzepatide, nad+, sermorelin, glutathione",15
Bair Medical Spa,bairmedicalspa.com,info@bairmedicalspa.com,info@bairmedicalspa.com,yes,no_peptides,https://bairmedicalspa.com,medspa,,0
Balanced Healing Salt + Sauna,balancedhealingsaltandsauna.com,owner@balancedhealingsaltandsauna.com,owner@balancedhealingsaltandsauna.com,yes,no_peptides,https://balancedhealingsaltandsauna.com,medspa,,0
Precision Health and Wellness,balancedlivingfm.com,,,,no_email,https://balancedlivingfm.com,vendor,,0
Pause West Des Moines,balancehormonecenter.com,,,,no_email,,vendor,,0
"Gameday Men's Health Norman, OK",balancehormoneoklahoma.com,,,yes,no_email,https://balancehormoneoklahoma.com,medspa,sermorelin,4
Balance Infusion & Wellness,balanceinfusionwellness.com,,,,no_email,,vendor,,0
Vivid Aesthetics,balancemedicaldayspa.com,,,yes,no_email,https://balancemedicaldayspa.com,medspa,semaglutide,5
Hyper Health Wellness Center,balanceoflifeclinic.com,,,yes,no_email,https://balanceoflifeclinic.com,medspa,"nad+, glutathione",4
Infusion Care,baptisthealth.net,international@baptisthealth.net,international@baptisthealth.net; helpcareondemand@baptisthealth.net,yes,no_peptides,https://baptisthealth.net,medspa,,0
Oasis Spa at Baptist Health/Milestone Wellness Center,baptistmilestone.com,,,,unreachable,,,,
Bare Aesthetics NJ,bareaestheticsnj.glossgenius.com,,,,no_email,https://bareaestheticsnj.glossgenius.com,medspa,GLP-1 weight loss peptides,2
Barely Blushing,barelyblushingvt.com,barelyblushingvt@gmail.com,barelyblushingvt@gmail.com,yes,no_peptides,https://barelyblushingvt.com,vendor,,0
The Health Center For Integrative Medicine,bareskin-laser.com,info@bareskin-laser.com,info@bareskin-laser.com,yes,no_peptides,https://bareskin-laser.com,medspa,,0
Bare Esthetics,bareskinandnailstudio.com,,,,unreachable,,,,
"Jamie Clayton Spano, Medical Esthetician",barevt.com,,,yes,no_email,https://barevt.com,medspa,semaglutide,5
Barr Aesthetics,barraesthetics.com,info@barraesthetics.com,info@barraesthetics.com,yes,no_peptides,https://barraesthetics.com,medspa,,0
"IV Hydration in Pompano Beach, FL",beachbodymedspa.com,,,yes,no_email,https://beachbodymedspa.com,medspa,"semaglutide, tirzepatide, bpc-157, tb-500, thymosin alpha-1, nad+",32
AIRE Ancient Baths New York · Tribeca,beaire.com,,,,no_email,https://beaire.com/contact,vendor,,0
Beaute Enhanced Medical Aesthetics and wellness,beauteenhancedmedspa.com,,,yes,no_email,https://beauteenhancedmedspa.com,medspa,"semaglutide, tirzepatide",7
Beautiful Skin KC,beautifulskinkc.com,,,yes,no_email,https://beautifulskinkc.com,medspa,,0
Beauty Anew Med Spa,beautyanewmedspa.com,,,,no_email,https://beautyanewmedspa.com,medspa,,1
Beauty by Bev,beautybybevllc.com,,,yes,no_email,https://beautybybevllc.com,medspa,,0
TheraTouch Massage & Wellness Inc,beautybycore.com,,,,no_email,https://beautybycore.com,vendor,,0
Beauty Centric Spa,beautycentricspa.com,,,,no_email,https://beautycentricspa.com,vendor,,0
Beauty Concepts & Day Spa,beautyconceptswv.com,,,,no_email,,vendor,,0
Beauty For Life LLC,beautyforlifellc.com,beautyforlifellc@gmail.com,beautyforlifellc@gmail.com,yes,no_peptides,https://beautyforlifellc.com/contact,vendor,,0
Beauty Haus,beautyhausnd.com,,,,unreachable,,,,
"Beauty Therapy MedSpa, LLC",beautytherapymedspa.com,,,,unreachable,,,,
BeBalanced Natural Hormone Weight Loss,bebalancedcenters.com,,,,no_email,,vendor,,0
beem® Light Sauna,beemlightsauna.com,,,,no_email,https://beemlightsauna.com,vendor,,0
Begin SalonSpa,beginsalonspa.com,betsybegin@gmail.com,betsybegin@gmail.com,yes,already known,https://beginsalonspa.com,medspa,semaglutide,3
The Indy Med Spa,beindy.com,,,yes,no_email,https://beindy.com,medspa,nad+,4
Bella Aesthetica Medical Spa,bellaaestheticamedicalspa.com,,,yes,no_email,https://bellaaestheticamedicalspa.com,medspa,"semaglutide, tirzepatide",7
BellaBotox,bellabotox.wix.com,,,,unreachable,,,,
Bella Cosa Med Spa,bellacosaspa.com,,,yes,no_email,https://bellacosaspa.com,medspa,semaglutide,3
Velvet Allure by Dr. Corpia Keyes,bellaluxemedicalspa.com,,,,no_email,,vendor,,0
Medical Spa,bellamobileaesthetics.myaestheticrecord.com,,,,no_email,https://bellamobileaesthetics.myaestheticrecord.com,medspa,,0
Bellasee™Beauty,bellaseemedspa.com,,,,no_email,,vendor,,0
Ennu Crestview Hills (previously 25 Again & NAVA Medspa),bellavaaesthetics.com,bellavaaesthetics@gmail.com,bellavaaesthetics@gmail.com,,no_peptides,https://bellavaaesthetics.com,medspa,,0
Bella Vida Aesthetics & Wellness,bellavidaaesthetics.com,,,,no_email,,vendor,,0
Belle Beauty Care Vein Scan & Treatment Center,bellebeautycare.com,,,,unreachable,,,,
Belle Rose Aesthetics,belleroseaesthetics.glossgenius.com,info@belleroseaesthetics.com,info@belleroseaesthetics.com,yes,no_peptides,https://belleroseaesthetics.glossgenius.com,medspa,,0
Belle Sante Med Spa,bellesantemedspa.com,,,yes,no_email,https://bellesantemedspa.com,medspa,,0
Nikki Lynn Aesthetics,bellesoulaesthetics.com,,,,no_email,,vendor,,0
The Cryo House,bellevietoday.com,,,yes,no_email,https://bellevietoday.com,medspa,"semaglutide, nad+",7
Bellisimo Med Spa and Laser Center,bellisimospacom.simplybook.net,bellisimoz@gmail.com,bellisimoz@gmail.com,,no_peptides,https://bellisimospacom.simplybook.net,vendor,,0
Bellíssimo Luxury Nails,bellissimoluxurynails406.glossgenius.com,bellissimonails406@gmail.com,bellissimonails406@gmail.com,yes,no_peptides,https://bellissimoluxurynails406.glossgenius.com,vendor,,0
Below Zero Cryo & Beauty,belowzerobeauty.glossgenius.com,belowzerobeautystudio@gmail.com,belowzerobeautystudio@gmail.com,yes,no_peptides,https://belowzerobeauty.glossgenius.com,vendor,,0
Bengtson Center for Aesthetics & Plastic Surgery,bengtsoncenter.com,,,yes,no_email,https://bengtsoncenter.com,medspa,GLP-1 weight loss peptides,3
Berry Blonde Spa,berryblondespa.com,,,,no_email,https://berryblondespa.com,vendor,,0
Bethel Massage Therapy Spa,bethelmassagetherapyspa.onbuildhealth.com,,,yes,no_email,https://bethelmassagetherapyspa.onbuildhealth.com,medspa,,0
Better Life Carolinas,betterlifecarolinas.com,,,yes,no_email,https://betterlifecarolinas.com,medspa,"semaglutide, tirzepatide",3
Betty's Bath & Day Spa,bettysbath.com,,,yes,no_email,https://bettysbath.com,vendor,,0
IV Treatment Troy & Birmingham,betweenthelinesaesthetics.com,,,yes,no_email,https://betweenthelinesaesthetics.com,medspa,,1
Be Well Medical Clinic,bewellmedicalok.com,,,yes,no_email,https://bewellmedicalok.com,medspa,"semaglutide, tirzepatide",10
"IV Infusion Therapy in Edgewater, NJ",beyondthesurfaceaesthetics.com,,,,unreachable,,,,
Revitalize Your Body with Pure Hydration IV Drip Therapy,beyourbestyouhealthandwellness.com,,,,unreachable,,,,
Beyoutiful Wellness Clinic & Rapid Labs LLC,beyoutifulclinic.com,beyoutiful39402@gmail.com,beyoutiful39402@gmail.com,,no_peptides,https://beyoutifulclinic.com,vendor,,0
NexGen Health And Wellness,bflmemphis.com,,,yes,no_email,https://bflmemphis.com,medspa,"pt-141, semaglutide, tirzepatide, liraglutide",15
Elevate IV Hydration & Med Spa,bgjot.myaestheticrecord.com,,,,no_email,https://bgjot.myaestheticrecord.com,vendor,,0
BHAV SPA,bhavspa.com,bhavspa@gmail.com,bhavspa@gmail.com,yes,no_peptides,https://bhavspa.com,vendor,,0
IV Hydration Lone Tree CO,biglifecolorado.com,,,,no_email,https://biglifecolorado.com,vendor,GLP-1 weight loss peptides,2
Ferrari Facial Aesthetics,bilst.myaestheticrecord.com,,,,no_email,https://bilst.myaestheticrecord.com,medspa,,0
IV Therapy and NAD+ NYC,biograph.com,info@biograph.com,info@biograph.com,yes,no_peptides,https://biograph.com,medspa,,0
IV THERAPY,biohackcryowellness.com,biohackcryowellness@gmail.com,biohackcryowellness@gmail.com,yes,no_peptides,https://biohackcryowellness.com,medspa,,0
Biohackr Health,biohackr.health,,,yes,no_email,https://biohackr.health,medspa,"semaglutide, nad+, sermorelin, glutathione",17
BioRestore NH,biorestorenh.com,,,,no_email,,vendor,,0
Biotherapy Clinic/Colonics/Acupuncture,biotherapy-clinic.com,,,yes,no_email,https://biotherapy-clinic.com,medspa,,0
JUST IV THERAPY,birdeye.com,,,yes,no_email,https://birdeye.com,medspa,,0
Pure Skin Aesthetic & Laser Center,bismarckbotox.com,,,yes,no_email,https://bismarckbotox.com,medspa,,0
Hydrate GA,bizidex.com,support@bizidex.com,support@bizidex.com; stephenhodgkiss1@gmail.com,yes,no_peptides,https://bizidex.com,vendor,,0
Cypress Cryotherapy,bladeswellness.com,,,yes,no_email,https://bladeswellness.com,medspa,nad+,5
Blissful Infinity,blissful-infinity.chrone.work,,,,unreachable,,,,
Blissfusion Wellness Lounge,blissfusion.as.me,,,,unreachable,,,,
Mobile IV Therapy,blissmobileiv.com,,,yes,no_email,https://blissmobileiv.com,medspa,"nad+, glutathione",3
Bliss Therapeutic Massage and Spa,blisstherapeuticmassage.as.me,,,,unreachable,,,,
Blix Clinical Aesthetics & Laser,blixclinical.com,info@blixclinical.com,info@blixclinical.com,yes,no_peptides,https://blixclinical.com,medspa,,0
Blossüm Aesthetics Co. Med Spa,blossumaesthetics.com,,,,no_email,https://blossumaesthetics.com,medspa,,0
Indianola IV offers personalized intravenous therapy,bloximages.newyork1.vip.townnews.com,,,,unreachable,,,,
Blue Water Spa,bluewaterspa.com,,,,no_email,,vendor,,0
IV Vitamin Therapy,blurrdlines.com,blurrdlines11@gmail.com,blurrdlines11@gmail.com,,no_peptides,https://blurrdlines.com,medspa,,0
Gameday Men's Health Middleton,blurwi.com,info@blurwi.com,info@blurwi.com; booking@blurwi.com,yes,no_peptides,https://blurwi.com,medspa,,0
Blush and Grey,blushandgreymedspa.com,,,yes,no_email,https://blushandgreymedspa.com,medspa,,0
Peak Vitality,blvd.app,,,,no_email,https://blvd.app,vendor,,0
Infusion Services,bmhsc.org,,,yes,no_email,https://bmhsc.org,medspa,,0
"Body & Sole, LLC",bodyandsolemassage.massagetherapy.com,massagefortcollins@gmail.com,massagefortcollins@gmail.com; massagevermillion@gmail.com,yes,no_peptides,https://bodyandsolemassage.massagetherapy.com,vendor,,0
"IV Nutrition Therapy Center Elkridge, MD",bodybalancemd.com,,,,no_email,,vendor,,0
Body Bella Day Spa,bodybelladayspa.com,,,,unreachable,,,,
Body Elements of Health LLC,bodyelementsofhealth.com,,,,unreachable,,,,
Body Evolution Spa,bodyevolutionspa.com,relax@bodyevolutionspa.com,relax@bodyevolutionspa.com,yes,no_peptides,https://bodyevolutionspa.com,vendor,,0
Bodysculpt Columbus,bodysculptcolumbus.com,,,,unreachable,,,,
Lite Medical Clinic PLLC,bodytechsrx.com,,,,no_email,https://bodytechsrx.com,vendor,,0
Bonita Beauty Studio • Head Spa,bonitabeautystudio.org,,,,no_email,https://bonitabeautystudio.org,vendor,,0
Klarity Ketamine Clinic,book.getweave.com,,,,no_email,https://book.getweave.com,vendor,,0
LI Hydration,booking.hydreight.com,,,,no_email,,vendor,,0
Platinum IV Therapy,booking.mangomint.com,,,,no_email,https://booking.mangomint.com,vendor,,0
Restore Hyper Wellness,booking.restore.com,,,,no_email,https://booking.restore.com,vendor,,0
INJX Aesthetics,bookinjx.com,,,yes,no_email,https://bookinjx.com,medspa,,0
Renew at Seventh,bookskinalchemy.com,,,,unreachable,,,,
Boss Gal Beauty Bar,bossgalbeautybar.com,booking@bossgalbeautybar.com,booking@bossgalbeautybar.com,yes,no_peptides,https://bossgalbeautybar.com,medspa,,0
Jasmine Acupuncture,boston.dexafit.com,boston@dexafit.com,boston@dexafit.com,yes,already known,https://boston.dexafit.com,medspa,GLP-1 weight loss peptides,2
Boston X,bostonx.myaestheticrecord.com,,,,no_email,https://bostonx.myaestheticrecord.com,vendor,,0
Bourbon & Blush Salon and Spa,bourbonandblushspa.com,,,,no_email,https://bourbonandblushspa.com,vendor,,0
"New Hope OM, LLC",boutiquewellnessnc.com,,,yes,no_email,https://boutiquewellnessnc.com,medspa,semaglutide,6
"IV Nutrition Bowling Green, KY",bowling-green-ky.thedripbar.com,,,,no_email,,vendor,,0
Total Body Health,brecksville.zivel.com,brecksville@zivel.com,brecksville@zivel.com; zivelbrecksville@gmail.com,yes,no_peptides,https://brecksville.zivel.com,medspa,,0
Brickell Cosmetic Center-Aesthetics & Dermatology,brickellcosmetic.com,,,yes,no_email,https://brickellcosmetic.com,medspa,,0
Brilliant Massage & Skin,brilliantmassageandskin.com,info@brilliantmassageandskin.com,69192f3e5b974e7a989d90bb66ecb474@brilliantmassageandskin.com; info@brilliantmassageandskin.com; inquiries@brilliantmassageandskin.com,yes,no_peptides,https://brilliantmassageandskin.com,vendor,,0
Bronzed N Beautiful,bronzednbeautiful.com,,,yes,no_email,https://bronzednbeautiful.com,medspa,,0
Between the Lines Aesthetics PLLC,btlaestheticsnh.com,,,,no_email,https://btlaestheticsnh.com,medspa,,0
Bumble Lane,bumblelane.com,,,,no_email,https://bumblelane.com,vendor,,0
IV Infusion Therapy Treatments Near You,burickcenter.com,,,,no_email,,vendor,,0
Burton's Classic Hair Co.,burtonshair.com,burtonshair@gmail.com,burtonshair@gmail.com,yes,no_peptides,https://burtonshair.com,vendor,,0
Functional Beauty Medical Spa Ventura,calivingweightloss.com,,,,no_email,,vendor,,0
"M. Bradley Calobrace, MD, FACS",caloaesthetics.com,,,yes,no_email,https://caloaesthetics.com,medspa,,0
Cameo Skin and Body Wellness,cameoskinandbody.com,,,yes,no_email,https://cameoskinandbody.com,medspa,,0
The DRIPBaR Cape Girardeau,cape-girardeau-mo.thedripbar.com,,,,no_email,,vendor,,0
IV Nutrition Now opens its doors in Rehoboth Beach,capegazette.com,newsroom@capegazette.com,newsroom@capegazette.com; viewpoints@capegazette.com; adsales@capegazette.com; subscribe@capegazette.com; chrisr@capegazette.com; jen@capegazette.com; nickroth@capegazette.com; charity@capegazette.com,yes,no_peptides,https://capegazette.com,vendor,,0
Tight Club,capitalchirodsm.com,,,yes,no_email,https://capitalchirodsm.com,medspa,,0
Capitol Ketamine and Wellness,capitolketamineandwellness.com,,,yes,no_email,https://capitolketamineandwellness.com,medspa,,0
IV Therapy,care-one.com,,,yes,no_email,https://care-one.com,medspa,,0
GlowRx IV Drip Bar & Medspa,carecredit.com,,,yes,no_email,https://carecredit.com,medspa,,0
In-Home IV Therapy & Infusions,caretechinc.com,info@caretechinc.com,info@caretechinc.com,yes,no_peptides,https://caretechinc.com,vendor,,0
Carolina Day Spa,carolinadayspa.com,,,,unreachable,,,,
Honolulu Botox & Filler Doctor,carolynmaimd.com,,,yes,no_email,https://carolynmaimd.com,medspa,,0
The DRIPBaR Carrollwood,carrollwood.thedripbar.com,,,,no_email,,vendor,,0
Caruna Med Spa & Laser Center,carunamedspa.com,,,,no_email,,vendor,,0
Evoke Morale Med Spa,casacontour.com,,,,no_email,https://casacontour.com,vendor,,0
CasaGlow MedSpa,casaglow.com,,,yes,no_email,https://casaglow.com,medspa,,0
Catalyst Medical Center,catalystmedicalcenter.com,wecare@catalystmedicalcenter.com,wecare@catalystmedicalcenter.com,yes,no_peptides,https://catalystmedicalcenter.com,medspa,,0
Causey Med Aesthetic,causeymedaesthetic.com,info@causeymedaesthetic.com,contact@causeymedaesthetic.com; info@causeymedaesthetic.com,yes,no_peptides,https://causeymedaesthetic.com,medspa,,0
IV Therapy in Decatur,cbaclinic.com,,,,no_email,,vendor,,0
C&D Medical Aesthetics,cdmedicalaesthetics.com,,,yes,no_email,https://cdmedicalaesthetics.com,medspa,"semaglutide, tirzepatide, sermorelin",12
Prime IV Hydration & Wellness,cdn-files.eu.placewise.com,,,,unreachable,,,,
Float 207,cdn.b12.io,,,,unreachable,,,,
FOREVER YOUNG BHRT,cdn.durable.co,,,,unreachable,,,,
IV Health Club,cdn.hibuwebsites.com,,,,unreachable,,,,
"Mobile RN blends IV therapy, wellness services with on-the-go ...",cdn.owensborotimes.com,,,,unreachable,,,,
Lee Sheffield Infusion Center,cdn.providence.org,,,,no_email,https://cdn.providence.org,medspa,,0
The Game-Changer: IV Therapy Experience at IVme Wellness + Aesthetics,cdn.thelocalmomsnetwork.org,,,,unreachable,,,,
Drip Hydration,cdn2.birdeye.com,,,,unreachable,,,,
Rejuve Aesthetics & Wellness,cefgn.myaestheticrecord.com,,,,no_email,https://cefgn.myaestheticrecord.com,medspa,,0
CenterPeace Wellness,centerpeace-wellness.zoca.ai,,,,unreachable,,,,
OsteoStrong,centers.osteostrong.me,,,,no_email,https://centers.osteostrong.me,vendor,,0
Aesthetics21 Medspa and Wellness Clinic,centralparkwestmedspa.com,,,,unreachable,,,,
Hydration Room,chambermaster.blob.core.windows.net,,,,unreachable,,,,
IV Therapy Durham NC,chapelhillwellness.com,,,,unreachable,,,,
Restoration Bar,charlottetherapies.com,cryotherapyportcharlotte@gmail.com,cryotherapyportcharlotte@gmail.com,yes,no_peptides,https://charlottetherapies.com,vendor,,0
Chelsea Mitchell Massage Therapy,chelseamitchell.massagetherapy.com,cjmmassage@gmail.com,cjmmassage@gmail.com,yes,no_peptides,https://chelseamitchell.massagetherapy.com,vendor,,0
Katica Body Contour,cherry-blossom-aesthetics.square.site,,,,no_email,,vendor,,0
LifeWorks Wellness Center,chillnoutclearwater.com,info@chillnoutclearwater.com,info@chillnoutclearwater.com,yes,no_peptides,https://chillnoutclearwater.com,vendor,,0
"Dayspring skin and nail, llc",chooseoptimizewellness.com,,,yes,no_email,https://chooseoptimizewellness.com,medspa,nad+,4
KÜR Modern Medical Aesthetics,chooseyourkur.com,,,yes,no_email,https://chooseyourkur.com,medspa,GLP-1 weight loss peptides,3
City Hydration Avalon,cityhydration.com,info@cityhydration.com,info@cityhydration.com,yes,no_peptides,https://cityhydration.com,vendor,,0
IV Lounge CT,citylifestyle.com,,,yes,no_email,https://citylifestyle.com,medspa,,0
CK Plastic Surgery,ckplasticsurgeryinc.com,ckplasticsurgeryinc@gmail.com,ckplasticsurgeryinc@gmail.com,yes,already known,https://ckplasticsurgeryinc.com,medspa,glutathione,2
Clair De Lune Aesthetics & Wellness,clairdelunemedspa.com,,,yes,no_email,https://clairdelunemedspa.com,medspa,,1
Clarity Health & Aesthetics,claritydpc.com,,,yes,no_email,https://claritydpc.com,medspa,"semaglutide, tirzepatide, nad+, glutathione",13
Feel Your Best with Wellness IV Therapy at The DRIPBaR Edina,clayposts.com,,,,no_email,https://clayposts.com,vendor,,0
Optimal T Clinic,clevelandivhydration.com,impallari@gmail.com,impallari@gmail.com; clevelandivhydration@gmail.com,yes,already known,https://clevelandivhydration.com/contact-us,medspa,,1
Balanced Aesthetics and Wellness,cloud-1de12d.becdn.net,,,,no_email,https://cloud-1de12d.becdn.net,vendor,GLP-1 weight loss peptides,2
Cloud 9 Skin & Beauty Bar,cloud9skinandbeautybar.com,nsaseoopwarnet@gmail.com,nsaseoopwarnet@gmail.com,yes,no_peptides,https://cloud9skinandbeautybar.com,vendor,,0
Cloud9 Med Spa,cloudninemedspadfw.com,cloudninemedspa@gmail.com,cloudninemedspa@gmail.com,yes,already known,https://cloudninemedspadfw.com/contact,medspa,semaglutide,5
Rejuvaderm MediSpa,coastaldermmedispa.com,,,,unreachable,,,,
Coastal Health Institute,coastalhealthjax.com,admin@coastalhealthjax.com,admin@coastalhealthjax.com,yes,no_peptides,https://coastalhealthjax.com,vendor,,0
Coastal Wellness- Innovative Health & Wellness Lounge,coastalwellnessmobile.com,,,yes,no_email,https://coastalwellnessmobile.com,vendor,"semaglutide, tirzepatide, nad+, glutathione",9
Infusion Center Services,codyregionalhealth.org,,,,unreachable,,,,
Columbia Aesthetic Plastic Surgery,columbiaaesthetic.com,,,yes,no_email,https://columbiaaesthetic.com,medspa,,0
Complete Wellness Spas Jersey City,completewellnessspas.com,,,yes,no_email,https://completewellnessspas.com,medspa,GLP-1 weight loss peptides,2
Mobile IV Hydration & Vitamin IV Therapy,conciergemdla.com,,,,unreachable,,,,
"Concierge Iv Therapy Service in Jackson, WY",conciergemedicaldirectory.com,,,yes,no_email,https://conciergemedicaldirectory.com,medspa,,0
Conscious Touch Holistic Healing,conscioustouchwellness.com,conscioustouchwellness@gmail.com,conscioustouchwellness@gmail.com,yes,no_peptides,https://conscioustouchwellness.com,vendor,,0
YoungerMeMD: Dr. Kenneth Varano,conshohocken.orangecryo.com,,,,unreachable,,,,
Harmony Hydration,consumer.scheduling.athena.io,,,,no_email,https://consumer.scheduling.athena.io,vendor,,0
Contour Med + Aesthetics,contourne.com,,,,unreachable,,,,
Ageless Men's Health,coreivtherapy.com,,,yes,no_email,https://coreivtherapy.com,medspa,"nad+, glutathione, kpv",10
Core Medical & Wellness,coremedicalwellness.com,,,yes,no_email,https://coremedicalwellness.com,medspa,GLP-1 weight loss peptides,4
Core Metabolix Health & Wellness,coremetabolix.online,admin@coremetabolix.com,admin@coremetabolix.com; coremetabolix.health@gmail.com,yes,no_peptides,https://coremetabolix.online,medspa,,0
CORE Wellness Center,corewellnessusa.com,info@corewellnessusa.com,info@corewellnessusa.com,yes,no_peptides,https://corewellnessusa.com,vendor,,0
Crafted Aesthetics,craftedaestheticsmt.com,craftedacademy@gmail.com,craftedacademy@gmail.com,yes,already known,https://craftedaestheticsmt.com,medspa,semaglutide,4
The DRIPBaR Cranford,cranford-nj.thedripbar.com,,,,no_email,,vendor,,0
illuma Advanced Aesthetics,crhormonehealth.com,,,yes,no_email,https://crhormonehealth.com,medspa,,4
Transform Your Health,cryogenixrr.com,cryo@cryogenixrr.com,cryo@cryogenixrr.com,yes,no_peptides,https://cryogenixrr.com,medspa,,0
Hydration Room,cryohaus.com,,,yes,no_email,https://cryohaus.com,vendor,,0
IV Therapy in El Dorado Hills,cryolab.pike13.com,,,yes,no_email,https://cryolab.pike13.com,vendor,,0
CryoWellness Studio,cryowellnessstudio.com,,,,no_email,https://cryowellnessstudio.com,medspa,,0
C&S Bodywork MedSpa,csbodywork.com,csbodywork@gmail.com,csbodywork@gmail.com,yes,no_peptides,https://csbodywork.com,medspa,,0
Calm Therapeutic Massage,ctm.massagetherapy.com,,,yes,no_email,https://ctm.massagetherapy.com,vendor,,0
Dahl House Aesthetics,dahlhouseaesthetics.com,,,yes,no_email,https://dahlhouseaesthetics.com,medspa,,0
Enhanced Wellness,dammwellnessclinic.com,impallari@gmail.com,impallari@gmail.com,yes,already known,https://dammwellnessclinic.com,medspa,tirzepatide,3
Elevate Wellness,dashboard.boulevard.io,,,,unreachable,,,,
"IV Therapy in Lone Tree, CO",datocms-assets.com,,,,unreachable,,,,
Deep Blue Med Spa,deepbluemedspa.com,,,yes,no_email,https://deepbluemedspa.com,medspa,,3
Deeper Healing Medical Wellness Center,deeperhealing.com,,,,unreachable,,,,
"Deep Tissue Massage Group, Inc.",deeptissuemassagegroup.com,,,yes,no_email,https://deeptissuemassagegroup.com,medspa,,0
Delaware House,delaware-house.com,,,yes,no_email,https://delaware-house.com,vendor,,0
Derma,derma.net,,,,no_email,https://derma.net,medspa,,0
IV Infusion Therapy,dermabare.com,,,yes,no_email,https://dermabare.com,medspa,glutathione,3
dermani MEDSPA Albuquerque,dermanimedspa.com,,,,no_email,https://dermanimedspa.com,medspa,,0
DermaWell Clinic EP,dermawellclinic.com,,,,no_email,https://dermawellclinic.com,vendor,,0
Desi Esthetics Medical Spa,desiesthetics.com,,,,no_email,https://desiesthetics.com,vendor,,0
DesignHer Medspa,designhermedspa.com,designhermedspa@gmail.com,designhermedspa@gmail.com,yes,no_peptides,https://designhermedspa.com,medspa,,0
dewySKIN holistic + corrective SPA,dewyskinspa.com,,,yes,no_email,https://dewyskinspa.com,vendor,,0
Chico Mobile IV Therapy,directory.parentprojects.com,support@parentprojects.com,support@parentprojects.com,yes,no_peptides,https://directory.parentprojects.com,medspa,,0
Diva Steam Wellness Spa,divasteamspa.com,divasupport@divasteamspa.com,divasupport@divasteamspa.com,yes,no_peptides,https://divasteamspa.com,vendor,,0
Diversions Medspa & Wellness,diversionsmedspa.com,beautybydiversions@icloud.com,beautybydiversions@icloud.com,yes,already known,https://diversionsmedspa.com,medspa,"nad+, glutathione",5
Princeton Integrated Healthcare,doc.vortala.com,,,,no_email,,vendor,,0
Dolls by Dimi,dollsbydimi.myaestheticrecord.com,,,,no_email,https://dollsbydimi.myaestheticrecord.com,vendor,,0
Dominic & Company,dominicandcompany.com,,,yes,no_email,https://dominicandcompany.com,vendor,,0
Doom Rehab and Recovery,doomrehab.com,support@doomrehab.com,support@doomrehab.com,yes,no_peptides,https://doomrehab.com,vendor,,0
Doral Health & Wellness,doralhw.org,info@doralhw.org,info@doralhw.org,yes,no_peptides,https://doralhw.org,medspa,,0
Schedule Your IV Hydration Infusion with Amy Dorner,dornerhydrationtherapy.as.me,,,,no_email,https://dornerhydrationtherapy.as.me,vendor,,0
"Top Rated IV Therapy in Downey, CA",downeycommunityhealthcenter.com,,,yes,no_email,https://downeycommunityhealthcenter.com,medspa,,1
"IV Vitamins and Nutrients in Kailua, HI",dr-lerner.com,,,yes,no_email,https://dr-lerner.com,medspa,"semaglutide, tirzepatide",17
IV Therapy Lafayette,drdelatte.com,,,yes,no_email,https://drdelatte.com,medspa,"nad+, glutathione",8
Dream Aesthetic,dreamaesthetic.myaestheticrecord.com,,,,no_email,https://dreamaesthetic.myaestheticrecord.com,medspa,,0
The Grove,dreamhouse601.com,,,,no_email,,vendor,,0
Dreamscape Ketamine & IV Lounge,dreamscapeketamine.com,,,,unreachable,,,,
La Belle Med Spa Dr E Aesthetic And Hydration clinic,drelabellemedspa.com,,,,unreachable,,,,
IV Therapy,drelenamorreale.com,,,yes,no_email,https://drelenamorreale.com,medspa,"bpc-157, tb-500, ipamorelin, cjc-1295, mots-c, aod-9604",12
Drenched Hydration,drenchedhydration.com,,,,no_email,,vendor,,0
IV Therapy Treatments,drip.obzservices.com,,,,unreachable,,,,
Drip 33 IV Therapy,drip33ivtherapy.com,,,yes,no_email,https://drip33ivtherapy.com,medspa,glutathione,2
The DRIPBaR Scottsdale,dripbarscottsdale.com,,,yes,no_email,https://dripbarscottsdale.com/contact,medspa,"semaglutide, retatrutide, bpc-157, tb-500, thymosin alpha-1, nad+",28
"IV Therapy Mooresville, NC",dripfx.com,,,,no_email,https://dripfx.com,medspa,glutathione,3
DRIP HAWAII (Waikiki) IV Wellness & Lifestyle Medspa,driphawaii.com,,,,no_email,,vendor,,0
"Nurturing You Women's Health & Wellness: Leita J. Harris, MD",driphydration.com,,,,unreachable,,,,
DRIP IV Lounge,dripivtx.com,,,,no_email,https://dripivtx.com,vendor,,0
Drip Life IV,driplifeiv.com,,,,no_email,,vendor,,0
DripNeedle Med Spa,dripneedle.square.site,,,,no_email,,vendor,,0
DRIPNSHOTS,dripnshots.com,info@dripnshots.com,info@dripnshots.com,yes,no_peptides,https://dripnshots.com/about,medspa,,0
Drip Refresh Mobile IV Therapy,driprefreshmobileiv.com,info@driprefreshmobileiv.com,info@driprefreshmobileiv.com,,no_us_signal,https://driprefreshmobileiv.com,medspa,"semaglutide, nad+, glutathione",5
On-Demand IV Therapy Services in Jacksonville l Drip to You,driptoyou.com,,,yes,no_email,https://driptoyou.com,medspa,"semaglutide, tirzepatide, retatrutide, liraglutide, nad+, sermorelin",24
IV Spa Orlando,drjaesthetics.myaestheticrecord.com,,,,no_email,https://drjaesthetics.myaestheticrecord.com,vendor,,1
IV Bar in Amherst New Hampshire,drjuliagreenspan.com,,,,no_email,https://drjuliagreenspan.com,medspa,"nad+, glutathione",5
IV Nutrient and Ozone Therapy,drlisabrent.com,,,,no_email,,vendor,,0
"Mobile IV Therapy in Boise, ID",drpiv.com,operations@drpiv.com,operations@drpiv.com,,no_peptides,https://drpiv.com,vendor,,0
Advanced Health & Wellness,drpoulos.com,,,yes,no_email,https://drpoulos.com,medspa,,0
Dr Stephen Nightingale Dermatology Aesthetic,drsnightingale.com,,,yes,no_email,https://drsnightingale.com,medspa,,0
Hyperbaric Oxygen Therapy at GBMC,drweng.com,advancedmedicine24@gmail.com,advancedmedicine24@gmail.com,yes,already known,https://drweng.com,medspa,"semaglutide, tirzepatide",5
Dr. William Numa,drwilliamnuma.com,,,,no_email,,vendor,,0
DS Skin & Lips Medical Spa,dsskinandlips.com,info@dsskinandlips.com,info@dsskinandlips.com,yes,no_peptides,https://dsskinandlips.com,medspa,,0
IV Therapy in Corona Del Mar,dw2r.com,,,,no_email,,vendor,,0
EA Medical Aesthetics Med Spa,easkincare.com,easkincare@gmail.com,easkincare@gmail.com,yes,already known,https://easkincare.com,medspa,"semaglutide, nad+, glutathione",4
Infusion Center,eastalabamahealth.org,,,yes,no_email,https://eastalabamahealth.org,medspa,,0
Outpatient Infusion Services in Eaton Rapids,eatonrapidsmedicalcenter.org,,,yes,no_email,https://eatonrapidsmedicalcenter.org,medspa,,0
Greenville location,ecmedtoyou.com,,,yes,no_email,https://ecmedtoyou.com,medspa,GLP-1 weight loss peptides,6
Hydration and Vitamin Infusions,ehr.charmtracker.com,,,,no_email,https://ehr.charmtracker.com,vendor,,0
Elase Medical Spa,elase.com,,,,no_email,https://elase.com,medspa,"tb-500, ipamorelin, sermorelin, pt-141, glutathione, 5-amino-1mq",7
Element Nine Day Spa,elementninedayspa.com,,,,unreachable,,,,
Elevate + Co.,elevateandcomke.myaestheticrecord.com,,,,no_email,https://elevateandcomke.myaestheticrecord.com,vendor,,0
Elevated Aesthetics PLLC,elevatedaestheticsllc.com,skinhealth10.km@gmail.com,skinhealth10.km@gmail.com,,no_peptides,https://elevatedaestheticsllc.com,medspa,,0
"Elevated Aesthetics and Wellness: Testosterone, IV, Botox",elevatedaw.myaestheticrecord.com,,,,no_email,https://elevatedaw.myaestheticrecord.com,medspa,,0
Elevated Beauty,elevatedbeautynow.com,,,,no_email,,vendor,,0
IV-Hydration,elevatedhealth.md,,,yes,no_email,https://elevatedhealth.md,medspa,"semaglutide, tirzepatide",4
Elevate Medical Center,elevatemedcenter.com,elevatemedicalcenter@outlook.com,elevatemedicalcenter@outlook.com,yes,already known,https://elevatemedcenter.com,medspa,"semaglutide, nad+",7
R&R Med Spa,elevatemedispa.com,info@elevatemedispa.com,info@elevatemedispa.com,yes,no_peptides,https://elevatemedispa.com,medspa,,0
Our IV Therapy Services,elevatemobileiv.com,,,yes,no_email,https://elevatemobileiv.com,medspa,glutathione,2
Wellness IV Therapy Near Me,elevatewellnessandmedspa.com,,,yes,no_email,https://elevatewellnessandmedspa.com,medspa,"semaglutide, liraglutide, nad+, glutathione",12
Elevé Wellness & Aesthetics,elevewellnessaesthetics.com,info@elevewellnessaesthetics.com,info@elevewellnessaesthetics.com,,no_us_signal,https://elevewellnessaesthetics.com,medspa,,2
Elicea Aesthetics,eliceamedspa.com,impallari@gmail.com,impallari@gmail.com,yes,no_peptides,https://eliceamedspa.com,medspa,,0
InhaleLight,eliteaestheticsllc.com,,,yes,no_email,https://eliteaestheticsllc.com,medspa,GLP-1 weight loss peptides,7
Elite Aesthetics Skin Clinic,eliteaestheticslv.com,,,yes,no_email,https://eliteaestheticslv.com,medspa,nad+,1
Elite Body Contouring MS,elitebodycontouringms.com,admin@elitebodycontouringms.com,admin@elitebodycontouringms.com,yes,no_peptides,https://elitebodycontouringms.com,vendor,,0
Elite Image One Med spa Anthem/Seven Hills,eliteimageone.com,eliteimageone@gmail.com,eliteimageone@gmail.com,yes,no_peptides,https://eliteimageone.com/contact-us,medspa,,0
BodyLogicMD of Boston,eliteinfusionspa.com,eliteinfusion.lexington@gmail.com,eliteinfusion.lexington@gmail.com,yes,already known,https://eliteinfusionspa.com,medspa,"nad+, glutathione",4
"IV Therapy in Clermont, FL",eliterecoverycryo.com,,,,no_email,https://eliterecoverycryo.com,vendor,,0
"IV Therapy Florence, KY",elleskinandbeautyco.com,info@elleskinandbeautyco.com,info@elleskinandbeautyco.com,,no_peptides,https://elleskinandbeautyco.com,medspa,,0
Elm City Wellness on Orange,elmcitywellness.com,elmcitywellness@gmail.com,elmcitywellness@gmail.com,yes,no_peptides,https://elmcitywellness.com,medspa,,0
The MedSpa & The Man Cave West by El Paso Cosmetic Surgery,elpasoplasticsurgery.com,,,yes,no_email,https://elpasoplasticsurgery.com,medspa,GLP-1 weight loss peptides,2
Ember Health,emberhealth.co,,,,no_email,,vendor,,0
"IV Therapy at Embrace Skin and Wellness in Collierville, Tennessee",embraceelectrology.com,,,,no_email,,vendor,,0
Eminence Aesthetics & Wellness,eminence-spa.com,eminence2266@gmail.com,eminence2266@gmail.com,yes,no_peptides,https://eminence-spa.com,medspa,,0
Empire Wellness & Aesthetics,empirewellnesswv.com,contact@empirewellnesswv.com,contact@empirewellnesswv.com,yes,no_peptides,https://empirewellnesswv.com,medspa,,0
Empower Recovery,empowermyrecovery.com,info@empowermyrecovery.com,info@empowermyrecovery.com,yes,no_peptides,https://empowermyrecovery.com,medspa,,0
Moedim Day Spa,energyandflow-spa.square.site,getwellwithlatora@gmail.com,getwellwithlatora@gmail.com,,no_peptides,https://energyandflow-spa.square.site,vendor,,0
Balanced Prairie Wellness Collective,engage.townsquareinteractive.com,,,,unreachable,,,,
Enhance Aesthetics,enhanceaestheticsnashville.zoca.com,,,,unreachable,,,,
Enhanced Aesthetics by Sam,enhanced-aesthetics.org,,,,unreachable,,,,
Enhanced Wellness Living,enhancedwellness.com,,,yes,no_email,https://enhancedwellness.com,medspa,,0
Enliven Health and Wellness,enlivenmedispa.com,,,,no_email,,vendor,,0
Ennu Springhurst,ennu.co,,,yes,no_email,https://ennu.co,medspa,,0
IV Injections SF,enov.one,,,yes,no_email,https://enov.one,medspa,"tirzepatide, bpc-157, tb-500, nad+, ipamorelin, cjc-1295",19
IV Nutritional Therapy,enrichdrips.com,,,yes,no_email,https://enrichdrips.com,medspa,nad+,5
ENT Aesthetics,entaesthetics.com,,,,unreachable,,,,
Envisions Medical Spa,envisionsmedspa.com,,,yes,no_email,https://envisionsmedspa.com,medspa,,0
En Vogue IV Therapy and Wellness,envogueivtherapyandwellness.com,,,yes,no_email,https://envogueivtherapyandwellness.com,medspa,"semaglutide, tirzepatide, nad+",13
Southampton Spa,envoguemedispa.com,,,yes,no_email,https://envoguemedispa.com,medspa,GLP-1 weight loss peptides,4
Envy IV Infusions,envyivinfusions.com,,,,no_email,https://envyivinfusions.com,medspa,,0
Eon Beauty,eonbeautystudio.com,impallari@gmail.com,impallari@gmail.com,,no_peptides,https://eonbeautystudio.com,medspa,,0
EOS Medical Spa,eosmedspa.com,,,yes,no_email,https://eosmedspa.com,medspa,GLP-1 weight loss peptides,3
Pure Sweat + Float Studio,equinox.com,concierge@equinox.com,concierge@equinox.com; pr@equinox.com; cancellations@equinox.com,yes,no_peptides,https://equinox.com,vendor,,0
Esana,esanamedspa.com,,,yes,no_email,https://esanamedspa.com,medspa,,0
Escape Esthetics LLC,escape-esthetics.com,,,,no_email,https://escape-esthetics.com,vendor,,0
Escape Spa,escapespa-norfolk.com,,,yes,no_email,https://escapespa-norfolk.com,vendor,,0
Essence of Eden Hydration & Wellness,essenceofedenwellness.as.me,,,,no_email,https://essenceofedenwellness.as.me,vendor,,0
Kerry Spindler Bespoke Aesthetics Spa,essentiallywellbodywork.com,essentiallywellbodywork@gmail.com,essentiallywellbodywork@gmail.com,,no_peptides,https://essentiallywellbodywork.com,vendor,,0
Esthetika MedSpa,esthetika.com,,,,unreachable,,,,
Esthétique,esthetiqueclt.com,iam@esthetiqueclt.com,iam@esthetiqueclt.com,yes,no_peptides,https://esthetiqueclt.com,medspa,,0
"IV Hydration Therapy in Corona, CA",estrellaaesthetics.com,,,yes,no_email,https://estrellaaesthetics.com,medspa,nad+,4
IV Vitamin Therapy,eternalbeautytexarkana.com,ejjacobsen85@gmail.com,ejjacobsen85@gmail.com,yes,already known,https://eternalbeautytexarkana.com,medspa,"semaglutide, tirzepatide, retatrutide, bpc-157, tb-500, thymosin alpha-1",27
"Dr. Angie Elliot ND, LAc",etherealaestheticsllc.com,,,,unreachable,,,,
Eugene Acne Clinic,eugeneacneclinic.com,,,yes,no_email,https://eugeneacneclinic.com,medspa,,0
Euphoria Skin & Wellness,euphoria-medspa.com,,,yes,no_email,https://euphoria-medspa.com,medspa,,0
Euveda Medspa & Aesthetics,euveda.com,,,,no_email,,vendor,,0
Ever/Body Flatiron,everbody.com,press@everbody.com,press@everbody.com; partnerships@everbody.com,yes,no_peptides,https://everbody.com,medspa,,0
Everglow Medical Aesthetics,everglowbyrobyn.com,robyn@everglowbyrobyn.com,robyn@everglowbyrobyn.com,,no_us_signal,https://everglowbyrobyn.com,medspa,GLP-1 weight loss peptides,3
LivAgain Wellness-IV Hydration,evexias.com,,,,unreachable,,,,
Evive Cranford Spa,evivespas.com,,,,no_email,https://evivespas.com,medspa,,0
"IV Nutritional Therapy in Eagle, Idaho",evolutionintegrativemed.com,,,,no_email,,vendor,,0
"IV Vitamin Drip Therapy Long Island, New York",evolve4health.com,,,yes,no_email,https://evolve4health.com,medspa,"nad+, glutathione",7
Evolve Aesthetics LLC,evolveaestheticsva.myaestheticrecord.com,,,,no_email,https://evolveaestheticsva.myaestheticrecord.com,medspa,,0
Evolve Apothecary and Spa,evolveapothecary.com,,,yes,no_email,https://evolveapothecary.com,vendor,,0
Evolve Med Spa,evolvemedspa.com,,,yes,no_email,https://evolvemedspa.com,medspa,,0
Exhale A Day Spa,exhaleadayspa.com,info@exhaleadayspa.com,info@exhaleadayspa.com,yes,no_peptides,https://exhaleadayspa.com,vendor,,0
Exhale Wellness Club,exhalewellnessclubschedule.as.me,,,,no_email,https://exhalewellnessclubschedule.as.me,vendor,,0
Exotica Skin Care,exoticaskincare.com,krisproykov@gmail.com,krisproykov@gmail.com,yes,no_peptides,https://exoticaskincare.com,medspa,,0
Exquisite Med Spa,exquisitemedspaok.com,,,,no_email,https://exquisitemedspaok.com,medspa,GLP-1 weight loss peptides,5
Event Hydration,external.friscochamber.com,info@friscochamber.com,info@friscochamber.com,yes,no_peptides,https://external.friscochamber.com,vendor,,0
Reboot IV Therapy Center Oceanside,faceandbodyesthetics.com,info@faceandbodyesthetics.com,info@faceandbodyesthetics.com; %20info@faceandbodyesthetics.com,yes,no_peptides,https://faceandbodyesthetics.com,medspa,,0
Face Forward Aesthetics,faceforwardaesthetics.com,,,yes,no_email,https://faceforwardaesthetics.com,medspa,"semaglutide, tirzepatide",5
FACE FOUNDRIÉ,facefoundrie.com,info@facefoundrie.com,info@facefoundrie.com,,no_peptides,https://facefoundrie.com,medspa,,0
IV Hydration,faceitbydrg.com,drips@faceitbydrg.com,drips@faceitbydrg.com,yes,no_peptides,https://faceitbydrg.com,vendor,,0
Your Cosmetic Office,facesurgery.com,,,yes,no_email,https://facesurgery.com,medspa,semaglutide,1
Facial Aesthetics,facialaestheticsinc.com,,,,unreachable,,,,
FANOUS MEDSPA,fanousmedspa.myaestheticrecord.com,,,,no_email,https://fanousmedspa.myaestheticrecord.com,medspa,,0
Fantasy Fitness & Body Sculpting,fantasyfitnessmd.com,toni@fantasyfitnessmd.com,toni@fantasyfitnessmd.com,yes,no_peptides,https://fantasyfitnessmd.com,vendor,,0
Fase Nova Medical Spa,fasenova.com,,,,no_email,https://fasenova.com/services,medspa,,0
Synergy Face + Body,feelsynergy.com,appointments@feelsynergy.com,appointments@feelsynergy.com,yes,no_peptides,https://feelsynergy.com,medspa,,0
Femme Medical & Spa,femmemedandspa.com,,,yes,no_email,https://femmemedandspa.com,medspa,,1
Flying Horse Medical Center,fhmedcenter.com,,,yes,no_email,https://fhmedcenter.com,medspa,"semaglutide, tirzepatide, bpc-157, ipamorelin, cjc-1295, ghk-cu",14
"Acute Illness, IV Therapy & Weight Loss Care for Garden City Residents",files.hivecdn.com,,,,no_email,https://files.hivecdn.com,vendor,,0
Medical Health Institute,files.medicalhealthinstitute.com,,,,unreachable,,,,
IV Hydration,fisherman.gumlet.io,,,,no_email,https://fisherman.gumlet.io,vendor,,0
Fizz Facial Bar Fayetteville,fizzfacialbar.com,info@fizzfacialbar.com,jonesboro@fizzfacialbar.com; nicholasville@fizzfacialbar.com; georgetown@fizzfacialbar.com; conway@fizzfacialbar.com; info@fizzfacialbar.com,yes,no_peptides,https://fizzfacialbar.com,medspa,,0
Sacred Paradise Spa,flagcdn.com,,,,no_email,https://flagcdn.com,vendor,,0
Fleur de Lune Skincare Boutique,fleurdeluneskin.com,info@fleurdeluneskin.com,info@fleurdeluneskin.com,yes,no_peptides,https://fleurdeluneskin.com,vendor,,0
FlexCare Infusion Centers,flexcareinfusion.com,,,,no_email,https://flexcareinfusion.com,medspa,,0
Hormone Replacement Therapy,float606.com,,,yes,no_email,https://float606.com,vendor,,0
Acupuncture Health Company,floatarete.com,theteam@floatarete.com,theteam@floatarete.com,,no_peptides,https://floatarete.com,vendor,,0
Float Seattle (Greenwood),floatseattle.com,guide@floatseattle.com,guide@floatseattle.com,yes,no_peptides,https://floatseattle.com,vendor,,0
Anti-Aging & Longevity Institute,floatus.com,,,,unreachable,,,,
FLORAWELL holistic wellness,florawellpdx.com,florawellpdx@gmail.com,florawellpdx@gmail.com,yes,no_peptides,https://florawellpdx.com,vendor,,0
In the Stix Wellness,flourishfwc.com,info@flourishfwc.com,%20info@flourishfwc.com; info@flourishfwc.com,yes,no_peptides,https://flourishfwc.com,medspa,,0
Fluid Revival Mobile IV Therapy,fluidrevival.com,,,,no_email,,vendor,,0
IV Infusion Clermont FL,footstepstowellness.com,,,yes,no_email,https://footstepstowellness.com,medspa,"semaglutide, tirzepatide, retatrutide, liraglutide, ipamorelin, sermorelin",28
"IV Therapy in Franklin & Nashville, TN",form.jotform.com,support@jotform.com,support@jotform.com,yes,no_peptides,https://form.jotform.com,vendor,,0
ThrIVe Drip Spa,form.typeform.com,,,,no_email,https://form.typeform.com,vendor,,0
Hydrate IV Bar,fortcollins.hydrateivbar.com,,,,no_email,,vendor,,0
"Hydrate Medical, IV Hydration Fort Mill",fortmill.hydratemedical.com,,,,no_email,,vendor,,0
Woodhouse Spa,fortwayne.woodhousespas.com,,,,no_email,,vendor,,0
IV Therapy for Enhanced Wellness,fortworthmedspa.com,,,yes,no_email,https://fortworthmedspa.com,medspa,,1
Forward Ketamine of Wisconsin,forwardketamine.com,brian@forwardketamine.com,brian@forwardketamine.com,yes,no_peptides,https://forwardketamine.com,medspa,,0
Fountain of Youth Medi Spa,fountainofyouthskincarebytina.com,,,yes,no_email,https://fountainofyouthskincarebytina.com,medspa,GLP-1 weight loss peptides,2
The Spa at Four Seasons Nashville,fourseasons.com,,,,unreachable,,,,
Foxy Allure Aesthetics,foxyallureaesthetics.com,,,,no_email,,vendor,,0
Freeze & Float Spa,freezefloatspa.com,,,,unreachable,,,,
Fresh Face Studio,freshfacestudio.com,,,,no_email,,vendor,,0
Fresh Skin Tulsa,freshskintulsa.com,,,,no_email,,vendor,,0
Freya's Lair Medical Spa,freyaslair.com,,,yes,no_email,https://freyaslair.com,medspa,nad+,3
Froedtert FORME Aesthetic and Vein Center,froedtert.com,financial.assistance@froedtert.com,financial.assistance@froedtert.com,yes,no_peptides,https://froedtert.com,medspa,,0
Frontier Dermatology (Eugene),frontierdermatology.com,,,,no_email,https://frontierdermatology.com,vendor,,0
The DRIPBaR Fort Lauderdale,ft-lauderdale-south-harbor-plaza.thedripbar.com,,,,no_email,,vendor,,0
Full Circle Health & Hydration,fullcircleiv.com,,,,no_email,,vendor,,0
The DRIPBaR Gahanna,gahanna.thedripbar.com,,,,no_email,,vendor,,0
The DRIPBaR Garden City,garden-city.thedripbar.com,,,,no_email,,vendor,,0
Free IV Therapy Consultations,gemdripivhydration.com,,,,unreachable,,,,
Genesis Lifestyle Medicine,genesislifestylemedicine.com,,,,unreachable,,,,
Georgia Skin Specialists,georgiaskinspecialists.com,,,yes,no_email,https://georgiaskinspecialists.com,medspa,,0
"IV Therapy in Battle Creek, MI",getfabtoday.com,fabfaceandbod@gmail.com,fabfaceandbod@gmail.com,yes,already known,https://getfabtoday.com,medspa,GLP-1 weight loss peptides,6
Face by Erin,getfacebar.com,pdx@getfacebar.com,pdx@getfacebar.com,,no_peptides,https://getfacebar.com,vendor,,0
The Treatment Skin Boutique Henderson,getthetreatment.com,hello@getthetreatment.com,hello@getthetreatment.com,yes,no_peptides,https://getthetreatment.com,medspa,,0
Novuskin Med Spa Denver,getvitawellness.com,,,yes,no_email,https://getvitawellness.com,medspa,"semaglutide, tirzepatide, glutathione",7
IV Therapy,gilletthealth.com,,,,no_email,,vendor,,0
Skin MD Laser & Aesthetics,giskinmd.com,,,,no_email,,vendor,,0
Glisten & Glow Spa by Linley,glistenandglowspabylinley.com,estheticsbylinley@gmail.com,estheticsbylinley@gmail.com,yes,no_peptides,https://glistenandglowspabylinley.com,vendor,,0
GLO30 Columbia Crossing,glo30.com,franchise@glo30.com,franchise@glo30.com,,no_us_signal,https://glo30.com,medspa,kpv,2
Gloasis Wellness and Aesthetics,gloasiswellnessaesthetics.com,info@gloasiswellnessaesthetics.com,info@gloasiswellnessaesthetics.com,,no_us_signal,https://gloasiswellnessaesthetics.com,medspa,"nad+, glutathione",7
Glo Spa NY,glospany.com,,,,no_email,https://glospany.com,vendor,,0
Glow Skinetics,glow-skinetics-skin-spa.chrone.work,,,,unreachable,,,,
Glow Skyn Spa & Body,glow-skyn-spa.square.site,,,,no_email,,vendor,,0
Glow Space KC,glow-space-kc.square.site,,,,no_email,,vendor,,0
Glowbar Jersey City,glowbar.com,,,yes,no_email,https://glowbar.com,medspa,,0
Willow Glow Wellness Spa Clinics,glowclinics.com,info@glowclinics.com,info@glowclinics.com,yes,no_peptides,https://glowclinics.com/contact-us,medspa,,0
Glow Coast Medical Spa,glowcoastmedspa.com,,,yes,no_email,https://glowcoastmedspa.com,medspa,,0
Glowlight Med Spa,glowlightmedspa.com,,,,no_email,https://glowlightmedspa.com,medspa,"semaglutide, nad+, glutathione",6
Glow Up With Justine,glowupmke.com,,,,no_email,https://glowupmke.com,vendor,,0
Glowy Med Spa,glowymedspa.com,,,,no_email,https://glowymedspa.com,medspa,,0
A&M Beauty and Wellness,glpvw.myaestheticrecord.com,,,,no_email,https://glpvw.myaestheticrecord.com,vendor,,0
Doody Free Girl,go.booker.com,,,,no_email,https://go.booker.com,vendor,,0
G.O.A.T. Athletic Spa,goatathleticspa.com,service@goatathleticspa.com,service@goatathleticspa.com,,no_us_signal,https://goatathleticspa.com/about-us,medspa,,1
Golden Aesthetic Atelier,goldenaestheticatelier.com,,,,unreachable,,,,
Solset Wellness,goldengoddessmedicalspa.com,,,,unreachable,,,,
Go Lite Lipo Lounge Lipo Mecca,golitelipolounge.com,,,,unreachable,,,,
IVitality Infusions,gopip.org,,,yes,no_email,https://gopip.org,vendor,,0
Vida-Flo Brookhaven,govidaflo.com,,,yes,no_email,https://govidaflo.com,medspa,nad+,3
Graceful Harmony MedSpa,gracefulharmonymedspa.com,,,,unreachable,,,,
Grace Riley Integrative Wellness,gracerileyintegrativewellness.com,,,yes,no_email,https://gracerileyintegrativewellness.com,medspa,,0
Woodhouse Spa,grandrapids.woodhousespas.com,,,,no_email,,vendor,,0
Gravity Bar Cheyenne,gravitybarcheyenne.com,,,yes,no_email,https://gravitybarcheyenne.com,medspa,,0
Knight IV Hydration & Wellness,gravitywellnessspa.com,,,yes,no_email,https://gravitywellnessspa.com,medspa,,2
Great Hydration & Wellness,greathydrationandwellness.com,greathydration.wellness@gmail.com,greathydration.wellness@gmail.com,yes,already known,https://greathydrationandwellness.com,medspa,nad+,5
"AesthetiCare Medspa + Wellness, Lenexa",greatskinkc.com,,,yes,no_email,https://greatskinkc.com,medspa,nad+,2
Green Leaf and Pebble Med Spa,greenleafandpebble.com,,,,no_email,,vendor,,0
Greenspring Aesthetics,greenspringaesthetics.com,,,yes,no_email,https://greenspringaesthetics.com,medspa,,0
Haircraft,haircraftmt.com,,,yes,no_email,https://haircraftmt.com,vendor,,0
Hale Health,halehc.com,,,yes,no_email,https://halehc.com,medspa,,0
Hand & Stone Massage and Facial Spa,handandstone.com,,,,no_email,https://handandstone.com,medspa,,0
Harvey Aesthetics and Wellness,harveyaesthetics.com,,,,unreachable,,,,
Hattiesburg Clinic Dermatology,hattiesburgclinic.com,communications@hattiesburgclinic.com,communications@hattiesburgclinic.com,yes,no_peptides,https://hattiesburgclinic.com,medspa,,0
Haute Healing Oasis,hautehealingoasis.com,info@hautehealingoasis.com,info@hautehealingoasis.com; jessica@hautehealingoasis.com,yes,no_peptides,https://hautehealingoasis.com,vendor,,0
Hawaii Integrative Healthcare,hawaiiintegrative.com,,,yes,no_email,https://hawaiiintegrative.com,medspa,,2
Hyperbaric Oxygen Clinic of Idaho,hbotclinicidaho.com,,,yes,no_email,https://hbotclinicidaho.com,medspa,"nad+, glutathione",4
HCG Des Moines Weight Loss & Wellness Center,hcgdesmoines.com,,,,no_email,,vendor,,0
HC Salon & Day Spa,hcsalonanddayspa.com,,,yes,no_email,https://hcsalonanddayspa.com,vendor,,0
HDR8,hdr8-iv.com,,,yes,no_email,https://hdr8-iv.com,medspa,"nad+, glutathione",4
"IV Therapy in Point Pleasant, NJ",healfm.com,,,,unreachable,,,,
Hydration Bar,healixhealthclinics.com,,,,no_email,,vendor,,0
Healix Infusion Care,healixinfusion.wpengine.com,contact@healixinfusion.com,contact@healixinfusion.com,yes,no_peptides,https://healixinfusion.wpengine.com,medspa,,0
Healor Primary Care,healor.com,,,yes,no_email,https://healor.com,medspa,GLP-1 weight loss peptides,7
Integrative Healthcare of Huntsville,healthcarehuntsville.com,,,,no_email,,vendor,,0
Health For All Clinic Jacksonville,healthforall.net,,,,no_email,,vendor,,0
Health is Beautiful KC,healthisbeautifulkc.com,,,,no_email,https://healthisbeautifulkc.com,medspa,GLP-1 weight loss peptides,2
"Heartland Plastic & Reconstructive Surgery, P.C.",heartlandps.com,,,yes,no_email,https://heartlandps.com,medspa,,0
Heavenlee A European Head and Med Spa,heavenleemedspa.com,info@heavenleemedspa.com,impallari@gmail.com; info@heavenleemedspa.com,yes,no_peptides,https://heavenleemedspa.com,medspa,,0
Heidi Lane Esthetics,heidilaneesthetics.com,heidi@heidilaneesthetics.com,heidi@heidilaneesthetics.com,yes,no_peptides,https://heidilaneesthetics.com,vendor,,0
Hela Medical Spa,helamedicalspa.com,,,yes,no_email,https://helamedicalspa.com,medspa,,2
HELLOMED Urgent Care in Meijer,hello-med.com,jwhs@hello-med.com,jwhs@hello-med.com,yes,no_peptides,https://hello-med.com/contact,vendor,,0
Hello Hydration,hellohydrationiv.com,,,,no_email,,vendor,,0
Holistic Elegance,hemedicalaesthetics.com,,,yes,no_email,https://hemedicalaesthetics.com,medspa,,0
Henderson Med Spa,hendersonmedspa.com,,,yes,no_email,https://hendersonmedspa.com,medspa,"semaglutide, liraglutide",7
Heritage Urgent & Primary Care,heritageucpc.com,,,yes,no_email,https://heritageucpc.com,medspa,,3
Her Sacred Place,hersacredplace.com,hersacredplace@gmail.com,hersacredplace@gmail.com,,no_peptides,https://hersacredplace.com,vendor,,0
Heyday Skincare Jersey City,heydayskincare.com,hello@heydayskincare.com,hello@heydayskincare.com,,no_peptides,https://heydayskincare.com,vendor,,0
Highline Aesthetics Denver,highlineaesthetics.com,hello@highlineaesthetics.com,hello@highlineaesthetics.com,yes,no_peptides,https://highlineaesthetics.com,medspa,,0
Himalayan Salt Of The Earth Cave,himalayansaltoftheearthcave.com,,,,unreachable,,,,
RejuvenateRx Medspa,hobmedspa.com,,,yes,no_email,https://hobmedspa.com,medspa,,0
HolisTech® Wellness Center,holistech.life,transform@holistech.life,transform@holistech.life,yes,no_peptides,https://holistech.life,vendor,,0
IV Therapy,holistichealthclinicschedule.as.me,,,,no_email,https://holistichealthclinicschedule.as.me,vendor,,0
IV Therapy,holistichealthiowa.com,,,yes,no_email,https://holistichealthiowa.com,medspa,,1
Infusion Services,hometownpharmacy.com,,,yes,no_email,https://hometownpharmacy.com,medspa,,0
Honey Skincare Studio,honeyskincarestudio.com,info@honeyskincarestudio.com,info@honeyskincarestudio.com,yes,no_peptides,https://honeyskincarestudio.com,medspa,,0
Honey Sugaring and Facials,honeysugaring.com,victoria@honeysugaring.com,victoria@honeysugaring.com,yes,no_peptides,https://honeysugaring.com,medspa,,0
Horizon Infusions,horizoninfusions.com,info@horizoninfusions.com,info@horizoninfusions.com,yes,no_peptides,https://horizoninfusions.com,medspa,,0
The IV Hub Wellness Burlington MA,hormonallybalanced.com,,,yes,no_email,https://hormonallybalanced.com,medspa,"semaglutide, tirzepatide, nad+",12
Elite Medical & Aesthetics,hormonehealthandweightloss.com,support@hormonehealthandweightloss.com,support@hormonehealthandweightloss.com,,no_us_signal,https://hormonehealthandweightloss.com,medspa,GLP-1 weight loss peptides,6
Energy Boost Get The Relief YOU NEED,hotmetrofinds.com,,,yes,no_email,https://hotmetrofinds.com,medspa,,0
IV Therapy At The How Clinic Encinitas,howclinicivtherapyencinitas.com,,,yes,no_email,https://howclinicivtherapyencinitas.com,medspa,glutathione,2
Union St Hydration Bar,hqrsu.myaestheticrecord.com,,,,no_email,https://hqrsu.myaestheticrecord.com,vendor,,0
Louisville Ink & Beauty,huemedspa.com,info@huemedspa.com,info@huemedspa.com; infobellevue@huemedspa.com; nfobellevue@huemedspa.com; infobeavercreek@huemedspa.com,yes,no_peptides,https://huemedspa.com,medspa,,0
Humanaut Health Austin,humanauthealth.com,,,,no_email,https://humanauthealth.com,medspa,"nad+, glutathione",8
IV Hydration Therapy,hwofc.com,,,yes,no_email,https://hwofc.com,medspa,,2
IV Hydration Services,hyclasshydration.com,,,,no_email,https://hyclasshydration.com,vendor,,1
Hydracare IV,hydracareiv.com,,,,no_email,https://hydracareiv.com,vendor,,1
The Hydra Haus,hydrahaus.as.me,,,,no_email,https://hydrahaus.as.me,vendor,,0
Renew Dermatology,hydralivetherapy.com,,,yes,no_email,https://hydralivetherapy.com,medspa,"nad+, ipamorelin, sermorelin, tesamorelin, mots-c, ghk-cu",13
"Medical Spa In Miami Lakes, FL",hydraprimeivandwellness.com,,,yes,no_email,https://hydraprimeivandwellness.com,medspa,GLP-1 weight loss peptides,5
Hydrate Me Now,hydratemenow.net,,,,no_email,,vendor,,0
At Home IV Therapy Packages & Mobile Service in Oklahoma,hydrateyouiv.com,,,yes,no_email,https://hydrateyouiv.com,medspa,"nad+, glutathione",4
Hydration Happens IV Services,hydrationhappens.com,,,,no_email,https://hydrationhappens.com,vendor,,0
Hydration Medic Mobile and IV Spa,hydrationmedicny.com,hydrationmedicny@gmail.com,hydrationmedicny@gmail.com,yes,already known,https://hydrationmedicny.com,medspa,"nad+, glutathione",5
The Hydration Staytion,hydrationstaytion.com,thehydrationstaytion@gmail.com,thehydrationstaytion@gmail.com,yes,already known,https://hydrationstaytion.com,medspa,semaglutide,3
I.V. League,hydreight.com,,,,unreachable,,,,
IV Bar,hydrovitalounge.com,,,yes,no_email,https://hydrovitalounge.com,vendor,glutathione,1
Pulse IV Therapy,hyperfitmd.com,,,yes,no_email,https://hyperfitmd.com,medspa,glutathione,8
"IV Therapy in Pleasant Grove, UT",i.vimeocdn.com,,,,no_email,,vendor,,0
Innovative Aesthetics Medical Spa and Laser Center,iamedicalspa.com,info@iamedicalspa.com,info@iamedicalspa.com,yes,no_peptides,https://iamedicalspa.com,medspa,,0
Icebox Cryotherapy South Reno,iceboxtherapy.com,,,,no_email,https://iceboxtherapy.com,vendor,GLP-1 weight loss peptides,3
Iconic Med Spa KC,iconicmedspakc.com,,,,no_email,https://iconicmedspakc.com/faq,medspa,,0
iCRYO Whole Body Cryotherapy + Medical Spa iV DRIP and iM Therapy,icryo-danielisland-sc.com,,,yes,no_email,https://icryo-danielisland-sc.com,medspa,"nad+, glutathione",7
Clear stream health RPN PLLC,icryo.com,,,yes,no_email,https://icryo.com,medspa,nad+,6
Mobile IV Hydration in Boise and Treasure Valley Idaho,idahomobileiv.com,,,yes,no_email,https://idahomobileiv.com,medspa,"bpc-157, tb-500, thymosin beta-4, nad+, glutathione",10
Idan Med Spa,idanmedspa.com,,,,no_email,https://idanmedspa.com,medspa,,0
Ideal Image Bethlehem,idealimage.com,,,,no_email,https://idealimage.com/contact,vendor,,0
Ignite PRP,igniteprp.com,contact@igniteprp.com,contact@igniteprp.com,yes,no_peptides,https://igniteprp.com,vendor,,0
iLash & Aesthetics,ilashandaesthetics.com,,,,unreachable,,,,
Image Medical & Aesthetics,imagemednwa.com,,,,no_email,,vendor,,0
Functionality Wellness,images.leadconnectorhq.com,,,,no_email,,vendor,,0
Neuromuscular Victory,images.massagebook.com,,,,unreachable,,,,
IV Therapy in Sugar Land,images.prismic.io,,,,no_email,https://images.prismic.io,vendor,,0
IV Fluids & Hydration Iowa,img.aelieve.com,,,,no_email,,vendor,,0
Saltwater Health & Hydration LLC,img1.wsimg.com,,,,unreachable,,,,
Integrated Mobile Health,imhealthiv.com,,,yes,no_email,https://imhealthiv.com,medspa,"nad+, glutathione",3
Integrative Medicine of Idaho,imidaho.net,,,yes,no_email,https://imidaho.net,medspa,GLP-1 weight loss peptides,6
Inbloom Health + Medispa,inbloomhealthnh.com,,,yes,no_email,https://inbloomhealthnh.com,medspa,semaglutide,4
Prices,indianamobileiv.com,,,yes,no_email,https://indianamobileiv.com,medspa,nad+,2
Indigo Integrative Health Clinic,indigohealthclinic.com,,,yes,no_email,https://indigohealthclinic.com,medspa,"semaglutide, tirzepatide, nad+",7
Indulge,indulgexhi.com,indulgehnl@gmail.com,indulgehnl@gmail.com,,no_peptides,https://indulgexhi.com,medspa,,0
IND Wellness,indwellnesshi.com,rachel@indwellnesshi.com,rachel@indwellnesshi.com,,no_peptides,https://indwellnesshi.com,medspa,,0
Center for Complementary Medicine,infinite-transformation.com,info@infinite-transformation.com,info@infinite-transformation.com,yes,no_peptides,https://infinite-transformation.com,vendor,,0
Infinite Wellness and Aesthetics,infiniteaesthetics.com,info@infiniteaesthetics.com,info@infiniteaesthetics.com,yes,no_peptides,https://infiniteaesthetics.com,medspa,,0
Infinite Dripz,infinitedripz.com,,,yes,no_email,https://infinitedripz.com,medspa,"nad+, glutathione",3
Infinite MedSpa,infinitemedspact.com,,,yes,no_email,https://infinitemedspact.com,medspa,,0
Infinity Beauty Lab Med Spa,infinitybeautylab.com,info@infinitybeautylab.com,info@infinitybeautylab.com,yes,no_peptides,https://infinitybeautylab.com,medspa,,0
IV Therapy Packages Sudbury MA,infinitybeautyspa.com,,,,no_email,,vendor,,0
Infinity Medical Aesthetics,infinitymedicalaesthetics.com,,,yes,no_email,https://infinitymedicalaesthetics.com,medspa,GLP-1 weight loss peptides,2
Infinity Medical Institute,infinitymedicalinstitute.com,,,,no_email,,vendor,,0
NAD IV Therapy NYC,influx-site-assets.s3.us-west-2.amazonaws.com,,,,unreachable,,,,
Infused Cosmetic and IV Rejuvenation,infusedrejuvenation.com,,,,no_email,,vendor,,0
Iv Infusion,infusivewellness.com,infusiveiv@gmail.com,infusiveiv@gmail.com,yes,already known,https://infusivewellness.com/contact,medspa,nad+,4
InfuzaDRiP ivTHERAPY,infuzadrip.com,,,yes,no_email,https://infuzadrip.com,medspa,nad+,2
IN•GLO Face and Body Sculpting Med Spa,inglomedspa.com,info@inglomedspa.com,info@inglomedspa.com,yes,no_peptides,https://inglomedspa.com,medspa,,0
inject studio,injectstudio.com,kristi@injectstudio.com,kristi@injectstudio.com,yes,no_peptides,https://injectstudio.com,medspa,,0
In-Home IV Therapy & Wellness Shots,inmotionhlth.com,contact@inmotionhlth.com,carlysoliveri@gmail.com; contact@inmotionhlth.com,yes,no_peptides,https://inmotionhlth.com,medspa,,0
The Glow Clinic,innervitalitybellevue.com,,,,no_email,,vendor,,0
InReach Wellness,inreachwellness.as.me,,,,no_email,https://inreachwellness.as.me,vendor,,0
Inside Out IV Hydration and Wellness LLC,insideoutiv.com,,,yes,no_email,https://insideoutiv.com,medspa,nad+,3
In Spa,inspa.com,customerservice@inspa.com,customerservice@inspa.com,,no_peptides,https://inspa.com,medspa,,0
"IV Therapy Drips in Winter Park, FL",instituteofaestheticsurgery.com,,,yes,no_email,https://instituteofaestheticsurgery.com,medspa,,1
Mobile IV Oasis,intakeq.com,,,,no_email,https://intakeq.com,medspa,,0
Integrated Wellness Maine,integrated-wellness.us,,,,no_email,https://integrated-wellness.us,vendor,,0
Integrated Wellness Group,integratedwellnessgroup.org,,,yes,no_email,https://integratedwellnessgroup.org,medspa,,0
Invite Wellness,integrativehealthpractices.org,info@integrativehealthpractices.org,info@integrativehealthpractices.org,yes,no_peptides,https://integrativehealthpractices.org,medspa,,0
Integro Health IV and Wellness,integrohealth.net,,,yes,no_email,https://integrohealth.net,medspa,,2
Intravene wellness therapies,intravene.wpengine.com,,,yes,no_email,https://intravene.wpengine.com,medspa,"nad+, glutathione",4
Intravene Wellness,intravenewellnesstherapies.com,,,yes,no_email,https://intravenewellnesstherapies.com,medspa,"nad+, glutathione",4
Body Sculpting Studio,invigorateaw.com,info@invigorateaw.com,info@invigorateaw.com,,no_peptides,https://invigorateaw.com,medspa,,0
IV Infusion Therapy,iowaspecialtyhospital.com,,,yes,no_email,https://iowaspecialtyhospital.com,medspa,,0
Revitamize Mobile IV hydration therapy,isteam.wsimg.com,,,,unreachable,,,,
IV Therapies Treatments,iv-crete.com,,,,no_email,,vendor,,0
IV Rejuvenation Clinic,iv-rejuvenation-clinic.com,,,,unreachable,,,,
IV2U,iv2u.org,,,,unreachable,,,,
IV BY DOC,ivbydoc.com,,,,no_email,https://ivbydoc.com,vendor,,0
IV DRIP O'AHU,ivdripoahu.com,,,,unreachable,,,,
IV Drip Therapy Tx League City Tx048,ivdriptherapyandhealthspa.com,,,yes,no_email,https://ivdriptherapyandhealthspa.com,medspa,nad+,3
Renewal Medical Clinic,ivhydr8.com,,,,no_email,https://ivhydr8.com,medspa,"nad+, glutathione",4
IV Hydration Lounge & Med Spa,ivhydrationlounge.net,,,yes,no_email,https://ivhydrationlounge.net,medspa,semax,3
Ivira Infusions,ivirahealth.com,,,yes,no_email,https://ivirahealth.com,medspa,glutathione,2
"IV Nutrition Billings, MT",ivnutrition.com,,,,no_email,https://ivnutrition.com,medspa,"semaglutide, tirzepatide, nad+, sermorelin, pt-141, glutathione",12
IV Nutrition,ivnutritions.com,,,yes,no_email,https://ivnutritions.com/services,medspa,nad+,2
IV Therapy Center of NYC,ivtherapycenternyc.com,,,,no_email,,vendor,,0
"IV Therapy Astoria, Queens Queens, NY",ivtherapydemand.com,,,yes,no_email,https://ivtherapydemand.com,medspa,,1
Colts Neck Stem Cells & Regenerative Medicine,ivtherapyozonewellness.com,,,yes,no_email,https://ivtherapyozonewellness.com,medspa,"thymosin alpha-1, sermorelin",4
IV Wellness + Aesthetics,ivwellnessaesthetics.com,,,,no_email,,vendor,,0
IVX Health Infusion Center,ivxhealth.com,,,,unreachable,,,,
IV For Wellness,jamilina.com,,,yes,no_email,https://jamilina.com,medspa,,2
"Dr. Joseph R. Barnthouse, MD",jbarnthousemd.com,,,yes,no_email,https://jbarnthousemd.com,medspa,,0
"JD Purity Day Spa, Nail and Hair Salon",jdpurityspa.com,,,yes,no_email,https://jdpurityspa.com,medspa,,0
Jean Walter Infusion Center North Baltimore MD,jeanwalterinfusion.com,,,yes,no_email,https://jeanwalterinfusion.com,medspa,,1
JECT,ject.us,,,yes,no_email,https://ject.us,medspa,,0
Jeeka Does It,jeekadoesit.com,jeekadoesit@gmail.com,jeekadoesit@gmail.com,yes,no_peptides,https://jeekadoesit.com,vendor,,0
JHA IV BAR AND MEDSPA,jocasseehydration.com,jocasseehydration@gmail.com,jocasseehydration@gmail.com,yes,no_peptides,https://jocasseehydration.com,medspa,,0
Johnson Aesthetics,johnsonaesthetics.comb.works,,,yes,no_email,https://johnsonaesthetics.comb.works,medspa,,0
Elevate Health,johnstown-ironwood-shops.thedripbar.com,,,,no_email,,vendor,,0
Drips on the Glow Med Spa & Mobile IV,joinblvd.com,support@joinblvd.com,support@joinblvd.com; partnerships@joinblvd.co,,no_peptides,https://joinblvd.com,medspa,,0
Joppa cosmetics,joppacosandmedspa.com,,,,no_email,https://joppacosandmedspa.com,medspa,GLP-1 weight loss peptides,6
Journey to Wellness,journeytowellnesspllc.com,,,,no_email,https://journeytowellnesspllc.com,medspa,GLP-1 weight loss peptides,2
JP Foot Spa,jpfootspa.org,,,yes,no_email,https://jpfootspa.org,vendor,,0
Best IV Therapy in Maitland,jsterlings.com,,,yes,no_email,https://jsterlings.com,medspa,,0
IV Therapy in Silver Spring,jubileecosmeticsurgery.com,,,yes,no_email,https://jubileecosmeticsurgery.com,medspa,,1
JuliVita Aesthetics,julivitaaesthetics.com,,,yes,no_email,https://julivitaaesthetics.com,medspa,,0
Juvly Aesthetics,juvly.com,info@juvly.com,info@juvly.com,yes,already known,https://juvly.com,medspa,"semaglutide, tirzepatide, nad+",4
KAI Med Spa,kai-medspa.com,,,,no_email,,vendor,,0
Kai Ola Hydration,kaiolahydration.com,,,yes,no_email,https://kaiolahydration.com,medspa,"nad+, glutathione",3
Kam Med Spa,kammedspa.com,,,,no_email,https://kammedspa.com,medspa,GLP-1 weight loss peptides,3
Home,kansasinfusion.com,,,,no_email,https://kansasinfusion.com,vendor,,0
Evexia Medspa,kaplanclinic.com,,,yes,no_email,https://kaplanclinic.com,medspa,,2
IV Therapy Alpharetta,karerahealth.com,,,,no_email,,vendor,,0
Kansas City Skin & Cancer Center,kcskincenter.com,jbarrows@kcskincenter.com,jbarrows@kcskincenter.com,yes,no_peptides,https://kcskincenter.com,medspa,,0
Infusion Center,kdmc.org,,,,unreachable,,,,
VitaminSea Wellness Spa,kellyann.glossgenius.com,nvitaminseawellnessspa@gmail.com,nvitaminseawellnessspa@gmail.com; vitaminseawellnessspa@gmail.com,yes,no_peptides,https://kellyann.glossgenius.com,vendor,,0
Kelly's Spa Bar,kellysspabar.com,,,yes,no_email,https://kellysspabar.com,medspa,semaglutide,5
Ketamine Infusion Center,ketamine-la.com,kicenterla@gmail.com,kicenterla@gmail.com,yes,already known,https://ketamine-la.com,medspa,"nad+, glutathione",3
IV Therapy,khannawellness.com,khannawellness@gmail.com,khannawellness@gmail.com,yes,already known,https://khannawellness.com,medspa,GLP-1 weight loss peptides,3
IV Hydration Therapy Downey CA,kissandtellaestheticsca.com,,,,no_email,,vendor,,0
KMac Beauty,kmacbeauty.com,katherine@kmacbeauty.com,katherine@kmacbeauty.com,,no_peptides,https://kmacbeauty.com,vendor,,0
Kokoro Head Spa and Salon,kokoro.glossgenius.com,kokorode777@gmail.com,kokorode777@gmail.com,yes,no_peptides,https://kokoro.glossgenius.com,vendor,,0
Healuxe,komalaestheticsandwellness.com,,,,no_email,,vendor,,0
Kona Regenerative Medicine,kona.thedripbar.com,,,,no_email,,vendor,,0
Mobile IV Therapy Kailua Kona Hawai'i,konaregenerativemedicine.com,,,,no_email,https://konaregenerativemedicine.com,medspa,GLP-1 weight loss peptides,8
Koru Wellness Aesthetics NYC: Med Spa Upper East Side & Midtown,korunyc.com,hello@korunyc.com,hello@korunyc.com,yes,no_peptides,https://korunyc.com,medspa,,0
Kristine Kay Skin Spa,kristinekay.com,kristine@kristinekay.com,kristine@kristinekay.com,yes,no_peptides,https://kristinekay.com,vendor,,0
Vital Aesthetics & Wellness PA,kumc.edu,,,yes,no_email,https://kumc.edu,medspa,,0
Kurate Aesthetics,kurateaesthetics.com,kurateaesthetics@gmail.com,kurateaesthetics@gmail.com,yes,no_peptides,https://kurateaesthetics.com,medspa,,0
KUR Skin Lab,kurskinlab.com,,,,unreachable,,,,
La Beauté Loft Spa & Salon,labeauteloft.com,labeauteloft@gmail.com,labeauteloft@gmail.com,yes,no_peptides,https://labeauteloft.com,medspa,,0
La Bella Medical Aesthetics,labellaaesthetics.net,info@labellaaesthetics.net,info@labellaaesthetics.net; zi.bloom2@gmail.com,yes,no_peptides,https://labellaaesthetics.net,medspa,,0
Botox La Belle Peau,labelleoc.com,info@labelleoc.com,info@labelleoc.com,yes,no_peptides,https://labelleoc.com,medspa,,0
IV Therapy Hydration and Nutrition Supplements,laccura.com,,,yes,no_email,https://laccura.com,medspa,GLP-1 weight loss peptides,7
La Clinique Aesthetics,lacliniqueaesthetics.com,,,yes,no_email,https://lacliniqueaesthetics.com,medspa,GLP-1 weight loss peptides,2
La Dolce Vita Spa For Wellness,ladolcevitaspaforwellness.com,ldvspa2@outlook.com,ldvspa2@outlook.com,yes,no_peptides,https://ladolcevitaspaforwellness.com,medspa,,0
IV VITAMIN INFUSION,lakemedicalspa.com,,,yes,no_email,https://lakemedicalspa.com,medspa,"semaglutide, tirzepatide, nad+",8
"IV Therapy in Kirkland, Washington for Hydration, & Wellness",lakewashingtonskin.com,,,yes,no_email,https://lakewashingtonskin.com,medspa,,2
The DRIPBaR Largo,largo.thedripbar.com,,,,no_email,,vendor,,0
Longevity Health and Fitness,larimarmed.com,,,,unreachable,,,,
Laser Cliniqúe,laser-clinique.com,,,yes,no_email,https://laser-clinique.com,medspa,semaglutide,1
Lash Love Beauty Bar,lashlovebeautybar.com,info@lashlovebeautybar.com,info@lashlovebeautybar.com,yes,no_peptides,https://lashlovebeautybar.com,medspa,,0
LASH SEASON,lashseason.com,,,,no_email,https://lashseason.com,vendor,,0
Louisiana Women's Aesthetics,lawomensaesthetics.com,,,yes,no_email,https://lawomensaesthetics.com,medspa,,0
"IV Therapy Norman, OK",le-cdn.hibuwebsites.com,,,,unreachable,,,,
beem® Light Sauna,lees-summit-summit-fair.thedripbar.com,,,,no_email,,vendor,,0
Lee's Wellness Spa,leeswellnessspa.com,,,,unreachable,,,,
Legacy Institute,legacyfacebodymind.com,legacyfacebodymind@gmail.com,legacyfacebodymind@gmail.com,yes,no_peptides,https://legacyfacebodymind.com,medspa,,0
Lé Nour Medspa,lenourmedspa.com,info@lenourmedspa.com,info@lenourmedspa.com,yes,no_peptides,https://lenourmedspa.com,medspa,,0
L.E.O. Aesthetics,leoaesthetics.com,l.e.o.aesthetics808@gmail.com,l.e.o.aesthetics808@gmail.com,yes,no_peptides,https://leoaesthetics.com,medspa,,0
Leorah MedSpa & Threading,leorahmedspa.com,info@leorahmedspa.com,info@leorahmedspa.com,yes,no_peptides,https://leorahmedspa.com,medspa,,0
Le Petit Spa Ballantyne,lepetitspacharlotte.com,customerservice@lepetitspacharlotte.com,customerservice@lepetitspacharlotte.com,yes,no_peptides,https://lepetitspacharlotte.com,medspa,,0
Le Roche Bleu Day Spa,lerochebleu.com,info@lerochebleu.com,info@lerochebleu.com,yes,no_peptides,https://lerochebleu.com,vendor,,0
Let's Face It.....botox and more,letsfaceitbotox.com,,,yes,no_email,https://letsfaceitbotox.com,medspa,semaglutide,2
Spokane Bioidentical Hormones,leveluplibertylake.com,,,,unreachable,,,,
LexRx Beacon Hill,lexrx.co,hello@lexrx.co,hello@lexrx.co,yes,no_peptides,https://lexrx.co,medspa,,0
LF Medical,lf-med.com,info@lf-med.com,info@lf-med.com,yes,already known,https://lf-med.com,medspa,glutathione,3
Wellness Refinery,lifebalancemc.com,,,,no_email,https://lifebalancemc.com,vendor,,0
IV Hydration Therapy in Nicholasville KY,liftbotoxbar.com,,,yes,no_email,https://liftbotoxbar.com,medspa,GLP-1 weight loss peptides,7
IV Therapy Clinic Pompano Beach,lighthousemedicalcenter.com,,,yes,no_email,https://lighthousemedicalcenter.com,medspa,"bpc-157, thymosin alpha-1, nad+, epithalon",14
Lilivy Aesthetics & Wellness,lilivyhealth.com,,,yes,no_email,https://lilivyhealth.com,medspa,nad+,6
Lips and Drips by the Beach,lipsanddrips.myaestheticrecord.com,,,,no_email,https://lipsanddrips.myaestheticrecord.com,vendor,,0
Lips and Lines,lipsandlinesllc.com,lipsandlines@gmail.com,lipsandlines@gmail.com,yes,no_peptides,https://lipsandlinesllc.com,medspa,,0
Immune Boost & Hydration IV Therapy Southern Utah,liquidgoldiv.com,,,,no_email,,vendor,,0
Liquid Mobile IV,liquidmobileiv.com,,,yes,no_email,https://liquidmobileiv.com,medspa,"bpc-157, tb-500, thymosin beta-4, nad+, sermorelin, ghk-cu",11
LIV Aesthetics and Wellness,livaestheticsandwellness.com,,,,no_email,https://livaestheticsandwellness.com,medspa,"nad+, glutathione",6
Macomb Medical and Wellness Center,livewelldoctor.com,,,,no_email,https://livewelldoctor.com,vendor,,1
Same-Day Mobile & In-Clinic IV Vitamin Drip,livewelliv.com,,,yes,no_email,https://livewelliv.com,medspa,"semaglutide, tirzepatide, nad+, glutathione",9
Living Well,livingwellaesthetics.com,,,yes,no_email,https://livingwellaesthetics.com,medspa,,3
"Living Well Balanced, Holistic and Integrative Healthcare",livingwellbalancednc.com,,,yes,no_email,https://livingwellbalancednc.com,vendor,,1
Livity Wellness,livitywellnessfl.com,,,yes,no_email,https://livitywellnessfl.com,medspa,"nad+, glutathione",3
Aspire Integrative Medicine,llwellness.com,llwkayville@gmail.com,llwkayville@gmail.com,yes,no_peptides,https://llwellness.com,medspa,,0
LMC Aesthetic Medspa & Wellness,lmcaesthetic.com,agustinamingote@gmail.com,agustinamingote@gmail.com,,no_peptides,https://lmcaesthetic.com/about,medspa,,0
Longevity Medical Spa,lmsmedspa.com,,,yes,no_email,https://lmsmedspa.com,medspa,,0
Live Hydration Spa Middletown,locations.livehydrationspa.com,compliance@livehydrationspa.com,compliance@livehydrationspa.com,yes,already known,https://locations.livehydrationspa.com,medspa,,1
Massage Envy,locations.massageenvy.com,,,,no_email,https://locations.massageenvy.com,medspa,,0
European Wax Center,locations.waxcenter.com,,,,no_email,https://locations.waxcenter.com,vendor,,0
Locococo Aesthetix LLC,locococoaesthetix.com,hello@locococoaesthetix.com,hello@locococoaesthetix.com,yes,no_peptides,https://locococoaesthetix.com,medspa,,0
Longevity Effect,longevityeffect.com,,,yes,no_email,https://longevityeffect.com,medspa,"nad+, glutathione",5
QC Kinetix (Mishawaka),longevityhealthgranger.com,longevityhealthgranger@gmail.com,longevityhealthgranger@gmail.com; mnmneuro5@gmail.com,yes,no_peptides,https://longevityhealthgranger.com,medspa,,0
Lifestream Spa®,longvillewellness.info,drleonie@longvillewellness.info,drleonie@longvillewellness.info; u003edrleonie@longvillewellness.info,yes,no_peptides,https://longvillewellness.info,medspa,,0
Rapid RevIVe LLC Mobile IV Hydration and wellness,lookingsimplybeautiful.com,,,,no_email,https://lookingsimplybeautiful.com,vendor,,0
Lorena Luca MED + SPA,lorenaluca.com,,,yes,no_email,https://lorenaluca.com,medspa,,0
Hacienda Spa at Los Poblanos,lospoblanos.com,mcrane@lospoblanos.com,mcrane@lospoblanos.com; bswanson@lospoblanos.com; kvollers@lospoblanos.com; acarrara@lospoblanos.com; ssheesley@lospoblanos.com; bafantodji@lospoblanos.com; kgarner@lospoblanos.com; mrivera@lospoblanos.com,yes,no_peptides,https://lospoblanos.com,vendor,,0
Love Laser & Med Spa,lovelaserandmedspa.org,lovelasertoo@gmail.com,lovelasertoo@gmail.com,yes,already known,https://lovelaserandmedspa.org,medspa,tirzepatide,1
Loves Healing Touch Bath’s and Day Spa,loveshealingtouch.com,loveshealingtouch7@gmail.com,loveshealingtouch7@gmail.com,yes,no_peptides,https://loveshealingtouch.com,vendor,,0
Lowcountry Male Clinic,lowcountrymale.com,,,yes,no_email,https://lowcountrymale.com,medspa,"semaglutide, tirzepatide, nad+, sermorelin",15
SynergenX,lowtcenter.com,,,yes,no_email,https://lowtcenter.com,medspa,"semaglutide, tirzepatide, nad+, sermorelin, pt-141",15
QC Kinetix (New Haven),lucahealthandwellness.com,,,,no_email,https://lucahealthandwellness.com,medspa,,0
LUMEN Optimal Wellness,lumenoptimalwellness.com,,,yes,no_email,https://lumenoptimalwellness.com,medspa,,1
"Luminous You, Elegant Aesthetic, IV Hydration and Wellness.",luminous-you.com,valery@luminous-you.com,valery@luminous-you.com,yes,no_peptides,https://luminous-you.com,medspa,,0
Luminescence Spa,lumispact.com,,,yes,no_email,https://lumispact.com,medspa,,0
LumiVita,lumivita.com,,,yes,no_email,https://lumivita.com,medspa,,0
Lumturi Wellness Aesthetics,lumturiwellness.com,,,,no_email,,vendor,,0
Luxe Mobile IV,luxemobileiv.com,,,yes,no_email,https://luxemobileiv.com,medspa,"nad+, glutathione",3
Wellness Point,luxerejuvena.com,,,,unreachable,,,,
Lux Health LLC,luxhealth.care,,,,no_email,https://luxhealth.care,vendor,,1
Luxury MedSpa,luxuryspany.com,info@luxuryspany.com,info@luxuryspany.com,yes,no_peptides,https://luxuryspany.com,medspa,,0
LUX Wellness CA: IV Drip Sacramento,luxwellnessca.com,luxwellnessca@gmail.com,luxwellnessca@gmail.com,yes,already known,https://luxwellnessca.com,medspa,"nad+, glutathione",5
"Luxx Drip Therapy, LLC",luxxdrip.intakeq.com,lisa@luxxdrip.com,lisa@luxxdrip.com,yes,no_peptides,https://luxxdrip.intakeq.com,medspa,,0
L Wellness,lwellness.com,,,,no_email,https://lwellness.com,vendor,,0
Lyphos Family Health,lyphos.com,,,yes,no_email,https://lyphos.com,medspa,,0
MagnifaSkin Medspa,magnifaskinmedspa.com,,,yes,no_email,https://magnifaskinmedspa.com,medspa,,0
BelleSoul Aesthetics,mainelaserskincare.com,,,yes,no_email,https://mainelaserskincare.com,medspa,GLP-1 weight loss peptides,3
Majestic Day Spa II,majesticspawv.com,majesticspawv@gmail.com,majesticspawv@gmail.com,yes,no_peptides,https://majesticspawv.com,medspa,,0
Majesty's Body Creations,majestysbodycreations.square.site,majestysbodycreations@gmail.com,majestysbodycreations@gmail.com,,no_peptides,,vendor,,0
IV Therapy Colleyville,makeyouwelldfw.com,,,yes,no_email,https://makeyouwelldfw.com,medspa,semaglutide,7
"Gameday Men's Health West Hills, CA",maleantiaginginstitute.com,,,,no_email,,vendor,,0
Mandisà Wellness & Aesthetics,mandisawellness.com,mandisawellness@gmail.com,mandisawellness@gmail.com,yes,already known,https://mandisawellness.com/contact-us/,medspa,"nad+, ipamorelin, sermorelin, tesamorelin, igf-1 lr3, mots-c",12
"Mantality Health Des Moines, Iowa",mantalityhealt.wpenginepowered.com,,,,unreachable,,,,
Marengo Luxury Spa,marengospa.com,,,,unreachable,,,,
Marilene's Day Spa,marilenesdayspa.zoca.com,,,,unreachable,,,,
Des Moines Marriott Downtown,marriott.com,,,,unreachable,,,,
Mary Amado Med Spa,maryamadomedspa.com,,,,unreachable,,,,
Medical Massage Connection,massagebook.com,,,,no_email,https://massagebook.com,medspa,,0
"Shawna Robertson CMT, Massage Therapist Virginia Beach",massagevanc.com,,,,unreachable,,,,
Mimi’s Massage and Wellness Spa,massagewellness.glossgenius.com,mtrent.wellness@gmail.com,mtrent.wellness@gmail.com,yes,no_peptides,https://massagewellness.glossgenius.com,vendor,,0
Master Face Med Spa,masterfacemedspa.com,,,yes,no_email,https://masterfacemedspa.com,medspa,GLP-1 weight loss peptides,3
Perspire Sauna Studio,mckinney-marketplace.thedripbar.com,,,,no_email,,vendor,,0
IV Therapy Certification,mclennan.edu,helpdesk@mclennan.edu,helpdesk@mclennan.edu; ast@mclennan.edu; advise@mclennan.edu; cereg@mclennan.edu; counseling@mclennan.edu; financial_aid@mclennan.edu; highlandercentral@mclennan.edu; central@mclennan.edu,yes,no_peptides,https://mclennan.edu,vendor,,0
MD Beauty Club,mdbeautyspa.com,,,,no_email,https://mdbeautyspa.com,vendor,,0
MD Optimal Health & Aesthetics,mdoptimalhealthllc.com,,,yes,no_email,https://mdoptimalhealthllc.com,medspa,"semaglutide, tirzepatide",10
Md Rejuvenate,mdrejuvenateidaho.com,mdrejuvenateidaho@gmail.com,mdrejuvenateidaho@gmail.com,yes,already known,https://mdrejuvenateidaho.com,medspa,glutathione,5
MDRN Wellness Medical Spa,mdrnwellnessmedical.com,,,yes,no_email,https://mdrnwellnessmedical.com,medspa,"nad+, glutathione",5
"Mother Earth Aesthetics, LLC",mearadiance.com,info@mearadiance.com,info@mearadiance.com,yes,no_peptides,https://mearadiance.com,medspa,,0
Mechanix+Co The Spa,mechanixandco.com,,,yes,no_email,https://mechanixandco.com,medspa,,0
Infinity Med-I-Spa,med-i-spa.com,,,yes,no_email,https://med-i-spa.com,medspa,semaglutide,10
MEDcare Urgent Care,medcareurgentcare.com,,,,unreachable,,,,
IV VITAMIN INFUSION,medfusionclinic.com,,,yes,no_email,https://medfusionclinic.com,medspa,"semaglutide, tirzepatide, glutathione",3
MedFusion,medfusionok.com,,,yes,no_email,https://medfusionok.com,medspa,"semaglutide, tirzepatide, glutathione",3
Medical Aesthetics Concierge,medicalaestheticsconcierge.com,impallari@gmail.com,impallari@gmail.com,yes,already known,https://medicalaestheticsconcierge.com,medspa,,2
Westwood Medical Aesthetics,medicalaestheticsma.com,,,yes,no_email,https://medicalaestheticsma.com,medspa,GLP-1 weight loss peptides,4
"IV Hydration and Drip Lounge in King of Prussia, PA",medicallyfab.com,,,,no_email,https://medicallyfab.com,medspa,"semaglutide, tirzepatide, nad+, glutathione",8
Medical Massage of Tulsa,medicalmassageoftulsa.com,info@medicalmassageoftulsa.com,info@medicalmassageoftulsa.com,,no_peptides,https://medicalmassageoftulsa.com,medspa,,0
MediDrip IV Therapy,medidrip.com,,,,unreachable,,,,
Specialty Infusion and Injections,medilinkrxcare.com,,,yes,no_email,https://medilinkrxcare.com,medspa,,0
MedLou Drips,medloucare.com,,,,unreachable,,,,
Aeris Medical Aesthetics,medspaalbuquerque.com,,,yes,no_email,https://medspaalbuquerque.com,medspa,"semaglutide, tirzepatide",4
"Vivid Skin, Hair & Laser Center",medspaaz.com,vividskinandlaser@gmail.com,vividskinandlaser@gmail.com,yes,no_peptides,https://medspaaz.com,medspa,,0
IV therapy,medspabonita.com,physicianaestheticinstitute@gmail.com,physicianaestheticinstitute@gmail.com,yes,already known,https://medspabonita.com,medspa,"semaglutide, tirzepatide",9
Essence Med Spa,medspaessence.com,,,yes,no_email,https://medspaessence.com,medspa,,0
IV Hydration Therapy in Buford,medspaofnorthgeorgia.com,candislaytonfnp@gmail.com,candislaytonfnp@gmail.com; injectorcandisfnp@gmail.com,yes,already known,https://medspaofnorthgeorgia.com,medspa,"semaglutide, tirzepatide, nad+",4
Veda Med Spa,medspaveda.com,,,yes,no_email,https://medspaveda.com,medspa,semaglutide,3
Advanced Functional Medicine,megawellnessclinic.com,megawellnessclinic@gmail.com,megawellnessclinic@gmail.com; megawellnessclinicbp@gmail.com; megawellnessdb@gmail.com; mwckoreatown@gmail.com,yes,already known,https://megawellnessclinic.com,medspa,"tirzepatide, bpc-157, nad+, glutathione",7
The Melaskiin Studio,melaskiin.com,,,,unreachable,,,,
Home,melblus.com,,,yes,no_email,https://melblus.com,medspa,"semaglutide, tirzepatide",9
"IV Therapy in Evanston, IL",melioramed.com,,,yes,no_email,https://melioramed.com,medspa,"nad+, glutathione",10
Memorial Healthcare Infusion Center (Okemos),memorialhealthcare.org,,,yes,no_email,https://memorialhealthcare.org,medspa,,0
"IV Therapy in Millburn, NJ",menonmedispa.com,,,yes,no_email,https://menonmedispa.com,medspa,"semaglutide, nad+",5
Mercure,mercure.life,,,,no_email,https://mercure.life,medspa,nad+,3
MercyOne Des Moines Infusion Care,mercyone.org,,,yes,no_email,https://mercyone.org,medspa,,0
Merit Health Wellness Center,merithealthwesley.com,,,yes,no_email,https://merithealthwesley.com,medspa,,0
MeSO Medspa Newport Beach,mesospa.com,,,yes,no_email,https://mesospa.com,medspa,,0
MetaGlow,metaglow.com,,,,unreachable,,,,
Hydration IV,metamorph.myaestheticrecord.com,,,,no_email,https://metamorph.myaestheticrecord.com,medspa,,0
Metamorphosis Medi Spa,metamorphosismedispamke.com,metamorphosisrns@gmail.com,metamorphosisrns@gmail.com,yes,already known,https://metamorphosismedispamke.com,medspa,"nad+, glutathione",4
Valley Vein & Med Spa,metanoiawv.com,,,yes,no_email,https://metanoiawv.com,vendor,,0
IV Therapy Services In Goodyear AZ,metimeaz.com,,,,no_email,,vendor,,0
IV Therapy & Vitamin Drips Memphis,metromedhealth.com,,,,no_email,https://metromedhealth.com,vendor,tesamorelin,1
Metro Medspa,metromedspa.com,,,yes,no_email,https://metromedspa.com,medspa,GLP-1 weight loss peptides,3
Massage Therapy and Skin Spa: The Spa Haven LLC,mg-esthetics-100465.square.site,,,,no_email,,vendor,,0
Mhajestik Aesthetics and Wellness,mhajestik.com,,,,no_email,https://mhajestik.com,medspa,GLP-1 weight loss peptides,4
M Health Fairview Advanced Treatment Center,mhealthfairview.org,,,yes,no_email,https://mhealthfairview.org,medspa,,0
SkinMD Shrewsbury,mhmedicalaesthetics.com,,,,unreachable,,,,
Dolce Medical Spa,mia.dolcemedicalspas.com,,,,no_email,https://mia.dolcemedicalspas.com,medspa,,0
IV Therapy,miamilakesmedspa.com,,,yes,no_email,https://miamilakesmedspa.com,medspa,"semaglutide, tirzepatide, nad+",4
Michigan Progressive Health,michiganprogressivehealth.com,,,yes,no_email,https://michiganprogressivehealth.com,medspa,,0
Well Labs+ Medspa Middletown (Formerly Blue Halo Med Spa),middletown.wellabsplus.com,middletown@wellabsplus.com,middletown@wellabsplus.com,yes,already known,https://middletown.wellabsplus.com,medspa,"bpc-157, ipamorelin, sermorelin, tesamorelin, cjc-1295, ghrp-2",15
MOBO Med Spa,midohiovalley.mobomedspa.com,,,yes,no_email,https://midohiovalley.mobomedspa.com,medspa,semaglutide,11
"Midtown Laser Spa + BOTOX, FILLERS",midtownlaserspa.com,,,yes,no_email,https://midtownlaserspa.com/faq,medspa,,0
The Skin Center at Midtown,midtownofs.com,,,yes,no_email,https://midtownofs.com,medspa,,0
"Midwest Dermatology Clinic, P.C. Bellevue",midwestderm.com,,,yes,no_email,https://midwestderm.com,medspa,,0
Milan Laser Hair Removal,milanlaser.com,,,yes,no_email,,vendor,kpv,2
Boosting Immunity & Energy Levels: the Power of Prime Iv Hydration and,milwaukeemom.com,,,,no_email,https://milwaukeemom.com,vendor,,0
Mindful Body Beauty PLLC,mindfulbodybeauty.com,,,,unreachable,,,,
Mink Total Medical Spa & Wellness,minktotal.com,order@minktotal.com,order@minktotal.com,yes,no_peptides,https://minktotal.com,medspa,,0
Mintz Beauty Bar LLC,mintzbeautybar.com,mintzbeautybar@gmail.com,mintzbeautybar@gmail.com,yes,no_peptides,https://mintzbeautybar.com,vendor,,0
Mi Pollera Spa,mipollera-spa.com,,,yes,no_email,https://mipollera-spa.com,medspa,GLP-1 weight loss peptides,2
Gameday Men's Health Avon IN,missionhw.com,impallari@gmail.com,impallari@gmail.com,yes,already known,https://missionhw.com/about,medspa,"thymosin alpha-1, ipamorelin, tesamorelin, selank",7
Missoula Medical Aesthetics,missoulawellnessmt.com,,,yes,no_email,https://missoulawellnessmt.com,medspa,"nad+, glutathione",4
The DRIPBaR Keller: Your One-Stop Shop for IV Vitamin Therapy and ...,miststreet.com,,,,unreachable,,,,
Home,mobileivinfusionsfl.com,,,,unreachable,,,,
Moderne Medical Aesthetics,modernemedical.com,,,,unreachable,,,,
ModeRN Hydraesthetics,modernhydraesthetics.com,,,,no_email,,vendor,,0
Modern Med Centers,modernmedcenters.com,,,,unreachable,,,,
Modern Therapeutics,moderntherapeuticsaz.com,,,,no_email,,vendor,,0
Moisturizd Day Spa,moisturizdspa.com,,,,no_email,https://moisturizdspa.com,vendor,,0
Salt Float Center,montclair-nj.thedripbar.com,,,,no_email,,vendor,,0
"IV Therapy in Mooresville, NC",mooresville.hydratemedical.com,,,,no_email,,vendor,,0
Morning Dew Aesthetics,morningdewaesthetics.com,info@morningdewaesthetics.com,info@morningdewaesthetics.com,yes,no_peptides,https://morningdewaesthetics.com,medspa,,0
The HG & Morning Sickness Clinic,morningsicknessclinic.com,admin@morningsicknessclinic.com,admin@morningsicknessclinic.com,yes,no_peptides,https://morningsicknessclinic.com,medspa,,0
Movement Improvement Massage,move541.com,,,yes,no_email,https://move541.com,medspa,,0
East Coast Traveling Spa,mwellnessandbeauty.com,gemstravelingspa@gmail.com,gemstravelingspa@gmail.com,yes,no_peptides,https://mwellnessandbeauty.com,vendor,,0
Renewed Health LLC,my-renewedhealth.com,,,yes,no_email,https://my-renewedhealth.com,medspa,"semaglutide, tirzepatide",6
Suburban Healthcare Laser Aesthetics & Medspa,my.officite.com,,,,unreachable,,,,
IV Hydration Therapy Palmetto Bay,my.portraitcare.com,,,,no_email,https://my.portraitcare.com,medspa,,0
IV Drip,myaestheticspro.com,,,yes,no_email,https://myaestheticspro.com,medspa,,0
Restore Yourself to Health,myaiowebsample.com,,,,no_email,,vendor,,0
Welcome to Hydration IV Lounge & MedSpa,myaponline.com,,,yes,no_email,https://myaponline.com/contact,medspa,,0
My Beauty Cauldron Hygge Head Spa,mybeautycauldron.com,customercare@mybeautycauldron.com,customercare@mybeautycauldron.com,yes,no_peptides,https://mybeautycauldron.com,vendor,,0
BioworX Lake Country,mybioworx.com,,,,no_email,https://mybioworx.com,medspa,"bpc-157, tb-500, nad+, selank, semax, ghk-cu",11
IV Therapy Park Ridge IL,mycnmedical.com,,,yes,no_email,https://mycnmedical.com,medspa,"semaglutide, tirzepatide, sermorelin, glutathione",18
IV therapy in Marietta,mydripglow.com,,,,no_email,,vendor,,0
WestCoast IV Therapy,myhothaven.com,support@myhothaven.com,sweat@myhothaven.com; support@myhothaven.com; jenica@myhothaven.com; sean@myhothaven.com,yes,no_peptides,https://myhothaven.com,vendor,,0
Local Infusion,mylocalinfusion.com,hello@mylocalinfusion.com,hello@mylocalinfusion.com,,no_peptides,https://mylocalinfusion.com,medspa,,0
LifeSpa & MediSpa,mylt.life,,,yes,no_email,https://mylt.life,medspa,,1
Well Groomed Male Spa,mymalespa.com,jim@mymalespa.com,jim@mymalespa.com,yes,no_peptides,https://mymalespa.com,vendor,,0
myMedSpa,mymedspa.com,info@mymedspa.com,info@mymedspa.com,,no_peptides,https://mymedspa.com,medspa,,0
Revive Hydration,myrevivehydration.com,,,,unreachable,,,,
Smart Infusion Therapy Services,mysmartinfusion.com,,,yes,no_email,https://mysmartinfusion.com,medspa,,1
Thrive Medical Spa,mythrivespa.com,,,,no_email,,vendor,,0
"Kathryn M. Gorenflo, NP",mytrimmd.com,,,,no_email,,vendor,,0
Vitality Cove Medical PC,myvitalitycove.com,,,yes,no_email,https://myvitalitycove.com,medspa,"semaglutide, tirzepatide, nad+, ghk-cu",10
Nutrient IV Therapy Treatments,myvivasol.com,,,,no_email,,vendor,,0
My Wellness Lounge,mywellnesslounge.net,mywellnesslounge@gmail.com,mywellnesslounge@gmail.com,yes,no_peptides,https://mywellnesslounge.net,medspa,,0
The Wellness Lounge,na02.patientnow.com,,,,no_email,https://na02.patientnow.com,medspa,,0
Naked Face Lounge,nakedfacelounge.glossgenius.com,ashley_donner@outlook.com,ashley_donner@outlook.com,yes,no_peptides,https://nakedfacelounge.glossgenius.com,medspa,,0
Advanced Specialty Care & Med Spa,nampaadvancedspecialtycare.com,,,yes,no_email,https://nampaadvancedspecialtycare.com,medspa,"semaglutide, tirzepatide",5
"IV Therapy Services in Naperville, IL",naperville-internist.com,,,yes,no_email,https://naperville-internist.com,medspa,"semaglutide, tirzepatide",7
Nashville Ketamine,nashketamine2.wpengine.com,,,yes,no_email,https://nashketamine2.wpengine.com,medspa,,0
Nashville Plastic Surgery Institute,nashvillepsi.com,,,,no_email,https://nashvillepsi.com,medspa,,1
Nason MedSpa: Weight Loss (North Charleston),nasonmedspa.com,,,yes,no_email,https://nasonmedspa.com,medspa,semaglutide,6
Natural Choice Med Spa,naturalchoicemedspa.com,naturalchoicenp@gmail.com,naturalchoicenp@gmail.com,yes,already known,https://naturalchoicemedspa.com,medspa,glutathione,2
Infinity Life Center,naturalhealinghawaii.com,,,,no_email,,vendor,,0
"Naturally Guided Health, LLC",naturallyguidedhealth.com,naturallyguidedhealth@gmail.com,naturallyguidedhealth@gmail.com,,no_peptides,https://naturallyguidedhealth.com,vendor,,0
Natural Medicine of Seattle,naturalmedicineofseattle.com,,,yes,no_email,https://naturalmedicineofseattle.com,medspa,,1
Natural Massage Spa,naturalspallc.com,,,,unreachable,,,,
The Fayetteville Aesthetician,naturalstateaesthetics.com,,,yes,no_email,https://naturalstateaesthetics.com,medspa,,0
IV Therapy,naturomedica.com,,,yes,no_email,https://naturomedica.com/contact,medspa,GLP-1 weight loss peptides,5
Toledo Men's and Weight Loss Clinic,nbwclinic.com,nbwclinicoh@gmail.com,nbwclinicoh@gmail.com,yes,already known,https://nbwclinic.com,medspa,GLP-1 weight loss peptides,9
Blanc and Gold Salon,ndhiddengemspa.com,ndhiddengemspa@gmail.com,ndhiddengemspa@gmail.com,yes,no_peptides,https://ndhiddengemspa.com,vendor,,0
ND Life Spa,ndlifespa.com,,,,unreachable,,,,
IV Therapy,nefunctionalmedicine.com,,,,no_email,,vendor,,0
IV Therapy Packages,neighborhoodnaturopathic.com,,,,no_email,,vendor,,0
The DRIPBaR New Braunfels,new-braunfels.thedripbar.com,,,,no_email,,vendor,,0
IV Therapy and Vitamin Injections in Newport Beach,newportbeachhydrationiv.com,,,yes,no_email,https://newportbeachhydrationiv.com,medspa,"nad+, glutathione",4
NewU Hydration Lounge,newuhydrationlounge.com,info@newuhydrationlounge.com,info@newuhydrationlounge.com,,no_us_signal,https://newuhydrationlounge.com,medspa,,1
The New You Medical and Infusion Clinic,newyoumedclinic.com,drstangenwald@yahoo.com,drstangenwald@yahoo.com; thenewyoumedical12@gmail.com,,no_peptides,https://newyoumedclinic.com,vendor,,0
Natural Health Improvement Center of Des Moines,nhiccenters.com,info@nhiccenters.com,info@nhiccenters.com,yes,no_peptides,https://nhiccenters.com,vendor,,0
Vitality Oasis Wellness Center,nhmwellness.com,,,yes,no_email,https://nhmwellness.com,medspa,"sermorelin, glutathione",9
Nitaya Thai Spa,nittymassage.com,,,yes,no_email,https://nittymassage.com,vendor,,0
NkdSkin Aesthetics Lounge,nkdskin.com,,,,no_email,https://nkdskin.com,medspa,,0
No Filter Medical Spa,nofiltermedspa.com,,,,no_email,,vendor,,0
NOLA Chill,nolachill.com,info@nolachill.com,info@nolachill.com,yes,no_peptides,https://nolachill.com,medspa,,0
QC Kinetix (Myrtle Beach),nonsurgicalhealthcare.com,,,yes,no_email,https://nonsurgicalhealthcare.com,medspa,GLP-1 weight loss peptides,3
Nordic Spa Vermont,nordicspavt.com,,,yes,no_email,https://nordicspavt.com,vendor,,0
Gudgel Aesthetics,normanmedspa.com,,,,no_email,https://normanmedspa.com,medspa,ghk-cu,7
Infusion Therapy,normanregional.com,,,,unreachable,,,,
The DRIPBaR North Miami,north-miami.thedripbar.com,,,,no_email,,vendor,,0
Northern Aura Wellness,northernaurawellness.com,northernaurawellness@gmail.com,northernaurawellness@gmail.com,yes,no_peptides,https://northernaurawellness.com,medspa,,0
Norwegian Spa,norwegian-spa.com,thenorwegianspa@gmail.com,thenorwegianspa@gmail.com,yes,no_peptides,https://norwegian-spa.com,medspa,,0
NoSweat Fort Wayne,nosweatfortwayne.com,,,yes,no_email,https://nosweatfortwayne.com,medspa,,0
IV Vitamins in Lafayette,nourichemedspa.com,,,yes,no_email,https://nourichemedspa.com,medspa,,2
Nova MedSpa,novamedspa.org,novamedspa.ia@gmail.com,novamedspa.ia@gmail.com,yes,already known,https://novamedspa.org,medspa,nad+,3
Soleo Health,novi-pavillion.thedripbar.com,,,,no_email,,vendor,,0
NRV Mobile IV,nrvmobileiv.com,hydration@nrvmobileiv.com,hydration@nrvmobileiv.com,,no_us_signal,https://nrvmobileiv.com,medspa,"nad+, glutathione",3
Nuance Aesthetics,nuanceaesthetics.com,,,yes,no_email,https://nuanceaesthetics.com,medspa,,3
Nurse Doza Clinic,nursedoza.com,,,yes,no_email,https://nursedoza.com,medspa,nad+,1
Nursethetics Wellness and Beauty,nursetheticswellnessandbeauty.com,,,,unreachable,,,,
"IV Therapy in Westerville, OH and Surrounding Areas",nurture.services,,,yes,no_email,https://nurture.services,medspa,GLP-1 weight loss peptides,2
NurturHer Aesthetics,nurtureheraesthetics.myaestheticrecord.com,,,,no_email,https://nurtureheraesthetics.myaestheticrecord.com,medspa,,0
Infusion Therapy Services,nvrh.org,l.osteen@nvrh.org,l.osteen@nvrh.org,yes,no_peptides,https://nvrh.org,medspa,,0
Body Balance,nwabodybalance.com,,,yes,no_email,https://nwabodybalance.com,medspa,,0
"NWA Lasers and Healthcare, LLC",nwalasers.com,,,yes,no_email,https://nwalasers.com,medspa,,0
NY Lounge & Mobile IV Therapy in New York,nydriplounge.com,,,yes,no_email,https://nydriplounge.com,medspa,"semaglutide, tirzepatide, cagrilintide, bpc-157, thymosin alpha-1, nad+",17
NY Ketamine Infusions,nyketamine.com,,,,no_email,,vendor,,0
"Oak Grove Massage and Manual Lymph Drainage Center in Hattiesburg, MS",oakgrovemassage.as.me,,,,no_email,https://oakgrovemassage.as.me,vendor,,0
oasis esthetics,oasisestheticsmt.com,brooke@oasisestheticsmt.com,brooke@oasisestheticsmt.com,yes,no_peptides,https://oasisestheticsmt.com,vendor,,0
Odara Medical Spa,odaramedicalspa.com,,,yes,no_email,https://odaramedicalspa.com,medspa,,0
Flow IV Infusion Therapy,og.planet.yocale.com,,,,no_email,,vendor,,0
Rejuvime Medical,ohanawellness.com,info@ohanawellness.com,info@ohanawellness.com,,no_peptides,https://ohanawellness.com,vendor,,0
Ohio Cryo,ohiocryo.com,contact@ohiocryo.com,contact@ohiocryo.com,yes,no_peptides,https://ohiocryo.com,medspa,,0
Reverse Med Spa OKC,okcmedspa.com,lindsayrachelle5@gmail.com,lindsayrachelle5@gmail.com,yes,no_peptides,https://okcmedspa.com,medspa,,0
"IV Therapy for Chronic Conditions in Weatherford, OK",okhealthcenter.com,,,,no_email,https://okhealthcenter.com,medspa,GLP-1 weight loss peptides,3
Oliv Body Bar,olivbodybar.com,info@olivbodybar.com,info@olivbodybar.com; party@olivbodybar.com,yes,no_peptides,https://olivbodybar.com,medspa,,0
om.life Wellness * Modern Recovery Spa,omlife.floathelm.com,,,yes,no_email,https://omlife.floathelm.com,vendor,,0
Ona Skincare Belle Meade,onaskin.com,,,yes,no_email,https://onaskin.com,medspa,semaglutide,7
One Beauty Aesthetics,onebeautyus.com,info@onebeautyus.com,info@onebeautyus.com; irvine@onebeautyus.com,yes,no_peptides,https://onebeautyus.com,medspa,,0
Onyx Med Spa & IV Lounge,onyxmedspanea.com,,,yes,no_email,https://onyxmedspanea.com/contact,medspa,,0
Optimal Oasis,optimaloasiswellness.com,,,,no_email,,vendor,,0
Restore Hyper Wellness,optimalwellnessmd.com,,,yes,no_email,https://optimalwellnessmd.com,medspa,"semaglutide, tirzepatide",6
"Richard Dinsmore, O.M.D.",optimizeucenters.com,,,,no_email,https://optimizeucenters.com,medspa,"semaglutide, tirzepatide, liraglutide, sermorelin, tesamorelin, pt-141",18
"Optimum Human: Science-backed Wellness, Beauty, & Recovery",optimumhuman.com,,,yes,no_email,https://optimumhuman.com,vendor,semaglutide,9
Acupuncture and Herb Solutions,optimumwh.com,,,,no_email,https://optimumwh.com,vendor,,0
Desert Wellness Center,optimyze.me,,,,no_email,,vendor,,0
Oriental Eden Day Spa,orientaledenspa.com,,,yes,no_email,https://orientaledenspa.com,medspa,,0
Orient Retreat Bodywork LLC,orientretreatbodywork.com,,,yes,no_email,https://orientretreatbodywork.com,medspa,,0
Origin Health Center,originhealthcenter.com,,,,unreachable,,,,
New Youth IV Therapy Lounge,orstz.myaestheticrecord.com,,,,no_email,https://orstz.myaestheticrecord.com,medspa,,0
Ortho-Rejuv Wellness and Aesthetics,ortho-rejuv.myaestheticrecord.com,,,,no_email,https://ortho-rejuv.myaestheticrecord.com,medspa,,0
Zula Modern Medspa,osteostronghsv.com,getstrong@osteostronghsv.com,osteostronghsv@gmail.com; getstrong@osteostronghsv.com,yes,no_peptides,https://osteostronghsv.com,vendor,,0
Bridge to Higher Health,other23wellness.com,,,yes,no_email,https://other23wellness.com/contact,medspa,GLP-1 weight loss peptides,2
Elevate Wellness +,ourspacharleston.com,,,yes,no_email,https://ourspacharleston.com,vendor,,0
Restore Hyper Wellness,ovme.com,help@ovme.com,help@ovme.com,yes,already known,https://ovme.com,vendor,tirzepatide,4
IV Drip Vitamin Therapy Lounge by Oxynergy,oxynergy2.com,,,,no_email,,vendor,,0
Nordquist Integrated Medicine,p3life.com,,,yes,no_email,https://p3life.com,medspa,"semaglutide, retatrutide, bpc-157, tb-500, nad+, ipamorelin",21
Palace Aesthetics: A Beauty Collective,palace-aesthetics.com,palace.aesthetics.pdx@gmail.com,palace.aesthetics.pdx@gmail.com,yes,no_peptides,https://palace-aesthetics.com,medspa,,0
Palmetto Infusion,palmettoinfusion.com,,,,unreachable,,,,
Panacea Plastic Surgery,panaceaplasticsurgery.com,,,,unreachable,,,,
"Iv Vitamin therapy & Drip near by Papillon MedSpa in Mount Prospect,IL",papillonsalonspa.com,papillon.salon1@gmail.com,papillon.salon1@gmail.com,yes,no_peptides,https://papillonsalonspa.com,medspa,,0
Paragon Nashville Infusion Center,paragonwebcontent.s3.amazonaws.com,,,,unreachable,,,,
Elevated IV Therapy,park-city-medesthetix-v1773150837.websitepro-cdn.com,,,,unreachable,,,,
The Spa at Equinox,parkavenuemedicalspa.com,parkavenuemedicalspa@gmail.com,parkavenuemedicalspa@gmail.com,yes,no_peptides,https://parkavenuemedicalspa.com,medspa,,0
Park Medspa Hillcrest,parkmedspa.com,,,,unreachable,,,,
Yth. Wellness,patient.klara.com,,,yes,no_email,https://patient.klara.com,medspa,,0
Peak Personalized Healthcare,peakhealthidaho.com,,,,no_email,,vendor,,0
Conventions Wellness,peakhealthinstitute.com,,,,no_email,,vendor,,0
Peak Performance Therapeutic Massage,peakmassage.amtamembers.com,,,yes,no_email,https://peakmassage.amtamembers.com,vendor,,0
PEAK Wellness Spa,peakwellnessmissoula.com,,,yes,no_email,https://peakwellnessmissoula.com,medspa,,0
Pearl Med Spa,pearlmedspa.com,,,yes,no_email,https://pearlmedspa.com,medspa,,0
Pêche Skin Co.,pecheskinco.com,,,yes,no_email,https://pecheskinco.com,medspa,,0
Perfusion Mobile IV Hydration,perfusioniv.com,,,,no_email,,vendor,,0
Perspire Sauna Studio,perspiresaunastudio.com,,,,no_email,https://perspiresaunastudio.com,medspa,,0
Honeybees Hideaway Spa,petiteclinique.square.site,petitecliniquemn@gmail.com,petitecliniquemn@gmail.com,,no_peptides,https://petiteclinique.square.site,vendor,,0
BB Aesthetic Medical Office,pfccare.com,info@pfccare.com,info@pfccare.com,yes,no_peptides,https://pfccare.com,medspa,,0
Philadelphia Medical Group,philamedgroup.com,,,,no_email,,vendor,,0
Philly Wellness Center,phillywellnesscenter.com,,,yes,no_email,https://phillywellnesscenter.com,medspa,"semaglutide, nad+, ipamorelin, cjc-1295, igf-1 lr3, mots-c",23
Wellness and IV Infusion,phorest.com,togetherwegrow@phorest.com,togetherwegrow@phorest.com,,no_peptides,https://phorest.com,medspa,,0
Phresh Health & Wellness,phreshhealthwellness.myaestheticrecord.com,,,,no_email,https://phreshhealthwellness.myaestheticrecord.com,vendor,,0
PHC Wellness,piedmonthealthcare.com,,,yes,no_email,https://piedmonthealthcare.com,medspa,,1
PLANET BEACH,planetbeach.com,,,yes,no_email,https://planetbeach.com,medspa,,0
Plastic Surgery Center of Hattiesburg,plasticsurgeryhattiesburg.com,,,yes,no_email,https://plasticsurgeryhattiesburg.com,medspa,"bpc-157, ipamorelin, sermorelin, igf-1 lr3, ghk-cu",8
LOTTE BIOLOGICS,plasticsurgeryofsyracuse.com,,,yes,no_email,https://plasticsurgeryofsyracuse.com,medspa,semaglutide,4
Platinum Tan Hudson,platinumtanhudson.com,,,yes,no_email,https://platinumtanhudson.com,medspa,,0
Plush Studios & Medical Aesthetics,plushdayandmedspa.com,plushskincarestudio@gmail.com,plushskincarestudio@gmail.com,yes,no_peptides,https://plushdayandmedspa.com,medspa,,0
Polaris Wellness & Aesthetics,polariswellness.org,info@polariswellness.org,info@polariswellness.org,yes,no_peptides,https://polariswellness.org,medspa,,0
Ponderosa Day Spa,ponderosadayspa.com,info@ponderosadayspa.com,info@ponderosadayspa.com; 493-5328info@ponderosadayspa.com,yes,no_peptides,https://ponderosadayspa.com,vendor,,0
PORTAL° Thermaculture,portalthermaculture.com,contact@portalthermaculture.com,contact@portalthermaculture.com,yes,no_peptides,https://portalthermaculture.com,vendor,,0
Premier MediSpa LLC,premedspa.com,,,yes,no_email,https://premedspa.com,medspa,,0
Premier Dermatology & Cosmetic Surgery,premierdermde.com,info@premierdermde.com,infor@premierdermde.com; info@premierdermde.com,yes,no_peptides,https://premierdermde.com,medspa,,0
Hydration iv drip near me Near Me DE,premiereglow.myaestheticrecord.com,,,,no_email,https://premiereglow.myaestheticrecord.com,vendor,,0
Pretty Muse,pretty-muse.square.site,prettymusebeautybar@gmail.com,prettymusebeautybar@gmail.com,,no_peptides,,vendor,,0
Pretty Lyfe,prettylyfe.com,prettylyfe@icloud.com,prettylyfe@icloud.com,yes,no_peptides,https://prettylyfe.com,vendor,,0
Pretty Please Aesthetics,prettypleaseaesthetics.com,info@prettypleaseaesthetics.com,info@prettypleaseaesthetics.com,,no_peptides,https://prettypleaseaesthetics.com,medspa,,0
Prime Health Associates,primehealthassociates.com,info@primehealthassociates.com,info@primehealthassociates.com,yes,no_peptides,https://primehealthassociates.com,medspa,,0
"IV Vitamin Infusion Therapy in Jamaica, Queens & Bronx, NY",primehealthnyc.com,,,,unreachable,,,,
TVI MedSpa,primemedicalspa.com,,,,no_email,,vendor,,0
Prime MedSpa PDX,primemedspapdx.com,infoprimemedspa@gmail.com,infoprimemedspa@gmail.com,yes,already known,https://primemedspapdx.com,medspa,semaglutide,2
Princeton Integrative Health,princetonih.com,,,yes,no_email,https://princetonih.com,medspa,"nad+, glutathione",6
Hydrate To Heal LLC,princetonlongevitycenter.com,,,,no_email,,vendor,,0
Morgan The Esthetician,prismaestheticsllc.com,,,yes,no_email,https://prismaestheticsllc.com,medspa,,3
Prism Beauty,prismbeautyvt.com,meg@prismbeautyvt.com,meg@prismbeautyvt.com,yes,no_peptides,https://prismbeautyvt.com,vendor,,0
Pro Health Clinic,prohealthmemphis.com,,,,no_email,https://prohealthmemphis.com,medspa,"semaglutide, tirzepatide, bpc-157, nad+, ipamorelin, tesamorelin",21
Seven Layer Skin,promiseacu.com,info@promiseacu.com,impallari@gmail.com; info@promiseacu.com,yes,no_peptides,https://promiseacu.com,medspa,,0
Pro Nails & Spa Mandan,pronailspand.com,,,yes,no_email,https://pronailspand.com/services,vendor,,0
Prophecy Med Spa,prophecyidaho.com,,,yes,no_email,https://prophecyidaho.com,medspa,,0
ProSculpt Med Spa,prosculpt.net,,,yes,no_email,https://prosculpt.net,medspa,"semaglutide, tirzepatide",8
Vanity Medical Spa,pulseivtherapy.com,,,,no_email,,vendor,,0
PuraVita LLC Full Service Salon and Spa,puravitallc.com,puravitallc17@gmail.com,puravitallc17@gmail.com,,no_peptides,https://puravitallc.com,vendor,,0
Pure Beauty GR,purebeautygr.com,jonpinhorn.typedesign@gmail.com,jonpinhorn.typedesign@gmail.com; purebeautygr@gmail.com,yes,already known,https://purebeautygr.com,medspa,"semaglutide, tirzepatide, nad+",7
Pure Beauty,purebeautyvt.com,info@purebeautyvt.com,impallari@gmail.com; info@purebeautyvt.com,yes,no_peptides,https://purebeautyvt.com,medspa,,0
IV Therapy Alexandria VA,puredropiv.com,,,yes,no_email,https://puredropiv.com/about,medspa,nad+,3
Pure Infusion Suites of Boise,pureinfusionsuites.com,maddiejohnson@gmail.com,maddiejohnson@gmail.com,,no_us_signal,https://pureinfusionsuites.com,vendor,kpv,2
"Scot R. Mckenna MD, FACS",puremedi-spa.com,,,yes,no_email,https://puremedi-spa.com,medspa,,0
PURE Medical Spa,puremedicalspaidaho.com,,,yes,no_email,https://puremedicalspaidaho.com,medspa,GLP-1 weight loss peptides,4
Purifi IV,purifiivcharlotte.com,,,,unreachable,,,,
"Treat Your Feet Medical & Mobile Foot Spa, LLC",purifinashville.com,,,yes,no_email,https://purifinashville.com,medspa,nad+,1
"Puritie Spa & Studios, Massage, Skincare, Reiki & More. Lahaska",puritiespa.com,,,yes,no_email,https://puritiespa.com,vendor,,0
PurLife Medical West Windsor,purlifemedical-westwindsor.com,,,,unreachable,,,,
Reenew Wellness Center,qckinetix.com,,,yes,no_email,https://qckinetix.com,medspa,,1
"Quality 1st Regenerative Health Solutions: Weight Loss, IV Hydration,",quality1stregenerativehealthsolutions.com,quality1strhs@gmail.com,quality1strhs@gmail.com,yes,already known,https://quality1stregenerativehealthsolutions.com,medspa,"semaglutide, tirzepatide, nad+, sermorelin, glutathione",11
Abundant Health and Wellness Center,quenchivstudio.com,info@quenchivstudio.com,info@quenchivstudio.com,,no_us_signal,https://quenchivstudio.com,medspa,,2
QUICKmed,quickmedclinic.com,,,yes,no_email,https://quickmedclinic.com,medspa,,1
R3 Stem Cell,r3stemcell.com,info@r3stemcell.com,info@r3stemcell.com,,no_us_signal,https://r3stemcell.com,medspa,,1
"Raden Wellness, Lincoln Park Chicago",radenwellness.com,,,yes,no_email,https://radenwellness.com,medspa,"semaglutide, tirzepatide, dulaglutide",15
Radiance By Roller,radiancebyroller.com,,,yes,no_email,https://radiancebyroller.com,medspa,nad+,3
Radiance Medi Spa,radiancemedispa.net,radiance719@protonmail.com,radiance719@protonmail.com,yes,no_peptides,https://radiancemedispa.net,medspa,,0
Radiance Skincare & Laser Medspa,radiancemedspa-wheaton.com,,,yes,no_email,https://radiancemedspa-wheaton.com,medspa,,0
Radiance Medical Aesthetics and Wellness Spa,radiancevt.com,,,,no_email,,vendor,,0
IV Hydration Therapy,radiancewellnessandaesthetics.com,,,yes,no_email,https://radiancewellnessandaesthetics.com,medspa,GLP-1 weight loss peptides,4
Radiance Medspa,radiancewoodbury.com,,,yes,no_email,https://radiancewoodbury.com,medspa,"semaglutide, tirzepatide",4
Radiant Eyes & Aesthetics llc,radianteyesbyroz.styleseat.com,,,,no_email,https://radianteyesbyroz.styleseat.com,vendor,,0
Radiant Skin and Beauty,radiantskinandbeauty.com,,,,unreachable,,,,
Radiant Med Spa,radiantwithrebecca.com,,,yes,no_email,https://radiantwithrebecca.com/about,medspa,"semaglutide, tirzepatide",3
The Aesthetics Lounge & Spa Raleigh,raleigh.theaestheticsloungeandspa.com,,,yes,no_email,https://raleigh.theaestheticsloungeandspa.com/contact,medspa,nad+,2
Omorfia Medical Spa,rapidrevivewellness.com,,,,no_email,,vendor,,0
Promise Integrative Medicine Clinic,rbconcierge.com,info.rejuvenationconcierge@gmail.com,info.rejuvenationconcierge@gmail.com,yes,already known,https://rbconcierge.com,medspa,"semaglutide, tirzepatide, bpc-157",6
"IV Hydration Therapy NYC, Queens, Astoria",recoverymodenyc.com,,,yes,no_email,https://recoverymodenyc.com,vendor,,1
Wellspot IV,redbudowasso.com,,,,no_email,https://redbudowasso.com,vendor,,0
Refine Aesthetics,refineaestheticsgr.com,refineaesthetics@gmail.com,refineaesthetics@gmail.com,yes,no_peptides,https://refineaestheticsgr.com,medspa,,0
Refined Beauty,refinedbeautyidaho.com,info@refinedbeautyidaho.com,info@refinedbeautyidaho.com,yes,no_peptides,https://refinedbeautyidaho.com,medspa,,0
Refined Beauty Medical Spa,refinedbeautymedspa.com,,,yes,no_email,https://refinedbeautymedspa.com,medspa,,0
ReFresh Aesthetic Center,refreshaestheticcenter.com,,,yes,no_email,https://refreshaestheticcenter.com,medspa,,2
Refreshed Aesthetic Medspa,refreshedaesthetic.com,,,,no_email,,vendor,,0
"Refresh Fremont- Testosterone, IV Hydration, Teeth Whitening, Lab Draw",refreshfremont.com,flowwithsydney@gmail.com,flowwithsydney@gmail.com,,no_peptides,https://refreshfremont.com,vendor,,0
Regen and Rejuvenate,regenandrejuvenate.com,ruthienp@yahoo.com,ruthienp@yahoo.com,yes,already known,https://regenandrejuvenate.com,medspa,"nad+, glutathione",4
Hydra Wellness,regencen.com,,,yes,no_email,https://regencen.com,medspa,"semaglutide, tirzepatide, nad+",13
Regenerate Wellness and Med Spa,regeneratewellness.com,,,yes,no_email,https://regeneratewellness.com,medspa,"semaglutide, tirzepatide, glutathione",9
Revita' Life,regenerativehealthwellnesscenter.org,regenhealthwellness@gmail.com,regenhealthwellness@gmail.com,yes,already known,https://regenerativehealthwellnesscenter.org,medspa,nad+,4
ReGen Aesthetics,regenmed.la,,,yes,no_email,https://regenmed.la,medspa,GLP-1 weight loss peptides,4
Rehydration Station,rehydrationstation.com,,,yes,no_email,https://rehydrationstation.com,medspa,glutathione,2
Reign Hydration,reignhydration.com,,,,no_email,,vendor,,0
"IV Therapy in Clermont, FL",reignmedicalaesthetics.com,,,yes,no_email,https://reignmedicalaesthetics.com,medspa,nad+,6
Rejuvaline Medspa at Flamingo,rejuvalinemedspa.com,,,yes,no_email,https://rejuvalinemedspa.com,medspa,,1
Rejuve Aesthetics & Wellness,rejuveaestheticswellness.com,,,,no_email,https://rejuveaestheticswellness.com,medspa,,1
IV Vitamin Therapy,rejuvenate-tennessee.com,,,yes,no_email,https://rejuvenate-tennessee.com,medspa,GLP-1 weight loss peptides,3
"Rejuvenate Aesthetics & Wellness, LLC",rejuvenateaestheticsandwellness.com,,,,unreachable,,,,
Rejuvenate MedSpa,rejuvenatecolorado.com,,,yes,no_email,https://rejuvenatecolorado.com,medspa,,0
Eternal Dermatology & Aesthetic Center,rejuvenatehowardcounty.com,,,yes,no_email,https://rejuvenatehowardcounty.com,medspa,,0
IV Therapy New Jersey,rejuvenatenj.com,,,yes,no_email,https://rejuvenatenj.com,medspa,"semaglutide, tirzepatide",6
"Rejuvenate Aesthetics and Wellness, LLC",rejuvenatenp.life,,,,unreachable,,,,
Rejuvenate Wellness & Health Center,rejuvenatewhc.com,rejuvehw@yahoo.com,rejuvehw@yahoo.com,yes,already known,https://rejuvenatewhc.com,medspa,"bpc-157, tb-500, nad+, ipamorelin, tesamorelin, mots-c",12
Rejuvenate Yourself- Jersey Shore,rejuvenateyourselfnyc.com,,,yes,no_email,https://rejuvenateyourselfnyc.com,medspa,"semaglutide, tirzepatide, liraglutide, nad+, sermorelin, glutathione",15
Rejuvenation MedSpa by Minnesota Women's Care,rejuvenation.mnwcare.com,rejuvenation@mnwcare.com,rejuvenation@mnwcare.com; john@gmail.com,yes,no_peptides,https://rejuvenation.mnwcare.com,medspa,,0
Beckley Rejuvenation Center,rejuvenationcenterbeckley.com,,,,no_email,https://rejuvenationcenterbeckley.com,vendor,,0
Ohana Wellness Company,rejuvimemedical.com,,,yes,no_email,https://rejuvimemedical.com,medspa,"semaglutide, tirzepatide, sermorelin",10
Rejuv Medical,rejuvmedicalky.com,,,,no_email,,vendor,,0
Release Massage Therapy,releasemassagenh.com,saralmt511@gmail.com,saralmt511@gmail.com,yes,no_peptides,https://releasemassagenh.com,vendor,,0
North Idaho Regenerative Medicine,releaserelaxrepeat.com,releasefloatspa2@gmail.com,releasefloatspa2@gmail.com; rrrfloatretreat@gmail.com,yes,no_peptides,https://releaserelaxrepeat.com,vendor,,0
Reliv Again Wellness,relivagain.com,,,,no_email,https://relivagain.com,vendor,,0
The Remedy Health & Wellness Clinic,remedyfw.com,,,yes,no_email,https://remedyfw.com,medspa,GLP-1 weight loss peptides,3
Remedy Skin Care,remedyskincareboise.com,vidalinkas@gmail.com,vidalinkas@gmail.com,yes,no_peptides,https://remedyskincareboise.com,medspa,,0
Reneu Health & MediSpa,reneuhealth.com,,,yes,no_email,https://reneuhealth.com/about,medspa,,1
Renewal Therapy,renewaltherapy.com,,,yes,no_email,https://renewaltherapy.com,vendor,,0
Renew Medical Aesthetics,renewmedical-aesthetics.com,,,,unreachable,,,,
Renew Medical Centers,renewmedicalcenters.com,,,yes,no_email,https://renewmedicalcenters.com,medspa,"ipamorelin, sermorelin",9
Renew Wellness MedSpa,renewwellnessmedspa.com,info@renewwellnessmedspa.com,info@renewwellnessmedspa.com,yes,no_peptides,https://renewwellnessmedspa.com/services,medspa,,0
The Recovery Room,renuehealth.com,,,,no_email,https://renuehealth.com,vendor,,1
Resilience Integrative Wellness,resilienceintegrative.com,,,,no_email,,vendor,,0
Mobile IV Hydration and Therapy in South Florida,resqedivhydration.com,,,,no_email,,vendor,,0
Restorative Health and Wellness,restorativehealthandwellnessok.com,,,yes,no_email,https://restorativehealthandwellnessok.com,medspa,"semaglutide, nad+, glutathione",10
Restorative Health Wellness Center,restorativehealthwc.com,,,yes,no_email,https://restorativehealthwc.com,medspa,,0
Restore Hyper Wellness,restore.com,,,yes,no_email,https://restore.com,medspa,"semaglutide, tirzepatide, nad+, glutathione",7
City Hydration Main Line,restorehlc.com,hello@restorehlc.com,hello@restorehlc.com,yes,no_peptides,https://restorehlc.com,medspa,,0
Resurgence Health,resurgence-health.com,,,,no_email,,vendor,,0
Reverse Time Wellness INC,reversetimeinstamford.com,,,yes,no_email,https://reversetimeinstamford.com,medspa,,1
Revitalize Hydration & Wellness,revitalize-wellness.org,,,yes,no_email,https://revitalize-wellness.org,medspa,,0
Home,revitalizehealthspa.com,,,,no_email,,vendor,,0
Revival Infusion + Wellness,revival-infusion.com,,,,unreachable,,,,
Revival Med Spa,revivalmedicalspa.com,,,,no_email,,vendor,,0
Wellness Services,revive-iv-hydration.com,,,,unreachable,,,,
"Revive Medical Spa, Denver CO",revivedripmedspa.com,,,,unreachable,,,,
Revive Glam Studio,reviveglamstudio.com,,,,unreachable,,,,
Re-vIVe Hydration and Wellness,revivehydrationandwellnesscos.com,revivehydrationwellnesscos@gmail.com,revivehydrationwellnesscos@gmail.com,yes,already known,https://revivehydrationandwellnesscos.com,medspa,GLP-1 weight loss peptides,4
Revive Infusion,reviveinfusion.org,,,,unreachable,,,,
Viva Vitality St. Paul,revivemd.intakeq.com,,,,no_email,https://revivemd.intakeq.com,medspa,,0
Revive Med Spa,revivemedspamurphytx.com,,,,no_email,,vendor,,0
Lotus Massage Spa,reviverxmedspa.com,reviverxmedspa@gmail.com,reviverxmedspa@gmail.com,yes,already known,https://reviverxmedspa.com,medspa,"semaglutide, tirzepatide",11
Revive RX,reviverxwellness.com,,,yes,no_email,https://reviverxwellness.com,medspa,,5
Nutima Integrative Medicine,revivetherapyandaesthetics.com,,,,unreachable,,,,
RevIVeU,reviveustat.com,jdwolfe1974@gmail.com,jdwolfe1974@gmail.com,yes,already known,https://reviveustat.com,medspa,semaglutide,2
REVIV,revivme.com,info@revivme.com,info@revivme.com; press@revivme.com; investments@revivme.com; genetics@revivme.com; u003einfo@revivme.com; u003epress@revivme.com; u003einvestments@revivme.com; u003egenetics@revivme.com,,no_us_signal,https://revivme.com,medspa,"nad+, glutathione",3
IV Nutrient Therapy,revolve-health.com,hello@revolve-health.com,hello@revolve-health.com,,no_us_signal,https://revolve-health.com,medspa,"semaglutide, glutathione",6
Rhapsody Spa,rhapsodyspanashville.com,,,yes,no_email,https://rhapsodyspanashville.com,medspa,GLP-1 weight loss peptides,4
Restoration Healthcare,rhealthc.com,,,,no_email,https://rhealthc.com,medspa,,2
Rimage Salon & Spa,rimagesalon.com,len@rimagesalon.com,rimagesalon40@gmail.com; len@rimagesalon.com,yes,no_peptides,https://rimagesalon.com,medspa,,0
"IV Therapy in Farmers Branch, TX",risefamilyiv.com,risefamilychiropractic@gmail.com,risefamilychiropractic@gmail.com,yes,no_peptides,https://risefamilyiv.com,medspa,,0
RISE Regenerative Medicine,riseregenmed.com,,,,no_email,,vendor,,0
Rising Health Specialty Clinic,risinghealthspecialty.com,,,,no_email,,vendor,,0
Ritual Med Boutique,ritualmedboutique.com,,,yes,no_email,https://ritualmedboutique.com,medspa,,3
"Dr. Michael D Bobb, DO",rivergatemedical.com,,,yes,no_email,https://rivergatemedical.com/contact-us,medspa,,2
Regenerative Medical Institute,rmi.live,,,,no_email,,vendor,,0
Whole Health Wellness Center,rnpwellness.com,,,yes,no_email,https://rnpwellness.com,medspa,,1
Robert Andrews Medical Aesthetics,robertandrewsmedical.com,,,yes,no_email,https://robertandrewsmedical.com,medspa,"semaglutide, tirzepatide",5
Mobile Services,rochester-hills.thedripbar.com,,,,no_email,,vendor,,0
Roots Integrative Medicine,rootsim.org,,,,unreachable,,,,
IV Hydration,rossbridgemedicalcenter.com,,,yes,no_email,https://rossbridgemedicalcenter.com,medspa,GLP-1 weight loss peptides,4
Routine Aesthetics & Wellness,routinemedspa.com,,,,unreachable,,,,
GaliDerm Aesthetics,royal-palm-beach-fl.thedripbar.com,,,,no_email,,vendor,,0
Royalty Wellness Spa,royaltywellnessspa.com,appointment@royaltywellnessspa.com,appointment@royaltywellnessspa.com,,no_peptides,https://royaltywellnessspa.com,medspa,,0
R&R IV Wellness and Weight Loss,rrivwellnessandweight.com,,,yes,no_email,https://rrivwellnessandweight.com,medspa,"semaglutide, tirzepatide, bpc-157, tb-500, nad+, sermorelin",16
IV hydration in Pinecrest FL,rrskin.com,info@rrskin.com,info@rrskin.com,,no_peptides,https://rrskin.com,medspa,,0
The Rebellious Rose Spa And Salon,rrspaandsalon.com,,,,no_email,https://rrspaandsalon.com,vendor,,0
"IV Therapy Near Highland, UT",ruma.com,info@ruma.com,info@ruma.com,,no_peptides,https://ruma.com,medspa,,0
The Body Sage Spa at the Rusty Parrot Lodge,rustyparrot.com,info@rustyparrot.com,info@rustyparrot.com; bodysage@rustyparrot.com,yes,no_peptides,https://rustyparrot.com,vendor,,0
RxIV Infusions,rxivinfusions.com,rxivinfusions@gmail.com,rxivinfusions@gmail.com,yes,already known,https://rxivinfusions.com,medspa,"semaglutide, tirzepatide, nad+, glutathione",7
Mobile IV Hydration and Med Spa,s.uenicdn.com,,,,unreachable,,,,
EleMental Health & Boise Ketamine Clinic,s3.amazonaws.com,,,,no_email,https://s3.amazonaws.com,vendor,,0
"Top IV Hydration Clinic in Knightdale, NC",s40764.pcdn.co,,,,no_email,https://s40764.pcdn.co,vendor,,0
City Laser Clinic,sa1s3optim.patientpop.com,,,,unreachable,,,,
Saco River Acupuncture & Wellness,sacoriveracu.com,info@sacoriveracu.com,info@sacoriveracu.com,yes,no_peptides,https://sacoriveracu.com,medspa,,0
Sage Day Spa,sagedayspallc.com,sagedayspallc@gmail.com,sagedayspallc@gmail.com,,no_peptides,https://sagedayspallc.com,vendor,,0
Sain Visage Med Spa & Beauty Bar,sainvisage.com,,,yes,no_email,https://sainvisage.com,vendor,,0
SALT. Hydration & Wellness,salthydrationandwellness.com,,,yes,no_email,https://salthydrationandwellness.com,medspa,"semaglutide, tirzepatide, bpc-157, nad+, glutathione",11
"IV Hydration Therapy in Ridgewood, NJ",saltskywellness.com,,,yes,no_email,https://saltskywellness.com,medspa,GLP-1 weight loss peptides,3
Calm Down Wellness Studio,salttherapyassociation.org,info@salttherapyassociation.org,info@salttherapyassociation.org,yes,no_peptides,https://salttherapyassociation.org,vendor,,0
Samara Skincare,samaraskincare.com,,,,no_email,https://samaraskincare.com,vendor,,0
San Antonio Prime Wellness,sanantonioprimewellness.com,janes@gmail.com,janes@gmail.com; saprimewellness@gmail.com,yes,already known,https://sanantonioprimewellness.com,medspa,"semaglutide, tirzepatide",8
Sana Spa,sanaspanm.com,,,yes,no_email,https://sanaspanm.com,medspa,"semaglutide, tirzepatide, nad+",4
"Les Moore, ND, DHANP, LAc. and Classical Formulas",sanatelamedical.com,,,yes,no_email,https://sanatelamedical.com,medspa,,0
Sanford Vermillion Clinic,sanfordhealth.org,pfsaccts@sanfordhealth.org,pfsaccts@sanfordhealth.org,yes,no_peptides,https://sanfordhealth.org,medspa,,0
"IV Therapy Naperville, IL",santembb.com,,,yes,no_email,https://santembb.com,medspa,oxytocin,10
Sapphire Health & Wellness,sapphirewellnesswyo.com,sapphirehealthwellness@gmail.com,sapphirehealthwellness@gmail.com,,no_us_signal,https://sapphirewellnesswyo.com,medspa,nad+,5
Infusion Services,saukprairiehealthcare.org,,,,unreachable,,,,
Sauna Therapy & More,saunatherapyandmore.com,,,,unreachable,,,,
Mobile IV Therapy in Tulsa,savinggracetulsa.com,,,yes,no_email,https://savinggracetulsa.com,medspa,,0
SAVU Pop-Up Sauna Lakeside,savu.cc,,,yes,no_email,https://savu.cc,vendor,,0
SB Mini Spa,sbminispa.com,,,yes,no_email,https://sbminispa.com,medspa,,0
PURE MediSpa,scotrmckenna.com,info@scotrmckenna.com,info@scotrmckenna.com,yes,no_peptides,https://scotrmckenna.com,medspa,,0
Sculpted Image Spa and Personal Training Studio,sculptedimagespa.com,sculptedimage@yahoo.com,sculptedimage@yahoo.com,yes,no_peptides,https://sculptedimagespa.com,vendor,,0
Light & Dark Acupuncture & Apothecary,sculptedmd.com,,,,no_email,,vendor,,0
San Diego Aesthetics and Med Spa,sdamedspa.com,,,yes,no_email,https://sdamedspa.com,medspa,nad+,1
SDBotox,sdbotox.com,morganne@sdbotox.com,morganne@sdbotox.com,yes,no_peptides,https://sdbotox.com,medspa,,0
Sea Spa Sanctuary at Tropicana,seaspasanctuary.com,,,,unreachable,,,,
Seattle Skin Essentials,seattleskinessentials.com,seattleskinessentials@gmail.com,seattleskinessentials@gmail.com,yes,no_peptides,https://seattleskinessentials.com,medspa,,0
S & E Infusions Hydration and Wellness Med Spa,seinfusions.com,,,,unreachable,,,,
"IV Therapy Services, IV Infusions, IV Vitamin Infusions Spa Michigan .",selamedspa-booking.as.me,,,,no_email,https://selamedspa-booking.as.me,medspa,,0
Self CenteRx,selfcenterboston.com,,,yes,no_email,https://selfcenterboston.com,medspa,,0
Sensational Beauty by Sydney,sensationalbeauty.glossgenius.com,,,,no_email,https://sensationalbeauty.glossgenius.com,medspa,GLP-1 weight loss peptides,2
Sensation Day Spa,sensationdayspa.com,sensationdayspausa@gmail.com,sensationdayspausa@gmail.com,yes,no_peptides,https://sensationdayspa.com,vendor,,0
Seraphim Skin Care,seraphimskincare.com,,,yes,no_email,https://seraphimskincare.com,medspa,,0
Serendipity Spa,serendipityspadsm.com,,,yes,no_email,https://serendipityspadsm.com,medspa,,0
Serenity Massage & Wellness Spa,serenityaugusta.com,info@serenityaugusta.com,info@serenityaugusta.com,yes,no_peptides,https://serenityaugusta.com,medspa,,0
Vitamin IVs Canton,serenityhealthmedspa.com,,,yes,no_email,https://serenityhealthmedspa.com,medspa,,0
Serenity Infuse Health and Wellness: Ketamine & Spravato Therapy,serenityinfuse.com,,,yes,no_email,https://serenityinfuse.com,medspa,,1
"Gameday Men's Health Springfield, MO",serotonincenters.com,windermerefl@serotonincenters.com,windermerefl@serotonincenters.com; dpfl@serotonincenters.com; coltsnecknj@serotonincenters.com; wpfl@serotonincenters.com; greenhillstn@serotonincenters.com; springfieldmo@serotonincenters.com; charlestonsc@serotonincenters.com; charlestonscmp@serotonincenters.com,yes,no_peptides,https://serotonincenters.com,medspa,,0
Sham Skin Care & Spa LLC,shamskincarebethlehem.zoca.com,,,,unreachable,,,,
Shay Medical Aesthetics,shaymedspa.com,,,,no_email,,vendor,,0
Kalarosi Day Spa,shekinaclinicalspa.org,,,yes,no_email,https://shekinaclinicalspa.org,medspa,GLP-1 weight loss peptides,2
Elite day spa,shopeastridge.com,info@shopeastridge.com,info@shopeastridge.com,yes,no_peptides,https://shopeastridge.com,vendor,,0
Endless Summer Tan.Hair.Boutique,shopendlesssummerms.com,,,,unreachable,,,,
Golden Galore Luxe Beauty(Head Spa),shopgoldengalore.com,,,,no_email,https://shopgoldengalore.com,medspa,,0
Simply Lavish Salon and Spa,simplylavishsalonspa.com,info@simplylavishsalonspa.com,info@simplylavishsalonspa.com,yes,no_peptides,https://simplylavishsalonspa.com,medspa,,0
Simply Steele,simplysteeleskin.net,,,yes,no_email,https://simplysteeleskin.net,medspa,,0
Simply The Best Aesthetics & Training Center,simplythebestaesthetics.com,info@simplythebestaesthetics.com,info@simplythebestaesthetics.com; shanelle.simplythebest@gmail.com; sarah.simplythebestaesthetics@gmail.com; greta.simplythebest@gmail.com; abby.simplythebest@gmail.com,yes,no_peptides,https://simplythebestaesthetics.com,medspa,,0
Simply Wellness,simplywellness.com,,,,unreachable,,,,
Siti Med Spa,sitimedspa.com,info@sitimedspa.com,info@sitimedspa.com,yes,no_peptides,https://sitimedspa.com,medspa,,0
"Xquisite Med Spa, York",skinaestheticsmedspa.com,,,yes,no_email,https://skinaestheticsmedspa.com,medspa,GLP-1 weight loss peptides,5
Skin Analysis,skinanalysishi.com,skinanalysishi@gmail.com,skinanalysishi@gmail.com,yes,no_peptides,https://skinanalysishi.com,medspa,,0
Envie Aesthetics PLLC,skinandmassagespabybella.com,,,,no_email,https://skinandmassagespabybella.com,vendor,,0
Skin & Sage,skinandsagespa.com,hello@skinandsagespa.com,hello@skinandsagespa.com,yes,no_peptides,https://skinandsagespa.com,medspa,,0
Skin Beauty MedSpa Sunland Park,skinbeautymedspa.square.site,,,,unreachable,,,,
Skin Bliss Facials,skinblissvt.com,judy@skinblissvt.com,judy@skinblissvt.com,yes,no_peptides,https://skinblissvt.com,medspa,,0
The Skin Med Spa,skinbutik.com,sara@skinbutik.com,sara@skinbutik.com,yes,no_peptides,https://skinbutik.com,medspa,,0
"SKINCARE 603, LLC",skincare603.com,,,,unreachable,,,,
Skincare by Jenny,skincarebyjenny.com,,,yes,no_email,https://skincarebyjenny.com,vendor,,0
Skin Chic,skinchic.com,,,yes,no_email,https://skinchic.com,medspa,,0
Skin CoLAB,skincolab.com,,,,no_email,https://skincolab.com,medspa,,0
Skin Deep Skin Care Studio,skindeepskincarestudio.com,skindeepskincarestudio@gmail.com,skindeepskincarestudio@gmail.com,yes,no_peptides,https://skindeepskincarestudio.com,medspa,,0
The Skin Group,skingroup.org,,,yes,no_email,https://skingroup.org,medspa,,0
SkinCeuticals SkinLab by Plastic Surgery Associates,skinlab-gr.com,,,yes,no_email,https://skinlab-gr.com,medspa,,0
SkinLab NYC,skinlab-nyc.com,,,yes,no_email,https://skinlab-nyc.com,medspa,,0
Skin Lounge Spa,skinloungecr.com,,,yes,no_email,https://skinloungecr.com,medspa,GLP-1 weight loss peptides,4
Skin Medical Spa in San Diego,skinmedicalsd.com,mailtoskinmedicalsd@gmail.com,mailtoskinmedicalsd@gmail.com; skinmedicalsd@gmail.com; skinmedical.missionbay@gmail.com,yes,already known,,medspa,glutathione,1
Skinology Medical Spa,skinologymedicalspa.net,,,,no_email,https://skinologymedicalspa.net,medspa,,0
Skin pHanatics Day Spa,skinphanatics.myonlineappointment.com,,,,no_email,https://skinphanatics.myonlineappointment.com,vendor,,0
Tulsa Hills Cosmetic and Laser Skin Center,skinrenewaloftulsa.com,,,,unreachable,,,,
"IV Therapy in Madison, Alabama",skinrx.clinic,,,yes,no_email,https://skinrx.clinic,medspa,,2
Skin Savvy Aesthetics Med Spa,skinsavvyaesthetics.com,,,yes,no_email,https://skinsavvyaesthetics.com,medspa,semaglutide,1
Skinside Out Med Spa,skinsideoutmedspa.org,skinsideoutllc@gmail.com,skinsideoutllc@gmail.com,yes,no_peptides,https://skinsideoutmedspa.org,medspa,,0
Skin Solutions,skinsolutionsvt.com,,,yes,no_email,https://skinsolutionsvt.com,vendor,,0
Skin Studio KC,skinstudiokc.com,amy@skinstudiokc.com,amy@skinstudiokc.com,yes,no_peptides,https://skinstudiokc.com,medspa,,0
"Skintastic Lazer, LLC",skintasticlazer.com,,,,no_email,https://skintasticlazer.com,vendor,,0
Skintegrity MedSpa,skintegritymedspa.com,info@skintegritymedspa.com,info@skintegritymedspa.com,yes,no_peptides,https://skintegritymedspa.com,medspa,,0
Skin Therapeutics Med Spa,skintherapeutics.com,,,,no_email,,vendor,,0
Skin Wellness Med Spa,skinwellnessmedspa.com,,,,unreachable,,,,
SKNRGY Aesthetics,sknrgyaesthetics.com,,,,no_email,,vendor,,0
"IV Hydration Therapy Holly Springs & Raleigh, NC",skynnmd.com,info@skynnmd.com,info@skynnmd.com,yes,no_peptides,https://skynnmd.com,medspa,,0
Duluth Infusion Therapy,slhduluth.com,,,yes,no_email,https://slhduluth.com,medspa,,0
"Smart Medicine SF: Vinh Ngo, MD",smartmedsf.com,,,,no_email,,vendor,,0
Smooth By Sarah,smoothbysarah.com,,,yes,no_email,https://smoothbysarah.com,medspa,,1
Anume Med Spa,snjesthetique.com,,,,no_email,https://snjesthetique.com,medspa,,0
Soak & Sage,soakandsagespa.com,info@soakandsagespa.com,info@soakandsagespa.com,yes,no_peptides,https://soakandsagespa.com,vendor,,0
SoCa Day Spa,socadayspa.com,info@socadayspa.com,info@socadayspa.com,yes,no_peptides,https://socadayspa.com,medspa,,0
SOHO Wellness & Med Spa,soho-wellness.com,,,,no_email,,vendor,,0
Soho Hair Group & Day Spa,sohohair.com,,,yes,no_email,https://sohohair.com,vendor,,0
"IV Therapy in Lexington, KY",solacemedicalspa.com,,,yes,no_email,https://solacemedicalspa.com,medspa,GLP-1 weight loss peptides,8
"IV Therapy in Kailua-Kona for Hydration, Energy & Wellness",solmedicalhawaii.com,,,yes,no_email,https://solmedicalhawaii.com,medspa,"bpc-157, thymosin beta-4, thymosin alpha-1, nad+, ipamorelin, sermorelin",17
S+P MedSpa,somenekpittmanmd.com,,,yes,no_email,https://somenekpittmanmd.com,medspa,"nad+, glutathione",4
Soul Logic,soullogicmn.com,info@soullogicmn.com,info@soullogicmn.com,yes,no_peptides,https://soullogicmn.com,vendor,,0
Soully Aware,soullyaware.com,,,,no_email,https://soullyaware.com,vendor,,0
The DRIPBaR South Miami,south-miami-sunset-drive.thedripbar.com,,,,no_email,,vendor,,0
Southern Vanity Medical Spa,southernvanity.us,,,,unreachable,,,,
Metro Infusion Center,sp-ao.shortpixel.ai,,,,no_email,https://sp-ao.shortpixel.ai,vendor,,0
Spa Bleu,spableuaugustaga.com,spableuaugusta@gmail.com,spableuaugusta@gmail.com,yes,no_peptides,https://spableuaugustaga.com,medspa,,0
Spa Bliss,spabliss.com,,,,unreachable,,,,
Spa Carmen Skincare and Waxing Studio,spacarmen.com,jenngcarmen@gmail.com,jenngcarmen@gmail.com,yes,no_peptides,https://spacarmen.com,medspa,,0
Spa Cove LLC,spacovellc.abmp.com,spacovellc@gmail.com,spacovellc@gmail.com,yes,no_peptides,https://spacovellc.abmp.com,vendor,,0
spa golden nails,spagoldenails.glossgenius.com,spagoldenails22@gmail.com,spagoldenails22@gmail.com,yes,no_peptides,https://spagoldenails.glossgenius.com,vendor,,0
Spa' Mazing Beauty and Wellness,spamazingaz.com,,,,no_email,https://spamazingaz.com,vendor,,0
Dr. Alfonso Morales,spamd.net,,,,no_email,,vendor,,0
SpaMedica GR,spamedicagr.com,amy@spamedicagr.com,amy@spamedicagr.com,yes,no_peptides,https://spamedicagr.com,medspa,,0
Spa Medical,spamedical.com,,,yes,no_email,https://spamedical.com,medspa,,0
Spa Oro Blanco,spaoroblanco.com,info@spaoroblanco.com,info@spaoroblanco.com,yes,no_peptides,https://spaoroblanco.com,medspa,,0
Spa Thrive,spathrivenh.com,spathrive@gmail.com,spathrive@gmail.com,yes,no_peptides,https://spathrivenh.com,vendor,,0
Spa Urbana,spaurbana.com,community@spaurbana.com,community@spaurbana.com,yes,no_peptides,https://spaurbana.com,vendor,,0
Infusion Clinic,sphealth.org,,,yes,no_email,https://sphealth.org,medspa,GLP-1 weight loss peptides,2
"Spirit, Soul, & Body Day Spa",spiritsoulbodyspa.com,,,,no_email,https://spiritsoulbodyspa.com/services,medspa,,0
Spruce2 Beauty Bar,spruce2.com,,,yes,no_email,https://spruce2.com,medspa,,0
The Glow Up,square.site,,,yes,no_email,https://square.site/contact,vendor,,0
Top Shelf Wellness,srswellnessvitality.com,,,,no_email,,vendor,,0
Vitamin Healthcare LLC,static.cdninstagram.com,,,,unreachable,,,,
Drip Lounge IV Bar,static.mywebsites360.com,,,,unreachable,,,,
The Aesthetic Studio,static.parastorage.com,,,,no_email,,vendor,,0
Forever Rejuvenation Wellness Studio,static.royacdn.com,,,,unreachable,,,,
Faces in Bloom- IV Infusion Therapy,static.showit.co,,,,unreachable,,,,
Activate IV and Cryotherapy,stationhydration.com,,,yes,no_email,https://stationhydration.com,medspa,"nad+, glutathione",3
Glow with Gigi,stay-sculpted.com,sculptedbywh@gmail.com,sculptedbywh@gmail.com,yes,already known,https://stay-sculpted.com,medspa,nad+,2
The West Institute: Dr. Tina West,stemcellarts.com,,,yes,no_email,https://stemcellarts.com,medspa,,1
Sterling Wellness Medspa,sterlingwellnessmedspa.com,,,yes,no_email,https://sterlingwellnessmedspa.com,medspa,"semaglutide, tirzepatide",3
Infusion Therapy,stillwater-medical.org,info@stillwater-medical.org,patient.accounts@stillwater-medical.org; recruiter@stillwater-medical.org; info@stillwater-medical.org; his-customerservice@stillwater-medical.org,yes,no_peptides,https://stillwater-medical.org,medspa,,0
St. Joseph Hospital,stjosephbangor.org,,,yes,no_email,https://stjosephbangor.org,medspa,,0
Spa by Bello Medical Spa,stl-spa.com,,,,unreachable,,,,
Empower Men's Health Clinic,strengthvitalitywellness.com,,,,no_email,,vendor,,0
Strong Roots Health Center,strongrootshealthcenter.com,admin@strongrootshealthcenter.com,admin@strongrootshealthcenter.com,yes,no_peptides,https://strongrootshealthcenter.com,medspa,,0
Stryve Infusion,stryveiv.com,,,,unreachable,,,,
Sukha Rituals,sukharituals.glossgenius.com,lannaj3@gmail.com,lannaj3@gmail.com,yes,no_peptides,https://sukharituals.glossgenius.com,vendor,,0
Nova Clinic Aesthetics,summersaesthetics.com,info@summersaesthetics.com,info@summersaesthetics.com,yes,no_peptides,https://summersaesthetics.com,medspa,,0
Summers Medical Aesthetics,summersmed.com,,,yes,no_email,https://summersmed.com,medspa,GLP-1 weight loss peptides,4
about,sundayskinwilliston.com,,,yes,no_email,https://sundayskinwilliston.com,medspa,,1
SunDRIP IV Therapy and Wellness Center,sundripiv.com,,,yes,no_email,https://sundripiv.com,medspa,semaglutide,2
Luxury IV Therapy & Jeuveau Injections at Home,sunflowerwellness-hydration.com,heidi@sunflowerwellness-hydration.com,heidi@sunflowerwellness-hydration.com,,no_peptides,https://sunflowerwellness-hydration.com,medspa,,0
Sunlighten Day Spa,sunlightendayspa.com,,,yes,no_email,https://sunlightendayspa.com,vendor,,0
Mobile IV Therapy Laveen AZ,sunshinemobileiv.com,,,yes,no_email,https://sunshinemobileiv.com,medspa,"nad+, glutathione",3
Superior Skin Aesthetics,superiorskinaesthetic.com,,,yes,no_email,https://superiorskinaesthetic.com,medspa,,0
Sweet Spot Spa and Enrichment Center,sweetspotspa.org,,,yes,no_email,https://sweetspotspa.org,medspa,nad+,3
Southern Wellness and Skin Center,swscbeckley.com,,,yes,no_email,https://swscbeckley.com,medspa,,0
Synerchi Medical Spa,synerchimedspa.com,info@synerchimedspa.com,info@synerchimedspa.com; synerchimedspa@gmail.com,yes,no_peptides,https://synerchimedspa.com,medspa,,0
Synergy Med-Spa,synergymedspa.net,,,,no_email,,vendor,,0
Javan Wellness U Street,t2t2k4n3.delivery.rocketcdn.me,,,yes,no_email,https://t2t2k4n3.delivery.rocketcdn.me/contact-us,medspa,GLP-1 weight loss peptides,7
DayDrip Infusions,takeadaydrip.com,hola@takeadaydrip.com,hola@takeadaydrip.com,,no_peptides,https://takeadaydrip.com,vendor,,0
Home,talishealthcare.com,info@talishealthcare.com,info@talishealthcare.com,yes,no_peptides,https://talishealthcare.com,medspa,,0
Ta Med Spa,tamedspa.com,,,,unreachable,,,,
"Taste of Health Spa, LLC",tasteofhealth.biz,tasteofhealth@hotmail.com,tasteofhealth@hotmail.com,yes,no_peptides,https://tasteofhealth.biz,medspa,,0
Venus Cosmetic Med Spa,tcvenuscosmeticsmedspa.com,,,,no_email,https://tcvenuscosmeticsmedspa.com,medspa,,0
Temple Natural Health,templenaturalhealth.com,,,yes,no_email,https://templenaturalhealth.com,medspa,glutathione,4
Comprehensive IV Infusion Nutrient Drips and Hydration Therapy in ...,terrainhealth.org,,,yes,no_email,https://terrainhealth.org,vendor,,1
Texas Laser and Aesthetics Medspa,texaslasermedspa.com,,,,no_email,https://texaslasermedspa.com,medspa,,0
The Aesthetics Studio,the-aesthetics-studio.com,,,yes,no_email,https://the-aesthetics-studio.com,medspa,"nad+, glutathione",2
The Aesthetic Experience,theaestheticexperience.com,,,,no_email,,vendor,,0
The Aesthetic Medicine & Anti-Aging Clinics of Louisiana,theantiagingclinics.com,,,yes,no_email,https://theantiagingclinics.com,medspa,nad+,9
Ava Wellness and Rejuvenation Center,theavaspa.com,,,yes,no_email,https://theavaspa.com,medspa,glutathione,3
Anointed Medical Well Spa,theawespa.com,,,yes,no_email,https://theawespa.com,medspa,GLP-1 weight loss peptides,5
The Back Porch Day Spa,thebackporchdayspa.com,,,,unreachable,,,,
The Blissful Mama,theblissfulmama.biz,4theblissfulmama@gmail.com,4theblissfulmama@gmail.com,yes,no_peptides,https://theblissfulmama.biz,vendor,,0
Oasis Wellness Studios,theblumedspa.com,impallari@gmail.com,impallari@gmail.com; bluspa513@gmail.com,yes,no_peptides,https://theblumedspa.com/contact,medspa,,0
The Body Bar 307,thebodybar307.com,info@thebodybar307.com,info@thebodybar307.com,yes,no_peptides,https://thebodybar307.com,vendor,,0
Bloom Head To Toe,thebodyspas.com,info@thebodyspas.com,info@thebodyspas.com,yes,no_peptides,https://thebodyspas.com,medspa,,0
The Brow Boutique,thebrowboutiquelouisville.com,info@thebrowboutiquelouisville.com,info@thebrowboutiquelouisville.com,yes,no_peptides,https://thebrowboutiquelouisville.com,medspa,,0
The Canary Community,thecanarywellnesscommunity.com,thecanarywellnesscommunity@gmail.com,thecanarywellnesscommunity@gmail.com,yes,already known,https://thecanarywellnesscommunity.com,medspa,glutathione,2
The Compounder,thecompounderhattiesburg.com,,,yes,no_email,https://thecompounderhattiesburg.com,medspa,,1
The Covery Wellness Center,thecovery.com,,,,no_email,https://thecovery.com,medspa,"semaglutide, tirzepatide",13
The Darling Den,thedarlingden.com,,,yes,no_email,https://thedarlingden.com,vendor,,0
The Dew Pointe Llc,thedewpointe.glossgenius.com,,,yes,no_email,https://thedewpointe.glossgenius.com,vendor,,0
About D' IV Elite Infusion & Wellness: Your Trusted IV Hydration ...,thedivelite.com,,,,unreachable,,,,
Renew Vitality Testosterone Clinic,thedripbar.com,,,,no_email,,vendor,,0
The Drip Factor,thedripfactornj.as.me,,,,no_email,https://thedripfactornj.as.me,vendor,,0
The Drip Lounge Wellness Center,thedriplounge.com,,,yes,no_email,https://thedriplounge.com,medspa,nad+,5
IV Hydration & Infusion Therapy,thedrshouse.com,,,yes,no_email,https://thedrshouse.com,medspa,"semaglutide, tirzepatide",5
Emerald & Ivy,theemeraldivy.com,theemeraldivy@gmail.com,theemeraldivy@gmail.com,yes,no_peptides,https://theemeraldivy.com,vendor,,0
The Emporium Signature Spa,theemporiumbr.com,,,yes,no_email,https://theemporiumbr.com,vendor,,0
The Feel Better Lounge,thefeelbetterlounge.com,,,yes,no_email,https://thefeelbetterlounge.com,medspa,"nad+, glutathione",5
"The Fix , Laser & Skin Solutions",thefixlss.com,thefix_lss@icloud.com,thefix_lss@icloud.com,yes,no_peptides,https://thefixlss.com,medspa,,0
The Garden Medical Spa,thegardenmedspanj.com,,,yes,no_email,https://thegardenmedspanj.com,medspa,glutathione,6
Glow Garden Aesthetics,theglowloftdenver.com,glowgardenaesthetics@gmail.com,glowgardenaesthetics@gmail.com; glowgardenaesethetics@gmail.com,yes,already known,https://theglowloftdenver.com,medspa,"semaglutide, nad+, glutathione",4
Hangover IV,thehangoveriv.com,hangoverivsocial@gmail.com,hangoverivsocial@gmail.com,yes,already known,https://thehangoveriv.com,medspa,nad+,2
The Health Spa by Vive Cedar Rapids,thehealthspa.com,,,,no_email,,vendor,,0
Advanced TRT Clinic,thehebespa.com,,,yes,no_email,https://thehebespa.com,medspa,"semaglutide, tirzepatide, ghk-cu",10
The Hive Medspa,thehivemedspa.com,,,yes,no_email,https://thehivemedspa.com,medspa,GLP-1 weight loss peptides,2
The Holistic Skin Studio,theholisticskinstudio.com,,,,no_email,https://theholisticskinstudio.com,vendor,,0
The Hydration Station,thehydrationstation.com,,,,no_email,,vendor,,0
IV Infusion Therapy in Palm Springs,theinfusioncenters.com,,,,no_email,,vendor,,0
The Injector Lounge,theinjectorlounge.myaestheticrecord.com,,,,no_email,https://theinjectorlounge.myaestheticrecord.com,vendor,,0
The I.V. Doc Chicago,theivdoc.com,,,,unreachable,,,,
Boston Vitality,theivhubwellness.com,,,yes,no_email,https://theivhubwellness.com/contact,medspa,"nad+, sermorelin, glutathione",10
"IV Therapy In Red Bank & Shrewsbury, NJ",thekagaacademy.com,,,yes,no_email,https://thekagaacademy.com,medspa,"nad+, glutathione, semaglutide",9
The Laser Lady,thelaserladyllc.com,thelaserladyllc@gmail.com,thelaserladyllc@gmail.com,yes,no_peptides,https://thelaserladyllc.com/contact,medspa,,0
The Longevity Suite,thelongevitysuite.com.tr,,,,no_email,https://thelongevitysuite.com.tr,medspa,,1
The Lotus Room,thelotusroom.glossgenius.com,lotusspa170@gmail.com,lotusspa170@gmail.com,yes,no_peptides,https://thelotusroom.glossgenius.com,vendor,,0
The MedSpa at Raleigh Plastic Surgery Center,themedsparaleigh.com,themedspa.rpsc@gmail.com,themedspa.rpsc@gmail.com,yes,no_peptides,https://themedsparaleigh.com,medspa,,0
IV,themiddletownwellnesscenter.com,,,yes,no_email,https://themiddletownwellnesscenter.com,medspa,,1
Mobile IV Therapy & Medical Services in South Carolina,themobilemixiv.com,,,,no_email,https://themobilemixiv.com,medspa,nad+,2
THE pearl,thepearlspa.com,info@thepearlspa.com,info@thepearlspa.com; events@thepearlspa.com,yes,no_peptides,https://thepearlspa.com,vendor,,0
The Pham Aesthetics,thephamaesthetic.com,,,,unreachable,,,,
IV Infusions,thepinkstudiospa.com,,,yes,no_email,https://thepinkstudiospa.com,medspa,GLP-1 weight loss peptides,2
The Pout Medical Aesthetics,thepoutmedicalaesthetics.com,thepoutmedicalaesthetics@gmail.com,thepoutmedicalaesthetics@gmail.com,yes,no_peptides,https://thepoutmedicalaesthetics.com,medspa,,0
"IV Vitamin Therapy Draper, Utah",thequantumwellnesscenter.com,info@thequantumwellnesscenter.com,info@thequantumwellnesscenter.com,yes,no_peptides,https://thequantumwellnesscenter.com,medspa,,0
Raleigh Well,theraleighwell.com,,,yes,no_email,https://theraleighwell.com,medspa,"bpc-157, tb-500, thymosin alpha-1, nad+, ipamorelin, sermorelin",15
Therapeuo,therapeuoivwellness.com,,,yes,no_email,https://therapeuoivwellness.com,medspa,"nad+, glutathione",4
Therapeutic Infusions,therapeuticinfusions.com,,,,no_email,,vendor,,0
Therapods,therapods.com,therapods@yahoo.com,therapods@yahoo.com,yes,no_peptides,https://therapods.com,vendor,,0
Therapy Retreat,therapyretreatnd.com,,,,no_email,https://therapyretreatnd.com,medspa,,1
IV Therapy Coralville & Iowa City,therecenter.com,,,yes,no_email,https://therecenter.com,medspa,bpc-157,9
The Regenerative Wellness Clinic,theregenerativewellnessclinic.com,,,yes,no_email,https://theregenerativewellnessclinic.com,medspa,"nad+, glutathione",3
The Remedy at Greenhouse,theremedydallas.com,,,,no_email,,vendor,,0
The Remedy Day Spa,theremedydayspa.com,info@theremedydayspa.com,netherlandsmark@proton.me; info@theremedydayspa.com,yes,no_peptides,https://theremedydayspa.com,vendor,,0
The Retreat,theretreat-br.com,info@theretreat-br.com,info@theretreat-br.com,yes,no_peptides,https://theretreat-br.com,vendor,,0
The Royal Medspa,theroyalmedspa.com,,,yes,no_email,https://theroyalmedspa.com,medspa,,1
The Saint Louis Med Spa,thesaintlouismedspa.com,,,yes,no_email,https://thesaintlouismedspa.com,medspa,,0
The Salt Works & Spa,thesaltworksandspa.com,info@thesaltworksandspa.com,info@thesaltworksandspa.com,yes,no_peptides,https://thesaltworksandspa.com,vendor,,0
The Skin Bar,theskinbartulsa.com,,,,no_email,https://theskinbartulsa.com,vendor,,0
The Skin Fairy Nashville,theskinfairynashville.com,info@theskinfairynashville.com,info@theskinfairynashville.com,yes,no_peptides,https://theskinfairynashville.com,vendor,,0
The Firm Aesthetics,theskinfirmwv.com,,,yes,no_email,https://theskinfirmwv.com,medspa,,0
The Skin Shop Medspa Scottsdale,theskinshopmedspascottsdale.com,,,,no_email,,vendor,,0
Spa Docs,thespadocs.com,info@thespadocs.com,info@thespadocs.com,yes,no_peptides,https://thespadocs.com,medspa,,0
The Spa,thespakearney.com,thespakearney@gmail.com,thespakearney@gmail.com,yes,no_peptides,https://thespakearney.com,medspa,,0
The Treatment Room,thetreatmentroomokc.com,,,,no_email,,vendor,,0
The Valley Medspa,thevalleymedspa.com,,,yes,no_email,https://thevalleymedspa.com,medspa,,0
Vera Aesthetics,theveraaesthetics.com,theveraaesthetics@gmail.com,theveraaesthetics@gmail.com,yes,no_peptides,https://theveraaesthetics.com,medspa,,0
Victory MedSpa,thevictorymedspa.com,,,yes,no_email,https://thevictorymedspa.com,medspa,,0
The Vitality Lounge,thevitalityloungect.com,kayti@thevitalityloungect.com,kayti@thevitalityloungect.com,,no_peptides,https://thevitalityloungect.com,medspa,,0
The Well For Women,thewellforwomenct.com,info@www.thewellforwomenct.com,info@www.thewellforwomenct.com; susan@thewellforwomenct.com,yes,no_peptides,https://thewellforwomenct.com,medspa,,0
Quantum Transformation Center,thewellnesscenterforhealthyliving.com,mrsakamaki@hotmail.com,mrsakamaki@hotmail.com,yes,no_peptides,https://thewellnesscenterforhealthyliving.com,medspa,,0
Duo Wellness Rejuvenation,this-is-salts.b-cdn.net,,,,unreachable,,,,
IVme Wellness and Aesthetics,thorne.com,support@thorne.com,support@thorne.com,yes,no_peptides,https://thorne.com,medspa,,0
Bloom Wellness Spa,threadingservicesboise.com,,,yes,no_email,https://threadingservicesboise.com,vendor,,0
Thrive Integrative Medicine,thriveak.com,hello@thriveak.com,hello@thriveak.com,yes,no_peptides,https://thriveak.com,medspa,,0
Thrivewell Infusion,thrivewellinfusion.com,,,yes,no_email,https://thrivewellinfusion.com,medspa,,1
Time2Drip,time2drip.com,,,,no_email,https://time2drip.com,medspa,,0
IV Therapy,timeless-essence.com,,,yes,no_email,https://timeless-essence.com,medspa,"nad+, glutathione",6
Timeless Aesthetics & Wellness,timelesshattiesburg.com,,,yes,no_email,https://timelesshattiesburg.com,medspa,"nad+, glutathione",4
i-Float Sensations Ogden,timelessut.com,info@timelessut.com,info@timelessut.com,,no_peptides,https://timelessut.com,medspa,,0
"Reclaiming Wellness, PLLC",timetoreclaimyou.com,,,yes,no_email,https://timetoreclaimyou.com,medspa,"semaglutide, tirzepatide, glutathione",4
Premier Integrated Functional Medicine,tlabrecovery.com,,,yes,no_email,https://tlabrecovery.com,medspa,glutathione,1
TOP ReNu Medicine,toprenu.com,,,yes,no_email,https://toprenu.com,medspa,GLP-1 weight loss peptides,5
Boost Wellness with IV Hydration Treatment,towermedical.org,,,,no_email,https://towermedical.org,vendor,,0
New Brewer Business Could Help You With That Hangover,townsquare.media,,,,unreachable,,,,
K. Bahr Cutting Edge Wellness,toxdtox.com,,,yes,no_email,https://toxdtox.com,medspa,"semaglutide, tirzepatide",7
"IV Therapy in Hallandale Beach, near Miami, Hollywood, Dania",toxwell.com,,,yes,no_email,https://toxwell.com,medspa,GLP-1 weight loss peptides,2
Tranquility,tranquilityadayspa.com,,,,no_email,,vendor,,0
tranquil minds infusion,tranquilmindsinfusion.com,info@tranquilmindsinfusion.com,info@tranquilmindsinfusion.com; dnhall1988@gmail.com,yes,no_peptides,https://tranquilmindsinfusion.com,medspa,,0
Superior Health & Wellness Clinic,transformations-spafitness.com,transformation.inc@outlook.com,transformation.inc@outlook.com,yes,no_peptides,https://transformations-spafitness.com,medspa,,0
"Professional IV Therapy Services in Lee's Summit, MO",transformationswellnessspa.com,,,yes,no_email,https://transformationswellnessspa.com,medspa,GLP-1 weight loss peptides,4
Prime IV Hydration & Wellness,transmedcenter.com,,,yes,no_email,https://transmedcenter.com,medspa,,2
Trinity Health Infusion Services,trinityhealthmichigan.org,,,yes,no_email,https://trinityhealthmichigan.org,medspa,,0
Trixies Salon & Spa,trixiessalon.com,salon@trixiessalon.com,salon@trixiessalon.com,yes,no_peptides,https://trixiessalon.com,medspa,,0
The DRIPBaR Troy,troy-mi.thedripbar.com,,,,no_email,,vendor,,0
True Balance Massage & Wellness,truebalancekc.com,,,yes,no_email,https://truebalancekc.com,medspa,,0
IV Therapies,trueenvymedspa.myaestheticrecord.com,,,,no_email,https://trueenvymedspa.myaestheticrecord.com,medspa,,0
"Dr. Thomas J. Burnett, MD",truerest.com,,,,no_email,https://truerest.com,vendor,,0
Hisential Orchard Clinic,tsquaredlab.com,,,,no_email,,vendor,,0
Tulsa Surgical Arts,tulsasurgicalarts.com,,,yes,no_email,https://tulsasurgicalarts.com,medspa,GLP-1 weight loss peptides,3
Tuscan Sun Spa & Salon,tuscanspaandsalon.com,,,yes,no_email,https://tuscanspaandsalon.com,medspa,"semaglutide, nad+",8
The Clinic for Medical Aesthetics,twincitiesderm.com,,,yes,no_email,https://twincitiesderm.com,medspa,,0
Mobile IV In Minnesota,twincitiesiv.com,,,yes,no_email,https://twincitiesiv.com,medspa,nad+,2
Twin Rivers IV & Wellness Lounge,twinriversiv.com,,,yes,no_email,https://twinriversiv.com,medspa,"nad+, glutathione",5
Hogarty Suneya DO,twinriversivgoldsboro.com,,,,no_email,,vendor,,0
Ultimate Escape Day Spa,ultimateescapedayspa.com,,,yes,no_email,https://ultimateescapedayspa.com,medspa,glutathione,1
Ultimate You MedSpa Boise,ultimateyoumedspa.com,,,yes,no_email,https://ultimateyoumedspa.com,medspa,,0
"U Med Spa, A Wellness Collective",umedspa-awc.com,info@umedspa-awc.com,info@umedspa-awc.com,yes,no_peptides,https://umedspa-awc.com,medspa,,0
University of Maryland Medical Solutions,umms.org,,,yes,no_email,https://umms.org,medspa,,0
Unfiltered Medical Aesthetics LLC,unfilteredmedicalaesthetics.com,,,,no_email,https://unfilteredmedicalaesthetics.com,medspa,,0
Unica Beauty Lab,unicabeautylab.net,,,,unreachable,,,,
UnityPoint Health,unitypoint.org,myunitypointsupport@unitypoint.org,myunitypointsupport@unitypoint.org,yes,no_peptides,https://unitypoint.org,medspa,,0
"Uplift Aesthetics, Wellness & Healing",upliftaestheticswellnesshealing.com,upliftmentalwellness@yahoo.com,upliftmentalwellness@yahoo.com,yes,no_peptides,https://upliftaestheticswellnesshealing.com,medspa,,0
Uplift Aesthetics,upliftaestheticswoo.com,,,,unreachable,,,,
"Mobile IV Therapy in Asbury Park, New Jersey",upliftivwellness.com,,,,unreachable,,,,
Uptown Medispa Scottsdale,uptownmedispa.com,,,,no_email,https://uptownmedispa.com,medspa,"semaglutide, glutathione",4
Urban Nirvana Spa & Salon,urbannirvana.com,,,yes,no_email,https://urbannirvana.com,medspa,,0
Urban Skin Studio,urbanskinstudioedc.glossgenius.com,,,,no_email,https://urbanskinstudioedc.glossgenius.com,medspa,GLP-1 weight loss peptides,2
"Medical Spa in Fort Wayne, IN",usaglobaly.top,,,,no_email,https://usaglobaly.top,vendor,,0
US Cryotherapy / Salt Lake City,uscryotherapy.com,,,yes,no_email,https://uscryotherapy.com,vendor,,0
US Mobile IV,usmobileiv.com,,,yes,no_email,https://usmobileiv.com,medspa,"semaglutide, tirzepatide, nad+, glutathione",8
Core Health and Injury Center,utahcorehealth.com,,,,no_email,https://utahcorehealth.com,vendor,,0
Utopia SkinLabs,utopiaskinlabs.net,,,,no_email,,vendor,,0
UW Health Portage Clinic Infusion Center,uwhealth.org,hrservicecenter@uwhealth.org,hrservicecenter@uwhealth.org,,no_peptides,https://uwhealth.org,vendor,,0
Med Spa,uzimarejuvenation.com,,,,unreachable,,,,
Valeriya Life Medical Spa,valeriya.life,contact@valeriya.life,contact@valeriya.life,yes,no_peptides,https://valeriya.life,medspa,,0
Valley Cryo Missoula,valleycryomissoula.com,valleycryomissoula@gmail.com,valleycryomissoula@gmail.com,yes,no_peptides,https://valleycryomissoula.com,vendor,,0
Valley Skin & Medspa,valleyskinandmedspa.com,valleyskinandmedspa@gmail.com,valleyskinandmedspa@gmail.com,yes,already known,https://valleyskinandmedspa.com,medspa,"semaglutide, tirzepatide",4
Valor Wellness and Aesthetics,valorkc.com,,,yes,no_email,https://valorkc.com,medspa,"semaglutide, liraglutide",5
Home,vamobileiv.com,,,,unreachable,,,,
Vanderbilt Medical Infusion Clinic,vanderbilthealth.com,,,yes,no_email,https://vanderbilthealth.com,medspa,,0
Vanity Beauty Lounge,vanitybeautyloungemd.com,vanitybymel@gmail.com,vanitybymel@gmail.com,yes,no_peptides,https://vanitybeautyloungemd.com,medspa,,0
Vanity Medical Spa,vanityisavirtue.com,,,,unreachable,,,,
Vanity Look Skin Center,vanitylookskincenter.com,vanitylookskincenter@yahoo.com,vanitylookskincenter@yahoo.com,yes,no_peptides,https://vanitylookskincenter.com,medspa,,0
VANSTONE Salon and Medspa,vanstonesalon.com,,,,unreachable,,,,
Vasseur Skin Clinic and Spa,vasseurdayspa.com,vasseurspa@gmail.com,vasseurspa@gmail.com,yes,no_peptides,https://vasseurdayspa.com,vendor,,0
Velour Medical,velourmd.com,,,yes,no_email,https://velourmd.com,medspa,,0
Venelle Salon & Spa,venellesalonandspa.com,venellespa@gmail.com,venellespa@gmail.com,yes,no_peptides,https://venellesalonandspa.com,medspa,,0
Venus Med Spa,venusmedspa.com,,,,no_email,,vendor,,0
Vermont Facial Aesthetics- Vermont,vermontfacialaesthetics.com,dr.carol@vermontfacialaesthetics.com,dr.carol@vermontfacialaesthetics.com,yes,no_peptides,https://vermontfacialaesthetics.com,medspa,,0
Vermont Med spa,vermontmedspa.com,,,yes,no_email,https://vermontmedspa.com,medspa,"semaglutide, tirzepatide",10
Verve Holistic Health,vervenaturopathic.md-hq.com,,,,no_email,https://vervenaturopathic.md-hq.com,medspa,,1
Vessel Aesthetics,vesselaesthetics.com,info@vesselaesthetics.com,info@vesselaesthetics.com,yes,no_peptides,https://vesselaesthetics.com,medspa,,0
VeVe Medspa of Hershey,vevemedspa.com,,,,unreachable,,,,
VIBE MEDSPA,vibe-medspa.com,,,,unreachable,,,,
Victoria Roggio Beauty,victoriaroggiobeauty.com,shop@victoriaroggiobeauty.com,shop@victoriaroggiobeauty.com; weddings@victoriaroggiobeauty.com,yes,no_peptides,https://victoriaroggiobeauty.com,vendor,,0
Victory Medical Spa,victorymedspa.com,victorymedspa@gmail.com,victorymedspa@gmail.com,yes,no_peptides,https://victorymedspa.com,medspa,,0
IV Drips in Town & Country,victorymenshealth.com,,,,unreachable,,,,
Vida Wellness,vidavt.com,info@vidavt.com,vidawellnessvt@gmail.com; info@vidavt.com,yes,no_peptides,https://vidavt.com,medspa,,0
Vigeo Wellness,vigeowellness.com,,,,no_email,,vendor,,0
VIIV WELLNESS HAUS,viivwellnesshaus.com,contact@viivwellnesshaus.com,contact@viivwellnesshaus.com,,no_peptides,https://viivwellnesshaus.com,medspa,,0
Vina Laser Med Spa,vinalasermedspa.com,,,yes,no_email,https://vinalasermedspa.com,medspa,,0
VIP Aesthetic Center Med Spa,vipaestheticcenter.com,vipaestheticcenter@gmail.com,vipaestheticcenter@gmail.com,,no_peptides,https://vipaestheticcenter.com,medspa,,0
VIQI Med Spa,viqimedspa.com,,,yes,no_email,https://viqimedspa.com,medspa,"nad+, glutathione",3
The DRIPBaR,virginia-beach-landstown-commons.thedripbar.com,,,,no_email,,vendor,,0
VISAGE by ÉLAN,visagebyelan.com,info@visagebyelan.com,info@visagebyelan.com,yes,no_peptides,https://visagebyelan.com,medspa,,0
Visage MedSpa,visagemedspaohio.com,karen@visagemedspaohio.com,karen@visagemedspaohio.com,yes,no_peptides,https://visagemedspaohio.com,medspa,,0
IV Therapy and Wellness in Wichita,visclinic.com,,,yes,no_email,https://visclinic.com,medspa,glutathione,2
Vogue Salon & Med Spa,visitvogue.com,,,yes,no_email,https://visitvogue.com,medspa,,0
Wellness Co.,visitwellness.co,hello@visitwellness.co,hello@visitwellness.co; admin@visitwellness.co,yes,no_peptides,https://visitwellness.co,medspa,,0
Viso Bespoke Aesthetics,visoslc.com,support@visoslc.com,support@visoslc.com; rt@visoslc.com,yes,no_peptides,https://visoslc.com,medspa,,0
Vitae Integrative Medical Center LLC,vitaeheal.com,,,yes,no_email,https://vitaeheal.com,medspa,GLP-1 weight loss peptides,3
VitaGlowMD Wellness & Skin Clinic,vitaglowmd.com,,,yes,no_email,https://vitaglowmd.com,medspa,GLP-1 weight loss peptides,4
VITAHL Medical Aesthetics,vitahl.com,,,yes,no_email,https://vitahl.com,medspa,,0
VITAHL Medical Aesthetics,vitahlchicago.com,,,yes,no_email,https://vitahlchicago.com,medspa,,1
Vita Infusion and Wellness,vitainfusiontn.com,,,yes,no_email,https://vitainfusiontn.com,medspa,"semaglutide, nad+, ipamorelin, semax, kisspeptin, pt-141",17
Vital Aesthetics,vitalaestheticnp.com,frontdesk.vitalaesthetics@gmail.com,frontdesk.vitalaesthetics@gmail.com,yes,no_peptides,https://vitalaestheticnp.com,medspa,,0
Vital Care Infusion Services,vitalcareinfusionhattiesburg.com,,,yes,no_email,https://vitalcareinfusionhattiesburg.com,medspa,,1
Vital Care Central MS,vitalcarems.com,infusion@vitalcarems.com,infusion@vitalcarems.com,yes,no_peptides,https://vitalcarems.com,medspa,,0
Vital Care of Princeton,vitalcareofprinceton.com,vitalcareofprinceton@gmail.com,vitalcareofprinceton@gmail.com,yes,no_peptides,https://vitalcareofprinceton.com,medspa,,0
Vital Aesthetics,vitaldallas.com,,,,unreachable,,,,
Vitalify MedSpa,vitalifymedspa.com,,,,no_email,,vendor,,0
Vitalis Luxe Spa,vitalisluxespa.com,info@vitalisluxespa.com,info@vitalisluxespa.com,yes,no_peptides,https://vitalisluxespa.com,medspa,,0
Vitality Health & Med Spa,vitalityhealthde.com,,,yes,no_email,https://vitalityhealthde.com,medspa,glutathione,4
Renew Vitality Testosterone Clinic,vitalityhrt.com,,,,no_email,,vendor,,0
Vitality Medical,vitalitymedical406.com,,,yes,no_email,https://vitalitymedical406.com,medspa,"semaglutide, bpc-157",5
Vitality Med spa,vitalitymedspa.com,,,yes,no_email,https://vitalitymedspa.com,medspa,"semaglutide, tirzepatide, bpc-157, tb-500, nad+, ipamorelin",18
Vitality Medical Spa,vitalitymedspaar.com,vitalitymedsparussellville@gmail.com,vitalitymedsparussellville@gmail.com,yes,no_peptides,https://vitalitymedspaar.com/contact,medspa,,0
Vitality Natural Wellness,vitalitynaturalwellness.com,info@vitalitynaturalwellness.com,info@vitalitynaturalwellness.com,,no_peptides,https://vitalitynaturalwellness.com,vendor,,0
Vital IV,vitalivinfusion.com,,,,no_email,,vendor,,0
Vital Life Wellness Center Stone Oak,vitallifewellness.org,,,yes,no_email,https://vitallifewellness.org,medspa,"semaglutide, tirzepatide, nad+",12
Vitalogy Skincare,vitalogyskincare.com,,,yes,no_email,https://vitalogyskincare.com,medspa,,0
VitaLuxx Med Spa,vitaluxxmedspa.com,,,,unreachable,,,,
Vitalyc Medspa,vitalyc.com,,,yes,no_email,https://vitalyc.com,medspa,"semaglutide, bpc-157, tb-500, nad+, ipamorelin, cjc-1295",11
IV Therapy Oviedo FL,vitamin & hydration infusion|makimedspandwellness.com,,,,unreachable,,,,
Vita Medical Spa,vitamspa.com,,,,no_email,,vendor,,0
Vita Sana Clinic,vitasanasa.com,,,,unreachable,,,,
Vivacious Glam Wellness & Aesthetics,vivaciousglam.com,,,,no_email,,vendor,,0
Vivant Aesthetics,vivantaesthetics.com,,,,unreachable,,,,
Vivaz Medical Spa,vivazmedicalspa.com,,,yes,no_email,https://vivazmedicalspa.com,medspa,,0
VIVE Med Spa,vivemedspadenver.com,info@vivemedspadenver.com,info@vivemedspadenver.com,yes,no_peptides,https://vivemedspadenver.com,medspa,,0
Vivida Dermatology,vivida.com,info@vivida.com,info@vivida.com,yes,no_peptides,https://vivida.com,medspa,,0
Vivid Aesthetics,vividaesthetics.com,,,yes,no_email,https://vividaesthetics.com,medspa,GLP-1 weight loss peptides,4
Vivie Beauty- Biologique Recherche,viviebeauty.com,info@viviebeauty.com,viviebeautysf@gmail.com; info@viviebeauty.com,yes,no_peptides,https://viviebeauty.com,vendor,,0
Vivify Aesthetics,vivifyaestheticsmedspa.com,,,yes,no_email,https://vivifyaestheticsmedspa.com,medspa,semaglutide,2
VIVIFY Med Spa,vivifyps.com,,,,no_email,https://vivifyps.com,medspa,,0
Vizage Aesthetic Center.,vizagemiami.com,,,yes,no_email,https://vizagemiami.com,medspa,"nad+, glutathione",9
Viva Lux MedSpa,vlmedspa.com,vivaluxmedspa@gmail.com,vivaluxmedspa@gmail.com,yes,already known,https://vlmedspa.com,medspa,GLP-1 weight loss peptides,2
VociMedSpa,vocimedspa.com,info@vocimedspa.com,info@vocimedspa.com; appointments@vocimedspa.com,yes,no_peptides,https://vocimedspa.com,medspa,,0
Vogue Lashes & Spa,voguelashesandspa.com,voguelashesandspa@gmail.com,voguelashesandspa@gmail.com; voguelashesandspaoceanfront@gmail.com; voguemarinashores@gmail.com; voguelittleneck@gmail.com; voguebeautystudiovb@gmail.com; voguekempsville@gmail.com; voguegreenbrier@gmail.com; voguegreatbridge@gmail.com,yes,no_peptides,https://voguelashesandspa.com,medspa,,0
Volumé,volumeclinic.com,info@volumeclinic.com,info@volumeclinic.com; volumemediclinic@gmail.com,yes,no_peptides,https://volumeclinic.com,medspa,,0
Volure,voluremedspa.com,,,,unreachable,,,,
Voyage Healing,voyagehealing.com,,,,no_email,,vendor,,0
VS Med Spas,vsmedspas.com,,,yes,no_email,https://vsmedspas.com,medspa,,0
Vtina Beauty,vtinabeauty.com,info@vtinabeauty.com,info@vtinabeauty.com; tinabeauty@gmail.com,yes,no_peptides,https://vtinabeauty.com,medspa,,0
Vermont Medical Spa,vtmedspa.com,,,yes,no_email,https://vtmedspa.com/about,medspa,,0
be. Skin Clinic,vtskinclinic.com,vtskinclinic@gmail.com,vtskinclinic@gmail.com,yes,no_peptides,https://vtskinclinic.com,medspa,,0
Find a VYEPTI® Infusion Location,vyepti.com,,,,unreachable,,,,
IV Hydration Therapy Clinic in Dayton and Yellow Springs OH,vytalityblu.com,,,yes,no_email,https://vytalityblu.com,medspa,"semaglutide, tirzepatide, nad+, sermorelin",13
Ways2Well,w2w-wp-media.s3.amazonaws.com,,,,unreachable,,,,
W Aesthetics,waestheticsatx.com,waestheticsatx@gmail.com,waestheticsatx@gmail.com,,no_peptides,https://waestheticsatx.com,medspa,,0
Wake Skincare,wakeskincarellc.com,,,yes,no_email,https://wakeskincarellc.com,medspa,,0
Wanderlux Beauty + Wellness,wanderluxgr.com,info@wanderluxgr.com,info@wanderluxgr.com,yes,no_peptides,https://wanderluxgr.com,vendor,,0
Wasatch Infusion,wasatchinfusion.com,,,yes,no_email,https://wasatchinfusion.com,medspa,,1
Washington Square Dermatology,washingtonsqderm.com,,,yes,no_email,https://washingtonsqderm.com,medspa,,0
Waterfalls Salon & Massage Med Spa,waterfallssalonandmassagemedspa.com,,,yes,no_email,https://waterfallssalonandmassagemedspa.com,medspa,,0
Infusion Clinic,waynehealthcares.org,,,yes,no_email,,medspa,,0
Wayzata Medical Spa,wayzatamedicalspa.com,,,yes,no_email,https://wayzatamedicalspa.com,medspa,,0
Hydrate IV Bar,wbq.clg.temporary.site,,,,unreachable,,,,
W Dermatology Long Beach,wdermatology.com,,,yes,no_email,https://wdermatology.com,medspa,,0
Memorial Infusion Clinic Cedar Lake,wearememorial.com,,,yes,no_email,https://wearememorial.com,medspa,,0
Transformation Medical Center,web2.myaestheticspro.com,,,yes,no_email,https://web2.myaestheticspro.com,medspa,,0
Aesthetics by Leslie,web2.myaponline.com,,,yes,no_email,https://web2.myaponline.com/contact,medspa,,0
WeDo Aesthetics,wedodc.com,contactwedodc@gmail.com,contactwedodc@gmail.com,yes,no_peptides,https://wedodc.com,medspa,,0
Well-Medica,well-medica.com,,,yes,no_email,https://well-medica.com,medspa,semaglutide,3
IV Therapy,wellconsulted.com,,,yes,no_email,https://wellconsulted.com,medspa,GLP-1 weight loss peptides,7
Wellness 360 Plus,wellness360plus.com,,,yes,no_email,https://wellness360plus.com,medspa,,2
Wellness & IV Lounge,wellnessandivlounge.com,,,yes,no_email,https://wellnessandivlounge.com,medspa,"nad+, glutathione",3
Resolved Wellness,wellnessbydesignms.com,,,yes,no_email,https://wellnessbydesignms.com,medspa,,0
Wellness Center of Greater Cleveland,wellnesscentercleveland.com,wellnesscentercleveland@gmail.com,wellnesscentercleveland@gmail.com,yes,already known,https://wellnesscentercleveland.com,medspa,"semaglutide, tirzepatide",10
Cryo Method,wellnessliving.com,sales@wellnessliving.com,sales@wellnessliving.com,yes,no_peptides,https://wellnessliving.com,medspa,,0
IV Hydration Therapy in Omaha,wellnessplusco.com,,,,no_email,,vendor,,0
Credence Health and Wellness,wellnessspamalden.com,,,yes,no_email,https://wellnessspamalden.com,medspa,"semaglutide, tirzepatide",9
Wellness Theory MI,wellnesstheorymi.com,hello@wellnesstheorymi.com,hello@wellnesstheorymi.com,yes,no_peptides,https://wellnesstheorymi.com,medspa,,0
Wellness Vermont,wellnessvermont.com,,,,no_email,https://wellnessvermont.com,vendor,,0
Well of Radiance Holistic Wellness Center,wellofradiance.as.me,wellofradiancellc@gmail.com,wellofradiancellc@gmail.com,,no_peptides,https://wellofradiance.as.me,vendor,,0
Wellskin Med Spa,wellskinmedspa.com,,,yes,no_email,https://wellskinmedspa.com,medspa,,0
WellSpot Functional Medicine,wellspotfunctionalmedicine.com,,,yes,no_email,https://wellspotfunctionalmedicine.com,medspa,,2
Welltopix Med Spa,welltopixmedspa.com,,,,unreachable,,,,
Revive Med Spa,wereviveyou.com,,,yes,no_email,https://wereviveyou.com,medspa,semaglutide,7
IV Therapy in West Chester Township,westchester.puremdmedspa.com,,,yes,no_email,https://westchester.puremdmedspa.com,medspa,sermorelin,4
West Empire Aesthetics,westempireaesthetics.com,,,yes,no_email,https://westempireaesthetics.com,medspa,,0
West LA Medical & Skincare,westlaskincare.com,info@westlaskincare.com,info@westlaskincare.com,yes,no_peptides,https://westlaskincare.com,medspa,,0
West Omaha Cryotherapy,westocryo.com,,,,no_email,https://westocryo.com,vendor,,0
Westover Hills Laser Med Spa,westoverhillsmedspa.com,,,yes,no_email,https://westoverhillsmedspa.com,medspa,,1
Weston Family Clinic & Medical Spa,wfcmedspa.com,,,,no_email,,vendor,,0
White Coat Aesthetics,whitecoataesthetics.com,info@whitecoataesthetics.com,info@whitecoataesthetics.com,yes,no_peptides,https://whitecoataesthetics.com,medspa,,0
White Coat Beauty,whitecoatbeauty.com,,,,no_email,https://whitecoatbeauty.com,vendor,,0
White Coat Med Spa,whitecoatmedspa.com,,,yes,no_email,https://whitecoatmedspa.com,vendor,,0
White Lotus Aesthetics & Wellness,whitelotusmedaesthetics.com,whitelotusmedicalaesthetics@gmail.com,whitelotusmedicalaesthetics@gmail.com,yes,already known,https://whitelotusmedaesthetics.com,medspa,GLP-1 weight loss peptides,5
White Mountain Med Spa,whitemountainmedspa.com,,,yes,no_email,https://whitemountainmedspa.com,medspa,,0
Whole Body MedSpa,wholebodymedicalspa.com,,,,no_email,https://wholebodymedicalspa.com,medspa,,0
Prime IV Hydration & Wellness,wholehealthintegrativemedicine.com,,,,no_email,https://wholehealthintegrativemedicine.com,vendor,,0
Exosomes Treatment,wholehealthllc.com,frontdesk@wholehealthllc.com,frontdesk@wholehealthllc.com,yes,no_peptides,https://wholehealthllc.com,medspa,,0
wHydrate,whydrate.com,,,,no_email,https://whydrate.com,medspa,"nad+, glutathione",3
Wichita Laser Clinic,wichitalaserclinic.com,wichitalaserclinic@yahoo.com,wichitalaserclinic@yahoo.com,yes,no_peptides,https://wichitalaserclinic.com/contact,medspa,,0
Wild and Beautiful Natural Aesthetics,wildandbeautifulaustin.com,info@wildandbeautifulaustin.com,info@wildandbeautifulaustin.com,yes,no_peptides,https://wildandbeautifulaustin.com,medspa,,0
Wild Rose Med Spa,wildrose-med-spa.com,,,yes,no_email,https://wildrose-med-spa.com,medspa,,0
Williamson Cosmetic Center & Perenack Aesthetic Surgery,williamsoncosmeticcenter.com,,,yes,no_email,https://williamsoncosmeticcenter.com,medspa,,0
"William Stendardi, MD",williamstendardimd.com,,,,unreachable,,,,
Willow Aesthetics,willow-aesthetics.com,,,yes,no_email,https://willow-aesthetics.com,medspa,GLP-1 weight loss peptides,3
Willow Medical Aesthetics,willowmedicalaesthetics.com,,,yes,no_email,https://willowmedicalaesthetics.com,medspa,GLP-1 weight loss peptides,2
Willow Med Spa & Salon,willowmedspa.skin,willowmedspaandsalon@gmail.com,willowmedspaandsalon@gmail.com,yes,already known,https://willowmedspa.skin,medspa,nad+,4
Wisconsin Vein Center & MediSpa,wimedispa.com,,,,unreachable,,,,
Windermere Medical Spa,windermeremedicalspa.com,support@windermeremedicalspa.com,support@windermeremedicalspa.com,,no_peptides,https://windermeremedicalspa.com,medspa,,0
Wink Aesthetic Clinic,winkaestheticmtv.com,winkbeauty2021@gmail.com,winkbeauty2021@gmail.com,yes,no_peptides,https://winkaestheticmtv.com,medspa,,0
Wink Lash & Skin Studio,winklashandskin.glossgenius.com,winkstudio.nd@gmail.com,winkstudio.nd@gmail.com,yes,no_peptides,https://winklashandskin.glossgenius.com,vendor,,0
Winter Park Medspa,winterparkmedspa.com,,,,unreachable,,,,
Winter Park Skin®,winterparkskin.com,,,,no_email,,vendor,,0
W Med Spa,wirthplasticsurgery.com,,,yes,no_email,https://wirthplasticsurgery.com,medspa,,1
Wise Aesthetics,wise-aesthetics.com,,,yes,no_email,https://wise-aesthetics.com,medspa,,0
WishLane Aesthetics,wishlaneaesthetics.com,,,yes,no_email,https://wishlaneaesthetics.com,medspa,GLP-1 weight loss peptides,4
Women's Wellness of Mississippi,womenswellnessms.com,,,yes,no_email,https://womenswellnessms.com,medspa,"semaglutide, tirzepatide",5
Wonder Aesthetics & Rejuvenation,wonder-aesthetics.com,,,yes,no_email,https://wonder-aesthetics.com,medspa,,0
Woods Aesthetics,woodsaesthetics.com,,,yes,no_email,https://woodsaesthetics.com,medspa,,0
WooYoo Medical Aesthetics,wooyoomedspa.com,,,,no_email,https://wooyoomedspa.com,medspa,,0
World of Beauty Miami,worldofbeauty.miami,,,yes,no_email,https://worldofbeauty.miami,medspa,,0
ThrIve Lounge & Wellness,wtwsc.com,info@wtwsc.com,drrenee@wtwsc.com; orders@wtwsc.com; info@wtwsc.com,yes,no_peptides,https://wtwsc.com,medspa,,0
Wellness World Medical,wwmed.co,drmike@wwmed.co,impallari@gmail.com; drmike@wwmed.co,yes,no_peptides,https://wwmed.co,medspa,,0
Wyandot MedSpa,wyandotmedspa.com,,,yes,no_email,https://wyandotmedspa.com,medspa,,0
Wyndhurst Medical Aesthetics,wyndhurstaesthetics.com,,,yes,no_email,https://wyndhurstaesthetics.com,medspa,"semaglutide, glutathione",9
Wynie Mae's AVEDA Salon & Spa,wyniemaes.com,,,yes,no_email,https://wyniemaes.com,vendor,,0
Wyo Med Spa,wyomedspa.com,,,,unreachable,,,,
Wyoming Medical Aesthetics,wyomingmedicalaesthetics.com,,,yes,no_email,https://wyomingmedicalaesthetics.com,medspa,,0
Wyoming Wellness Center,wyomingwc.com,info@wyomingwc.com,info@wyomingwc.com,yes,no_peptides,https://wyomingwc.com,medspa,,0
Xclusive's Spa Suite,x-spasuites.com,,,,unreachable,,,,
XBody Health & Wellness Functional Integrative Medicine Office & Medic,xbodyus.com,info@xbodyus.com,info@xbodyus.com,yes,already known,https://xbodyus.com,medspa,"semaglutide, tirzepatide, bpc-157, ipamorelin, sermorelin, cjc-1295",20
XO Aesthetics Inc,xoaesthethicsinc.com,mercy.xoaestheticsllc@gmail.com,mercy.xoaestheticsllc@gmail.com,yes,no_peptides,https://xoaesthethicsinc.com,medspa,,0
XO Aesthetic Refinery,xoaestheticrefinery.com,,,yes,no_email,https://xoaestheticrefinery.com,medspa,nad+,3
XO Medical,xomedicalaestheticswellness.myaestheticrecord.com,,,,no_email,https://xomedicalaestheticswellness.myaestheticrecord.com,medspa,,0
XO Salon & Spa,xosalonspa.com,position@xosalonspa.com,position@xosalonspa.com; frinchise@xosalonspa.com,yes,no_peptides,https://xosalonspa.com,medspa,,0
Yana Skin Care,yanaskincare.com,,,,unreachable,,,,
Yi Wellness,yiwellness.com,yiwellness22@gmail.com,yiwellness22@gmail.com,yes,already known,https://yiwellness.com,medspa,GLP-1 weight loss peptides,2
YM Aesthetics Clinic Miami,ymaestheticsclinic.com,,,,no_email,https://ymaestheticsclinic.com,medspa,,0
Yale New Haven Hospital Saint Raphael Campus,ynhh.org,patientrelations@ynhh.org,patientrelations@ynhh.org,yes,no_peptides,https://ynhh.org,medspa,,0
York Medical Spa Anti-Aging Center,yorkmedicalspa.com,yorkmedicalspa@gmail.com,yorkmedicalspa@gmail.com,yes,no_peptides,https://yorkmedicalspa.com,medspa,,0
"NXT LVL Med Spa, Recovery, & Wellness",yostwellnesscenter.com,info@yostwellnesscenter.com,info@yostwellnesscenter.com,yes,no_peptides,https://yostwellnesscenter.com,medspa,,0
You Aesthetics,youbeautylounge.com,,,,no_email,,vendor,,0
Young & Bloom Skin,youngandbloomskin.com,,,yes,no_email,https://youngandbloomskin.com,vendor,,0
Younique Surgery Center & Medical Spa,youniquecosmeticsurgery.com,,,yes,no_email,https://youniquecosmeticsurgery.com,medspa,nad+,6
you+ Medical Aesthetics,youplusaesthetics.com,hello@youplusaesthetics.com,hello@youplusaesthetics.com,,no_us_signal,https://youplusaesthetics.com,medspa,"semaglutide, tirzepatide",4
IV Therapy Laguna Niguel,yourcprmd.com,,,,no_email,,vendor,,0
"IV Vitamin Therapy in Millersville & Crofton, MD",yourhealthmagazine.net,support@yourhealthmagazine.net,support@yourhealthmagazine.net,yes,no_peptides,https://yourhealthmagazine.net,medspa,,0
Your Secret Med Spa,yoursecretspa.com,info@yoursecretspa.com,info@yoursecretspa.com,yes,no_peptides,https://yoursecretspa.com,medspa,,0
Signature Med Spa,yoursignaturemedspa.com,,,,no_email,,vendor,,0
Youshine Medical Spa,youshinemedspa.com,info@youshinemedspa.com,info@youshinemedspa.com,yes,no_peptides,https://youshinemedspa.com,medspa,,0
Yuan Spa,yuanspa.com,info@yuanspa.com,bellevueinfo@yuanspa.com; totemlakeinfo@yuanspa.com; management@yuanspa.com; info@yuanspa.com,yes,no_peptides,https://yuanspa.com,medspa,,0
Yudizza Med Spa,yudizzamedspa.com,yudizza@yudizzamedspa.com,yudizza@yudizzamedspa.com,yes,no_peptides,https://yudizzamedspa.com,medspa,,0
"Yummy Secret Skin, The Facial Bar",yummysecretskin.com,,,yes,no_email,https://yummysecretskin.com,vendor,,0
"IV Therapy Clearwater, Florida",z4-rpw.phreesia.net,,,,unreachable,,,,
"Balanced Health, Mind, Body & Soul",zaremedspa.com,,,yes,no_email,https://zaremedspa.com,medspa,GLP-1 weight loss peptides,4
ZAVANT Aesthetics,zavantaesthetics.com,,,,no_email,,vendor,,0
Zen Concierge Nursing,zcarenursing.com,info@zcarenursing.com,info@zcarenursing.com,yes,no_peptides,https://zcarenursing.com,medspa,,0
Zee Aesthetics,zeeaesthetics.com,,,,unreachable,,,,
ZELKO Aesthetics,zelkoaesthetics.com,,,yes,no_email,https://zelkoaesthetics.com,medspa,,0
Zemits,zemits.com,info@zemits.com,info@zemits.com,yes,no_peptides,https://zemits.com,medspa,,0
Zen Aesthetics & Wellness,zenaestheticsandwellness.com,,,yes,no_email,https://zenaestheticsandwellness.com,medspa,,0
Zenliven LLC Wellness Studio,zenliven.com,,,yes,no_email,https://zenliven.com,medspa,,0
Zen Om Studio,zenomstudio.com,,,,no_email,,vendor,,0
Zensken,zensken.com,info@zensken.com,info@zensken.com; ashley@zensken.com,,no_peptides,https://zensken.com,medspa,,0
Zen Aesthetic,zenskincares.com,zenskincares.sf@gmail.com,zenskincares.sf@gmail.com,yes,no_peptides,https://zenskincares.com,medspa,,0
Zen Spa Aesthetics,zenspaaesthetics.com,,,yes,no_email,https://zenspaaesthetics.com,medspa,,0
IV Therapy in Farmington Hills MI,zenxbodyskin.com,john@gmail.com,john@gmail.com; zenbodyandskin@gmail.com,yes,no_peptides,https://zenxbodyskin.com,medspa,,0
Zen Zone Spa,zenzonespa.net,info@zenzonespa.net,info@zenzonespa.net,yes,no_peptides,https://zenzonespa.net,medspa,,0
ZIBELLA MEDSPA,zibellamedspa.com,zibellamedspa@gmail.com,zibellamedspa@gmail.com,yes,no_peptides,https://zibellamedspa.com,medspa,,0
Zivel,zivel.com,coralgables@zivel.com,zivelbriargate@gmail.com; coralgables@zivel.com; coolsprings@zivel.com; highlandsranch@zivel.com; palmcoast@zivel.com,,no_peptides,https://zivel.com,medspa,,0
"Z Med Clinic and Med Spa, Weight Loss, Hormone Therapy and IV Clinic",zmedclinic.com,,,yes,no_email,https://zmedclinic.com,medspa,"semaglutide, tirzepatide, glutathione",15
ZONA MED SPA,zonamedspa.com,,,yes,no_email,https://zonamedspa.com,medspa,,0
Zoom smile-Rana clinic-Teeth Whitening-Lasers-PRP,zoomsmiles.square.site,ralramahi04@gmail.com,ralramahi04@gmail.com,,no_peptides,https://zoomsmiles.square.site,medspa,,0
Zoya Medspa,zoyamedspa.com,zoyamedspa@gmail.com,zoyamedspa@gmail.com,yes,no_peptides,https://zoyamedspa.com,medspa,,0
ZZ Day Spa,zzdayspa.com,zzspabookings@gmail.com,zzspabookings@gmail.com,yes,no_peptides,https://zzdayspa.com,vendor,,0
ZZ Med Spa,zzmedspa.com,,,yes,no_email,https://zzmedspa.com,medspa,,0
