vendor,domain,email,all_emails,us_signal,status,evidence_url,audience,peptides,peptide_hits
Absolute Wellness Clinic,absolutewellnessclinic.com,admin@absolutewellnessclinic.com,admin@absolutewellnessclinic.com,yes,ok,https://absolutewellnessclinic.com,medspa,,2
"Advanced Integrative Care in Williamsville, NY",advancedintegrativecare.com,info@advancedintegrativecare.com,info@advancedintegrativecare.com,yes,ok,https://advancedintegrativecare.com,medspa,glutathione,3
Bella Vie Med Spa Skin & Wellness Clinic,aesthetikawms.com,aesthetikamedspa@gmail.com,aesthetikamedspa@gmail.com; aesthetikawms@gmail.com,yes,ok,https://aesthetikawms.com,medspa,GLP-1 weight loss peptides,7
"Dr. Michelle McElroy, DO, FACOOG",aginggracefully.co,drmcelroy@aginggracefully.co,drmcelroy@aginggracefully.co,yes,ok,https://aginggracefully.co,medspa,,1
Naturopathy By Lee ND,aimhealthcenter.com,info@aimhealthcenter.com,info@aimhealthcenter.com,yes,ok,https://aimhealthcenter.com,medspa,,1
"All About You Aesthetics And Wellness in Bowling Green, OH",allaboutyouaw.com,dot@allaboutyouaw.com,dot@allaboutyouaw.com,yes,ok,https://allaboutyouaw.com,medspa,glutathione,3
El Clinical Esthetics,allbodyhw.com,contact@allbodyhw.com,contact@allbodyhw.com,yes,ok,https://allbodyhw.com,medspa,"semaglutide, tirzepatide",7
Alluring Age,alluringage.com,hello@alluringage.com,hello@alluringage.com,yes,ok,https://alluringage.com,medspa,"semaglutide, bpc-157, tb-500, nad+, ipamorelin, cjc-1295",15
"Alora Med Spa in San Juan, PR",alora-medspa.com,info@alora-medspa.com,info@alora-medspa.com,yes,ok,https://alora-medspa.com,medspa,semaglutide,2
Amped Up Performance,ampedupperformance.com,info@ampedupperformance.com,info@ampedupperformance.com,yes,ok,https://ampedupperformance.com,medspa,,2
Miami Anti-Aging Institute,antiagingmiami.com,info@antiagingmiami.com,info@antiagingmiami.com; u003einfo@antiagingmiami.com,yes,ok,https://antiagingmiami.com,medspa,,3
Living True Wellness,arenewedyouny.com,frontdesk@arenewedyouny.com,frontdesk@arenewedyouny.com,yes,ok,https://arenewedyouny.com/contact-us,medspa,GLP-1 weight loss peptides,4
Mind Body Zen,ariawellnow.com,hello@ariawellnow.com,hello@ariawellnow.com,yes,ok,https://ariawellnow.com,medspa,semaglutide,6
"Aryze Well in Pontiac, MI",aryzewell.com,contact@aryzewell.com,contact@aryzewell.com; %20contact@aryzewell.com,yes,ok,https://aryzewell.com,medspa,"semaglutide, tirzepatide, nad+, glutathione",11
Center for Modern Aging,augustaa2m.com,stojino@augustaa2m.com,stojino@augustaa2m.com,yes,ok,https://augustaa2m.com,medspa,"nad+, glutathione",4
Avanti Skin Center of Louisville,avantioflouisville.com,info@avantioflouisville.com,info@avantioflouisville.com,yes,ok,https://avantioflouisville.com,medspa,nad+,1
"Balance Regenerative, Sports, and Rehabilitation Medicine",balancebklyn.com,info@balancebklyn.com,info@balancebklyn.com,yes,ok,https://balancebklyn.com,medspa,,2
Balance Medical,balancemedicalok.com,contact@balancemedicalok.com,contact@balancemedicalok.com,yes,ok,https://balancemedicalok.com,medspa,,2
Bare Skin Aesthetics,bareskinaesthetics605.com,bareskinaesthetics605@gmail.com,bareskinaesthetics605@gmail.com,yes,ok,https://bareskinaesthetics605.com,medspa,,2
Beauty Bee Medical and Aesthetics,beautybeemedical.com,hello@beautybeemedical.com,hello@beautybeemedical.com; flowzaiofficial@gmail.com; info.glowzai129@gmail.com,yes,ok,https://beautybeemedical.com,medspa,semaglutide,2
Bella Bar Medspa,bellabartx.com,bellabarmedspa@gmail.com,bellabarmedspa@gmail.com; jessmarren@gmail.com,yes,ok,https://bellabartx.com,medspa,GLP-1 weight loss peptides,4
BellaTox Boutique,bellatoxboutique.com,bellatox502@gmail.com,bellatox502@gmail.com,yes,ok,https://bellatoxboutique.com,medspa,"semaglutide, tirzepatide",8
Beyond Wellness Hillcrest,beyondwellnessar.com,info@beyondwellnessar.com,info@beyondwellnessar.com,yes,ok,https://beyondwellnessar.com,medspa,,3
"Bio Cell Wellness Group, llc",biocellwellnessgroup.com,biocellwellnessgroup@gmail.com,biocellwellnessgroup@gmail.com,yes,ok,https://biocellwellnessgroup.com,medspa,semaglutide,4
Biojust,biojust.com,info@biojust.com,info@biojust.com,yes,ok,https://biojust.com,medspa,,4
Alive IV and Wellness,bioloungepdx.com,info@bioloungepdx.com,info@bioloungepdx.com,yes,ok,https://bioloungepdx.com,medspa,,3
Bio-Vital Men's Clinic,biovitalmen.com,info@biovitalmen.com,info@biovitalmen.com,yes,ok,https://biovitalmen.com,medspa,,2
BluZone LLC,bluzonemd.com,careteam@bluzonemd.com,careteam@bluzonemd.com,yes,ok,https://bluzonemd.com,medspa,semaglutide,2
"BMore Hydrated in Baltimore, MD",bmorehydrated.com,drkircher@bmorehydrated.com,impallari@gmail.com; drkircher@bmorehydrated.com,yes,ok,https://bmorehydrated.com,medspa,"nad+, glutathione",4
BodylogicMD of Columbus,bodylogicmd.fit,wellness@bodylogicmd.com,wellness@bodylogicmd.com,yes,ok,https://bodylogicmd.fit,vendor,,1
BodyLogics and Aesthetics,bodylogics.net,info@bodylogics.net,moreinfo@bodylogics.net; info@bodylogics.net; team@bodylogics.net,yes,ok,https://bodylogics.net,medspa,,5
"Bonfire Wellness & IV Therapy in North Andover, MA",bonfirewellness.com,info@bonfirewellness.com,info@bonfirewellness.com,yes,ok,https://bonfirewellness.com,medspa,nad+,2
"Beauty & Wellness Med Spa in North Port, FL",bwellmedicalspa.com,info@bwellmedicalspa.com,info@bwellmedicalspa.com,yes,ok,https://bwellmedicalspa.com,medspa,semaglutide,4
"Chattanooga Men's Clinic, Powered by Menspro™",chattanoogamensclinic.com,info@chattanoogamensclinic.com,info@chattanoogamensclinic.com,yes,ok,https://chattanoogamensclinic.com,medspa,"semaglutide, liraglutide",5
Chicago Medspa,chicagomedspa.com,hello@chicagomedspa.com,hello@chicagomedspa.com,yes,ok,https://chicagomedspa.com,medspa,"nad+, glutathione",4
Charleston Hormone Services (CHS),chshormone.com,patients@chshormone.com,patients@chshormone.com,yes,ok,https://chshormone.com,medspa,,2
Cellular Intelligence Med Spa,cimedspa.com,info@cimedspa.com,info@cimedspa.com,yes,ok,https://cimedspa.com,medspa,,2
Clinic For Him,clinicforhim.com,contact@clinicforhim.com,contact@clinicforhim.com,yes,ok,https://clinicforhim.com,medspa,,1
CMA,cmamedicine.com,info@cmamedicine.com,info@cmamedicine.com,yes,ok,https://cmamedicine.com,medspa,,1
COASTAL MD,coastalmdli.com,info@coastalmdli.com,info@coastalmdli.com,yes,ok,https://coastalmdli.com,vendor,,4
ColoradoTRT,coloradotrt.com,tj@coloradotrt.com,tj@coloradotrt.com; erin@coloradotrt.com,yes,ok,https://coloradotrt.com,medspa,"bpc-157, tb-500, thymosin beta-4, ipamorelin, tesamorelin, ghk-cu",8
"Concierge Nurse Services in Redmond, WA",conciergenursingseattle.com,info@conciergenursingseattle.com,info@conciergenursingseattle.com,yes,ok,https://conciergenursingseattle.com,medspa,"nad+, glutathione",4
Testosterone and TRT Therapy at Coral Gables Wellness,coral-gables-fl.testosterone-center.com,info@testosterone-center.com,info@testosterone-center.com,yes,ok,https://coral-gables-fl.testosterone-center.com,medspa,semaglutide,3
Core Wellness + Longevity,corelongevity.com,info@corelongevity.com,info@corelongevity.com; ryan@corelongevity.com,yes,ok,https://corelongevity.com,medspa,"tirzepatide, bpc-157, nad+, sermorelin",6
"CreatIV Hydration in San Diego, CA",creativhydration.com,info@creativhydration.com,info@creativhydration.com,yes,ok,https://creativhydration.com,medspa,"nad+, glutathione",7
Crystal Aesthetics and Wellness Med Spa,crystalaestheticsandwellness.com,crystalaesthetics@yahoo.com,crystalaesthetics@yahoo.com,yes,ok,https://crystalaestheticsandwellness.com,medspa,"semaglutide, tirzepatide",4
"CuraCore Wellness in North Charleston, SC",curacorewellness.com,info@curacorewellness.com,info@curacorewellness.com,yes,ok,https://curacorewellness.com,medspa,"thymosin alpha-1, glutathione",5
Defy Collective,defy-collective.com,info@defy-collective.com,defycollectivellc@gmail.com; info@defy-collective.com,yes,ok,https://defy-collective.com,medspa,GLP-1 weight loss peptides,3
Defy Medical Spa,defymedicalspa.com,defymedicalspa@gmail.com,defymedicalspa@gmail.com,yes,ok,https://defymedicalspa.com,medspa,"semaglutide, tirzepatide",2
Deland Medical Wellness Center LLC,delandmedicalwellness.com,info@delandmedicalwellness.com,info@delandmedicalwellness.com,yes,ok,https://delandmedicalwellness.com,medspa,GLP-1 weight loss peptides,5
"Desert Renewal in Tucson, AZ",desert-renewal.com,info@desert-renewal.com,info@desert-renewal.com; lisa@desert-renewal.com,yes,ok,https://desert-renewal.com,medspa,GLP-1 weight loss peptides,4
Integrative Health Solutions,docbron.com,docbron@docbron.com,docbron@docbron.com,yes,ok,https://docbron.com,vendor,GLP-1 weight loss peptides,7
"Dean P. Kane, MD and Lauri P. Kane,ScD",drdeankane.com,lauri@drdeankane.com,lauri@drdeankane.com,yes,ok,https://drdeankane.com,medspa,semaglutide,2
"Drip Drop IV Hydration & Wellness in Raleigh, NC",dripdropivhydration.com,dripdropivhw@gmail.com,dripdropivhw@gmail.com,yes,ok,https://dripdropivhydration.com,medspa,,1
"Drip IV Hydration And Aesthetics in Toledo, OH",dripmed.com,medical@dripmed.com,medical@dripmed.com,yes,ok,https://dripmed.com,medspa,"nad+, glutathione",6
Drips Spa,dripsspa.com,info@dripsspa.com,info@dripsspa.com,yes,ok,https://dripsspa.com,medspa,"bpc-157, ipamorelin, tesamorelin, cjc-1295, ghk-cu",11
"Dr Leila Kirdani, Quality of Life Medicine",drleila.com,info@drleila.com,info@drleila.com,yes,ok,https://drleila.com,medspa,,1
Dr. Shannon Wellness & Weight Loss,drshannonwellness.com,manager@drshannonwellness.com,manager@drshannonwellness.com,yes,ok,https://drshannonwellness.com,medspa,"semaglutide, tirzepatide",10
Superb Wellness Center,drweng.com,advancedmedicine24@gmail.com,advancedmedicine24@gmail.com,yes,ok,https://drweng.com,medspa,"semaglutide, tirzepatide",5
"Duuuval Drips in Jacksonville Beach, FL",duuuvaldrips.com,duuuvaldrips@gmail.com,duuuvaldrips@gmail.com,yes,ok,https://duuuvaldrips.com,medspa,GLP-1 weight loss peptides,4
Eden Aesthetics,edenclinicny.com,admin@edenclinicny.com,admin@edenclinicny.com,yes,ok,https://edenclinicny.com,medspa,,1
Ehden Medical Aesthetics,ehdenaesthetics.com,info@ehdenaesthetics.com,info@ehdenaesthetics.com,yes,ok,https://ehdenaesthetics.com,medspa,"semaglutide, tirzepatide",6
Eleven Detroit Medical Spa,elevendetroit.co,eleven11detroit@gmail.com,eleven11detroit@gmail.com,yes,ok,https://elevendetroit.co,medspa,nad+,2
Elite MD,elitemdlui.com,info@elitemdlui.com,info@elitemdlui.com,yes,ok,https://elitemdlui.com,medspa,,2
"Gameday Men's Health Bloomington, IN",embracewellnessclinic.com,connect.embracewellness@gmail.com,connect.embracewellness@gmail.com; embraceinfusions@gmail.com,yes,ok,https://embracewellnessclinic.com,medspa,"nad+, glutathione",6
Empower Men's Health Clinic,empowermensclinic.com,info@empowermensclinic.com,info@empowermensclinic.com,yes,ok,https://empowermensclinic.com,medspa,,2
GlowUp MedSpa,evolvelongevitycenter.com,hello@evolvelongevitycenter.com,impallari@gmail.com; hello@evolvelongevitycenter.com,yes,ok,https://evolvelongevitycenter.com,medspa,"semaglutide, tirzepatide",5
Evolve Wellness and Health,evolvewellnessandhealth.com,info@evolvewellnessandhealth.com,info@evolvewellnessandhealth.com,yes,ok,https://evolvewellnessandhealth.com,medspa,,4
EXTEN IV Therapy,exteniv.com,drip@exteniv.com,drip@exteniv.com,yes,ok,https://exteniv.com,medspa,"nad+, glutathione",3
"Anne Penman Laser Therapy of Cape Coral, Inc.",faceitbotoxbar.com,info@faceitbotoxbar.com,ryann@faceitbotoxbar.com; info@faceitbotoxbar.com,yes,ok,https://faceitbotoxbar.com/contact,medspa,GLP-1 weight loss peptides,5
Fashioned Health,fashionedhealth.com,concierge@fashionedhealth.com,concierge@fashionedhealth.com,yes,ok,https://fashionedhealth.com,medspa,,2
Beautiverse LLC,fayzaesthetics.com,info@fayzaesthetics.com,info@fayzaesthetics.com,yes,ok,https://fayzaesthetics.com,medspa,GLP-1 weight loss peptides,5
FG Aesthetics and Medicine,fgaestheticsandmedicine.com,info@fgaestheticsandmedicine.com,info@fgaestheticsandmedicine.com,yes,ok,https://fgaestheticsandmedicine.com,medspa,,5
Functional Medical Institute,fmidr.com,support@fmidr.com,support@fmidr.com,yes,ok,https://fmidr.com/about,medspa,,2
Nude Wax & Brow Bar,fondrenaesthetics.com,contact@fondrenaesthetics.com,contact@fondrenaesthetics.com,yes,ok,https://fondrenaesthetics.com,medspa,,1
"Fountain of Youth in Fort Myers, FL",fountainofyouthswfl.com,customerservice@fountainofyouthswfl.com,customerservice@fountainofyouthswfl.com,yes,ok,https://fountainofyouthswfl.com,medspa,"tirzepatide, bpc-157, tb-500, thymosin alpha-1, nad+, ipamorelin",20
"GamWellness IV Infusions & Aesthetics in Tavares, FL",gamwellness.com,matthew@gamwellness.com,matthew@gamwellness.com; layna@gamwellness.com,yes,ok,https://gamwellness.com,medspa,"semaglutide, glutathione",8
Georgous Aesthetic Bar,georgouskc.com,info@georgouskc.com,info@georgouskc.com,yes,ok,https://georgouskc.com,medspa,,1
Glo Skin Aesthetics,gloskinaestheticswv.com,kendra@gloskinaestheticswv.com,impallari@gmail.com; kendra@gloskinaestheticswv.com,yes,ok,https://gloskinaestheticswv.com,medspa,semaglutide,2
"Glow Wellness in Pepper Pike, OH",glowwellness.com,info@glowwellness.com,info@glowwellness.com; careers@glowwellness.com,yes,ok,https://glowwellness.com,medspa,"thymosin alpha-1, nad+, ipamorelin, sermorelin, tesamorelin, cjc-1295",17
"H Bling Wellness in Brea, CA",h-bling.com,recover@h-bling.com,recover@h-bling.com,yes,ok,https://h-bling.com,medspa,,2
Handcrafted Aesthetics and Medical Spa,handcraftedaesthetics.com,handcraftedaestheticsmedspa@gmail.com,handcraftedaestheticsmedspa@gmail.com,yes,ok,https://handcraftedaesthetics.com,medspa,"semaglutide, tirzepatide",9
"Happy Health and Wellness Clinic in Scranton, PA",happyhealthwellness.com,info@happyhealthwellness.com,info@happyhealthwellness.com; marketing@happyhealthwellness.com,yes,ok,https://happyhealthwellness.com,medspa,"nad+, glutathione",10
"Dr. Alex D. Khromov, MD",harmonyclinicfl.com,info@harmonyclinicfl.com,info@harmonyclinicfl.com,yes,ok,https://harmonyclinicfl.com,medspa,,1
"Healing Ketamine in Orem, UT",healingketamine.com,office@healingketamine.com,office@healingketamine.com,yes,ok,https://healingketamine.com/contact,medspa,nad+,1
Timothy Anderson PA-C (My HealthMatrix Lake Mary),healthmatrix.com,info@healthmatrix.com,info@healthmatrix.com,yes,ok,https://healthmatrix.com,medspa,"semaglutide, tirzepatide, retatrutide, bpc-157, tb-500, thymosin beta-4",35
RevitalIVe Mobile IV & Wellness,hellobeautifulraleigh.com,info@hellobeautifulraleigh.com,info@hellobeautifulraleigh.com,yes,ok,https://hellobeautifulraleigh.com,medspa,"semaglutide, nad+, ghk-cu, glutathione",8
Highlands Spa,highlandsspa.com,jmacejik08@gmail.com,jmacejik08@gmail.com,yes,ok,https://highlandsspa.com,medspa,"semaglutide, tirzepatide",6
Him. MedSpa & Wellness,himmedspa.com,info@himmedspa.com,support@himmedspa.com; info@himmedspa.com,yes,ok,https://himmedspa.com,medspa,nad+,1
"HM Wellness & Aesthetics in Venice, FL",hm-wellness.com,info@hm-wellness.com,info@hm-wellness.com,yes,ok,https://hm-wellness.com,medspa,GLP-1 weight loss peptides,7
Hollyday Med Spa + Aesthetics,hollydayspa.com,hollydayinc@gmail.com,hollydayinc@gmail.com,yes,ok,https://hollydayspa.com,medspa,,2
hol+ Spa,holplus.co,support@holplus.co,support@holplus.co; appointments@holplus.co,yes,ok,https://holplus.co,medspa,glutathione,5
Horizon Med Spa,horizonmedspa.com,info@horizonmedspa.com,office@horizonmedspa.com; info@horizonmedspa.com,yes,ok,https://horizonmedspa.com,medspa,,1
Tirpack Medical Procedures,hormonalsolutions.com,tirpackgyn@gmail.com,tirpackgyn@gmail.com,yes,ok,https://hormonalsolutions.com,vendor,,1
"Albert J. Peters, D.O.,F.A.C.O.G.",hormonewellness.net,drpeters.hormonewellness@gmail.com,drpeters.hormonewellness@gmail.com; bpeters.hormonewellness@gmail.com,yes,ok,https://hormonewellness.net,medspa,,1
Houston MedSpa + Wellness,htxmdspa.com,help@htxmdspa.com,help@htxmdspa.com,yes,ok,https://htxmdspa.com,medspa,semaglutide,3
Hush LA Medspa,hushla.net,info@hushla.net,info@hushla.net,yes,ok,https://hushla.net,medspa,,1
Hush Medical Spa,hushmedicalspa.com,contact@hushmedicalspa.com,contact@hushmedicalspa.com; drmike@hushmedicalspa.com; drkrista@hushmedicalspa.com; injectorkait@hushmedicalspa.com; sarah@hushmedicalspa.com; ryleigh@hushmedicalspa.com; mastermakeupartist@hushmedicalspa.com,yes,ok,https://hushmedicalspa.com,medspa,GLP-1 weight loss peptides,5
"HydraDrip in Smyrna, GA",hydradrip.net,info@hydradrip.net,info@hydradrip.net,yes,ok,https://hydradrip.net/about-us,medspa,nad+,1
"Hydraloha in Honolulu, HI",hydralohadrip.com,hello@hydralohadrip.com,hello@hydralohadrip.com,yes,ok,https://hydralohadrip.com,medspa,glutathione,2
"Hydrate Now in Newport Beach, CA",hydratenow.com,info@hydratenow.com,info@hydratenow.com,yes,ok,https://hydratenow.com,medspa,"semaglutide, nad+, glutathione",5
The Hydration Staytion,hydrationstaytion.com,thehydrationstaytion@gmail.com,thehydrationstaytion@gmail.com,yes,ok,https://hydrationstaytion.com,medspa,semaglutide,3
IConcierge Medspa,iconciergemedspa.com,info@iconciergemedspa.com,info@iconciergemedspa.com,yes,ok,https://iconciergemedspa.com,medspa,GLP-1 weight loss peptides,3
La Jolla Iconic Beauty Medspa,iconicbeautymedspa.com,iconicbeautymedspa@gmail.com,iconicbeautymedspa@gmail.com,yes,ok,https://iconicbeautymedspa.com,medspa,"semaglutide, tirzepatide",6
IV Splash,iconichealthmed.com,office@iconichealthmed.com,office@iconichealthmed.com,yes,ok,https://iconichealthmed.com,medspa,"nad+, glutathione",3
iCRYO,icryo-westminster.com,info@icryowestminster.com,info@icryowestminster.com,yes,ok,https://icryo-westminster.com,medspa,"nad+, glutathione",7
Idealaser Cosmetic Center of Miami,idealasermiami.com,idealasermiami@gmail.com,idealasermiami@gmail.com,yes,ok,https://idealasermiami.com,medspa,glutathione,2
IDYLLIC Aesthetics,idyllic-aesthetics.com,info@idyllic-aesthetics.com,info@idyllic-aesthetics.com,yes,ok,https://idyllic-aesthetics.com,medspa,,1
iLamai Medical Spa and Wellness Center,ilamaimedspa.com,info@ilamaimedspa.com,info@ilamaimedspa.com,yes,ok,https://ilamaimedspa.com,medspa,GLP-1 weight loss peptides,2
Ilara MedSpa,ilaramedspa.com,info@ilaramedspa.com,info@ilaramedspa.com; hello@ilaramedspa.com,yes,ok,https://ilaramedspa.com,medspa,,1
Women's Health Associates,illuminationwh.com,info@illuminationwh.com,info@illuminationwh.com,yes,ok,https://illuminationwh.com,medspa,GLP-1 weight loss peptides,2
ILM Aesthetics and Wellness,ilmaesthetics.com,info@ilmaesthetics.com,info@ilmaesthetics.com,yes,ok,https://ilmaesthetics.com,medspa,nad+,6
Ilyne Med Spa,ilynems.com,info@ilynems.com,info@ilynems.com,yes,ok,https://ilynems.com,medspa,glutathione,2
Infinique Skin & Spa LLC,infiniqueskin.com,tonya@infiniqueskin.com,tonya@infiniqueskin.com,yes,ok,https://infiniqueskin.com,medspa,GLP-1 weight loss peptides,2
Infinite Wellness Med Spa,infinitewellnessmedspa.com,info@infinitewellnessmedspa.com,info@infinitewellnessmedspa.com,yes,ok,https://infinitewellnessmedspa.com,medspa,,1
Infinity Skin Care,infinity-skincare.com,infinityskincare12@gmail.com,infinityskincare12@gmail.com,yes,ok,https://infinity-skincare.com,medspa,semaglutide,1
Infusia IV Hydration and MedSpa,infusiaivhydrationmedspa.com,info@infusiaivhydrationmedspa.com,info@infusiaivhydrationmedspa.com,yes,ok,https://infusiaivhydrationmedspa.com,medspa,,1
"Infusion Healthcare LLC in Staten Island, NY",infusion-health.com,info@infusion-health.com,info@infusion-health.com,yes,ok,https://infusion-health.com,medspa,,1
Injectability Clinic,injectabilityclinic.com,info@injectabilityclinic.com,info@injectabilityclinic.com,yes,ok,https://injectabilityclinic.com,medspa,nad+,3
Injectables by Dr. V,injectablesbydrv.com,info@injectablesbydrv.com,info@injectablesbydrv.com,yes,ok,https://injectablesbydrv.com,medspa,"semaglutide, tirzepatide",9
Innova MedSpa,inmedspa.com,info@inmedspa.com,info@inmedspa.com,yes,ok,https://inmedspa.com,medspa,,3
Inspire Laser and Aesthetics,inspirelaseraesthetics.com,info@inspirelaseraesthetics.com,info@inspirelaseraesthetics.com,yes,ok,https://inspirelaseraesthetics.com,medspa,glutathione,2
Insula Aesthetics,insulamedspa.com,info@insulamedspa.com,info@insulamedspa.com,yes,ok,https://insulamedspa.com,medspa,GLP-1 weight loss peptides,3
Integrated Med Spa,integratedmedspa.com,frontdesk@integratedmedspa.com,frontdesk@integratedmedspa.com,yes,ok,https://integratedmedspa.com,medspa,GLP-1 weight loss peptides,4
Med Spa At The Islands,islandscenter.net,theislandscenter@gmail.com,theislandscenter@gmail.com,yes,ok,https://islandscenter.net,medspa,,1
James Christian Cosmetics,jameschristiancosmetics.com,jameschristiancosmetics@gmail.com,jameschristiancosmetics@gmail.com; jccosmeticsmiami@gmail.com,yes,ok,https://jameschristiancosmetics.com,medspa,,4
Jaruda Aesthetics,jarudaesthetics.com,aesthetics4u.april@gmail.com,aesthetics4u.april@gmail.com,yes,ok,https://jarudaesthetics.com,medspa,,4
J'Esthetics Medical Spa,jestheticsbar.com,support@jestheticsbar.com,support@jestheticsbar.com,yes,ok,https://jestheticsbar.com,medspa,"nad+, dsip, glutathione, kpv",7
Jovial Med Spa,jovialmedspa.com,info@jovialmedspa.com,info@jovialmedspa.com,yes,ok,https://jovialmedspa.com,medspa,"semaglutide, tirzepatide, glutathione",5
JP MED SPA,jpmedspa.com,jpmedspa@gmail.com,jpmedspa@gmail.com,yes,ok,https://jpmedspa.com,medspa,,1
Jules Aesthetics & Wellness,julesmedspa.com,contact@julesmedspa.com,contact@julesmedspa.com,yes,ok,https://julesmedspa.com,medspa,semaglutide,5
JUST AESTHETIC NURSING,justaestheticnursing.com,info@justaestheticnursing.com,info@justaestheticnursing.com,yes,ok,https://justaestheticnursing.com,medspa,tirzepatide,1
Juvenescence Medical Spa,juvenescencemedicalspa.com,info@juvenescencemedicalspa.com,info@juvenescencemedicalspa.com,yes,ok,https://juvenescencemedicalspa.com,medspa,,1
Kallos Wellness Medical Spa,kallos-medspa.com,kallosmedicalspaonline@gmail.com,kallosmedicalspaonline@gmail.com,yes,ok,https://kallos-medspa.com,medspa,"semaglutide, tirzepatide, glutathione",4
Katy Medi Spa,katymedispa.com,info@katymedispa.com,info@katymedispa.com,yes,ok,https://katymedispa.com,medspa,,3
Keep Glowing Med Spa,keepglowingmedicalspa.com,info@keepglowingmedicalspa.com,info@keepglowingmedicalspa.com,yes,ok,https://keepglowingmedicalspa.com,medspa,"semaglutide, tirzepatide",6
Kinetic Beauty and Wellness,kineticbeautyandwellness.com,kristina@kineticbeautyandwellness.com,kristina@kineticbeautyandwellness.com,yes,ok,https://kineticbeautyandwellness.com,medspa,,1
King Aesthetics,king-aesthetics.com,kingaesthetics2@gmail.com,kingaesthetics2@gmail.com,yes,ok,https://king-aesthetics.com,medspa,GLP-1 weight loss peptides,4
"Mobile/HOME Kiss IV Hydration --Tracy CA IV THERAPY in Tracy, CA",kissivhydration.com,kissivhydration@gmail.com,kissivhydration@gmail.com,yes,ok,https://kissivhydration.com,medspa,"nad+, glutathione",3
"KJB Aesthetics, LLC",kjbaesthetics.com,kjbaesthetics1@gmail.com,kjbaesthetics1@gmail.com,yes,ok,https://kjbaesthetics.com,medspa,,1
Labella Skin Bar,labellaskinbar.com,info@labellaskinbar.com,info@labellaskinbar.com,yes,ok,https://labellaskinbar.com,medspa,GLP-1 weight loss peptides,3
La Chele Medical Aesthetics New Hope,lachelemedspa.com,staff@lachelemedspa.com,staff@lachelemedspa.com,yes,ok,https://lachelemedspa.com,medspa,nad+,6
Laguna Med Spa,lagunamedspa.net,info@lagunamedspa.net,info@lagunamedspa.net,yes,ok,https://lagunamedspa.net,medspa,retatrutide,5
LAH Wellness Center,lahwellnesscenter.com,info@lahwellnesscenter.com,info@lahwellnesscenter.com,yes,ok,https://lahwellnesscenter.com,medspa,"semaglutide, tirzepatide, nad+, glutathione",14
Laser Bar Medspa,laserbarandaesthetics.com,booking@laserbarandaesthetics.com,booking@laserbarandaesthetics.com,yes,ok,https://laserbarandaesthetics.com,medspa,"tirzepatide, glutathione",6
Laser Beauty and MedSpa Center,laserbeautymedspa.com,info@laserbeautymedspa.com,info@laserbeautymedspa.com,yes,ok,https://laserbeautymedspa.com,medspa,GLP-1 weight loss peptides,3
Laser Center Of Orlando,lasercenteroforlando.com,info@lasercenteroforlando.com,info@lasercenteroforlando.com,yes,ok,https://lasercenteroforlando.com,medspa,"semaglutide, tirzepatide, nad+, glutathione",8
Laser Lounge Med Spa Georgetown,laserloungemedspa.com,info@laserloungemedspa.com,info@laserloungemedspa.com,yes,ok,https://laserloungemedspa.com,medspa,semaglutide,1
Le Blanc Wellness & Beauty,leblancwellnessandbeauty.com,info@leblancwellnessandbeauty.com,info@leblancwellnessandbeauty.com; info.leblancmedspa@gmail.com,yes,ok,https://leblancwellnessandbeauty.com,medspa,GLP-1 weight loss peptides,3
Lecada Medical Artistry,lecadatampa.com,info@lecadatampa.com,info@lecadatampa.com,yes,ok,https://lecadatampa.com,medspa,"nad+, glutathione",4
Legacy Med Spa,legacymedspasd.com,hello@legacymedspasd.com,hello@legacymedspasd.com,yes,ok,https://legacymedspasd.com,medspa,,1
L'Elite MediSpa and Wellness BK,lelitemedispa.com,info@lelitemedispa.com,info@lelitemedispa.com,yes,ok,https://lelitemedispa.com,medspa,,5
LeMed Spa,lemedspa.com,info@lemedspa.com,info@lemedspa.com; care@lemedspa.com,yes,ok,https://lemedspa.com,medspa,,1
Le Reve Med Spa,lerevemedspanc.com,info@lerevemedspanc.com,info@lerevemedspanc.com,yes,ok,https://lerevemedspanc.com,medspa,"semaglutide, tirzepatide, nad+",7
Le Spa Medical Spa,lespamedicalspa.com,info@lespamedicalspa.com,info@lespamedicalspa.com,yes,ok,https://lespamedicalspa.com,medspa,"semaglutide, tirzepatide, nad+",10
Lifestyle Med Spa,lifestylehealthservices.com,info@lifestylehealthservices.com,%20info@lifestylehealthservices.com; info@lifestylehealthservices.com,yes,ok,https://lifestylehealthservices.com,medspa,"nad+, semaglutide, tirzepatide",14
LIGHT MedSpa,lightmedspa.com,info@lightmedspa.com,info@lightmedspa.com,yes,ok,https://lightmedspa.com,vendor,"nad+, dsip, glutathione, kpv",5
"Light Touch Aesthetics, PLLC",lighttouchaustin.com,info@lighttouchaustin.com,info@lighttouchaustin.com,yes,ok,https://lighttouchaustin.com,medspa,tirzepatide,6
Lily Aesthetics & Wellness,lilymedspa.com,info@lilymedspa.com,info@lilymedspa.com,yes,ok,https://lilymedspa.com,medspa,GLP-1 weight loss peptides,3
Limelight Medical Aesthetics,limelightmedicalaesthetics.com,info@limelightmedicalaesthetics.com,info@limelightmedicalaesthetics.com,yes,ok,https://limelightmedicalaesthetics.com,medspa,glutathione,1
Litchfield Medspa,litchfieldmedspa.com,info@litchfieldmedspa.com,info@litchfieldmedspa.com,yes,ok,https://litchfieldmedspa.com,medspa,semaglutide,1
Live Supreme Wellness Center,livesupreme.co,dominika@livesupreme.co,dominika@livesupreme.co,yes,ok,https://livesupreme.co,medspa,,1
Live Well 360 Health and Medspa,livewell360kokomo.com,info@livewell360kokomo.com,info@livewell360kokomo.com,yes,ok,https://livewell360kokomo.com,medspa,GLP-1 weight loss peptides,3
LIVIA,liviabynazmedspa.com,hello@liviabynazmedspa.com,hello@liviabynazmedspa.com,yes,ok,https://liviabynazmedspa.com,medspa,"tirzepatide, bpc-157, tb-500, thymosin alpha-1, nad+, ipamorelin",17
Easthetics by Radiant,livmedspasd.com,livmedspasd@gmail.com,livmedspasd@gmail.com,yes,ok,https://livmedspasd.com,medspa,GLP-1 weight loss peptides,4
"Olivia Wellness Centers in El Paso, TX",livolivia.com,teddy@livolivia.com,teddy@livolivia.com,yes,ok,https://livolivia.com,medspa,,1
LKN Skin and Body,lknskinandbody.com,info@lknskinandbody.com,info@lknskinandbody.com,yes,ok,https://lknskinandbody.com,medspa,"semaglutide, tirzepatide, nad+",4
Lose Yourself Weight Loss and Wellness,loseyourselfweightlossandwellness.com,holliemendricks@loseyourselfweightlossandwellness.com,holliemendricks@loseyourselfweightlossandwellness.com,yes,ok,https://loseyourselfweightlossandwellness.com,medspa,tirzepatide,5
Louise Aesthetics,louiseaesthetics.com,hello@louiseaesthetics.com,hello@louiseaesthetics.com,yes,ok,https://louiseaesthetics.com,medspa,,2
Louisiana Aesthetics and Skin Care,louisianaaesthetics.com,info@louisianaaesthetics.com,info@louisianaaesthetics.com,yes,ok,https://louisianaaesthetics.com,medspa,GLP-1 weight loss peptides,3
"Lounge of Beauty Medical Spa, a Medical Corporation",loungeofbeautymedicalspa.com,loungeofbeautylb@gmail.com,loungeofbeautylb@gmail.com,yes,ok,https://loungeofbeautymedicalspa.com,medspa,glutathione,3
LS Medical Spa,lsmedicalspainstitute.com,lorensmedicalspa@gmail.com,lorensmedicalspa@gmail.com,yes,ok,https://lsmedicalspainstitute.com,medspa,"tirzepatide, nad+, ghk-cu",7
Lumière Aesthetics & Wellness,lumiereaesthetics.co,support@lumiereaesthetics.co,support@lumiereaesthetics.co,yes,ok,https://lumiereaesthetics.co,medspa,"nad+, glutathione",4
"Lumina Infusion Lounge (Guardian Medical Group CA PC) in Fullerton, CA",luminainfusion.com,luminainfusion@gmail.com,luminainfusion@gmail.com,yes,ok,https://luminainfusion.com,medspa,nad+,1
Luminous Aesthetics Med Spa,luminousaestheticsmt.com,nurseappel@gmail.com,nurseappel@gmail.com,yes,ok,https://luminousaestheticsmt.com,medspa,GLP-1 weight loss peptides,2
Luxbae Salon and Med Spa,luxbae.com,info@luxbae.com,info@luxbae.com,yes,ok,https://luxbae.com,medspa,"bpc-157, tb-500, thymosin beta-4, nad+, ghk-cu",8
LuxDerm Medspa,luxdermmedspa.com,info@luxdermmedspa.com,info@luxdermmedspa.com,yes,ok,https://luxdermmedspa.com,medspa,semaglutide,4
Luxe Med Spa Oconomowoc,luxe-med-spa.com,leila@luxe-med-spa.com,leila@luxe-med-spa.com,yes,ok,https://luxe-med-spa.com,medspa,GLP-1 weight loss peptides,3
Luxe Renewal Wellness & Aesthetics,luxe-renewal.com,luxerenewalwellness@gmail.com,luxerenewalwellness@gmail.com,yes,ok,https://luxe-renewal.com,medspa,glutathione,2
Luxe Forté Med Spa,luxefortemedspa.com,hello@luxefortemedspa.com,hello@luxefortemedspa.com,yes,ok,https://luxefortemedspa.com,medspa,"nad+, glutathione",5
LUXE Med Spa Aesthetics,luxemedspaaesthetics.com,frontdesk@luxemedspaaesthetics.com,frontdesk@luxemedspaaesthetics.com,yes,ok,https://luxemedspaaesthetics.com,medspa,semaglutide,8
Lux Medspa,luxmed-spa.com,info@luxmed-spa.com,info@luxmed-spa.com,yes,ok,https://luxmed-spa.com,medspa,nad+,1
Lux Medical Aesthetics,luxmedicalaesthetics.com,contact@luxmedicalaesthetics.com,contact@luxmedicalaesthetics.com,yes,ok,https://luxmedicalaesthetics.com,medspa,glutathione,2
Luxx Med Aesthetics & Wellness,luxxmedaesthetics.com,support@luxxmedaesthetics.com,support@luxxmedaesthetics.com,yes,ok,https://luxxmedaesthetics.com,medspa,glutathione,3
LYEV Beverly Hills- Medical Spa,lyevbeverlyhills.com,info@lyevbeverlyhills.com,info@lyevbeverlyhills.com,yes,ok,https://lyevbeverlyhills.com,medspa,GLP-1 weight loss peptides,2
Magnolia Med Spa,magnoliamedspact.com,%20manda@magnoliamedspact.com,%20manda@magnoliamedspact.com; amanda@magnoliamedspact.com,yes,ok,https://magnoliamedspact.com,medspa,"semaglutide, tirzepatide",4
Magnolia Quantum Wellness Center & MedSpa,magnoliapoconos.com,info@magnoliapoconos.com,info@magnoliapoconos.com,yes,ok,https://magnoliapoconos.com,medspa,,1
Magnolias Med Spa,magnoliasmedspa.com,magnoliasmedspa@aol.com,magnoliasmedspa@aol.com,yes,ok,https://magnoliasmedspa.com,medspa,GLP-1 weight loss peptides,7
Mahtab Aesthetics,mahtabaesthetics.com,info@mahtabaesthetics.com,info@mahtabaesthetics.com; narrativesbynazar@gmail.com,yes,ok,https://mahtabaesthetics.com,medspa,glutathione,1
Maine Coast Medical Aesthetics,mainecoastmedicalaesthetics.com,mainecoastmedicalaesthetics@gmail.com,mainecoastmedicalaesthetics@gmail.com,yes,ok,https://mainecoastmedicalaesthetics.com,medspa,,1
Maine Laser and Aesthetics,mainela.com,contact@mainela.com,contact@mainela.com,yes,ok,https://mainela.com,medspa,,1
MaineStay Skincare,mainestayskincare.com,contactus@mainestayskincare.com,contactus@mainestayskincare.com,yes,ok,https://mainestayskincare.com,medspa,GLP-1 weight loss peptides,4
Main Street Med Spa,mainstreetmedspa.com,hello@mainstreetmedspa.com,hello@mainstreetmedspa.com,yes,ok,https://mainstreetmedspa.com,medspa,,1
Makeover Aesthetics,makeoveraesthetics.com,info@makeoveraesthetics.com,info@makeoveraesthetics.com,yes,ok,https://makeoveraesthetics.com,medspa,glutathione,2
Man Alive Hormone & Wellness Center,manalivehw.com,kyle.stanilla@manalivehw.com,kyle.stanilla@manalivehw.com,yes,ok,https://manalivehw.com,vendor,"semaglutide, tirzepatide",4
Manhattan Aesthetics,manhattan-aesthetics.com,info@manhattan-aesthetics.com,info@manhattan-aesthetics.com,yes,ok,https://manhattan-aesthetics.com,medspa,semaglutide,3
Manhattan Medspa,manhattan-medspa.com,info@manhattan-medspa.com,info@manhattan-medspa.com,yes,ok,https://manhattan-medspa.com,medspa,glutathione,2
Maranatha Clinic,maranathaclinic.com,office@maranathaclinic.com,office@maranathaclinic.com,yes,ok,https://maranathaclinic.com,medspa,,1
Marcos Medical Care & Aesthetics,marcosmedical.com,frontdesk@marcosmedical.wpengine.com,frontdesk@marcosmedical.wpengine.com; frontdesk@marcosmedical.com; wellness@marcosmedical.com,yes,ok,https://marcosmedical.com,medspa,GLP-1 weight loss peptides,3
Stengler Center for Integrative Medicine,markstengler.com,clinic@markstengler.com,clinic@markstengler.com,yes,ok,https://markstengler.com,medspa,"nad+, semaglutide, tirzepatide",8
ME Aesthetics & Wellness,meaestheticsca.com,melissa@meaestheticsca.com,melissa@meaestheticsca.com,yes,ok,https://meaestheticsca.com,medspa,tirzepatide,5
Med Spa Beni,medspabeni.com,info@medspabeni.com,info@medspabeni.com,yes,ok,https://medspabeni.com,medspa,,1
East Bay Innovative Medicine,menandtestosterone.com,gradam@menandtestosterone.com,impallari@gmail.com; gradam@menandtestosterone.com,yes,ok,https://menandtestosterone.com,medspa,semaglutide,4
Men's T Clinic®,menstclinic.com,staff.addison@menstclinic.com,staff.addison@menstclinic.com; glynn@menstclinic.com; staff.frisco@menstclinic.com; staff.colony@menstclinic.com; houston.heights@menstclinic.com; staff.cypress@menstclinic.com; staff.pearland@menstclinic.com; staff.pasadena@menstclinic.com,yes,ok,https://menstclinic.com,medspa,GLP-1 weight loss peptides,5
Men's Total Health,menstotalhealth.net,frontdesk@menstotalhealth.net,frontdesk@menstotalhealth.net,yes,ok,https://menstotalhealth.net,medspa,nad+,5
"Mobile IV Care in Chicago, IL",mobileivcare.com,maloriqat@mobileivcare.com,maloriqat@mobileivcare.com,yes,ok,https://mobileivcare.com,medspa,,1
"Mobile IV Drip in New York, NY",mobileivdrip.com,bookings@mobileivdrip.com,bookings@mobileivdrip.com; careers@mobileivdrip.com,yes,ok,https://mobileivdrip.com,medspa,,1
"THE IV SUITE in Colorado Springs, CO",myivsuite.com,joshua.ivtherapy@gmail.com,joshua.ivtherapy@gmail.com; thewaxingsuite.co@gmail.com,yes,ok,https://myivsuite.com,medspa,,1
Vibrant Life,myradiantlife.co,support@myradiantlife.co,support@myradiantlife.co,yes,ok,https://myradiantlife.co,medspa,GLP-1 weight loss peptides,4
"Skin and Self in White Plains, NY",myskinandself.com,myskinandself@gmail.com,myskinandself@gmail.com,yes,ok,https://myskinandself.com,medspa,"semaglutide, nad+",3
"Temple Care & Wellness in Chatsworth, GA",mytemple.care,hello@mytemple.care,hello@mytemple.care,yes,ok,https://mytemple.care,medspa,"semaglutide, tirzepatide, nad+, glutathione",9
"Terra Aesthetics & Wellness in Walnut Creek, CA",myterrawellness.com,info@myterrawellness.com,info@myterrawellness.com,yes,ok,https://myterrawellness.com,medspa,,1
NAAVA MedSpa,naavamedspa.com,info@naavamedspa.com,info@naavamedspa.com; information@naavamedspa.com,yes,ok,https://naavamedspa.com,medspa,semaglutide,2
New Day Medspa Jacksonville,newdaymedspa.com,hello@newdaymedspa.com,hello@newdaymedspa.com,yes,ok,https://newdaymedspa.com,medspa,"semaglutide, tirzepatide",3
Prime IV Hydration & Wellness,newdayvitality.com,freeconsult@newdayvitality.com,freeconsult@newdayvitality.com,yes,ok,https://newdayvitality.com,medspa,,1
New Hope Vitality,newhopevitality.com,info@newhopevitality.com,info@newhopevitality.com,yes,ok,https://newhopevitality.com,medspa,"nad+, glutathione",5
New Life Transformation Center,newlifetransformationcenter.com,support@newlifetransformationcenter.com,impallari@gmail.com; support@newlifetransformationcenter.com,yes,ok,https://newlifetransformationcenter.com,medspa,,2
Acupuncture Medical Center,npempoweredwellness.com,np@npempoweredwellness.com,np@npempoweredwellness.com,yes,ok,https://npempoweredwellness.com,medspa,,1
Nursify Aesthetics & Wellness Med Spa,nursifyaesthetics.com,nursifyaesthetics@gmail.com,nursifyaesthetics@gmail.com,yes,ok,https://nursifyaesthetics.com,medspa,"nad+, glutathione",3
"Ohana Health, PA",ohanahealthpa.com,milenabbrandao@gmail.com,milenabbrandao@gmail.com,yes,ok,https://ohanahealthpa.com,medspa,,1
"OhZone Clinics in Dallas, TX",ohzoneclinics.com,jenny@ohzoneclinics.com,jenny@ohzoneclinics.com,yes,ok,https://ohzoneclinics.com,medspa,"semaglutide, tirzepatide, glutathione",13
Opal Aesthetics,opalmedicalspa.com,info@opalmedicalspa.com,info@opalmedicalspa.com,yes,ok,https://opalmedicalspa.com,medspa,semaglutide,2
Optimal Male TRT,optimalmaletrt.com,contact@optimalmaletrt.com,contact@optimalmaletrt.com,yes,ok,https://optimalmaletrt.com,medspa,"semaglutide, tirzepatide",7
Optimum Mens Health,optimummenshealth.com,optimummenshealth@gmail.com,optimummenshealth@gmail.com,yes,ok,https://optimummenshealth.com,vendor,,1
"Orlando Mobile IV Therapy in Orlando, FL",orlandoflmobileiv.com,orlandomobileiv@gmail.com,orlandomobileiv@gmail.com; orlandoflmobileiv@outlook.com,yes,ok,https://orlandoflmobileiv.com,medspa,"nad+, glutathione",4
Overtime Men’s Health,otmenshealth.com,support@otmenshealth.com,support@otmenshealth.com,yes,ok,https://otmenshealth.com,medspa,,2
Pasadena Pellet Therapy,pasadenapellets.com,info@pasadenapellets.com,info@pasadenapellets.com,yes,ok,https://pasadenapellets.com,medspa,,2
"Peak Health And Wellness Mobile IV in Colorado Springs, CO",peakhealthandwellnessiv.com,phwmobileiv@gmail.com,phwmobileiv@gmail.com,yes,ok,https://peakhealthandwellnessiv.com,medspa,,1
Peak Physique Clinic,peakphysiqueclinic.com,peakphysiqueclinic@gmail.com,peakphysiqueclinic@gmail.com,yes,ok,https://peakphysiqueclinic.com,medspa,"semaglutide, tirzepatide",3
"Peak Potential Integrative Health in Allentown, PA",peakpotentialhealth.com,info@peakpotentialhealth.com,info@peakpotentialhealth.com; support@peakpotentialhealth.com; tinfo@peakpotentialhealth.com,yes,ok,https://peakpotentialhealth.com,medspa,"nad+, glutathione",7
"The Perfect Pregame Mobile IV in Winter Park, FL",perfectpregameiv.com,melroblesiv@gmail.com,melroblesiv@gmail.com,yes,ok,https://perfectpregameiv.com,medspa,,1
PG Men's Health,pgmenshealth.com,hello@pgmenshealth.com,hello@pgmenshealth.com,yes,ok,https://pgmenshealth.com,medspa,"semaglutide, tirzepatide",5
Elevate Wellness KC,physicianaestheticspecialists.com,danm@physicianaestheticspecialists.com,danm@physicianaestheticspecialists.com,yes,ok,https://physicianaestheticspecialists.com,medspa,GLP-1 weight loss peptides,7
Premier TRT and Med Spa,premiertrt.com,info@premiertrt.com,melanie@premiertrt.com; info@premiertrt.com,yes,ok,https://premiertrt.com,medspa,,4
PRIME Institute,primeinstitute.us,info@primeinstitute.us,concierge@primeinstitute.us; info@primeinstitute.us,yes,ok,https://primeinstitute.us,medspa,,3
"Prime Recovery & Wellness in Kansas City, MO",primerecoverywellness.com,info@primerecoverywellness.com,info@primerecoverywellness.com,yes,ok,https://primerecoverywellness.com,medspa,"bpc-157, tb-500, thymosin beta-4, thymosin alpha-1, nad+, ipamorelin",30
P-Shot Miami,pshotmiami.com,ninaguptamd@gmail.com,ninaguptamd@gmail.com,yes,ok,https://pshotmiami.com,medspa,,3
Phoenix Wellness and Rejuvenation,pwrlivewell.com,info@pwrlivewell.com,info@pwrlivewell.com,yes,ok,https://pwrlivewell.com,medspa,"bpc-157, ipamorelin, cjc-1295, epithalon, semax, ghk-cu",10
Rest Recovery Wellness JXN,re-wellness.com,clinic@re-wellness.com,clinic@re-wellness.com,yes,ok,https://re-wellness.com,medspa,,1
Nutricelula,reformemedicalspa.com,reformemedicalspa@gmail.com,reformemedicalspa@gmail.com,yes,ok,https://reformemedicalspa.com,medspa,semaglutide,3
RejuveCare Clinic & Medical Spa,rejuvecareclinic.com,info@rejuvecareclinic.com,info@rejuvecareclinic.com,yes,ok,https://rejuvecareclinic.com,medspa,"nad+, glutathione",8
Riverchase Dermatology,rejuvenate-ivhydration.com,rejuvenatemobileiv@gmail.com,rejuvenatemobileiv@gmail.com,yes,ok,https://rejuvenate-ivhydration.com,medspa,,3
Renewed Vitality and Wellness,renewedvitalityandwellness.com,support@renewedvitalityandwellness.com,support@renewedvitalityandwellness.com,yes,ok,https://renewedvitalityandwellness.com,medspa,"semaglutide, tirzepatide, bpc-157, tb-500, nad+, ipamorelin",23
Renew Medical CT,renewmedicalct.com,info@renewmedicalct.com,info@renewmedicalct.com; cj@renewmedicalct.com; 670-5001info@renewmedicalct.com,yes,ok,https://renewmedicalct.com,medspa,"semaglutide, tirzepatide",11
"SOHO Integrative Medicine in Bakersfield, CA",renovatebody.com,torabi888@gmail.com,torabi888@gmail.com,yes,ok,https://renovatebody.com,medspa,"nad+, glutathione",4
Ohio Regenerative Medicine,replenishandrenew.com,replenishandrenewyou@gmail.com,replenishandrenewyou@gmail.com,yes,ok,https://replenishandrenew.com,medspa,,1
Restore You,restore-you.com,info@restore-you.com,info@restore-you.com,yes,ok,https://restore-you.com,medspa,,4
"Restored Performance, Inc.",restoredperformance.com,info@restoredperformance.com,info@restoredperformance.com,yes,ok,https://restoredperformance.com,medspa,,2
"Retreat Wellness Concierge in Augusta, GA",retreatwellnessconcierge.com,info@retreatwellnessconcierge.com,info@retreatwellnessconcierge.com,yes,ok,https://retreatwellnessconcierge.com,medspa,,1
Revital Health and Wellness Clinics,revitalhealthclinics.com,%20smyrna@revitalhealthclinics.com,%20smyrna@revitalhealthclinics.com; smyrna@revitalhealthclinics.com,yes,ok,https://revitalhealthclinics.com,medspa,,3
"Revitavive I.V. Hydration in Mantua Township, NJ",revitavive.com,info@revitavive.com,info@revitavive.com,yes,ok,https://revitavive.com,medspa,,1
"RevivaBala in Schaumburg, IL",revivabala.com,info@revivabala.com,info@revivabala.com,yes,ok,https://revivabala.com,medspa,,2
"Revive IV Solutions in Yorktown, VA",reviveivsolutions.net,reviveivsolutionsteam@gmail.com,reviveivsolutionsteam@gmail.com,yes,ok,https://reviveivsolutions.net,medspa,glutathione,3
St Paul Clinic,revivemdmsp.com,info@revivemdmsp.com,info@revivemdmsp.com,yes,ok,https://revivemdmsp.com,medspa,,2
"Revive U Aesthetics in West Seneca, NY",reviveubuffalo.com,revive.u.aesthetics@gmail.com,revive.u.aesthetics@gmail.com,yes,ok,https://reviveubuffalo.com,medspa,"semaglutide, glutathione",4
"Revv Beauty and Infusion Clinic in Columbia, SC",revvbeautyandinfusion.com,hello@revvbeautyandinfusion.com,hello@revvbeautyandinfusion.com,yes,ok,https://revvbeautyandinfusion.com,medspa,"semaglutide, nad+, glutathione",7
Ritual Skin & Health,ritualslc.com,tinachante@ritualslc.com,tinachante@ritualslc.com,yes,ok,https://ritualslc.com,medspa,"semaglutide, tirzepatide",5
"Root Cause Integrative Wellness in Berea, OH",rootcauseintegrativewellness.net,contact@rootcauseintegrativewellness.net,contact@rootcauseintegrativewellness.net,yes,ok,https://rootcauseintegrativewellness.net,medspa,"nad+, glutathione",5
Royal Bliss Med Spa and Wellness Center,royalblissmedispa.com,royalblissmedspa@gmail.com,royalblissmedspa@gmail.com,yes,ok,https://royalblissmedispa.com,medspa,,2
"RSM Aesthetics in Little Rock, AR",rsmlr.com,info@rsmlr.com,info@rsmlr.com,yes,ok,https://rsmlr.com,medspa,glutathione,2
Schulte Wellness,schultewellness.com,admin@schultewellness.com,admin@schultewellness.com,yes,ok,https://schultewellness.com,medspa,,1
Lotus Medspa,services.lotus-medspa.com,info@lotus-medspa.com,info@lotus-medspa.com,yes,ok,https://services.lotus-medspa.com,medspa,,1
SHA Wellness Clinic,shawellness.com,sales@shawellness.com,sales@shawellness.com; careers@shawellness.com; wellnessclinic.reception@shawellness.com; receiving@shawellness.com; communications@shawellness.com; reservations@shawellness.com; careers.mx@shawellness.com; wellnessclinic.reception.mx@shawellness.com,yes,ok,https://shawellness.com,vendor,,1
Shelton Restorative Health,sheltonrestore.com,sheltonrestore@gmail.com,sheltonrestore@gmail.com,yes,ok,https://sheltonrestore.com,medspa,"bpc-157, tb-500, thymosin beta-4, nad+, sermorelin",7
Shore Parkway Wellness,shoreparkwaywellness.net,shoreparkwaywellness@gmail.com,shoreparkwaywellness@gmail.com,yes,ok,https://shoreparkwaywellness.net,medspa,"semaglutide, tirzepatide, retatrutide, bpc-157, tb-500, thymosin beta-4",20
Siblante,siblante.com,coordinator@siblante.com,coordinator@siblante.com,yes,ok,https://siblante.com,medspa,"nad+, glutathione",3
"Signature Vitality in Pittsburgh, PA",signaturevitality.net,signaturevitality1@gmail.com,signaturevitality1@gmail.com,yes,ok,https://signaturevitality.net/services,medspa,"nad+, glutathione",4
"Simply You Aesthetics & Wellness in Jeffersonville, IN",simplyyouaestheticsin.com,absolutelybeyoutiful@yahoo.com,absolutelybeyoutiful@yahoo.com,yes,ok,https://simplyyouaestheticsin.com,medspa,nad+,4
"Siren Glow Aesthetics in Augusta, GA",sirenglowaesthetics.com,info@sirenglowaesthetics.com,info@sirenglowaesthetics.com,yes,ok,https://sirenglowaesthetics.com,medspa,"semaglutide, tirzepatide",5
"Skin.Restored Medical Spa in Fresno, CA",skin-restored.com,info@skin-restored.com,info@skin-restored.com,yes,ok,https://skin-restored.com,medspa,GLP-1 weight loss peptides,2
"SkinFusion FX in Altoona, IA",skinfusionfx.com,nikki.skinfusionfx@gmail.com,nikki.skinfusionfx@gmail.com,yes,ok,https://skinfusionfx.com,medspa,,1
"SkinWell + Co. in Spokane, WA",skinwell.co,info@skinwell.co,info@skinwell.co,yes,ok,https://skinwell.co,medspa,nad+,2
"SkyBalance MedSpa in Schaumburg, IL",skybalancemedspa.com,skybalancemedspa@gmail.com,skybalancemedspa@gmail.com,yes,ok,https://skybalancemedspa.com,medspa,"semaglutide, nad+, glutathione",7
"Slim Drip Wellness & Spa in Cape Coral, FL",slimdripwellness.com,contact@slimdripwellness.com,contact@slimdripwellness.com,yes,ok,https://slimdripwellness.com,medspa,"semaglutide, tirzepatide",3
"SLK ESSENTIALS in San Jose, CA",slkessential.com,slkessential@gmail.com,slkessential@gmail.com; %20%20slkessential@gmail.com,yes,ok,https://slkessential.com,medspa,"semaglutide, tirzepatide, retatrutide, nad+, glutathione",10
"SM Drip Med Spa in San Juan Capistrano, CA",smdrip.com,smdripwellness@gmail.com,smdripwellness@gmail.com,yes,ok,https://smdrip.com,medspa,"semaglutide, nad+, ipamorelin, mots-c, pt-141, ghk-cu",13
Smithville Med Spa,smithvillemedspa.com,info@smithvillemedspa.com,info@smithvillemedspa.com; smithvillemedspa@gmail.com,yes,ok,https://smithvillemedspa.com,medspa,semaglutide,5
SOAR Wellness,soarwellness.net,info@soarwellness.net,info@soarwellness.net,yes,ok,https://soarwellness.net,medspa,,2
"SoFlo Drip in Miami Lakes, FL",soflodrip.com,iv-vitamins@soflodrip.com,iv-vitamins@soflodrip.com,yes,ok,https://soflodrip.com,vendor,"nad+, glutathione",3
"Sola Wellness in Brookfield, CT",solawellnessaesthetics.com,sola.wellnessaestheticsct@gmail.com,sola.wellnessaestheticsct@gmail.com,yes,ok,https://solawellnessaesthetics.com,medspa,"semaglutide, tirzepatide, bpc-157, tb-500, ghk-cu",7
"Sorella Medical Aesthetics in Penfield, NY",sorellaaestheticsny.com,sorellarochester@gmail.com,sorellarochester@gmail.com,yes,ok,https://sorellaaestheticsny.com,medspa,"semaglutide, tirzepatide, nad+, glutathione",11
"Source of Life IV and Wellness in Union, NJ",sourceoflifeiv.com,info@sourceoflifeiv.com,info@sourceoflifeiv.com,yes,ok,https://sourceoflifeiv.com,medspa,,1
"Speedy Hydration & Wellness in Evans, GA",speedyhydration.net,speedyhydration@gmail.com,speedyhydration@gmail.com,yes,ok,https://speedyhydration.net,medspa,,1
Stanford Medicine Partners Endocrinology Campbell,stanfordhealthcare.org,guestservices@stanfordhealthcare.org,guestservices@stanfordhealthcare.org; facilitiesservices@stanfordhealthcare.org; ims@stanfordhealthcare.org; healthlibrary@stanfordhealthcare.org,yes,ok,https://stanfordhealthcare.org,medspa,GLP-1 weight loss peptides,2
StemXgene,stemxgene.com,aa@stemxgene.com,impallari@gmail.com; aa@stemxgene.com,yes,ok,https://stemxgene.com,medspa,,3
"Apex Healthcare, LLC",sterlingcarehealth.com,info@sterlingcarehealth.com,info@sterlingcarehealth.com,yes,ok,https://sterlingcarehealth.com,medspa,,1
"Studio J: Medical Aesthetics, Wellness, IV Therapy, PLLC in Waynesvill",studiojaesthetics.com,contact@studiojaesthetics.com,contact@studiojaesthetics.com,yes,ok,https://studiojaesthetics.com,medspa,,1
"Sunrise Wellness and Aesthetics in Buda, TX",sunrisewellnessclinic.com,info@sunrisewellnessclinic.com,info@sunrisewellnessclinic.com,yes,ok,https://sunrisewellnessclinic.com,medspa,GLP-1 weight loss peptides,6
"SwiftDrip in Philadelphia, PA",swiftdrip.com,wellness@swiftdrip.com,wellness@swiftdrip.com,yes,ok,https://swiftdrip.com,medspa,,1
The Point: The Place for Acupuncture,tailoredbeautywellness.com,info@tailoredbeautywellness.com,info@tailoredbeautywellness.com,yes,ok,https://tailoredbeautywellness.com,medspa,"semaglutide, tirzepatide",3
Twin Cities Metabolism,tcmetabolism.com,info@tcmetabolism.com,info@tcmetabolism.com,yes,ok,https://tcmetabolism.com,medspa,GLP-1 weight loss peptides,2
"The Ark Medspa in New Albany, IN",thearkmedspa.com,hello@thearkmedspa.com,hello@thearkmedspa.com,yes,ok,https://thearkmedspa.com,medspa,glutathione,2
Blue Door Luxe Med Spa,thebluedoorspa.com,info@thebluedoorspa.com,info@thebluedoorspa.com,yes,ok,https://thebluedoorspa.com,medspa,GLP-1 weight loss peptides,3
"The Canary Community in Dallas, TX",thecanarywellnesscommunity.com,thecanarywellnesscommunity@gmail.com,thecanarywellnesscommunity@gmail.com,yes,ok,https://thecanarywellnesscommunity.com,medspa,glutathione,2
The Essential Face,theessentialface.com,info@theessentialface.com,info@theessentialface.com,yes,ok,https://theessentialface.com,medspa,,2
"The Fatigue Clinic in Collierville, TN",thefatigueclinic.com,fatigueclinic@yahoo.com,fatigueclinic@yahoo.com,yes,ok,https://thefatigueclinic.com,medspa,,2
The Functional Medicine MD: IV Therapy and Functional Medicine in Knox,thefunctionalmedicinemd.com,info@thefunctionalmedicinemd.com,info@thefunctionalmedicinemd.com,yes,ok,https://thefunctionalmedicinemd.com,medspa,,1
"The Glow Joint in Greensboro, NC",theglowjoint.com,info@theglowjoint.com,info@theglowjoint.com,yes,ok,https://theglowjoint.com,medspa,semaglutide,2
The Healthy Place Holistic Clinic,thehealthyplaceclinic.com,hello@thehealthyplaceclinic.com,hello@thehealthyplaceclinic.com,yes,ok,https://thehealthyplaceclinic.com,medspa,,1
"The House Fayetteville in Fayetteville, AR",thehousefayetteville.com,thehousefayetteville@gmail.com,thehousefayetteville@gmail.com,yes,ok,https://thehousefayetteville.com,medspa,,2
"The IV Garden in Newton, MA",theivgarden.com,info@theivgarden.com,info@theivgarden.com,yes,ok,https://theivgarden.com,medspa,nad+,2
"The IV Method in Spokane, WA",theivmethod.com,info@theivmethod.com,info@theivmethod.com,yes,ok,https://theivmethod.com,medspa,,1
"The Ivy Wellness in Lake Arrowhead, CA",theivywellnessla.com,theivylakearrowhead@gmail.com,theivylakearrowhead@gmail.com,yes,ok,https://theivywellnessla.com,medspa,glutathione,2
McKinzie Aesthetics Center,themacokc.com,info@themacokc.com,info@themacokc.com,yes,ok,https://themacokc.com,medspa,glutathione,5
Main Medical Aesthetics,themainmed.com,contact@themainmed.com,impallari@gmail.com; contact@themainmed.com,yes,ok,https://themainmed.com,medspa,glutathione,2
The Mark Men's Health,themarkmenshealth.com,baihama@themarkmenshealth.com,baihama@themarkmenshealth.com,yes,ok,https://themarkmenshealth.com,medspa,"semaglutide, tirzepatide, nad+, sermorelin, glutathione",9
the med spa,themedspa-wv.com,info@themedspa-wv.com,info@themedspa-wv.com; nfo@themedspa-wv.com,yes,ok,https://themedspa-wv.com,medspa,"semaglutide, tirzepatide",9
The Metabolic Institute,themetabolic-institute.com,info@themetabolic-institute.com,info@themetabolic-institute.com,yes,ok,https://themetabolic-institute.com,medspa,glutathione,3
"The Mist Wellness in Louisville, KY",themistwellness.com,info@themistwellness.com,info@themistwellness.com,yes,ok,https://themistwellness.com,medspa,"semaglutide, tirzepatide, nad+",7
M.M. Skin,themmskin.com,marina@themmskin.com,marina@themmskin.com,yes,ok,https://themmskin.com,medspa,GLP-1 weight loss peptides,2
"The Natural Path in Annapolis, MD",thenaturalpathnp.com,info@thenaturalpathnp.com,info@thenaturalpathnp.com,yes,ok,https://thenaturalpathnp.com,medspa,GLP-1 weight loss peptides,4
"The Sanctuary MD Wellness Center in Monroe, LA",thesanctuarymd.com,info@thesanctuarymd.com,info@thesanctuarymd.com,yes,ok,https://thesanctuarymd.com,medspa,"semaglutide, nad+",11
"The Vitality Co. in Spartanburg, SC",thevitalitycospartanburg.com,info@thevitalitycospartanburg.com,info@thevitalitycospartanburg.com,yes,ok,https://thevitalitycospartanburg.com,medspa,"tirzepatide, bpc-157, nad+, ipamorelin, cjc-1295, ghk-cu",11
"The Wellness Room in Knoxville, TN",thewellnessroomknox.com,thewellnessroomknox@gmail.com,thewellnessroomknox@gmail.com,yes,ok,https://thewellnessroomknox.com,medspa,,3
THM,thmclinic.com,info@thmclinic.com,info@thmclinic.com,yes,ok,https://thmclinic.com,medspa,"bpc-157, ipamorelin, sermorelin, pt-141",9
ThrIVe Concierge,thriveconcierge.org,info@thriveconcierge.org,info@thriveconcierge.org,yes,ok,https://thriveconcierge.org,medspa,"semaglutide, tirzepatide, nad+, glutathione",11
"Thrive Wellbeing in Battle Ground, WA",thriveinfusionsmedspa.com,thriveinfusionsmedspa@gmail.com,thriveinfusionsmedspa@gmail.com,yes,ok,https://thriveinfusionsmedspa.com,medspa,nad+,2
"ThrIVwell IV Lounge & Med Spa in Saugus, MA",thrivwellmed.com,tanya@thrivwellmed.com,tanya@thrivwellmed.com,yes,ok,https://thrivwellmed.com,medspa,"semaglutide, nad+, glutathione",10
"Tia Hydrate in Kennesaw, GA",tiahydrate.com,altheahydrates@tiahydrate.com,altheahydrates@tiahydrate.com,yes,ok,https://tiahydrate.com,medspa,"nad+, glutathione",4
"TIA Revitalize: Weight loss, Testosterone Replacement, IV Hydration in",tiarevitalize.com,info@tiarevitalize.com,info@tiarevitalize.com,yes,ok,https://tiarevitalize.com,medspa,"semaglutide, tirzepatide",16
Tier 1 Health and Wellness,tier1hw.com,podcast@tier1hw.com,podcast@tier1hw.com; wellness@tier1hw.com,yes,ok,https://tier1hw.com,medspa,,6
Top Tier TRT,toptiertrt.com,start@toptiertrt.com,ijos3ph@hotmail.com; start@toptiertrt.com,yes,ok,https://toptiertrt.com,medspa,,3
"Total Body Energy in Metairie, LA",totalbodyenergy.com,totalbodyenergy@gmail.com,totalbodyenergy@gmail.com,yes,ok,https://totalbodyenergy.com,medspa,,2
Total Men's Primary Care,totalmens.com,info@totalmens.com,info@totalmens.com,yes,ok,https://totalmens.com,medspa,"nad+, liraglutide",5
"Tox & Pout Aesthetics in Baldwinsville, NY",toxandpout.com,toxandpout@gmail.com,toxandpout@gmail.com,yes,ok,https://toxandpout.com,medspa,"semaglutide, tirzepatide",6
IV Shot Bar,tranquilitybar.com,info@tranquilitybar.com,info@tranquilitybar.com,yes,ok,https://tranquilitybar.com,medspa,,1
"The Regenerative Institute in Spokane, WA",tri-regen.com,info@tri-regen.com,info@tri-regen.com,yes,ok,https://tri-regen.com,medspa,glutathione,4
Triangle Functional Medicine + Dermatologic & Aesthetic Medicine,trianglefunctionalmedicine.com,info@trianglefunctionalmedicine.com,info@trianglefunctionalmedicine.com,yes,ok,https://trianglefunctionalmedicine.com,medspa,,3
TRT Men’s Clinic Wi,trtmensclinicwi.com,longevity@trtmensclinicwi.com,impallari@gmail.com; longevity@trtmensclinicwi.com,yes,ok,https://trtmensclinicwi.com,medspa,,1
"TrueBio Innovative Health + Wellness, PLLC in Winston-Salem, NC",truebiohealth.com,info@truebiohealth.com,amcneil@truebiohealth.com; info@truebiohealth.com,yes,ok,https://truebiohealth.com,medspa,,2
"TrueEssence Aesthetics in Saint James, NY",trueessenceli.com,info@trueessenceli.com,info@trueessenceli.com,yes,ok,https://trueessenceli.com,medspa,"semaglutide, tirzepatide",4
True Health Integrative Medicine,truehealthintegrativemedicine.com,admin@truehealthintegrativemedicine.com,admin@truehealthintegrativemedicine.com,yes,ok,https://truehealthintegrativemedicine.com,medspa,GLP-1 weight loss peptides,6
"Tru Functional Health in Rochester, NY",trufunctionalhealth.com,trufunctionalhealth@gmail.com,trufunctionalhealth@gmail.com,yes,ok,https://trufunctionalhealth.com,medspa,,1
About Face Medspa & Wellness,tryaboutface.com,wordpress@tryaboutface.com,wordpress@tryaboutface.com; sueinjects@tryaboutface.com,yes,ok,https://tryaboutface.com,medspa,GLP-1 weight loss peptides,5
Men's Vitality Center,tucson.mensvitalitycenter.com,eric@mensvitalitycenter.com,eric@mensvitalitycenter.com,yes,ok,https://tucson.mensvitalitycenter.com,medspa,,1
"UBEST Medical Aesthetics in Akron, OH",ubestoh.com,booking@ubestoh.com,booking@ubestoh.com,yes,ok,https://ubestoh.com,medspa,"semaglutide, glutathione",4
Ü Esthetics,uestheticsindy.com,hello@uestheticsindy.com,hello@uestheticsindy.com,yes,ok,https://uestheticsindy.com,medspa,,1
"Unique Glow Wellness & Medspa in Bethlehem, PA",uniqueglowwellness.com,julie@uniqueglowwellness.com,julie@uniqueglowwellness.com,yes,ok,https://uniqueglowwellness.com,medspa,glutathione,2
"UPGRADE Performance Institute in Omaha, NE",upgradepi.com,info@upgradepi.com,info@upgradepi.com,yes,ok,https://upgradepi.com,medspa,nad+,4
Ehden Medical Aesthetics,upstateofhealth.com,contact@upstateofhealth.com,contact@upstateofhealth.com,yes,ok,https://upstateofhealth.com,medspa,GLP-1 weight loss peptides,6
"Robert Cornell, MD, PA",urosurgeryhouston.com,drcornell@urosurgeryhouston.com,drcornell@urosurgeryhouston.com,yes,ok,https://urosurgeryhouston.com,medspa,,4
"V2 Medspa in Briarcliff Manor, NY",v2medspa.com,v2medspa@gmail.com,v2medspa@gmail.com,yes,ok,https://v2medspa.com,medspa,,2
"Vai Hydration Lounge in Seattle, WA",vaidration.com,info@vaidration.com,info@vaidration.com,yes,ok,https://vaidration.com,medspa,"semaglutide, tirzepatide, glutathione",7
"Valley Reset Studio in Baltimore, MD",valleyresetstudio.com,hello@valleyresetstudio.com,baltimore@valleyresetstudio.com; hello@valleyresetstudio.com,yes,ok,https://valleyresetstudio.com/contact,vendor,nad+,1
"Vanity Compound Medical Aesthetics in Huntington Beach, CA",vanitycompound.com,vc@vanitycompound.com,vc@vanitycompound.com,yes,ok,https://vanitycompound.com,medspa,"semaglutide, tirzepatide, thymosin alpha-1, nad+, glutathione, kpv",14
"Variations of Beauty Aesthetics & Wellness in Brandon, FL",variationsofbeautywellness.com,info@variationsofbeautywellness.com,info@variationsofbeautywellness.com,yes,ok,https://variationsofbeautywellness.com,medspa,"semaglutide, tirzepatide, glutathione",11
Veda Skin and Laser Detroit,vedaskinandlaser.com,lindseyrn@vedaskinandlaser.com,lindseyrn@vedaskinandlaser.com,yes,ok,https://vedaskinandlaser.com,medspa,"semaglutide, tirzepatide",5
VidaMD Wellness and Aesthetics,vidamdwa.com,info@vidamdwa.com,info@vidamdwa.com,yes,ok,https://vidamdwa.com,medspa,,1
"Vida pura I.V therapy in Austin, TX",vidapuraiv.com,vidapura.atx@gmail.com,vidapura.atx@gmail.com,yes,ok,https://vidapuraiv.com,medspa,glutathione,2
VIDA Aesthetic Medicine Salem,vidaskincare.com,lucia@vidaskincare.com,lucia@vidaskincare.com,yes,ok,https://vidaskincare.com,medspa,"semaglutide, tirzepatide",8
"Vida Wellness & Aesthetics, Inc. in Whittier, CA",vidawellness.co,info@vidawellness.co,raquelnp@vidawellness.co; info@vidawellness.co,yes,ok,https://vidawellness.co,medspa,"nad+, glutathione",7
"VIM Wellness Family Health NP in Nyack, NY",vimwellnessfnp.com,info@vimwellnessfnp.com,info@vimwellnessfnp.com,yes,ok,https://vimwellnessfnp.com,medspa,"nad+, glutathione",5
"Vira Medspa in Sugar Land, TX",viramedspa.com,info@viramedspa.com,info@viramedspa.com,yes,ok,https://viramedspa.com,medspa,nad+,2
"VitaFusion Doctors Lounge and Wellness in Vienna, VA",vitafusiondoctors.com,info@vitafusiondoctors.com,info@vitafusiondoctors.com,yes,ok,https://vitafusiondoctors.com,medspa,"nad+, glutathione",4
"Vita Hydration and Wellness in Worcester, MA",vitahydrationandwellness.com,alana@vitahydrationandwellness.com,alana@vitahydrationandwellness.com,yes,ok,https://vitahydrationandwellness.com,vendor,nad+,2
Vital Human Health,vitalhumanhealth.co,info@vitalhumanhealth.co,info@vitalhumanhealth.co,yes,ok,https://vitalhumanhealth.co,medspa,GLP-1 weight loss peptides,5
"Vital Hydration & Wellness in North Olmsted, OH",vitalhydrationandwellness.com,vitalhydrationandwellness@gmail.com,vitalhydrationandwellness@gmail.com,yes,ok,https://vitalhydrationandwellness.com,medspa,glutathione,4
"Vitalify in North Port, FL",vitalify.net,contact@vitalify.net,contact@vitalify.net,yes,ok,https://vitalify.net,medspa,GLP-1 weight loss peptides,5
"Vitalis-Health in Holland, MI",vitalis-health.com,info@vitalis-health.com,info@vitalis-health.com,yes,ok,https://vitalis-health.com,medspa,,2
"Vitality Eternal Med Spa in Chicago, Illinois in Oak Brook, IL",vitalityeternal.com,vitalityeternalmedspa@gmail.com,vitalityeternalmedspa@gmail.com,yes,ok,https://vitalityeternal.com,medspa,,1
"Vitality Infusion and Wellness Center in Denver, NC",vitalityinfusion.net,vitalityinfusion01@gmail.com,vitalityinfusion01@gmail.com,yes,ok,https://vitalityinfusion.net,medspa,,1
"Vitality IV Hydration in Council Bluffs, IA",vitalityivhydrationia.com,vitalityivhydration@gmail.com,vitalityivhydration@gmail.com,yes,ok,https://vitalityivhydrationia.com,medspa,,1
VitaMineral IV Therapy,vitamineralivtherapy.com,vitamineraldrip@gmail.com,vitamineraldrip@gmail.com,yes,ok,https://vitamineralivtherapy.com,medspa,"nad+, glutathione",4
"VitaOasis Infusion and Functional Wellness in Lexington, KY",vitaoasisinfusionwellness.net,vitaoasisinfusion@gmail.com,vitaoasisinfusion@gmail.com,yes,ok,https://vitaoasisinfusionwellness.net,medspa,,1
"Viva Medical-Hormone Optimization, Medical Weight Loss, Testosterone R",vivamedicalct.com,info@vivamedicalct.com,info@vivamedicalct.com,yes,ok,https://vivamedicalct.com,medspa,sermorelin,7
"vIVid Life Spa in Norwalk, IA",vividlifespa.com,info@vividlifespa.com,info@vividlifespa.com,yes,ok,https://vividlifespa.com,medspa,"semaglutide, nad+",6
"Vivo Infusion Albany in Albany, NY",vivoinfusion.com,info@vivoinfusion.com,info@vivoinfusion.com,yes,ok,https://vivoinfusion.com,medspa,,1
Vivoplus Clinic,vivoplusspa.com,admin@vivoplusspa.com,admin@vivoplusspa.com,yes,ok,https://vivoplusspa.com,medspa,"semaglutide, nad+",4
Injectable Solutions,vizbomedspa.com,vizbomedspa@gmail.com,vizbomedspa@gmail.com,yes,ok,https://vizbomedspa.com,medspa,,1
Walker Wellness,walkerwellnesssalem.com,tiffany@walkerwellnesssalem.com,tiffany@walkerwellnesssalem.com,yes,ok,https://walkerwellnesssalem.com,medspa,GLP-1 weight loss peptides,3
"Waves Hydration & Wellness Lounge in Ripon, CA",waveshydrationlounge.com,info@waveshydrationlounge.com,info@waveshydrationlounge.com,yes,ok,https://waveshydrationlounge.com,medspa,"nad+, glutathione",6
"WE Hydr8 Spa in Tampa, FL",wehydr8spa.com,wehydr8spa@yahoo.com,wehydr8spa@yahoo.com,yes,ok,https://wehydr8spa.com,medspa,,1
"Wellness Cube Health in Clinton, MD",wellnesscubehealth.com,info@wellnesscubehealth.com,info@wellnesscubehealth.com,yes,ok,https://wellnesscubehealth.com,medspa,GLP-1 weight loss peptides,3
Wellness on Delaware,wellnessondelaware.com,wellnessondelaware@gmail.com,wellnessondelaware@gmail.com,yes,ok,https://wellnessondelaware.com,medspa,"nad+, glutathione",5
"Wellness re-InVented IV Infusions & Vitamin Injections in Okemos, MI",wellnessre-invented.com,info@wellnessre-invented.com,info@wellnessre-invented.com; leslie@wellnessre-invented.com,yes,ok,https://wellnessre-invented.com,vendor,"semaglutide, tirzepatide, nad+, glutathione",11
"WellSpot IV in Owasso, OK",wellspotiv.com,team@wellspotiv.com,team@wellspotiv.com,yes,ok,https://wellspotiv.com,medspa,"nad+, glutathione",4
WholeBody Wellness Aesthetics,wholebodywa.com,office@wholebodywa.com,office@wholebodywa.com,yes,ok,https://wholebodywa.com,medspa,,1
St Louis Functional Medicine,wittmerrejuvenationclinic.com,info@reply.wittmerrejuvenationclinic.com,info@reply.wittmerrejuvenationclinic.com,yes,ok,https://wittmerrejuvenationclinic.com,medspa,"semaglutide, tirzepatide, bpc-157, tb-500, thymosin alpha-1, nad+",26
The Wellness Connection,womanuphrt.com,info@womanuphrt.com,info@womanuphrt.com,yes,ok,https://womanuphrt.com,medspa,GLP-1 weight loss peptides,4
"What the Wellness Healing Center in Rochester, NY",wtwiv.com,gethealthy@wtwiv.com,gethealthy@wtwiv.com,yes,ok,https://wtwiv.com,medspa,"semaglutide, tirzepatide, bpc-157, tb-500, thymosin beta-4, thymosin alpha-1",20
"XOXO Beauty Medspa & Wellness Refuge in Ventura, CA",xoxobeautymedspa.com,dana@xoxobeautymedspa.com,dana@xoxobeautymedspa.com,yes,ok,https://xoxobeautymedspa.com,medspa,glutathione,4
"YF Wellness in Lakeland, FL",yfwellness.fit,info@yfwellness.fit,info@yfwellness.fit,yes,ok,https://yfwellness.fit,vendor,nad+,2
"Your Best Life MD in York, PA",yourbestlifemd.com,info@yourbestlifemd.com,info@yourbestlifemd.com,yes,ok,https://yourbestlifemd.com,medspa,GLP-1 weight loss peptides,2
Your Health Physician's Office,yourhealth.org,experience@yourhealth.org,experience@yourhealth.org; recordsrequests@yourhealth.org; partnerships@yourhealth.org; recruitment@yourhealth.org; hr@yourhealth.org,yes,ok,https://yourhealth.org,medspa,,1
"Youth and Longevity , LLC",youthandlongevity.org,info@youthandlongevity.com,info@youthandlongevity.com,yes,ok,https://youthandlongevity.org,medspa,"semaglutide, bpc-157, cjc-1295, pt-141, aod-9604",8
Zen Regenerative Wellness,zeninfusionivtherapy.com,zeninfusionivtherapy@gmail.com,zeninfusionivtherapy@gmail.com,yes,ok,https://zeninfusionivtherapy.com,medspa,glutathione,2
Hormone Wellness Center of Austin,360jasmineacupuncture.com,,,,no_email,,vendor,,0
4Ever Young Med Spa & Wellness Center,4everyoungantiaging.com,,,yes,no_email,https://4everyoungantiaging.com,medspa,"semaglutide, tirzepatide",7
5 Elements Salon and Spa,5esalon.com,5elementsky@gmail.com,5elementsky@gmail.com,yes,no_peptides,https://5esalon.com,medspa,,0
Synergy Nutrition & Wellness (Williamsville) & Dr. Joe in Williamsvill,716synergy.com,,,yes,no_email,https://716synergy.com,medspa,,1
Dr. Syverain San Jose Weight Loss Clinic,800thin.com,,,,no_email,https://800thin.com,vendor,,0
Onyx Aesthetics & Sports Medicine,aamhclinic.com,,,,no_email,,vendor,,0
Joanna Injects Aesthetics,abcfu.myaestheticrecord.com,,,,no_email,https://abcfu.myaestheticrecord.com,medspa,,0
"Abilene Internal Medicine Associates, PLLC",abileneregional.com,,,,no_email,https://abileneregional.com,vendor,,0
Acupuncture And CranioSacral Therapy,abingtoncentermedispa.com,hello@abingtoncentermedispa.com,hello@abingtoncentermedispa.com,yes,no_peptides,https://abingtoncentermedispa.com/contact,medspa,,0
About Face Wellness & Medical Spa,aboutfacewellnessandmedicalspa.com,aboutfacecolumbia@gmail.com,aboutfacecolumbia@gmail.com,yes,already known,https://aboutfacewellnessandmedicalspa.com,medspa,"tirzepatide, nad+, glutathione",4
ABQ Beauty Lounge,abqbeautylounge.com,rachel@abqbeautylounge.com,rachel@abqbeautylounge.com; jenna@abqbeautylounge.com; angelrmyers@gmail.com,,no_peptides,https://abqbeautylounge.com,medspa,,0
Abraza Skin Studio,abrazaskinstudio.com,info@abrazaskinstudio.com,info@abrazaskinstudio.com,,no_us_signal,https://abrazaskinstudio.com,medspa,semaglutide,7
"Activate IV and Cryotherapy in Las Vegas, NV",activatelvwellness.com,,,,unreachable,,,,
Addiction Treatment Center of Atlanta LLC,acworthoutpatientdetox.com,,,yes,no_email,https://acworthoutpatientdetox.com,medspa,,0
Aesthetic Center at Woodholme,acwplasticsurgery.com,emilebrownmd@gmail.com,emilebrownmd@gmail.com,yes,no_peptides,https://acwplasticsurgery.com,medspa,,0
Advanced Aesthetics Skin Care Studio and Institute,advancedaestheticsskincarestudio.com,cassort55@gmail.com,cassort55@gmail.com,yes,no_peptides,https://advancedaestheticsskincarestudio.com,medspa,,0
Human Performance Clinic,advancedaestheticsusa.com,,,yes,no_email,https://advancedaestheticsusa.com,medspa,semaglutide,3
Advanced Clinics of Oklahoma,advancedclinicsok.com,405.632.4616advancedclinicsok@gmail.com,405.632.4616advancedclinicsok@gmail.com; advancedclinicsok@gmail.com,yes,already known,https://advancedclinicsok.com,medspa,GLP-1 weight loss peptides,5
Advanced Hormone Solutions,advancedhormonesolutions.com,,,,no_email,,vendor,,0
"ADVANCED PAIN MEDICINE, Morgantown WV",advancedpainmedicine.com,,,yes,no_email,https://advancedpainmedicine.com,medspa,,0
Advanced Skin,advancedskincarenh.com,,,,unreachable,,,,
Aesthete Aesthetics,aesthete-aesthetics.com,aesthetestudiospa@gmail.com,aesthetestudiospa@gmail.com; naesthetestudiospa@gmail.com,,no_peptides,https://aesthete-aesthetics.com,medspa,,0
Aesthetically Well,aestheticallywell.com,info@aestheticallywell.com,info@aestheticallywell.com,yes,no_peptides,https://aestheticallywell.com,medspa,,0
Snatched Aesthetic Wellness,aestheticclinicaustin.com,,,yes,no_email,https://aestheticclinicaustin.com,medspa,nad+,1
Stay Forever Young Spa,aestheticouture.com,info@aestheticouture.com,acmedspa@gmail.com; info@aestheticouture.com,yes,no_peptides,https://aestheticouture.com,medspa,,0
Pure Health Aesthetics & Wellness,aestheticsandwellness.com,,,,no_email,https://aestheticsandwellness.com,medspa,nad+,4
"Aesthetic Solutions NY: TMJ, Botox for Migraine, NAD+, Semaglutide, Ti",aestheticsolutionsny.com,,,yes,no_email,https://aestheticsolutionsny.com,medspa,"semaglutide, tirzepatide, glutathione",5
IPL Cheyenne,agelessmedical307.com,info@agelessmedical307.com,info@agelessmedical307.com,yes,no_peptides,https://agelessmedical307.com,medspa,,0
Longevity Medical Center / Hans D. Gruenn M.D.,agelessmenshealth.com,,,,unreachable,,,,
Ageless Skin Co. Gretna,agelessskinco.com,info@agelessskinco.com,info@agelessskinco.com,yes,no_peptides,https://agelessskinco.com,medspa,,0
Ageless Women's Health,agelesswomenshealth.com,,,,no_email,https://agelesswomenshealth.com,medspa,semaglutide,6
Age Management Optimal Wellness Center,agemanagementoptimalwellness.com,,,yes,no_email,https://agemanagementoptimalwellness.com,medspa,GLP-1 weight loss peptides,6
Accelerate Health Clinics,ah-clinics.com,,,yes,no_email,https://ah-clinics.com,medspa,"semaglutide, tirzepatide, bpc-157, tb-500, nad+, ipamorelin",26
Alternative Integrative Healthcare (AI Health Centers),aihealthcenters.com,,,,no_email,,vendor,,0
"Aiken Professional Association, LLC",aikenphysicians.com,,,yes,no_email,https://aikenphysicians.com,medspa,,0
Love Your Skin Esthetics LLC,aishawilliams.glossgenius.com,loveyourskinnesthetics@gmail.com,loveyourskinnesthetics@gmail.com,yes,no_peptides,https://aishawilliams.glossgenius.com,medspa,,0
Shiatsu Spa & Massage,ajkpt.myaestheticrecord.com,,,,no_email,https://ajkpt.myaestheticrecord.com,vendor,,0
"Carol Mitchell Springer, MD",akwomenshealth.com,awh@akwomenshealth.com,awh@akwomenshealth.com,yes,no_peptides,https://akwomenshealth.com,medspa,,0
Alegis Care,alaaegis.com,alaegishcm@gmail.com,alaegishcm@gmail.com,yes,no_peptides,https://alaaegis.com,medspa,,0
Alabama Regional Medical Services,alabamaarms.org,,,yes,no_email,https://alabamaarms.org,medspa,,0
Alabama Men's Clinic,alabamamensclinic.com,,,yes,no_email,https://alabamamensclinic.com,medspa,"semaglutide, liraglutide",5
"The DRIPBaR Alamo Heights in San Antonio, TX",alamo-heights.thedripbar.com,,,,no_email,,vendor,,0
"The DRIPBaR Alamo Ranch SATX in San Antonio, TX",alamo-ranch-satx.thedripbar.com,,,,no_email,,vendor,,0
"Chester Bradstreet, M.d.",alaska.providence.org,katie.marquette@providence.org,katie.marquette@providence.org,yes,no_peptides,https://alaska.providence.org,medspa,,0
"Alaska Infusion Therapy, Inc. in Juneau, AK",alaskagi.com,,,,unreachable,,,,
"Alivedripcenters in Fairview, TX",alivedrip.com,,,yes,no_email,https://alivedrip.com,medspa,"semaglutide, bpc-157, nad+, pt-141, aod-9604",8
AliveDrip Montclair,alivedripmedical.com,,,yes,no_email,https://alivedripmedical.com,medspa,"semaglutide, tirzepatide, bpc-157, tb-500, thymosin alpha-1, nad+",21
Thrive: the Aliveness Project Clinical Services,aliveness.org,info@aliveness.org,info@aliveness.org; thrive@aliveness.org; outreach@aliveness.org; volunteer@aliveness.org,yes,no_peptides,https://aliveness.org,medspa,,0
All that Jazz A Jalainna Ellis Salon and Spa,allthatjazzsalonspawy.com,,,yes,no_email,https://allthatjazzsalonspawy.com,medspa,,0
Almost Heaven Mobile Hydration,almostheavenmobilehydration.com,ahh.wellness.wv@gmail.com,ahh.wellness.wv@gmail.com,,no_us_signal,https://almostheavenmobilehydration.com,medspa,,2
Alpha Male Health and Testosterone Clinic,alphamalehealthandtestosteroneclinic.com,,,yes,no_email,https://alphamalehealthandtestosteroneclinic.com,medspa,,1
Alpha Male Restoration,alphamalerestoration.com,,,,no_email,https://alphamalerestoration.com,vendor,,0
Alpha Male Wellness & Therapy,alphamalewellness.com,,,yes,no_email,https://alphamalewellness.com,vendor,"bpc-157, nad+, pt-141, ghk-cu",8
AlphaMan Men's Health TRT & Weight Loss Clinic Los Angeles,alphamanclinic.com,,,,no_email,,vendor,,0
Alpha T Men’s Health,alphatmenshealth.com,jonpinhorn.typedesign@gmail.com,jonpinhorn.typedesign@gmail.com,,no_peptides,https://alphatmenshealth.com,medspa,,0
Altru Radiance,altruradiance.com,mechelle@altruradiance.com,mechelle@altruradiance.com,yes,no_peptides,https://altruradiance.com,medspa,,0
ALXS SKN GYM,alxsskngym.com,,,yes,no_email,https://alxsskngym.com,medspa,,0
Amazing Sculptz,amazingsculptz.com,amazingsculptz@yahoo.com,amazingsculptz@yahoo.com,yes,already known,https://amazingsculptz.com,medspa,"semaglutide, tirzepatide",6
"Americare Infusion Centers, LLC in Lewisville, TX",americaremedical.com,info@americaremedical.com,info@americaremedical.com,yes,no_peptides,https://americaremedical.com,medspa,,0
Amethyst Massage Therapy,amethystmassagesf.com,,,,no_email,https://amethystmassagesf.com,vendor,,0
A'Moore Aesthetics,amooreaesthetics.com,alexamoore@amooreaesthetics.com,alexamoore@amooreaesthetics.com,yes,no_peptides,https://amooreaesthetics.com,medspa,,0
"Anara Wellness in Fresno, CA",anarawellness.com,,,yes,no_email,https://anarawellness.com,medspa,"nad+, glutathione",10
Anatara Medicine,anataramedicine.com,,,yes,no_email,https://anataramedicine.com,medspa,,1
Anca Aesthetics Spa,ancaestheticspa.com,anca@ancaestheticspa.com,anca@ancaestheticspa.com,yes,no_peptides,https://ancaestheticspa.com/services,medspa,,0
"BIO MEDSPA • Medical Weight Loss, TRT, BHRT, Vitamin Therapy, Aesth...",andersonlongevityclinic.com,,,,no_email,https://andersonlongevityclinic.com,medspa,"sermorelin, pt-141",5
Angela Branch Skin Care,angelabranch.com,hello@angelabranch.com,impallari@gmail.com; bookings@angelabranch.com; hello@angelabranch.com,yes,no_peptides,https://angelabranch.com,vendor,,0
Angel Longevity Medical Center,angellongevity.com,,,yes,no_email,https://angellongevity.com,medspa,,0
"Angel Rose Aesthetics & Wellness in Hattiesburg, MS",angelroseaestheticsandwellness.com,,,,no_email,,vendor,,0
"Shivinder Deol, MD",antiagingwellnesscenter.com,,,,unreachable,,,,
"Dr. Natasha Fuksina AstraMDhealth Functional, Internal And Obesity...",antiagingwellnessmd.com,,,yes,no_email,https://antiagingwellnessmd.com,medspa,GLP-1 weight loss peptides,4
Absolute Health & Wellness,anu-wellness.com,,,,unreachable,,,,
Élevé Aesthetics and Wellness,app.joinmoxie.com,,,,no_email,https://app.joinmoxie.com,vendor,,0
"AquaMedics Mobile IV Hydration Services in Hampton, VA",aquamedicsmobileiv.com,,,yes,no_email,https://aquamedicsmobileiv.com,medspa,,1
"Aqua Spa Float Center & Wellness Boutique in Oswego, NY",aquaspafloatcenter.com,,,yes,no_email,https://aquaspafloatcenter.com,medspa,,1
Solcara Health,aquavitality.com,,,yes,no_email,https://aquavitality.com,medspa,"semaglutide, nad+, sermorelin, aod-9604, tirzepatide",17
Arcana,arcanamaine.com,knowledge@arcanamaine.com,knowledge@arcanamaine.com; events@arcanamaine.com,yes,no_peptides,https://arcanamaine.com,vendor,,0
Arc Beauty Lab,arcbeautylab.com,info@arcbeautylab.com,info@arcbeautylab.com,yes,no_peptides,https://arcbeautylab.com,medspa,,0
ARC Men's Health Services,arcmenshealthservices.com,,,yes,no_email,https://arcmenshealthservices.com,medspa,,0
Arete Aesthetic Rejuvention,aretemedspa.com,,,,no_email,https://aretemedspa.com,medspa,,0
wellnest MD,ariaspas.com,,,,unreachable,,,,
Ari Blanc Medical Spa,ariblancmedspa.com,hello@ariblancmedspa.com,hello@ariblancmedspa.com,yes,no_peptides,https://ariblancmedspa.com,medspa,,0
Arkansas Healing Arts Massage & Wellness,arkansashealingarts.com,arhealingarts@gmail.com,arhealingarts@gmail.com,yes,no_peptides,https://arkansashealingarts.com,vendor,,0
Arndt Aesthetics,arndtaesthetics.com,arndtaesthetics@gmail.com,arndtaesthetics@gmail.com,,no_peptides,https://arndtaesthetics.com,medspa,,0
Eden Massage and Spa Hawaii,artistrymedspa.co,,,,no_email,https://artistrymedspa.co,medspa,,0
The Art of Aesthetics Med Spa LLC,artofaestheticsmedspa.com,artofaestheticsmedspa@gmail.com,artofaestheticsmedspa@gmail.com,yes,no_peptides,https://artofaestheticsmedspa.com,medspa,,0
Testosterone Replacement Therapy: Dr. Christopher Asandra,asandramd.com,,,yes,no_email,https://asandramd.com,medspa,sermorelin,9
Ascending Wellness Massage Therapy,ascendingwellnessmassage.com,,,,no_email,,vendor,,0
Life Long Wellness Acupuncture & Chiropractic,aspireim.com,,,,unreachable,,,,
Assure Wellness Group Chesapeake VA,assurewellnessgroup.com,,,,no_email,https://assurewellnessgroup.com,vendor,,0
Atelier Med Spa Omaha,ateliermedspaomaha.com,ateliermedspaomaha@gmail.com,ateliermedspaomaha@gmail.com,yes,no_peptides,https://ateliermedspaomaha.com,medspa,,0
Atlanta Men's Health,atlantaclinicformen.com,,,,no_email,,vendor,,0
R & R Aesthetics,atlantaintegrativeandinternalmedicine.com,,,,no_email,,vendor,,0
Auxo,atlasmensclinic.com,,,,unreachable,,,,
Audubon Dermatology,audubondermatology.com,info@audubondermatology.com,info@audubondermatology.com; frontdeskmanager@audubondermatology.com; skincare@audubondermatology.com; skincaremanager@audubondermatology.com,yes,no_peptides,https://audubondermatology.com,medspa,,0
Associated Urologists of North Carolina,auncurology.com,,,,unreachable,,,,
"Lyle Biegler, MD",avera.org,,,,unreachable,,,,
Avery’s Health and Wellness,averysmedspa.org,averysmedspa@hotmail.com,averysmedspa@hotmail.com,yes,already known,https://averysmedspa.org,medspa,GLP-1 weight loss peptides,3
Avon Medical Practice,avonmd.com,,,yes,no_email,https://avonmd.com,medspa,,0
"Gameday Men's Health Granada Hills, CA",awakenwellnessandrecovery.com,info@awakenwellnessandrecovery.com,info@awakenwellnessandrecovery.com,yes,no_peptides,https://awakenwellnessandrecovery.com,vendor,,0
Iowa IV West,balancehormonecenter.com,,,,no_email,,vendor,,0
"Ageless Restoration in Norman, OK",balancehormoneoklahoma.com,,,yes,no_email,https://balancehormoneoklahoma.com,medspa,sermorelin,4
"Balance Of Life Clinic in Medina, OH",balanceoflifeclinic.com,,,yes,no_email,https://balanceoflifeclinic.com/contact-us,medspa,"nad+, glutathione",4
Balance Wellness,balancew.com,,,yes,no_email,https://balancew.com,medspa,,4
Banya 5,banya5.com,,,yes,no_email,https://banya5.com,vendor,,0
BareEssence Medical Spa: A Medical Pedicure Spa,bareessencemedspa.com,office@bareessencemedspa.com,office@bareessencemedspa.com,yes,no_peptides,https://bareessencemedspa.com,medspa,,0
Bare Haven,barehavenspa.com,,,,no_email,https://barehavenspa.com,vendor,,0
Bare Laser MedSpa,barelasermedspa.com,,,yes,no_email,https://barelasermedspa.com,medspa,,0
Barely Blushing,barelyblushingvt.com,,,,unreachable,,,,
Bare Medispa,baremedispa.com,baremedispa@gmail.com,baremedispa@gmail.com,yes,already known,https://baremedispa.com,medspa,"nad+, glutathione",4
BASK Detroit,baskdetroit.com,soak@baskdetroit.com,soak@baskdetroit.com,yes,no_peptides,https://baskdetroit.com,vendor,,0
"Bay Natural Medicine: Minna Yoon, Nd, Lac",baynaturalmedicine.com,,,yes,no_email,https://baynaturalmedicine.com,medspa,,0
AIRE Ancient Baths Chicago,beaire.com,,,,no_email,https://beaire.com/contact-us/,vendor,,0
Beautopia MedSpa,beautopiamedspanyc.com,,,,no_email,https://beautopiamedspanyc.com,vendor,,0
BBKR Med Spa,beautybarbykristinaruggerio.com,,,,no_email,https://beautybarbykristinaruggerio.com,medspa,,0
Beauty Renew,beautyrenewbismarck.com,,,yes,no_email,https://beautyrenewbismarck.com,medspa,,0
beem® Light Sauna,beemlightsauna.com,,,,no_email,https://beemlightsauna.com,vendor,,0
Begin SalonSpa,beginsalonspa.com,betsybegin@gmail.com,betsybegin@gmail.com,yes,already known,https://beginsalonspa.com,medspa,semaglutide,3
"The Indy Med Spa in Cleveland, OH",beindy.com,,,yes,no_email,https://beindy.com,medspa,nad+,4
Bella Salon & Spa,bellasalonspari.com,bellasalon114@yahoo.com,bellasalon114@yahoo.com,yes,no_peptides,https://bellasalonspari.com,vendor,,0
JoyRich Health Care Centers,bellevietoday.com,,,yes,no_email,https://bellevietoday.com,medspa,"semaglutide, nad+",7
Below Zero Cryo & Beauty,belowzerobeauty.com,belowzerobeautystudio@gmail.com,belowzerobeautystudio@gmail.com,yes,already known,https://belowzerobeauty.com,vendor,GLP-1 weight loss peptides,3
BeRejuved Medical Spa & Wellness Studio,berejuvednyc.zoca.com,berejuved@gmail.com,berejuved@gmail.com,yes,already known,https://berejuvednyc.zoca.com,medspa,GLP-1 weight loss peptides,4
"Best IV Drips- Mobile IV Therapy NYC in New York, NY",bestivdrips.com,,,,no_email,,vendor,,0
Cross Island Medical,bestmdny.com,,,yes,no_email,https://bestmdny.com/contact,medspa,GLP-1 weight loss peptides,2
Beyond The Surface Previously Known as Essenza by MD,beyondthesurfaceaesthetics.com,,,,unreachable,,,,
Beyond Wellness and Aesthetics,beyondthetox.com,,,,no_email,https://beyondthetox.com,medspa,,1
BHAV SPA,bhavspa.com,bhavspa@gmail.com,bhavspa@gmail.com,yes,no_peptides,https://bhavspa.com,vendor,,0
BIOGENA PLAZA Koppl near Salzburg,biogena.com,,,,no_email,https://biogena.com,medspa,,0
Stem Cell Therapy NYC,biograph.com,info@biograph.com,info@biograph.com,yes,no_peptides,https://biograph.com,medspa,,0
"Biohackr Health Palo Alto in Palo Alto, CA",biohackr.health,,,yes,no_email,https://biohackr.health,medspa,"semaglutide, nad+, sermorelin, glutathione",17
IV Wellness Lounge,biongevity.com,info@biongevity.com,info@biongevity.com; infodxb@biongevity.com; %20info@biongevity.com; %20infodxb@biongevity.com,yes,no_peptides,https://biongevity.com,medspa,,0
BioVitality,biovitalitywellness.com,,,yes,no_email,https://biovitalitywellness.com,medspa,"retatrutide, bpc-157, nad+, ghk-cu, glutathione",15
Pure Skin Aesthetic & Laser Center,bismarckbotox.com,,,yes,no_email,https://bismarckbotox.com,medspa,,0
Black Hills IV Wellness Spa,blackhillsiv.com,blackhillsiv@gmail.com,blackhillsiv@gmail.com,yes,already known,https://blackhillsiv.com,medspa,"nad+, glutathione",3
Blessed Beauty Boutique Phoenix Med Spa & Wellness Center,blessedbeautyaz.com,,,yes,no_email,https://blessedbeautyaz.com,medspa,"semaglutide, tirzepatide, glutathione",10
Bliss and Balance Med Spa,blissandbalancemedspa.com,,,yes,no_email,https://blissandbalancemedspa.com,medspa,glutathione,2
"Blissful Rejuvenation in Arcadia, FL",blissfulrejuvenation.com,info@blissfulrejuvenation.com,info@blissfulrejuvenation.com,yes,no_peptides,https://blissfulrejuvenation.com,vendor,,0
Blissful Relaxation Float Louisville & Spa,blissfulrelaxationfloat.com,team@blissfulrelaxationfloat.com,team@blissfulrelaxationfloat.com,yes,no_peptides,https://blissfulrelaxationfloat.com,vendor,,0
Blissfusion Wellness Lounge l Kansas City,blissfusionkc.com,,,,unreachable,,,,
Bodies of Atlanta l Post-Op Surgery Care l Weight Loss l IV Hydration,bodiesofatl.com,info@bodiesofatl.com,info@bodiesofatl.com,yes,no_peptides,https://bodiesofatl.com/services,vendor,,0
Body4Ever,body4ever.com,,,,unreachable,,,,
Body For Keeps,bodyforkeeps.com,,,,unreachable,,,,
BodyLogicMD of Milwaukee,bodylogicmd.com,,,,no_email,https://bodylogicmd.com,vendor,,0
INJX Aesthetics,bookinjx.com,,,yes,no_email,https://bookinjx.com,medspa,,0
Dr. Michelle S. Yusupov,boosthealthny.com,info@boosthealthny.com,info@boosthealthny.com,yes,no_peptides,https://boosthealthny.com,medspa,,0
"Boost Mode Spa in Chardon, OH",boostmodespa.com,info@boostmodespa.com,info@boostmodespa.com,yes,no_peptides,https://boostmodespa.com,medspa,,0
Boris Bobyr ANP,borisbobyrnp.com,bbobyrnpadultcare@gmail.com,bbobyrnpadultcare@gmail.com,yes,already known,https://borisbobyrnp.com,medspa,GLP-1 weight loss peptides,5
Boss Gal Beauty Bar,bossgalbeautybar.com,booking@bossgalbeautybar.com,booking@bossgalbeautybar.com,yes,no_peptides,https://bossgalbeautybar.com,medspa,,0
Bossladylashh,bossladylashheyelash.com,,,,unreachable,,,,
Lip Fillers by Viso Aesthetics,botoxandlipfillerschandler.com,staci@botoxandlipfillerschandler.com,staci@botoxandlipfillerschandler.com,yes,no_peptides,https://botoxandlipfillerschandler.com,medspa,,0
Craven Integrative,boutiquewellnessnc.com,,,yes,no_email,https://boutiquewellnessnc.com,medspa,semaglutide,6
BRADLEY DOUGLAS SALON SPA,bradleydouglassalonspa.com,,,yes,no_email,https://bradleydouglassalonspa.com,medspa,,0
Bridges Skin + Body,bridgesskinbody.com,www.bridgesspa@gmail.com,www.bridgesspa@gmail.com,yes,no_peptides,https://bridgesskinbody.com,vendor,,0
"Lisa Denny, M.d.",brownhealth.org,mpcl@brownhealth.org,mpcl@brownhealth.org; eyakirevich@brownhealth.org; dyang2@brownhealth.org; yxiao@brownhealth.org; akalinowski@brownhealth.org,yes,no_peptides,https://brownhealth.org,medspa,,0
LUX Med Spa,buckheadplasticsurgery.com,,,yes,no_email,https://buckheadplasticsurgery.com,medspa,"semaglutide, tirzepatide, nad+",8
Buffalo Weight Loss,buffaloaesthetics.com,,,yes,no_email,https://buffaloaesthetics.com,medspa,nad+,3
Testosterone Replacement Therapy Clinic,burickcenter.com,,,,no_email,,vendor,,0
Candessa Medical Spa,candessamedicalspa.com,,,,no_email,https://candessamedicalspa.com,vendor,,0
Caracalla Spa,caracalla.com,,,,unreachable,,,,
Cardinal Wellness and Aesthetics,cardinalagemanagement.com,,,,no_email,,vendor,,0
Carolina Hormone and Health,carolinahormoneandhealth.com,,,yes,no_email,https://carolinahormoneandhealth.com,medspa,"semaglutide, tirzepatide",11
Dr. Johanna Nazzar at Broward Acupuncture & Holistic Medicine,carolyngeorgemd.com,,,,no_email,,vendor,,0
"Hydrate Medical, IV Hydration Cary in Cary, NC",cary.hydratemedical.com,,,,no_email,,vendor,,0
Hydranova Skin & Wellness,casacontour.com,,,,no_email,https://casacontour.com,vendor,,0
Cascade Medical Wellness & Aesthetics,cascadewellnessca.com,,,,no_email,,vendor,,0
"Dr. Maria A. Atkins, DO",cecofne.com,,,yes,no_email,https://cecofne.com,medspa,"semaglutide, tirzepatide",6
Cedar and Stone Nordic Sauna,cedarandstonesauna.com,sales@cedarandstonesauna.com,office@cedarandstonesauna.com; sales@cedarandstonesauna.com,yes,no_peptides,https://cedarandstonesauna.com,vendor,,0
Cedar Creek Salon & Day Spa,cedarcreekspa.com,,,,no_email,,vendor,,0
Cendant Stem Cell Centers,cendanthealth.com,,,yes,no_email,https://cendanthealth.com,medspa,,1
The Center for Fertility and Gynecology,center4fertility.com,,,,no_email,https://center4fertility.com,vendor,,0
Center For Mens Health,center4menshealth.com,,,,unreachable,,,,
Center for Men,centerformen.com,,,yes,no_email,https://centerformen.com,medspa,,3
Valeo Health & Wellness Center,centers.osteostrong.me,,,,no_email,https://centers.osteostrong.me,vendor,,0
Central Park West Med Spa,centralparkwestmedspa.com,,,,unreachable,,,,
"Charleston Medical Spa in Charleston, SC",charlestonmedicalspa.com,,,yes,no_email,https://charlestonmedicalspa.com,medspa,"nad+, glutathione",5
Charleston Testosterone,charlestontestosterone.com,charlestontestosterone@gmail.com,charlestontestosterone@gmail.com,yes,already known,https://charlestontestosterone.com,medspa,glutathione,5
Charlotte Spa & Esthetics,charlottesspa.com,,,yes,no_email,https://charlottesspa.com/contact,medspa,,0
Charmed Medispa,charmedmedispa.com,,,,unreachable,,,,
CFR Aesthetics,chattanoogaface.com,info@chattanoogaface.com,info@chattanoogaface.com,yes,no_peptides,https://chattanoogaface.com,medspa,,0
Che'Tees Esthetics & Medspa,cheteesestheticsmedspa.as.me,,,,no_email,https://cheteesestheticsmedspa.as.me,medspa,,0
Spavia Day Spa,chicagoil.spaviadayspa.com,,,yes,no_email,https://chicagoil.spaviadayspa.com,vendor,,0
"Shrina Parekh, M.d.",chickasawnationhealth.net,,,yes,no_email,https://chickasawnationhealth.net,medspa,,0
The Grossgold Clinic,chillnoutclearwater.com,info@chillnoutclearwater.com,info@chillnoutclearwater.com,yes,no_peptides,https://chillnoutclearwater.com,vendor,,0
KÜR Modern Medical Aesthetics,chooseyourkur.com,,,yes,no_email,https://chooseyourkur.com,medspa,GLP-1 weight loss peptides,3
KANGXIN Yuan Massage Spa,claritywellnessspa.com,impallari@gmail.com,impallari@gmail.com,yes,no_peptides,https://claritywellnessspa.com/contact-us/,medspa,,0
"Tennessee Men's Clinic of Clarksville, Powered by Menspro™",clarksvillemensclinic.com,,,yes,no_email,https://clarksvillemensclinic.com,medspa,,0
Classique Queen Anne Spa,classiquespa.com,info@classiquespa.com,info@classiquespa.com,yes,no_peptides,https://classiquespa.com,vendor,,0
clear sky spa,clearskyspafairfield.com,,,,no_email,,vendor,,0
"Clemson IV Bar & Aesthetics in Clemson, SC",clemsonivbar.com,,,yes,no_email,https://clemsonivbar.com,medspa,,1
Cleopatra Medical Aesthetics,cleopatra-lasercenter.com,,,,no_email,,vendor,,0
Cliffwood Medical Aesthetics and Wellness,cliffwoodmedical.com,info@cliffwoodmedical.com,info@cliffwoodmedical.com,yes,no_peptides,https://cliffwoodmedical.com,medspa,,0
The DRIPBaR Clifton Park,clifton-park.thedripbar.com,,,,no_email,,vendor,,0
Clinic 5C,clinic5c.com,,,yes,no_email,https://clinic5c.com,medspa,,1
cloud studios,cloudstudios.glossgenius.com,,,,no_email,https://cloudstudios.glossgenius.com,medspa,GLP-1 weight loss peptides,2
CNS Infusions,cns-center.com,,,yes,no_email,https://cns-center.com,medspa,"nad+, glutathione",3
Coast Day Spa,coastdayspa.com,,,yes,no_email,https://coastdayspa.com,vendor,,0
"Ada Outpatient Clinic, Inc.",cofmc.com,,,yes,no_email,https://cofmc.com,medspa,,0
"CollectIV Bio Wellness in Colorado Springs, CO",collectivbiowellness.com,,,,no_email,,vendor,,0
"The DRIPBaR Colleyville in Colleyville, TX",colleyville.thedripbar.com,,,,no_email,,vendor,,0
Dr. Jones DC,coloradomedicalsolutions.com,,,,no_email,,vendor,,0
Downtown Dermatology,columbusdowntownderm.com,,,yes,no_email,https://columbusdowntownderm.com,medspa,,0
Complete Health at Green Oaks PLLC.,completehealthatgreenoaks.com,completehealthatgreenoaks@gmail.com,completehealthatgreenoaks@gmail.com,yes,already known,https://completehealthatgreenoaks.com,medspa,GLP-1 weight loss peptides,3
Complexion Nashville,complexionnashville.com,info@complexionnashville.com,info@complexionnashville.com,yes,no_peptides,https://complexionnashville.com,medspa,,0
Complexions SkinCare,complexions808.com,,,yes,no_email,https://complexions808.com,medspa,,0
Comprehensive Urology,comprehensive-urology.com,,,yes,no_email,https://comprehensive-urology.com,medspa,,1
Cool Body Sculpting Center,coolbodysculptingcenter.com,,,,no_email,https://coolbodysculptingcenter.com,vendor,,0
Carla Copas Health,copashealth.com,,,yes,no_email,https://copashealth.com,medspa,,4
Copper Valley Integrative Medicine and Wellness,coppervalleypc.com,,,yes,no_email,https://coppervalleypc.com,medspa,GLP-1 weight loss peptides,4
"Core IV Therapy in Herndon, VA",coreivtherapy.com,,,yes,no_email,https://coreivtherapy.com,medspa,"nad+, glutathione, kpv",10
Cosmetic Dermatology & Medispa of Newark,cosmeticdermatologymedispanj.com,,,,no_email,https://cosmeticdermatologymedispanj.com,vendor,,0
"Infusion Associates of Georgia in Cartersville, GA",cpsinfusion.com,,,yes,no_email,https://cpsinfusion.com,medspa,,1
Crafted Aesthetics,craftedaestheticsmt.com,craftedacademy@gmail.com,craftedacademy@gmail.com,yes,already known,https://craftedaestheticsmt.com,medspa,semaglutide,4
CR Health and Wellness,crhealthandwellness.com,,,yes,no_email,https://crhealthandwellness.com,medspa,,2
Invigorate Advanced Aesthetics,crhormonehealth.com,,,yes,no_email,https://crhormonehealth.com,medspa,,4
"The DRIPBaR Crofton in Crofton, MD",crofton-centre.thedripbar.com,,,,no_email,,vendor,,0
HeavenLee Float Spa,cryosi.com,,,,no_email,https://cryosi.com,vendor,kpv,2
Cosmetic Surgery Affiliates,csaok.com,,,yes,no_email,https://csaok.com,medspa,"semaglutide, tirzepatide",8
Cultivate Aesthetics,cultivateaesthetics.com,,,,no_email,https://cultivateaesthetics.com,medspa,,0
"Custom Quench Hydration & Wellness in Fernandina Beach, FL",customquench.com,,,,no_email,https://customquench.com,vendor,,0
"Abingdon Consultants, INC",cwebbconsulting.com,,,,no_email,,vendor,,0
Dallas Bioidentical Hormone Therapy,dallasbioidenticalhormonetherapy.com,,,yes,no_email,https://dallasbioidenticalhormonetherapy.com/contact-us,medspa,,0
Dartmouth Endocrinology LLC,dartmouthendocrinology.com,gbombassi@yahoo.com,gbombassi@yahoo.com,yes,no_peptides,https://dartmouthendocrinology.com,medspa,,0
Manhattan Integrative Medicine,davidborensteinmdny.com,,,yes,no_email,https://davidborensteinmdny.com,medspa,glutathione,3
Degree Wellness,degreewellness.com,,,yes,no_email,https://degreewellness.com,medspa,nad+,2
DEMI Med Spa,demimedspa.com,,,yes,no_email,https://demimedspa.com,medspa,,0
La Fontaine Aesthetics,denverfusionspa.com,,,yes,no_email,https://denverfusionspa.com,medspa,semaglutide,4
Denver Hormone Health,denverhormonehealth.com,,,yes,no_email,https://denverhormonehealth.com,medspa,oxytocin,4
Denver Laser Solutions,denverlasersolutions.com,info@denverlasersolutions.com,info@denverlasersolutions.com,yes,no_peptides,https://denverlasersolutions.com,medspa,,0
Dermanova Spa Jacksonville,dermanovaspajacksonville.com,dermanovajacksonville@gmail.com,dermanovajacksonville@gmail.com,yes,no_peptides,https://dermanovaspajacksonville.com,medspa,,0
Desert Sun Aesthetics,desertsunaesthetics.com,,,,unreachable,,,,
DESUAR DTLA Spa,desuar.com,,,yes,no_email,https://desuar.com,vendor,,0
"D'FlawlessBody Medspa PLLC in Windsor, CT",dfbmeddspa.com,,,,no_email,https://dfbmeddspa.com,medspa,,0
Bakersfield Internal Medicine Associates a Medical Corporation,dignityhealth.org,,,,no_email,https://dignityhealth.org,vendor,,0
Maya Medical Spa,divinemedspa.com,info@divinemedspa.com,info@divinemedspa.com,yes,no_peptides,https://divinemedspa.com,medspa,,0
"Dobson Health & Wellness in Winston-Salem, NC",dobsonhw.com,,,,no_email,https://dobsonhw.com,medspa,,0
"The DRIPBaR Doylestown in Doylestown, PA",doylestown.thedripbar.com,,,,no_email,,vendor,,0
"Sue DeCotiis, MD",drdecotiis.com,,,yes,no_email,https://drdecotiis.com,medspa,"semaglutide, tirzepatide, retatrutide, bpc-157, tb-500, thymosin beta-4",39
"Moshe Dekel, MD",drdekel.com,,,yes,no_email,https://drdekel.com,medspa,"bpc-157, ipamorelin, sermorelin, tesamorelin, cjc-1295, pt-141",12
"J. Kevin Duplechain, MD, FACS",drduplechain.com,,,yes,no_email,https://drduplechain.com,medspa,GLP-1 weight loss peptides,5
Dream Aesthetics & Wellness Center,dreamaestheticandwellness.com,,,yes,no_email,https://dreamaestheticandwellness.com,medspa,,1
Dream Spa & Salon,dreamdayspa.com,dreamspasalonwestport@gmail.com,dreamspasalonwestport@gmail.com,yes,no_peptides,https://dreamdayspa.com,vendor,,0
Ageless Men's Health,drgruenn.com,,,yes,no_email,https://drgruenn.com,medspa,GLP-1 weight loss peptides,3
vital life hormone replacement,drhrt.com,,,,unreachable,,,,
"Drip 33 IV Therapy in St. Peters, MO",drip33ivtherapy.com,,,yes,no_email,https://drip33ivtherapy.com,medspa,glutathione,2
"Drip Drop Health & Wellness, PLLC in Farmington, AR",dripdrophealthy.com,dripdrophealthy@gmail.com,dripdrophealthy@gmail.com; dripdrophealthynwa@gmail.com,yes,already known,https://dripdrophealthy.com,medspa,nad+,8
Drip HAUSE Weight Loss & Aesthetics Med Spa #1/ Weight Loss Semaglutid,driphausemedspa.com,,,yes,no_email,https://driphausemedspa.com,medspa,"semaglutide, tirzepatide, nad+, glutathione",7
Drip Hydration,driphydration.com,,,,unreachable,,,,
DripNeedle Med Spa,dripneedlemedspade.com,,,yes,no_email,https://dripneedlemedspade.com,medspa,,0
Drip Refresh Mobile IV Therapy,driprefreshmobileiv.com,info@driprefreshmobileiv.com,info@driprefreshmobileiv.com,,no_us_signal,https://driprefreshmobileiv.com,medspa,"semaglutide, nad+, glutathione",5
Jack Peterson M.D.,drjackpeterson.com,,,yes,no_email,https://drjackpeterson.com,medspa,,0
Magdaline Massage Spa,drspiro.com,,,yes,no_email,https://drspiro.com,medspa,,0
Dr. Alethea Eller,drwibbenmeyer.com,,,,no_email,,vendor,,0
ECHO Aesthetics,echoaestheticsaz.com,,,,unreachable,,,,
The Hands Of Eden Mobile Massage,edens207.com,thehandsofeden@gmail.com,thehandsofeden@gmail.com,,no_peptides,https://edens207.com,vendor,,0
Edina Plastic Surgery,edinaplasticsurgery.com,,,yes,no_email,https://edinaplasticsurgery.com,medspa,,0
Edina Skin Care Specialists,edinaskincare.com,edinaskincarespecialists@gmail.com,edinaskincarespecialists@gmail.com,yes,no_peptides,https://edinaskincare.com,medspa,,0
"The DRIPBar Edwardsville Glen Carbon in Glen Carbon, IL",edwardsville-glen-carbon.thedripbar.com,,,,no_email,,vendor,,0
Ehormones MD,ehormones.com,rendro87@gmail.com,rendro87@gmail.com,yes,already known,https://ehormones.com,medspa,GLP-1 weight loss peptides,5
ElaMar Nashville,elamarskin.com,,,yes,no_email,https://elamarskin.com,medspa,,0
ÉLAN Aesthetics,elan-aesthetics.com,training@elan-aesthetics.com,training@elan-aesthetics.com,yes,no_peptides,https://elan-aesthetics.com,medspa,,0
Elase Medical Spas,elase.com,,,,no_email,https://elase.com,medspa,"tb-500, ipamorelin, sermorelin, pt-141, glutathione, 5-amino-1mq",7
El Camino Men's Health,elcaminohospital.org,,,yes,no_email,https://elcaminohospital.org,medspa,,0
Elegantly Ageless Medical Spa,elegantlyagelessbeauty.com,,,yes,no_email,https://elegantlyagelessbeauty.com,medspa,GLP-1 weight loss peptides,3
Medical,elementmedicalspa.com,,,,no_email,,vendor,,0
Elevated Serenity Med Spa,elevatedserenitymedspa.com,info@elevatedserenitymedspa.com,info@elevatedserenitymedspa.com,yes,no_peptides,https://elevatedserenitymedspa.com,medspa,,0
Elevate Medical Spa,elevatemedispa.com,info@elevatemedispa.com,info@elevatemedispa.com,yes,no_peptides,https://elevatemedispa.com,medspa,,0
Elevate Wellness at Keepsake Kottage,elevatewellnessks.com,elevatewellnessatkeepsake@gmail.com,elevatewellnessatkeepsake@gmail.com,yes,already known,https://elevatewellnessks.com,medspa,"semaglutide, tirzepatide, glutathione",13
Elite Beauty Concepts,elitebeautyconcepts.com,,,,no_email,,vendor,,0
Elite Total Wellness,elitememphis.com,elitetotalwellness@gmail.com,elitetotalwellness@gmail.com,yes,already known,https://elitememphis.com,medspa,"semaglutide, tirzepatide, retatrutide, liraglutide, sermorelin, tesamorelin",17
Elysian Wellness and Aesthetics,elysianwellnessokc.com,,,yes,no_email,https://elysianwellnessokc.com,medspa,GLP-1 weight loss peptides,7
Embrace Wellness + Ageless Beauty,embracewellnessnd.com,,,yes,no_email,https://embracewellnessnd.com,medspa,GLP-1 weight loss peptides,3
VIO Med Spa,emergecryo.com,,,,no_email,https://emergecryo.com,vendor,,0
Emily Rockwell Skin Clinic,emilyrockwellskin.com,info@emilyrockwellskin.com,info@emilyrockwellskin.com,yes,no_peptides,https://emilyrockwellskin.com,medspa,,0
Empower Men's Health Clinic,empower-mens-health-clinic-llc.square.site,,,,no_email,,vendor,,0
Empowermed Clinic,empowermedclinic.com,,,yes,no_email,https://empowermedclinic.com,medspa,"semaglutide, tirzepatide, glutathione",6
Empower Wellness,empowerwellnesswi.com,,,,no_email,https://empowerwellnesswi.com,vendor,,1
"Jeffrey D Medland, LLC",endo.com,,,,no_email,https://endo.com,medspa,,0
EWell Center,endocrinewellnesscenter.com,,,,unreachable,,,,
"Endure Health and Wellness: Weight Loss, Testosterone, ED, PE, Vitamin",endure-health.com,,,yes,no_email,https://endure-health.com,vendor,,0
Ennu Fern Creek,ennu.co,,,yes,no_email,https://ennu.co,medspa,,0
Envista Medical,envistamedical.com,,,,no_email,,vendor,,0
Chicago Stem Cell Therapy and Exosomes,equinox.com,concierge@equinox.com,concierge@equinox.com; pr@equinox.com; cancellations@equinox.com,yes,no_peptides,https://equinox.com,vendor,,0
Eros Health,eroshealth.org,,,yes,no_email,https://eroshealth.org,medspa,GLP-1 weight loss peptides,3
Escape Massage Day Spa,escapemassagedayspa.com,,,yes,no_email,https://escapemassagedayspa.com,vendor,,0
Essential Kneads,essentialkneadsri.com,impallari@gmail.com,impallari@gmail.com,yes,no_peptides,https://essentialkneadsri.com,vendor,,0
Esthetica Medspa Louisville,estheticamedspa.com,,,yes,no_email,https://estheticamedspa.com,medspa,,0
Day Of Joy Day Spa,estheticbeautiquewellnessspa.com,,,,unreachable,,,,
Laser & Wellness Center,etherealaestheticsllc.com,,,,unreachable,,,,
EveryskinMD,everyskinmd.com,,,,unreachable,,,,
Evri Aesthetics,evriaesthetics.com,,,yes,no_email,https://evriaesthetics.com,medspa,GLP-1 weight loss peptides,5
Columbus Aesthetic & Plastic Surgery,experiencecaps.com,,,yes,no_email,https://experiencecaps.com,medspa,semaglutide,4
PALOMA,experiencepaloma.com,info@experiencepaloma.com,info@experiencepaloma.com; careers@experiencepaloma.com,yes,no_peptides,https://experiencepaloma.com,vendor,,0
Eternal Youth Medical Spa,eymsnm.com,,,yes,no_email,https://eymsnm.com,medspa,,2
"24-HOUR IV HYDRATION THERAPY "" NUTRIENT THERAPY"" (IV INFUSION LOUNGE)",faaamed.com,,,,unreachable,,,,
Face by Erin,facebyerin.com,,,,no_email,https://facebyerin.com,vendor,,0
FACE FOUNDRIÉ,facefoundrie.com,info@facefoundrie.com,info@facefoundrie.com,,no_peptides,https://facefoundrie.com,medspa,,0
Faces Med Spa,facesmedspa.com,,,yes,no_email,https://facesmedspa.com,medspa,,0
"The DRIPBaR Fairfield in Fairfield, CT",fairfield.thedripbar.com,,,,no_email,,vendor,,0
Leaf Spa Chicago,fairmont.com,,,,unreachable,,,,
Lazaderm,fargo.lazaderm.com,,,,unreachable,,,,
Fargo Center For Dermatology,fargoderm.com,ness@fargoderm.com,ness@fargoderm.com,yes,no_peptides,https://fargoderm.com,medspa,,0
"Farr Medical Group, Inc.",farrmedicalgroup.com,,,yes,no_email,https://farrmedicalgroup.com,medspa,,1
Fashion Point Spa,fashionpointspa.com,fashionpointspa@icloud.com,fashionpointspa@icloud.com,yes,no_peptides,https://fashionpointspa.com,vendor,,0
Fleur-De-Lis Aesthetics & Apothecary,fdlaesthetics.com,,,yes,no_email,https://fdlaesthetics.com,medspa,"semaglutide, tirzepatide, liraglutide",12
FEM Beauty VT,fembeautyvt.com,,,yes,no_email,https://fembeautyvt.com,vendor,,0
Finesse @The Atrium,finesseatrium.com,info@finesseatrium.com,info@finesseatrium.com,yes,no_peptides,https://finesseatrium.com,medspa,,0
Firm Medical Spa,firmmedicalspa.com,,,yes,no_email,https://firmmedicalspa.com,medspa,,0
FitFusion AR,fitfusionar.com,,,,no_email,,vendor,,0
Fit MD Weight Loss & Hormone Replacement,fitmdusa.com,,,yes,no_email,https://fitmdusa.com,medspa,"semaglutide, tirzepatide, ipamorelin, sermorelin, pt-141, glutathione",17
Hyperbaric Therapy Of Brook Park,flagcdn.com,,,,no_email,https://flagcdn.com,vendor,,0
IV Alabama,flaremd.com,,,,no_email,https://flaremd.com,medspa,,1
Float Milwaukee,floatmilwaukee.com,maddy@floatmilwaukee.com,maddy@floatmilwaukee.com; floatmkestaff@gmail.com,yes,no_peptides,https://floatmilwaukee.com,vendor,,0
Massage Float Spa 19,floatspa19.com,,,yes,no_email,https://floatspa19.com,vendor,,0
"Infusion Medical Center Inc. in Hialeah, FL",floridamedicalclinic.com,marketing@floridamedicalclinic.com,marketing@floridamedicalclinic.com,yes,no_peptides,https://floridamedicalclinic.com,medspa,,0
LiftMX Medical Aesthetics,flowmd.clinic,admin@flowmd.clinic,admin@flowmd.clinic,yes,no_peptides,https://flowmd.clinic,medspa,,0
Forge Cellular Medicine,forgecellularmedicine.com,,,yes,no_email,https://forgecellularmedicine.com,medspa,GLP-1 weight loss peptides,4
ThrIVe Drip Spa,form.typeform.com,,,,no_email,https://form.typeform.com,vendor,,0
Formula Wellness Fort Worth,formulawellness.com,,,yes,no_email,https://formulawellness.com,medspa,,1
LiveWell Clinic,fort-oglethorpe.thedripbar.com,,,,no_email,,vendor,,0
Hydrate IV Bar,fortcollins.hydrateivbar.com,,,,no_email,,vendor,,0
L&P Aesthetics,fortheface.com,,,,unreachable,,,,
"Foundation Health and Wellness, LLC.",foundationhw.com,,,yes,no_email,https://foundationhw.com,medspa,"semaglutide, tirzepatide",12
The Spa at Four Seasons Hotel Baltimore,fourseasons.com,,,,unreachable,,,,
"The DRIPBaR Foxboro in Foxborough, MA",foxboro.thedripbar.com,,,,no_email,,vendor,,0
"Tennessee Men's Clinic of Franklin, Powered by Menspro™",franklinmensclinic.com,,,yes,no_email,https://franklinmensclinic.com,medspa,GLP-1 weight loss peptides,3
"Freedom Medical Center in Fortville, IN",freedom-medical.com,,,,no_email,https://freedom-medical.com,vendor,GLP-1 weight loss peptides,2
Freedom Hormone Therapy,freedomhormonetherapy.com,,,yes,no_email,https://freedomhormonetherapy.com,medspa,,0
"Fresh IV Drips-Mobile IV Therapy NYC in New York, NY",freshivdrips.com,,,,no_email,https://freshivdrips.com,medspa,,1
"Fresno Holistic Medicine: Setareh Tais ND in Fresno, CA",fresnoholisticmedicine.com,info@fresnoholisticmedicine.com,info@fresnoholisticmedicine.com,yes,no_peptides,https://fresnoholisticmedicine.com,medspa,,0
Front Range Wellness & Aesthetics,frontrangewellnessaesthetics.com,,,,no_email,,vendor,,0
The Covery,fullcirclehealthservices.org,fullcirclehealthservices9@gmail.com,fullcirclehealthservices9@gmail.com,yes,already known,https://fullcirclehealthservices.org,medspa,"semaglutide, tirzepatide, nad+, glutathione",10
The Med Spa by Futalo Aesthetics,futaloaesthetics.com,,,yes,no_email,https://futaloaesthetics.com,medspa,,1
Garden Retreat MedSpa: The Future of Anti-Aging,gardenretreat-pa.com,jonpinhorn.typedesign@gmail.com,jonpinhorn.typedesign@gmail.com; amkryukov@gmail.com,yes,no_peptides,https://gardenretreat-pa.com,medspa,,0
"Geaux Flow IV Spa in Baton Rouge, LA",geauxflowiv.com,,,yes,no_email,https://geauxflowiv.com,medspa,glutathione,1
Gem Aesthetics and Wellness,gemmissoula.com,,,,no_email,,vendor,,0
Generational Health by Adult Health,generationalhealthbyadulthealth.org,generationalhealth.adult@gmail.com,generationalhealth.adult@gmail.com,yes,already known,https://generationalhealthbyadulthealth.org,medspa,"semaglutide, tirzepatide, glutathione",7
Genesis Lifestyle Medicine,genesislifestylemedicine.com,,,,unreachable,,,,
Genesys Medical Institute,genesysinstitute.com,,,yes,no_email,https://genesysinstitute.com,medspa,GLP-1 weight loss peptides,3
Genesys Men's Health,genesysmenshealth.com,,,yes,no_email,https://genesysmenshealth.com,medspa,,1
Balanced Health and Wellness PLC,geniferchavezmd.com,,,yes,no_email,https://geniferchavezmd.com,medspa,,2
Gent's Doctor,gentsdoctor.com,,,,no_email,,vendor,,0
The Longevity Lab,getvitawellness.com,,,yes,no_email,https://getvitawellness.com,medspa,"semaglutide, tirzepatide, glutathione",7
G&G Med Spa at Gillespie Plastic Surgery,ggmedispa.com,ggmedspa@gmail.com,ggmedspa@gmail.com,yes,already known,https://ggmedispa.com,medspa,"semaglutide, glutathione",6
"GIV Wellness-Mobile IV Therapy in Huntersville, NC",givwellness.co,,,,no_email,,vendor,,0
"Glamour Medspa in Riverside, CA",glamourmed-spa.com,,,,no_email,,vendor,,0
Glitzy MD Denver Weight Loss,glitzymedicalspa.com,,,yes,no_email,https://glitzymedicalspa.com,medspa,"semaglutide, tirzepatide, nad+, sermorelin",12
GLO30 Charlotte Park Road,glo30.com,franchise@glo30.com,franchise@glo30.com,,no_us_signal,https://glo30.com,medspa,kpv,2
Global Spas & Stoves,globalspas.net,info@globalspas.net,info@globalspas.net,yes,no_peptides,https://globalspas.net,vendor,,0
GLO DERMA Aesthetics & Wellness,gloderma.com,clientservices@gloderma.com,clientservices@gloderma.com,yes,no_peptides,https://gloderma.com,medspa,,0
GLO SPA,glospaslc.com,,,,no_email,https://glospaslc.com,vendor,,0
GLOW Aesthetic Clinic,glowaestheticclinic.com,northdakotaskin@gmail.com,northdakotaskin@gmail.com,,no_us_signal,https://glowaestheticclinic.com,medspa,GLP-1 weight loss peptides,3
Glow Getter,glowgetterny.com,glowgettersalon@gmail.com,glowgettersalon@gmail.com,yes,no_peptides,https://glowgetterny.com,medspa,,0
Glow Aesthetic Center Med Spa,glowmedspaencino.com,,,yes,no_email,https://glowmedspaencino.com,medspa,"semaglutide, tirzepatide, nad+",7
Glow Med Spa,glowmedspalumberton.com,,,,no_email,,vendor,,0
"GlowVita Med Spa Edgewater in Miami, FL",glowvitaclinic.com,,,,no_email,,vendor,,0
"Greg Barme, MD",goldengateurology.com,,,yes,no_email,https://goldengateurology.com,medspa,,1
Solset Wellness,goldengoddessmedicalspa.com,,,,no_email,,vendor,,0
Good Medicine Acupuncture & Massage,goodmedicinemt.com,,,yes,no_email,https://goodmedicinemt.com,medspa,,0
"The Ripple Effect IV & Aesthetics in Mason, OH",gorippleeffect.com,impallari@gmail.com,impallari@gmail.com,yes,already known,https://gorippleeffect.com,medspa,semaglutide,3
"Vida-Flo Brookhaven in Brookhaven, GA",govidaflo.com,,,yes,no_email,https://govidaflo.com,medspa,nad+,3
Grace & Glow,graceandglowict.com,,,,no_email,https://graceandglowict.com,medspa,,1
The Grand Spa,grandamerica.com,,,yes,no_email,https://grandamerica.com,vendor,,0
Gray Aesthetics and Wellness,grayaesthetics.net,info@grayaesthetics.net,impallari@gmail.com; info@grayaesthetics.net,yes,no_peptides,https://grayaesthetics.net/contact-us/,medspa,,0
"Kenneth Raskin, M.D",greatlakesintegrativemed.com,,,yes,no_email,https://greatlakesintegrativemed.com,medspa,"semaglutide, tirzepatide, bpc-157, ipamorelin, sermorelin, tesamorelin",20
Great Shot,greatshothealth.com,,,yes,no_email,https://greatshothealth.com,medspa,nad+,5
Green Leaf Spa Salon,greenleafspasalon.com,,,,no_email,,vendor,,0
"The DRIPBaR Greenville in Greenville, SC",greenville.thedripbar.com,,,,no_email,,vendor,,0
Greenville Age Management Medicine Institute,greenvilleagemanagement.com,,,yes,no_email,https://greenvilleagemanagement.com,medspa,,0
Greenwich Hormones LLC,greenwichhormonereplacementtherapy.com,,,yes,no_email,https://greenwichhormonereplacementtherapy.com,medspa,oxytocin,3
"Gulf Coast Aesthetic Center, LLC",gulfcoastaestheticcenter.com,,,yes,no_email,https://gulfcoastaestheticcenter.com,medspa,,0
Hair Success Salon & Spa,hairsuccesssalons.com,info@hairsuccesssalons.com,info@hairsuccesssalons.com,yes,no_peptides,https://hairsuccesssalons.com,medspa,,0
Halo Integrative Wellness & Aesthetics,halowellnessandaesthetics.com,,,,no_email,,vendor,,0
"The DRIPBaR Hammond in Hammond, LA",hammond.thedripbar.com,,,,no_email,,vendor,,0
Hand & Stone Massage and Facial Spa,handandstone.com,,,,no_email,https://handandstone.com,medspa,,0
"Hangover Heaven IV Hydration in Las Vegas, NV",hangoverheaven.com,,,yes,no_email,https://hangoverheaven.com,medspa,"nad+, glutathione",3
Happy Hormones MD,happyhormonesmd.com,,,,no_email,https://happyhormonesmd.com,medspa,GLP-1 weight loss peptides,5
Happy Juice IV And Beauty,happyjuiceiv.com,,,,no_email,https://happyjuiceiv.com,vendor,,0
Harley True,harleytrue.com,,,yes,no_email,https://harleytrue.com,medspa,,0
Harmony on Hope Therapeutic Massage,harmonyonhopemassage.com,wecare@harmonyonhopemassage.com,wecare@harmonyonhopemassage.com,yes,no_peptides,https://harmonyonhopemassage.com/contact,vendor,,0
Tallwood Men's Health,hartfordhealthcare.org,,,yes,no_email,https://hartfordhealthcare.org,medspa,GLP-1 weight loss peptides,2
Haus of You,hausaesthetics.com,brandi@hausaesthetics.com,brandi@hausaesthetics.com,yes,no_peptides,https://hausaesthetics.com,medspa,,0
Hazel & Honey Beauty Co.,hazelhoneybeauty.com,,,yes,no_email,https://hazelhoneybeauty.com,medspa,tirzepatide,2
Skin Attraction,hbc-hi.com,,,yes,no_email,https://hbc-hi.com,medspa,,0
Head To Toe Day Spa,head2toedayspa.com,h2t@head2toedayspa.com,h2t@head2toedayspa.com,yes,no_peptides,https://head2toedayspa.com,medspa,,0
Healing Hands & Heart LLC,healinghandsandheartllc.com,,,yes,no_email,https://healinghandsandheartllc.com,vendor,,0
H2O Health,healthhydrationoasis.com,,,yes,no_email,https://healthhydrationoasis.com,medspa,"bpc-157, tb-500, thymosin alpha-1, ipamorelin, tesamorelin, cjc-1295",13
Idaho Health and Hormones,healthnhormones.com,,,yes,no_email,https://healthnhormones.com,medspa,GLP-1 weight loss peptides,7
Healthy Beauty,healthybeautywellnessspa.com,info@healthybeautywellnessspa.com,info@healthybeautywellnessspa.com,yes,no_peptides,https://healthybeautywellnessspa.com,medspa,,0
"Healthy Daes Naturopathic Medical Center: Daemon Jones, Nd",healthydaes.com,,,yes,no_email,https://healthydaes.com,medspa,,0
Hello Beautiful Wellness Spa,hellobeautifular.com,,,yes,no_email,https://hellobeautifular.com,vendor,,0
Hello Lovely Skin & Beauty,hellolovelyskinandbeauty.com,,,,no_email,https://hellolovelyskinandbeauty.com,vendor,,0
MAEVA Aesthetics,hellomaeva.com,,,yes,no_email,https://hellomaeva.com,medspa,,0
"Hello Nurse, LLC in Bothell, WA",hellonurse-llc.com,,,yes,no_email,https://hellonurse-llc.com,medspa,"semaglutide, tirzepatide, nad+",6
Hello Skin Medspa,helloskinmedspa.com,,,,unreachable,,,,
Hempstead Testosterone Replacement Therapy Clinic,hempstead.trtlocalexpert.com,,,,no_email,https://hempstead.trtlocalexpert.com/contact,vendor,,0
"Jason Bell, D.o.",hendrickhealth.org,,,yes,no_email,https://hendrickhealth.org,medspa,,0
Hilton Head Medical Spa,hhmedicalspa.com,jlhhispa@gmail.com,jlhhispa@gmail.com,,no_peptides,https://hhmedicalspa.com,medspa,,0
Hidden Gem Luxury Beauty Apothecary,hiddengemluxury.com,ashlie@hiddengemluxury.com,ashlie@hiddengemluxury.com; hiddengemluxury@gmail.com,yes,no_peptides,https://hiddengemluxury.com,medspa,,0
Hidration IV & Wellness Spa & Vibe Wellness,hidrationiv.com,,,yes,no_email,https://hidrationiv.com,medspa,"semaglutide, tirzepatide, nad+",11
"Hi, Finch",hifinch.com,info@hifinch.com,info@hifinch.com; hello@hifinch.com,yes,no_peptides,https://hifinch.com,medspa,,0
Highland Skin & Laser,highlandskinandlaser.com,info@highlandskinandlaser.com,info@highlandskinandlaser.com,yes,no_peptides,https://highlandskinandlaser.com,vendor,,0
Hjem Aesthetics,hjemaesthetics.com,info@hjemaesthetics.com,erin@hjemaesthetics.com; info@hjemaesthetics.com,,no_peptides,https://hjemaesthetics.com,medspa,,0
Holden Timeless Beauty Carlsbad,holdentimelessbeauty.com,,,yes,no_email,https://holdentimelessbeauty.com,medspa,,0
HOLOS MedSpa,holosmedspa.com,,,yes,no_email,https://holosmedspa.com,medspa,,2
"Hone Into Wellness in Sarasota, FL",honeintowellness.com,honeintowellness@gmail.com,honeintowellness@gmail.com; jacquimolinarn@gmail.com,yes,already known,https://honeintowellness.com,medspa,"nad+, glutathione",8
HoneMD Med Spa Torrance,honemdspa.com,service@honemdspa.com,service@honemdspa.com,yes,no_peptides,https://honemdspa.com,medspa,,0
Honey Aesthetics Clinic,honeyaesthetics.com,,,yes,no_email,https://honeyaesthetics.com,medspa,,1
Honey Glow Aesthetics KC,honeyglowaestheticskc.square.site,,,,unreachable,,,,
Honey Skincare Studio,honeyskincarestudio.com,info@honeyskincarestudio.com,info@honeyskincarestudio.com,yes,no_peptides,https://honeyskincarestudio.com,medspa,,0
Honolulu Spa And Wellness,honoluluspaandwellness.com,aloha@honoluluspaandwellness.com,aloha@honoluluspaandwellness.com,yes,no_peptides,https://honoluluspaandwellness.com,medspa,,0
Hope MedSpa MD,hopemedspa.com,hopemedspa@yahoo.com,hopemedspa@yahoo.com,yes,no_peptides,https://hopemedspa.com,medspa,,0
Horizon Med Spa and Wellness,horizonmedspaandwellness.com,info@horizonmedspaandwellness.com,info@horizonmedspaandwellness.com,,no_peptides,https://horizonmedspaandwellness.com,medspa,,0
Horizons Of Health,horizonsofhealth.com,,,,no_email,,vendor,,0
The Hormone Center,hormonecenter.net,,,,no_email,,vendor,,0
Hormone Health & Weight Loss of Colorado Springs,hormonehealthandweightloss.com,support@hormonehealthandweightloss.com,support@hormonehealthandweightloss.com,,no_us_signal,https://hormonehealthandweightloss.com,medspa,GLP-1 weight loss peptides,6
"Vanessa Ramirez, FNP-BC, HRT",hormonereplacementdayton.com,,,,unreachable,,,,
Hormones + Wellness by SDBotox,hormonesbysdb.com,,,yes,no_email,https://hormonesbysdb.com,medspa,nad+,7
The Spa at Hotel 1000,hotel1000seattle.com,,,,no_email,https://hotel1000seattle.com,vendor,,0
Hothouse Spa & Sauna,hothousespa.com,admin@hothousespa.com,admin@hothousespa.com,yes,no_peptides,https://hothousespa.com,vendor,,0
Justin Houman MD L Cedars-Sinai Urology L Erectile Dysfunction L Male,houmanmd.com,,,yes,no_email,https://houmanmd.com,medspa,pt-141,5
Hourglass Aesthetics & Wellness,hourglasslex.com,,,,no_email,,vendor,,0
Hourglass Aesthetics,hourglassmedicalspa.com,,,yes,no_email,https://hourglassmedicalspa.com,medspa,,2
House Of Beauty Med Spa,houseofbeautymedspa.com,,,yes,no_email,https://houseofbeautymedspa.com,medspa,,0
House of Beauty by KT Aesthetics,houseofbeautyxkt.com,concierge@houseofbeautyxkt.com,concierge@houseofbeautyxkt.com,yes,no_peptides,https://houseofbeautyxkt.com,medspa,,0
House of Kels,houseofkels.com,info@houseofkels.com,info@houseofkels.com; kelsey@houseofkels.com,yes,no_peptides,https://houseofkels.com,medspa,,0
House of Koz,houseofkoz.co,,,,no_email,https://houseofkoz.co,vendor,,0
House of Laser,houseoflaserla.com,,,yes,no_email,https://houseoflaserla.com,vendor,,1
house of preservation,houseofpreservation.com,,,yes,no_email,https://houseofpreservation.com,medspa,,0
"The DRIPBaR Houston Heights in Houston, TX",houston-heights.thedripbar.com,,,,no_email,,vendor,,0
Houston Injections Medspa,houstoninjectionsmedspa.com,,,,no_email,,vendor,,0
Huddle Men's Health TRT Clinic,huddlemenshealth.com,,,yes,no_email,https://huddlemenshealth.com,medspa,"semaglutide, sermorelin",12
K Bella Medi Spa,huemedspa.com,info@huemedspa.com,info@huemedspa.com; infobellevue@huemedspa.com; nfobellevue@huemedspa.com; infobeavercreek@huemedspa.com,yes,no_peptides,https://huemedspa.com,medspa,,0
HueVine Wellness + MedSpa,huevinemedspa.com,,,,unreachable,,,,
Hugh Spa,hughspa.com,,,,no_email,,vendor,,0
Huntington Med Spa,huntingtonmedspa.com,,,yes,no_email,https://huntingtonmedspa.com,medspa,,2
Hush Medical Aesthetics,hushmedical.com,hushmedical@gmail.com,hushmedical@gmail.com,yes,no_peptides,https://hushmedical.com,medspa,,0
Nfrancoisbeauty_ Cosmetic&Med Spa Studio,hwhbot.com,contact@hwhbot.com,liliana@hwhbot.com; contact@hwhbot.com,yes,no_peptides,https://hwhbot.com/contact,medspa,,0
Hollywood Wellness Med Spa,hwmspa.com,hollywoodmedspa2023@gmail.com,hollywoodmedspa2023@gmail.com; hollywoodwellnesslv@gmail.com,yes,no_peptides,https://hwmspa.com,medspa,,0
Elaia Spa,hyatt.com,,,,unreachable,,,,
"Hydralive Therapy Clermont in Clermont, FL",hydralivetherapy.com,,,yes,no_email,https://hydralivetherapy.com,medspa,"nad+, ipamorelin, sermorelin, tesamorelin, mots-c, ghk-cu",13
"Hydrate2O of Doylestown in Doylestown, PA",hydrateiv.com,,,yes,no_email,https://hydrateiv.com,medspa,,1
Hydrate IV Bar,hydrateivbar.com,,,,no_email,,vendor,,0
Hydrate Medical,hydratemedical.com,,,,no_email,,vendor,,0
Hydrate Me Medspa,hydratememedspa.com,,,yes,no_email,https://hydratememedspa.com,medspa,"semaglutide, tirzepatide, nad+, glutathione",12
"Hydration and Health Mobile IV Vitamin Drip Therapy in The Acreage, FL",hydrationandhealth.com,,,yes,no_email,https://hydrationandhealth.com,medspa,"semaglutide, tirzepatide, nad+, glutathione",8
HyperFit MD Age Management Center,hyperfitmd.com,,,yes,no_email,https://hyperfitmd.com,medspa,glutathione,8
"Hyper Health Wellness Center in Medina, OH",hyperhealthwc.com,,,yes,no_email,https://hyperhealthwc.com,medspa,GLP-1 weight loss peptides,7
iAesthetic Medspa,i-aesthetic.com,,,,no_email,,vendor,,0
Innovative Aesthetics Medical Spa and Laser Center,iamedicalspa.com,info@iamedicalspa.com,info@iamedicalspa.com,yes,no_peptides,https://iamedicalspa.com,medspa,,0
"iCare Electronic Repair in Fargo, ND",icarefargo.com,,,yes,no_email,https://icarefargo.com,vendor,,0
I.C. Beauty Med Spa,icbeautymedspa.com,,,yes,no_email,https://icbeautymedspa.com,medspa,,0
Icon Aesthetix,iconaesthetix.com,,,,unreachable,,,,
Icon MD Medical Spa + Laser Center Boston,iconmd.com,,,yes,no_email,https://iconmd.com,medspa,sermorelin,5
iCRYO Cryotherapy + iV Therapy + Body Sculpting + Red Light Therapy in,icryo-fairfield-ct.com,,,yes,no_email,https://icryo-fairfield-ct.com,medspa,"nad+, glutathione",7
iCRYO,icryo-southpark-nc.com,,,yes,no_email,https://icryo-southpark-nc.com,medspa,nad+,5
iCRYO Cryotherapy + iV Therapy + Body Sculpting + Red Light Therapy in,icryo.com,,,yes,no_email,https://icryo.com,medspa,nad+,6
ICT Wellness and Aesthetics,ictwellness.com,some@gmail.com,some@gmail.com; ictwellness@icloud.com,yes,already known,https://ictwellness.com,medspa,glutathione,1
Idaho Skin Institute,idahoskininstitute.com,,,yes,no_email,https://idahoskininstitute.com,medspa,,0
Idan Med Spa,idanmedspa.com,,,,no_email,https://idanmedspa.com,medspa,,0
Ideal Image Chandler,idealimage.com,,,,no_email,https://idealimage.com,vendor,,0
Ideal Medical,idealmedicalreno.com,,,yes,no_email,https://idealmedicalreno.com,medspa,,1
Gold Esthetic Spa,idwellnessclinic.com,,,,no_email,,vendor,,0
IFFH Medspa,iffhmedspa.com,,,yes,no_email,https://iffhmedspa.com,medspa,,0
iGlow Aesthetics and Med Spa,iglowvegas.com,,,,unreachable,,,,
Integrative Health Associates,ihaofgreenville.com,,,yes,no_email,https://ihaofgreenville.com,medspa,semaglutide,2
SPA InterContinental Boston,ihg.com,,,,unreachable,,,,
"Annika Bannon, MD",ihs.gov,newsroom@ihs.gov,newsroom@ihs.gov,yes,no_peptides,https://ihs.gov,medspa,,0
"iHydrate Wellness & Aesthetics in Mount Prospect, IL",ihydratemedspa.com,info.ihydrate@gmail.com,info.ihydrate@gmail.com,yes,already known,https://ihydratemedspa.com,medspa,"semaglutide, tirzepatide, nad+, glutathione",7
"Infusion Center of South Florida, LLC in Lakewood, CO",iicsfl.com,,,yes,no_email,https://iicsfl.com/contact-us,medspa,,0
Illume Cosmetic Surgery & MedSpa,illumecosmeticsurgery.com,,,yes,no_email,https://illumecosmeticsurgery.com,medspa,,0
Illuminari Medical Aesthetics/Holistic Health Revival,illuminarimedspa.com,,,,unreachable,,,,
"Island Medical And Beauty Clinic Honolulu, HI",imabclinic.com,,,,unreachable,,,,
ImageLab Med Spa,imagelabmedspa.com,chicagosupport@imagelabmedspa.com,chicagosupport@imagelabmedspa.com; alexandriasupport@imagelabmedspa.com; rockfordsupport@imagelabmedspa.com,yes,no_peptides,https://imagelabmedspa.com/about,medspa,,0
Imagen Medi Spa & Beauty Salon,imagenlaser.com,info@imagenlaser.com,info@imagenlaser.com,yes,no_peptides,,medspa,,0
Imagen Body Sculpting & Cosmetic Center,imagenomaha.com,,,yes,no_email,https://imagenomaha.com,medspa,,2
Image Surgical Arts,imagesurgicalarts.com,,,,no_email,https://imagesurgicalarts.com,medspa,glutathione,3
Imagine Medispa,imaginemedispas.com,,,,no_email,,vendor,,0
"Immunity Center in Burbank, CA",immunitycenter.io,,,,unreachable,,,,
Inbloom Health + Medispa,inbloomhealthnh.com,,,yes,no_email,https://inbloomhealthnh.com,medspa,semaglutide,4
PeakForm Testosterone Therapy,incrediblehealthnow.org,,,,no_email,https://incrediblehealthnow.org,medspa,,2
Inderia Bloom Med Spa,inderiabloommedspa.com,,,,unreachable,,,,
Indiana Wellness College School Of Sports and Medical Massage,indianawellnesscollege.edu,vendors@indianawellnesscollege.edu,vendors@indianawellnesscollege.edu,yes,no_peptides,https://indianawellnesscollege.edu,medspa,,0
IndiGlo Aesthetics + Wellness,indigloaesthetics.com,,,,no_email,https://indigloaesthetics.com,vendor,,0
Radiant Heights Med Spa,infinite-transformation.com,info@infinite-transformation.com,info@infinite-transformation.com,yes,no_peptides,https://infinite-transformation.com,vendor,,0
"Infinite Dripz in Dallas, TX",infinitedripz.com,,,yes,no_email,https://infinitedripz.com,medspa,"nad+, glutathione",3
InfiniT Men's Health,infinitmenshealth.com,,,yes,no_email,https://infinitmenshealth.com,medspa,,0
Infinity Beauty Lab Med Spa,infinitybeautylab.com,info@infinitybeautylab.com,info@infinitybeautylab.com,yes,no_peptides,https://infinitybeautylab.com,medspa,,0
"Infinity Health and Beauty in Berlin, CT",infinityhealthandbeauty.com,,,yes,no_email,https://infinityhealthandbeauty.com,medspa,,2
Infinity Medical Aesthetics,infinitymedicalaesthetics.com,,,yes,no_email,https://infinitymedicalaesthetics.com,medspa,GLP-1 weight loss peptides,2
Infinity MedSpa of Glastonbury,infinitymedspaglastonbury.com,,,,no_email,,vendor,,0
Infinity Med Spa,infinitymedspari.com,,,yes,no_email,https://infinitymedspari.com,medspa,,1
Infinity Spa Jax & Institute,infinityspajax.as.me,,,yes,no_email,https://infinityspajax.as.me,vendor,,0
Infinity Health & Wellness,infinitytucson.com,,,yes,no_email,https://infinitytucson.com,vendor,,1
Verve Hormone Replacement Therapy Seattle,info.vervehc.com,,,yes,no_email,https://info.vervehc.com,medspa,GLP-1 weight loss peptides,6
Infuse Wellness Center,infusewellness.net,,,,no_email,,vendor,,0
Infusion Cryotherapy & Laser Center,infusioncryoandlaser.com,,,yes,no_email,https://infusioncryoandlaser.com,medspa,,1
"Infusion Express of Illinois, LLC in Glenview, IL",infusionexpress.azurewebsites.net,,,,unreachable,,,,
"Infusion IV Lounge in Denver, CO",infusionivlounge.com,,,yes,no_email,https://infusionivlounge.com,medspa,"semaglutide, nad+, glutathione",10
Infusion IV NY,infusionivny.com,,,yes,no_email,https://infusionivny.com,medspa,"nad+, glutathione",3
"Infusion of Care, Inc., a Nevada Corporation in Las Vegas, NV",infusionofcare.com,,,yes,no_email,https://infusionofcare.com,medspa,,0
IN•GLO Face and Body Sculpting Med Spa,inglomedspa.com,info@inglomedspa.com,info@inglomedspa.com,yes,no_peptides,https://inglomedspa.com,medspa,,0
"Initiate Vitality: Colon Hydrotherapy, IV Drip Therapy, Weight Loss, W",initiatevitality.com,,,,no_email,,vendor,,0
"Lisa Azevedo, RN, BSN Aluma Medical Aesthetic/ Injectables by Lisa RN",injectablesbylisa.com,support@injectablesbylisa.com,support@injectablesbylisa.com,yes,no_peptides,https://injectablesbylisa.com,medspa,,0
The Injection Lounge Aesthetics,injectionloungeaesthetics.com,,,yes,no_email,https://injectionloungeaesthetics.com,medspa,"semaglutide, tirzepatide",5
InjectRX Wellness,injectrxwellness.com,,,yes,no_email,https://injectrxwellness.com,medspa,,2
Inner Radiance Aesthetics and Wellness Spa,innerradiancewv.com,,,,unreachable,,,,
INNER SOL ESTHETICS,innersolesthetics.com,admin@innersolesthetics.com,admin@innersolesthetics.com,yes,no_peptides,https://innersolesthetics.com,vendor,,0
Innovation Beauty MedSpa,innovationbeautylc.com,,,,no_email,,vendor,,0
Innovative MedSpa,innovative-medspa.com,,,yes,no_email,https://innovative-medspa.com,medspa,semaglutide,6
Innovative Health & Well Being,innovativehealthri.com,,,,no_email,,vendor,,0
Innovative Men's Health,innovativemenshealth.com,,,,unreachable,,,,
"Inside Out IV Hydration & Wellness in Orlando, FL",insideoutiv.com,,,yes,no_email,https://insideoutiv.com,medspa,nad+,3
In Spa,inspa.com,customerservice@inspa.com,customerservice@inspa.com,,no_peptides,https://inspa.com,medspa,,0
Inspire Med Spa & Aesthetics,inspire-medspa.com,inspiremedspa01@gmail.com,inspiremedspa01@gmail.com,yes,already known,https://inspire-medspa.com,medspa,glutathione,1
Inspired Beauty,inspiredbeautylkn.com,,,,no_email,https://inspiredbeautylkn.com,medspa,,0
"Inspired health in Albuquerque, NM",inspiredha.com,,,,no_email,,vendor,,0
Inspire Medical Spa,inspiremedicalspas.com,,,yes,no_email,https://inspiremedicalspas.com,medspa,GLP-1 weight loss peptides,8
Inspire Med Spa,inspiremedspatulsa.com,,,,no_email,,vendor,,0
Integration Spa,integrationspa.com,integrationsparc@gmail.com,integrationsparc@gmail.com,yes,no_peptides,https://integrationspa.com,medspa,,0
Integrative Aesthetics and Wellness,integrativeaestheticsandwellness.com,info@integrativeaestheticsandwellness.com,info@integrativeaestheticsandwellness.com,yes,no_peptides,https://integrativeaestheticsandwellness.com,medspa,,0
Infused Health and Wellness,integrativemedicineoflongisland.com,,,yes,no_email,https://integrativemedicineoflongisland.com,medspa,,0
"Kimberly Houghton, MD",internalmedak.com,,,yes,no_email,https://internalmedak.com,medspa,,0
"Intravene Mobile IV Therapy in Boulder, CO",intravenewellnesstherapies.com,,,yes,no_email,https://intravenewellnesstherapies.com,medspa,"nad+, glutathione",4
Inua MedSpa & Wellness LLC,inuamedspawellness.com,,,,no_email,,vendor,,0
Invigorate Spa,invigoratespa.com,booking@invigoratespa.com,booking@invigoratespa.com,yes,no_peptides,https://invigoratespa.com,medspa,,0
InVita Health & Wellness,invitahealthandwellnessomaha.com,invitawellnessomaha@outlook.com,invitawellnessomaha@outlook.com,yes,already known,https://invitahealthandwellnessomaha.com,medspa,GLP-1 weight loss peptides,8
INVIVO Wellness,invivowellness.com,info@invivowellness.com,info@invivowellness.com; ptbilling@invivowellness.com; membership@invivowellness.com,yes,no_peptides,https://invivowellness.com,medspa,,0
"Irvine Hydration & Wellness Center in Irvine, CA",irvinehydrationcenter.com,,,,no_email,https://irvinehydrationcenter.com,vendor,,1
Isabella Medical Beauty,isabellamedicalbeautyspa.com,,,yes,no_email,https://isabellamedicalbeautyspa.com,medspa,,2
Isla Aesthetics,islaaesthetics.com,info@islaaesthetics.com,info@islaaesthetics.com,yes,no_peptides,https://islaaesthetics.com,medspa,,0
"Island Retreat, A Medical Spa",islandretreatmedspa.com,islandmdspa@gmail.com,islandmdspa@gmail.com,yes,no_peptides,https://islandretreatmedspa.com,medspa,,0
Blue Shell Spa,islandviewcasino.com,,,yes,no_email,https://islandviewcasino.com,vendor,,0
"iThrive Infusion and Wellness -IV vitamin infusion, injections, weight",ithriveinfusion.com,,,yes,no_email,https://ithriveinfusion.com,medspa,"nad+, sermorelin, glutathione",13
"IV DR. wellness and hydration in El Paso, TX",ivdr915.com,,,,no_email,https://ivdr915.com,medspa,,1
Woodhouse Day Spa,ivloungenola.com,,,yes,no_email,https://ivloungenola.com,medspa,"nad+, glutathione",4
"IVLuX in Vega Alta, PR",ivluxpr.com,,,,no_email,https://ivluxpr.com,medspa,nad+,2
"IV Minnesota in Long Lake, MN",ivminnesota.com,,,,no_email,,vendor,,0
IV Nutrition,ivnutrition.com,,,,no_email,https://ivnutrition.com,medspa,"semaglutide, tirzepatide, nad+, sermorelin, pt-141, glutathione",12
"IntraVenous Solutions in Hendersonville, TN",ivsolns.com,,,yes,no_email,https://ivsolns.com,medspa,"nad+, glutathione",6
Ivy Med Spa,ivymedspahermiston.com,,,yes,no_email,https://ivymedspahermiston.com,medspa,,0
IVy Wellness Spa,ivywellnessspa.com,,,,no_email,,vendor,,0
Jack + Jill Aesthetics,jackjillaesthetics.com,,,yes,no_email,https://jackjillaesthetics.com,medspa,GLP-1 weight loss peptides,4
Jack Zamora MD Cosmetic Surgery and Aesthetics,jackzamoramd.com,hello@jackzamoramd.com,hello@jackzamoramd.com,yes,no_peptides,https://jackzamoramd.com,medspa,,0
Jadwig Skincare,jadwigskincare.com,,,yes,no_email,https://jadwigskincare.com,medspa,,0
Jalan Facial Spa,jalanspa.com,orders@jalanspa.com,journey@jalanspa.com; orders@jalanspa.com,yes,no_peptides,https://jalanspa.com,vendor,,0
James Street MedSpa,jamesstreetmedspa.com,info@jamesstreetmedspa.com,info@jamesstreetmedspa.com,yes,no_peptides,https://jamesstreetmedspa.com,medspa,,0
Duggal Jasleen K MD,jasleenduggalmd.com,info@jasleenduggalmd.com,info@jasleenduggalmd.com,yes,no_peptides,https://jasleenduggalmd.com,medspa,,0
Javan Wellness U Street,javanwellness.com,,,yes,no_email,https://javanwellness.com,medspa,GLP-1 weight loss peptides,7
JECT,ject.us,,,yes,no_email,https://ject.us,medspa,,0
JEM MedSpa Elmhurst,jemmedspa.com,,,yes,no_email,https://jemmedspa.com,medspa,,0
Jen Medical Aesthetics,jenmedicalaesthetics.com,jen@jenmedicalaesthetics.com,jen@jenmedicalaesthetics.com,yes,no_peptides,https://jenmedicalaesthetics.com,medspa,,0
Jersey Shore Aesthetics and Wellness,jerseyshoreaesthetics.com,,,,no_email,https://jerseyshoreaesthetics.com,medspa,,0
Jessica's Skin Therapy,jessicasskintherapyaz.com,,,,unreachable,,,,
Jeune Aesthetics,jeunemiami.com,info@jeunemiami.com,info@jeunemiami.com,yes,no_peptides,https://jeunemiami.com,medspa,,0
Jeunesse Medical Aesthetics,jeunessemedical.com,,,yes,no_email,https://jeunessemedical.com,medspa,,0
Jewell Aesthetics,jewellaesthetics.com,,,yes,no_email,https://jewellaesthetics.com,medspa,glutathione,1
Jiva Med Spa Columbus,jivamedspa.com,,,yes,no_email,https://jivamedspa.com,medspa,semaglutide,5
J and J Health and Wellness,jjhealthwellness.com,,,,unreachable,,,,
JK aesthetics,jkaestheticfacial.com,,,,no_email,https://jkaestheticfacial.com,medspa,kpv,1
Joanna Injects Aesthetics,joannainjects.com,,,,no_email,https://joannainjects.com,medspa,"nad+, glutathione",2
Joanna Vargas,joannavargas.com,salon@joannavargas.com,salon@joannavargas.com; jvbk@joannavargas.com; jvla@joannavargas.com,yes,no_peptides,https://joannavargas.com,vendor,,0
JOIA Med Spa & Wellness,joia-med-spa-wellness.square.site,joiamedical@gmail.com,joiamedical@gmail.com,,no_peptides,https://joia-med-spa-wellness.square.site,medspa,,0
Joli Beautique,jolibeautique.com,,,yes,no_email,https://jolibeautique.com,medspa,,0
Joliet Aesthetics Med Spa Scottsdale,jolietaestheticsmedspa.com,,,yes,no_email,https://jolietaestheticsmedspa.com,medspa,semaglutide,1
Joli Medispa,jolimedispa.com,,,yes,no_email,https://jolimedispa.com,medspa,GLP-1 weight loss peptides,3
Jonathan Douglas Salon and Relaxation Studio,jonathandouglasspa.com,jdsalon118@aol.com,jdsalon118@aol.com,yes,no_peptides,https://jonathandouglasspa.com,vendor,,0
Jon 'Ric Medical Spa and Wellness Center,jonriccharlottemedicalspa.com,jonricmedspa@gmail.com,jonricmedspa@gmail.com,yes,already known,https://jonriccharlottemedicalspa.com,medspa,GLP-1 weight loss peptides,3
Joon Aesthetics Bar,joonaestheticsbar.com,info@joonaestheticsbar.com,info@joonaestheticsbar.com,yes,no_peptides,https://joonaestheticsbar.com,medspa,,0
Jovem Medspa,jovemmedspa.com,,,yes,no_email,https://jovemmedspa.com,medspa,"semaglutide, tirzepatide, nad+, glutathione",17
Joyful Brain & Medical Spa,joyfulmedspa.com,office@joyfulmedspa.com,office@joyfulmedspa.com,yes,no_peptides,https://joyfulmedspa.com,medspa,,0
JP Beverly Hills Skin Clinic,jpbhsc.com,ozrayabeverlyhillsinfo@gmail.com,ozrayabeverlyhillsinfo@gmail.com,yes,no_peptides,https://jpbhsc.com,medspa,,0
JSJ Aesthetics and Wellness,jsjaesthetics.com,info@jsjaesthetics.com,info@jsjaesthetics.com,,no_peptides,https://jsjaesthetics.com,medspa,,0
J Skin Lab,jskinlab.glossgenius.com,thej.skinlab@gmail.com,thej.skinlab@gmail.com,yes,no_peptides,https://jskinlab.glossgenius.com,vendor,,0
JT Aesthetics,jt-aesthetics.com,,,,no_email,https://jt-aesthetics.com,medspa,,0
JT Aesthetic & Co,jtaestheticandco.com,,,yes,no_email,https://jtaestheticandco.com,medspa,"tirzepatide, bpc-157, tb-500, nad+, ghk-cu, glutathione",9
JuicyFace,juicyfacemedspa.com,,,yes,no_email,https://juicyfacemedspa.com,medspa,"semaglutide, tirzepatide, glutathione",11
Juvan MD,juvanmd.com,,,,unreachable,,,,
Juvly Aesthetics,juvly.com,info@juvly.com,info@juvly.com,yes,already known,https://juvly.com,medspa,"semaglutide, tirzepatide, nad+",4
JY Medspa,jymedspa.com,,,,unreachable,,,,
K Aesthetic Skin,k-aesthetic.skin,kaestheticsatx@gmail.com,kaestheticsatx@gmail.com,,no_peptides,https://k-aesthetic.skin,medspa,,0
Kaado MD Aesthetics and Anti-Aging Medicine,kaadomd.com,,,yes,no_email,https://kaadomd.com,medspa,GLP-1 weight loss peptides,9
Kalologie Medspa,kalologie.com,,,,no_email,https://kalologie.com/about-us,medspa,nad+,2
Kalon Medical Spa,kalonmedicalspa.com,,,yes,no_email,https://kalonmedicalspa.com,medspa,,0
KAM Med Spa,kammedspa.com,,,yes,no_email,https://kammedspa.com,medspa,GLP-1 weight loss peptides,3
Kanvas Medical Aesthetics,kanvasmedicalaesthetics.com,nydiamd@kanvasmedicalaesthetics.com,nydiamd@kanvasmedicalaesthetics.com,yes,no_peptides,https://kanvasmedicalaesthetics.com,medspa,,0
KAO Aesthetics,kaoaesthetics.com,,,yes,no_email,https://kaoaesthetics.com,medspa,,1
Karee Hays Esthetics,kareehays.com,,,,no_email,https://kareehays.com,medspa,,0
Karina Skin Studio DTLA,karina-skin-studio.square.site,,,,no_email,https://karina-skin-studio.square.site,vendor,,0
Kate Somerville Melrose Skin Clinic,katesomerville.com,customercare@katesomerville.com,customercare@katesomerville.com,,no_us_signal,https://katesomerville.com,medspa,"semaglutide, tirzepatide, nad+",4
KDR MedSpa + Wellness,kathrynrussoaesthetics.com,kathrynrussoma@gmail.com,kathrynrussoma@gmail.com,,no_us_signal,https://kathrynrussoaesthetics.com,medspa,,4
KC Wellness & Medspa,kcwellnessmedspa.com,,,,no_email,,vendor,,0
Kearny TRT Therapy,kearny.hghparadise.com,,,,no_email,https://kearny.hghparadise.com,vendor,,0
"The DRIPBaR Keller in Keller, TX",keller.thedripbar.com,,,,no_email,,vendor,,0
Denver Hormone Institute of Colorado,kentonbruicemd.com,,,yes,no_email,https://kentonbruicemd.com,medspa,"semaglutide, tirzepatide, bpc-157, thymosin alpha-1, nad+, ipamorelin",18
Med Spa at Kentucky Skin Cancer Center,kentuckyskincancercenter.com,,,yes,no_email,https://kentuckyskincancercenter.com,medspa,,0
KerologieMD,kerologiemd.com,,,,no_email,https://kerologiemd.com,medspa,,0
Kerry Spindler Bespoke Aesthetics Spa,kerryspindler.com,info@kerryspindler.com,info@kerryspindler.com,yes,no_peptides,https://kerryspindler.com,medspa,,0
"Advantage Infusions in Savannah, GA",ketamineclinicsusa.com,,,,no_email,,vendor,,0
"Texas Ketamine & Wellness Center in Houston, TX",ketaminewellnesstx.com,,,yes,no_email,https://ketaminewellnesstx.com,medspa,,0
Khalma Skincare and Aesthetics,khalmaskincare.com,info@khalmaskincare.com,info@khalmaskincare.com; %20info@khalmaskincare.com,yes,no_peptides,https://khalmaskincare.com,medspa,,0
Kharmacy,kharmacy.com,,,yes,no_email,https://kharmacy.com,medspa,,0
Kharma Vida,kharmavida.com,,,,no_email,https://kharmavida.com,vendor,,0
KHROM MEDSPA & WELLNESS,khrommedspa.com,,,yes,no_email,https://khrommedspa.com,medspa,,1
Kimball Cosmetics,kimballcosmetics.com,dr.kimball@kimballcosmetics.com,waqargujjar34@live.com; dr.kimball@kimballcosmetics.com,,no_us_signal,https://kimballcosmetics.com,medspa,semaglutide,2
KINDRED skin + sole,kindredskinsole.com,,,yes,no_email,https://kindredskinsole.com,medspa,,1
KIVA SPA,kivaspapdx.com,,,,unreachable,,,,
KJ Relaxin Medical Spa,kjrelaxinmedicalspa.com,support@kjrelaxinmedicalspa.com,support@kjrelaxinmedicalspa.com,yes,no_peptides,https://kjrelaxinmedicalspa.com,medspa,,0
Klar Spa Studios K-Beauty Clinic,klarspastudios.com,,,yes,no_email,https://klarspastudios.com,medspa,,0
KMC MedSpa Park Place,kmcmedspa.com,,,yes,no_email,https://kmcmedspa.com,medspa,,0
Knick Salon and Spa,knicksalonandspa.com,info@knicksalonandspa.com,info@knicksalonandspa.com; knickweddings@gmail.com,yes,no_peptides,https://knicksalonandspa.com,vendor,,0
Knott Your Average Massage,knottyouraveragemassage.vip,,,,no_email,https://knottyouraveragemassage.vip,vendor,,0
Koch & Carlisle Plastic Surgery & Spa,kochandcarlisle.com,,,yes,no_email,https://kochandcarlisle.com,medspa,"semaglutide, tirzepatide",9
"Kohler Waters Spa at Lincoln Park, Chicago",kohlerwatersspalincolnpark.com,,,yes,no_email,https://kohlerwatersspalincolnpark.com,vendor,,0
KOI Wellbeing,koiwellbeing.com,,,yes,no_email,https://koiwellbeing.com,medspa,"nad+, glutathione",7
Komal Aesthetics & Wellness,komalaestheticsandwellness.com,,,,no_email,,vendor,,0
KOPRIVA skin studio,koprivaskinstudio.com,alexisflanegan@outlook.com,alexisflanegan@outlook.com,yes,no_peptides,https://koprivaskinstudio.com,medspa,,0
Korman Plastic Surgery & Wunderbar MedSpa,kormanmd.com,,,,no_email,https://kormanmd.com,medspa,,0
Koru Medical Spa,korumedicalspa.com,info@korumedicalspa.com,info@korumedicalspa.com,yes,no_peptides,https://korumedicalspa.com,medspa,,0
Koru Wellness Aesthetics NYC: Med Spa Upper East Side & Midtown,korunyc.com,hello@korunyc.com,hello@korunyc.com,yes,no_peptides,https://korunyc.com,medspa,,0
Kanoelani Skin Therapy,ksthi.com,,,,unreachable,,,,
Kultivate Women's Health,kultivatewomenshealth.com,info@kultivatewomenshealth.com,info@kultivatewomenshealth.com,,no_us_signal,https://kultivatewomenshealth.com,medspa,GLP-1 weight loss peptides,4
KUR Health Spa,kurhealthspa.com,info@kurhealthspa.com,info@kurhealthspa.com,yes,no_peptides,https://kurhealthspa.com,medspa,,0
Kurr Aesthetics and Med Spa,kurrmedspa.com,,,yes,no_email,https://kurrmedspa.com,medspa,,0
KUR Skin Lab,kurskinlab.com,info@kurskinlab.com,info@kurskinlab.com,yes,no_peptides,https://kurskinlab.com/contact,medspa,,0
L Skincare,l-skincare.com,contact@l-skincare.com,ljskincare27@gmail.com; contact@l-skincare.com,yes,no_peptides,https://l-skincare.com,medspa,,0
LA VITA Laser & Aesthetics,la-vita-us.com,,,,no_email,,vendor,,0
LA Ageless Medical Aesthetics,laageless.com,info@laageless.com,info@laageless.com,,no_peptides,https://laageless.com,medspa,,0
LA Beauty Skin Center,labeautyskincenter.com,,,,no_email,,vendor,,0
La Bella Derma Med Spa,labelladermavt.com,,,,unreachable,,,,
La Bella Laser Aesthetics,labellalasernewyork.zoca.com,labellabeautyllc@gmail.com,labellabeautyllc@gmail.com,yes,already known,https://labellalasernewyork.zoca.com,medspa,semaglutide,3
La Bella Vita Medi Spa,labellavitamedispa.com,info@labellavitamedispa.com,info@labellavitamedispa.com,yes,no_peptides,https://labellavitamedispa.com,medspa,,0
La Belle Medical Spa Tustin CA,labelleoc.com,info@labelleoc.com,info@labelleoc.com,yes,no_peptides,https://labelleoc.com,medspa,,0
La Belle Vie MedSpa,labelleviemed.com,,,yes,no_email,https://labelleviemed.com,medspa,"semaglutide, tirzepatide",9
La Belle Vie Medspa,labelleviemedspa.com,amkryukov@gmail.com,amkryukov@gmail.com; agustinamingote@gmail.com,yes,no_peptides,https://labelleviemedspa.com,medspa,,0
LA BOUSSOLE Medical Spa & Wellness Center,laboussolejoplin.com,,,yes,no_email,https://laboussolejoplin.com,medspa,,2
La Boutique Salon,laboutique.salon,,,,no_email,https://laboutique.salon,medspa,,0
Lace Skin Studio,laceskinstudio.com,,,,no_email,https://laceskinstudio.com,vendor,,0
La Clinique Aesthetics,lacliniqueaesthetics.com,,,yes,no_email,https://lacliniqueaesthetics.com,medspa,GLP-1 weight loss peptides,2
Los Angeles Center for Cosmetic Surgery,lacosmeticdocs.com,rachel@lacosmeticdocs.com,rachel@lacosmeticdocs.com,yes,no_peptides,https://lacosmeticdocs.com,medspa,,0
La Estetica Wellness Spa,laestetica.co,wellness@laestetica.co,wellness@laestetica.co,yes,no_peptides,,medspa,,0
LA Eve Skin Clinic,laeveskin.com,sunnycha1003@gmail.com,sunnycha1003@gmail.com,yes,no_peptides,https://laeveskin.com,medspa,,0
La Jolla Cosmetic Laser Clinic & Dermatology,lajollalaser.com,,,yes,no_email,https://lajollalaser.com,medspa,semaglutide,4
La Jolla Dermatology & Laser Surgery Center,lajollalaserderm.com,info@lajollalaserderm.com,info@lajollalaserderm.com,yes,no_peptides,https://lajollalaserderm.com,medspa,,0
Lake Country Aesthetics Health & Wellness,lakecountryaesthetics.com,,,yes,no_email,https://lakecountryaesthetics.com,medspa,"semaglutide, tirzepatide, glutathione",12
Lake Medical Spa,lakemedicalspa.com,,,yes,no_email,https://lakemedicalspa.com,medspa,"semaglutide, tirzepatide, nad+",8
"Hydrate Medical, IV Hydration Huntersville in Huntersville, NC",lakenorman.hydratemedical.com,,,,no_email,,vendor,,0
Lakeshine Med Spa,lakeshinemedspa.com,,,yes,no_email,https://lakeshinemedspa.com,medspa,"semaglutide, tirzepatide",9
Lake Washington Medical Aesthetics,lakewashingtonskin.com,,,yes,no_email,https://lakewashingtonskin.com,medspa,,2
Lakewood Beauty Clinic,lakewoodbeautyclinic.com,,,,no_email,https://lakewoodbeautyclinic.com,medspa,semaglutide,3
Lana Spa Hawaii,lanaspahawaii.net,lanaspahawaii@gmail.com,lanaspahawaii@gmail.com,yes,no_peptides,https://lanaspahawaii.net,vendor,,0
Turnpaugh Health and Wellness Lancaster,lancastergals.com,,,yes,no_email,https://lancastergals.com,medspa,,1
"Chuan Spa at The Langham, Chicago",langhamhotels.com,info@langhamhotels.com,info@langhamhotels.com,,no_peptides,https://langhamhotels.com,vendor,,0
LA Queen Med Spa,laqueenmedspa.com,,,,no_email,,vendor,,0
Laria MedSpa,lariamedspa.com,,,yes,no_email,https://lariamedspa.com,medspa,"semaglutide, nad+, tirzepatide",5
Laser and Light Med Spa,laser-and-light-med-spa.square.site,,,,no_email,,vendor,,0
Laser Cliniqúe,laser-clinique.com,,,yes,no_email,https://laser-clinique.com,medspa,semaglutide,1
Laser Loft Denver,laser-lofts.com,,,yes,no_email,https://laser-lofts.com,medspa,,0
Laser Aesthetics By Dina,laseraestheticsbydina.com,info@laseraestheticsbydina.com,info@laseraestheticsbydina.com,yes,no_peptides,https://laseraestheticsbydina.com,medspa,,0
Laser Beauty Works,laserbeautyworks.com,,,yes,no_email,https://laserbeautyworks.com,medspa,"semaglutide, tirzepatide",7
Laser Skin Care Center,lasercarespecialists.com,,,yes,no_email,https://lasercarespecialists.com,medspa,,0
Laser Clear Skin MedSpa,laserclearskin.com,,,,no_email,,vendor,,0
LASER DERM MED SPA,laserderm.co,,,,no_email,https://laserderm.co,medspa,,0
Laser MD Medspa,lasermdmedspa.com,,,yes,no_email,https://lasermdmedspa.com,medspa,"semaglutide, nad+",4
Laser Skin Solutions,laserskinsolutionsportland.com,contact@laserskinsolutionsportland.com,contact@laserskinsolutionsportland.com,yes,no_peptides,https://laserskinsolutionsportland.com,medspa,,0
Laser & Skin Surgery Center of New York,laserskinsurgery.com,,,yes,no_email,https://laserskinsurgery.com,medspa,,0
LA SkinAesthetics,laskinaesthetics.com,,,yes,no_email,https://laskinaesthetics.com,medspa,,1
Lasting Beauty MediSpa,lastingbeautyne.com,,,,no_email,,vendor,,0
Lasting SkinSolutions,lastingskinsolutions.com,,,yes,no_email,https://lastingskinsolutions.com,medspa,GLP-1 weight loss peptides,5
Las Vegas Skin Pros Med Spa,lasvegasskinpros.com,,,yes,no_email,https://lasvegasskinpros.com,medspa,GLP-1 weight loss peptides,2
Lauréate Aesthetics,laureatela.com,,,yes,no_email,https://laureatela.com,medspa,,0
LaVida Massage of Chandler,lavidamassagechandleraz.com,,,yes,no_email,https://lavidamassagechandleraz.com,medspa,,0
La Vie MedSpa,laviemedspa.com,info@laviemedspa.com,info@laviemedspa.com,yes,no_peptides,https://laviemedspa.com,medspa,,0
Lavish Laser Med Spa Coconut Grove,lavishlasermedspa.com,,,,no_email,,vendor,,0
Lavish Beauty RN,lavishrn.com,nancy@lavishrn.com,nancy@lavishrn.com,yes,no_peptides,https://lavishrn.com,medspa,,0
La Belle Rosé Med Spa,lbrmedspa.com,,,,no_email,https://lbrmedspa.com,vendor,,0
Le-Pelle Beyond the Skin,le-pelle.com,lepelle.site@gmail.com,lepelle.site@gmail.com,yes,no_peptides,https://le-pelle.com,medspa,,0
Lébo Aesthetics & Spa,leboskincare.com,,,yes,no_email,https://leboskincare.com,medspa,,0
Ledo Aesthetics,ledoaesthetics.com,info@ledoaesthetics.com,info@ledoaesthetics.com,yes,no_peptides,https://ledoaesthetics.com,medspa,,0
"The DRIPBaR Lee's Summit in Lee's Summit, MO",lees-summit-summit-fair.thedripbar.com,,,,no_email,,vendor,,0
Lemmon Avenue Plastic Surgery and Laser Center,lemmonavenueplasticsurgery.com,,,yes,no_email,https://lemmonavenueplasticsurgery.com,medspa,,0
Lemon Massage Therapy and Skin Care and Head Spa,lemonmassagetherapy.com,info@lemonmassagetherapy.com,info@lemonmassagetherapy.com,yes,no_peptides,https://lemonmassagetherapy.com,vendor,,0
Lé Nour Aesthetics & Wellness,lenourmedspa.com,info@lenourmedspa.com,info@lenourmedspa.com,yes,no_peptides,https://lenourmedspa.com,medspa,,0
Leonard Medi Spa,leonardmedispa.com,,,,unreachable,,,,
Sun Kissed By B,lerevebeautybodyspa.com,anapbm@gmail.com,anapbm@gmail.com; lerevebeautybodyspa@gmail.com,yes,already known,https://lerevebeautybodyspa.com,medspa,"semaglutide, nad+, glutathione",4
Le Reve Med Spa,lerevemedspa.com,,,yes,no_email,https://lerevemedspa.com,medspa,,0
Leroux Aesthetics,lerouxaesthetics.com,info@lerouxaesthetics.com,info@lerouxaesthetics.com,,no_peptides,https://lerouxaesthetics.com,medspa,,0
LeSkin Aesthetics,leskinaesthetics.com,,,yes,no_email,https://leskinaesthetics.com,medspa,,0
Lets Tox Beauty Med Spa,letstoxbeauty.com,infoletstoxbeauty@gmail.com,infoletstoxbeauty@gmail.com,yes,already known,https://letstoxbeauty.com,medspa,GLP-1 weight loss peptides,7
LettyWoman Med Aesthetics,lettywoman.com,info@lettywoman.com,info@lettywoman.com,yes,no_peptides,https://lettywoman.com,medspa,,0
Level Up Med Spa,levelupmedspa.com,,,,unreachable,,,,
Le Vibrance MedSpa,levibrancemedspa.com,levibrancemedspa@gmail.com,levibrancemedspa@gmail.com; emedspa@gmail.com,yes,no_peptides,https://levibrancemedspa.com,medspa,,0
Le Visage Spa & Wellness,levisagedayspa.com,levisagedayspa@icloud.com,levisagedayspa@icloud.com,yes,no_peptides,https://levisagedayspa.com,vendor,,0
"Le Visage Day Spa, LLC",levisagedayspanola.com,levisagedayspa@gmail.com,levisagedayspa@gmail.com,yes,no_peptides,https://levisagedayspanola.com,vendor,,0
LeVogue Med Spa Temecula,levoguemedspa.com,,,yes,no_email,https://levoguemedspa.com,medspa,"semaglutide, tirzepatide",5
Lexington Aesthetics Medical Spa,lexaesthetics.com,,,yes,no_email,https://lexaesthetics.com,medspa,,0
Leyla Sufi Skin,leylasufibeautyco.com,help@leylasufibeautyco.com,help@leylasufibeautyco.com,yes,no_peptides,https://leylasufibeautyco.com,vendor,,0
LF Medical,lf-med.com,info@lf-med.com,info@lf-med.com,yes,already known,https://lf-med.com,medspa,glutathione,3
LH Med Spa,lhmedspaandwellness.com,,,yes,no_email,https://lhmedspaandwellness.com,medspa,semaglutide,6
Lì Beauty MedSpa,libeautymedspa.com,info@libeautymedspa.com,info@libeautymedspa.com,yes,no_peptides,https://libeautymedspa.com,medspa,,0
Life AcuMed Spa,lifeacumedspa.com,lifeacumedspa@gmail.com,lifeacumedspa@gmail.com,yes,no_peptides,https://lifeacumedspa.com,medspa,,0
LifeMed Institute,lifemedinstitute.com,,,yes,no_email,https://lifemedinstitute.com,medspa,"nad+, glutathione",10
LIFESPAN EURO MEDICAL SPA,lifespaneuromedspa.com,,,,no_email,,vendor,,0
Lifestyle Spectrum,lifestylespectrum.com,,,yes,no_email,https://lifestylespectrum.com,medspa,,4
Olive Branch Wellness Center,lifetimehealthandwellness.org,,,yes,no_email,https://lifetimehealthandwellness.org,medspa,"bpc-157, selank, semax",5
Lift Aesthetics at The Glow Up,liftaestheticsbyleann.com,,,yes,no_email,https://liftaestheticsbyleann.com,medspa,tirzepatide,2
Lift and Revive Aesthetics and Wellness,liftandrevivespa.com,,,,no_email,,vendor,,0
Lifted Aesthetics Charlotte,liftedaestheticsclt.com,,,,unreachable,,,,
LightRx,lightrx.com,,,yes,no_email,https://lightrx.com,medspa,"nad+, glutathione",3
Light Touch Aesthetic Center,lighttouchonline.com,,,yes,no_email,https://lighttouchonline.com,medspa,,0
LightTouch Med Spa,lighttouchorlando.com,info@lighttouchorlando.com,erica@lighttouchorlando.com; info@lighttouchorlando.com,yes,no_peptides,https://lighttouchorlando.com,medspa,,0
Lilac med spa,lilacmedspa.com,,,,no_email,https://lilacmedspa.com,medspa,,0
Lilly Beauty Facial Spa,lillybeautyspa.com,,,,unreachable,,,,
"Limitless Me Wellness, LLC",limitlessmewellness.com,,,yes,no_email,https://limitlessmewellness.com/contact-us,medspa,,0
Lindsay Aden Skincare,lindsay-aden-skincare.square.site,,,,no_email,,vendor,,0
LING Spa Upper West Side,lingspa.com,,,,no_email,https://lingspa.com,vendor,,0
Liondale Medical,liondalemedical.com,leslie.liondale@gmail.com,leslie.liondale@gmail.com; u003eleslie.liondale@gmail.com,yes,already known,https://liondalemedical.com,medspa,nad+,5
Maryland Specialty Group,liposuction abdomen 360|mdspgrp.com,,,,unreachable,,,,
Liquivida Wellness Center,liquividanj.com,,,yes,no_email,https://liquividanj.com,medspa,"bpc-157, tb-500, thymosin alpha-1, nad+, ipamorelin, sermorelin",22
Lisse Aesthetics,lisseaesthetics.com,info@lisseaesthetics.com,info@lisseaesthetics.com,yes,no_peptides,https://lisseaesthetics.com,medspa,,0
Little Red Day Spa,littlereddayspa.com,info@littlereddayspa.com,info@littlereddayspa.com,yes,no_peptides,https://littlereddayspa.com,vendor,,0
"Cosmetic Surgery Center: Rhys L. Branman, MD",littlerockcosmeticsurgery.com,,,yes,no_email,https://littlerockcosmeticsurgery.com,medspa,,0
LIV Aesthetics and Wellness,livaestheticsandwellness.com,,,,no_email,https://livaestheticsandwellness.com,medspa,"nad+, glutathione",6
LiveForeverHealth San Francisco,liveforeverlab.com,,,,no_email,https://liveforeverlab.com,vendor,,0
Lively Aesthetics,lively-aesthetics.com,,,,no_email,,vendor,,0
LiveWell Medical Aesthetics,livewell605.com,,,yes,no_email,https://livewell605.com,medspa,GLP-1 weight loss peptides,3
Living Well,livingwellaesthetics.com,,,yes,no_email,https://livingwellaesthetics.com,medspa,,3
Liv Med Spa,livmedspamt.com,gretchen@livmedspamt.com,anapbm@gmail.com; gretchen@livmedspamt.com,,no_us_signal,https://livmedspamt.com,medspa,"semaglutide, glutathione",5
LIVskin Medspa,livskinmedspa.com,,,yes,no_email,https://livskinmedspa.com,medspa,,0
LK Beauty Med Spa & Body Contouring,lkbeautymedspaandbodycontouring.zoca.com,,,,unreachable,,,,
LL Aesthetics,llaestheticsmiami.com,lisalifshitzpa@gmail.com,lisalifshitzpa@gmail.com,yes,no_peptides,https://llaestheticsmiami.com,medspa,,0
LL Med Spa,llmedspabeauty.com,,,yes,no_email,https://llmedspabeauty.com,medspa,semaglutide,3
LM Medical Spa,lmmedspanyc.com,advanced.medical.gc@gmail.com,advanced.medical.gc@gmail.com,yes,no_peptides,https://lmmedspanyc.com,medspa,,0
LIVE Hydration Spa Legacy,locations.livehydrationspa.com,compliance@livehydrationspa.com,compliance@livehydrationspa.com,yes,already known,https://locations.livehydrationspa.com,medspa,,1
Massage Envy,locations.massageenvy.com,,,,no_email,https://locations.massageenvy.com,medspa,,0
Rejuvchip,longvillewellness.info,drleonie@longvillewellness.info,drleonie@longvillewellness.info; u003edrleonie@longvillewellness.info,yes,no_peptides,https://longvillewellness.info,medspa,,0
Look Lab Med Spa,looklab.com,,,yes,no_email,https://looklab.com,medspa,semaglutide,1
Look Younger Clinic,lookyoungerclinic.com,,,yes,no_email,https://lookyoungerclinic.com,medspa,,0
Lorena Luca MED + SPA,lorenaluca.com,,,yes,no_email,https://lorenaluca.com,medspa,,0
Lorton Medical Spa,lortonmedicalspa.com,,,yes,no_email,https://lortonmedicalspa.com,medspa,glutathione,3
Los Feliz Med Spa,losfelizmedspa.com,reception@losfelizmedspa.com,reception@losfelizmedspa.com,yes,no_peptides,https://losfelizmedspa.com,medspa,,0
Los Gatos Dermatology,losgatosdermatology.com,,,yes,no_email,https://losgatosdermatology.com,medspa,,0
Lotus Medical & Aesthetics,lotusmedicalaestheticsllc.com,,,yes,no_email,https://lotusmedicalaestheticsllc.com,medspa,,0
Woodhouse Spa,louisville.woodhousespas.com,,,,no_email,,vendor,,0
Lounge Aesthetics,loungeaesthetics.com,info@loungeaesthetics.com,info@loungeaesthetics.com,yes,no_peptides,https://loungeaesthetics.com,medspa,,0
Lounge MedSpa Aesthetics and Wellness,loungemedspa.com,,,yes,no_email,https://loungemedspa.com,medspa,GLP-1 weight loss peptides,5
Love Dermatology & Aesthetics,lovedermatology.com,,,,unreachable,,,,
Lovely Med Spa,lovelymedspa.com,info@lovelymedspa.com,info@lovelymedspa.com,yes,no_peptides,https://lovelymedspa.com/contact-us,medspa,,0
Love Medical Spa,lovemedicalspa.com,,,,no_email,,vendor,,0
South Carolina Acupuncture Wellness,lowcountrymale.com,,,yes,no_email,https://lowcountrymale.com,medspa,"semaglutide, tirzepatide, nad+, sermorelin",15
Low T Center,lowtcenter.com,,,yes,no_email,https://lowtcenter.com,medspa,"semaglutide, tirzepatide, nad+, sermorelin, pt-141",15
LowTdoc,lowtdoc.com,,,yes,no_email,https://lowtdoc.com,medspa,,1
Low T Medical Clinic,lowtmedicalclinic.com,support@lowtmedicalclinic.com,support@lowtmedicalclinic.com,,no_peptides,https://lowtmedicalclinic.com,medspa,,0
Little Rock Touch,lrtouch.com,lindsayklein3@gmail.com,lindsayklein3@gmail.com,,no_peptides,https://lrtouch.com,vendor,,0
Luceat Vita,luceatvitawellness.com,anapbm@gmail.com,anapbm@gmail.com,yes,already known,https://luceatvitawellness.com,medspa,,1
Lucent Aesthetic,lucentaesthetic.com,info@lucentaesthetic.com,info@lucentaesthetic.com,yes,no_peptides,https://lucentaesthetic.com,medspa,,0
"Advanced Cosmesis Med Spa Bayonne, NJ",luckyspanj.wix.com,,,,unreachable,,,,
Luma Laser & MedSpa,lumalasermedspa.com,lumalasermedspa@gmail.com,lumalasermedspa@gmail.com,yes,no_peptides,https://lumalasermedspa.com,medspa,,0
Lumaura Aesthetics & Wellness,lumaurawellness.com,,,,no_email,https://lumaurawellness.com,medspa,,0
Lumberton Medspa,lumbertonmedspa.com,,,,no_email,https://lumbertonmedspa.com,medspa,,1
Lumé Med Spa,lumemedispa.com,,,,no_email,https://lumemedispa.com,medspa,,0
LUMEN Optimal Wellness,lumenoptimalwellness.com,,,yes,no_email,https://lumenoptimalwellness.com,medspa,,1
Lumier Medical Spa Torrance,lumiermedical.com,,,yes,no_email,https://lumiermedical.com,medspa,,0
Lumier Medical Spa,lumiermedicalspa.com,,,,no_email,https://lumiermedicalspa.com/services,vendor,,0
Lumina Med Spa,luminamedspa.org,hello@luminamedspa.org,hello@luminamedspa.org,,no_us_signal,https://luminamedspa.org,medspa,"nad+, glutathione",3
Luminance health & beauty clinic,luminancehbc.com,,,,no_email,https://luminancehbc.com,medspa,,0
LuminaSkin,luminaskin.com,admin@luminaskin.com,admin@luminaskin.com,,no_peptides,https://luminaskin.com,medspa,,0
"Luminous You, Elegant Aesthetic, IV Hydration and Wellness.",luminous-you.com,valery@luminous-you.com,valery@luminous-you.com,yes,no_peptides,https://luminous-you.com,medspa,,0
Luminous Medical Aesthetics,luminousmedaesthetics.com,info@luminousmedaesthetics.com,luminousmedicalaesthetics@gmail.com; info@luminousmedaesthetics.com,yes,no_peptides,https://luminousmedaesthetics.com,medspa,,0
Luminous MediSpa,luminousmedispa.com,,,,no_email,,vendor,,0
LumiVita Wellspa I Buckhead,lumivita.com,,,yes,no_email,https://lumivita.com,medspa,,0
Lumora Medical Aesthetics,lumoramedicalaesthetics.com,hello@lumoramedicalaesthetics.com,hello@lumoramedicalaesthetics.com; julia.aesthetic.pa@gmail.com,yes,no_peptides,https://lumoramedicalaesthetics.com,medspa,,0
Lumyn Medspa,lumynmedspa.com,,,yes,no_email,https://lumynmedspa.com,medspa,,0
Lunabella Aesthetics,lunabellaaesthetics.com,,,,no_email,https://lunabellaaesthetics.com,medspa,GLP-1 weight loss peptides,7
LunaGlow MedSpa®,lunaglowmedspa.com,,,,no_email,https://lunaglowmedspa.com,medspa,,1
Luna Med Aesthetics,lunamedaesthetics.com,contact@lunamedaesthetics.com,contact@lunamedaesthetics.com,yes,no_peptides,https://lunamedaesthetics.com,medspa,,0
LunaSol Med Spa,lunasolmedspa.com,,,yes,no_email,https://lunasolmedspa.com,medspa,,0
Lunata Eyelid and Cosmetic Surgery,lunataeyes.com,,,yes,no_email,https://lunataeyes.com,medspa,,0
Lure Boutique Medical Spa,luremedicalspa.com,,,yes,no_email,https://luremedicalspa.com,medspa,semaglutide,2
Lush Medical Aesthetics + Wellness,lushcheyenne.com,,,yes,no_email,https://lushcheyenne.com,medspa,"semaglutide, nad+",7
LUV Cosmetic & Wellness,luvcosmetic.com,,,yes,no_email,https://luvcosmetic.com,medspa,"semaglutide, tirzepatide",4
Lux Aesthetics Lounge,luxaestheticsmuncie.com,,,,no_email,https://luxaestheticsmuncie.com,medspa,,0
Lux Aesthetics,luxaestheticsseattle.com,info@luxaestheticsseattle.com,info@luxaestheticsseattle.com,yes,no_peptides,https://luxaestheticsseattle.com,medspa,,0
Luxe Aesthetic Surgery & Medical Spa,luxeaestheticsurgery.com,,,,no_email,,vendor,,0
Luxe Beauty Medspa,luxebeautymedicalspa.com,contact@luxebeautymedicalspa.com,contact@luxebeautymedicalspa.com,,no_peptides,https://luxebeautymedicalspa.com,medspa,,0
LUXE Body Sculpts Med Spa,luxebodysculpts.glossgenius.com,,,,no_email,https://luxebodysculpts.glossgenius.com,medspa,GLP-1 weight loss peptides,2
Luxe Chéri Medspa,luxecherimedspa.com,hello@luxecherimedspa.com,hello@luxecherimedspa.com,yes,no_peptides,https://luxecherimedspa.com,medspa,,0
Luxe Face and Body Med Spa,luxefaceandbodymedspa.com,,,yes,no_email,https://luxefaceandbodymedspa.com,medspa,kpv,2
Luxe Glow Aesthetics and Wellness,luxeglowohio.com,,,yes,no_email,https://luxeglowohio.com,medspa,,0
LUXE,luxelifemed.com,impallari@gmail.com,impallari@gmail.com; milenabbrandao@gmail.com,yes,already known,https://luxelifemed.com,medspa,"semaglutide, tirzepatide",9
Luxe Looks Med Spa,luxelooksmedspa.com,luxelooksmedspa@gmail.com,luxelooksmedspa@gmail.com,,no_peptides,https://luxelooksmedspa.com,medspa,,0
Luxe Lounge Medspa,luxeloungemedspa.com,,,yes,no_email,https://luxeloungemedspa.com,medspa,,0
Luxe Aesthetics & Wellness,luxemed-spa.com,contact@luxemed-spa.com,contact@luxemed-spa.com,,no_peptides,https://luxemed-spa.com,medspa,,0
Luxe Medspa,luxemedspaa.com,,,,unreachable,,,,
Luxe Med Spa,luxemedspatyler.com,,,yes,no_email,https://luxemedspatyler.com,medspa,tirzepatide,6
Luxe Mobile IV,luxemobileiv.com,,,yes,no_email,https://luxemobileiv.com,medspa,"nad+, glutathione",3
Luxe Wellness & Aesthetics,luxewellnessandaesthetics.com,,,,no_email,https://luxewellnessandaesthetics.com,medspa,,0
LUX ~ A Medical Spa,luxhhi.com,info@luxhhi.com,info@luxhhi.com,yes,no_peptides,https://luxhhi.com,medspa,,0
Lux Laser Medspa,luxlasermedspa.com,,,,no_email,https://luxlasermedspa.com,vendor,,0
LuxLife Medspa,luxlifemedspa.com,,,,no_email,https://luxlifemedspa.com,medspa,"semaglutide, tirzepatide",6
Lux Med Spa,luxmedspa.beauty,,,,no_email,https://luxmedspa.beauty,medspa,GLP-1 weight loss peptides,2
Luxology Wellness Spa Savage Minnesota,luxologywellnessspa.com,,,,unreachable,,,,
"Lux Weight Loss & Wellness by Dr. John Lee, M.D.",luxskinlasers.com,,,yes,no_email,https://luxskinlasers.com,medspa,"semaglutide, tirzepatide",6
Key Essentials Day Spa & Waxing Center,luxury-elitewellness.com,eyecatchininspo@gmail.com,eyecatchininspo@gmail.com; luxelitewellness@gmail.com,yes,no_peptides,https://luxury-elitewellness.com,vendor,,0
Luxury Medical Spa,luxurymedicalspa.com,,,yes,no_email,https://luxurymedicalspa.com,medspa,,0
Luxury MedSpa,luxuryspany.com,info@luxuryspany.com,info@luxuryspany.com,yes,no_peptides,https://luxuryspany.com,medspa,,0
Luxus Medical Spa,luxus-medical-spa.square.site,dnagage@yahoo.com,dnagage@yahoo.com,,no_peptides,,vendor,,0
Luxus Laser and Esthetics,luxusmn.com,luxusmn@outlook.com,luxusmn@outlook.com; luxuslaserandesthetics@gmail.com,yes,no_peptides,https://luxusmn.com,medspa,,0
Luxx Medical Spa,luxxmedspacenter.com,info@luxxmedspacenter.com,info@luxxmedspacenter.com,yes,no_peptides,https://luxxmedspacenter.com,medspa,,0
Las Vegas Aesthetics®,lvamedspa.com,,,yes,no_email,https://lvamedspa.com,medspa,,0
LVS La Vie Med Spas + Day Spa,lvmedspas.com,,,yes,no_email,https://lvmedspas.com,medspa,"semaglutide, tirzepatide, bpc-157, tb-500, thymosin alpha-1, nad+",23
"Love Your Body Medical Spa: Divina Averilla, MD",lybms.com,,,yes,no_email,https://lybms.com,medspa,,1
Luna Med Spa PLLC,lymedspa.com,,,,no_email,,vendor,,0
Lympha Spa & Massage,lymphaspaandmassage.com,fiona@lymphaspaandmassage.com,fiona@lymphaspaandmassage.com,yes,no_peptides,https://lymphaspaandmassage.com,vendor,,0
LYVE Medspa,lyvemedspa.com,,,,no_email,,vendor,,0
"The Medspa @50th in Oklahoma City, OK",m50medspa.com,,,,unreachable,,,,
Mac Med Spa,macmedspa.com,admin@macmedspa.com,admin@macmedspa.com,,no_peptides,https://macmedspa.com,medspa,,0
MaddMethods Skin & Body Day Spa,maddmethodsskinandbody.com,,,,no_email,https://maddmethodsskinandbody.com,vendor,,0
MadEmEl Medical Aesthetics,mademelmedspa.com,,,yes,no_email,https://mademelmedspa.com,medspa,GLP-1 weight loss peptides,3
MAD Esthetics,madestheticsms.com,,,yes,no_email,https://madestheticsms.com,medspa,GLP-1 weight loss peptides,3
Madonna Medical Spa,madonnamedicalspa.com,,,yes,no_email,https://madonnamedicalspa.com,medspa,,0
"Mag Medical & MediSpa, LLC",magmedicalmedispa.com,mag_medicalmedispa@yahoo.com,mag_medicalmedispa@yahoo.com,yes,no_peptides,https://magmedicalmedispa.com,medspa,,0
Magnolia Med Spa,magmedspa.com,medspamagnolia@gmail.com,medspamagnolia@gmail.com,yes,no_peptides,https://magmedspa.com,medspa,,0
Magnetic Aesthetics,magneticaesthetics.com,,,yes,no_email,https://magneticaesthetics.com,medspa,,1
MagnifaSkin Medspa,magnifaskinmedspa.com,,,yes,no_email,https://magnifaskinmedspa.com,medspa,,0
"The DRIPBaR Magnolia in Magnolia, TX",magnolia-1488-commons.thedripbar.com,,,,no_email,,vendor,,0
Magnolia Aesthetics & Wellness,magnoliaaestheticsandwellnessmn.com,,,yes,no_email,https://magnoliaaestheticsandwellnessmn.com,medspa,"nad+, sermorelin",3
Magnolia Dermatology,magnoliaderm.org,,,yes,no_email,https://magnoliaderm.org,medspa,,0
Magnolia Medspa,magnoliamdspa.com,,,,no_email,,vendor,,0
Magnolia Medspa & Wellness LLC,magnoliamedspaandwellness.org,,,,unreachable,,,,
Magnolia Med Spa,magnoliamedspaok.com,,,yes,no_email,https://magnoliamedspaok.com,medspa,"semaglutide, tirzepatide, glutathione",3
Maine Laser Skin Care & Medi Spa,mainelaserskincare.com,,,yes,no_email,https://mainelaserskincare.com,medspa,GLP-1 weight loss peptides,3
"John Abruzzo, M.d.",mainlinehealth.org,,,yes,no_email,https://mainlinehealth.org,medspa,GLP-1 weight loss peptides,3
Revive Mee IV Therapy,majesticbeautybarspa.as.me,,,,no_email,https://majesticbeautybarspa.as.me,vendor,,0
Maki Med Spa & Wellness,makimedspandwellness.com,,,yes,no_email,https://makimedspandwellness.com,medspa,,1
"Male Fertility Doc: Eric Seaman, MD",malefertilitydoc.com,,,yes,no_email,https://malefertilitydoc.com,medspa,,1
Malibu Canyon Medical Spa,malibucanyonmedspa.com,,,,no_email,,vendor,,0
Malibu Faces Medical Spa,malibufaces.com,,,yes,no_email,https://malibufaces.com,medspa,semaglutide,2
Malibu Medspa,malibumedspas.com,,,,unreachable,,,,
Malik Medical Aesthetics,malikmedicalaesthetics.com,,,yes,no_email,https://malikmedicalaesthetics.com,medspa,GLP-1 weight loss peptides,4
The Man Clinic,manclinics.com,,,yes,no_email,https://manclinics.com,vendor,"semaglutide, sermorelin",5
"The Spa at Mandarin Oriental, Boston",mandarinoriental.com,,,yes,no_email,https://mandarinoriental.com,vendor,,0
Mangata Medical Spa,mangatamedicalspa.com,info@mangatamedicalspa.com,info@mangatamedicalspa.com,yes,no_peptides,https://mangatamedicalspa.com,medspa,,0
Manhattan HRT Centers,manhattanhrt.com,,,yes,no_email,https://manhattanhrt.com,medspa,"semaglutide, tirzepatide, liraglutide, sermorelin, oxytocin",21
"Mansour Medical in Burlingame, CA",mansourmedical.com,dr.mansourmed@gmail.com,dr.mansourmed@gmail.com,,no_us_signal,https://mansourmedical.com,medspa,,2
Marbella MedSpa,marbellamedicalspa.com,,,,no_email,,vendor,,0
Marie Jé Aesthetics,mariejeaesthetics.com,,,yes,no_email,https://mariejeaesthetics.com,medspa,,0
Advanced Health Wellness Center,marigoldsharon.com,,,yes,no_email,https://marigoldsharon.com,vendor,,0
Courtyard by Marriott Jackson Ridgeland,marriott.com,,,,unreachable,,,,
MarSha MedSpa,marshamedspa.com,,,yes,no_email,https://marshamedspa.com,medspa,nad+,6
Massage Little Rock,massagelittlerock.com,,,yes,no_email,https://massagelittlerock.com,medspa,,0
Master Face Med Spa,masterfacemedspa.com,,,yes,no_email,https://masterfacemedspa.com,medspa,GLP-1 weight loss peptides,3
MAT's Clinic,matsclinic.com,info@matsclinic.com,info@matsclinic.com,,no_peptides,https://matsclinic.com,vendor,,0
Maven Medical Arts,mavenmedicalarts.com,,,,no_email,https://mavenmedicalarts.com,medspa,,0
MaVie Med Spa,maviemedspa.com,,,yes,no_email,https://maviemedspa.com,medspa,semaglutide,2
MAXIM Men's Health,maximmenshealth.com,,,yes,no_email,https://maximmenshealth.com,medspa,GLP-1 weight loss peptides,4
Max Results Med Spa,maxresultsmed.com,,,yes,no_email,https://maxresultsmed.com,medspa,"bpc-157, nad+, ipamorelin, sermorelin, tesamorelin, mots-c",14
Maxwell Aesthetics,maxwellaestheticsco.com,maxwellaestheticsco@outlook.com,maxwellaestheticsco@outlook.com,yes,no_peptides,https://maxwellaestheticsco.com,medspa,,0
Maya Medi-Spa,mayamedispa.com,,,yes,no_email,https://mayamedispa.com,medspa,,0
Maya Med Spa,mayamedspa.com,,,yes,no_email,https://mayamedspa.com,medspa,GLP-1 weight loss peptides,3
Mayra Almonte MedSpa & Wellness Center,mayraalmontemsw.com,,,,unreachable,,,,
MB Skincare,mbskincare.net,,,,no_email,,vendor,,0
Magnolia Med Spa & IV Therapy,mcalestermedspa.com,,,,unreachable,,,,
"The DRIPBaR McKinney in McKinney, TX",mckinney-marketplace.thedripbar.com,,,,no_email,,vendor,,0
MCNYC,mcnyc.net,,,,unreachable,,,,
MD Aesthetica MedSpa,mdamedspa.com,,,yes,no_email,https://mdamedspa.com,medspa,,2
MD Beauty Lab,mdbeautylab.com,,,yes,no_email,https://mdbeautylab.com,medspa,"semaglutide, tirzepatide",3
MD Beauty Club,mdbeautyspa.com,,,,no_email,https://mdbeautyspa.com,vendor,,0
Maryland Center for Facial Plastic Surgery,mdfacialplasticsurgery.com,,,yes,no_email,https://mdfacialplasticsurgery.com,medspa,,0
Cisne Wellness,mdl-spa.com,,,,unreachable,,,,
MD Laser and Cosmetics,mdlaserandcosmetics.com,,,yes,no_email,https://mdlaserandcosmetics.com/contact,medspa,GLP-1 weight loss peptides,2
MDS Medical Spa,mdsmedspa.com,,,,no_email,,vendor,,0
MD Ventures Medical Spa,mdventures.us,,,yes,no_email,https://mdventures.us,medspa,,3
MDW Aesthetics Miami,mdwaesthetics.com,brickell@mdwaesthetics.com,brickell@mdwaesthetics.com,yes,no_peptides,https://mdwaesthetics.com,medspa,,0
Infinity Med-I-Spa,med-i-spa.com,,,yes,no_email,https://med-i-spa.com,medspa,semaglutide,10
Med 44 Arcadia,med44arcadia.com,,,yes,no_email,https://med44arcadia.com,medspa,,0
Mediterra Medical,mediterramedical.com,,,,unreachable,,,,
Medical Man Cave,medmancave.com,,,,unreachable,,,,
Spa Botanica,medspaalbuquerque.com,,,yes,no_email,https://medspaalbuquerque.com,medspa,"semaglutide, tirzepatide",4
Healing Well Center + Med Spa Bar,medspabar.com,,,yes,no_email,https://medspabar.com,medspa,nad+,4
Lakeside Med Spa & IV Lounge,medspacda.com,,,,no_email,https://medspacda.com,vendor,,0
Med Spa Express,medspaexpress.net,info@medspaexpress.net,info@medspaexpress.net,yes,no_peptides,https://medspaexpress.net,medspa,,0
Magnolia Medspa,medspamagnolia.com,,,,no_email,https://medspamagnolia.com,medspa,,0
MedSpa of Chattanooga,medspaofchattanooga.com,icare@medspaofchattanooga.com,icare@medspaofchattanooga.com,,no_peptides,https://medspaofchattanooga.com,medspa,,0
Med Spa of Morgan City,medspaofmorgancity.com,,,yes,no_email,https://medspaofmorgancity.com,medspa,,0
Med Spa of North Georgia,medspaofnorthgeorgia.com,candislaytonfnp@gmail.com,candislaytonfnp@gmail.com; injectorcandisfnp@gmail.com,yes,already known,https://medspaofnorthgeorgia.com,medspa,"semaglutide, tirzepatide, nad+",4
Med Spa On Mill,medspaonmill.com,,,,unreachable,,,,
Med Spa of the Shoals,medspashoals.com,,,yes,no_email,https://medspashoals.com,medspa,nad+,2
HS MedSpa,medspatysons.com,info@gmail.com,info@gmail.com,yes,no_peptides,https://medspatysons.com,medspa,,0
Med Sync Health and Wellness,medsynctx.com,,,yes,no_email,https://medsynctx.com,medspa,semaglutide,7
MeehanMD,meehanmd.com,,,yes,no_email,https://meehanmd.com,medspa,,3
Meesha Health and Wellness,meeshawellness.com,,,yes,no_email,https://meeshawellness.com,medspa,glutathione,2
Mélange Medspa,melangemedicalmedspa.com,,,yes,no_email,https://melangemedicalmedspa.com,medspa,"semaglutide, tirzepatide",5
Melanite Laser Suite,melanitelaser.glossgenius.com,,,,no_email,https://melanitelaser.glossgenius.com,medspa,GLP-1 weight loss peptides,2
"The DRIPBaR Melbourne in Melbourne, FL",melbourne-pineda-landings.thedripbar.com,,,,no_email,,vendor,,0
Me Myself and I Day Spa,meltcheyenne.com,,,,no_email,,vendor,,0
Me Medspa,memedspausa.net,memedspamp@gmail.com,memedspamp@gmail.com,yes,no_peptides,,medspa,,0
The Men's Health Center,menshealthcenter.com,,,,no_email,,vendor,,0
Menspro Health Corporate Office,menspro.com,,,,no_email,https://menspro.com,medspa,"semaglutide, liraglutide",4
Menspro™ Knoxville,mensproknoxville.com,info@mensproknoxville.com,info@mensproknoxville.com,yes,no_peptides,https://mensproknoxville.com,medspa,,0
Men's Vitality Center & Vitality Internal Medicine,mensvitalitycenter.com,,,yes,no_email,https://mensvitalitycenter.com,medspa,semaglutide,11
Men's Wellness Centers,menswellnesscenters.com,,,yes,no_email,https://menswellnesscenters.com,vendor,,0
Men's Wellness Of Oklahoma,menswellnessofoklahoma.com,dortega@menswellnessofoklahoma.com,impallari@gmail.com; dortega@menswellnessofoklahoma.com,yes,no_peptides,https://menswellnessofoklahoma.com,medspa,,0
Meraki Massage,merakimassagewy.com,,,yes,no_email,https://merakimassagewy.com,vendor,,0
Ada Medical Practice,mercy.net,,,,no_email,https://mercy.net,medspa,,0
Adel Family Medical Center PC,mercyone.org,,,yes,no_email,https://mercyone.org,medspa,,0
Merge Medical Center,mergemedicalcenter.com,,,yes,no_email,https://mergemedicalcenter.com,medspa,,2
Vivacious Women's Wellness,metaglow.com,,,,unreachable,,,,
Me Time Botanicals Skincare & Day Spa,metimebotanicals.com,hello@metimebotanicals.com,hello@metimebotanicals.com,yes,no_peptides,https://metimebotanicals.com,vendor,,0
Mia Bella,miabellamedspa.com,miabellamedspa@gmail.com,miabellamedspa@gmail.com,yes,no_peptides,https://miabellamedspa.com,medspa,,0
"Urologist: Michael Rotman, MD",michaelrotmanurology.com,,,yes,no_email,https://michaelrotmanurology.com,medspa,,1
Michele A Finley MD,michelefinleymd.com,,,yes,no_email,https://michelefinleymd.com/faq,medspa,,0
Midlands Medical Wellness Center LLC,midlandsmedwc.com,,,yes,no_email,https://midlandsmedwc.com,medspa,,2
"The DRIPBaR Midlothian in Midlothian, VA",midlothian-va.thedripbar.com,,,,no_email,,vendor,,0
Millburn Glamour Day Spa,millburnglamourdayspa.com,millburnglamourspa@gmail.com,millburnglamourspa@gmail.com,yes,no_peptides,https://millburnglamourdayspa.com,vendor,,0
Mind & Body Renew Medical Spa and Psychiatry,mindandbodyrenew.com,charisse@mindandbodyrenew.com,charisse@mindandbodyrenew.com,,no_peptides,https://mindandbodyrenew.com/contact-us,medspa,,0
Nettles Herbal Health & Spa,missoulawellnessmt.com,,,yes,no_email,https://missoulawellnessmt.com,medspa,"nad+, glutathione",4
Milwaukee Laser & Body Aesthetics,mlandb.com,,,yes,no_email,https://mlandb.com,medspa,GLP-1 weight loss peptides,2
M&Co. Skin Clinic,mncoskinclinic.com,mncoskinclinic@gmail.com,mncoskinclinic@gmail.com,yes,no_peptides,https://mncoskinclinic.com,medspa,,0
MODERN AESTHETICS HAWAII,modernaestheticshawaii.com,paula@modernaestheticshawaii.com,paula@modernaestheticshawaii.com,,no_peptides,https://modernaestheticshawaii.com,medspa,,0
Modern Doctor,moderndoctorscottsdale.com,,,,unreachable,,,,
Modern Metabolic Weight Loss & Hormone Replacement,modernmetabolicreno.com,,,yes,no_email,https://modernmetabolicreno.com,medspa,GLP-1 weight loss peptides,3
Monarch Ideal Care,monarchidealcare.com,,,yes,no_email,https://monarchidealcare.com,medspa,kpv,3
Monet's Spa,monetsspa.com,,,,no_email,https://monetsspa.com,vendor,,0
Montebello Skin Care Studio,montebelloskincarestudio.com,info@montebelloskincarestudio.com,info@montebelloskincarestudio.com,yes,no_peptides,https://montebelloskincarestudio.com,medspa,,0
Spa Moonlight Kingdom,moonlight-kingdom666.square.site,spa.moonlightkingdom@gmail.com,spa.moonlightkingdom@gmail.com,,no_peptides,https://moonlight-kingdom666.square.site,vendor,,0
Moonlight Meadows Spa,moonlightmeadowsspa.com,moonlightmeadowspa@gmail.com,moonlightmeadowspa@gmail.com,yes,no_peptides,https://moonlightmeadowsspa.com,vendor,,0
"MOOV Health & Wellness in Frisco, TX",moov.health,,,,no_email,https://moov.health,medspa,"bpc-157, tb-500, thymosin alpha-1, nad+, ipamorelin, sermorelin",22
"Charles Aarons, MD",mpfcak.com,info@mpfcak.com,info@mpfcak.com,yes,no_peptides,https://mpfcak.com,medspa,,0
MS BEAUTY,msbeauty.mase.cloud,,,,no_email,https://msbeauty.mase.cloud,vendor,,0
Lotus Med Spa,mspremierplasticsurgery.com,info@mspremierplasticsurgery.com,info@mspremierplasticsurgery.com,yes,no_peptides,https://mspremierplasticsurgery.com,medspa,,0
MVP Men's Clinic,mvpmensclinic.com,,,yes,no_email,https://mvpmensclinic.com,medspa,"semaglutide, tirzepatide",8
+advitam®,myadvitam.com,,,yes,no_email,https://myadvitam.com,medspa,"semaglutide, tirzepatide, nad+",14
BeautyMed,mybeautymed.com,,,yes,no_email,https://mybeautymed.com,medspa,"nad+, glutathione",4
"Bioworx by Cryofit Alamo Ranch in San Antonio, TX",mybioworx.com,,,,no_email,https://mybioworx.com,medspa,"bpc-157, tb-500, nad+, selank, semax, ghk-cu",11
San Diego Center for Restorative Medicine,myhothaven.com,support@myhothaven.com,sweat@myhothaven.com; support@myhothaven.com; jenica@myhothaven.com; sean@myhothaven.com,yes,no_peptides,https://myhothaven.com,vendor,,0
Dr. Clayton L. Moliver,myhprs.com,,,yes,no_email,https://myhprs.com,medspa,,0
"MYIVSPA in Miami, FL",myivspa.com,,,,no_email,https://myivspa.com,medspa,"nad+, glutathione",4
"Alchemy Holistic Beauty and Wellness in Kansas City, MO",mykcwellness.com,,,yes,no_email,https://mykcwellness.com,medspa,,0
Le Mon Aesthetics,mylemonspa.com,booking@mylemonspa.com,booking@mylemonspa.com,,no_peptides,https://mylemonspa.com,medspa,,0
LUMINANCE REGENERATIVE BEAUTY & WELLNESS,myluminance.com,,,yes,no_email,https://myluminance.com,medspa,GLP-1 weight loss peptides,8
Lyfe Aesthetics & MedSpa,mylyfemedspa.com,lyfemedspa@gmail.com,lyfemedspa@gmail.com,yes,already known,https://mylyfemedspa.com,medspa,semaglutide,3
RenewAll Wellness & Aesthetics,myrenewall.com,,,yes,no_email,https://myrenewall.com,medspa,"semaglutide, tirzepatide, retatrutide, sermorelin, pt-141",8
Mystique Edge Day Spa & Salon,mystiqueedge.com,escape@mystiqueedge.com,escape@mystiqueedge.com; you@gmail.com,yes,no_peptides,https://mystiqueedge.com,vendor,,0
My Time Spa,mytime-spa.com,,,yes,no_email,https://mytime-spa.com,vendor,,0
MD Wellness Center and Med Spa,mytrimmd.com,,,,no_email,,vendor,,0
"Vida Wellness Puerto Rico in Carolina, PR",myvidawellness.com,,,,no_email,https://myvidawellness.com,medspa,"semaglutide, tirzepatide, retatrutide, bpc-157, tb-500, thymosin beta-4",21
"VIP Health, Wellness, & Recovery in Mandeville, LA",myviphealthhub.com,,,yes,no_email,https://myviphealthhub.com,medspa,"semaglutide, nad+, tirzepatide",10
My Wellness Haven Med Spa,mywellnesshavenmedspa.com,info@mywellnesshavenmedspa.com,info@mywellnesshavenmedspa.com,yes,no_peptides,https://mywellnesshavenmedspa.com/pages/contact,medspa,,0
"NAD Treatment Center in San Diego, CA",nadtreatmentcenter.com,,,,unreachable,,,,
Naked Skin Lv Med Spa,nakedskinlv.glossgenius.com,,,,no_email,https://nakedskinlv.glossgenius.com,medspa,GLP-1 weight loss peptides,2
Nars Aesthetics,narsabq.com,,,yes,no_email,https://narsabq.com/contact,medspa,GLP-1 weight loss peptides,3
Nashville Testosterone Replacement Therapy Clinic,nashville.trtbestprovider.com,,,,no_email,https://nashville.trtbestprovider.com,vendor,,0
Woodhouse Spa,nashville.woodhousespas.com,,,,no_email,,vendor,,0
"Nashville Hormone & Integrative Medicine, NHIMC",nashvillehormone.com,,,,no_email,,vendor,,0
Nashville Men's Health,nashvillemenshealth.com,,,yes,no_email,https://nashvillemenshealth.com,medspa,,0
National Low T Clinic,nationallowt.com,,,,no_email,https://nationallowt.com,medspa,,0
Natural Body Spa + Med Spa,naturalbody.com,,,,unreachable,,,,
Jennie Evans Natural Med Spa,naturalmedspa.com,jennieevansnaturalmedspa@yahoo.com,jennieevansnaturalmedspa@yahoo.com,yes,no_peptides,https://naturalmedspa.com,medspa,,0
Nourish Me Wellness IV Therapy Spa,naturopathybyleend.com,seedrlee123@gmail.com,seedrlee123@gmail.com; naturopathybylee@gmail.com,yes,no_peptides,https://naturopathybyleend.com,vendor,,0
"Nenergy Boost in Los Angeles, CA",nenergyboost.com,,,yes,no_email,https://nenergyboost.com,medspa,"nad+, glutathione",6
NeuLogics Wellness & Medical,neulogics.org,,,yes,no_email,https://neulogics.org/about-us,medspa,"semaglutide, tirzepatide",7
Unique Health and Body,new-braunfels.thedripbar.com,,,,no_email,,vendor,,0
New England Medical Group,newenglandmedgroup.com,,,,unreachable,,,,
Healthy Aging Medical Centers,newjerseyantiaging.com,,,,no_email,https://newjerseyantiaging.com,medspa,,0
New Leaf Wellness,newleafcenters.com,,,yes,no_email,https://newleafcenters.com,medspa,GLP-1 weight loss peptides,8
New Life Male Medical Center,newlifemalemedicalcenter.com,,,,unreachable,,,,
New Orleans Aesthetics,neworleansaesthetics.com,info@neworleansaesthetics.com,info@neworleansaesthetics.com,yes,no_peptides,https://neworleansaesthetics.com,medspa,,0
Vitality Wellness Group,neworleanshormonetherapy.com,,,yes,no_email,https://neworleanshormonetherapy.com,medspa,"bpc-157, tb-500, thymosin beta-4, nad+, sermorelin, pt-141",13
"The DRIPBaR Newport in Newport, RI",newport-goddard-row.thedripbar.com,,,,no_email,,vendor,,0
New U Anti Aging,newuantiaging.com,,,yes,no_email,https://newuantiaging.com,medspa,,2
"NewU Hydration Lounge in San Jose, CA",newuhydrationlounge.com,info@newuhydrationlounge.com,info@newuhydrationlounge.com,,no_us_signal,https://newuhydrationlounge.com,medspa,,1
"The New You Medical and Infusion Clinic in Hurst, TX",newyoumedclinic.com,drstangenwald@yahoo.com,drstangenwald@yahoo.com; thenewyoumedical12@gmail.com,,no_peptides,https://newyoumedclinic.com,vendor,,0
Nexa Med Spa,nexamedspa.com,,,yes,no_email,https://nexamedspa.com,medspa,"semaglutide, tirzepatide",5
NexGen Health And Wellness,nexgenhnw.com,nexgenhealthclinic@gmail.com,nexgenhealthclinic@gmail.com,yes,already known,https://nexgenhnw.com,medspa,"semaglutide, tirzepatide, retatrutide, nad+",14
Vitality Hormones & IV Bar,nhmwellness.com,,,yes,no_email,https://nhmwellness.com,medspa,"sermorelin, glutathione",9
"Nina Deep, MD Aesthetics",ninadeep.com,,,,unreachable,,,,
Nirvana Wellness Med Spa & Beauty,nirvanawellnessmedspa.com,,,yes,no_email,https://nirvanawellnessmedspa.com,medspa,,0
"NIVA Health in Melbourne, FL",nivahealth.com,,,,no_email,,vendor,,0
NOLA Chill,nolachill.com,info@nolachill.com,info@nolachill.com,yes,no_peptides,https://nolachill.com,medspa,,0
Nordic Spa Vermont,nordicspavt.com,,,yes,no_email,https://nordicspavt.com,vendor,,0
"North Peninsula Medical Spa in South San Francisco, CA",northpeninsulamedicalspa.com,,,,no_email,https://northpeninsulamedicalspa.com,medspa,,1
"Nova Clinic Aesthetics, Health, and Spa",novaclinicsllc.com,,,,no_email,https://novaclinicsllc.com,vendor,,0
Nova Wellness,novawellnessclt.com,,,yes,no_email,https://novawellnessclt.com,medspa,nad+,8
"The DRIPBaR Novi Pavillion in Novi, MI",novi-pavillion.thedripbar.com,,,,no_email,,vendor,,0
Advanced Integrative Medicine,nuevapiel2023.com,nuevapiel0223@gmail.com,nuevapiel0223@gmail.com,yes,no_peptides,https://nuevapiel2023.com,vendor,,0
"NuLife Med LLC in Manchester, NH",nulifemed.com,info@nulifemed.net,info@nulifemed.net,yes,no_peptides,https://nulifemed.com,medspa,,0
"Kimberly Santos, RN",nursekimberlyla.com,,,yes,no_email,https://nursekimberlyla.com,medspa,,0
"Nursie Cosmetics & Aesthetics Wellness Center in Las Vegas, NV",nursiecosmeticsbeauty-spa.com,,,yes,no_email,https://nursiecosmeticsbeauty-spa.com,medspa,nad+,5
Nurtur Salon + Spa,nurtursalon.com,,,yes,no_email,https://nurtursalon.com,medspa,,0
Revive Therapy & Aesthetics,nutimamed.com,,,yes,no_email,https://nutimamed.com,medspa,GLP-1 weight loss peptides,4
Nuyu Medspa,nuyumedspanm.com,info@nuyumedspanm.com,maria@nuyumedspanm.com; info@nuyumedspanm.com,yes,no_peptides,https://nuyumedspanm.com,medspa,,0
NW Men's Health,nwmenshealth.com,,,,no_email,https://nwmenshealth.com/services,medspa,,2
NYAH Med Spa,nyahmedspa.com,feedback@nyahmedspa.com,nyahmedspa3@gmail.com; feedback@nyahmedspa.com; eedback@nyahmedspa.com,yes,no_peptides,https://nyahmedspa.com,medspa,,0
"The Drip Lounge, PLLC in Newburgh, NY",nydriplounge.com,,,yes,no_email,https://nydriplounge.com,medspa,"semaglutide, tirzepatide, cagrilintide, bpc-157, thymosin alpha-1, nad+",17
NYC Men's Health,nymenshealth.com,,,,unreachable,,,,
Longevity Acupuncture & Oriental Medicine,nyspasauna.com,nyspa149@gmail.com,nyspa149@gmail.com,yes,no_peptides,https://nyspasauna.com,vendor,,0
Obsidian Men's Health,obsidianmenshealth.com,,,yes,no_email,https://obsidianmenshealth.com,medspa,,1
OCCO Luxury Spa,occoluxuryspa.com,occoluxuryspa@gmail.com,occoluxuryspa@gmail.com,yes,no_peptides,https://occoluxuryspa.com,medspa,,0
"Oceanfront Esthetics, Skin Care Studio and Saunas",oceanfrontesthetics.com,info@oceanfrontesthetics.com,info@oceanfrontesthetics.com,yes,no_peptides,https://oceanfrontesthetics.com,vendor,,0
"Anti-Fragility Health Clinic in Anaheim, CA",ocivlounge.com,,,,no_email,https://ocivlounge.com,vendor,,0
OmaBody,omabody.com,info@omabody.com,info@omabody.com,yes,no_peptides,https://omabody.com,vendor,,0
Only for Men Medical Clinic,onlyformenmedicalclinic.com,,,yes,no_email,https://onlyformenmedicalclinic.com,medspa,,0
"Onus IV Therapy + Longevity: Denver Tech Center in Greenwood Village,",onusiv.com,,,,no_email,https://onusiv.com,medspa,"nad+, sermorelin, ghk-cu, glutathione",13
Onyx Aesthetics & Wellness,onyxaw.com,info@onyxaw.com,info@onyxaw.com,yes,no_peptides,https://onyxaw.com,medspa,,0
Hormones,opal medical clinic|opalmedical.com,,,,unreachable,,,,
"Optimal Health and Wellness in Pasadena, CA",opthealthwellness.com,,,yes,no_email,https://opthealthwellness.com,medspa,"semaglutide, tirzepatide, bpc-157, thymosin alpha-1, ipamorelin, tesamorelin",17
Optimal Vitality & Aesthetics,optimalhealthassociates.com,,,,no_email,,vendor,,0
Optimal Health Spectrums,optimalhealthspectrums.com,,,yes,no_email,https://optimalhealthspectrums.com,medspa,"semaglutide, tirzepatide",5
"Optimal Wellness St. Pete in St. Petersburg, FL",optimalwellnessstpete.com,,,,no_email,,vendor,,0
Optimize U,optimizeucenters.com,,,,no_email,https://optimizeucenters.com,medspa,"semaglutide, tirzepatide, liraglutide, sermorelin, tesamorelin, pt-141",18
Optimize U,optimizeulouisville.com,,,yes,no_email,https://optimizeulouisville.com,medspa,GLP-1 weight loss peptides,4
"Optimum Human: Science-backed Wellness, Beauty, & Recovery",optimumhuman.com,,,yes,no_email,https://optimumhuman.com,vendor,semaglutide,9
Andi's Integrated Health Care & Med Spa,optimumwh.com,,,,no_email,https://optimumwh.com/about,vendor,,0
"Infusion Partners of Melbourne LLC in Melbourne, FL",optioncarehealth.com,,,yes,no_email,https://optioncarehealth.com,medspa,,0
Dr. Oriana Ramirez,orianaramirezmd.com,,,,unreachable,,,,
Orleans Body Contouring,orleansbodycontouring.com,,,yes,no_email,https://orleansbodycontouring.com,medspa,,0
Regenesis Stem Cell Center,osteostronghsv.com,getstrong@osteostronghsv.com,osteostronghsv@gmail.com; getstrong@osteostronghsv.com,yes,no_peptides,https://osteostronghsv.com,vendor,,0
Gameday Men's Health Seal Beach,osteostrongsealbeach.com,,,yes,no_email,https://osteostrongsealbeach.com,vendor,,0
BeBalanced Natural Hormone Weight Loss,other23wellness.com,,,yes,no_email,https://other23wellness.com,medspa,"semaglutide, tirzepatide",6
Journey Skincare,ourskincarejourney.com,hello@ourskincarejourney.com,hello@ourskincarejourney.com,yes,no_peptides,https://ourskincarejourney.com,vendor,,0
OVME,ovme.com,help@ovme.com,help@ovme.com,yes,already known,https://ovme.com,vendor,tirzepatide,4
"OWM Integrative Wellness in Buffalo, NY",owmintegrativewellness.com,,,,unreachable,,,,
Paradise City Salon & Spa,paradisecitysalon.net,info@paradisecitysalon.net,info@paradisecitysalon.net,,no_peptides,https://paradisecitysalon.net,vendor,,0
Parisian Medi Spa,parisianmedispa.com,parisianmedispa@gmail.com,parisianmedispa@gmail.com,yes,no_peptides,https://parisianmedispa.com,medspa,,0
Parpar,parpar.com,my@parpar.com,my@parpar.com,yes,no_peptides,https://parpar.com,medspa,,0
Passaic Testosterone Replacement Therapy Group,passaic.trtlocalexpert.com,,,,no_email,https://passaic.trtlocalexpert.com,vendor,,0
Patio Splash Hot Tubs and Spas Cheyenne Wyoming,patiosplash.com,,,,unreachable,,,,
ProCare Wellness Institute,pcw.health,,,yes,no_email,https://pcw.health,medspa,GLP-1 weight loss peptides,11
Peak Health Group INC,peakhealthgroup.com,,,,no_email,,vendor,,0
Peak Personalized Healthcare,peakhealthidaho.com,,,,no_email,,vendor,,0
Peak Hydration Spa,peakhydrationspa.com,,,,unreachable,,,,
Peak TRT and Wellness,peaktrtandwellness.com,,,yes,no_email,https://peaktrtandwellness.com,medspa,,0
PEAK Wellness Spa,peakwellnessmissoula.com,,,yes,no_email,https://peakwellnessmissoula.com,medspa,,0
Pearl Medical Aesthetics,pearlboise.com,info@pearlboise.com,info@pearlboise.com,,no_peptides,https://pearlboise.com,medspa,,0
Pearl Peau,pearlpeau.com,info@pearlpeau.com,info@pearlpeau.com,yes,no_peptides,https://pearlpeau.com,medspa,,0
Perspire Sauna Studio,perspiresaunastudio.com,,,,no_email,https://perspiresaunastudio.com,medspa,,0
"Infusion Connections Pharmacy Services INC in Santa Monica, CA",pharmacy-near-me.com,,,,unreachable,,,,
PHC Aesthetics,phcaesthetics.com,,,,no_email,,vendor,,0
"The Phoenix Apothecary And Parlor in Knoxville, TN",phoenixpharmacyandicecream.com,,,yes,no_email,https://phoenixpharmacyandicecream.com,vendor,,0
Physicians Blend HGH,physiciansblendhgh.com,info@physiciansblendhgh.com,info@physiciansblendhgh.com,,no_us_signal,https://physiciansblendhgh.com,medspa,semaglutide,5
Physicians Med Spa,physiciansmedspa.com,,,yes,no_email,https://physiciansmedspa.com,medspa,,0
Physician's Plan,physiciansplan.com,,,,no_email,https://physiciansplan.com,medspa,"semaglutide, tirzepatide, kpv",14
"PHC Wellness in Mooresville, NC",piedmonthealthcare.com,,,yes,no_email,https://piedmonthealthcare.com,medspa,,1
Piel Med Spa,piel-medspa.com,,,,unreachable,,,,
Dr G Med Spa,plasticsurgeryelpaso.net,,,yes,no_email,https://plasticsurgeryelpaso.net,medspa,,0
PointInfusion,pointhealthclinic.com,,,yes,no_email,https://pointhealthclinic.com,medspa,glutathione,5
Poise Aesthetics,poiseaesthetics.com,,,,no_email,https://poiseaesthetics.com,medspa,,0
Polaris Medical Aesthetics,polarisaesthetics.com,,,,no_email,,vendor,,0
Port City Plastic Surgery,portcityplasticsurgery.com,,,yes,no_email,https://portcityplasticsurgery.com,medspa,GLP-1 weight loss peptides,3
Portland Prenatal Massage,portlandmaineprenatalmassage.com,,,yes,no_email,https://portlandmaineprenatalmassage.com,vendor,,0
Port MD Medical Wellness,portmdmedicalwellness.com,,,yes,no_email,https://portmdmedicalwellness.com,medspa,,2
Jolene Aesthetics,portraitcare.com,,,,no_email,https://portraitcare.com,medspa,GLP-1 weight loss peptides,4
Premier Men's Health and Wellness,premiermenshealthandwellness.org,,,,unreachable,,,,
Springville Dermatology,prestigewellnessinstitute.com,,,yes,no_email,https://prestigewellnessinstitute.com,medspa,semaglutide,7
Prime Medical Spa,primemedicalspa.com,,,,no_email,,vendor,,0
Prism Beauty,prismbeautyvt.com,meg@prismbeautyvt.com,meg@prismbeautyvt.com,yes,no_peptides,https://prismbeautyvt.com,vendor,,0
"Sajal Patel, MD",providerdirectory.uabmedicine.org,,,yes,no_email,https://providerdirectory.uabmedicine.org,vendor,,0
PSI Medical Group,psimed1.com,,,yes,no_email,https://psimed1.com,medspa,glutathione,5
Regenerative & Sports Medicine,psrmed.com,,,,no_email,https://psrmed.com,medspa,GLP-1 weight loss peptides,4
Pure Beauty,purebeautyvt.com,info@purebeautyvt.com,impallari@gmail.com; info@purebeautyvt.com,yes,no_peptides,https://purebeautyvt.com,medspa,,0
Pure Indulgence Day Spa,pureindulgencespa.com,pureindulgencespanh@gmail.com,pureindulgencespanh@gmail.com,yes,no_peptides,https://pureindulgencespa.com,medspa,,0
Pure Magic Aesthetics Beauty & Wellness Spa,puremagicaesthetics.com,,,,unreachable,,,,
"Pure Medical Aesthetics, PLLC",puremedaestheticsrc.com,,,yes,no_email,https://puremedaestheticsrc.com,medspa,,0
QC Kinetix (Des Moines),qckinetix.com,,,yes,no_email,https://qckinetix.com,medspa,,1
Quench IV Studio (Vintage Park),quenchivstudio.com,info@quenchivstudio.com,info@quenchivstudio.com,,no_us_signal,https://quenchivstudio.com,medspa,glutathione,3
R3 Stem Cell Nashville,r3stemcell.com,info@r3stemcell.com,info@r3stemcell.com,,no_us_signal,https://r3stemcell.com,medspa,,1
Rachel Dahlen Aesthetics,racheldahlen.com,hello@racheldahlen.com,hello@racheldahlen.com,,no_peptides,https://racheldahlen.com,medspa,,0
Radiance Med Spa,radiancemedspawi.com,,,,no_email,,vendor,,0
Evolution Empowerment Integrative Wellness Center,rapidrevivewellness.com,,,,no_email,,vendor,,0
Reagan Aesthetics,reaganaesthetics.com,info@reaganaesthetics.com,info@reaganaesthetics.com,yes,no_peptides,https://reaganaesthetics.com,medspa,,0
"IV Drip Therapy in New York, NY",rebalancenyc.com,,,,no_email,,vendor,,0
Renew Vitality Testosterone Clinic,recover-restore-revive.com,,,yes,no_email,https://recover-restore-revive.com,medspa,"sermorelin, epithalon",11
Redavfined Aesthetics,redavfinedaesthetics.com,derek@redavfinedaesthetics.com,derek@redavfinedaesthetics.com,yes,no_peptides,https://redavfinedaesthetics.com,medspa,,0
Redwood in the Round,redwoodintheround.com,,,,no_email,,vendor,,0
Refined Beauty Medical Spa,refinedbeautymedspa.com,,,yes,no_email,https://refinedbeautymedspa.com,medspa,,0
Refined Medical,refinedmedicalny.com,,,yes,no_email,https://refinedmedicalny.com,medspa,"semaglutide, tirzepatide",9
Refine Medical,refinemedicalclinic.com,,,,unreachable,,,,
The Medical Spa,refineuokc.com,,,yes,no_email,https://refineuokc.com,medspa,,0
Reform ABQ,reformabq.com,,,,unreachable,,,,
"RegenCen: Dr. Gustav Lo, MD",regencen.com,,,yes,no_email,https://regencen.com,medspa,"semaglutide, tirzepatide, nad+",13
Regenerate Men's Health Medical Clinic,regeneratemenshealth.com,,,yes,no_email,https://regeneratemenshealth.com,medspa,,1
Regenerative Health NY,regenerativehealthny.com,,,,no_email,,vendor,,0
Regeneris Elite Men's Health Center,regenerismen.com,,,yes,no_email,https://regenerismen.com,medspa,"bpc-157, ipamorelin, cjc-1295",7
Regenerative MedSpa of Buckhead,regenmedspabuckhead.com,,,yes,no_email,https://regenmedspabuckhead.com,medspa,GLP-1 weight loss peptides,6
"Rejeune MD Wellness & Aesthetics: Donald Strong, MD",rejeunemd.com,,,yes,no_email,https://rejeunemd.com,medspa,"semaglutide, tirzepatide",10
Rejuv MedSpa,rejuv-medspa.com,,,yes,no_email,https://rejuv-medspa.com,medspa,,0
Rejuvalife Vitality Institute,rejuvalife.md,,,yes,no_email,https://rejuvalife.md,medspa,snap-8,9
Rejuvchip,rejuvchip.com,,,yes,no_email,https://rejuvchip.com,medspa,,4
Rejuvena Cosmetic Medical Center,rejuvenaclinic.com,,,yes,no_email,https://rejuvenaclinic.com,medspa,,0
Rejuvenate Restore Med Spa,rejuvenateatlanta.com,,,yes,no_email,https://rejuvenateatlanta.com,medspa,,0
R&H Rejuvenation and Health Aesthetics,rejuvenationandhealth.com,rejuvenationandhealth@gmail.com,rejuvenationandhealth@gmail.com,yes,already known,https://rejuvenationandhealth.com,medspa,nad+,2
"Rejuvenation Care Clinic of Central Florida, LLC",rejuvenationcareclinic.com,,,yes,no_email,https://rejuvenationcareclinic.com,medspa,"semaglutide, tirzepatide",7
Oasis Nutrition & Rehab,rejuvenationmedspaweightloss.com,,,,no_email,,vendor,,0
Rejuvime Medical,rejuvimemedical.com,,,yes,no_email,https://rejuvimemedical.com,medspa,"semaglutide, tirzepatide, sermorelin",10
Spa Juniper,relaxatspajuniper.com,,,yes,no_email,https://relaxatspajuniper.com,vendor,,0
Radiance Skincare,relaxwithradiance.com,,,yes,no_email,https://relaxwithradiance.com,medspa,,0
Revitalize,reluxmedspa.com,info@reluxmedspa.com,info@reluxmedspa.com,yes,no_peptides,https://reluxmedspa.com,medspa,,0
Remedy Med Spa,remedy-nh.com,,,yes,no_email,https://remedy-nh.com,medspa,glutathione,4
Renew Laser & Aesthetic Medicine,renewlasermed.com,,,yes,no_email,https://renewlasermed.com,medspa,"semaglutide, tirzepatide",8
RVA Revive,renewmetoday.com,,,yes,no_email,https://renewmetoday.com,medspa,glutathione,4
"Reno Men’s Health: Mark Hahn, MD",reno-mens-health.com,,,,no_email,https://reno-mens-health.com,vendor,,0
"Reno Premier Medicine: Chris Martin, APRN, FNP-C",renopremiermedicine.com,,,,no_email,https://renopremiermedicine.com,vendor,"nad+, dsip, kpv",5
Body IV,renuehealth.com,,,,no_email,https://renuehealth.com,vendor,,1
Replenish: The Spa Co-op,replenishwith.us,,,,no_email,,vendor,,0
Restorative Health,restorative-health.com,,,,unreachable,,,,
Restore Hyper Wellness,restore.com,,,yes,no_email,https://restore.com,medspa,"semaglutide, tirzepatide, nad+, glutathione",7
Restore Body Balance,restorebodybalance.net,restorebodybalance813@gmail.com,restorebodybalance813@gmail.com,yes,no_peptides,https://restorebodybalance.net,medspa,,0
Restore Medical Spa,restorebydukecity.com,,,,no_email,https://restorebydukecity.com,medspa,,1
Restore Wellness Collective,restorewellnesswi.com,,,yes,no_email,https://restorewellnesswi.com,medspa,GLP-1 weight loss peptides,5
RE Wellness,restrecoveryjackson.com,,,,unreachable,,,,
Revibe Men's Health by Universal Men's Clinic,revibemenshealth.com,,,yes,no_email,https://revibemenshealth.com,medspa,GLP-1 weight loss peptides,5
RevitaLife MD,revitalifemd.com,,,yes,no_email,https://revitalifemd.com,medspa,GLP-1 weight loss peptides,5
"RevitaLife Medical & Spa in Des Peres, MO",revitalifewellness.com,,,yes,no_email,https://revitalifewellness.com,medspa,glutathione,5
"Revitalize IV Solutions & MedSpa in Chicago, IL",revitalizeivsolutions.com,revitalizeivsolutions@gmail.com,revitalizeivsolutions@gmail.com,yes,already known,https://revitalizeivsolutions.com,medspa,"semaglutide, tirzepatide, bpc-157, tb-500, nad+, ipamorelin",34
Revive MKE,revive-mke.com,reviveinjectablesmke@gmail.com,reviveinjectablesmke@gmail.com,yes,already known,https://revive-mke.com,vendor,kpv,1
Revive & Thrive,reviveandthrivems.com,staff@reviveandthrivems.com,staff@reviveandthrivems.com,yes,no_peptides,https://reviveandthrivems.com,vendor,,0
Revived Medical Aesthetics,revivedmedicalaesthetics.com,,,yes,no_email,https://revivedmedicalaesthetics.com,medspa,nad+,4
"Revive Infusion Bar in Mechanicsville, VA",reviveinfusionbar.com,reviveinfusionbar@gmail.com,reviveinfusionbar@gmail.com,yes,already known,https://reviveinfusionbar.com,medspa,"semaglutide, tirzepatide, nad+",6
"Revive IV Lounge in Buford, GA",reviveivloungebuford.com,drip@reviveivloungebuford.com,drip@reviveivloungebuford.com,,no_us_signal,https://reviveivloungebuford.com,medspa,,1
Revive,reviveketamineclinic.com,,,,unreachable,,,,
Revive Lifestyle Medicine,revivelifestylemedicine.com,,,yes,no_email,https://revivelifestylemedicine.com,medspa,"semaglutide, tirzepatide",6
"Revive Med Spa Farmington Hills Ardis Schmitt, RN",revivema.com,,,yes,no_email,https://revivema.com,medspa,,0
Revive Men's Testosterone & Women's Aesthetic Clinic,revivemens.com,,,,unreachable,,,,
WELLNESS MEDSPA,reviverxmedspa.com,reviverxmedspa@gmail.com,reviverxmedspa@gmail.com,yes,already known,https://reviverxmedspa.com,medspa,"semaglutide, tirzepatide",11
"REV IV & Wellness in San Diego, CA",revwellness.life,,,,no_email,https://revwellness.life,vendor,,0
RI Aesthetics,riaesthetics.com,,,,no_email,https://riaesthetics.com,medspa,,0
Ribera Healthcare Clinic,riberahealthcare.org,,,,unreachable,,,,
Rise Functional Medicine,risefxmed.com,,,yes,no_email,https://risefxmed.com/contact,vendor,,0
"The Ritz-Carlton Spa, Los Angeles",ritzcarlton.com,shunpei.oya@ritzcarlton.com,shunpei.oya@ritzcarlton.com,,no_peptides,https://ritzcarlton.com,vendor,,0
River North Wellness and Med Spa,rnmedspa.com,rivernorthmedspa@gmail.com,rivernorthmedspa@gmail.com,yes,already known,https://rnmedspa.com,medspa,GLP-1 weight loss peptides,3
"The DRIPBaR Rochester Hills in Rochester Hills, MI",rochester-hills.thedripbar.com,,,,no_email,,vendor,,0
Rochester Center for Sexual Wellness,rochestercenterforsexualwellness.com,,,,no_email,,vendor,,0
Rocky Mountain Men's Clinic,rockymountainmensclinic.com,,,yes,no_email,https://rockymountainmensclinic.com,medspa,GLP-1 weight loss peptides,2
Rod Cain Massage Therapy,rodcainmassage.com,,,yes,no_email,,vendor,,0
Roman's Wellness Center,romanswellnesscenter.com,,,yes,no_email,https://romanswellnesscenter.com,medspa,,0
"Roots Wellness in Thousand Oaks, CA",rootswellnessfm.com,,,yes,no_email,https://rootswellnessfm.com,vendor,,0
Rouge Medical,rougemedbr.com,,,yes,no_email,https://rougemedbr.com,medspa,"semaglutide, tirzepatide",7
Royal Skin Esthetics LLC,royalskinesthetics.glossgenius.com,royalskinesthicsllc@gmail.com,royalskinesthicsllc@gmail.com,yes,no_peptides,https://royalskinesthetics.glossgenius.com,vendor,,0
Royal Table Massage Therapy,royaltablemassage.com,impallari@gmail.com,impallari@gmail.com,yes,no_peptides,https://royaltablemassage.com/contact-us,vendor,,0
Royal Treatments LLC,royaltreatmentsspa.com,info@royaltreatmentsspa.com,info@royaltreatmentsspa.com,yes,no_peptides,https://royaltreatmentsspa.com,vendor,,0
Royal TRT,royaltrt.com,impallari@gmail.com,impallari@gmail.com,yes,already known,https://royaltrt.com,medspa,,2
Optimal Health & Wellness Center,rvaohw.com,,,yes,no_email,https://rvaohw.com,medspa,"semaglutide, tirzepatide",11
RVIVE Men’s Health,rvivemenshealth.com,,,yes,no_email,https://rvivemenshealth.com,medspa,"semaglutide, tirzepatide, nad+",15
"Arizona Medical Infusion in Phoenix, AZ",rxspark.com,,,yes,no_email,https://rxspark.com,medspa,,0
Dr. Raymond Adamcik,rymap.org,,,,no_email,https://rymap.org,vendor,,0
L.G. Cosmetic Center,rymaps.xyz,,,,no_email,https://rymaps.xyz,vendor,,0
The Spa by Sadeghi,sadeghiplasticsurgery.com,,,,no_email,,vendor,,0
"Salerno Wellness in Shelton, CT",salernowellness.com,,,yes,no_email,https://salernowellness.com,medspa,glutathione,5
Saltwater Wellness,saltwaterwellnessme.com,kate@saltwaterwellnessme.com,kate@saltwaterwellnessme.com; saltwaterwellnessme@gmail.com,yes,no_peptides,https://saltwaterwellnessme.com,medspa,,0
Saltz Plastic Surgery & Saltz Spa Vitoria,saltzplasticsurgery.com,,,yes,no_email,https://saltzplasticsurgery.com,medspa,GLP-1 weight loss peptides,3
"The DRIPBaR Fossil Creek in San Antonio, TX",san-antonio-fossil-creek.thedripbar.com,,,,no_email,,vendor,,0
"San Diego Mobile IV Therapy in San Diego, CA",sandiegomobileiv.com,,,yes,no_email,https://sandiegomobileiv.com,medspa,"semaglutide, nad+, glutathione",6
Testosterone Replacement Therapy,sanford.purehormones.net,,,,no_email,https://sanford.purehormones.net,vendor,,0
Sansa Med Spa & Wellness,sansamedspa.com,hello@sansamedspa.com,hello@sansamedspa.com,yes,no_peptides,https://sansamedspa.com,medspa,,0
Alpha Male Men's Clinic,scalphamale.com,,,yes,no_email,https://scalphamale.com,medspa,,6
Schlessinger MD Dermatology & Cosmetic Surgery,schlessingermd.com,,,yes,no_email,https://schlessingermd.com,medspa,,0
Scientiphika Medical Spa,scientiphikamedspa.com,scientiphika@gmail.com,scientiphika@gmail.com,yes,already known,https://scientiphikamedspa.com,medspa,glutathione,3
Scout Aesthetics,scoutaesthetics.com,,,yes,no_email,https://scoutaesthetics.com,medspa,,1
Evolv Wellness MedSpa,sculptedmd.com,,,,no_email,,vendor,,0
Serenity's Dream,sdldspa.com,sdldspa@yahoo.com,sdldspa@yahoo.com,,no_peptides,https://sdldspa.com,vendor,,0
"Charles Adams, MD",seamar.org,,,yes,no_email,https://seamar.org,medspa,,0
Seattle Regenerative Medicine Center,seattleregen.com,,,yes,no_email,https://seattleregen.com,medspa,GLP-1 weight loss peptides,5
Spavia Day Spa,seattlewa.spaviadayspa.com,,,yes,no_email,https://seattlewa.spaviadayspa.com,vendor,,0
Sei Bella Med Spa,seibellamedspa.net,,,yes,no_email,https://seibellamedspa.net,medspa,"semaglutide, tirzepatide, retatrutide, bpc-157, tb-500, thymosin beta-4",32
Serendipity Day Spa,serendipitydayspa.com,,,,unreachable,,,,
Serendipity Studios,serendipitymaine.com,allie@serendipitymaine.com,allie@serendipitymaine.com,yes,no_peptides,https://serendipitymaine.com,vendor,,0
"Serene Beauty & Wellness-Women's Health Clinic, HRT, Weight Management",serenebeautywellness.com,,,,no_email,,vendor,,0
Serenity Couture Salon & Spa,serenitycouture.com,,,yes,no_email,https://serenitycouture.com/contact,medspa,,0
Serenity Wellness and Family Practice,serenitywellnessfamilypractice.com,,,,no_email,https://serenitywellnessfamilypractice.com,vendor,,0
Serotonin Centers MedSpa,serotonincenters.com,windermerefl@serotonincenters.com,windermerefl@serotonincenters.com; dpfl@serotonincenters.com; coltsnecknj@serotonincenters.com; wpfl@serotonincenters.com; greenhillstn@serotonincenters.com; springfieldmo@serotonincenters.com; charlestonsc@serotonincenters.com; charlestonscmp@serotonincenters.com,yes,no_peptides,https://serotonincenters.com,medspa,,0
Seventh Wonder Holistic Spa,seventh-wonder.com,seventhwonderspa@gmail.com,seventhwonderspa@gmail.com,yes,no_peptides,https://seventh-wonder.com,medspa,,0
"Sevyn IV Drip Bar and Medspa in Sumter, SC",sevynivdripbarmedspa.com,,,,no_email,,vendor,,0
Alpha Medical: Testosterone and Men's Health Center,sf.trtalpha.com,,,,no_email,,vendor,,0
SHINE IV Drip Spa,shineivdripspa.com,,,yes,no_email,https://shineivdripspa.com,medspa,"nad+, glutathione",9
Shiny Laser Skin Clinic,shinylaserclinic.com,shinylaserclinic@gmail.com,shinylaserclinic@gmail.com,yes,no_peptides,https://shinylaserclinic.com,medspa,,0
The Shot Nurse Immunization & Wellness Service,shotnurse.com,appointments@shotnurse.com,appointments@shotnurse.com,yes,no_peptides,https://shotnurse.com,medspa,,0
Shubh Beauty,shubhbeauty.com,info@shubhbeauty.com,info@shubhbeauty.com,yes,no_peptides,https://shubhbeauty.com,medspa,,0
"Simply Revived Aesthetics in Pewaukee, WI",simply-revived.com,,,yes,no_email,https://simply-revived.com,medspa,"nad+, glutathione",4
Simply Tox,simplytox.com,toxme@simplytox.com,toxme@simplytox.com,yes,no_peptides,https://simplytox.com,medspa,,0
"Simply Wellness in Salt Lake City, UT",simplywellness.com,,,,unreachable,,,,
Lazaderm,siouxfalls.lazaderm.com,,,,unreachable,,,,
Sioux Falls Therapeutic Massage & Education Ctr.,siouxfallsmassage.net,siouxfallsmassage@hotmail.com,siouxfallsmassage@hotmail.com,yes,no_peptides,https://siouxfallsmassage.net,vendor,,0
"Sissa Aesthetics in Albuquerque, NM",sissaaesthetics.com,,,yes,no_email,https://sissaaesthetics.com,medspa,GLP-1 weight loss peptides,2
Six and Luna Medspa,sixandluna.com,info@sixandluna.com,info@sixandluna.com,,no_us_signal,https://sixandluna.com,medspa,,2
"Skin Esteem LLC in Fort Thomas, KY",skin-esteem.com,,,,no_email,,vendor,,0
"Skin 105 Medical Spa & Apothecary Sugarland TX in Sugar Land, TX",skin105.com,,,yes,no_email,https://skin105.com,medspa,,1
Dr. Burkenstock's,skinbodyhealth.com,,,yes,no_email,https://skinbodyhealth.com,medspa,,2
Skin Body Soul,skinbodysoul.com,desmoines@skinbodysoul.com,desmoines@skinbodysoul.com; ankeny@skinbodysoul.com,yes,no_peptides,https://skinbodysoul.com,medspa,,0
La Vie En Rose Esthetics,skinbyrose.com,,,,no_email,,vendor,,0
Skin Chic,skinchic.com,,,yes,no_email,https://skinchic.com,medspa,,0
Hubbell Dermatology & Aesthetics,skinexpert.com,,,,no_email,,vendor,,0
"Skin Glow Care LLC in Modesto, CA",skinglowcaremedspa.com,,,yes,no_email,https://skinglowcaremedspa.com,medspa,,0
SkinCeuticals SkinLab Providence by Facial Aesthetics Center,skinlabri.com,,,yes,no_email,https://skinlabri.com,medspa,,0
Skinluxe Spa,skinluxespa.com,info@skinluxespa.com,info@skinluxespa.com,yes,no_peptides,https://skinluxespa.com/contact,medspa,,0
Skin Mood Aesthetics,skinmoodaesthetics.com,,,,no_email,https://skinmoodaesthetics.com,medspa,,0
Skin Perfections Med Spa,skinperfectionsrgv.com,,,yes,no_email,https://skinperfectionsrgv.com,medspa,,0
Skinphorea Facial Bar & Acne Clinic Corktown,skinphorea.com,,,,no_email,https://skinphorea.com,vendor,,0
SKIN PROVISIONS,skinprovisions.glossgenius.com,skinprovisionsllc@gmail.com,skinprovisionsllc@gmail.com,yes,no_peptides,https://skinprovisions.glossgenius.com,vendor,,0
La Réserve Aesthetics,skinrejuvenationnewyork.com,,,yes,no_email,https://skinrejuvenationnewyork.com,medspa,,1
Skin Savior Nola,skinsavvy.net,,,,no_email,https://skinsavvy.net,vendor,,0
The Skin Studio Medical Spa,skinstudiomedicalspa.com,,,,no_email,https://skinstudiomedicalspa.com,medspa,GLP-1 weight loss peptides,3
Skin Supreme Spa,skinsupremespa.com,,,yes,no_email,,medspa,kpv,1
"Skin Vibe in Fremont, CA",skinvibe-medspa.com,,,yes,no_email,https://skinvibe-medspa.com,medspa,,0
Skinwise Rx,skinwiserx.com,info@skinwiserx.com,info@skinwiserx.com,yes,no_peptides,https://skinwiserx.com,medspa,,0
SKN BAR Rx,sknbarrx.com,info@sknbarrx.com,info@sknbarrx.com,yes,no_peptides,https://sknbarrx.com,medspa,,0
Skyn Bar & Co.,skynbarandco.glossgenius.com,,,,no_email,https://skynbarandco.glossgenius.com,medspa,GLP-1 weight loss peptides,2
SKYN Lounge Boutique Spa,skynlounge.com,info@skynlounge.com,info@skynlounge.com,yes,no_peptides,https://skynlounge.com,medspa,,0
Slim Studio Face & Body,slimstudioatlanta.com,concierge@slimstudioatlanta.com,concierge@slimstudioatlanta.com,,no_peptides,https://slimstudioatlanta.com,medspa,,0
"Sloan Aesthetics + Wellness in Bryant, AR",sloanaestheticsandwellness.com,,,yes,no_email,https://sloanaestheticsandwellness.com,medspa,"tirzepatide, sermorelin",10
Smilers Day Spa,smilersspa.com,,,yes,no_email,https://smilersspa.com,vendor,,0
Smiley Aesthetics Medical Spa,smileyaesthetics.com,,,yes,no_email,https://smileyaesthetics.com,medspa,GLP-1 weight loss peptides,4
"Smoky Mountain Hydration in Maryville, TN",smokymtnhydration.com,smokymtnhydration@gmail.com,smokymtnhydration@gmail.com,,no_us_signal,https://smokymtnhydration.com,medspa,"semaglutide, tirzepatide, nad+, glutathione",10
Soak Day Spa,soakdayspa.com,soakdayspasc@gmail.com,soakdayspasc@gmail.com,yes,no_peptides,https://soakdayspa.com,vendor,,0
SoCal Testosterone Clinic,socaltestosterone.com,,,,unreachable,,,,
Social Aesthetics Indy,socialaestheticsindy.com,,,yes,no_email,https://socialaestheticsindy.com,medspa,,0
SoHo Men's Health,sohomenshealth.com,,,yes,no_email,https://sohomenshealth.com,medspa,"nad+, ipamorelin, sermorelin, semaglutide",9
Solari Head Spa,solariheadspa.com,,,yes,no_email,https://solariheadspa.com,medspa,,0
Solcara Health,solcarahealth.com,,,,unreachable,,,,
"Sol IV & Wellness in Sarasota, FL",solivwellness.com,,,,no_email,,vendor,,0
Solus,solusspampls.com,,,yes,no_email,https://solusspampls.com,vendor,,0
SOMA Cosmetic Surgery & Aesthetics,somadsm.com,,,yes,no_email,https://somadsm.com,medspa,tirzepatide,5
Soma,somamissoula.com,,,,no_email,https://somamissoula.com,vendor,,0
Some Like It Hot,somelikeithotwy.com,,,,no_email,,vendor,,0
"Vitality Medical Wellness Center in Nashville, TN",sommerwhitemd.com,,,yes,no_email,https://sommerwhitemd.com,medspa,glutathione,7
"Sonder Mind and Body in Greensboro, NC",sondermindandbody.com,info@sondermindandbody.com,info@sondermindandbody.com,yes,no_peptides,https://sondermindandbody.com,vendor,,0
"SoulSpace in Cleveland, OH",soulspace.net,info@soulspace.net,info@soulspace.net,yes,no_peptides,https://soulspace.net,medspa,,0
The Spa at Palmer House,spaatph.com,,,yes,no_email,https://spaatph.com,medspa,,0
"The Healthcare Gallery & Wellness Spa in Baton Rouge, LA",spabatonrouge.com,,,yes,no_email,https://spabatonrouge.com,medspa,"semaglutide, tirzepatide",5
SpaGo MedSpa,spagoerie.com,knmascia@gmail.com,knmascia@gmail.com,,no_peptides,https://spagoerie.com,medspa,,0
"Spa Indigo in Augusta, GA",spaindigo.com,,,,no_email,,vendor,,0
SPA LA,spala.us,spalaworld7@gmail.com,spalaworld7@gmail.com,yes,no_peptides,https://spala.us,vendor,,0
Lumia Med Spa,spalumia.com,info@spalumia.com,info@spalumia.com; spalumia@gmail.com; hello@spalumia.com,yes,no_peptides,https://spalumia.com,medspa,,0
Spa Noir,spanoir.net,,,yes,no_email,https://spanoir.net,medspa,,0
Spa MD,spaoncenter.com,,,,no_email,,vendor,,0
Spa One Little Rock AR,spaonelittlerock.onbuildhealth.com,,,yes,no_email,https://spaonelittlerock.onbuildhealth.com,medspa,,0
Spartan Elite Men's TRT Clinic,spartanelitetrt.com,,,,no_email,,vendor,,0
Sassé Wellness and MedSpa,spasasse.com,info@spasasse.com,info@spasasse.com,yes,no_peptides,https://spasasse.com/services,medspa,,0
Spa Specialist Beauty Within,spaspecialistbeautywithin.com,impallari@gmail.com,impallari@gmail.com,yes,no_peptides,https://spaspecialistbeautywithin.com,vendor,,0
spavia day spa,spaviadayspa.com,support@spaviadayspa.com,support@spaviadayspa.com,,no_peptides,https://spaviadayspa.com,vendor,,0
SpaVie Medical and Laser Aesthetics,spavie.com,,,yes,no_email,https://spavie.com,medspa,GLP-1 weight loss peptides,2
Spokane Weight Loss Clinic,spokane.weightlosshormonecenter.com,,,,no_email,https://spokane.weightlosshormonecenter.com,vendor,,0
Spyre Center,spyrecenter.com,hello@spyrecenter.com,hello@spyrecenter.com; frontdesk@spyrecenter.com,yes,no_peptides,https://spyrecenter.com,vendor,,0
"STAT IV THERAPY in Tracy, CA",stativtherapy.com,,,,no_email,,vendor,,0
Sculpted by WH Aesthetics,stay-sculpted.com,sculptedbywh@gmail.com,sculptedbywh@gmail.com,yes,already known,https://stay-sculpted.com,medspa,nad+,2
"Stay Forever Young Spa in Greensboro, NC",stayforeveryoungspa.com,,,yes,no_email,https://stayforeveryoungspa.com,medspa,,0
Steel City Medical Center,steelcitymedicalcenter.com,,,yes,no_email,https://steelcitymedicalcenter.com,medspa,GLP-1 weight loss peptides,10
"Strive Infusion in Huntington Beach, CA",striveinfusion.com,,,,unreachable,,,,
WholeBody Wellness Aesthetics,strykerwellness.com,,,yes,no_email,https://strykerwellness.com,medspa,"bpc-157, nad+, ipamorelin, sermorelin, cjc-1295, pt-141",14
"Stryve Infusion in Holladay, UT",stryveiv.com,,,,unreachable,,,,
Studio 17 Cosmetics & Wellness,studio17cw.com,,,yes,no_email,https://studio17cw.com,medspa,,0
Studio 2121 Salon & Med Spa,studio2121.com,,,yes,no_email,https://studio2121.com,vendor,,0
Studio D Day Spa LLC,studiodspa.com,,,yes,no_email,https://studiodspa.com,vendor,,0
Studio N,studionphilly.com,studio.n.inc@gmail.com,studio.n.inc@gmail.com,yes,no_peptides,https://studionphilly.com,medspa,,0
Succulent Skin Day Spa LLC,succulentskindayspa.com,michelle@succulentskindayspa.com,michelle@succulentskindayspa.com,,no_peptides,https://succulentskindayspa.com,vendor,,0
"Sugar Land Medical Spa in Sugar Land, TX",sugarlandmedspa.com,kimberlyevansmd@hotmail.com,kimberlyevansmd@hotmail.com,yes,already known,https://sugarlandmedspa.com,medspa,nad+,5
"Summit IV in Boise, ID",summitiv.com,,,,no_email,https://summitiv.com,medspa,,1
"Suncity Rejuvenation in El Paso, TX",suncityivleague.com,,,yes,no_email,https://suncityivleague.com/contact-us/,medspa,semaglutide,2
Suncoast Optimal Wellness,suncoastoptimalwellness.com,,,yes,no_email,https://suncoastoptimalwellness.com,vendor,,2
Sun Kissed Glow,sunkissedmobileglow.com,,,,unreachable,,,,
"Sunlit Aesthetics in Ventura, CA",sunlitaesthetics.com,concierge@sunlitaesthetics.com,concierge@sunlitaesthetics.com,yes,no_peptides,https://sunlitaesthetics.com,medspa,,0
"Superior Genetix TRT, Hormone Replacement Therapy & Weight Loss Clinic",superiorgenetix.com,,,yes,no_email,https://superiorgenetix.com,medspa,"nad+, ipamorelin, cjc-1295, ghk-cu",10
"Supro Direct in Greenwood, IN",suprodirect.com,,,yes,no_email,https://suprodirect.com,medspa,,3
Surface Medspa,surface-medspa.com,,,yes,no_email,https://surface-medspa.com,medspa,GLP-1 weight loss peptides,6
"Intimate Wellness Los Gatos: Dr. Peter Castillo, Swan Medical",swanmd.com,,,yes,no_email,https://swanmd.com,medspa,"pt-141, oxytocin",7
"Sweat Equity Infrared Saunas in San Antonio, TX",sweatequitysa.com,,,yes,no_email,https://sweatequitysa.com,medspa,"bpc-157, tb-500, nad+, ipamorelin, sermorelin, cjc-1295",10
Sweetgrass Plastic Surgery & Spa,sweetgrassplasticsurgery.com,,,,unreachable,,,,
"Southwest Ohio Ketamine TMS and IV Therapy in Dayton, OH",swohioketamine.com,info@swohioketamine.com,info@swohioketamine.com,yes,no_peptides,https://swohioketamine.com,medspa,,0
The MedSpa at Southwest Plastic Surgery West,swplasticsurgery.com,,,yes,no_email,https://swplasticsurgery.com,medspa,"bpc-157, tb-500, nad+, ghk-cu, glutathione, kpv",14
"Symmetry Aesthetics and Wellness in Norman, OK",symmetrynorman.com,,,yes,no_email,https://symmetrynorman.com,medspa,,1
"SYNC Life in Baton Rouge, LA",synclife.health,,,yes,no_email,https://synclife.health,medspa,"semaglutide, tirzepatide, bpc-157, tb-500, thymosin alpha-1, nad+",15
"Synergy Wellness Center in Bakersfield, CA",synergywellnesscenter.com,,,yes,no_email,https://synergywellnesscenter.com,medspa,"semaglutide, tirzepatide, nad+",11
"Synergy Wellness Lounge in Ankeny, IA",synergywellnesslounge.com,,,,no_email,,vendor,,0
SYN Wellness Center,synwellnessdenver.com,info.synwellness@gmail.com,info.synwellness@gmail.com,yes,no_peptides,https://synwellnessdenver.com,medspa,,0
"tikva butler, llc",t-vite.com,,,,no_email,https://t-vite.com,vendor,,0
Tailored Health and Wellness,tailoredtn.com,,,,no_email,,vendor,,0
"TajaDrip in Miami Beach, FL",tajaabitbol.com,,,yes,no_email,https://tajaabitbol.com,medspa,nad+,3
"The Danita Clinic, LLC",tdcgreenville.com,,,yes,no_email,https://tdcgreenville.com,medspa,,3
Tea Tree Day Spa,teatreedayspa.com,contact@teatreedayspa.com,lin9176890347@gmail.com; contact@teatreedayspa.com,yes,no_peptides,https://teatreedayspa.com,vendor,,0
Testosterone TRT TeleHealth Fort Worth,teletrtdocs.com,,,,unreachable,,,,
Elevate Testosterone Therapy Clinic,testosteronereplacementnashville.com,,,,no_email,https://testosteronereplacementnashville.com,vendor,,1
Texas Vitality,texasvitality.com,,,,no_email,,vendor,,0
"The Luxury Med Lounge in Donna, TX",the-luxury-med-lounge-pllc.square.site,,,,no_email,,vendor,,0
The Skin Atelier,the-skin-atelier.com,info@the-skin-atelier.com,info@the-skin-atelier.com,yes,no_peptides,https://the-skin-atelier.com,medspa,,0
"The DRIPBaR Huebner Oaks in San Antonio, TX",the-strand-at-huebner-oaks.thedripbar.com,,,,no_email,,vendor,,0
The Venus Experience,the-venus-experience.com,,,yes,no_email,https://the-venus-experience.com,medspa,,0
The Aesthetic Medicine & Anti-Aging Clinics of Louisiana,theantiagingclinics.com,,,yes,no_email,https://theantiagingclinics.com,medspa,nad+,9
"THE B-12 STORE, Fort Myers in Fort Myers, FL",theb12store.com,,,yes,no_email,https://theb12store.com,vendor,"nad+, glutathione",3
"The Beauty Bar STL in St. Louis, MO",thebeautybarstl.com,,,,no_email,https://thebeautybarstl.com,medspa,,0
Anderson Longevity Clinic,thebiomedspa.com,,,,no_email,https://thebiomedspa.com,medspa,"bpc-157, tb-500, sermorelin, pt-141, ghk-cu",9
The Body Lab,thebodylabwv.com,,,yes,no_email,https://thebodylabwv.com,medspa,,1
Boston X,thebostonx.com,,,yes,no_email,https://thebostonx.com,medspa,"semaglutide, tirzepatide, nad+, glutathione",7
The Covery Wellness Spa,thecovery.com,,,,no_email,https://thecovery.com,medspa,"semaglutide, tirzepatide",13
"The Dive Bar Cranberry Twp in Cranberry Township, PA",thedivebarhydrationcranberrytwp.com,,,,unreachable,,,,
The DRIPBaR Jacksonville Tamaya Market,thedripbar.com,,,,no_email,,vendor,,0
"The DRIPBaR Crown Point in Crown Point, IN",thedripbarcrownpoint.zoca.com,,,yes,no_email,https://thedripbarcrownpoint.zoca.com,medspa,"semaglutide, tirzepatide, nad+, sermorelin, glutathione",10
"The Drip Lounge in Charleston, SC",thedriplounge.com,,,yes,no_email,https://thedriplounge.com,medspa,nad+,5
"The Drip Mobile IV in Prosper, TX",thedripmobileiv.com,thedripmobileiv@gmail.com,thedripmobileiv@gmail.com,yes,already known,https://thedripmobileiv.com,medspa,nad+,3
"The Feel Better Lounge in Richmond, VA",thefeelbetterlounge.com,,,yes,no_email,https://thefeelbetterlounge.com,medspa,"nad+, glutathione",5
"The Fix IV Therapy in West Hartford, CT",thefixivtherapy.com,,,,no_email,,vendor,,0
The Glamour Collective,theglamourcollectivewv.com,theglamourcollective2023@gmail.com,theglamourcollective2023@gmail.com,yes,no_peptides,https://theglamourcollectivewv.com,medspa,,0
The Glam Room KC,theglamroomkc.com,theglamroom@theglamroomkc.com,theglamroom@theglamroomkc.com,yes,no_peptides,https://theglamroomkc.com,medspa,,0
"The Glow Up in Minneapolis, MN",theglowupmpls.com,info@theglowupmpls.com,info@theglowupmpls.com,yes,no_peptides,https://theglowupmpls.com,medspa,,0
"The Health Depot in Miami, FL",thehealthdepotfl.com,,,yes,no_email,https://thehealthdepotfl.com,medspa,"semaglutide, tirzepatide, bpc-157, nad+, sermorelin, tesamorelin",13
QC Kinetix (Mentor),thehimalayancave.com,debbie@thehimalayancave.com,debbie@thehimalayancave.com,yes,no_peptides,https://thehimalayancave.com,medspa,,0
Houston Medical Spa,thehoustonmedspa.glossgenius.com,thehoustonmedspa@gmail.com,thehoustonmedspa@gmail.com,yes,no_peptides,https://thehoustonmedspa.glossgenius.com,medspa,,0
The Human Performance Clinic,thehumanperformanceclinic.com,,,,no_email,https://thehumanperformanceclinic.com,vendor,,1
"The Hydration Station in Cincinnati, OH",thehydrationstation.com,,,,no_email,,vendor,,0
"The ICONIC Beauty Brand MD in Mechanicsburg, PA",theiconicbeautyexperience.com,,,,unreachable,,,,
"Infusion Nursing Solutions, Inc. in Rancho Mirage, CA",theinfusionsolution.com,,,yes,no_email,https://theinfusionsolution.com,medspa,,1
"The Infusion Spa in Kailua, HI",theinfusionspa.com,,,yes,no_email,https://theinfusionspa.com,medspa,"nad+, glutathione",4
"The Injections Lab in Bedford, TX",theinjectionslab.com,,,,no_email,https://theinjectionslab.com,medspa,GLP-1 weight loss peptides,2
Integrative Wellness Center,theintegrativewellnesscenter.com,,,yes,no_email,https://theintegrativewellnesscenter.com,medspa,,1
The IV Center,theivcenter.net,,,yes,no_email,https://theivcenter.net,medspa,"semaglutide, tirzepatide, nad+, sermorelin, glutathione",11
"The IV Club in Las Vegas, NV",theivclublv.com,,,,unreachable,,,,
"The IV Hub Wellness Stoneham MA in Stoneham, MA",theivhubwellness.com,,,yes,no_email,https://theivhubwellness.com,medspa,"nad+, sermorelin, glutathione",12
"The Ivy Drip Bar in Belmont, MA",theivydripbar.net,,,,unreachable,,,,
The K Spa,thekspa.com,,,yes,no_email,https://thekspa.com,medspa,,0
Laser Med,thelasermed.com,,,,unreachable,,,,
"The Local Juicery + Kitchen in Chattanooga, TN",thelocaljuicery.com,info@thelocaljuicery.com,info@thelocaljuicery.com,yes,no_peptides,https://thelocaljuicery.com,vendor,,0
The Longevity Suite,thelongevitysuite.com.tr,,,,no_email,https://thelongevitysuite.com.tr,medspa,,1
The Look Aesthetics,thelookaestheticsomaha.com,,,yes,no_email,https://thelookaestheticsomaha.com,medspa,,1
The Medical Esthetic Boutique,themeb.co,,,,no_email,https://themeb.co,medspa,,0
The Medical Spa of Hawaii,themedicalspaofhawaii.com,,,yes,no_email,https://themedicalspaofhawaii.com,medspa,,1
The Medicine Wheel Wellness and Weight Loss,themedicinewheelwellness.com,medicinewheelwellness@protonmail.com,medicinewheelwellness@protonmail.com,,no_peptides,https://themedicinewheelwellness.com,medspa,,0
The Men's Clinic,themensclinicsc.com,,,yes,no_email,https://themensclinicsc.com,medspa,,0
M MEDICAL SPA,themmedicalspa.com,mmedicalspa@gmail.com,mmedicalspa@gmail.com,yes,no_peptides,https://themmedicalspa.com,medspa,,0
The Noble Spa,thenoblespaboise.com,,,yes,no_email,https://thenoblespaboise.com,vendor,,0
The Nook Integrative Health,thenooksf.com,,,,no_email,https://thenooksf.com,medspa,,0
The Olive Branch Medspa,theolivebranchmedspa.com,impallari@gmail.com,impallari@gmail.com,,no_peptides,https://theolivebranchmedspa.com/services,medspa,,0
The Only Facial Omaha,theonlyfacial.com,info@theonlyfacial.com,info@theonlyfacial.com,yes,no_peptides,https://theonlyfacial.com,medspa,,0
The Pink Pineapple Day Spa,thepinkpineapplewaxbar.com,,,yes,no_email,https://thepinkpineapplewaxbar.com,vendor,,0
"The Pro2col in Nashville, TN",thepro2col.com,connect@thepro2col.com,connect@thepro2col.com,,no_peptides,https://thepro2col.com,vendor,,0
Therapellet,therapellet.com,,,yes,no_email,https://therapellet.com,medspa,glutathione,4
Refresh Med Spa,therefreshmedspa.com,therefreshmedspa@gmail.com,therefreshmedspa@gmail.com,yes,no_peptides,https://therefreshmedspa.com,medspa,,0
Rooted Health Hormones & MedSpa,therootedhealth.com,,,,no_email,https://therootedhealth.com,vendor,GLP-1 weight loss peptides,2
The Skin & Body Spa,theskinandbodyspa.com,info@theskinandbodyspa.com,info@theskinandbodyspa.com; missy@theskinandbodyspa.com,yes,no_peptides,https://theskinandbodyspa.com,medspa,,0
"The Skin Department in Santa Monica, CA",theskindepartment.co,,,yes,no_email,https://theskindepartment.co,medspa,,0
"The Solution in Long Beach, CA",thesolutioniv.com,,,yes,no_email,https://thesolutioniv.com,medspa,"nad+, glutathione",3
The Things We Do,thethingswedo.co,info@thethingswedo.co,info@thethingswedo.co,yes,no_peptides,https://thethingswedo.co,medspa,,0
Timeless Rx,thetimelessclinic.com,,,yes,no_email,https://thetimelessclinic.com,medspa,"semaglutide, tirzepatide",8
The Tox Boston,thetoxtechnique.com,hello@thetoxtechnique.com,hello@thetoxtechnique.com,yes,no_peptides,https://thetoxtechnique.com,medspa,,0
"The Treatment Room in Oklahoma City, OK",thetreatmentroomokc.com,,,,no_email,,vendor,,0
"Unlimited Clinic Wellness and Beauty in Baltimore, MD",theunlimitedclinic.com,,,,unreachable,,,,
"The Valley Medspa in Allentown, PA",thevalleymedspa.com,,,yes,no_email,https://thevalleymedspa.com,medspa,,0
"The Vitality Bar in Sparks, NV",thevitalitybar.com,,,,no_email,https://thevitalitybar.com,vendor,,1
"The Wellness Company in Albuquerque, NM",thewellnesscompanyabq.com,thewellnesscompany23@gmail.com,thewellnesscompany23@gmail.com,yes,already known,https://thewellnesscompanyabq.com,medspa,GLP-1 weight loss peptides,4
"Wellness Mobile Services in Sacramento, CA",thewellnessmobileservices.com,,,yes,no_email,https://thewellnessmobileservices.com,medspa,nad+,5
"The Wellness Lab in Rochester, NY",thewellnessrecoverylab.com,contact@thewellnessrecoverylab.com,contact@thewellnessrecoverylab.com,,no_peptides,https://thewellnessrecoverylab.com,vendor,,0
The Y Factor,theyfactor.com,,,yes,no_email,https://theyfactor.com,medspa,,1
"The House of Wellness Med Spa in Atlanta, GA",thowmedspa.org,,,,no_email,https://thowmedspa.org,medspa,,0
"Thrive IV Infusions in Lehigh Acres, FL",thrive-ivinfusions.com,,,,no_email,https://thrive-ivinfusions.com,vendor,,0
"Thrive Wellness & Aesthetics in Port Clinton, OH",thrivecatawba.com,,,yes,no_email,https://thrivecatawba.com,medspa,semaglutide,6
Thrive Hormone Health,thrivehormonehealth.com,,,yes,no_email,https://thrivehormonehealth.com,medspa,"tirzepatide, sermorelin, pt-141, oxytocin",9
"Thrive IV Bar in Naples, FL",thriveivbar.com,,,yes,no_email,https://thriveivbar.com,medspa,"semaglutide, tirzepatide, nad+",8
"Thrive IV Lounge in Ellicottville, NY",thriveivloungewny.com,,,,unreachable,,,,
Thrive Men's Lab,thrivemenslab.com,,,,unreachable,,,,
"Thrive Urgent & Wellness Center in Aurora, IL",thriveurgentwellness.com,,,,no_email,https://thriveurgentwellness.com,vendor,,0
"Thrive Wellness in Cabot, AR",thrivewellness.glossgenius.com,thrivecabot@gmail.com,thrivecabot@gmail.com,yes,already known,https://thrivewellness.glossgenius.com,medspa,glutathione,2
"THRYV Aesthetics & Medical Weight Loss in Timonium, MD",thryv-aesthetics.zoca.com,,,yes,no_email,https://thryv-aesthetics.zoca.com,medspa,"semaglutide, tirzepatide, nad+, glutathione",6
Tideline Center for Health & Aesthetics,tidelinehealth.net,,,yes,no_email,https://tidelinehealth.net,medspa,,2
"Tidewater Health & Ketamine Center in Mount Pleasant, SC",tidewaterhealth.org,angela@tidewaterhealth.org,stallings@aol.com; angela@tidewaterhealth.org,yes,no_peptides,https://tidewaterhealth.org,medspa,,0
Timeless Beauty,timelessbeauty-fargo.com,en_muzzy@yahoo.com,en_muzzy@yahoo.com,,no_peptides,https://timelessbeauty-fargo.com,vendor,,0
Timeless Glow Aesthetic Clinic,timelessglow.com,,,,no_email,,vendor,,0
Timeless Skin & Wellness,timelesssandw.com,,,yes,no_email,https://timelesssandw.com,medspa,GLP-1 weight loss peptides,4
Timeless Skin Solutions,timelessskinsolutions.com,,,yes,no_email,https://timelessskinsolutions.com,medspa,"dsip, kpv",3
"Time to Thrive Wellness in Burlington, WI",timetothrive2023.com,impallari@gmail.com,impallari@gmail.com; timetothrive2023@gmail.com,yes,already known,https://timetothrive2023.com,medspa,"semaglutide, tirzepatide, nad+, glutathione",8
Titan Medical Center,titanmedicalcenter.com,,,,no_email,,vendor,,0
T Off Your Health,toffyourhealth.com,,,yes,no_email,https://toffyourhealth.com,medspa,"semaglutide, tirzepatide, oxytocin",15
NSI Wellness,tolmanmedical.com,,,,no_email,https://tolmanmedical.com,medspa,,0
"Totality Medispa in Charleston, SC",totalitymed.com,,,,no_email,https://totalitymed.com,medspa,,0
Total T Clinic,totaltclinic.com,,,yes,no_email,https://totaltclinic.com,medspa,"semaglutide, tirzepatide, bpc-157, nad+, sermorelin, hexarelin",12
"A Touch of Aloha, LLC",touchofaloha.glossgenius.com,,,,no_email,https://touchofaloha.glossgenius.com,medspa,GLP-1 weight loss peptides,2
Transcend Aesthetics PLLC,transcend-aesthetics.com,,,,unreachable,,,,
Transform Wellness Clinic,transformwellnessclinic.com,,,yes,no_email,https://transformwellnessclinic.com,medspa,nad+,3
treat. SKIN & BODY,treatkc.com,,,yes,no_email,https://treatkc.com,medspa,,0
"Tres' Jolie By Molly Medical Spa in Fresno, CA",tresjoliebymollymedicalspa.com,,,yes,no_email,https://tresjoliebymollymedicalspa.com,medspa,"semaglutide, tirzepatide",5
"TriLuxe Health LLC in Denham Springs, LA",triluxehealth.com,info@triluxehealth.com,info@triluxehealth.com,yes,no_peptides,https://triluxehealth.com,medspa,,0
"The DRIPBaR Troy in Troy, MI",troy-mi.thedripbar.com,,,,no_email,,vendor,,0
Testosterone Replacement Therapy Specialists,trtspecialistnj.com,,,yes,no_email,https://trtspecialistnj.com,medspa,,4
True Beauty,truebeauty.online,,,yes,no_email,https://truebeauty.online,medspa,,0
"True Health DPC in Silverton, OR",truehealthdpc.com,impallari@gmail.com,impallari@gmail.com,yes,already known,https://truehealthdpc.com/contact,medspa,,1
"Mantality Health Omaha, Nebraska",truerest.com,,,,no_email,https://truerest.com,vendor,,0
True You Aesthetic,trueyouaesthetic.com,,,,no_email,https://trueyouaesthetic.com,medspa,,1
Elyx,tsquaredlab.com,,,,no_email,,vendor,,0
Cynthia Acock,ttuhsc.edu,info@ttuhsc.edu,info@ttuhsc.edu; militaryservices@ttuhsc.edu,yes,no_peptides,https://ttuhsc.edu,medspa,,0
Peptide TRT Therapy Clinic,tucson.harmonyhgh.com,,,,no_email,https://tucson.harmonyhgh.com,vendor,,0
Tucson Arizona Bioidentical Hormone Replacement Specialists,tucsonbioidenticaldoctor.com,,,,no_email,https://tucsonbioidenticaldoctor.com,vendor,,0
Turkle & Associates,turklemd.com,,,yes,no_email,https://turklemd.com,medspa,,0
Tuscan Sun Spa & Salon,tuscanspaandsalon.com,,,yes,no_email,https://tuscanspaandsalon.com,medspa,"semaglutide, nad+",8
All Seasons Integrative Health,twincitiesderm.com,,,yes,no_email,https://twincitiesderm.com,medspa,,0
Twin Rivers IV & Wellness Lounge,twinriversiv.com,,,yes,no_email,https://twinriversiv.com,medspa,"nad+, glutathione",5
"Christine Heckemeyer, M.d.",uabmedicine.org,,,yes,no_email,https://uabmedicine.org,medspa,,0
"Ultimate Drip Therapy and Wellness in Houston, TX",ultimatedriptherapy.com,,,yes,no_email,https://ultimatedriptherapy.com,medspa,semaglutide,3
Ultimate Male,ultimatemale.com,,,yes,no_email,https://ultimatemale.com,medspa,"semaglutide, tirzepatide, nad+",9
Ultimate Men's Health Center,ultimatemenshealthcenter.com,,,yes,no_email,https://ultimatemenshealthcenter.com,medspa,,0
"Ultimate Solutions Medical Spa in Stamford, CT",ultimatesolutionsmedicalspa.com,,,yes,no_email,https://ultimatesolutionsmedicalspa.com,medspa,,0
Ultra Cryo & Recovery Lakeland,ultracryorecovery.com,ultracryorecovery@gmail.com,ultracryorecovery@gmail.com,yes,already known,https://ultracryorecovery.com,medspa,sermorelin,3
Ultra Skin and Hair,ultraskinandhair.com,,,yes,no_email,https://ultraskinandhair.com,medspa,,0
"ULU Recovery & Wellness in Austin, TX",uluwellness.com,,,,no_email,,vendor,,0
"Una Vida Restorative Medicine in El Paso, TX",unavidaelpaso.com,,,,no_email,https://unavidaelpaso.com,vendor,,0
Unique Verve,uniqueverve.com,info@uniqueverve.com,info@uniqueverve.com,yes,no_peptides,https://uniqueverve.com,medspa,,0
Unity Med Spa,unitymedspa.com,,,,no_email,,vendor,,0
Unlimited Health and Wellness,unlimitedhw.com,,,yes,no_email,https://unlimitedhw.com,medspa,"semaglutide, nad+, sermorelin, glutathione, tirzepatide",16
Upgrade Medical,upgradepdx.com,,,yes,no_email,https://upgradepdx.com,vendor,,0
"Uplift Aesthetics in Worcester, MA",upliftaestheticswoo.com,,,,unreachable,,,,
Urban Wellness Group,urbanwellnesspdx.com,,,yes,no_email,https://urbanwellnesspdx.com,medspa,"semaglutide, glutathione",4
UroHealth Partners,urohealthpartners.com,,,yes,no_email,https://urohealthpartners.com,medspa,,0
UCA Men's Health Center,urologycentersalabama.com,,,yes,no_email,https://urologycentersalabama.com,medspa,,0
UW Health Men's Health Clinic,uwhealth.org,hrservicecenter@uwhealth.org,hrservicecenter@uwhealth.org,,no_peptides,https://uwhealth.org,vendor,,0
Uzima Rejuvenation Station,uzimarejuvenation.repeatmd.app,,,,no_email,,vendor,,0
"Vital Evolution in Canfield, OH",v-evolution.com,,,yes,no_email,https://v-evolution.com,vendor,"semaglutide, tirzepatide, glutathione",4
"The Body Building in Clovis, CA",valleycryotherapy.com,,,,no_email,https://valleycryotherapy.com,vendor,,0
Valley Laser Care,valleylasercare.com,angela@valleylasercare.com,angela@valleylasercare.com,yes,no_peptides,https://valleylasercare.com,medspa,,0
Vansanity,vansanity.com,info@vansanity.com,info@vansanity.com,yes,no_peptides,https://vansanity.com,medspa,,0
Vaughan Vitality Wellness,vaughanvitality.com,,,yes,no_email,https://vaughanvitality.com,medspa,,2
"The Vitamin Bar Naples in Naples, FL",vbflorida.com,,,,unreachable,,,,
"Salt Spa & Wellness Center in Virginia Beach, VA",vbsaltspa.com,,,yes,no_email,https://vbsaltspa.com,medspa,"semaglutide, tirzepatide, nad+",7
"Vital Care of Little Rock in Little Rock, AR",vclittlerock.com,infusion@vclittlerock.com,infusion@vclittlerock.com,yes,no_peptides,https://vclittlerock.com,medspa,,0
Veda Healing Spa,vedahealingspa.com,vedahealingspa@gmail.com,vedahealingspa@gmail.com,yes,no_peptides,https://vedahealingspa.com,medspa,,0
Veda Hydration,vedahydration.com,,,yes,no_email,https://vedahydration.com,medspa,"nad+, glutathione",3
"Vega IV Drip and Wellness LLC in Bradenton, FL",vegaivdripandwellnessllc.com,,,yes,no_email,https://vegaivdripandwellnessllc.com,medspa,"semaglutide, glutathione",4
Velora Med Spa,veloramedspa.com,info@veloramedspa.com,veloramedspa@gmail.com; info@veloramedspa.com,yes,no_peptides,https://veloramedspa.com,medspa,,0
"Venturis Clinic in Oklahoma City, OK",venturisclinic.com,,,yes,no_email,https://venturisclinic.com,medspa,"bpc-157, tb-500, nad+, cjc-1295",8
"Vero Aesthetics in Naperville, IL",vero-aesthetics.com,,,,no_email,https://vero-aesthetics.com,medspa,,0
Verve Health,vervehealth.me,,,yes,no_email,https://vervehealth.me/contact-us,medspa,,2
"Vessel Longevity Cedar Park in Leander, TX",vessel-tx.com,,,yes,no_email,https://vessel-tx.com,medspa,"nad+, glutathione",9
"Vibrant Life Oklahoma in Claremore, OK",vibrantlifeoklahoma.com,,,yes,no_email,https://vibrantlifeoklahoma.com,medspa,glutathione,2
"Vibrant Med in Crestwood, KY",vibrantmed.com,,,yes,no_email,https://vibrantmed.com,medspa,,1
"Vibrant Sunshine Juicery Cafe Uptown in Pittsburgh, PA",vibrantsunshine.com,hello@vibrantsunshine.com,hello@vibrantsunshine.com,yes,no_peptides,https://vibrantsunshine.com,vendor,,0
"Victory Wellness and Aesthetics in San Antonio, TX",victorywellnesstx.com,,,,no_email,https://victorywellnesstx.com,medspa,,0
"Vida Fusion Health and Wellness in Gambrills, MD",vidafusionhw.com,,,,unreachable,,,,
"Vida Health Spa in Bloomingdale, IL",vidahealthspa.com,,,yes,no_email,https://vidahealthspa.com,medspa,,2
Vida Hormone Therapy & Integrative Health,vidaintegrativehormones.com,,,yes,no_email,https://vidaintegrativehormones.com,medspa,oxytocin,9
"Vida IV Therapy & Aesthetics in The Woodlands, TX",vidaivtherapy.com,,,,no_email,https://vidaivtherapy.com,medspa,"semaglutide, tirzepatide, nad+, glutathione",7
"VIP Total Health & Hydration in Fort Worth, TX",viptotalhealth.com,,,,unreachable,,,,
"Virasoap Natural Medicine in Meridian, ID",virasoap.com,,,yes,no_email,https://virasoap.com,medspa,glutathione,3
"The DRIPBaR Virginia Beach in Virginia Beach, VA",virginia-beach-landstown-commons.thedripbar.com,,,,no_email,,vendor,,0
Virginia Surgical Arts,virginiasurgicalarts.com,vsaxray@gmail.com,vsaxray@gmail.com,yes,no_peptides,https://virginiasurgicalarts.com,medspa,,0
Georgia Functional Medicine & Associates,vita-fuse.com,,,yes,no_email,https://vita-fuse.com,medspa,"semaglutide, nad+",6
"Vita Tempus in Clinton, MS",vita-tempus.ueniweb.com,,,,unreachable,,,,
"Vita Weight Loss & Hormone Health in Rochester, NY",vitadripbeautybar.com,,,,no_email,,vendor,,0
VitaFlow IV therapy Miami Beach and Mobile IV Therapy plus more in Mia,vitaflowfl.com,,,yes,no_email,https://vitaflowfl.com,medspa,"semaglutide, tirzepatide, bpc-157, tb-500, thymosin beta-4, thymosin alpha-1",23
Vitafusions,vitafusionsiv.com,,,yes,no_email,https://vitafusionsiv.com,medspa,"semaglutide, tirzepatide",5
"Vita Infusion and Wellness in Nashville, TN",vitainfusiontn.com,,,yes,no_email,https://vitainfusiontn.com,medspa,"semaglutide, nad+, ipamorelin, semax, kisspeptin, pt-141",17
"Vital Care of Central Mississippi in Madison, MS",vitalcarems.com,infusion@vitalcarems.com,infusion@vitalcarems.com,yes,no_peptides,https://vitalcarems.com,medspa,,0
"Vital Drip Lounge Med Spa in Greenbelt, MD",vitaldriploungelaurel.com,,,,unreachable,,,,
Vital Energy,vitalenergy.massagetherapy.com,,,yes,no_email,https://vitalenergy.massagetherapy.com,vendor,,0
"Vital Force RX in Hoover, AL",vitalforcerx.com,,,,no_email,https://vitalforcerx.com,vendor,,0
"Vital Hydration in Knoxville, TN",vitalhydrationknox.com,,,yes,no_email,https://vitalhydrationknox.com,medspa,"nad+, glutathione",10
"Vitalify MedSpa in Washington, DC",vitalifymedspa.com,,,,no_email,,vendor,,0
Vitalis Medical Weight Loss & Wellness,vitalismedicalweightlossclinic.com,,,,no_email,,vendor,,0
"Vitality Hormones & IV Bar in Spring, TX",vitalityclinics.com,,,yes,no_email,https://vitalityclinics.com,medspa,,2
"Vitality Health & Wellness, LLC in Evans, GA",vitalityhealthwellnessga.com,,,yes,no_email,https://vitalityhealthwellnessga.com,medspa,"semaglutide, tirzepatide",8
Renew Vitality Testosterone Clinic,vitalityhrt.com,,,,no_email,,vendor,,0
Vitality Hormone and Wellness Center,vitalityhwc.com,,,,no_email,,vendor,,0
"Vitality Hydration in San Antonio, TX",vitalityhydrationsa.com,,,,no_email,,vendor,,0
"Vitality MD in El Paso, TX",vitalitymdwellness.com,jessica.doe@gmail.com,jessica.doe@gmail.com; integrativewellness915@gmail.com,yes,already known,https://vitalitymdwellness.com,medspa,"semaglutide, glutathione",5
Vitality Men's Center,vitalitymenscenter.com,,,yes,no_email,https://vitalitymenscenter.com,medspa,GLP-1 weight loss peptides,4
Vitality Testosterone Replacement Therapy Clinic,vitalitytestosteronereplacementtherapy.com,,,,unreachable,,,,
"Vitality Health And Wellness in Mechanicsville, VA",vitalitywellness.clinic,impallari@gmail.com,impallari@gmail.com,yes,already known,https://vitalitywellness.clinic,medspa,"semaglutide, glutathione",4
Vitality Wellness LLC,vitalitywellness.co,vw@vitalitywellness.co,impallari@gmail.com; vw@vitalitywellness.co,,no_us_signal,https://vitalitywellness.co,medspa,GLP-1 weight loss peptides,3
Vital IV,vitalivinfusion.com,,,,no_email,,vendor,,0
"Vitalogy IV Addison in Dallas, TX",vitalogyiv.com,,,,unreachable,,,,
"Vitalogy Wellness & Med-Spa in Homewood, AL",vitalogywellnessandmedspa.com,,,yes,no_email,https://vitalogywellnessandmedspa.com,medspa,semaglutide,8
"VitaMedics IV Therapy in Tomball, TX",vitamedics.org,,,yes,no_email,https://vitamedics.org/contact-us/,medspa,,1
"Vitamin Sea Infusions LLC in Long Beach, WA",vitaminseainfusions.com,,,,unreachable,,,,
"Vita Medical Spa, Inc.",vitamspa.com,,,,no_email,,vendor,,0
"Viva Care Solutions in Philadelphia, PA",vivacaresolutions.com,,,yes,no_email,https://vivacaresolutions.com,medspa,,1
"VIVA Ketamine Infusion Center of Milwaukee in Brookfield, WI",vivaketamine.com,,,yes,no_email,https://vivaketamine.com,medspa,,0
"Viva Skin Lounge in Irwin, PA",vivaskinlounge.com,,,yes,no_email,https://vivaskinlounge.com,medspa,nad+,2
VIVA Wellness,vivawellnesswi.com,,,yes,no_email,https://vivawellnesswi.com,medspa,"semaglutide, tirzepatide, nad+",9
"VIVE Med Spa in Verona, WI",vive4me.com,,,,no_email,https://vive4me.com,medspa,,0
"Viverant Integrative Clinic in Jeffersonville, IN",viverantclinic.com,jonpinhorn.typedesign@gmail.com,jonpinhorn.typedesign@gmail.com,yes,already known,https://viverantclinic.com,medspa,"semaglutide, tirzepatide",5
"Vivid Aesthetics in Irmo, SC",vividaesthetics.com,,,yes,no_email,https://vividaesthetics.com,medspa,GLP-1 weight loss peptides,4
"VIVIFY Med Spa in Tampa, FL",vivifyps.com,,,,no_email,https://vivifyps.com,medspa,,0
"Vivre Mobile Infusions in Lafayette, LA",vivreinfusions.com,,,,no_email,https://vivreinfusions.com,vendor,,0
"V & Co. in San Jose, CA",vnco.studio,,,yes,no_email,https://vnco.studio,medspa,"nad+, glutathione",2
Vermont Full Body Wellness,vtfbwellness.com,kneadinglainey@gmail.com,kneadinglainey@gmail.com,yes,no_peptides,https://vtfbwellness.com,vendor,,0
"Vytality Blu Health & Medspa in Dayton, OH",vytalityblu.com,,,yes,no_email,https://vytalityblu.com,medspa,"semaglutide, tirzepatide, nad+, sermorelin",13
"Weight Loss and Vitality in Washington, DC",weightlossandvitality.com,,,yes,no_email,https://weightlossandvitality.com,medspa,"semaglutide, tirzepatide, liraglutide, nad+, ipamorelin, sermorelin",23
The Weights Over,weights-over.com,,,yes,no_email,https://weights-over.com,vendor,glutathione,2
The Wellness Loft,wellness-loft.com,,,,no_email,,vendor,,0
"Wellness & IV Lounge in Village of Clarkston, MI",wellnessandivlounge.com,,,yes,no_email,https://wellnessandivlounge.com,medspa,"nad+, glutathione",3
"Wellness Club 365 in Glendale, CA",wellnessclub365.com,,,yes,no_email,https://wellnessclub365.com,medspa,"retatrutide, bpc-157, tb-500, nad+, ghk-cu, glutathione",13
"Wellness Hub IV Hydration in Lafayette, CO",wellnesshubivhydration.com,,,,no_email,https://wellnesshubivhydration.com,medspa,,1
"Wellness One Memphis, PC",wellnessonememphis.com,,,yes,no_email,https://wellnessonememphis.com,medspa,"semaglutide, tirzepatide, glutathione",14
Wellness Vermont,wellnessvermont.com,,,,no_email,https://wellnessvermont.com,vendor,,0
WellSpot Functional Medicine,wellspotfunctionalmedicine.com,,,yes,no_email,https://wellspotfunctionalmedicine.com,medspa,,2
Bay Area Cosmetic Dermatology,weloveskin.com,,,,unreachable,,,,
Westchester Wellness Medicine,westchesterwellnessmedicine.com,,,yes,no_email,https://westchesterwellnessmedicine.com,vendor,"semaglutide, tirzepatide",6
"WestCoast IV Therapy in San Diego, CA",westcoastiv.com,,,yes,no_email,https://westcoastiv.com,medspa,"semaglutide, tirzepatide, nad+, glutathione",11
wHydrate,whydrate.com,,,,no_email,https://whydrate.com,medspa,"nad+, glutathione",3
"Wilder Wellness Boutique in Augusta, GA",wilderwellnessboutique.com,,,,unreachable,,,,
wildfire aesthetics,wildfireaesthetics.com,,,yes,no_email,https://wildfireaesthetics.com,medspa,GLP-1 weight loss peptides,4
"Willow Boutique Med Spa in Avon, OH",willowboutiquemedspa.com,willowboutiquemedspa@gmail.com,willowboutiquemedspa@gmail.com,yes,no_peptides,https://willowboutiquemedspa.com,medspa,,0
Wine N Cheese Day Spa,winencheesedayspa.com,manager@winencheesedayspa.com,impallari@gmail.com; manager@winencheesedayspa.com; winencheesedayspa@gmail.com,yes,no_peptides,https://winencheesedayspa.com,vendor,,0
wisconsin hormones,wisconsinhormones.com,,,,unreachable,,,,
W Iv Drips,wivdrips.com,,,,unreachable,,,,
Women's Choice Aesthetics / Mammography,womenschoicect.com,impallari@gmail.com,impallari@gmail.com,yes,no_peptides,https://womenschoicect.com/about,medspa,,0
"Yordi’s Aesthetic in Naples, FL",wwwyordisaestheticmedspa.com,,,,unreachable,,,,
Xenana Spa and Wellness,xenanaspa.com,info@xenanaspa.com,appointments@xenanaspa.com; info@xenanaspa.com,yes,no_peptides,https://xenanaspa.com,medspa,,0
XO Aesthetic Refinery,xoaestheticrefinery.com,,,yes,no_email,https://xoaestheticrefinery.com,medspa,nad+,3
Yes Aesthetics,yesaesthetics.com,,,yes,no_email,https://yesaesthetics.com,medspa,"semaglutide, nad+",6
Yoni Steam Honolulu,yonisteamhonolulu.com,yonisteamhnl@gmail.com,yonisteamhnl@gmail.com,yes,no_peptides,https://yonisteamhonolulu.com,vendor,,0
Yoni Steam Queen,yonisteamqueenspa.com,yonisteamqueen@aol.com,yonisteamqueen@aol.com,yes,no_peptides,https://yonisteamqueenspa.com,vendor,,0
Vigour,youagain.net,,,yes,no_email,https://youagain.net,medspa,,1
Young Medical Spa,youngmedicalspa.com,,,yes,no_email,https://youngmedicalspa.com,medspa,"semaglutide, tirzepatide, bpc-157, tb-500, thymosin beta-4, sermorelin",15
Young Naturopathic Center for Wellness,youngwellnesscenter.com,,,yes,no_email,https://youngwellnesscenter.com,medspa,"semaglutide, tirzepatide, nad+, sermorelin, pt-141, glutathione",19
Mabrie Facial Institute,yourfaceinourhands.com,,,yes,no_email,https://yourfaceinourhands.com,medspa,,0
Renew Body Wellness & Testosterone Clinic,yourtestosteroneclinic.com,,,yes,no_email,https://yourtestosteroneclinic.com,medspa,"semaglutide, liraglutide",14
"Your Wellness Center in Cincinnati, OH",yourwellnesscenter.com,,,,no_email,,vendor,,0
Your Will Wellness,yourwillwellness.com,,,yes,no_email,https://yourwillwellness.com,vendor,,0
Yunique Medical,yuniquemedical.com,,,yes,no_email,https://yuniquemedical.com,medspa,"semaglutide, tirzepatide, selank",9
Zama Massage Therapeutic Spa,zamamassage.com,,,,no_email,,vendor,,0
Z & L Spa,zandlspa.com,,,,unreachable,,,,
Zen Beauty Spa & Body Works,zenspa-albuquerque.com,ogalaxy2000@aol.com,ogalaxy2000@aol.com,yes,no_peptides,https://zenspa-albuquerque.com,medspa,,0
Zero Gravity Massage of Milwaukee,zerogravitymassage.net,,,,no_email,,vendor,,0
Zeus Men's Health,zeusmenshealth.com,,,,unreachable,,,,
Reflect Aesthetics,zivel.com,contact@zivel.com,contact@zivel.com,,no_peptides,https://zivel.com/contact,vendor,,0
Z,zsalon.com,info@zsalon.com,info@zsalon.com,yes,no_peptides,https://zsalon.com,vendor,,0
