vendor,domain,email,all_emails,us_signal,status,evidence_url,audience,peptides,peptide_hits
"Addis Health and Wellness Center in Alexandria, VA",addishealthva.com,info@addishealthva.com,qabdulahad00@gmail.com; info@addishealthva.com,yes,ok,https://addishealthva.com,medspa,"semaglutide, tirzepatide, nad+",8
Advanced Wellness MD,advancedwellmd.com,info@advancedwellmd.com,info@advancedwellmd.com,yes,ok,https://advancedwellmd.com,medspa,,2
"The Aesthetic Lounge in Knoxville, TN",aestheticloungeknox.com,admin@aestheticloungeknox.com,admin@aestheticloungeknox.com,yes,ok,https://aestheticloungeknox.com,medspa,GLP-1 weight loss peptides,4
Affinity Whole Health,affinitywholehealth.com,help@affinitywholehealth.com,help@affinitywholehealth.com,yes,ok,https://affinitywholehealth.com,medspa,"semaglutide, nad+, sermorelin, glutathione, tirzepatide",15
Noydeen Med Spa of Conway Arkansas,allbodyhw.com,contact@allbodyhw.com,contact@allbodyhw.com,yes,ok,https://allbodyhw.com,medspa,"semaglutide, tirzepatide",7
Uplift Aesthetics,allurecontourmedspa.com,allurecontourclinic@gmail.com,allurecontourclinic@gmail.com,yes,ok,https://allurecontourmedspa.com,medspa,GLP-1 weight loss peptides,6
Alphaboost Wellness,alphaboostwellness.com,info@alphaboostwellness.com,info@alphaboostwellness.com,yes,ok,https://alphaboostwellness.com,medspa,GLP-1 weight loss peptides,6
Anastasi Aesthetics,anastasiaesthetics.com,aanastasi8@gmail.com,aanastasi8@gmail.com; anastasiaesthetics8@gmail.com,yes,ok,https://anastasiaesthetics.com,medspa,"semaglutide, tirzepatide, nad+",7
"Angelic Functional Medicine and Spa in Weslaco, TX",angelicfunctionalmedicinespa.com,angelicmedspa1@gmail.com,angelicmedspa1@gmail.com,yes,ok,https://angelicfunctionalmedicinespa.com,medspa,"semaglutide, tirzepatide, nad+, glutathione",13
Center for Anti-Aging Aesthetic and Rejuvenation Medicine: Yale ( Yoel,antiagingim.com,antiagingflorida@gmail.com,antiagingflorida@gmail.com,yes,ok,https://antiagingim.com,medspa,oxytocin,6
Anti Aging and Functional Medicine,antiagingraleigh.com,staff@antiagingraleigh.com,staff@antiagingraleigh.com,yes,ok,https://antiagingraleigh.com,medspa,nad+,6
Apex Urology & Aesthetics,apexuro.com,apex@apexuro.com,apex@apexuro.com,yes,ok,https://apexuro.com,medspa,,1
"Arukah Functional Wellness in Wooster, OH",arukahwooster.com,support@arukahwooster.com,support@arukahwooster.com,yes,ok,https://arukahwooster.com,medspa,"nad+, glutathione",3
Live Healthy Functional Medicine,augustaa2m.com,stojino@augustaa2m.com,stojino@augustaa2m.com,yes,ok,https://augustaa2m.com,medspa,"nad+, glutathione",4
"Aura IV & Wellness in Tracy, CA",auraivw.com,info@auraivw.com,info@auraivw.com,yes,ok,https://auraivw.com,medspa,"nad+, glutathione",3
BelCorpo MedSpa Ballantyne,belcorpomedspa.com,contact@belcorpomedspa.com,contact@belcorpomedspa.com,yes,ok,https://belcorpomedspa.com,medspa,"bpc-157, ipamorelin, tesamorelin, cjc-1295",6
Bellissimo Aesthetics,bellissimoaestheticswi.com,beautiful@bellissimoaestheticswi.com,impallari@gmail.com; beautiful@bellissimoaestheticswi.com,yes,ok,https://bellissimoaestheticswi.com/contact-us,medspa,"semaglutide, tirzepatide, glutathione",9
Hawaii Natural Therapy,bestoahumassage.com,info@bestoahumassage.com,info@bestoahumassage.com,yes,ok,https://bestoahumassage.com,medspa,oxytocin,1
"Be Well By Mia in Youngstown, OH",bewellbymia.com,bewellbymia@gmail.com,bewellbymia@gmail.com,yes,ok,https://bewellbymia.com,medspa,,3
Beyond Wellness,beyondwellness.io,hello@beyondwellness.io,hello@beyondwellness.io,yes,ok,https://beyondwellness.io,medspa,"bpc-157, tb-500, nad+, ipamorelin, tesamorelin, cjc-1295",21
Beyond Wellness Hillcrest,beyondwellnessar.com,info@beyondwellnessar.com,info@beyondwellnessar.com,yes,ok,https://beyondwellnessar.com,medspa,,3
Remedy Functional Medicine LLC,bioloungepdx.com,info@bioloungepdx.com,info@bioloungepdx.com,yes,ok,https://bioloungepdx.com,medspa,,3
BioMD Balance Solutions,biomdbalance.com,biomdbalancesolutions@gmail.com,biomdbalancesolutions@gmail.com,yes,ok,https://biomdbalance.com,medspa,"bpc-157, thymosin beta-4, thymosin alpha-1, ipamorelin, tesamorelin, cjc-1295",13
Blu Aesthetics,blu-aesthetics.com,info@blu-aesthetics.com,info@blu-aesthetics.com,yes,ok,https://blu-aesthetics.com/contact,medspa,GLP-1 weight loss peptides,3
"Blue Alchemy IV Hydration+Wellness Infusions in Evans, GA",bluealchemywellness.com,hello@bluealchemywellness.com,hello@bluealchemywellness.com,yes,ok,https://bluealchemywellness.com,medspa,"semaglutide, tirzepatide, nad+",7
BodyLogicMD of Saint Louis,bodylogicmd.fit,wellness@bodylogicmd.com,wellness@bodylogicmd.com,yes,ok,https://bodylogicmd.fit,vendor,,1
Boston Testosterone Clinic PRO,boston.testosteroneclinicpro.com,info@testosteroneclinicpro.com,info@testosteroneclinicpro.com,yes,ok,https://boston.testosteroneclinicpro.com,medspa,"sermorelin, glutathione, oxytocin",5
Boston Direct Health,bostondirecthealth.com,info@bostondirecthealth.com,info@bostondirecthealth.com,yes,ok,https://bostondirecthealth.com,medspa,,3
BouncebackIV Medspa,bouncebackiv.com,info@bouncebackiv.com,info@bouncebackiv.com,yes,ok,https://bouncebackiv.com,medspa,GLP-1 weight loss peptides,3
Calla Medspa,calla-medspa.com,info@calla-medspa.com,info@calla-medspa.com,yes,ok,https://calla-medspa.com,medspa,,1
Center for Modern Aging,centerformodernaging.com,centerformodernaging@gmail.com,centerformodernaging@gmail.com; centermordernaging@gmail.com; centermodernaging@gmail.com,yes,ok,https://centerformodernaging.com,medspa,,2
"Clarus Health: Ketamine and NAD clinic in San Francisco, CA",clarus-health.com,info@clarus-health.com,info@clarus-health.com,yes,ok,https://clarus-health.com,medspa,nad+,4
"DRIPwoRX of Clemson; IV Vitamin Therapy in Clemson, SC",clemson.dripworx.com,hello@dripworx.com,hello@dripworx.com,yes,ok,https://clemson.dripworx.com,medspa,"nad+, glutathione",5
Clinic For Him,clinicforhim.com,contact@clinicforhim.com,contact@clinicforhim.com,yes,ok,https://clinicforhim.com,medspa,,1
Center for Men's Health Rhode Island,cmh-ri.com,info@cmh-ri.com,info@cmh-ri.com,yes,ok,https://cmh-ri.com,medspa,GLP-1 weight loss peptides,4
Continuum Men’s Health,continuummenshealth.com,support@continuummenshealth.com,support@continuummenshealth.com,yes,ok,https://continuummenshealth.com,medspa,,1
"Cosmetic Confidence MedSpa & Wellness Center of Hudson Valley, NY",cosmeticconfidenceny.com,info@cosmeticconfidenceny.com,info@cosmeticconfidenceny.com,yes,ok,https://cosmeticconfidenceny.com,medspa,"semaglutide, tirzepatide",4
Cryotherapy Indy,cryotherapyindy.com,info@cryotherapyindy.com,info@cryotherapyindy.com,yes,ok,https://cryotherapyindy.com/about,medspa,,1
"Crystal IV Hydration & Aesthetics in Houston, TX",crystaliva.com,admin@crystaliva.com,admin@crystaliva.com,yes,ok,https://crystaliva.com,medspa,nad+,4
Dallas Men's Health,dallasmenshealth.com,info@dallasmenshealth.com,info@dallasmenshealth.com,yes,ok,https://dallasmenshealth.com/contact,medspa,GLP-1 weight loss peptides,3
"Desert City Wellness in El Paso, TX",desertcitywellness.com,desertcitywellness@gmail.com,desertcitywellness@gmail.com,yes,ok,https://desertcitywellness.com,medspa,,1
DevotedDOc Suboxone and General Medicine Lakeland,devoteddoc.com,contact@devoteddoc.com,contact@devoteddoc.com,yes,ok,https://devoteddoc.com,medspa,,1
"D'Luxe Beauty and Wellness Spa, LLC. in Spartanburg, SC",dluxebeautyandwellnessspa.com,info@dluxebeautyandwellnessspa.com,info@dluxebeautyandwellnessspa.com,yes,ok,https://dluxebeautyandwellnessspa.com,medspa,"semaglutide, glutathione",5
Hormones & Holistic Healthcare,drdebmckay.com,admin@drdebmckay.com,admin@drdebmckay.com,yes,ok,https://drdebmckay.com,medspa,GLP-1 weight loss peptides,3
"Drip Wellness, PLLC in Mill Creek, WA",drip-wellness.com,info@drip-wellness.com,info@drip-wellness.com,yes,ok,https://drip-wellness.com,medspa,"nad+, glutathione",3
"Dr. Fusion IV Therapy & Wellness in Lakeland, FL",driploungebydrfusion.com,drfusion23@gmail.com,drfusion23@gmail.com,yes,ok,https://driploungebydrfusion.com,medspa,,1
"Drip Suites IV Hydration & Vitamin Therapy in Jurupa Valley, CA",dripsuites.us,support@dripsuites.us,support@dripsuites.us; jurupavalley@dripsuites.us; %20jenndripsuites@gmail.com; jenndripsuites@gmail.com; torrance@dripsuites.us; upland@dripsuites.us; coloradosprings@dripsuites.us; fontana@dripsuites.us,yes,ok,https://dripsuites.us,medspa,"tirzepatide, nad+, glutathione",11
"Drip Vibe Wellness in Winter Park, FL",dripvibewellness.com,info@dripvibewellness.com,info@dripvibewellness.com,yes,ok,https://dripvibewellness.com,medspa,,2
"Drip With Gee in Baldwin, NY",dripwithgee.com,info@dripwithgee.com,info@dripwithgee.com,yes,ok,https://dripwithgee.com/contact-us,medspa,,1
"Expect Wellness: Rachel Hall, MD",drrachelhall.com,reception@drrachelhall.com,reception@drrachelhall.com,yes,ok,https://drrachelhall.com,medspa,,2
Jean Donati Acupuncture,drweng.com,advancedmedicine24@gmail.com,advancedmedicine24@gmail.com,yes,ok,https://drweng.com,medspa,"semaglutide, tirzepatide",5
Dunham Integrative Health and Aesthetics,dunhamintegrativefh.com,ifhcommunications@dunhamintegrativefh.com,impallari@gmail.com; ifhcommunications@dunhamintegrativefh.com,yes,ok,https://dunhamintegrativefh.com,medspa,"semaglutide, nad+, glutathione",4
"Elevate Medical Center in Kent, WA",elevatemedcenter.com,elevatemedicalcenter@outlook.com,elevatemedicalcenter@outlook.com,yes,ok,https://elevatemedcenter.com,medspa,"semaglutide, nad+",7
ElevateMuà,elevatemua.com,info@elevatemua.com,info@elevatemua.com,yes,ok,https://elevatemua.com,medspa,nad+,1
"Elevate You Dayton in Beavercreek, OH",elevateyoudayton.com,info@elevateyoudayton.com,drjustin@elevateyoudayton.com; info@elevateyoudayton.com,yes,ok,https://elevateyoudayton.com,medspa,,3
Elevation Wellness,elevation-wellness.com,info@elevation-wellness.com,info@elevation-wellness.com,yes,ok,https://elevation-wellness.com,medspa,nad+,5
"Elevation Wellness & Infusion in Evanston, WY",elevationwellnessandinfusion.com,elevationinfusion@gmail.com,elevationinfusion@gmail.com,yes,ok,https://elevationwellnessandinfusion.com,medspa,nad+,2
"Elivate Med Spa and Wellness in Greenwich, CT",elivatemedspa.com,info@elivatemedspa.com,info@elivatemedspa.com,yes,ok,https://elivatemedspa.com,medspa,,3
"Elivate Wellness + Aesthetics in Southfield, MI",elivatewellnessco.com,info@elivatewellnessco.com,info@elivatewellnessco.com,yes,ok,https://elivatewellnessco.com,medspa,"semaglutide, tirzepatide, nad+, glutathione",9
ELIXIUM HEALTH,elixiumhealth.com,info@elixiumhealth.com,info@elixiumhealth.com,yes,ok,https://elixiumhealth.com,medspa,,1
El Paso Wellness Associates,elpasowellnessassociates.com,elpasowellnessassociates@gmail.com,elpasowellnessassociates@gmail.com,yes,ok,https://elpasowellnessassociates.com,medspa,GLP-1 weight loss peptides,4
Eluma Laser and Aesthetics,elumalaser.com,eluma@elumalaser.com,eluma@elumalaser.com,yes,ok,https://elumalaser.com,medspa,GLP-1 weight loss peptides,3
"Empire Aesthetic Center in Bakersfield, CA",empireaestheticcenter.com,info@empireaestheticcenter.com,info@empireaestheticcenter.com,yes,ok,https://empireaestheticcenter.com,medspa,"semaglutide, tirzepatide, nad+, glutathione",10
"Enhanced Lifestyle Healthcare IV Therapy and Spa in Lakeland, FL",enhancedlifestylespa.com,medspa.manager@enhancedlifestylespa.com,medspa.manager@enhancedlifestylespa.com,yes,ok,https://enhancedlifestylespa.com,medspa,"semaglutide, tirzepatide, nad+, glutathione",11
Enhance U Med Spa,enhanceutoday.com,sylvia@enhanceutoday.com,sylvia@enhanceutoday.com,yes,ok,https://enhanceutoday.com,medspa,GLP-1 weight loss peptides,2
"Enliven You Aesthetics and Wellness in Dallas, TX",enlivenyouaesthetics.com,cinthia@enlivenyouaesthetics.com,cinthia@enlivenyouaesthetics.com,yes,ok,https://enlivenyouaesthetics.com,medspa,"nad+, glutathione",3
Evergreen Factor,evergreenfactor.com,info@evergreenfactor.com,impallari@gmail.com; info@evergreenfactor.com,yes,ok,https://evergreenfactor.com,medspa,"nad+, glutathione",3
Evollon Medspa & Wellness,evollon.com,info@evollon.com,info@evollon.com,yes,ok,https://evollon.com,medspa,nad+,3
Dr. Stem Cell,evolveantiaging.com,connect@evolveantiaging.com,connect@evolveantiaging.com,yes,ok,https://evolveantiaging.com,medspa,semaglutide,8
Metabolic Research Center,evolvewellnessmuncie.com,info@evolvewellnessmuncie.com,info@evolvewellnessmuncie.com,yes,ok,https://evolvewellnessmuncie.com,medspa,GLP-1 weight loss peptides,5
Spano Health & Wellness,faceitbotoxbar.com,ryann@faceitbotoxbar.com,ryann@faceitbotoxbar.com,yes,ok,https://faceitbotoxbar.com,medspa,semaglutide,5
Fitshop Med Spa,fitshopnm.com,nutrishop.fitshop@yahoo.com,nutrishop.fitshop@yahoo.com,yes,ok,https://fitshopnm.com,medspa,GLP-1 weight loss peptides,2
"Florida Integrative Medical Center in Sarasota, FL",flimc.com,info@flimc.com,info@flimc.com,yes,ok,https://flimc.com,medspa,"nad+, glutathione",3
"Forever Young IV Bar in Plano, TX",foreveryoungivbar.com,wanda@foreveryoungivbar.com,wanda@foreveryoungivbar.com; mccook@foreveryoungivbar.com,yes,ok,https://foreveryoungivbar.com,medspa,"semaglutide, sermorelin, glutathione",6
Functional Wellness Solutions,futurehopetotalhealth.com,futurehopemanagement@gmail.com,futurehopemanagement@gmail.com,yes,ok,https://futurehopetotalhealth.com,medspa,,2
BOTOXD BEAUTY CO.,getbotoxd.com,getbotoxd@gmail.com,getbotoxd@gmail.com,yes,ok,https://getbotoxd.com,medspa,nad+,6
"Glow Lab Medical Spa & Aesthetics in Monroe, MI",glowlabmedicalspa.com,hello@glowlabmedicalspa.com,hello@glowlabmedicalspa.com,yes,ok,https://glowlabmedicalspa.com,medspa,"semaglutide, tirzepatide",6
Glow Medical Aesthetics,glowmedicaltulsa.com,info@glowmedicaltulsa.com,info@glowmedicaltulsa.com; glowmedicaltulsa@gmail.com,yes,ok,https://glowmedicaltulsa.com,medspa,GLP-1 weight loss peptides,5
Glow Medspa Houston,glowmedspa.com,info@glowmedspa.com,contact@glowmedspa.com; colleyville@glowmedspa.com; mckinney@glowmedspa.com; houston@glowmedspa.com; info@glowmedspa.com,yes,ok,https://glowmedspa.com/contact-us,medspa,semaglutide,1
"Grace Concierge And Wellness Services, PLLC/Grace Wellness & Aesthetic",graceaestheticsstudiopllc.com,lataracraddock@graceaestheticsstudiopllc.com,lataracraddock@graceaestheticsstudiopllc.com,yes,ok,https://graceaestheticsstudiopllc.com,medspa,"semaglutide, tirzepatide",7
"Happy Health and Wellness Clinic in Knoxville, TN",happyhealthwellness.com,info@happyhealthwellness.com,info@happyhealthwellness.com; marketing@happyhealthwellness.com,yes,ok,https://happyhealthwellness.com,medspa,"nad+, glutathione",10
Harmony Hormone Therapy,harmonyhormonetherapy.com,kim@harmonyhormonetherapy.com,kim@harmonyhormonetherapy.com,yes,ok,https://harmonyhormonetherapy.com,medspa,"semaglutide, tirzepatide",8
Heal Clinic,healclinictx.com,office@healclinictx.com,office@healclinictx.com,yes,ok,https://healclinictx.com,medspa,,1
The Studio Med Spa,healioslasertherapy.com,info@healioslasertherapy.com,info@healioslasertherapy.com,yes,ok,https://healioslasertherapy.com,medspa,,1
Holistic Health Code: Holistic Health + Functional Medicine Clinic in,holistichealthcode.com,hello@holistichealthcode.com,hello@holistichealthcode.com; support@holistichealthcode.com,yes,ok,https://holistichealthcode.com,medspa,"semaglutide, tirzepatide, nad+, glutathione",5
Florida Center for Hormones and Wellness,hormonesandwellness.com,info@hormonesandwellness.com,info@hormonesandwellness.com,yes,ok,https://hormonesandwellness.com,medspa,"semaglutide, tirzepatide",7
"House of Hormones and Weight Loss in North Port, FL",houseofhormonesandweightloss.com,kelseyaprn.houseofhormones@gmail.com,kelseyaprn.houseofhormones@gmail.com,yes,ok,https://houseofhormonesandweightloss.com,medspa,nad+,3
"Hydration Medic Mobile and IV Spa in Scarsdale, NY",hydrationmedicny.com,hydrationmedicny@gmail.com,hydrationmedicny@gmail.com,yes,ok,https://hydrationmedicny.com,medspa,"nad+, glutathione",5
"HydraVive Wellness in Sacramento, CA",hydravivewellness.com,hello@hydravivewellness.com,hello@hydravivewellness.com,yes,ok,https://hydravivewellness.com,medspa,nad+,2
Skin Refine Medspa,ilaramedspa.com,info@ilaramedspa.com,info@ilaramedspa.com; hello@ilaramedspa.com,yes,ok,https://ilaramedspa.com,medspa,,1
ilLumin8skin,illumin8skin.com,patti@illumin8skin.com,patti@illumin8skin.com,yes,ok,https://illumin8skin.com,medspa,"semaglutide, tirzepatide",7
Summit IV,illuminationwh.com,info@illuminationwh.com,info@illuminationwh.com,yes,ok,https://illuminationwh.com,medspa,GLP-1 weight loss peptides,2
Ilyne Med Spa,ilynems.com,info@ilynems.com,info@ilynems.com,yes,ok,https://ilynems.com,medspa,glutathione,2
"Infuse IV Wellness in Edina, MN",infuse.health,jenn@infuse.health,jenn@infuse.health,yes,ok,https://infuse.health,medspa,"semaglutide, tirzepatide, bpc-157, tb-500, thymosin alpha-1, nad+",24
"Infuze MD in Pleasanton, CA",infuzemd.com,info@infuzemd.com,info@infuzemd.com,yes,ok,https://infuzemd.com,medspa,"thymosin alpha-1, nad+, glutathione",6
Instadrip IV,instadrip.com,team@instadrip.io,team@instadrip.io,yes,ok,https://instadrip.com,medspa,"nad+, glutathione",5
The Institute of Vitality,instituteofvitality.com,health@instituteofvitality.madebyaura.dev,health@instituteofvitality.madebyaura.dev,yes,ok,https://instituteofvitality.com,medspa,sermorelin,8
Integrative Medicine NW,integrativemedicinenw.com,info@integrativemedicinenw.com,info@integrativemedicinenw.com,yes,ok,https://integrativemedicinenw.com,medspa,,2
"Internal Medicine & Aesthetics by Dr Romero in St. Cloud, FL",internalmedicineandaesthetics.com,contact@internalmedicineandaesthetics.com,contact@internalmedicineandaesthetics.com,yes,ok,https://internalmedicineandaesthetics.com,medspa,"semaglutide, tirzepatide, glutathione",5
Invite Wellness,invitewellnesshealth.com,info@invitewellnesshealth.com,invitewellnesshealth@gmail.com; info@invitewellnesshealth.com,yes,ok,https://invitewellnesshealth.com,medspa,semaglutide,5
"IVRevive in Roslyn, NY",iv-revive.com,info@iv-revive.com,info@iv-revive.com,yes,ok,https://iv-revive.com,medspa,"semaglutide, tirzepatide, nad+",10
"IV Bungalow in Long Beach, CA",ivbungalow.com,info@ivbungalow.com,info@ivbungalow.com,yes,ok,https://ivbungalow.com,medspa,"nad+, glutathione",4
IV Drip 2 U Mobile IV Therapy,ivdrip2u.com,info@ivdrip2u.com,info@ivdrip2u.com; hello@ivdrip2u.com,yes,ok,https://ivdrip2u.com,medspa,glutathione,3
Mia's Medical Spa,ivdripandmedicalspa.com,miasmedicalspa@gmail.com,miasmedicalspa@gmail.com,yes,ok,https://ivdripandmedicalspa.com,medspa,,1
"IV Hydration & Wellness Lounge in Corona, CA",ivhwlounge.com,contact@ivhwlounge.com,contact@ivhwlounge.com,yes,ok,https://ivhwlounge.com,medspa,"nad+, glutathione",3
IV Hydrate Cafe,ivhydratecafe.com,info@ivhydratecafe.com,impallari@gmail.com; info@ivhydratecafe.com; ivhydratecafe@gmail.com,yes,ok,https://ivhydratecafe.com,medspa,"nad+, glutathione",3
hydr.ate,ivhydratellc.com,info@ivhydratellc.com,info@ivhydratellc.com,yes,ok,https://ivhydratellc.com,medspa,glutathione,2
Model Wellness,ivtherapy2go.com,info@ivtherapy2go.com,info@ivtherapy2go.com,yes,ok,https://ivtherapy2go.com,medspa,,1
"The Lab Wellness Lounge Westwood in Westwood, MA",ivvitamininfusionwellnesswestwood.org,ivvitamininfusionwellness@gmail.com,ivvitamininfusionwellness@gmail.com,yes,ok,https://ivvitamininfusionwellnesswestwood.org,medspa,"semaglutide, glutathione",4
QC Kinetix (Maplewood),ivwellnessbeautyspa.com,zoualyang@gmail.com,zoualyang@gmail.com,yes,ok,https://ivwellnessbeautyspa.com,medspa,,1
"Ivy Infusion and Wellness in Roselle, IL",ivyinfusionwellness.com,contact@ivyinfusionwellness.com,contactivyinfusion@gmail.com; contact@ivyinfusionwellness.com,yes,ok,https://ivyinfusionwellness.com,medspa,"semaglutide, tirzepatide, nad+, glutathione",8
IZO Aesthetics & Wellness,izoaesthetics.zoca.com,izomedspa@gmail.com,izomedspa@gmail.com,yes,ok,https://izoaesthetics.zoca.com,medspa,GLP-1 weight loss peptides,4
"Jacobs IV Hydration in Knoxville, TN",jacobsivhydration.com,info@jacobsivhydration.com,info@jacobsivhydration.com,yes,ok,https://jacobsivhydration.com,medspa,glutathione,2
"Just For The Health Of It Utah in Provo, UT",justforthehealthofitutah.com,hello@justforthehealthofitutah.com,hello@justforthehealthofitutah.com,yes,ok,https://justforthehealthofitutah.com,medspa,,1
"Kloud Health in Los Angeles, CA",kloud.health,info@kloud.health,info@kloud.health,yes,ok,https://kloud.health,medspa,nad+,2
Land Aesthetics,landaesthetics.glossgenius.com,marjorieland@hotmail.com,marjorieland@hotmail.com,yes,ok,https://landaesthetics.glossgenius.com,medspa,,1
WOW Health & Beauty Medical Spa,lasvegashealthandbeautyspa.com,info@lasvegashealthandbeautyspa.com,info@lasvegashealthandbeautyspa.com,yes,ok,https://lasvegashealthandbeautyspa.com,medspa,"semaglutide, tirzepatide",8
"Lehigh Valley Weight Loss, Wellness, and Aesthetics in Allentown, PA",lehighvalleyweightloss.org,dr.john.scaffidi@gmail.com,dr.john.scaffidi@gmail.com,yes,ok,https://lehighvalleyweightloss.org,medspa,semaglutide,3
Le SPA de l’hôtel LOTTE,lespalotte.com,book@lespalotte.com,book@lespalotte.com,yes,ok,https://lespalotte.com,medspa,nad+,2
Level Up Health and Wellness,leveluphw.com,info@leveluphw.com,info@leveluphw.com,yes,ok,https://leveluphw.com,medspa,"tirzepatide, nad+, glutathione",8
Liberty Holistic Health,libertyholistichealth.com,libhahs1@gmail.com,libhahs1@gmail.com,yes,ok,https://libertyholistichealth.com,medspa,"nad+, glutathione",6
"Libre Aesthetics and Wellness in Sebastian, FL",libreaestheticsandwellness.com,thelibrelifestyle@gmail.com,thelibrelifestyle@gmail.com,yes,ok,https://libreaestheticsandwellness.com,medspa,nad+,1
Dr. Mike Eldirani,lifemedmi.com,info@lifemedmi.com,info@lifemedmi.com,yes,ok,https://lifemedmi.com,medspa,"semaglutide, tirzepatide",4
HD Medical Aesthetics,lincolnhd.com,contact@lincolnhd.com,contact@lincolnhd.com,yes,ok,https://lincolnhd.com,medspa,"semaglutide, glutathione",2
bēon IV and Wellness,livebeon.com,info@livebeon.com,info@livebeon.com,yes,ok,https://livebeon.com,vendor,GLP-1 weight loss peptides,2
"L.I.V.E. Wellness Med Spa in Rocklin, CA",livewellnessmedspa.com,livewellnessmedspa@gmail.com,livewellnessmedspa@gmail.com,yes,ok,https://livewellnessmedspa.com,medspa,nad+,4
"Living Wellness Medical Center, LLC",livingwellnessmedicalcenter.com,frontdesk@livingwellnessmedicalcenter.com,frontdesk@livingwellnessmedicalcenter.com,yes,ok,https://livingwellnessmedicalcenter.com,medspa,,3
Lovely Skin Medical Aesthetics and Wellness Center,lovelyskinaesthetics.com,lovelyskin.medicalaesthetics@gmail.com,lovelyskin.medicalaesthetics@gmail.com,yes,ok,https://lovelyskinaesthetics.com,medspa,semaglutide,2
NuYou Medical Aesthetics,lovethenuyou.com,inquiries@lovethenuyou.com,inquiries@lovethenuyou.com,yes,ok,https://lovethenuyou.com,medspa,nad+,4
Low T Michigan,lowtmichigan.com,contact@lowtmichigan.com,contact@lowtmichigan.com,yes,ok,https://lowtmichigan.com,medspa,,2
"Luxe Rejuvenate Mobile Health and Wellness in Tampa, FL",luxerejuvenate.com,info@luxerejuvenate.com,info@luxerejuvenate.com; bookings@luxerejuvenate.com,yes,ok,https://luxerejuvenate.com,medspa,"semaglutide, tirzepatide, nad+, sermorelin, glutathione",12
Lux Medspa,luxmed-spa.com,info@luxmed-spa.com,info@luxmed-spa.com,yes,ok,https://luxmed-spa.com,medspa,nad+,1
Modern Aesthetics Medical Spa,mamedicalspa.com,info@mamedicalspa.com,info@mamedicalspa.com,yes,ok,https://mamedicalspa.com,medspa,"semaglutide, tirzepatide",6
"ME Aesthetics & Wellness in Walnut Creek, CA",meaestheticsca.com,melissa@meaestheticsca.com,melissa@meaestheticsca.com,yes,ok,https://meaestheticsca.com,medspa,"tirzepatide, nad+, glutathione",7
Medica Aesthetics,medicaaesthetics.info,hello@medicaaesthetics.info,hello@medicaaesthetics.info,yes,ok,https://medicaaesthetics.info,medspa,,1
Medical Aesthetics of NJ,medicalaestheticsnj.com,inna@medicalaestheticsnj.com,inna@medicalaestheticsnj.com,yes,ok,https://medicalaestheticsnj.com,medspa,,2
Medical & Beauty Care Clinic,medicalbeautycareoakbrook.zoca.com,rutajkhan@gmail.com,rutajkhan@gmail.com,yes,ok,https://medicalbeautycareoakbrook.zoca.com,medspa,semaglutide,8
Medical Spa Supply,medicalspasupply.com,customerservice@medicalspasupply.com,customerservice@medicalspasupply.com,yes,ok,https://medicalspasupply.com,medspa,kpv,3
MediSpa on Main,medispaonmain.com,malorycwatson@yahoo.com,malorycwatson@yahoo.com; medispaonmain2023@gmail.com,yes,ok,https://medispaonmain.com,medspa,GLP-1 weight loss peptides,6
Medspa LV,medspa-lv.com,customer-care@medspa-lv.com,customer-care@medspa-lv.com,yes,ok,https://medspa-lv.com,medspa,,1
Medical Spa and Wellness by Michelle NP,medspasaltlakewellness.com,mschlent@hotmail.com,mschlent@hotmail.com,yes,ok,https://medspasaltlakewellness.com,medspa,GLP-1 weight loss peptides,4
Medzone Spa & Aesthetics,medzonespa.com,info@medzonespa.com,info@medzonespa.com,yes,ok,https://medzonespa.com,medspa,"semaglutide, glutathione",4
Bella Medspa,mendingrootswellness.com,mendingrootswellness@gmail.com,mendingrootswellness@gmail.com,yes,ok,https://mendingrootswellness.com,vendor,,1
Men's T Clinic®,menstclinic.com,staff.addison@menstclinic.com,staff.addison@menstclinic.com; glynn@menstclinic.com; staff.frisco@menstclinic.com; staff.colony@menstclinic.com; houston.heights@menstclinic.com; staff.cypress@menstclinic.com; staff.pearland@menstclinic.com; staff.pasadena@menstclinic.com,yes,ok,https://menstclinic.com,medspa,GLP-1 weight loss peptides,5
"Metamorphosis Holistic MedSpa, PLLC",metamorphosisholisticmedspa.com,metamorphosisholisticmedspa@gmail.com,metamorphosisholisticmedspa@gmail.com,yes,ok,https://metamorphosisholisticmedspa.com,medspa,,1
Method Wellness & Infusion,methodwellnessandinfusion.com,hello@methodwellnessandinfusion.com,reception@methodwellnessandinfusion.com; hello@methodwellnessandinfusion.com,yes,ok,https://methodwellnessandinfusion.com,medspa,GLP-1 weight loss peptides,3
Miami Elegance Medspa,miamielegance.com,info@miamielegance.com,info@miamielegance.com; annette@miamielegance.com,yes,ok,https://miamielegance.com,medspa,"semaglutide, tirzepatide, nad+, glutathione",11
Midtown Medical and Wellness,midtown-medical.com,staff@midtown-medical.com,staff@midtown-medical.com,yes,ok,https://midtown-medical.com,medspa,glutathione,3
Milani MedSpa,milanimedspa.com,info@milanimedspa.com,info@milanimedspa.com; marketing@milanimedspa.com,yes,ok,https://milanimedspa.com,medspa,glutathione,4
Millennia Wellness MD,millenniawellmd.com,info@millenniawellmd.com,info@millenniawellmd.com,yes,ok,https://millenniawellmd.com,medspa,glutathione,8
Mind & Body MedSpa,mindbodywellnessmedspa.com,info@mindbodywellnessmedspa.com,info@mindbodywellnessmedspa.com,yes,ok,https://mindbodywellnessmedspa.com,medspa,"semaglutide, glutathione",6
Miramae Medical Skin Care Studio,miramaestudio.com,info@miramaestudio.com,info@miramaestudio.com,yes,ok,https://miramaestudio.com,medspa,GLP-1 weight loss peptides,2
"Mobile IV Care in Hickory Hills, IL",mobileivcare.com,maloriqat@mobileivcare.com,maloriqat@mobileivcare.com,yes,ok,https://mobileivcare.com,medspa,,1
"Mobile IV Drip in Phoenix, AZ",mobileivdrip.com,bookings@mobileivdrip.com,bookings@mobileivdrip.com; careers@mobileivdrip.com,yes,ok,https://mobileivdrip.com,medspa,,1
MOBO Medical Spa LLC,mobomedspa.com,meg@mobomedspa.com,meg@mobomedspa.com,yes,ok,https://mobomedspa.com,medspa,GLP-1 weight loss peptides,9
Modern Medical Spa,modern-medical-spa.com,info@modern-medical-spa.com,info@modern-medical-spa.com,yes,ok,https://modern-medical-spa.com,medspa,"semaglutide, tirzepatide, nad+, glutathione",9
Modern Medspa,modernmedspanh.com,info@modernmedspanh.com,info@modernmedspanh.com,yes,ok,https://modernmedspanh.com,medspa,,3
"Mojo Health & Hydration in Louisville, KY",mojohydration.com,info@mojohydration.com,info@mojohydration.com,yes,ok,https://mojohydration.com,medspa,"nad+, glutathione",3
Moksha Aesthetics,mokshaaesthetics.com,info@mokshaaesthetics.com,info@mokshaaesthetics.com; %20info@mokshaaesthetics.com,yes,ok,https://mokshaaesthetics.com,medspa,"semaglutide, tirzepatide, nad+, glutathione",10
Morph Med Spa,morphmedspa.com,hello@morphmedspa.com,hello@morphmedspa.com,yes,ok,https://morphmedspa.com,medspa,semaglutide,4
MORPH MEN'S HEALTH & TRT LLC,morphmenshealth.com,info@morphmenshealth.com,info@morphmenshealth.com,yes,ok,https://morphmenshealth.com,medspa,"semaglutide, tirzepatide, sermorelin, pt-141",9
Morrilton Med Spa,morriltonmedspa.com,morriltonmedspa@gmail.com,morriltonmedspa@gmail.com,yes,ok,https://morriltonmedspa.com,medspa,GLP-1 weight loss peptides,2
Mountain Medical Spa and Laser Center,mountain-medspa.com,joanna@mountain-medspa.com,joanna@mountain-medspa.com,yes,ok,https://mountain-medspa.com,medspa,"nad+, glutathione",5
Mountain Med Spa,mountainmedspa.com,mountainmedspacherrycreek@gmail.com,mountainmedspacherrycreek@gmail.com,yes,ok,https://mountainmedspa.com,medspa,GLP-1 weight loss peptides,3
Mountain Radiance Medical Spa,mountainradiance.com,info@mountainradiance.com,info@mountainradiance.com,yes,ok,https://mountainradiance.com,medspa,,1
Mountain View Aesthetics,mountainviewaesthetics.com,april@mountainviewaesthetics.com,april@mountainviewaesthetics.com,yes,ok,https://mountainviewaesthetics.com,medspa,,1
Mountcastle Medical Spa & Laser Center,mountcastlemedicalspa.com,info@mountcastlemedicalspa.com,info@mountcastlemedicalspa.com,yes,ok,https://mountcastlemedicalspa.com,medspa,,1
Montana Med Spa and Wellness,mtmedspa.com,info@mtmedspa.com,info@mtmedspa.com,yes,ok,https://mtmedspa.com,medspa,"nad+, glutathione",4
MurgaSkin Labs Aesthetics and Longevity,murgaskinlabs.com,clientservices@murgaskinlabs.com,clientservices@murgaskinlabs.com,yes,ok,https://murgaskinlabs.com,medspa,"semaglutide, tirzepatide, sermorelin, semax, pt-141, ghk-cu",12
Muse Health & Beauty,musehealthandbeauty.com,musehealthandbeauty@gmail.com,musehealthandbeauty@gmail.com,yes,ok,https://musehealthandbeauty.com,medspa,,1
Muse Medical Aesthetics,musemedicalct.com,info@musemedicalct.com,info@musemedicalct.com,yes,ok,https://musemedicalct.com,medspa,semaglutide,3
My Aesthetic Institute,myaestheticinstitute.com,info@myaestheticinstitute.com,info@myaestheticinstitute.com,yes,ok,https://myaestheticinstitute.com,medspa,,1
Point and Balance Acupuncture & Massage,myelitemedspa.com,hello@myelitemedspa.com,hello@myelitemedspa.com; topsfield@myelitemedspa.com,yes,ok,https://myelitemedspa.com,medspa,,1
"My Path Medical: Katherine Lantsman, MD",mypathmedical.com,klantsman@mypathmedical.com,klantsman@mypathmedical.com,yes,ok,https://mypathmedical.com,medspa,glutathione,1
MySkin Medical Spa,myskinmedicalspa.com,contactus@myskinmedicalspa.com,contactus@myskinmedicalspa.com,yes,ok,https://myskinmedicalspa.com,medspa,,2
mySkn Med Spa,mysknmedspa.com,admin@mysknmedspa.com,admin@mysknmedspa.com,yes,ok,https://mysknmedspa.com,medspa,,1
My Wellness Haven Med Spa,mywellnesshavenmedspa.com,info@mywellnesshavenmedspa.com,info@mywellnesshavenmedspa.com,yes,ok,https://mywellnesshavenmedspa.com,medspa,,1
Naranj Aesthetics & Wellness,naranjmedspa.com,info@naranjmedspa.com,info@naranjmedspa.com,yes,ok,https://naranjmedspa.com,medspa,"semaglutide, tirzepatide, retatrutide, nad+",8
Nashville Skin Company,nashvilleskincompany.com,admin@nashvilleskincompany.com,admin@nashvilleskincompany.com,yes,ok,https://nashvilleskincompany.com,medspa,GLP-1 weight loss peptides,2
Nashville Skin Studio,nashvilleskinstudio.com,nashvilleskinstudio@gmail.com,nashvilleskinstudio@gmail.com,yes,ok,https://nashvilleskinstudio.com,medspa,GLP-1 weight loss peptides,4
"Natural Glow Aesthetics & Wellness in Marietta, GA",naturalglowga.com,info@naturalglowga.com,info@naturalglowga.com,yes,ok,https://naturalglowga.com,medspa,"bpc-157, ipamorelin, sermorelin",7
Natural Hormone Replacement Center,naturalhormonestx.com,info@naturalhormonestx.com,info@naturalhormonestx.com; bizualized@gmail.com,yes,ok,https://naturalhormonestx.com,medspa,"semaglutide, tirzepatide",6
Natural Looks,naturallooks.co,hello@naturallooks.co,hello@naturallooks.co,yes,ok,https://naturallooks.co,medspa,,1
Natural Medical Aesthetics,naturalmedicalaesthetics.com,naturalmedspa@naturalmedicalaesthetics.com,naturalmedspa@naturalmedicalaesthetics.com,yes,ok,https://naturalmedicalaesthetics.com,medspa,"semaglutide, tirzepatide",5
Neaman Plastic Surgery & Medi Spa,neamanplasticsurgery.com,info@neamanplasticsurgery.com,info@neamanplasticsurgery.com,yes,ok,https://neamanplasticsurgery.com,medspa,GLP-1 weight loss peptides,6
Neuva Aesthetics,neuvaaesthetics.com,tpierce@neuvaaesthetics.com,tpierce@neuvaaesthetics.com,yes,ok,https://neuvaaesthetics.com,medspa,,1
New Beauty Med Spa,newbeautymedicalspa.com,newmedspa1@gmail.com,newmedspa1@gmail.com,yes,ok,https://newbeautymedicalspa.com,medspa,glutathione,1
New Face Chicago,newfacechicago.com,hello@newfacechicago.com,hello@newfacechicago.com; newfacechicago@gmail.com,yes,ok,https://newfacechicago.com,medspa,,1
New Image MD Medical Aesthetics,newimagemd.com,transformation@newimagemd.com,transformation@newimagemd.com,yes,ok,https://newimagemd.com,medspa,semaglutide,3
New Med Spa,newmedspas.com,info@newmedspa.com,info@newmedspa.com,yes,ok,https://newmedspas.com,medspa,GLP-1 weight loss peptides,3
New You Wellness Clinic,newyouglenview.com,contact@newyouglenview.com,contact@newyouglenview.com,yes,ok,https://newyouglenview.com,medspa,"semaglutide, tirzepatide, bpc-157, tb-500, thymosin beta-4, thymosin alpha-1",28
NIKS Medical Spa,niksmedicalspa.com,hello@niksmedicalspa.com,hello@niksmedicalspa.com,yes,ok,https://niksmedicalspa.com,medspa,"nad+, glutathione",2
Nk MedSpa,nkmedspa.com,support@nkmedspa.com,support@nkmedspa.com,yes,ok,https://nkmedspa.com,medspa,"semaglutide, tirzepatide",3
Nolo Medspa & Wellness,nolomedspatn.com,nolomedspa@gmail.com,nolomedspa@gmail.com,yes,ok,https://nolomedspatn.com,medspa,,2
North Texas MedSpa,northtexasmedspa.com,admin@northtexasmedspa.com,admin@northtexasmedspa.com,yes,ok,https://northtexasmedspa.com,medspa,nad+,4
Nourish Aesthetics & Wellness,nourishsuite.com,findme@nourishsuite.com,findme@nourishsuite.com,yes,ok,https://nourishsuite.com,medspa,"semaglutide, tirzepatide",8
Nouveau MedSpa,nouveaumedspa.com,hello@nouveaumedspa.com,hello@nouveaumedspa.com; beth@nouveaumedspa.com,yes,ok,https://nouveaumedspa.com,medspa,GLP-1 weight loss peptides,2
Nova Aesthetics and Medical Wellness,novaaestheticswellness.com,nova.aesthetics@yahoo.com,nova.aesthetics@yahoo.com; ova.aesthetics@yahoo.com; aliciajackson522@gmail.com,yes,ok,https://novaaestheticswellness.com,medspa,,2
Novel U Wellness and Med Spa,noveluwellness.com,hello@noveluwellness.com,noveluwellness@gmail.com; hello@noveluwellness.com,yes,ok,https://noveluwellness.com,medspa,GLP-1 weight loss peptides,4
Capitis Medical and Aesthetics,npempoweredwellness.com,np@npempoweredwellness.com,np@npempoweredwellness.com,yes,ok,https://npempoweredwellness.com,medspa,,1
"Nu Age, PC",nuageelite.com,nuagebeauty@outlook.com,nuagebeauty@outlook.com,yes,ok,https://nuageelite.com,medspa,"semaglutide, tirzepatide",3
Nude Aesthetics Med Spa Scottsdale,nude-aesthetics.com,contact@nude-aesthetics.com,thebeautyrxmedspa@gmail.com; contact@nude-aesthetics.com,yes,ok,https://nude-aesthetics.com,medspa,semaglutide,1
NuGlow Wellness Med Spa,nuglowwellnessmedspa.com,info@nuglowwellnessmedspa.com,info@nuglowwellnessmedspa.com,yes,ok,https://nuglowwellnessmedspa.com,medspa,,1
"NuHealing IV Hydration & Wellness in Richmond Heights, OH",nuhealingiv.com,info@nuhealingiv.com,info@nuhealingiv.com,yes,ok,https://nuhealingiv.com,medspa,"semaglutide, tirzepatide, nad+, glutathione",10
"NuHydration IV Wellness in Red Hook, NY",nuhydration.com,info@nuhydration.com,jordan@nuhydration.com; info@nuhydration.com,yes,ok,https://nuhydration.com,medspa,,1
NuMed Clinic & Medical Spa,numedclinic.net,oonoo1083@yahoo.com,oonoo1083@yahoo.com,yes,ok,https://numedclinic.net,medspa,,3
NU Med Spa Westlake Village,numedspas.com,info@numedspas.com,info@numedspas.com; encino@numedspas.com,yes,ok,https://numedspas.com,medspa,nad+,2
NuMi Aesthetics,numi-aesthetics.com,dr.nowrin@numi-aesthetics.com,dr.nowrin@numi-aesthetics.com,yes,ok,https://numi-aesthetics.com,medspa,glutathione,2
Nur Healing Center,nurhealingcenter.com,nurhealingcenterllc@gmail.com,nurhealingcenterllc@gmail.com,yes,ok,,medspa,,3
Nurture Wellness & Aesthetics,nurturedenverclinic.com,office@nurturedenverclinic.com,office@nurturedenverclinic.com,yes,ok,https://nurturedenverclinic.com,medspa,GLP-1 weight loss peptides,3
Nuud Skin Co.,nuudskin.co,hi@nuudskin.co,hi@nuudskin.co,yes,ok,https://nuudskin.co,medspa,glutathione,2
NY Center For Integrative Health,nycintegrative.com,info@nycintegrative.com,drkachko@nycintegrative.com; info@nycintegrative.com,yes,ok,https://nycintegrative.com,medspa,GLP-1 weight loss peptides,3
"Oasis IV Infusion in Rosemont, IL",oasis-iv-infusion.com,icare@oasisivinfusion.com,icare@oasisivinfusion.com,yes,ok,https://oasis-iv-infusion.com,vendor,"nad+, glutathione",4
OBI BioAesthetic Institute,obiinstitute.com,patientcare@obiinstitute.com,patientcare@obiinstitute.com,yes,ok,https://obiinstitute.com,medspa,,1
OC Skin Care Center,ocskincarecenter.com,info@ocskincarecenter.com,ocskincarecenter@gmail.com; info@ocskincarecenter.com,yes,ok,https://ocskincarecenter.com,medspa,,1
Ogè Aesthetics and Wellness,ogeaesthetics.com,info@ogeaesthetics.com,info@ogeaesthetics.com,yes,ok,https://ogeaesthetics.com,medspa,"semaglutide, tirzepatide, glutathione",7
Omorfia Medical Spa,omorfiamedicalspa.com,omorfiamedicalspa@gmail.com,omorfiamedicalspa@gmail.com,yes,ok,https://omorfiamedicalspa.com,medspa,,1
ONE Vida,onevida.com,contact@onevida.com,contact@onevida.com,yes,ok,https://onevida.com,medspa,"bpc-157, tb-500, ipamorelin, sermorelin, tesamorelin, mots-c",11
Optimal BioHealth,optimalbiohealth.com,info@optimalbiohealth.com,info@optimalbiohealth.com,yes,ok,https://optimalbiohealth.com,medspa,"semaglutide, tirzepatide, sermorelin",13
"OptimalSelf MD in Greenville, SC",optimalselfmd.com,office@optimalselfmd.com,office@optimalselfmd.com,yes,ok,https://optimalselfmd.com,medspa,GLP-1 weight loss peptides,5
OTR,optimizedtr.com,admin@optimizedtr.com,admin@optimizedtr.com,yes,ok,https://optimizedtr.com,medspa,"semaglutide, tirzepatide",8
Orlando Center of Medical Aesthetics (OCMA),orlandoskinclinic.com,info@orlandoskinclinic.com,info@orlandoskinclinic.com,yes,ok,https://orlandoskinclinic.com,medspa,semaglutide,6
Pacific Coast Dermatology & Wellness Center,paccoastderm.com,paccoastderm@gmail.com,paccoastderm@gmail.com,yes,ok,https://paccoastderm.com,medspa,"semaglutide, tirzepatide",10
Palisades Laser and Body Boutique,palilaserbody.com,info@palilaserbody.com,info@palilaserbody.com,yes,ok,https://palilaserbody.com,medspa,"semaglutide, tirzepatide",5
Parkhurst Luxe Medical Spa,parkhurstmedspa.com,info@parkhurstmedspa.com,info@parkhurstmedspa.com,yes,ok,https://parkhurstmedspa.com,medspa,semaglutide,3
Park Place Medical Spa,parkplacemedicalspa.com,info@parkplacemedicalspa.com,info@parkplacemedicalspa.com,yes,ok,https://parkplacemedicalspa.com,medspa,GLP-1 weight loss peptides,6
PBK Medspa,pbkmedspa.com,pbkmedspa@gmail.com,pbkmedspa@gmail.com,yes,ok,https://pbkmedspa.com,medspa,,1
Pêche Medical + Wellness,pechemedical.com,info@pechemedical.com,info@pechemedical.com,yes,ok,https://pechemedical.com,medspa,,1
Peninsula Med Spa,peninsulamedspa.com,info@peninsulamedspa.com,info@peninsulamedspa.com,yes,ok,https://peninsulamedspa.com,medspa,tirzepatide,2
Perfection Medical Spa,perfectionmedispa.com,info@perfectionmedispa.com,info@perfectionmedispa.com,yes,ok,https://perfectionmedispa.com,medspa,,1
Phases Medical Spa,phasesmedicalspa.com,info@phasesmedicalspa.com,info@phasesmedicalspa.com,yes,ok,https://phasesmedicalspa.com,medspa,,1
Phiz Spa,phizspa.com,info@phizspa.com,info@phizspa.com,yes,ok,https://phizspa.com,medspa,,1
Physician Aesthetic Specialists,physicianaestheticspecialists.com,danm@physicianaestheticspecialists.com,danm@physicianaestheticspecialists.com,yes,ok,https://physicianaestheticspecialists.com,medspa,GLP-1 weight loss peptides,7
Piel Aesthetics Med Spa,pielaesthetics.net,info@pielaesthetics.co,info@pielaesthetics.co; piel.aestheticstx@gmail.com,yes,ok,https://pielaesthetics.net,medspa,GLP-1 weight loss peptides,2
Pinnacle Wellness Group,pinnaclewellnessgroup.com,info@pinnaclewellnessgroup.com,info@pinnaclewellnessgroup.com,yes,ok,https://pinnaclewellnessgroup.com,medspa,,3
Plantation Med Spa,plantationmedspa.com,info@plantationmedspa.com,info@plantationmedspa.com,yes,ok,https://plantationmedspa.com,medspa,,1
"Preventive Medicine Anti-Aging & Chelation Therapy in Ringgold, GA",pmaact.com,infobh@pmaact.com,infobh@pmaact.com; inforing@pmaact.com,yes,ok,https://pmaact.com,medspa,,5
PMA MED SPA®,pmamedspa.com,tracee@pmamedspa.com,tracee@pmamedspa.com; precision.m.aesthetics@gmail.com,yes,ok,https://pmamedspa.com,medspa,,2
Polished Beauty MedSpa,polishedbeautymedspa.com,info@polishedbeautymedspa.com,info@polishedbeautymedspa.com; greg.williams@polishedbeautymedspa.com,yes,ok,https://polishedbeautymedspa.com,medspa,"semaglutide, tirzepatide",8
Polson Bay Med Spa Aesthetics & Wellness ~ Dr. Tom Sherry,polsonbaymedspa.com,polsonbaymedspa@gmail.com,polsonbaymedspa@gmail.com,yes,ok,https://polsonbaymedspa.com,medspa,glutathione,3
Posh Medical Spa,poshmedicalspa.com,info@poshmedicalspa.com,grayson@poshmedicalspa.com; info@poshmedicalspa.com,yes,ok,https://poshmedicalspa.com,medspa,,1
"Potomac Medical Aesthetics: Dr. Peter S. Petropoulos, MD",potomacmedicalaesthetics.com,custsrvc@potomacmedicalaesthetics.com,custsrvc@potomacmedicalaesthetics.com,yes,ok,https://potomacmedicalaesthetics.com,medspa,"semaglutide, tirzepatide",9
Premier Aesthetic Dermatology,premier-dermatology.com,office@premier-dermatology.com,office@premier-dermatology.com,yes,ok,https://premier-dermatology.com,medspa,nad+,4
Premier Medical Aesthetics,premiermedct.com,premiermedicalaesthetics@gmail.com,premiermedicalaesthetics@gmail.com,yes,ok,https://premiermedct.com,medspa,,1
Premier Medical & MedAesthetic Ctr LLC,premiermedispa1.com,info@premiermedispa1.com,info@premiermedispa1.com,yes,ok,https://premiermedispa1.com,medspa,"nad+, glutathione",4
Premier Wellness Medspa,premierwellnessmedspa.com,info@premierwellnessmedspa.com,info@premierwellnessmedspa.com,yes,ok,https://premierwellnessmedspa.com,medspa,"semaglutide, tirzepatide",6
"Primal Infusions & Energy Healing in Dayton, MN",primalinfusionsandwellness.com,info@primalinfusionsandwellness.com,info@primalinfusionsandwellness.com,yes,ok,https://primalinfusionsandwellness.com,medspa,"nad+, glutathione",4
PRISMA MedSpa,prismamedspa.com,hello@prismamedspa.com,hello@prismamedspa.com,yes,ok,https://prismamedspa.com,medspa,"ghk-cu, glutathione",5
Pristine Wellness Center,pristinewellnesscenter.com,info@pristinewellnesscenter.com,impristinewellnesscenter@gmail.com; info@pristinewellnesscenter.com; impristinewellness@gmail.com,yes,ok,https://pristinewellnesscenter.com,medspa,,3
Privé-Swiss MedSpa,priveswissmedspa.com,info@priveswissmedspa.com,info@priveswissmedspa.com,yes,ok,https://priveswissmedspa.com,medspa,,1
Proof Aesthetics,proofaesthetics.com,hello@proofaesthetics.com,hello@proofaesthetics.com,yes,ok,https://proofaesthetics.com,medspa,"nad+, glutathione",3
Pur Aesthetics and Wellness,puraestheticsandwellness.com,hello@puraestheticsandwellness.com,hello@puraestheticsandwellness.com,yes,ok,https://puraestheticsandwellness.com,medspa,"semaglutide, tirzepatide",4
Pura Vida Medspa & Cosmetic Laser Center,puravidamedspa.com,info@puravidamedspa.com,info@puravidamedspa.com,yes,ok,https://puravidamedspa.com,medspa,tirzepatide,5
Pure Beauty,purebeautymi.com,support@purebeautymi.com,support@purebeautymi.com,yes,ok,https://purebeautymi.com,medspa,GLP-1 weight loss peptides,2
Phoenix Wellness and Rejuvenation,pwrlivewell.com,info@pwrlivewell.com,info@pwrlivewell.com,yes,ok,https://pwrlivewell.com,medspa,"bpc-157, ipamorelin, cjc-1295, epithalon, semax, ghk-cu",10
"QuickDrip IV Hydration in Dallas, TX",quickdripivhydration.com,cs@quickdripivhydration.com,cs@quickdripivhydration.com,yes,ok,https://quickdripivhydration.com,medspa,"semaglutide, tirzepatide, nad+, glutathione",7
Radiant Beauty Med Spa,radiantbeautymedspa.com,radiantbeautyrn@gmail.com,radiantbeautyrn@gmail.com,yes,ok,https://radiantbeautymedspa.com,medspa,GLP-1 weight loss peptides,4
Radiant Esthetics Medical Spa,radiantesthetics401.com,radiantesthetics401@gmail.com,radiantesthetics401@gmail.com,yes,ok,https://radiantesthetics401.com,medspa,,1
"Randolph's Family Health and Wellness in Lakeland, FL",randolphsfamilyhealth.com,randolphsfamilyhealth@gmail.com,randolphsfamilyhealth@gmail.com,yes,ok,https://randolphsfamilyhealth.com,medspa,"semaglutide, tirzepatide, liraglutide, dulaglutide",18
Metabolic Medicine of Mississippi,re-wellness.com,clinic@re-wellness.com,clinic@re-wellness.com,yes,ok,https://re-wellness.com,medspa,,1
"Kara Kramer, APRN, FNP-C",reformemedicalspa.com,reformemedicalspa@gmail.com,reformemedicalspa@gmail.com,yes,ok,https://reformemedicalspa.com,medspa,semaglutide,3
"Refresh Bar IV- Burr Ridge in Burr Ridge, IL",refreshbariv.com,team@refreshbariv.com,team@refreshbariv.com,yes,ok,https://refreshbariv.com,medspa,"semaglutide, tirzepatide, bpc-157, nad+, ghk-cu, glutathione",12
Refresh Medical Spa,refreshhealthspa.com,refreshspamanager@gmail.com,refreshspamanager@gmail.com,yes,ok,https://refreshhealthspa.com,medspa,GLP-1 weight loss peptides,4
"Refresh Medical in Rochester, NY",refreshmedicalny.com,contact@refreshmedicalny.com,contact@refreshmedicalny.com,yes,ok,https://refreshmedicalny.com,medspa,"semaglutide, tirzepatide",4
"Regenerate iV Bar & Aesthetics in Union City, CA",regenerateivbar.com,leemitzi@gmail.com,leemitzi@gmail.com,yes,ok,https://regenerateivbar.com,medspa,"semaglutide, tirzepatide",5
"CHERYL FELT, MSN, APN-C",regenerativehealthwellnesscenter.org,regenhealthwellness@gmail.com,regenhealthwellness@gmail.com,yes,ok,https://regenerativehealthwellnesscenter.org,medspa,nad+,4
"Rejuvenate IV and Holistic Wellness Center in North Port, FL",rejuvenate-ivhydration.com,rejuvenatemobileiv@gmail.com,rejuvenatemobileiv@gmail.com,yes,ok,https://rejuvenate-ivhydration.com,medspa,,3
Renewed Therapeutics,renewed-therapeutics.com,info@renewed-therapeutics.com,info@renewed-therapeutics.com,yes,ok,https://renewed-therapeutics.com,medspa,,3
Renewed Vitality,renewedvitality4you.com,info@renewedvitality4you.com,info@renewedvitality4you.com,yes,ok,https://renewedvitality4you.com,medspa,,1
SOHO Integrative Medicine,renovatebody.com,torabi888@gmail.com,torabi888@gmail.com,yes,ok,https://renovatebody.com,medspa,"nad+, glutathione",4
"ReNu Health and Wellness LLC in New Orleans, LA",renunola.com,nhu@renunola.com,nhu@renunola.com,yes,ok,https://renunola.com,medspa,"tirzepatide, bpc-157, tesamorelin, glutathione",9
"Reset Medical Spa and Wellness Center in York, PA",resetmedicalspa.com,info@resetmedicalspa.com,info@resetmedicalspa.com,yes,ok,https://resetmedicalspa.com,medspa,nad+,2
"Restoration Hydration in Annapolis, MD",restorationhydration.com,restorationhydration1@gmail.com,restorationhydration1@gmail.com,yes,ok,https://restorationhydration.com,medspa,"nad+, glutathione",3
Restoration Men's Health,restorationmenshealth.com,gardencity@restorationmenshealth.com,gardencity@restorationmenshealth.com; hauppauge@restorationmenshealth.com; farmingdale@restorationmenshealth.com,yes,ok,https://restorationmenshealth.com,medspa,GLP-1 weight loss peptides,3
EverWell Center for Health and Longevity,restorativewellnessmd.com,info@restorativewellnessmd.com,info@restorativewellnessmd.com,yes,ok,https://restorativewellnessmd.com,medspa,semaglutide,3
Restored Health and Beauty,restoredhealthandbeauty.com,appointment@restoredhealthandbeauty.com,appointment@restoredhealthandbeauty.com,yes,ok,https://restoredhealthandbeauty.com,medspa,GLP-1 weight loss peptides,4
Restore Wellness,restorewellnessky.com,info@restorewellnessky.com,info@restorewellnessky.com,yes,ok,https://restorewellnessky.com,medspa,GLP-1 weight loss peptides,9
"Retreat Mobile IV Hydration in Hamilton, OH",retreatmobileiv.com,retreatmobileiv@gmail.com,retreatmobileiv@gmail.com,yes,ok,https://retreatmobileiv.com,medspa,"sermorelin, glutathione",6
"Earth Bar, LLC",retreatwellnessconcierge.com,info@retreatwellnessconcierge.com,info@retreatwellnessconcierge.com,yes,ok,https://retreatwellnessconcierge.com,medspa,,1
Retro Health and Aesthetics,retrohealthandaesthetics.com,info@retrohealthandaesthetics.com,info@retrohealthandaesthetics.com,yes,ok,https://retrohealthandaesthetics.com,medspa,,2
Rev Facial Bar,revfacialbar.com,hello@revfacialbar.com,hello@revfacialbar.com,yes,ok,https://revfacialbar.com,medspa,nad+,2
"Revitalines Hydration and Wellness in Dalton, GA",revitalines.com,info@revitalines.com,info@revitalines.com,yes,ok,https://revitalines.com,medspa,"semaglutide, tirzepatide",5
Revitalize Medical Spa,revitalizemedicalspa.com,crista@revitalizemedicalspa.com,crista@revitalizemedicalspa.com; lindsay@revitalizemedicalspa.com,yes,ok,https://revitalizemedicalspa.com,medspa,,1
Ageless Men's Health,reviveclinicsofms.com,revivewellnessox@gmail.com,revivewellnessox@gmail.com,yes,ok,https://reviveclinicsofms.com,medspa,,3
"Revive Ketamine Centers in Buford, GA",reviveketaminecenters.com,info@reviveketaminecenters.com,info@reviveketaminecenters.com,yes,ok,https://reviveketaminecenters.com,medspa,,1
Viva Vitality St. Paul,revivemdmsp.com,info@revivemdmsp.com,info@revivemdmsp.com,yes,ok,https://revivemdmsp.com,medspa,,2
"IV Therapy Rancho Cucamonga in Rancho Cucamonga, CA",rioglowaesthetics.com,info@rioglowaesthetics.com,info@rioglowaesthetics.com,yes,ok,https://rioglowaesthetics.com,medspa,"semaglutide, tirzepatide, nad+",4
"River City Family Medicine PLLC: Alyson Marter, MSN, FNP-C",rivercityfamilymedicine.com,rcfmma@rivercityfamilymedicine.com,rcfmma@rivercityfamilymedicine.com,yes,ok,https://rivercityfamilymedicine.com,medspa,,1
Remedy Wellness,rmdywellness.com,info@rmdywellness.com,info@rmdywellness.com,yes,ok,https://rmdywellness.com,medspa,,2
"Steven J. Rottman, MD",rottmanplasticsurgery.com,rottmanplastics@gmail.com,rottmanplastics@gmail.com,yes,ok,https://rottmanplasticsurgery.com,medspa,"semaglutide, tirzepatide",7
RSVP Med Spa,rsvpmedspa.com,office@rsvpmedspa.com,office@rsvpmedspa.com,yes,ok,https://rsvpmedspa.com,medspa,nad+,2
"RxIV Infusions in West Hempstead, NY",rxivinfusions.com,rxivinfusions@gmail.com,rxivinfusions@gmail.com,yes,ok,https://rxivinfusions.com,medspa,"semaglutide, tirzepatide, nad+, glutathione",7
Sacramento Center for Health & Healing,sachealthandhealing.com,sachealthandhealing@gmail.com,sachealthandhealing@gmail.com,yes,ok,https://sachealthandhealing.com,medspa,,1
"Sarasota IV Lounge in Sarasota, FL",sarasotaivlounge.com,info@sarasotaivlounge.com,info@sarasotaivlounge.com,yes,ok,https://sarasotaivlounge.com,medspa,"nad+, glutathione",6
Saveskin Medi Spa,saveskinmedispa.com,info@saveskinmedispa.com,info@saveskinmedispa.com,yes,ok,https://saveskinmedispa.com,medspa,,2
MJBEAUTYRN SCULPTAZ MedSpa,sculptazmedspa.com,frontdesk@sculptazmedspa.com,frontdesk@sculptazmedspa.com,yes,ok,https://sculptazmedspa.com,medspa,,1
Midwest Anti-Aging and Med Spa,self-medspa.com,hello@self-medspa.com,hello@self-medspa.com,yes,ok,https://self-medspa.com,medspa,nad+,4
"Serene Infusion and Wellness Lounge in St. Charles, IL",sereneiv.com,hello@sereneiv.com,hello@sereneiv.com,yes,ok,https://sereneiv.com,medspa,GLP-1 weight loss peptides,3
Serenity Aesthetics And Medical Spa,serenityaestheticsmedspa.com,serenityaesthetics.med@gmail.com,serenityaesthetics.med@gmail.com,yes,ok,https://serenityaestheticsmedspa.com,medspa,,1
SHA Wellness Clinic,shawellness.com,sales@shawellness.com,sales@shawellness.com; careers@shawellness.com; wellnessclinic.reception@shawellness.com; receiving@shawellness.com; communications@shawellness.com; reservations@shawellness.com; careers.mx@shawellness.com; wellnessclinic.reception.mx@shawellness.com,yes,ok,https://shawellness.com,vendor,,1
"Siena IV Boost in Las Vegas, NV",sienaivboost.com,sienaivboost@gmail.com,sienaivboost@gmail.com,yes,ok,https://sienaivboost.com,medspa,"nad+, glutathione",4
Signature Wellness,signaturewellness.org,questions@signaturewellness.org,questions@signaturewellness.org,yes,ok,https://signaturewellness.org,medspa,,2
Skin Vegan Med Spa,skinveganmedspa.com,concierge@skinveganmedspa.com,concierge@skinveganmedspa.com,yes,ok,https://skinveganmedspa.com,medspa,"nad+, glutathione",3
"Skulpt Haus in San Jose, CA",skulpthaus.co,info@skulpthaus.co,info@skulpthaus.co,yes,ok,https://skulpthaus.co,medspa,tirzepatide,5
"Sky Infusion and Medspa in Largo, MD",skyivtherapy.com,info@skyivtherapy.com,info@skyivtherapy.com,yes,ok,https://skyivtherapy.com,medspa,"semaglutide, tirzepatide, nad+, glutathione",10
"SkyRose Rejuvenation Clinic & Spa PLLC in Orland Park, IL",skyrosercs.org,info@skyrosercs.org,info@skyrosercs.org,yes,ok,https://skyrosercs.org,medspa,GLP-1 weight loss peptides,2
"Slate Aesthetic Lounge in Edmond, OK",slateaestheticlounge.net,slateaesthetics22@gmail.com,slateaesthetics22@gmail.com,yes,ok,https://slateaestheticlounge.net,medspa,,1
"Southern Skin City Medical Spa, Hormones & Wellness",southernskincity.com,southernskincity@yahoo.com,southernskincity@yahoo.com,yes,ok,https://southernskincity.com,medspa,,4
Spring Mountain Aesthetics,springmountainaesthetics.com,info@springmountainaesthetics.com,info@springmountainaesthetics.com,yes,ok,https://springmountainaesthetics.com,medspa,,1
"Stemlyft in Spring, TX",stemlyft.com,info@stemlyft.com,info@stemlyft.com,yes,ok,https://stemlyft.com,medspa,nad+,3
"Sunshine's In Home IV Solutions in Sarasota, FL",sunshinesiv.com,amparosunshine@hotmail.com,amparosunshine@hotmail.com,yes,ok,https://sunshinesiv.com/contact,vendor,nad+,1
Synergistiq Wellness,synergistiqhealth.com,alina@synergistiqhealth.com,alina@synergistiqhealth.com; wellness@synergistiqhealth.com,yes,ok,https://synergistiqhealth.com,medspa,"semaglutide, tirzepatide",7
HC Wellness Center & Spa,tailoredbeautywellness.com,info@tailoredbeautywellness.com,info@tailoredbeautywellness.com,yes,ok,https://tailoredbeautywellness.com,medspa,"semaglutide, tirzepatide",3
Testosterone Shots,testosteroneshots.com,info@testosteroneshots.com,info@testosteroneshots.com,yes,ok,https://testosteroneshots.com,medspa,"semaglutide, nad+",7
"The Cosmetic Clinic in Greenwich, CT",thecosmeticclinic.org,info@thecosmeticclinic.org,info@thecosmeticclinic.org,yes,ok,https://thecosmeticclinic.org,medspa,"semaglutide, tirzepatide",4
The Drip Lab,thedriplabtn.com,info@thedriplabtn.com,info@thedriplabtn.com,yes,ok,https://thedriplabtn.com,medspa,"nad+, glutathione",3
"The Garden of Drip: Aesthetic Society in Reading, OH",thegardenofdrip.com,hydrate@thegardenofdrip.net,hydrate@thegardenofdrip.net; thegardenofdrip@gmail.com; krystalpharmd@thegardenofdrip.net; besmooth@thegardenofdrip.net; amandanp@thegardenofdrip.net,yes,ok,https://thegardenofdrip.com,medspa,glutathione,3
"The IV Guy AZ in El Mirage, AZ",theivguyaz.com,billytheivguy@gmail.com,billytheivguy@gmail.com; %20billytheivguy@gmail.com,yes,ok,https://theivguyaz.com,medspa,"nad+, glutathione",3
"The Med Spot Aesthetics, Wellness &Weight loss in Rome, NY",themed-spot.com,info@themed-spot.com,info@themed-spot.com,yes,ok,https://themed-spot.com,medspa,,3
"The Metabolic Institute in Spokane, WA",themetabolic-institute.com,info@themetabolic-institute.com,info@themetabolic-institute.com,yes,ok,https://themetabolic-institute.com,medspa,glutathione,3
Metro Medspa,themetromedspa.com,spa@themetromedspa.com,spa@themetromedspa.com,yes,ok,https://themetromedspa.com,medspa,GLP-1 weight loss peptides,3
The Skin Chic,theskinchic.com,theskinchic1@gmail.com,theskinchic1@gmail.com,yes,ok,https://theskinchic.com,medspa,glutathione,1
The Ultimate Men's Clinic,theultimatemensclinic.com,admin@theultimatemensclinic.com,admin@theultimatemensclinic.com,yes,ok,https://theultimatemensclinic.com,medspa,,1
"Thurston For Wellness in Saginaw, MI",thurstonforwellness.com,melissaarends@thurstonforwellness.com,thurstonforwellness@gmail.com; melissaarends@thurstonforwellness.com; melissathurston@thurstonforwellness.com,yes,ok,https://thurstonforwellness.com,medspa,"nad+, glutathione",4
DripTide Wellness Safety Harbor,tonicityhealth.com,tonicityhealthinfo@gmail.com,tonicityhealthinfo@gmail.com,yes,ok,https://tonicityhealth.com,medspa,,4
Total Vitality Colorado,totalvitalitycolorado.com,hello@totalvitalitycolorado.com,hello@totalvitalitycolorado.com,yes,ok,https://totalvitalitycolorado.com,medspa,,2
"To The Point IV in Cumming, GA",tothepointiv.com,info@tothepointiv.com,info@tothepointiv.com,yes,ok,https://tothepointiv.com,medspa,"semaglutide, tirzepatide, nad+, glutathione",7
"Tranquility Hydration Wellness Aesthetics in Mansfield, TX",tranquilitybar.com,info@tranquilitybar.com,info@tranquilitybar.com,yes,ok,https://tranquilitybar.com,medspa,,1
The Restoration Place Clinic,trpclinic.com,schedule@trpclinic.com,schedule@trpclinic.com,yes,ok,https://trpclinic.com,medspa,,3
TRT Performance Men’s Health Clinic,trtperformancemh.com,trtperformancemh@outlook.com,trtperformancemh@outlook.com,yes,ok,https://trtperformancemh.com,medspa,,3
TRT Connecticut,truehealthintegrativemedicine.com,admin@truehealthintegrativemedicine.com,admin@truehealthintegrativemedicine.com,yes,ok,https://truehealthintegrativemedicine.com,medspa,GLP-1 weight loss peptides,6
Allure Contour Med Spa,upliftaestheticsmn.com,hello@upliftaestheticsmn.com,hello@upliftaestheticsmn.com,yes,ok,https://upliftaestheticsmn.com,medspa,GLP-1 weight loss peptides,2
"Vibrant Hydration & Wellness in Huntsville, AL",vibranthuntsville.com,contact@vibranthuntsville.com,contact@vibranthuntsville.com,yes,ok,https://vibranthuntsville.com,medspa,"semaglutide, tirzepatide, nad+",9
Vigor Health Testosterone and Weight Loss,vigorhealthusa.com,admin@vigorhealthusa.com,admin@vigorhealthusa.com,yes,ok,https://vigorhealthusa.com,medspa,,5
"Vita Vittoriosa IV Therapy & Wellness Boutique in Mount Washington, KY",vita-v.com,info@vita-v.com,info@vita-v.com,yes,ok,https://vita-v.com,medspa,"bpc-157, nad+, sermorelin, cjc-1295, ghk-cu",9
"VitaliaTamu Wellness & Med Spa in Clovis, CA",vitaliatamu.com,vitaliatamu@gmail.com,vitaliatamu@gmail.com,yes,ok,https://vitaliatamu.com,medspa,nad+,6
Vitamin Drip Wellness,vitamindripwellness.com,vitamindripwellness@gmail.com,vitamindripwellness@gmail.com,yes,ok,https://vitamindripwellness.com,medspa,"nad+, glutathione",4
"Vita Thrive Health & Wellness in Port Charlotte, FL",vitathrive.glossgenius.com,vitathrive.wellness@gmail.com,vitathrive.wellness@gmail.com,yes,ok,https://vitathrive.glossgenius.com,vendor,"nad+, sermorelin, ghk-cu, glutathione",8
Viva Medical Aesthetics and Hormones,viva-wcgrove.com,diva@viva-wcgrove.com,diva@viva-wcgrove.com,yes,ok,https://viva-wcgrove.com,medspa,"nad+, glutathione",7
Medical Professionals VK,vkmedpro.net,vkbeautyaesthetic@vkmedpro.com,vkbeautyaesthetic@vkmedpro.com,yes,ok,https://vkmedpro.net,medspa,semaglutide,1
Wellness on Delaware,wellnessondelaware.com,wellnessondelaware@gmail.com,wellnessondelaware@gmail.com,yes,ok,https://wellnessondelaware.com,medspa,"nad+, glutathione",5
Westside Wellness,westsidewellness.com,help@westsidewellness.com,help@westsidewellness.com,yes,ok,https://westsidewellness.com/about-us,medspa,nad+,2
WIFH,wifh.com,patientconcierge@wifh.com,patientconcierge@wifh.com,yes,ok,https://wifh.com,medspa,semaglutide,2
Serenity Now Float Spa,womanuphrt.com,info@womanuphrt.com,info@womanuphrt.com,yes,ok,https://womanuphrt.com,medspa,GLP-1 weight loss peptides,4
Acupuncture of York,xquisite.co,xquisitemedspa.york@gmail.com,xquisitemedspa.york@gmail.com; xquisitelandm@gmail.com,yes,ok,https://xquisite.co,medspa,GLP-1 weight loss peptides,2
XY Mens Health Testosterone Replacement,xymenshealth.com,info@xymenshealth.com,info@xymenshealth.com,yes,ok,https://xymenshealth.com,medspa,,3
GoodWood Men's Sexual Wellness,yourgoodwood.com,hello@yourgoodwood.com,hello@yourgoodwood.com; hellogoodwood@yourgoodwood.com,yes,ok,https://yourgoodwood.com,medspa,,1
"Zen Flow in Seattle, WA",zenflowiv.com,drip@zenflowiv.com,drip@zenflowiv.com,yes,ok,https://zenflowiv.com,medspa,,1
Lux10Skyn,10skyn.com,info@10skyn.com,info@10skyn.com,,no_peptides,https://10skyn.com,vendor,,0
Medical Spa Buena Park: 17MedSpa,17medspa.com,,,yes,no_email,https://17medspa.com,medspa,nad+,1
2REJUV,2rejuv.com,,,,no_email,,vendor,,0
Refine Aesthetics,360jasmineacupuncture.com,,,,no_email,,vendor,,0
4Ever Young Med Spa & Wellness Center,4everyoungantiaging.com,,,yes,no_email,https://4everyoungantiaging.com,medspa,"semaglutide, tirzepatide",7
4everySKIN Esthetics,4everyskin.com,hello@4everyskin.com,hello@4everyskin.com,yes,no_peptides,https://4everyskin.com,vendor,,0
716 Integrative Wellness,716ology.com,,,yes,no_email,https://716ology.com,medspa,"bpc-157, ss-31, ghk-cu, glutathione",14
Skin Lab By Science Face and Body Clinic,a360mke.com,,,yes,no_email,https://a360mke.com,medspa,,0
Anti-Aging Centers of Connecticut,aacofct.com,,,,no_email,https://aacofct.com,medspa,,0
Abacep Testosterone and Weight Loss Clinic,abacepclinic.com,,,,no_email,https://abacepclinic.com,vendor,,0
"A Better You Wellness Center in West Grove, PA",abetteryoumedical.com,,,,no_email,,vendor,,0
AB Hormone,abhormonetherapy.com,,,,no_email,,vendor,kpv,1
ABQ Skin Care & Acne Clinic,abqacneclinic.com,,,,unreachable,,,,
Abundant Life Health Care,abundantlifehealthcare.com,,,,unreachable,,,,
"Access Infusions, LLC in Pooler, GA",accessinfusioncare.com,,,,no_email,https://accessinfusioncare.com,medspa,,1
"All Care Clinical Services, LLC / Botox, EmSculpt Neo, IV Infusions, R",accschicago.com,,,,no_email,,vendor,,0
Activate IV and Cryotherapy,activatelvwellness.com,,,,unreachable,,,,
"Active Infusions INC in Laurel, MD",activeinfusions.com,info@activeinfusions.com,info@activeinfusions.com,yes,no_peptides,https://activeinfusions.com,medspa,,0
ADP Low T Clinic,adplowtclinic.com,jonpinhorn.typedesign@gmail.com,jonpinhorn.typedesign@gmail.com; amkryukov@gmail.com; impallari@gmail.com; adpmedicalservices@yahoo.com,yes,no_peptides,https://adplowtclinic.com/contact-us,vendor,,0
ADP Weight Loss Medical Services,adpmedicalservices.com,adpmedicalservices@yahoo.com,adpmedicalservices@yahoo.com,yes,already known,https://adpmedicalservices.com,medspa,GLP-1 weight loss peptides,4
Advanced Aesthetics,advancedaestheticsar.com,,,yes,no_email,https://advancedaestheticsar.com,medspa,,0
Advanced Hormone Solutions,advancedhormonesolutions.net,,,,unreachable,,,,
Carolina Core Wellness,advancedlasernc.com,,,yes,no_email,https://advancedlasernc.com,medspa,GLP-1 weight loss peptides,2
Advanced Medical Laser Center,advancedmedicallasercenter.com,,,yes,no_email,https://advancedmedicallasercenter.com,medspa,,0
Advanced Surgical Arts Center,advancedsurgicalarts.com,,,yes,no_email,https://advancedsurgicalarts.com,medspa,,1
Advanced Vitality,advancedvitalityhrt.com,,,yes,no_email,https://advancedvitalityhrt.com,medspa,"tirzepatide, bpc-157, nad+, ipamorelin, tesamorelin, mots-c",18
"Aeris Medical Aesthetics in Albuquerque, NM",aerismedical.info,,,yes,no_email,https://aerismedical.info,medspa,semaglutide,3
Aesthetica by Dr. Adam,aesthetica-med.com,,,,no_email,https://aesthetica-med.com,medspa,,0
The Aesthetic Laboratory,aestheticlaboratory.square.site,theaestheticlaboratorysalem@gmail.com,theaestheticlaboratorysalem@gmail.com; u00a0theaestheticlaboratorysalem@gmail.com,,no_peptides,https://aestheticlaboratory.square.site,vendor,,0
GIV Wellness,aestheticouture.com,info@aestheticouture.com,acmedspa@gmail.com; info@aestheticouture.com,yes,no_peptides,https://aestheticouture.com,medspa,,0
Pure Health Aesthetics & Wellness,aestheticsandwellness.com,,,,no_email,https://aestheticsandwellness.com,medspa,nad+,4
Aesthetics by Prescription,aestheticsbyprescription.com,,,yes,no_email,https://aestheticsbyprescription.com,medspa,,0
aesthetique medical,aesthetiquemedical.com,aesthetiquemedical@gmail.com,aesthetiquemedical@gmail.com,yes,no_peptides,https://aesthetiquemedical.com,medspa,,0
AfterGlow by Sam Aesthetics LLC,afterglowbysamaestheticsllc.glossgenius.com,hello.afterglowbysam@gmail.com,hello.afterglowbysam@gmail.com,yes,no_peptides,https://afterglowbysamaestheticsllc.glossgenius.com,medspa,,0
Age Better Miami,agebettermiami.com,,,,no_email,,vendor,,0
Ageless Med Spa by Mindy,agelessbymindy.com,info@agelessbymindy.com,info@agelessbymindy.com,yes,no_peptides,https://agelessbymindy.com,medspa,,0
Ageless Aesthetics,agelessindy.com,,,yes,no_email,https://agelessindy.com,medspa,GLP-1 weight loss peptides,2
Ageless Male Testosterone Clinic,agelessmaletrt.com,,,,unreachable,,,,
Ageless Men's Health,agelessmenshealth.com,,,,unreachable,,,,
Ageless Solutions Nashville,agelesssolutionsnashville.com,,,yes,no_email,https://agelesssolutionsnashville.com,medspa,GLP-1 weight loss peptides,3
A Healing Haven,ahealinghaven.com,,,,no_email,,vendor,,0
AIYANA aesthetics Salem,aiyanaaesthetics.com,,,yes,no_email,https://aiyanaaesthetics.com,medspa,GLP-1 weight loss peptides,3
Upgrades by Ashlee,ajkpt.myaestheticrecord.com,,,,unreachable,,,,
Renew and Restore Wellness Center,akroncanton.mobomedspa.com,,,yes,no_email,https://akroncanton.mobomedspa.com,medspa,semaglutide,9
Alabama Med Spa By Voupre,alabamaspahtx.com,alabamaspabyvoupre@gmail.com,alabamaspabyvoupre@gmail.com,yes,no_peptides,https://alabamaspahtx.com,medspa,,0
Alchemy Aesthetics + Med Spa,alchemykc.glossgenius.com,alchemyskinkc@gmail.com,alchemyskinkc@gmail.com; reagenrn.alchemymedspa@gmail.com,yes,no_peptides,https://alchemykc.glossgenius.com,medspa,,0
Allure Medi Spa,alfamedspa.com,,,yes,no_email,https://alfamedspa.com,medspa,GLP-1 weight loss peptides,3
Align Body & Wellness,alignbodywellness.com,,,yes,no_email,https://alignbodywellness.com,medspa,"semaglutide, tirzepatide",6
Anti-Aging Medspa,aliveandwellhealth.com,office@aliveandwellhealth.com,impallari@gmail.com; office@aliveandwellhealth.com,yes,no_peptides,https://aliveandwellhealth.com/contact-us,vendor,,0
All About You Medical Spa,all-about-you-med-spa.com,,,yes,no_email,https://all-about-you-med-spa.com,medspa,"bpc-157, nad+, ghk-cu",6
All Ages Endocrinology and Hormone Clinic,allagesendo.com,,,,unreachable,,,,
All Body Spa Inc.,allbodyspainc.com,,,,no_email,https://allbodyspainc.com,vendor,,0
Allerica Aesthetics,allerica.com,info@allerica.com,info@allerica.com,yes,no_peptides,https://allerica.com,medspa,,0
"Allure Aesthetics & Wellness in New Albany, IN",allure-aw.com,,,,unreachable,,,,
Alphaman Men's Health TRT & Weight Loss Clinic Los Angeles,alphamanclinic.com,,,,no_email,,vendor,,0
Alpha Men's Clinic,alphamensclinic.com,,,yes,no_email,https://alphamensclinic.com,medspa,sermorelin,4
"Alternity Healthcare, LLC",alternityhealthcare.com,admin@alternityhealthcare.com,admin@alternityhealthcare.com,,no_peptides,https://alternityhealthcare.com,vendor,,0
Nurse Riley Rx,alumamedicalaesthetics.com,,,yes,no_email,https://alumamedicalaesthetics.com,medspa,,0
AM Aesthetic Medicine,amaestheticmedicine.com,amaestheticmedicine@gmail.com,amaestheticmedicine@gmail.com,yes,already known,https://amaestheticmedicine.com,medspa,GLP-1 weight loss peptides,5
Albany Medical College,amc.edu,admissions@amc.edu,admissions@amc.edu; amcalumni@amc.edu; finaid@amc.edu; library@amc.edu; bioethics@amc.edu; amcnap@amc.edu; mccalls@amc.edu; amccme@amc.edu,yes,no_peptides,https://amc.edu,medspa,,0
"American River Infusion Services in Sacramento, CA",americanriverhealthcare.com,twilliams@americanriverhealthcare.com,twilliams@americanriverhealthcare.com,yes,no_peptides,https://americanriverhealthcare.com,medspa,,0
Advanced Mobile IV,amiv.com,info@amiv.com,info@amiv.com,yes,already known,https://amiv.com,medspa,"retatrutide, cagrilintide, bpc-157, tb-500, thymosin beta-4, thymosin alpha-1",43
"Ned Ruhotina, M.D.",ampofny.com,,,yes,no_email,https://ampofny.com,medspa,,0
New Age Medspa,anchoragemedspa.com,,,yes,no_email,https://anchoragemedspa.com,medspa,"nad+, glutathione",2
Anderson Longevity Clinic,andersonlongevityclinic.com,,,,no_email,https://andersonlongevityclinic.com,medspa,"sermorelin, pt-141",5
Anointed Medical Well Spa,anointedmedicalspa.com,,,yes,no_email,https://anointedmedicalspa.com,medspa,,1
Anova Aesthetics at Gleam Med Spa,anovaaesthetics.com,,,,no_email,,vendor,,0
MIAMI PELLET INSTITUTE,antiaging.bio,,,yes,no_email,https://antiaging.bio,medspa,"semaglutide, tirzepatide, liraglutide, nad+, glutathione",11
Anti-Aging Center,antiagingcenterorlando.com,alexrasheed.agency@gmail.com,alexrasheed.agency@gmail.com; epsoglobals@gmail.com,yes,already known,https://antiagingcenterorlando.com,medspa,glutathione,3
Alive and Well Health,antiagingmedspa.com,,,yes,no_email,https://antiagingmedspa.com,medspa,,1
Anti-Aging Northwest,antiagingnorthwest.com,,,yes,no_email,https://antiagingnorthwest.com,medspa,"semaglutide, tirzepatide, liraglutide, nad+, sermorelin, oxytocin",14
"Anti-Aging & Wellness Center in Bakersfield, CA",antiagingwellnesscenter.com,,,,unreachable,,,,
Aqua Vitae,aquavitality.com,,,yes,no_email,https://aquavitality.com,medspa,"semaglutide, nad+, sermorelin, aod-9604, tirzepatide",17
IV Therapy WA,arcticelevation.com,info@arcticelevation.com,info@arcticelevation.com,,no_us_signal,https://arcticelevation.com,medspa,"semaglutide, tirzepatide, nad+, glutathione",5
RxR3 Recovery Lounge,arkhefunctionalmedicine.com,,,yes,no_email,https://arkhefunctionalmedicine.com,medspa,,0
Arrolin Aesthetics,arrolin-aesthetics-med-spa.square.site,angietheesthe@gmail.com,angietheesthe@gmail.com,,no_peptides,,vendor,,0
Artisan Center Medspa,artisancentermedspa.com,,,yes,no_email,https://artisancentermedspa.com,vendor,,0
Mia Bella Donna Medspa,asa-kc.com,,,yes,no_email,https://asa-kc.com,medspa,,0
ASCPM Functional Medicine,ascpmfunctionalmed.com,,,yes,no_email,https://ascpmfunctionalmed.com,medspa,glutathione,5
"Hydrate Medical, IV Hydration Asheville in Asheville, NC",asheville.hydratemedical.com,,,,no_email,,vendor,,0
New Leaf Skin Care,asholisticbyvee.com,,,,unreachable,,,,
Super Spa,asianmassagebook.com,,,,no_email,https://asianmassagebook.com,vendor,,0
"Nurse Christine Yanikian, Aspire aesthetics",aspireaestheticsoc.com,,,yes,no_email,https://aspireaestheticsoc.com,medspa,,0
Rejuve Aesthetics,aspiringaesthetics.com,tracy@aspiringaesthetics.com,impallari@gmail.com; tracy@aspiringaesthetics.com,yes,no_peptides,https://aspiringaesthetics.com,medspa,,0
Asset Aesthetics,assetinbeauty.com,,,,unreachable,,,,
Aster Aesthetics,asteraesthetic.com,info@asteraesthetic.com,info@asteraesthetic.com,yes,no_peptides,https://asteraesthetic.com,medspa,,0
Asteria Wellness LLC,asteria-wellness.com,,,,unreachable,,,,
Auxo,atlasmensclinic.com,,,,unreachable,,,,
Atlas Mens Health Clinic,atlasmenshealth.com,,,yes,no_email,https://atlasmenshealth.com,medspa,"semaglutide, tirzepatide, nad+, sermorelin, tesamorelin, mots-c",18
A Touch Above Medspa,atouchabovemedspa.com,a.touch.above.medspa@gmail.com,a.touch.above.medspa@gmail.com,yes,already known,https://atouchabovemedspa.com,medspa,GLP-1 weight loss peptides,5
Aura Longevity & Wellness,auralongevityandwellness.com,hello@auralongevityandwellness.com,hello@auralongevityandwellness.com,yes,no_peptides,https://auralongevityandwellness.com,medspa,,0
Aurelian Medical Spa,aurelianmedspa.com,,,,no_email,https://aurelianmedspa.com,medspa,,0
"The DRIPBaR Austin The Domain in Austin, TX",austin-the-domain.thedripbar.com,,,,no_email,,vendor,,0
Premier Health and Wellness -Medical and Medspa,austinhormonedoctor.com,,,,unreachable,,,,
Avalii Aesthetics,avalii.com,,,,unreachable,,,,
AVEC Aesthetics & Wellness,avec-wellness.com,,,,no_email,https://avec-wellness.com,vendor,,0
"Infusion Management, Inc. in Sun City, AZ",azivinfusion.com,info@azivinfusion.com,info@azivinfusion.com,yes,no_peptides,https://azivinfusion.com,medspa,,0
"AZ IV Medics in Scottsdale, AZ",azivmedics.com,,,yes,no_email,https://azivmedics.com,medspa,"semaglutide, nad+, glutathione",5
"Badger State Hydrate & Badger Glow in Portage, WI",badgerstatehydrate.com,badgerstatehydrate@gmail.com,badgerstatehydrate@gmail.com,yes,already known,https://badgerstatehydrate.com,medspa,"semaglutide, tirzepatide, nad+, sermorelin, glutathione",15
Balanced Body Solutions,balancedbodysolutions.net,,,yes,no_email,https://balancedbodysolutions.net,medspa,GLP-1 weight loss peptides,6
"Balanced Wellness IV Bar in Naples, FL",balancedwellnessivbar.com,impallari@gmail.com,impallari@gmail.com,,no_us_signal,https://balancedwellnessivbar.com/services,vendor,nad+,1
Aesthetic Collective,balancehormonecenter.com,,,,no_email,,vendor,,0
Balance Medical & Day Spa,balancemedicaldayspa.com,,,yes,no_email,https://balancemedicaldayspa.com,medspa,semaglutide,5
Balance Of Life Clinic,balanceoflifeclinic.com,,,yes,no_email,https://balanceoflifeclinic.com,medspa,"nad+, glutathione",4
Plasma Pretty Aesthetics,baremedispa.com,baremedispa@gmail.com,baremedispa@gmail.com,yes,already known,https://baremedispa.com,medspa,"nad+, glutathione",4
"Nicole Nadeau, RN",barevt.com,,,yes,no_email,https://barevt.com,medspa,semaglutide,5
Beach House Day Spa,beachhouse-dayspa.com,info@beachhouse-dayspa.com,info@beachhouse-dayspa.com; info@beach-housedayspa.com,yes,no_peptides,https://beachhouse-dayspa.com,medspa,,0
Beauti Refineri,beautirefineri.com,,,yes,no_email,https://beautirefineri.com,medspa,,0
Beauty Bar Aesthetics,beautybarboutique.net,,,,no_email,https://beautybarboutique.net,medspa,,0
The Beauty Collective MKE,beautycollectivemke.com,,,,unreachable,,,,
"Beauty Elite Med Spa in Austin, TX",beautyelitemedspa.com,,,,no_email,,vendor,,0
Michelle's Beauty & Wellness Center LLC,beautyhealthyskin.com,,,,no_email,,vendor,,0
Beauty in Science,beautyinsciencemedspa.com,,,,no_email,https://beautyinsciencemedspa.com,medspa,,1
Modern Aesthetics,beautyinwv.com,,,yes,no_email,https://beautyinwv.com,medspa,,1
Beauty Lab & Laser,beautylabnd.com,callie@beautylabnd.com,callie@beautylabnd.com,yes,no_peptides,https://beautylabnd.com,medspa,,0
Beauty Mark Aesthetics,beautymarknh.com,jlhowardcrna@gmail.com,jlhowardcrna@gmail.com,,no_us_signal,https://beautymarknh.com,medspa,,1
BeautyNow Med Spa,beautynowmedspa.com,,,,no_email,https://beautynowmedspa.com,medspa,,0
Beauty Queens Aesthetics & Wellness Medicine,beautyqueensvb.com,,,,no_email,https://beautyqueensvb.com,medspa,,0
Pro Touch Esthetics Spa,bedfordaesthetics.com,,,yes,no_email,https://bedfordaesthetics.com,medspa,"semaglutide, tirzepatide",6
Intravene Mobile IV Therapy,beemlightsauna.com,,,,no_email,https://beemlightsauna.com,vendor,,0
Bella MediSpa,bellamedispa.com,,,,unreachable,,,,
Bella Rose Aesthetics,bellaroseaesthetics.com,info@bellaroseaesthetics.com,info@bellaroseaesthetics.com,yes,no_peptides,https://bellaroseaesthetics.com,medspa,,0
Bella Tu “Beautiful You” Brazilian waxing and more,bellatuspa.glossgenius.com,bellatugulfcoast@gmail.com,bellatugulfcoast@gmail.com,yes,no_peptides,https://bellatuspa.glossgenius.com,vendor,,0
"Bellava Aesthetics in Crestview Hills, KY",bellavaaesthetics.com,bellavaaesthetics@gmail.com,bellavaaesthetics@gmail.com,,no_peptides,https://bellavaaesthetics.com,medspa,,0
"Scarborough Integrative Health, PA",bellesoulaesthetics.com,,,,no_email,,vendor,,0
Restore Hyper Wellness,belleviemedical.com,info@belleviemedical.com,info@belleviemedical.com,yes,no_peptides,https://belleviemedical.com,medspa,,0
Reflections MedSpa and Wellness Center,bellevietoday.com,,,yes,no_email,https://bellevietoday.com,medspa,"semaglutide, nad+",7
Bellora Medical Aesthetics,belloramedicalaesthetics.com,,,yes,no_email,https://belloramedicalaesthetics.com,medspa,,0
Med Spa NYC: Beso Aesthetics,besoaesthetics.com,,,yes,no_email,https://besoaesthetics.com,medspa,,0
Island Therapy,besthonolulumassage.com,,,,no_email,https://besthonolulumassage.com,vendor,,0
Be Still Float Studio,bestillfloat.com,,,,no_email,,vendor,,0
Best IV Drips- Mobile IV Therapy,bestivdrips.com,,,,no_email,,vendor,,0
"The DRIPBaR Beverly in Beverly, MA",beverly.thedripbar.com,,,,no_email,,vendor,,0
beyondMD,beyondmd.com,,,,no_email,,vendor,,0
Beyond Skin Aesthetics,beyondskinaesthetics.com,,,yes,no_email,https://beyondskinaesthetics.com,medspa,GLP-1 weight loss peptides,4
BeyondSkin MedSpa,beyondskinmedspa.com,info@beyondskinmedspa.com,info@beyondskinmedspa.com,yes,no_peptides,https://beyondskinmedspa.com,medspa,,0
Happy Hormone Cottage,bhrtdayton.com,,,,unreachable,,,,
BioDesign Men's Clinic of Orlando,biodesignmen.com,,,yes,no_email,https://biodesignmen.com,medspa,"sermorelin, pt-141",6
Biocannovea Medical Longevity,biogena.com,,,,no_email,https://biogena.com,medspa,,0
The Wellness Restoration Center,biograph.com,info@biograph.com,info@biograph.com,yes,no_peptides,https://biograph.com,medspa,,0
"IV Therapy in Newtown, CT",biorestorehealth.com,,,yes,no_email,https://biorestorehealth.com,medspa,"semaglutide, tirzepatide",9
Black Hills Medical Spa,blackhillsplasticsurgery.com,,,yes,no_email,https://blackhillsplasticsurgery.com,medspa,,0
Black Opal Wellness,blackopalwellness.com,amber@blackopalwellness.com,amber.nicole.esthetics@gmail.com; amber@blackopalwellness.com,yes,no_peptides,https://blackopalwellness.com,vendor,,0
Bleu Marine Spa,bleumarinespa.com,contact@bleumarinespa.com,contact@bleumarinespa.com,yes,no_peptides,https://bleumarinespa.com,vendor,,0
Priority Health Benton Medical Clinic and Physician House Calls,blhousecalls.com,ldunn@blhousecalls.com,ldunn@blhousecalls.com,yes,no_peptides,https://blhousecalls.com,vendor,,0
"Blissful Aesthetics & Wellness, LLC",blissfulaestheticsandwellness.com,rodriguezbell3@gmail.com,rodriguezbell3@gmail.com,yes,no_peptides,https://blissfulaestheticsandwellness.com,medspa,,0
Bliss Studio & Spa,blissstudioandspa.com,,,yes,no_email,https://blissstudioandspa.com,medspa,,0
"Bloom Med Spa 805 in Ventura, CA",bloommedspa805.com,,,yes,no_email,https://bloommedspa805.com,medspa,GLP-1 weight loss peptides,4
"Blossom Med Spa Integrative Beauty & Wellness in Lancaster, PA",blossom-medspa.com,hello@blossom-medspa.com,blossommedspa@gmail.com; hello@blossom-medspa.com,yes,no_peptides,https://blossom-medspa.com,medspa,,0
Zen and the City,bmorezen.com,,,,no_email,https://bmorezen.com,vendor,,0
Dimensional Wellness Center,body-sculpting-spa.zoca.ai,,,yes,no_email,https://body-sculpting-spa.zoca.ai,medspa,,0
Body Bistro Spa & Salon,bodybistronola.com,,,,no_email,https://bodybistronola.com,vendor,,0
"BODY by AIM360 in Pittsburgh, PA",bodybyaim360.com,,,,no_email,https://bodybyaim360.com,medspa,,1
Body Contouring By Design,bodycontouringbydesign.com,bodycontouringbydesign@gmail.com,bodycontouringbydesign@gmail.com,,no_peptides,https://bodycontouringbydesign.com,vendor,,0
Body Mind And Soul Spa,bodymindsoulspa.com,,,,no_email,https://bodymindsoulspa.com,vendor,,0
Boise Therapeutic Massage Center,boisemassage.com,,,yes,no_email,https://boisemassage.com,vendor,,0
Bold Beauty Health and Wellness,boldbeautyep.com,,,yes,no_email,https://boldbeautyep.com,medspa,"semaglutide, retatrutide, bpc-157, tb-500, nad+, ipamorelin",20
Bombshell Body,bombshellbody.shop,info@bombshellbody.shop,info@bombshellbody.shop,,no_peptides,https://bombshellbody.shop,vendor,,0
Pure Glow Studio,bookwithpureglowstudio.as.me,,,,no_email,https://bookwithpureglowstudio.as.me,vendor,,0
"Boost Me PLLC Mobile IV Wellness in Edinburg, TX",boostmeivwellness.com,,,,unreachable,,,,
Boris Bobyr NP,borisbobyrnp.com,bbobyrnpadultcare@gmail.com,bbobyrnpadultcare@gmail.com,yes,already known,https://borisbobyrnp.com,medspa,GLP-1 weight loss peptides,5
BosBeauty med spa,bosbeauty.com,,,,no_email,,vendor,,0
"Boston Testosterone Partners, LLC",bostontestosterone.com,,,,no_email,,vendor,,0
Botox and Lip Fillers by Viso Aesthetics,botoxandlipfillerschandler.com,staci@botoxandlipfillerschandler.com,staci@botoxandlipfillerschandler.com,yes,no_peptides,https://botoxandlipfillerschandler.com,medspa,,0
Meesha Aesthetics In Philly,botoxbymeesha.com,,,yes,no_email,https://botoxbymeesha.com,medspa,nad+,1
Plastic Surgery of Virginia Beach,boundsplasticsurgery.com,,,yes,no_email,https://boundsplasticsurgery.com/contact,medspa,,0
"Sterling Hart, ND",boutiquewellnessnc.com,,,yes,no_email,https://boutiquewellnessnc.com,medspa,semaglutide,6
Brandi Esthetics,brandi-esthetics.com,hello@brandi-esthetics.com,hello@brandi-esthetics.com,yes,no_peptides,https://brandi-esthetics.com,vendor,,0
Radiant Divine Medical Spa,brecksville.zivel.com,brecksville@zivel.com,brecksville@zivel.com; zivelbrecksville@gmail.com,yes,no_peptides,https://brecksville.zivel.com,medspa,,0
Brigita's European Skin Care and Day Spa,brigitasdayspa.com,,,,no_email,https://brigitasdayspa.com,medspa,,0
Näva Medical Spa,brookingshealth.org,,,yes,no_email,https://brookingshealth.org,medspa,,0
overture spa,brooklyn-spa.com,,,yes,no_email,https://brooklyn-spa.com,medspa,,0
Brown University Health Men's Health Center,brownhealth.org,mpcl@brownhealth.org,mpcl@brownhealth.org; eyakirevich@brownhealth.org; dyang2@brownhealth.org; yxiao@brownhealth.org; akalinowski@brownhealth.org,yes,no_peptides,https://brownhealth.org,medspa,,0
Vogue Aesthetics,busiussa.org,,,,no_email,https://busiussa.org,vendor,,0
Bytheway Med Spa,bythewaymedspa.com,,,,no_email,https://bythewaymedspa.com,medspa,,0
Cadella Aesthetics,cadellaaesthetics.com,,,yes,no_email,https://cadellaaesthetics.com/contact,medspa,GLP-1 weight loss peptides,3
The Sauna Studio,calivingweightloss.com,,,,no_email,,vendor,,0
Canvas Skin,canvas-skin.co,hello@canvas-skin.co,hello@canvas-skin.co,,no_us_signal,https://canvas-skin.co,medspa,"semaglutide, tirzepatide, retatrutide, nad+, ghk-cu, glutathione",10
Capital City Wellness & Aesthetics,capitalcityclinic.com,,,yes,no_email,https://capitalcityclinic.com,medspa,"semaglutide, tirzepatide, glutathione",15
Carbon World Health,carbonworldhealth.com,,,yes,no_email,https://carbonworldhealth.com,medspa,"semaglutide, tirzepatide",9
Carolina Facial Plastics (Crown),carolinafacialplasticsurgery.com,,,yes,no_email,https://carolinafacialplasticsurgery.com,medspa,,0
New Vision Med Spa,carolinamedspa.com,,,,no_email,,vendor,,0
"The DRIPBaR Carrollwood in Greater Carrollwood, FL",carrollwood.thedripbar.com,,,,no_email,,vendor,,0
Ancient Wellness Center,casacontour.com,,,,no_email,https://casacontour.com,vendor,,0
Cascades Hormone Optimization (formally Male TRT Center),cascadeshormoneoptimization.com,,,yes,no_email,https://cascadeshormoneoptimization.com,medspa,GLP-1 weight loss peptides,4
Cassiel's Wellness,cassiels.com,,,yes,no_email,https://cassiels.com,medspa,,0
CA Medspa & Wellness,cawellnessmedspa.com,,,,no_email,https://cawellnessmedspa.com,medspa,,0
Cendant Stem Cell Centers,cendanthealth.com,,,yes,no_email,https://cendanthealth.com,medspa,,1
Skinspirit,centerforantiagingandweightloss.com,,,yes,no_email,https://centerforantiagingandweightloss.com,medspa,semaglutide,5
Mindful Waters,centers.osteostrong.me,,,,no_email,https://centers.osteostrong.me,vendor,,0
Rockwell Centers for Sexual Medicine & Wellness,centersforsexualmedicine.com,,,yes,no_email,https://centersforsexualmedicine.com,medspa,"semaglutide, bpc-157, tb-500, thymosin beta-4, ipamorelin, tesamorelin",21
"Coastal Ketamine & Aesthetics in Mount Pleasant, SC",charlestonketamine.com,drdanripleymd@gmail.com,drdanripleymd@gmail.com; coastalketaminechs@gmail.com,yes,already known,https://charlestonketamine.com,medspa,glutathione,1
Charys Medical Boutique,charysmedical.com,,,,no_email,,vendor,,0
Moore Road Medical Weight Loss Center and Medi-Spa,chattaesthetics.com,,,yes,no_email,https://chattaesthetics.com,medspa,GLP-1 weight loss peptides,3
Cheeky Denver,cheekydenver.com,info@cheekydenver.com,info@cheekydenver.com,yes,no_peptides,https://cheekydenver.com,medspa,,0
We Do Nail Salon and Spa,cheyennebestnailsalon.com,,,yes,no_email,https://cheyennebestnailsalon.com,vendor,,0
ReAlign Men's Health,chicagochiro.com,,,yes,no_email,https://chicagochiro.com,medspa,sermorelin,7
Florida Regenerative Medicine Clearwater,chillnoutclearwater.com,info@chillnoutclearwater.com,info@chillnoutclearwater.com,yes,no_peptides,https://chillnoutclearwater.com,vendor,,0
Health Partners Med Spa & IV Treatment,chooseoptimizewellness.com,,,yes,no_email,https://chooseoptimizewellness.com,medspa,nad+,4
"Balanced Living Functional Medicine, LLC",chooseprecisionhealth.com,,,yes,no_email,https://chooseprecisionhealth.com,medspa,"semaglutide, bpc-157, nad+, ipamorelin, sermorelin",13
Dr. Christopher Saunders Cosmetic Surgery,chrissaundersmd.com,,,yes,no_email,https://chrissaundersmd.com,medspa,glutathione,2
Ciao Bella Cosmetic Surgery,ciaobellacosmeticsurgery.com,,,yes,no_email,https://ciaobellacosmeticsurgery.com,medspa,"semaglutide, tirzepatide",6
Cicily's Aesthetics,cicilysaesthetics.com,,,yes,no_email,https://cicilysaesthetics.com,medspa,,0
Citiwellness,citiwellnesswilmington.com,,,yes,no_email,https://citiwellnesswilmington.com,medspa,,2
CK Skin Spa,ckskinspa.com,,,yes,no_email,https://ckskinspa.com,vendor,,0
"Claremont IV Drip & Health in Claremont, CA",claremontivdrip.com,,,,no_email,https://claremontivdrip.com,vendor,nad+,1
Lynn Spa,claritywellnessspa.com,impallari@gmail.com,impallari@gmail.com,yes,no_peptides,https://claritywellnessspa.com,medspa,,0
ClearWaves Medical Laser Group,clearwaves.com,,,yes,no_email,https://clearwaves.com,vendor,,0
Cleveland Health Group,clevelandhealthgroup.com,,,,no_email,,vendor,,0
"Cleveland IV Hydration in Cleveland, TN",clevelandivhydration.com,impallari@gmail.com,impallari@gmail.com; clevelandivhydration@gmail.com,yes,already known,https://clevelandivhydration.com,medspa,"nad+, glutathione",4
Cleveland Men's Health,clevelandmenshealth.com,,,yes,no_email,https://clevelandmenshealth.com,medspa,,1
CloudMedSpas,cloudmedspas.com,it.kadental@gmail.com,it.kadental@gmail.com; paymentwaze@gmail.com; suburbanmedspallc@gmail.com; andrewjlombardozzi@gmail.com; rhunt1208@gmail.com,yes,no_peptides,https://cloudmedspas.com,medspa,,0
Cocolomi Massage Ala Moana,cocolomi-hawaii.com,,,yes,no_email,https://cocolomi-hawaii.com,vendor,,0
Therapeutic Massage and Colon Hydrotherapy of Suffern,colonicsandmassagetherapy.com,,,,unreachable,,,,
OsteoStrong,corewellnessandrecovery.com,,,yes,no_email,https://corewellnessandrecovery.com,medspa,"nad+, glutathione",4
Cozy Spa & Massage,cozyspamassage.com,jinyaoshi9988@gmail.com,jinyaoshi9988@gmail.com,yes,no_peptides,https://cozyspamassage.com/contact,vendor,,0
Cratos Health Calculated,cratoshealth.com,,,yes,no_email,https://cratoshealth.com,medspa,"semaglutide, tirzepatide",11
Castle Rock Hormone Health,crhormonehealth.com,,,yes,no_email,https://crhormonehealth.com,medspa,,4
Metropolitan Oasis Medical Aesthetic Center & Spa,cryodenhealth.com,,,,no_email,https://cryodenhealth.com,vendor,,0
Gameday Men's Health Grapevine,cryonationwellness.com,,,yes,no_email,https://cryonationwellness.com,medspa,"nad+, glutathione",3
Connecticut Spine & Rehab,ctspinerehab.com,,,,unreachable,,,,
"Curate MedAesthetics in Ooltewah, TN",curatemedspa.com,,,yes,no_email,https://curatemedspa.com,medspa,,0
"CUR Wellness Clinic in Minnetonka, MN",curwellnessclinic.com,,,yes,no_email,https://curwellnessclinic.com,medspa,nad+,4
Pello Wellness Medical Spa,dashboard.boulevard.io,,,,unreachable,,,,
The DRIPBaR D.C.,dc.thedripbar.com,,,,no_email,,vendor,,0
Dea Aesthetics Philadelphia,dea-aesthetics.com,,,,unreachable,,,,
Dear Body By Tiera,dearbodybytiera.com,,,,no_email,https://dearbodybytiera.com,vendor,,0
Divine Skin Care,debbydivineskincare.com,debbydivine@hotmail.com,debbydivine@hotmail.com,yes,no_peptides,https://debbydivineskincare.com,vendor,,0
Deeper Tissues,deeper-tissues.square.site,,,,no_email,,vendor,,0
Deep Shine Auto Spa,deepshineautospa.com,billy.stutz@yahoo.com,billy.stutz@yahoo.com,yes,no_peptides,https://deepshineautospa.com,vendor,,0
Deep Wellness Center,deepwellness.center,,,yes,no_email,https://deepwellness.center,vendor,,0
"Degree Wellness in Jacksonville, FL",degreewellness.com,,,yes,no_email,https://degreewellness.com,medspa,nad+,2
Testosterone Replacement Therapy,deltona.purehormones.net,,,,no_email,https://deltona.purehormones.net,vendor,,0
Demma Aesthetics Medical Spa and Face Bar,demma-medspa.com,,,yes,no_email,https://demma-medspa.com,medspa,,0
DermaCare Clinic,dermacareclinicpc.com,,,,unreachable,,,,
dermani MEDSPA® Sandy Springs,dermanimedspa.com,,,,no_email,https://dermanimedspa.com,medspa,,0
Dermatology & Skin Health,dermskinhealth.com,,,yes,no_email,https://dermskinhealth.com,medspa,,0
Des Lux Hotel,desluxhotel.com,info@desluxhotel.com,info@desluxhotel.com; u003einfo@desluxhotel.com; nspoundstone@desluxhotel.com; spoundstone@desluxhotel.com,yes,no_peptides,https://desluxhotel.com,vendor,,0
Detroit Hormone Replacement Therapy Clinic,detroit.peakhormoneclinic.com,,,,no_email,https://detroit.peakhormoneclinic.com,vendor,,0
Diet Detox Wellness Salon,diet-detox.com,,,yes,no_email,https://diet-detox.com,vendor,,0
Dilworth Weight loss and Hormone therapy,dilworthweightloss.com,,,,unreachable,,,,
Franciscan Rejuvenate Medical Spa,directory.franciscanhealth.org,,,yes,no_email,https://directory.franciscanhealth.org,vendor,,0
Rejuvenate Skin and Laser Clinic Minneapolis,distinctionsmedspa.com,info@distinctionsmedspa.com,info@distinctionsmedspa.com,yes,no_peptides,https://distinctionsmedspa.com,medspa,,0
Divine Direction By Mia,divinedirection.net,mia@divinedirection.net,yourluckystarmia@yahoo.com; mia@divinedirection.net,yes,no_peptides,https://divinedirection.net,vendor,,0
The Luxe Clinic Wellness & Aesthetics,divinewellnessaesthetics.org,,,yes,no_email,https://divinewellnessaesthetics.org,medspa,,0
"Anita Petruzzelli, MD",doctoranitamd.com,,,yes,no_email,https://doctoranitamd.com,medspa,"semaglutide, tirzepatide, bpc-157, ipamorelin, sermorelin, pt-141",16
Integrative Health Services,doctorcaroline.com,caroline@doctorcaroline.com,caroline@doctorcaroline.com,yes,no_peptides,https://doctorcaroline.com,medspa,,0
Dolce Beauty LLC,dolcebeautywv.glossgenius.com,dolcebeautywv@gmail.com,dolcebeautywv@gmail.com,yes,no_peptides,https://dolcebeautywv.glossgenius.com,vendor,,0
Dollface Boston,dollfaceboston.com,,,,unreachable,,,,
Institute for Hormonal Balance,donovitz.com,,,yes,no_email,https://donovitz.com,medspa,"semaglutide, tirzepatide",6
"Keara Bingman, former Allure Medical",dornerplasticsurgery.com,,,,no_email,,vendor,,0
"Double Radiance Spa, LLC",doubleradiancespa.com,,,,unreachable,,,,
Dove Hydration & Wellness,dovehydrationandwellness.com,,,yes,no_email,https://dovehydrationandwellness.com,medspa,,1
Skin Health,doverskinhealth.com,,,yes,no_email,https://doverskinhealth.com,medspa,,0
Pointe Acupuncture & Integrative Medicine,doxcyredlighttherapy.com,,,,no_email,,vendor,,0
relax: Float Spa,doylestown.thedripbar.com,,,,no_email,,vendor,,0
"Park Avenue Medical Spa of Greenwood, PLLC",dr38930.com,parkavemedspa@gmail.com,parkavemedspa@gmail.com,yes,no_peptides,https://dr38930.com,medspa,,0
North Atlanta Plastic Surgery (NAPS) & The Spa at NAPS,dramyalderman.com,,,yes,no_email,https://dramyalderman.com,medspa,,0
Bautista Health & Anti-Aging,drbfitmd.com,,,,unreachable,,,,
"Charles Arakaki MD, Ohana Mens Clinic LLC",drcharlesarakaki.com,bobbyperdana48@gmail.com,bobbyperdana48@gmail.com,,no_peptides,https://drcharlesarakaki.com,vendor,,0
Dr. David Fein,drdavidfein.com,,,yes,no_email,https://drdavidfein.com,medspa,"semaglutide, tirzepatide, liraglutide, bpc-157, tb-500, nad+",18
Dream Aesthetic,dreamaestheticsc.com,,,,no_email,https://dreamaestheticsc.com,medspa,,0
Dr. Genevieve Garcia Hormones & Anti-Aging of El Paso,drggarcia.com,ephaa@drggarcia.com,ephaa@drggarcia.com; ephaa915@gmail.com,,no_peptides,https://drggarcia.com,vendor,,0
Magnolia Plastic Surgery & Medspa,drheathcharvet.com,,,yes,no_email,https://drheathcharvet.com,medspa,"nad+, glutathione",8
"DripFX IV Studio (Mooresville) in Mooresville, NC",dripfx.com,admin@dripfx.com,admin@dripfx.com,,no_us_signal,https://dripfx.com/about-us,medspa,,2
"Drip IV Lounge & Aesthetics LLC in Baton Rouge, LA",dripivco.com,,,yes,no_email,https://dripivco.com,medspa,"nad+, glutathione",7
Via Medical Day Spa,dripneedlemedspade.com,,,yes,no_email,https://dripneedlemedspade.com/contact,medspa,,0
"Drippd in Huntington, NY",drippdiv.com,,,,no_email,,vendor,,0
Drip Refresh Mobile IV Therapy,driprefreshmobileiv.com,info@driprefreshmobileiv.com,info@driprefreshmobileiv.com,,no_us_signal,https://driprefreshmobileiv.com,medspa,"semaglutide, nad+, glutathione",5
DripRN Mobile IV,driprnmobileiv.com,driprnmobileivhydration@gmail.com,driprnmobileivhydration@gmail.com,yes,already known,https://driprnmobileiv.com,medspa,nad+,2
Drip Therapi Mobile IV Hydration and Wellness Center,driptherapi.com,info@driptherapi.com,info@driptherapi.com,,no_peptides,https://driptherapi.com,vendor,,0
"DripTherapy in Flagler Beach, FL",driptherapyfl.com,,,,unreachable,,,,
Dr. Mark Neumann,drmarkneumann.com,msndcdo@gmail.com,msndcdo@gmail.com,yes,already known,https://drmarkneumann.com,medspa,GLP-1 weight loss peptides,5
IV Therapy & Weight Loss Center,drmegoemmanuelclinics.com,,,yes,no_email,https://drmegoemmanuelclinics.com,medspa,"semaglutide, tirzepatide, nad+",4
"Melinda Silva, MD Anti-Aging & Wellness",drmelindasilva.com,,,yes,no_email,https://drmelindasilva.com,medspa,"semaglutide, tirzepatide",11
OsteoStrong,drmichnd.com,info@drmichnd.com,info@drmichnd.com,yes,no_peptides,https://drmichnd.com,medspa,,0
Randy Rudderman MD Plastic Surgery & Medical Spa,drrudderman.com,,,yes,no_email,https://drrudderman.com,medspa,"semaglutide, tirzepatide, nad+, glutathione",10
Dr. Travis C. Love,drtravislove.com,,,yes,no_email,https://drtravislove.com,medspa,semaglutide,5
Dr. Van Tran Family Practice,drvantran.com,,,yes,no_email,https://drvantran.com,medspa,,0
Dr. Yates Lifestyle Med,dryateslifestylemed.com,,,yes,no_email,https://dryateslifestylemed.com,medspa,,0
"Medical Aesthetics & Laser: Safoora Zaka, MD",drzaka.com,drzaka@yahoo.com,drzaka@yahoo.com,yes,no_peptides,https://drzaka.com,medspa,,0
duo Headspa and Nails,duoheadspa.com,duoheadspaandnails@gmail.com,duoheadspaandnails@gmail.com,yes,no_peptides,https://duoheadspa.com,vendor,,0
"EDEN MED SPA in Naples, FL",edenspa.club,,,,no_email,https://edenspa.club,vendor,,0
"The DRIPBaR Edina in Edina, MN",edina.thedripbar.com,,,,no_email,,vendor,,0
Men's Health USA,edtreatmentla.com,,,,no_email,,vendor,,0
Environmental Health Center at Buffalo,ehcbuffalo.com,,,yes,no_email,https://ehcbuffalo.com,medspa,,2
EHormones MD,ehormones.com,rendro87@gmail.com,rendro87@gmail.com,yes,already known,https://ehormones.com,medspa,GLP-1 weight loss peptides,5
Ezratty Integrative Aesthetics,eiaesthetics.com,info@eiaesthetics.com,info@eiaesthetics.com,yes,no_peptides,https://eiaesthetics.com,medspa,,0
eK Aesthetics and Wellness,ekaestheticsandwellness.com,,,,no_email,https://ekaestheticsandwellness.com,medspa,,0
Elan Skin & Laser MedSpa Nashville,elanskinandlaser.com,,,yes,no_email,https://elanskinandlaser.com,medspa,,1
Elase Medical Spa,elase.com,,,,no_email,https://elase.com,medspa,"tb-500, ipamorelin, sermorelin, pt-141, glutathione, 5-amino-1mq",7
"Electric Beauty Lab, LLC",electricbeautylab.glossgenius.com,,,yes,no_email,https://electricbeautylab.glossgenius.com,vendor,,0
"Electrolyte Med Mobile IV Therapy in Beverly Hills, CA",electrolytemed.com,,,yes,no_email,https://electrolytemed.com,vendor,,1
Immanence Health: Aesthetics (Formerly Bella Fiore),elementmedicalspa.com,,,,no_email,,vendor,,0
Elevate Wellness Clinic,elevateatl.com,,,,no_email,,vendor,,0
Realm Naturopathic Integrative Medicine & Acupuncture,elevatecoronado.com,info@elevatecoronado.com,info@elevatecoronado.com,yes,no_peptides,https://elevatecoronado.com,medspa,,0
Elevate MD,elevatemd.com,,,yes,no_email,https://elevatemd.com,medspa,GLP-1 weight loss peptides,3
Elevate Medical Clinic,elevatemedclinic.com,,,yes,no_email,https://elevatemedclinic.com,medspa,"semaglutide, tirzepatide",11
ELEVATE HORMONE & WELLNESS,elevatemywellness.org,,,yes,no_email,https://elevatemywellness.org,medspa,"semaglutide, tirzepatide, sermorelin",8
"Elevate Wellness at Keepsake Kottage in Wichita, KS",elevatewellnessks.com,elevatewellnessatkeepsake@gmail.com,elevatewellnessatkeepsake@gmail.com,yes,already known,https://elevatewellnessks.com,medspa,"semaglutide, tirzepatide, glutathione",13
"Elevate Health and Wellness LV in Henderson, NV",elevatewellnesslv.com,elevatehealthlv@gmail.com,elevatehealthlv@gmail.com,yes,already known,https://elevatewellnesslv.com,medspa,"tesamorelin, glutathione",5
Eleven11 Laser + Skincare,eleven11spa.com,,,yes,no_email,https://eleven11spa.com,medspa,,0
Elite Health Colorado,elitehealthcolorado.com,,,yes,no_email,https://elitehealthcolorado.com,medspa,"semaglutide, tirzepatide, retatrutide, bpc-157, tb-500, nad+",30
"Elite Functional Health in McAllen, TX",elitehealthrgv.com,,,,no_email,,vendor,,0
"Elite Total Wellness in Memphis, TN",elitememphis.com,elitetotalwellness@gmail.com,elitetotalwellness@gmail.com,yes,already known,https://elitememphis.com,medspa,"semaglutide, tirzepatide, retatrutide, liraglutide, sermorelin, tesamorelin",17
Elite Waxing Spa,elitewaxingspa.com,,,yes,no_email,https://elitewaxingspa.com,vendor,,0
ElixirSpa,elixirspa.com,,,,no_email,https://elixirspa.com,medspa,,0
"El Paso Men's Clinic: Leo Altenberg, MD",elpasomensandwomensclinic.com,,,yes,no_email,https://elpasomensandwomensclinic.com,medspa,,1
Eminence Hormone and Weight Loss Center,eminencehormoneandweightloss.com,,,,unreachable,,,,
Empire Aesthetics,empireaesthetic.net,,,yes,no_email,https://empireaesthetic.net,medspa,,0
abhasa spa,en.abhasa.com,info@abhasa.com,info@abhasa.com,yes,no_peptides,https://en.abhasa.com,vendor,,0
Enchanted Hair Salon,enchantedhairsalon.net,,,yes,no_email,https://enchantedhairsalon.net,medspa,,0
Energize Health and Wellness,energizehealthandwellness.com,,,,unreachable,,,,
Enhance Aesthetics,enhanceaestheticsmedspa.com,,,,unreachable,,,,
"Enhanced Healthcare, LLC",enhancedhealthcarefl.com,,,yes,no_email,https://enhancedhealthcarefl.com,medspa,"semaglutide, tirzepatide",7
CORE Wellness & Recovery,enhancedwellness.com,,,yes,no_email,https://enhancedwellness.com,medspa,,0
Envizion Medical,envizionmedical.com,,,yes,no_email,https://envizionmedical.com,medspa,"semaglutide, tirzepatide",7
Epiphany Dermatology,epiphanydermatology.com,,,yes,no_email,https://epiphanydermatology.com,medspa,,0
"Balanced Health Medical Center, PLLC: Testosterone Therapy",equinox.com,concierge@equinox.com,concierge@equinox.com; pr@equinox.com; cancellations@equinox.com,yes,no_peptides,https://equinox.com,vendor,,0
Erectile Dysfunction Center of NYC,erectiledysfunctioncenternyc.com,,,yes,no_email,https://erectiledysfunctioncenternyc.com,medspa,,6
Esse Aesthetics,esseaesthetics.com,hello@esseaesthetics.com,hello@esseaesthetics.com,yes,no_peptides,https://esseaesthetics.com,medspa,,0
Bodywork by Shellea @ Coast Day Spa,essenceofthecore.com,www.presssforpurpose@gmail.com,www.presssforpurpose@gmail.com,yes,no_peptides,https://essenceofthecore.com,vendor,,0
Essex Wellness,essexwellness.com,,,,no_email,,vendor,,0
MedSpa and Hyperhydrosis Center,estealasercosmetic.com,,,,unreachable,,,,
Esthetica Medspa Newark,estheticamedspa.com,,,yes,no_email,https://estheticamedspa.com,medspa,,0
Jabrocki Love Beauty,estheticbeautiquewellnessspa.com,,,,unreachable,,,,
"étant, A Spa for Well Being",etant.com,,,,no_email,https://etant.com,vendor,,0
Ethereal Beauty Buffalo,etherealbeautybuffalo.com,,,yes,no_email,https://etherealbeautybuffalo.com/contact,medspa,GLP-1 weight loss peptides,3
EveresT Men’s Health,everestmenshealth.com,,,yes,no_email,https://everestmenshealth.com,medspa,"semaglutide, tirzepatide",7
EverWell Center for Health and Longevity,everwellcenterforhealth.com,,,,unreachable,,,,
"Evoke Vitality in Asheville, NC",evokevitality.com,,,yes,no_email,https://evokevitality.com,medspa,nad+,7
Evolved Medical,evolvedmedical.com,,,yes,no_email,https://evolvedmedical.com,medspa,"semaglutide, tirzepatide, bpc-157, tb-500, thymosin beta-4, nad+",18
Evolve Med Spa,evolvemedspa.com,,,yes,no_email,https://evolvemedspa.com,medspa,,0
"Evolve Tysons MedSpa & Wellness Center in Vienna, VA",evolvetysons.com,,,yes,no_email,https://evolvetysons.com/contact,medspa,"semaglutide, tirzepatide",4
Face and Body Laser,faceandbodylaser.com,faceandbodylaserhi@gmail.com,faceandbodylaserhi@gmail.com,yes,no_peptides,https://faceandbodylaser.com,medspa,,0
Face to Face Spa at Southaven,facetofacespa.com,,,,no_email,https://facetofacespa.com,medspa,semaglutide,1
The Facial Bar- An Express Day Spa,facialbarkc.com,,,yes,no_email,https://facialbarkc.com,medspa,,0
Facial spa LA,facialspa.net,facialspa.office@gmail.com,facialspa.office@gmail.com,yes,already known,https://facialspa.net,medspa,glutathione,1
Gameday Men's Health Fairlawn,fairlawnaestheticmd.com,,,yes,no_email,https://fairlawnaestheticmd.com,medspa,"semaglutide, tirzepatide, nad+",11
Medical Group Robinson,feelnu.com,,,yes,no_email,https://feelnu.com,medspa,sermorelin,3
Fig Medical Spa,figtulsa.com,,,,no_email,https://figtulsa.com,medspa,,0
"FIKA Infusion + Wellness in Park City, UT",fikainfusion.com,,,yes,no_email,https://fikainfusion.com,medspa,"semaglutide, tirzepatide, bpc-157, tb-500, thymosin alpha-1, nad+",27
"Fire IV, Hydrate & Restore in Collinsville, OK",fire-iv.com,,,,no_email,https://fire-iv.com,vendor,,2
"FitDrip Vitamin Therapy in South Euclid, OH",fitdripvitamintherapy.com,fitdrip@fitdripvitamintherapy.com,fitdrip@fitdripvitamintherapy.com,yes,no_peptides,https://fitdripvitamintherapy.com,vendor,,0
New England Center for Functional Medicine,flagcdn.com,,,,no_email,https://flagcdn.com,vendor,,0
Flare MD,flaremd.com,,,,no_email,https://flaremd.com,medspa,,1
The Balanced Woman,floatandfreeze.com,,,,no_email,https://floatandfreeze.com/about-us,vendor,,0
Float Missoula,floatmsla.com,floatmissoula@gmail.com,floatmissoula@gmail.com,,no_peptides,https://floatmsla.com,vendor,,0
"Flo & Glo IV Wellness Lounge (Gluckstadt) in Madison, MS",flongloivgluckstadt.com,info@flongloivgluckstadt.com,info@flongloivgluckstadt.com,yes,no_peptides,https://flongloivgluckstadt.com,vendor,,0
"Flourish Hormone Replacement & Wellness Centers in Denham Springs, LA",flourishhormonereplacement.com,,,yes,no_email,https://flourishhormonereplacement.com,medspa,"semaglutide, tirzepatide",6
"Flow IV & Wellness Naples in Naples, FL",flowiv.co,,,yes,no_email,https://flowiv.co,medspa,"semaglutide, tirzepatide, retatrutide, bpc-157, nad+, ipamorelin",26
Flow Wellness Seattle,flowwellness.com,,,yes,no_email,https://flowwellness.com,medspa,"semaglutide, tirzepatide, nad+, sermorelin, tesamorelin, ghk-cu",22
Live Hydration Spa,fmofdelaware.com,,,yes,no_email,https://fmofdelaware.com,medspa,,1
Our Lady of the Lake Physician Group Men's Health,fmolhs.org,mychartsupport@fmolhs.org,mychartsupport@fmolhs.org,yes,no_peptides,https://fmolhs.org,medspa,,0
Focus Aesthetics,focusaestheticsjax.com,,,yes,no_email,https://focusaestheticsjax.com,medspa,,0
Fond & Faye Medical & Wellness Spa,fondandfayemedspa.com,,,,no_email,https://fondandfayemedspa.com,medspa,"nad+, sermorelin, glutathione",5
"Formula Wellness Uptown (West Village) in Dallas, TX",formulawellness.com,,,yes,no_email,https://formulawellness.com,medspa,,1
Hydrate IV Bar,fortcollins.hydrateivbar.com,,,,no_email,,vendor,,0
Fountain of Youth Skin Spa,fountainofyouthskinspa.com,info@fountainofyouthskinspa.com,info@fountainofyouthskinspa.com; infi@fountainofyouthskinspa.com; lori@fountainofyouthskinspa.com,yes,no_peptides,https://fountainofyouthskinspa.com,medspa,,0
The Spa at Four Seasons New Orleans,fourseasons.com,,,,unreachable,,,,
Frederick's Day Spa Salon,fredericks-salon.com,,,yes,no_email,https://fredericks-salon.com,vendor,,0
"Striver IV Vitamin Infusion in Chicago, IL",fresha.com,,,,no_email,https://fresha.com,medspa,,0
Fresh IV Drips,freshivdrips.com,,,,no_email,https://freshivdrips.com/contact,medspa,,1
Ignacio Guzman A Professional Medical Corporation,fresnointegrativemd.com,,,yes,no_email,https://fresnointegrativemd.com,medspa,"bpc-157, ipamorelin, glutathione",6
"The DRIPBaR Frisco in Frisco, TX",frisco-tx.thedripbar.com,,,,no_email,,vendor,,0
Full Potential HRT Clinic,fullpotentialmen.com,,,yes,no_email,https://fullpotentialmen.com,medspa,"semaglutide, tirzepatide, sermorelin, ghrp-2",10
Restore Hyper Wellness,functionalmedicineandwellness.org,patricialotitomd@gmail.com,patricialotitomd@gmail.com,yes,no_peptides,https://functionalmedicineandwellness.org,medspa,,0
Function of Y Health and Wellness Clinic,functionofyhealth.com,,,,no_email,,vendor,,0
Functional Wellness & Aesthetics,functionwellsalem.com,,,,unreachable,,,,
The DRIPBaR Gahanna,gahanna.thedripbar.com,,,,no_email,,vendor,,0
"Hydration Station Beauty & Wellness in Houston, TX",galaxyofstars.org,,,yes,no_email,https://galaxyofstars.org,vendor,,0
"iCRYO South Jordan, UT",gallerymedicalspa.com,,,,no_email,,vendor,,0
"The DRIPBaR Garden City in Garden City, NY",garden-city.thedripbar.com,,,,no_email,,vendor,,0
GBR Plastic Surgery,gbrplasticsurgery.com,,,yes,no_email,https://gbrplasticsurgery.com,medspa,,1
"Ferial Abood, MD",gcrmc.org,,,yes,no_email,https://gcrmc.org,medspa,,0
Gemini Body Wraps & Sculpting Spa,geminiwraps.com,impallari@gmail.com,impallari@gmail.com,yes,no_peptides,https://geminiwraps.com,vendor,,0
Genesis Hair Studio & Day Spa,genesishairstudioanddayspa.com,,,yes,no_email,https://genesishairstudioanddayspa.com/services,vendor,,0
Genesis Lifestyle Medicine,genesislifestylemedicine.com,,,,unreachable,,,,
"MedFIT Weight Loss and Wellness, Medically Supervised Weight Managemen",getmedfit.com,,,,no_email,,vendor,,0
My MedSpa,getmymedspa.com,hello@getmymedspa.com,hello@getmymedspa.com,yes,no_peptides,https://getmymedspa.com,medspa,,0
Plump Cosmetics & Injectables,getplump.com,info@getplump.com,info@getplump.com,yes,no_peptides,https://getplump.com,medspa,,0
"SwiftHealth--Mobile IV Therapy and Housecalls in Englewood, NJ",getswifthealth.com,,,,no_email,,vendor,,0
"GFaceMD Medical Spa, Boston",gfacemd.com,info@gfacemd.com,info@gfacemd.com,,no_peptides,https://gfacemd.com,medspa,,0
"Infusion Care of Georgia, LLC in Lawrenceville, GA",gicinfusion.com,,,yes,no_email,https://gicinfusion.com,medspa,,1
Gillespie Plastic Surgery,gillespiemd.com,gillespieplasticsurgery@gmail.com,gillespieplasticsurgery@gmail.com,yes,already known,https://gillespiemd.com,medspa,semaglutide,3
Gill Medical Group,gillmed.com,,,yes,no_email,https://gillmed.com,medspa,,2
GIV Wellness,givwellness.co,,,,no_email,,vendor,,0
Glance Spa & Salon,glancesalon.com,hello@glancesalon.com,shop@glancesalon.com; hello@glancesalon.com,yes,no_peptides,https://glancesalon.com,vendor,,0
Palmetto Cosmetic Surgery and Aesthetics,gloskinmedicalspa.com,,,yes,no_email,https://gloskinmedicalspa.com,medspa,,2
Glo Skin Spa,glospavb.com,info@glospavb.com,info@glospavb.com,yes,no_peptides,https://glospavb.com,medspa,,0
Glo'Up Body Spa,gloupbodyspa.zoca.com,,,,unreachable,,,,
Glow Boutique,glowaestheticboutique.com,,,,no_email,https://glowaestheticboutique.com,medspa,,0
Glow Medical Spa,glowfranklin.com,info@glowfranklin.com,info@glowfranklin.com,yes,no_peptides,https://glowfranklin.com,medspa,,0
go relax day spa,gorelaxdayspa.com,,,,unreachable,,,,
"Vida-Flo Murfreesboro in Murfreesboro, TN",govidaflo.com,,,yes,no_email,https://govidaflo.com,medspa,nad+,3
Graceful Touch Massage Therapy,gracefultouch.org,inksplashcreatives@gmail.com,inksplashcreatives@gmail.com,yes,no_peptides,https://gracefultouch.org/about,medspa,,0
"Graceful Wellness and Med Spa, LLC",gracefulwellnessandmedspa.com,support@gracefulwellnessandmedspa.com,support@gracefulwellnessandmedspa.com,yes,no_peptides,https://gracefulwellnessandmedspa.com/contact-us/,medspa,,0
Grace Medical Aesthetics,gracemedicalaesthetics.com,,,yes,no_email,https://gracemedicalaesthetics.com,medspa,kpv,1
"Vitality Quick Drip in Grapevine, TX",grapevinevitalityquickdrip.zoca.com,,,yes,no_email,https://grapevinevitalityquickdrip.zoca.com,medspa,"nad+, glutathione",5
Gratitude Spa and Salon,gratitudespaandsalon.com,,,yes,no_email,https://gratitudespaandsalon.com,vendor,,0
Greater Hartford Urology Group,greaterhartfordurologygroup.com,,,,unreachable,,,,
Great Face & Body,greatfaceandbody.com,,,,unreachable,,,,
"Green Circle Wellness Clinic in Chicago, IL",greencirclewellness.com,,,,no_email,https://greencirclewellness.com/contact,medspa,,0
GreenHouse Luxury Spa,greenhouseluxuryspa.com,,,yes,no_email,https://greenhouseluxuryspa.com,medspa,,0
"The DRIPBaR Greenwood Village in Greenwood Village, CO",greenwood-village-co.thedripbar.com,,,,no_email,,vendor,,0
Greystone Regenerative Medicine,greystoneregenmed.com,,,,no_email,https://greystoneregenmed.com,vendor,,1
Grove Fitness Club & Spa,grovefitness-spa.com,,,,no_email,https://grovefitness-spa.com/contact,vendor,,0
"GSO Cryo in Greensboro, NC",gsocryo.com,,,yes,no_email,https://gsocryo.com,medspa,glutathione,4
Hamilton Facial Plastic Surgery,hamiltonfps.com,,,yes,no_email,https://hamiltonfps.com,medspa,semaglutide,2
Hannah Louise Skincare,hannahlouiseskincare.com,,,,unreachable,,,,
Platinum Medical Spa,hansenfamilyhospital.com,,,,unreachable,,,,
David Yew MD: Botox Filler Specialists,hawaiibotox.com,,,yes,no_email,https://hawaiibotox.com,medspa,"semaglutide, tirzepatide, bpc-157, tb-500, thymosin beta-4, nad+",21
Hawaii Low Testosterone Clinic,hawaiilowt.com,,,,no_email,https://hawaiilowt.com,vendor,,0
Hawaii Move Lab,hawaiimovelab.as.me,hawaiimovelab@gmail.com,hawaiimovelab@gmail.com,,no_peptides,https://hawaiimovelab.as.me,vendor,,0
"Hawaii Wellness Clinic in Honolulu, HI",hawaiiwellnessclinic.com,,,yes,no_email,https://hawaiiwellnessclinic.com,medspa,"semaglutide, tirzepatide, retatrutide, nad+",11
Hawaii Wellness MD,hawaiiwellnessmd.com,,,yes,no_email,https://hawaiiwellnessmd.com,medspa,GLP-1 weight loss peptides,5
HB Beauty,hbbeautynd.com,,,yes,no_email,https://hbbeautynd.com,medspa,"semaglutide, tirzepatide",6
"Healing Hydration & Wellness in Vero Beach, FL",healinghydrationandwellness.com,,,,no_email,https://healinghydrationandwellness.com,vendor,,0
Health For All Clinic Jacksonville,healthforall.net,,,,no_email,,vendor,,0
Heather Brown Face and Body Studio,heatherbrownstudio.com,,,yes,no_email,https://heatherbrownstudio.com,vendor,,0
"Heights IV & Wellness in Vestavia Hills, AL",heightsivwellness.com,,,yes,no_email,https://heightsivwellness.com,medspa,nad+,4
Hennepin Healthcare Women's Health and Wellness Clinic,hennepinhealthcare.org,,,,unreachable,,,,
Herbal Spa And Salon,herbalspahi.com,info@herbalspahi.com,info@herbalspahi.com,yes,no_peptides,https://herbalspahi.com,vendor,,0
HERBOX SPA,herboxspa.net,,,yes,no_email,https://herboxspa.net,medspa,,0
Heyday Skincare Seaport,heydayskincare.com,hello@heydayskincare.com,hello@heydayskincare.com,,no_peptides,https://heydayskincare.com,vendor,,0
Healing Garden Therapies LLC,hgtms.com,info@hgtms.com,info@hgtms.com,yes,no_peptides,https://hgtms.com,vendor,,0
"Applied Infusion Management Services in Houston, TX",hhc.org,,,yes,no_email,https://hhc.org,medspa,,0
"HIM & HER Youth and Hydration Clinic in Knoxville, TN",hhyhclinic.com,hhyhclinic@gmail.com,hhyhclinic@gmail.com,yes,already known,https://hhyhclinic.com,medspa,"nad+, glutathione",5
Highline Aesthetics Denver,highlineaesthetics.com,hello@highlineaesthetics.com,hello@highlineaesthetics.com,yes,no_peptides,https://highlineaesthetics.com,medspa,,0
High Performance Health,highperformancehealthtulsa.my.canva.site,,,,no_email,https://highperformancehealthtulsa.my.canva.site,vendor,,0
Holly Nails & Spa,hollynailsspacheyenne.com,,,yes,no_email,https://hollynailsspacheyenne.com,vendor,,0
Men's Healing Clinic,honolulu.edtreatmentpro.com,,,,no_email,https://honolulu.edtreatmentpro.com,vendor,,0
"Andhealth Infusion Center in Columbus, OH",horizoninfusions.com,info@horizoninfusions.com,info@horizoninfusions.com,yes,no_peptides,https://horizoninfusions.com,medspa,,0
Horizons Hormone Therapy,horizonshormonetherapy.com,,,yes,no_email,https://horizonshormonetherapy.com,medspa,nad+,1
Horizons Of Health,horizonsofhealth.com,,,,no_email,,vendor,,0
Loya Lauren D MD,hormonecenter.net,,,,no_email,,vendor,,0
Renew Vitality Testosterone Clinic,hormonehealthandweightloss.com,support@hormonehealthandweightloss.com,support@hormonehealthandweightloss.com,,no_us_signal,https://hormonehealthandweightloss.com,medspa,GLP-1 weight loss peptides,6
Cleveland Hormone Health Functional Medicine Institute,hormonehealthcleveland.com,,,yes,no_email,https://hormonehealthcleveland.com,medspa,,1
Spa at Chaco,hotelchaco.com,,,yes,no_email,https://hotelchaco.com,vendor,,0
HOTWORX,hotworx.net,manager.tx0198@hotworx.net,manager.tx0198@hotworx.net; studio.tx0198@hotworx.net; studio.tx0057@hotworx.net; manager.tx0057@hotworx.net; studio.ga0036@hotworx.net; manager.ga0036@hotworx.net; studio.sc0034@hotworx.net; manager.sc0034@hotworx.net,yes,no_peptides,https://hotworx.net,vendor,,0
OB Men,houstonmensclinic.com,,,yes,no_email,https://houstonmensclinic.com,medspa,"semaglutide, tirzepatide, nad+, ipamorelin, sermorelin, kisspeptin",13
Los Angeles Peptide Testosterone Replacement Therapy Group,hrtbalance.net,,,,no_email,https://hrtbalance.net,vendor,,0
HRT Revolution,hrtrevolution.com,,,,no_email,,vendor,,0
Hudson Vitality,hudsonvitality.com,,,,unreachable,,,,
Humanaut Health Austin,humanauthealth.com,,,,no_email,https://humanauthealth.com,medspa,"nad+, glutathione",8
"Humble Hydration & Wellness in Elk Grove, CA",humblehydration.com,,,yes,no_email,https://humblehydration.com,medspa,"bpc-157, tb-500, sermorelin, mots-c, ghk-cu, aod-9604",8
Hunny Bee Beauty,hunnybeebeauty.com,hello@hunnybeebeauty.com,hello@hunnybeebeauty.com,yes,no_peptides,https://hunnybeebeauty.com,vendor,,0
"The DRIPBaR Huntington Beach in Huntington Beach, CA",huntington-beach.thedripbar.com,,,,no_email,,vendor,,0
"Hydralive Therapy Cumming in Cumming, GA",hydralivetherapy.com,,,yes,no_email,https://hydralivetherapy.com,medspa,"nad+, ipamorelin, sermorelin, tesamorelin, mots-c, ghk-cu",13
"Hydrate IV Bar in Castle Rock, CO",hydrateivbar.com,,,,no_email,,vendor,,0
"Hydrate IV Therapy in Edina, MN",hydrateivtherapy.com,,,,no_email,,vendor,,0
Hydrate Me Medspa,hydratememedspa.com,,,yes,no_email,https://hydratememedspa.com,medspa,"semaglutide, tirzepatide, nad+, glutathione",12
"Hydration Bar in Youngsville, NC",hydration-bar.com,,,,no_email,,vendor,,0
"Hydration Squad Wellness Center in Orlando, FL",hydrationsquad.com,hydrationsquadus@gmail.com,hydrationsquadus@gmail.com,yes,already known,https://hydrationsquad.com,medspa,GLP-1 weight loss peptides,3
"Hydro Nation IV Drip & Aesthetics in Riverside, CA",hydronationriverside.com,hydronationllciv@gmail.com,hydronationllciv@gmail.com,yes,already known,https://hydronationriverside.com,medspa,"semaglutide, tirzepatide, glutathione",7
"HYDROVITA Infusion Lounge in Green Bay, WI",hydrovitalounge.com,,,yes,no_email,https://hydrovitalounge.com,vendor,glutathione,1
NorCal Dermatology Group,icecreamderm.com,,,yes,no_email,https://icecreamderm.com,medspa,,0
Icon Aesthetics,icon-wv.com,,,,no_email,https://icon-wv.com,medspa,,0
Icon MD Medical Spa + Laser Center Waltham,iconmd.com,,,yes,no_email,https://iconmd.com,medspa,sermorelin,5
iCRYO Cryotherapy + iV Therapy + Body Sculpting + Red Light Therapy in,icryo.com,,,yes,no_email,https://icryo.com,medspa,nad+,6
iCRYO Grosse Pointe CRYOTHERAPY + iV THERAPY + BODY SCULPTING + RED LI,icryogrossepointe.com,,,yes,no_email,https://icryogrossepointe.com,medspa,nad+,5
Ideal Image Greenfield,idealimage.com,,,,no_email,https://idealimage.com,vendor,,0
Idaho Med Spa,idmedspa.com,,,yes,no_email,https://idmedspa.com,medspa,GLP-1 weight loss peptides,6
Marilyn Aesthetics,idwellnessclinic.com,,,,no_email,,vendor,,0
"Infinity Functional Performance, LLC",ifp.life,,,,no_email,https://ifp.life,vendor,,0
iLIFE ANTI-AGING CENTER,ilifeantiaging.com,,,yes,no_email,https://ilifeantiaging.com,medspa,GLP-1 weight loss peptides,7
Innovative Medical Center,imcfresno.com,,,yes,no_email,https://imcfresno.com,medspa,GLP-1 weight loss peptides,5
"I-Mei Beauty Spa in Pasadena, CA",imeibeautyspa.com,,,,no_email,https://imeibeautyspa.com,vendor,,0
Integrative Medicine of Idaho,imidaho.net,,,yes,no_email,https://imidaho.net,medspa,GLP-1 weight loss peptides,6
PeakForm Testosterone Therapy,incrediblehealthnow.org,,,,no_email,https://incrediblehealthnow.org,medspa,,2
Replenish and Renew,independentphysicalmedicine.com,impallari@gmail.com,impallari@gmail.com,yes,already known,https://independentphysicalmedicine.com,medspa,,2
"Indigo Integrative Health Clinic in Washington, DC",indigohealthclinic.com,,,yes,no_email,https://indigohealthclinic.com,medspa,"semaglutide, tirzepatide, nad+",7
Indigo Massage LLC,indigomassagestudio.com,,,yes,no_email,https://indigomassagestudio.com/contact-us,vendor,,0
Liquivida Wellness Center,ineedliquivida.com,,,yes,no_email,https://ineedliquivida.com,medspa,"semaglutide, tirzepatide",8
Inertia Medical,inertiamedical.com,,,yes,no_email,https://inertiamedical.com,medspa,GLP-1 weight loss peptides,5
Infidimensional Skin,infidimensionalskin.com,,,,unreachable,,,,
Groov Wellness,infinite-transformation.com,info@infinite-transformation.com,info@infinite-transformation.com,yes,no_peptides,https://infinite-transformation.com,vendor,,0
Infinity Massage and Spa,infinitymassageandspa.com,,,,no_email,https://infinitymassageandspa.com,vendor,,0
Verve Hormone Replacement Therapy Spokane,info.vervehc.com,,,yes,no_email,https://info.vervehc.com,medspa,GLP-1 weight loss peptides,6
"Alliance Infusion Center LLC in Libertyville, IL",infusacare.com,,,yes,no_email,https://infusacare.com,medspa,,1
"Infusion Center at Plantation Pointe, LLC in Lancaster, SC",infusecenter.com,,,yes,no_email,https://infusecenter.com,medspa,GLP-1 weight loss peptides,4
"Infusion Medical Group PC in Huntington Beach, CA",infusioncenters-psmg.com,,,yes,no_email,https://infusioncenters-psmg.com,medspa,,0
"Infusion for Health, P.c. in Fort Collins, CO",infusionforhealth.com,,,yes,no_email,https://infusionforhealth.com,medspa,,0
"Infusion of Care Inc, a California Corporation in Huntington Beach, CA",infusionofcare.com,,,yes,no_email,https://infusionofcare.com,medspa,,0
Infusion Wellness Center,infusionwellnesscenter.com,,,,no_email,,vendor,,0
"The Institute of Natural Health in Richmond Heights, MO",inhstl.com,,,,no_email,,vendor,,0
Nash Injections by Hannah,injectionsbyhannah.com,,,yes,no_email,https://injectionsbyhannah.com,medspa,semaglutide,3
"Amy’s Aesthetics & Wellness in Sarasota, FL",injectoramy.com,,,yes,no_email,https://injectoramy.com,medspa,"semaglutide, tirzepatide, retatrutide, bpc-157, tb-500, nad+",16
Integra Health & Wellness,integrahealthwellness.com,info@integrahealthwellness.com,info@integrahealthwellness.com,yes,no_peptides,https://integrahealthwellness.com,vendor,,0
Integrated Spa and Wellness,integrated-spa.com,,,yes,no_email,https://integrated-spa.com,medspa,,0
QC Kinetix (Tamarac),integrativemedicine.us,,,yes,no_email,https://integrativemedicine.us,medspa,"nad+, glutathione",5
Integrity Wellness MD,integritywellnessmd.com,cpozo@integritywellnessmd.com,cpozo@integritywellnessmd.com,yes,no_peptides,https://integritywellnessmd.com,vendor,,0
"Intravene Mobile IV Therapy in Dallas, TX",intravenewellnesstherapies.com,,,yes,no_email,https://intravenewellnesstherapies.com,medspa,"nad+, glutathione",4
"Invigorate Wellness in Severna Park, MD",invigoratewellnessmd.com,,,,unreachable,,,,
InVita Health & Wellness,invitahealthandwellnessomaha.com,invitawellnessomaha@outlook.com,invitawellnessomaha@outlook.com,yes,already known,https://invitahealthandwellnessomaha.com,medspa,GLP-1 weight loss peptides,8
"iThriveMD of Mission Valley in San Diego, CA",ithrivemd.com,,,yes,no_email,https://ithrivemd.com,medspa,"semaglutide, tirzepatide, nad+, sermorelin, pt-141, ghk-cu",22
"A Simple Touch Aesthetics, PLLC",itsasimpletouchaesthetics.com,,,,no_email,,vendor,,0
IUVENTUS MEDICAL CENTER,iuventusmedcenter.com,,,yes,no_email,https://iuventusmedcenter.com,medspa,"semaglutide, tirzepatide, nad+, sermorelin, glutathione, oxytocin",10
"IV Suite Lounge Orlando in Orlando, FL",iv-suite.com,,,yes,no_email,https://iv-suite.com,medspa,"nad+, glutathione",3
"IV4Health & Wellness in Knoxville, TN",iv4health.org,,,yes,no_email,https://iv4health.org,medspa,"retatrutide, bpc-157, sermorelin, glutathione",7
"LaRue Aesthetics + Wellness in Smithville, MO",ivandwellness.com,brooklyne@ivandwellness.com,brooklyne@ivandwellness.com,yes,no_peptides,https://ivandwellness.com/pages/contact,medspa,,0
"IV Bird in Austin, TX",ivbird512.com,,,yes,no_email,https://ivbird512.com,medspa,"nad+, glutathione",3
"The DRIPBaR Andover in Andover, MA",ivdripandover.com,,,yes,no_email,https://ivdripandover.com,medspa,"nad+, glutathione",5
"The DRIPBaR Bedford in Bedford, MA",ivdripbedford.com,,,yes,no_email,https://ivdripbedford.com,medspa,"nad+, glutathione",5
"IV Drip Dynamics in Columbia, MD",ivdripdynamics.com,,,,unreachable,,,,
IVFusionMD,ivfusionmd.com,,,yes,no_email,https://ivfusionmd.com,medspa,"nad+, glutathione",3
Biongevity,ivhub.com,hello@ivhub.com,hello@ivhub.com; media@ivhub.com,,no_us_signal,https://ivhub.com,medspa,"bpc-157, tb-500, thymosin beta-4, thymosin alpha-1, nad+, ipamorelin",27
"𝐇𝐲𝐝𝐫𝐨𝐈𝐧𝐟𝐮𝐬𝐢𝐨𝐧 𝐦𝐨𝐛𝐢𝐥𝐞 𝐈𝐕 𝐭𝐡𝐞𝐫𝐚𝐩𝐲 in Chicago, IL",ivhydroinfusion.com,,,,no_email,,vendor,,0
"IV League Hydration and Wellness LLC in Camp Hill, PA",ivleaguehw.com,,,yes,no_email,https://ivleaguehw.com,medspa,glutathione,2
"IV League in Boston, MA",ivleaguehydrate.com,,,yes,no_email,https://ivleaguehydrate.com,medspa,"semaglutide, tirzepatide, nad+, sermorelin, glutathione",13
"IV League Infusion Services LLC in Delray Beach, FL",ivleagueinc.com,,,yes,no_email,https://ivleagueinc.com,medspa,,1
Gameday Men's Health El Dorado Hills,ivlounge-edh.com,,,,unreachable,,,,
Seven Qi Spa,ivloungenola.com,,,yes,no_email,https://ivloungenola.com,medspa,"nad+, glutathione",4
IV Me Now,ivmenownc.com,,,yes,no_email,https://ivmenownc.com,medspa,"nad+, glutathione",3
"IV ME UP in Newport Beach, CA",ivmeup.com,,,,no_email,https://ivmeup.com,medspa,,1
"NAD + IV Therapy at Catapult Fitness Studio in Anderson, IN",ivnadtherapyatcatapultfitnessstudio.com,,,,unreachable,,,,
"IV Nutrition in Lee's Summit, MO",ivnutrition.com,,,,no_email,https://ivnutrition.com,medspa,"semaglutide, tirzepatide, nad+, sermorelin, pt-141, glutathione",12
Prime IV Hydration & Wellness,ivwichita.com,,,,no_email,https://ivwichita.com,vendor,,0
"iVy Infusion Spa in Chesapeake, VA",ivyinfusionspa.zoca.com,,,,unreachable,,,,
"Dr. Jacob C. Deakins, MD Inland Wellness & Vitality",iwavs.com,,,yes,no_email,https://iwavs.com,medspa,,1
"The DRIPBaR Jacksonville Tamaya Market in Jacksonville, FL",jacksonville-tamaya-market.thedripbar.com,,,,no_email,,vendor,,0
Jade Magnolia Massage Spa,jademagnoliaspala.com,jademagnoliaspala@gmail.com,jademagnoliaspala@gmail.com; shirleychen3943@gmail.com; email_jademagnoliaspala@gmail.com,yes,no_peptides,https://jademagnoliaspala.com,vendor,,0
Jade Medispa,jademedispa-ny.com,jademedispany@gmail.com,jademedispany@gmail.com,yes,no_peptides,https://jademedispa-ny.com,medspa,,0
"J&A Health and Wellness Services in Dayton, OH",jahealthwellness.com,,,,unreachable,,,,
Jandali Plastic Surgery,jandaliplasticsurgery.com,,,,no_email,https://jandaliplasticsurgery.com,vendor,,0
"Javan Wellness U Street in Washington, DC",javanwellness.com,,,yes,no_email,https://javanwellness.com,medspa,GLP-1 weight loss peptides,7
Jax Aesthetics & Wellness Center,jaxaestheticscenter.com,,,,no_email,,vendor,,0
JECT,ject.us,,,yes,no_email,https://ject.us,medspa,,0
"The DRIPBaR Johnstown in Johnstown, CO",johnstown-ironwood-shops.thedripbar.com,,,,no_email,,vendor,,0
Elixium Health,joinelixium.com,,,,no_email,,vendor,,0
Jouvence Med Spa,jouvencemedicalspa.com,jouvencemedspamd@gmail.com,jouvencemedspamd@gmail.com,yes,already known,https://jouvencemedicalspa.com,medspa,"tirzepatide, nad+",4
JSJ Aesthetics and Wellness,jsjaesthetics.com,info@jsjaesthetics.com,info@jsjaesthetics.com,,no_peptides,https://jsjaesthetics.com,medspa,,0
"Be Salon, Spa, Yoga",justbespa.com,reservations@justbespa.com,justbespa@gmail.com; reservations@justbespa.com,yes,no_peptides,https://justbespa.com,medspa,,0
"Juvly Aesthetics in Cincinnati, OH",juvly.com,info@juvly.com,info@juvly.com,yes,already known,https://juvly.com,medspa,"semaglutide, tirzepatide, nad+",4
"K3 Health & Wellness in Elk Grove, CA",k3healthandwellness.com,,,yes,no_email,https://k3healthandwellness.com/contact,medspa,,0
"KAI Med Spa in West Boylston, MA",kai-medspa.com,,,,no_email,,vendor,,0
kai,kaimedspa.com,sandysprings@kaimedspa.com,sandysprings@kaimedspa.com; grace@kaimedspa.com,yes,no_peptides,https://kaimedspa.com,medspa,,0
"KalloMed Aesthetics in Pittsburgh, PA",kallomed.co,info@kallomed.co,info@kallomed.co,yes,no_peptides,https://kallomed.co,medspa,,0
Kalologie Medspa,kalologie.com,,,,no_email,https://kalologie.com,medspa,"nad+, glutathione",4
KDR MedSpa + Wellness,kathrynrussoaesthetics.com,kathrynrussoma@gmail.com,kathrynrussoma@gmail.com,,no_us_signal,https://kathrynrussoaesthetics.com,medspa,,4
"Fillers, Botox, and IV Hydration Kansas City",kcinjectablesmedspa.com,info@kcinjectablesmedspa.com,info@kcinjectablesmedspa.com,,no_peptides,https://kcinjectablesmedspa.com,medspa,,0
K&E IV and Aesthetic Lounge,kelounge.com,kandelounge@gmail.com,kandelounge@gmail.com,yes,already known,https://kelounge.com,medspa,"semaglutide, tirzepatide",5
Kharites Aesthetics,kharitesaesthetics.com,info@kharitesaesthetics.com,info@kharitesaesthetics.com,yes,no_peptides,https://kharitesaesthetics.com,medspa,,0
Bijou Med Spa,kimbleyquantumcollective.com,kimbleyquantumcollective111@gmail.com,kimbleyquantumcollective111@gmail.com; email-kimbleyquantumuniversity@gmail.com,yes,no_peptides,https://kimbleyquantumcollective.com,vendor,,0
"Klearmind Clinic: Ketamine & IV Hydration in Roseville, CA",klearmindclinics.com,,,yes,no_email,https://klearmindclinics.com,medspa,"semaglutide, tirzepatide, bpc-157, tb-500, thymosin beta-4, nad+",15
KMC MedSpa Park Place,kmcmedspa.com,,,yes,no_email,https://kmcmedspa.com,medspa,,0
KMP Aesthetics,kmpaesthetics.com,,,,unreachable,,,,
Gameday Men's Health Golden,koremedicine.com,,,,no_email,,vendor,,0
"Ooh La La Spa, Anti-Aging & Wellness",kristenjacobs.com,,,,no_email,,vendor,,0
"LADRU IV in Middleton, WI",ladruiv.com,nurse@ladruiv.com,nurse@ladruiv.com,yes,no_peptides,https://ladruiv.com/faq,medspa,,0
Lalai Day Spa,lalaidayspa.com,hello@lalaidayspa.com,hello@lalaidayspa.com; admin@lalaidayspa.com,yes,no_peptides,https://lalaidayspa.com,medspa,,0
Renew Vitality Testosterone Clinic,lancastergals.com,,,yes,no_email,https://lancastergals.com,medspa,,1
Dr. Hanna / La Nouvelle Medical Spa & Cosmetic Surgery,lanouvellespa.com,,,,no_email,https://lanouvellespa.com,medspa,"semaglutide, tirzepatide",9
Laser Focus,laserfocusindy.com,,,yes,no_email,https://laserfocusindy.com,medspa,,0
The Laser Loft,laserloftsalon.com,info@laserloftsalon.com,info@laserloftsalon.com,yes,no_peptides,https://laserloftsalon.com,medspa,,0
Louisville Laser Med Spa,lasermenow.com,,,yes,no_email,https://lasermenow.com,medspa,semaglutide,4
Laser Remedy,laserremedy.org,laserremedymedspa@gmail.com,laserremedymedspa@gmail.com,yes,no_peptides,https://laserremedy.org,medspa,,0
Loli Beauty,lashedbyloli.as.me,,,,no_email,https://lashedbyloli.as.me,vendor,,0
"Lavish Waists And Wellness Spa, LLC",lavishwaistsandwellnessspa.com,lavishwaists@gmail.com,lavishwaists@gmail.com,yes,no_peptides,https://lavishwaistsandwellnessspa.com,vendor,,0
LeClair Aesthetics,leclairaesthetics.com,,,,no_email,https://leclairaesthetics.com,medspa,glutathione,1
Thrive Once More,lees-summit-summit-fair.thedripbar.com,,,,no_email,,vendor,,0
"Legacy Aesthetics, LLC",legacyeyecare.com,tech@legacyeyecare.com,tech@legacyeyecare.com,yes,no_peptides,https://legacyeyecare.com,medspa,,0
Le Svelte Spa Corp,lesveltespa.com,info@lesveltespa.com,info@lesveltespa.com,yes,no_peptides,https://lesveltespa.com,vendor,,0
OUD Essence Med Spa,lhclinics.com,,,yes,no_email,https://lhclinics.com/contact-us,medspa,,0
"LIFEDRIPS.IV in Jersey City, NJ",lifedripsiv.com,,,yes,no_email,https://lifedripsiv.com,medspa,glutathione,2
LifeRestoreMD,liferestoremd.com,,,yes,no_email,https://liferestoremd.com,medspa,,1
Planted Wellness Spa,liinks.co,hello@liinks.co,hello@liinks.co; charlie@liinks.co; account@liinks.co; charlie@mail.liinks.co,,no_peptides,https://liinks.co,vendor,,0
"IV Hydration Vitamin Therapy LLC in Fort Wayne, IN",lilivyhealth.com,,,yes,no_email,https://lilivyhealth.com,medspa,nad+,6
Lima Men's Health Clinic,limamensclinic.com,,,yes,no_email,https://limamensclinic.com,medspa,,2
Limitless Health and Wellness,limitlessheatlhwellness.com,,,,unreachable,,,,
Lion's Lead Health,lionsleadhealth.com,,,,unreachable,,,,
"Liquid Love Med Spa in Port Charlotte, FL",liquidlove.simplybook.me,liquidlove20@yahoo.com,liquidlove20@yahoo.com,,no_peptides,https://liquidlove.simplybook.me,vendor,,0
Liquid Mobile IV: Phoenix Metro Clinic & Mobile (We Come to You) in Ph,liquidmobileiv.com,,,yes,no_email,https://liquidmobileiv.com,medspa,"bpc-157, tb-500, thymosin beta-4, nad+, sermorelin, ghk-cu",11
"Liquid Soul Hydration & Wellness in Simpsonville, SC",liquidsoulhydration.com,info@liquidsoulhydration.com,info@liquidsoulhydration.com,yes,no_peptides,https://liquidsoulhydration.com,medspa,,0
"Liquid Vitamin Mobile IV in Brownsville, TX",liquidvitaminiv.com,,,,unreachable,,,,
Liquid Wellness & IV: Overland Park College & Metcalf Clinic & Mobile,liquidwellnessiv.com,,,yes,no_email,https://liquidwellnessiv.com,medspa,"nad+, glutathione",4
Little Rock Day Spa and Lash Bar,littlerockdayspa.com,littlerockdayspa@gmail.com,littlerockdayspa@gmail.com,yes,no_peptides,https://littlerockdayspa.com,vendor,,0
ELMNTL,liveelmntl.com,,,,unreachable,,,,
LiveForeverHealth Connecticut,liveforeverlab.com,,,,no_email,https://liveforeverlab.com,vendor,,0
"Live Healthy Hydrate in Cincinnati, OH",livehealthyhydrate.com,,,yes,no_email,https://livehealthyhydrate.com,medspa,"semaglutide, tirzepatide, nad+, sermorelin, glutathione",7
LIVE Hydration Spa Franchise,livehydrationspafranchise.com,,,yes,no_email,https://livehydrationspafranchise.com,vendor,,0
Live Laser Med Spa,livelasermedspa.com,,,yes,no_email,https://livelasermedspa.com,medspa,,0
Live Life Better Clinic,livelifebetterclinic.com,,,,no_email,https://livelifebetterclinic.com,vendor,,0
LiveWell Clinic,livewellchattanooga.com,,,,unreachable,,,,
Bloom,livewellmd.net,,,,no_email,https://livewellmd.net,medspa,,0
Kaya Medical Aesthetics,livewellmedicine.com,info@livewellmedicine.com,info@livewellmedicine.com; mailtoinfo@livewellmedicine.com,yes,no_peptides,https://livewellmedicine.com,medspa,,0
"LIV Home Infusions in Harrison, NY",livhomeinfusions.com,,,,no_email,https://livhomeinfusions.com,medspa,"tirzepatide, bpc-157, tb-500, nad+, sermorelin, tesamorelin",18
"Livity Wellness in Miami, FL",livitywellnessfl.com,,,yes,no_email,https://livitywellnessfl.com,medspa,"nad+, glutathione",3
Liz Clouse RN CPSN,lizclouse.com,liz.clouse@gmail.com,liz.clouse@gmail.com,yes,no_peptides,https://lizclouse.com/pages/contact,medspa,,0
"LIVE Hydration Spa Frisco in Frisco, TX",locations.livehydrationspa.com,compliance@livehydrationspa.com,compliance@livehydrationspa.com,yes,already known,https://locations.livehydrationspa.com,medspa,,1
Massage Envy,locations.massageenvy.com,,,,no_email,https://locations.massageenvy.com,medspa,,0
the loftMD,loftmdbaltimore.com,,,yes,no_email,https://loftmdbaltimore.com,medspa,,0
"The DRIPBaR Long Island Commack in Commack, NY",long-island.thedripbar.com,,,,no_email,,vendor,,0
"Longevity Aesthetics, PLLC",longevitybyk.com,,,,unreachable,,,,
Longevity Care Clinic,longevitycareclinic.com,,,,no_email,https://longevitycareclinic.com,vendor,,0
The Spa at Fort Lauderdale Marriott Harbor Beach,longvillewellness.info,drleonie@longvillewellness.info,drleonie@longvillewellness.info; u003edrleonie@longvillewellness.info,yes,no_peptides,https://longvillewellness.info,medspa,,0
Look Great MD Center,lookgreatmd.com,,,,no_email,,vendor,,0
"Look Lab Med Spa in Clayton, MO",looklab.com,,,yes,no_email,https://looklab.com,medspa,semaglutide,1
Kingsberg Medical Clinic,los-angeles.kingsbergmedical.com,info@kingsbergmedical.com,info@kingsbergmedical.com,yes,already known,https://los-angeles.kingsbergmedical.com,medspa,"ipamorelin, sermorelin",4
"LOURE Aesthetics & Wellness®️ in Waunakee, WI",loureaesthetics.com,loureaesthetics@yahoo.com,loureaesthetics@yahoo.com,yes,already known,https://loureaesthetics.com,medspa,"semaglutide, tirzepatide",12
"LouWellSpa in Louisville, KY",louwellspa.com,,,yes,no_email,https://louwellspa.com,medspa,glutathione,8
LoveJoy Hormone Clinic of Payson Arizona,lovejoyclinic.com,,,,no_email,,vendor,,0
Aqua Vitae,lowcountrymale.com,,,yes,no_email,https://lowcountrymale.com,medspa,"semaglutide, tirzepatide, nad+, sermorelin",15
Low T Center,lowtcenter.com,,,yes,no_email,https://lowtcenter.com,medspa,"semaglutide, tirzepatide, nad+, sermorelin, pt-141",15
LowTdoc,lowtdoc.com,,,yes,no_email,https://lowtdoc.com,medspa,,1
Low T Medical Clinic,lowtmedicalclinic.com,support@lowtmedicalclinic.com,support@lowtmedicalclinic.com,,no_peptides,https://lowtmedicalclinic.com,medspa,,0
Advanced Age Management,lowtohio.com,,,yes,no_email,https://lowtohio.com,medspa,GLP-1 weight loss peptides,7
Luminaire Skin and Wellness,luminaireskin.com,info@luminaireskin.com,info@luminaireskin.com; hello@luminaireskin.com,yes,no_peptides,https://luminaireskin.com,vendor,,0
Luminate Clinic,luminateclinic.com,,,yes,no_email,https://luminateclinic.com,medspa,,2
Luminescence MedSpa,luminescencemedspa.com,luminescencemedspa@gmail.com,luminescencemedspa@gmail.com,yes,no_peptides,https://luminescencemedspa.com,medspa,,0
"Luminess Lounge in Spokane Valley, WA",luminesslounge.com,,,,unreachable,,,,
Luna Massage And Wellness,lunamassageandwellness.com,,,,unreachable,,,,
Lunar Day Spa,lunardayspa.glossgenius.com,,,yes,no_email,https://lunardayspa.glossgenius.com,vendor,,0
LushLuxe Aesthetics,lushluxeaesthetics.com,,,,unreachable,,,,
Luxe & Luna Boutique Spa,luxeandlunanashville.com,,,yes,no_email,https://luxeandlunanashville.com,medspa,,0
LUXE Beauty Bar & Spa,luxebodysculpts.com,,,,unreachable,,,,
Luxe by Lauren,luxebylaurenrn.com,,,yes,no_email,https://luxebylaurenrn.com,medspa,GLP-1 weight loss peptides,2
Luxe Hydration Spa,luxehydrationspa.com,,,,no_email,https://luxehydrationspa.com,medspa,,0
"Luxe Level Aesthetics in Darien, CT",luxelevelaesthetics.com,info@luxelevelaesthetics.com,info@luxelevelaesthetics.com,,no_us_signal,https://luxelevelaesthetics.com,vendor,"nad+, dsip, kpv",5
Moxi,luxerejuvena.com,,,,unreachable,,,,
LUXE SZN BEAUTY BAR,luxesznbb.com,,,,unreachable,,,,
"LUX Wellness CA: IV Drip Sacramento in Sacramento, CA",luxwellnessca.com,luxwellnessca@gmail.com,luxwellnessca@gmail.com,yes,already known,https://luxwellnessca.com,medspa,"nad+, glutathione",5
"M~Esthetics Wellness, Weight Loss & IV Hydration in Springfield, OH",m-esthetics.org,,,yes,no_email,https://m-esthetics.org,medspa,"nad+, tesamorelin, glutathione",8
M Aesthetics,maestheticsbeauty.com,maesthetics414@gmail.com,maesthetics414@gmail.com,yes,already known,https://maestheticsbeauty.com,medspa,"semaglutide, tirzepatide",3
My Aesthetics Intelligence,maifaceskin.com,,,yes,no_email,https://maifaceskin.com,medspa,"nad+, glutathione, semaglutide",5
Majestic Butterfly,majesticbutterflysalon.com,,,,no_email,,vendor,,0
OsteoStrong,makimedspandwellness.com,,,yes,no_email,https://makimedspandwellness.com,medspa,,1
"Dr. Matthew Wosnitzer, M.D.",malereproduction.org,info@malereproduction.org,info@malereproduction.org,yes,no_peptides,https://malereproduction.org,medspa,,0
Man UP Testosterone Clinic,manup-testosterone.com,,,yes,no_email,https://manup-testosterone.com,medspa,sermorelin,4
Marta O'Connor Skincare Studio,martaoconnor.com,marta@martaoconnor.com,marta@martaoconnor.com,yes,no_peptides,https://martaoconnor.com,medspa,,0
Massage Bliss Medical Spa,massageblissvb.com,,,yes,no_email,https://massageblissvb.com,medspa,,0
MASSAGE BY JUSTINA,massagebook.com,,,,no_email,https://massagebook.com,medspa,,0
Massage Nirvana Day and Medi Spa,massagenirvana.com,management@massagenirvana.com,management@massagenirvana.com,yes,no_peptides,https://massagenirvana.com,medspa,,0
Massage Studio of Kansas City,massagestudiokc.com,info@massagestudiokc.com,info@massagestudiokc.com,yes,no_peptides,https://massagestudiokc.com,vendor,,0
Maui Beauty Lab,mauibeautylab.com,,,,unreachable,,,,
MD Claiborne Dermatology: Uptown New Orleans,mdclaiborne.com,,,yes,no_email,https://mdclaiborne.com,medspa,"semaglutide, tirzepatide",9
Modern Dermatology,mdinseattle.com,,,,no_email,https://mdinseattle.com,vendor,,0
MD Laser and Med Spa,mdlaserspa.us,,,,no_email,https://mdlaserspa.us,vendor,,0
Mercy Medical Center Medispa,mdmercy.com,,,yes,no_email,https://mdmercy.com,medspa,,0
Medivee & Live Well Aesthetics,med-ivee.com,,,yes,no_email,https://med-ivee.com,medspa,"nad+, glutathione",4
Medical Aesthetics of Virginia,medaestheticsva.com,admin@medaestheticsva.com,admin@medaestheticsva.com,yes,no_peptides,https://medaestheticsva.com,medspa,,0
MedAndSpa,medandspa.com,,,,no_email,,vendor,,0
MedEstheticsRX,medestheticsrx.com,info@medestheticsrx.com,info@medestheticsrx.com,yes,no_peptides,https://medestheticsrx.com,medspa,,0
Medical Aesthetics of Menlo Park,medicalaesthetics.org,info@medicalaesthetics.org,info@medicalaesthetics.org,yes,no_peptides,https://medicalaesthetics.org,medspa,,0
Medical Aesthetics And Lasers,medicalaestheticsandlasers.com,,,,no_email,,vendor,,0
Milton Medical Aesthetics,medicalaestheticsma.com,,,yes,no_email,https://medicalaestheticsma.com,medspa,GLP-1 weight loss peptides,4
Medical Aesthetics on Tremont,medicalaestheticsontremont.com,,,yes,no_email,https://medicalaestheticsontremont.com,medspa,semaglutide,6
Medical Skin Aesthetics,medicalskinaesthetics.com,medicalskin@gmail.com,medicalskin@gmail.com,yes,no_peptides,https://medicalskinaesthetics.com,medspa,,0
Medical Skin Care,medicalskincarecasper.com,msccasper@gmail.com,msccasper@gmail.com,yes,no_peptides,https://medicalskincarecasper.com,medspa,,0
The Medical Spa,medicalspagaston.com,,,yes,no_email,https://medicalspagaston.com,medspa,GLP-1 weight loss peptides,3
Medical Spa NP,medicalspanp.com,,,yes,no_email,https://medicalspanp.com,medspa,GLP-1 weight loss peptides,4
Medical Spa of Baton Rouge,medicalspaofbatonrougela.hibuwebsites.com,,,,unreachable,,,,
Medical Weight Loss and Beauty,medicalweightlossbeauty.com,,,yes,no_email,https://medicalweightlossbeauty.com,medspa,"semaglutide, tirzepatide",6
Mindful Medicine and Wellness MD,medicineandwellnessmd.com,drgirson@medicineandwellnessmd.com,drgirson@medicineandwellnessmd.com,yes,no_peptides,https://medicineandwellnessmd.com,medspa,,0
Medicis Medical Spa,medicismedicalspa.com,,,yes,no_email,https://medicismedicalspa.com,medspa,,0
MEDICTECH SPA,medictechspa.com,,,yes,no_email,https://medictechspa.com,medspa,,0
"MediFresh in Harrisburg, PA",medifreshmedspa.com,impallari@gmail.com,impallari@gmail.com,yes,no_peptides,https://medifreshmedspa.com/faq,medspa,,0
Medi Pedi Indy,medipediindy.com,,,,no_email,https://medipediindy.com,medspa,,0
Medispa Charlotte,medispacharlotte.com,,,,unreachable,,,,
Medizen Medspa,medizenmedspa-edc0321a2445368.webflow.io,,,yes,no_email,https://medizenmedspa-edc0321a2445368.webflow.io,medspa,GLP-1 weight loss peptides,2
Medical Rejuvenation,medjuv.com,,,,no_email,,vendor,,0
Medical Skin Boutique,medskinboutique.com,contact@medskinboutique.com,contact@medskinboutique.com,yes,no_peptides,https://medskinboutique.com,medspa,,0
Our Creations Med Spa,medspa-sanantonio.com,,,yes,no_email,https://medspa-sanantonio.com,medspa,,0
Medspa 1661,medspa1661.com,,,yes,no_email,https://medspa1661.com,medspa,,0
Medspa810 Burlington,medspa810.com,,,,no_email,https://medspa810.com,medspa,semaglutide,3
Asian Massage Spa,medspaalbuquerque.com,,,yes,no_email,https://medspaalbuquerque.com,medspa,"semaglutide, tirzepatide",4
Serenity Mind and Body Solutions,medspaandwellnesscliniclakelandfl.com,,,yes,no_email,https://medspaandwellnesscliniclakelandfl.com,medspa,"sermorelin, glutathione",3
Medspa California,medspacalifornia.zoca.com,,,yes,no_email,https://medspacalifornia.zoca.com,medspa,glutathione,3
Med Spa Jobs,medspajobs.com,,,,no_email,,vendor,,0
MedSpa810,medspamango.com,,,yes,no_email,https://medspamango.com,medspa,semaglutide,1
North Idaho Med Spa,medspanorthidaho.com,,,,unreachable,,,,
Medspa of Austin,medspaofaustin.com,,,,unreachable,,,,
"MedSpa of Chattanooga in Chattanooga, TN",medspaofchattanooga.com,icare@medspaofchattanooga.com,icare@medspaofchattanooga.com,,no_peptides,https://medspaofchattanooga.com,medspa,,0
Medspa of San Francisco,medspaofsanfrancisco.com,,,,unreachable,,,,
MedSpa Pittsburgh,medspapgh.com,,,,no_email,,vendor,,0
MedSpa VIP,medspavip.com,,,,no_email,https://medspavip.com,vendor,,0
Med Therapy & Spa Inc. Botox/ Fillers/ Weight Loss/ Laser Hair Removal,medtherapyspa.com,,,,unreachable,,,,
Medworks Aesthetics,medworksaesthetics.com,,,yes,no_email,https://medworksaesthetics.com,medspa,,0
"Mega IV Therapy Brea in Brea, CA",megawellnessclinic.com,megawellnessclinic@gmail.com,megawellnessclinic@gmail.com; megawellnessclinicbp@gmail.com; megawellnessdb@gmail.com; mwckoreatown@gmail.com,yes,already known,https://megawellnessclinic.com,medspa,"tirzepatide, bpc-157, nad+, glutathione",7
MegMed Aesthetics Oxford,megmedaesthetics.com,,,,no_email,https://megmedaesthetics.com,medspa,,0
Meliora MedSpa,melioramedspa.com,melioramedspa@gmail.com,melioramedspa@gmail.com,yes,no_peptides,https://melioramedspa.com,medspa,,0
Melissa Med Spa,melissamedspa.clinic,,,,unreachable,,,,
Melrose Aesthetics,melroseaesthetics.com,info@melroseaesthetics.com,info@melroseaesthetics.com,yes,no_peptides,https://melroseaesthetics.com,medspa,,0
Charmed Beauty Bar,meltcheyenne.com,,,,no_email,,vendor,,0
Menon Medispa & Wellness,menonmedispa.com,,,yes,no_email,https://menonmedispa.com,medspa,"semaglutide, nad+",5
Men's Clinic Center,menscliniccenter.com,,,yes,no_email,https://menscliniccenter.com,medspa,,2
Men's Clinic,mensclinicorlando.com,,,,no_email,,vendor,,0
Men's Health Chicago,menshealthchicago.com,,,yes,no_email,https://menshealthchicago.com,medspa,,2
Men's Health Express LLC,menshealthexpress.com,,,,no_email,,vendor,,0
Meraki Medical Spa,merakimedicalspa.com,info@merakimedicalspa.com,info@merakimedicalspa.com,yes,no_peptides,https://merakimedicalspa.com,medspa,,0
Meraki Med Miami,merakimedmiami.com,info@merakimedmiami.com,info@merakimedmiami.com,yes,no_peptides,https://merakimedmiami.com,medspa,,0
Meraki Wellness and Med Spa,merakimedspafl.com,,,yes,no_email,https://merakimedspafl.com,medspa,,0
MeSO Medspa Newport Beach,mesospa.com,,,yes,no_email,https://mesospa.com,medspa,,0
Metairie Med Spa,metairiemedspa.net,,,,no_email,https://metairiemedspa.net,medspa,,1
Metamorphosis Massage Missoula,metamorphosismassagemissoula.com,hufftone@gmail.com,hufftone@gmail.com,yes,no_peptides,https://metamorphosismassagemissoula.com,vendor,,0
"Method Functional Medicine: Peptides, Testosterone Therapy, Root Cause",methodfm.com,,,yes,no_email,https://methodfm.com,medspa,"bpc-157, tb-500, thymosin beta-4, thymosin alpha-1, nad+, ipamorelin",20
Metropolitan Med Spa,metmedspa.com,,,,no_email,https://metmedspa.com,medspa,,0
Metro Laser CoolSculpting MedSpa Philadelphia,metrolaserphilly.com,,,,no_email,,vendor,,0
Metro Medspa,metromedspa.com,,,yes,no_email,https://metromedspa.com,medspa,GLP-1 weight loss peptides,3
Metropolis Dermatology,metropolisdermatology.com,,,yes,no_email,https://metropolisdermatology.com,medspa,,0
Metropolitan Med Spa,metropolitanmedspa.com,info@metropolitanmedspa.com,info@metropolitanmedspa.com,yes,no_peptides,https://metropolitanmedspa.com,medspa,,0
Metropolitan Skin Clinic,metropolitanskinclinic.com,,,yes,no_email,https://metropolitanskinclinic.com,medspa,,0
Laser Derm Medispa,mhmedicalaesthetics.com,,,,unreachable,,,,
Mia Aesthetics Austin,miaaesthetics.com,info@miaaesthetics.com,info@miaaesthetics.com; lena@miaaesthetics.com; lia@miaaesthetics.com,,no_us_signal,https://miaaesthetics.com,medspa,GLP-1 weight loss peptides,4
"Mia Esthetics in Bridgeport, CT",miaestheticsspa.com,,,yes,no_email,https://miaestheticsspa.com,medspa,"semaglutide, tirzepatide, nad+",4
Mia Medical Spa,miamedicalspa.com,,,,unreachable,,,,
Miami Aesthetic,miamiaesthetic.com,,,yes,no_email,https://miamiaesthetic.com,medspa,,0
Miami Aesthetic Institute,miamiaestheticinstitute.com,miamiaestheticinstitute@gmail.com,miamiaestheticinstitute@gmail.com,yes,already known,https://miamiaestheticinstitute.com,medspa,nad+,4
Miami Skin & Vein,miamiskinandvein.com,,,yes,no_email,https://miamiskinandvein.com,medspa,,0
MI Body Contours and Cosmetics MedSpa,mibodycontour.com,,,yes,no_email,https://mibodycontour.com,medspa,,0
Michelle Aesthetics,michelle-aesthetics.square.site,,,,no_email,,vendor,,0
Michigan Advanced Aesthetics,michiganadvancedaesthetics.com,laura@michiganadvancedaesthetics.com,laura@michiganadvancedaesthetics.com,yes,no_peptides,https://michiganadvancedaesthetics.com,medspa,,0
Michigan Center for Cosmetic Services,michigancenterforcosmeticservices.com,,,yes,no_email,https://michigancenterforcosmeticservices.com,medspa,,0
Michigan Med Spa,michiganmedspa.com,,,yes,no_email,https://michiganmedspa.com,medspa,,0
MidAmerica Medical Spa,midamericaplasticsurgery.com,,,yes,no_email,https://midamericaplasticsurgery.com,medspa,"tirzepatide, nad+, glutathione, semaglutide",13
Mid City Med Aesthetics,midcitymedspa.com,info@midcitymedspa.com,info@midcitymedspa.com,yes,no_peptides,https://midcitymedspa.com,medspa,,0
Midnight Rose Spa,midnightrosespa.com,,,,unreachable,,,,
MOBO Med Spa,midohiovalley.mobomedspa.com,,,yes,no_email,https://midohiovalley.mobomedspa.com,medspa,GLP-1 weight loss peptides,8
Midtowne Wellness and Aesthetics,midtownewellnessaesthetics.com,,,yes,no_email,https://midtownewellnessaesthetics.com,medspa,,1
Midwest Anti-Aging and Med Spa,midwest-antiaging.com,midwestmedspa@gmail.com,midwestmedspa@gmail.com; %20midwestmedspa@gmail.com,yes,already known,https://midwest-antiaging.com,medspa,"semaglutide, tirzepatide",8
"Midwest Aesthetics Nurse Cindy, LLC",midwestaestheticsnursecindy.com,midwestaestheticsnursecindy@gmail.com,midwestaestheticsnursecindy@gmail.com; strivewellness@hotmail.com; erinleshen@gmail.com,yes,already known,https://midwestaestheticsnursecindy.com,medspa,"semaglutide, tirzepatide",7
Midwest MedSpa,midwestmedspaiowa.com,,,,no_email,,vendor,,0
Mila Beauty Injections,milabeautyinjections.com,info@milabeautyinjections.com,info@milabeautyinjections.com,yes,no_peptides,https://milabeautyinjections.com,medspa,,0
Milc Med Spa,milcmedspa.com,,,yes,no_email,https://milcmedspa.com,medspa,,0
Milford Med Spa,milfordmedspa.com,,,yes,no_email,https://milfordmedspa.com,medspa,"semaglutide, tirzepatide, nad+, glutathione",8
Miliv Med Spa & Facials,milivmed-spa.com,milivmedspa@gmail.com,milivmedspa@gmail.com,yes,no_peptides,https://milivmed-spa.com,medspa,,0
milk + honey,milkandhoneyspa.com,reservations@milkandhoneyspa.com,reservations@milkandhoneyspa.com,yes,no_peptides,https://milkandhoneyspa.com,medspa,,0
Mille Aesthetics,milleaesthetics.com,,,,no_email,https://milleaesthetics.com,medspa,,0
Millennium Medical & Spa Suites,millmedspa.com,info@millmedspa.com,info@millmedspa.com,yes,no_peptides,https://millmedspa.com,medspa,,0
"Mind and Body Infusions & Wellness in Overland Park, KS",mindandbodyinfusions.com,,,yes,no_email,https://mindandbodyinfusions.com,medspa,"bpc-157, tb-500, thymosin beta-4, thymosin alpha-1, ipamorelin, sermorelin",24
Mind & Body Renew Medical Spa and Psychiatry,mindandbodyrenew.com,charisse@mindandbodyrenew.com,charisse@mindandbodyrenew.com,,no_peptides,https://mindandbodyrenew.com,medspa,,0
Mint & Needle Medical Aesthetics,mintandneedle.com,,,yes,no_email,https://mintandneedle.com,medspa,"semaglutide, glutathione",6
Mint and Thyme,mintandthyme.com,admin@mintandthyme.com,admin@mintandthyme.com,yes,no_peptides,https://mintandthyme.com,medspa,,0
Mint Beauty & Wellness,mintbeautyandwellness.com,beyouthfulllc@gmail.com,beyouthfulllc@gmail.com; thebeautyelixirllc@gmail.com; riopelle04@gmail.com; jennw4868@gmail.com; mintbeautyandwellness@gmail.com; refinedbeauty.bydelaney@gmail.com,,no_peptides,https://mintbeautyandwellness.com,vendor,,0
MIORA Performance and Longevity,miora.lifetime.life,,,yes,no_email,https://miora.lifetime.life,medspa,"semaglutide, tirzepatide, sermorelin",9
The Miracle Wellness Center-Baton Rouge,miraclecenterbr.com,beewell@miraclecenterbr.com,beewell@miraclecenterbr.com,yes,no_peptides,https://miraclecenterbr.com,medspa,,0
MiracleFace MedSpa,miraclefacemedspanyc.com,info@miraclefacemedspanyc.com,info@miraclefacemedspanyc.com,yes,no_peptides,https://miraclefacemedspanyc.com,medspa,,0
Miracle Laser Clinic,miraclelasercenter.com,,,,no_email,https://miraclelasercenter.com,vendor,,0
Miraculous Health & Wellness,miraculoushealthlutz.zoca.com,,,,unreachable,,,,
Mirage Wellness Center & Medspa,miragewellnessnm.com,hello@miragewellnessnm.com,hello@miragewellnessnm.com,,no_peptides,https://miragewellnessnm.com,medspa,,0
Mira Med Spa,miramedspa.com,,,yes,no_email,https://miramedspa.com,medspa,"semaglutide, tirzepatide, glutathione",7
Miriam Medical & Med Spa,miriammed.com,miriammedicalclinic1926@gmail.com,miriammedicalclinic1926@gmail.com,yes,already known,https://miriammed.com,medspa,GLP-1 weight loss peptides,3
MirrorCo Medical Spa Cupertino,mirrorandco.com,info@mirrorandco.com,info@mirrorandco.com,yes,no_peptides,https://mirrorandco.com,medspa,,0
Misarang Beauty & M Clinic,misarangbeauty.com,,,,no_email,,vendor,,0
Misk Med Spa & Wellness,miskmedspa.com,,,,unreachable,,,,
"Dr. Ken Takesita, MD",missionurology.com,,,yes,no_email,https://missionurology.com,medspa,,0
THE GOOD FACE,missoulawellnessmt.com,,,yes,no_email,https://missoulawellnessmt.com,medspa,"nad+, glutathione",4
Misty Med Spa & Skin Rx,mistymedspa.com,info@mistymedspa.com,info@mistymedspa.com,yes,no_peptides,https://mistymedspa.com,medspa,,0
MIYA Aesthetics & Wellness,miyaaw.com,contact@miyaaw.com,contact@miyaaw.com; bill@miyaaw.com,yes,no_peptides,https://miyaaw.com,medspa,,0
Minnesota Brow Lash & Medspa Academy,mnbrowlashacademy.com,info@mnbrowlashacademy.com,info@mnbrowlashacademy.com; mnbrowlashacademy@gmail.com,yes,no_peptides,https://mnbrowlashacademy.com,medspa,,0
"Las Vegas Mobile IV Therapy in Las Vegas, NV",mobileivtherapylasvegas.com,vegasmobileiv@gmail.com,vegasmobileiv@gmail.com,yes,already known,https://mobileivtherapylasvegas.com,medspa,"semaglutide, tirzepatide, liraglutide, bpc-157, tb-500, nad+",29
"Revive Drip in Gig Harbor, WA",mobilerevivedrip.com,,,,unreachable,,,,
Modern Beauty Aesthetics and Wellness,modern-beautyaesthetics.com,modernbeautynurse@gmail.com,modernbeautynurse@gmail.com; ccqwilson@gmail.com,yes,no_peptides,https://modern-beautyaesthetics.com,medspa,,0
Modern Aesthetica,modernaesthetica.com,,,,no_email,,vendor,,0
MODERN AESTHETICS HAWAII,modernaestheticshawaii.com,paula@modernaestheticshawaii.com,paula@modernaestheticshawaii.com,,no_peptides,https://modernaestheticshawaii.com,medspa,,0
Modern Aesthetics Medical Spa,modernaestheticsmed.com,info@modernaestheticsmed.com,info@modernaestheticsmed.com,yes,no_peptides,https://modernaestheticsmed.com,medspa,,0
Modern Aesthetics + Skin Medical Spa,modernaestheticsskin.com,,,yes,no_email,https://modernaestheticsskin.com,medspa,,0
Moderna Laser & Med Spa,modernalaser.com,,,,no_email,,vendor,,0
Modern Beauty Medspa,modernbeautymedspa.net,impallari@gmail.com,impallari@gmail.com; modernbeauty600@gmail.com,yes,already known,https://modernbeautymedspa.net,medspa,"semaglutide, glutathione",3
Moderne Medical Aesthetics,modernemedical.com,,,,unreachable,,,,
Modern Med Centers,modernmedcenters.com,modernmedcenters@gmail.com,modernmedcenters@gmail.com,yes,already known,https://modernmedcenters.com/contact,medspa,,1
Modern Medical Aesthetics St. Petersburg,modernmedicalfl.com,info@modernmedicalfl.com,info@modernmedicalfl.com,yes,no_peptides,https://modernmedicalfl.com,medspa,,0
Modern Medical Spa,modernmedicalspa.com,,,,unreachable,,,,
Modern Med Spa,modernmedspala.com,,,,no_email,https://modernmedspala.com,medspa,,0
Modern Med Spa,modernmedspautah.com,,,yes,no_email,https://modernmedspautah.com,medspa,,0
Modern Med,modernmedstl.com,modernmedstl@gmail.com,modernmedstl@gmail.com,yes,already known,https://modernmedstl.com,medspa,"nad+, glutathione",7
Modern Rituals Beauty & Wellness,modernritualsmedspa.com,,,,unreachable,,,,
Modern Vitality Medical Spa,modernvitalitymedicalspa.com,contact@modernvitalitymedicalspa.com,contact@modernvitalitymedicalspa.com,yes,no_peptides,https://modernvitalitymedicalspa.com,medspa,,0
Modify MedSpa,modifymedspa.com,info@modifymedspa.com,info@modifymedspa.com,yes,no_peptides,https://modifymedspa.com,medspa,,0
MOD Skin and Body,modskinandbody.com,modskinandbodyclinic@gmail.com,modskinandbodyclinic@gmail.com; modskinandbody@gmail.com,yes,no_peptides,https://modskinandbody.com,medspa,,0
Mommy Med Spa,mommymedspa.com,,,,unreachable,,,,
Momo Aesthetics,momoaesthetics.com,momoaestheticsla@gmail.com,momoaestheticsla@gmail.com,yes,no_peptides,https://momoaesthetics.com,medspa,,0
Mon Ami Spa & Laser Center,monamispa.com,,,yes,no_email,https://monamispa.com/contact-us/,medspa,,0
Monarch Aesthetica,monarchaesthetica.com,,,yes,no_email,https://monarchaesthetica.com,medspa,,1
Monroe Aesthetics,monroe-aesthetics.com,,,yes,no_email,https://monroe-aesthetics.com,medspa,,2
Montana Medical Aesthetics Clinic,montanamedicalaesthetics.com,,,yes,no_email,https://montanamedicalaesthetics.com,medspa,,0
"The DRIPBaR Montclair in Montclair, NJ",montclair-nj.thedripbar.com,,,,no_email,,vendor,,0
More Allure Beauty Clinic,moreallure.com,,,yes,no_email,https://moreallure.com,medspa,,1
Morpheus Medical Aesthetics,morpheusmedspa.com,,,yes,no_email,https://morpheusmedspa.com,medspa,,2
Mosaic Skin Studio,mosaicskinstudio.com,hello@mosaicskinstudio.com,hello@mosaicskinstudio.com,yes,no_peptides,https://mosaicskinstudio.com,medspa,,0
Motiff Aesthetics,motiffaesthetics.com,motiffaesthetics@gmail.com,motiffaesthetics@gmail.com,yes,no_peptides,https://motiffaesthetics.com,medspa,,0
Mountain Rose Med Spa,mountainrosemedspa.com,,,yes,no_email,https://mountainrosemedspa.com,medspa,"nad+, glutathione",6
Movel Medical Aesthetics,movelmedspa.com,movelmedspa@gmail.com,movelmedspa@gmail.com,yes,no_peptides,https://movelmedspa.com,medspa,,0
Medical Procedures Center and Aesthetic Care,mpcenter.net,,,,no_email,,vendor,,0
Mr. Injectables,mrinjectablesnh.com,mrinjectables@gmail.com,mrinjectables@gmail.com,,no_us_signal,https://mrinjectablesnh.com,medspa,GLP-1 weight loss peptides,2
Michelle's SKIN CLINIC,msc-lashop.com,,,yes,no_email,https://msc-lashop.com,vendor,,0
Mississippi Medical Aesthetics,msnewyou.com,,,yes,no_email,https://msnewyou.com,medspa,,1
MS Wellness Medspa,mswellnessmedspa.com,,,,no_email,https://mswellnessmedspa.com,medspa,"nad+, glutathione",3
"The DRIPBaR Mt. Pleasant in Mount Pleasant, SC",mt-pleasant-seaside-farms.thedripbar.com,,,,no_email,,vendor,,0
Mullally Med Spa at Mullally Sports & Family Medicine,mullallymedspa.com,,,,unreachable,,,,
Muscle Lab,musclelab.la,,,yes,no_email,https://musclelab.la,medspa,"nad+, glutathione",5
Muse Aesthetics & Laser,museaestheticsandlaser.com,help@museaestheticsandlaser.com,help@museaestheticsandlaser.com,yes,no_peptides,https://museaestheticsandlaser.com,medspa,,0
Muse Aesthetics Co.,museaestheticsco.com,hello@museaestheticsco.com,hello@museaestheticsco.com,yes,no_peptides,https://museaestheticsco.com,medspa,,0
Muse Atlanta Skin Health & Aesthetics,museatl.com,hello@museatl.com,hello@museatl.com,yes,no_peptides,https://museatl.com,medspa,,0
Muse Medspa,musemedspaaustin.com,,,yes,no_email,https://musemedspaaustin.com,medspa,,0
Museo Medical Aesthetics,museosa.com,,,yes,no_email,,vendor,,0
Maximize Wellness Men's Health Clinic,mwellnessmenshealthclinic.com,wweeiihhuuaanngg@gmail.com,wweeiihhuuaanngg@gmail.com,yes,already known,https://mwellnessmenshealthclinic.com,medspa,"semaglutide, tirzepatide, sermorelin, tesamorelin",7
Renewed Health LLC,my-renewedhealth.com,info.renewedhealth@gmail.com,info.renewedhealth@gmail.com,yes,already known,https://my-renewedhealth.com,medspa,"semaglutide, tirzepatide",6
"Professional Facials & Skin Treatments in Albuquerque, NM",my-spa-day.square.site,,,,no_email,https://my-spa-day.square.site,vendor,,0
Akron General Center for Family Medicine,my.clevelandclinic.org,,,yes,no_email,https://my.clevelandclinic.org,medspa,GLP-1 weight loss peptides,2
My Aesthetic Doctor,myaestheticdoctor.com,,,,unreachable,,,,
"APEX Hormones and Wellness, LLC",myapex.clinic,,,yes,no_email,https://myapex.clinic,medspa,GLP-1 weight loss peptides,5
My Best Skin,mybestskin.us,contact@mybestskin.us,contact@mybestskin.us,,no_peptides,https://mybestskin.us,vendor,,0
MYBFF Med Spa + Social,mybffmedspa.com,,,yes,no_email,https://mybffmedspa.com,medspa,,1
BioworX Milwaukee,mybioworx.com,,,,no_email,https://mybioworx.com,medspa,"bpc-157, tb-500, nad+, selank, semax, ghk-cu",11
Bodyology Therapeutic Massage,mybodyologymassage.com,hello@mybodyologymassage.com,hello@mybodyologymassage.com,yes,no_peptides,https://mybodyologymassage.com,vendor,,0
My Botox LA,mybotoxla.com,info@mybotoxla.com,mybotoxsocial@gmail.com; info@mybotoxla.com,yes,no_peptides,https://mybotoxla.com,medspa,,0
Chapter Aesthetic Studio,mychapter.com,,,yes,no_email,https://mychapter.com,medspa,,0
"Rachel Espiritu, M.d.",mychart.summahealth.org,,,yes,no_email,https://mychart.summahealth.org,vendor,,0
Revati Wellness,myclevelanddoctor.com,,,yes,no_email,https://myclevelanddoctor.com,medspa,,2
"BioworX Knoxville in Knoxville, TN",mycryofit.com,,,,no_email,https://mycryofit.com,medspa,"bpc-157, tb-500, nad+, selank, semax, ghk-cu",13
"Elite Beauty Medical Spa in White Plains, NY",myelitebeauty.com,,,,no_email,,vendor,,0
myEvergreen MedSpa,myevergreenmedspa.com,,,yes,no_email,https://myevergreenmedspa.com,medspa,,1
Health Care Massage,myhealthcaremassage.com,,,,no_email,https://myhealthcaremassage.com,vendor,,0
Joy Wellness Partners,myhothaven.com,support@myhothaven.com,sweat@myhothaven.com; support@myhothaven.com; jenica@myhothaven.com; sean@myhothaven.com,yes,no_peptides,https://myhothaven.com,vendor,,0
MintMD MedSpa,mymintmd.com,hello@mymintmd.com,hello@mymintmd.com,yes,no_peptides,https://mymintmd.com,medspa,,0
Mynx Aesthetik Skin & Wellness,mynxaesthetik.com,,,yes,no_email,https://mynxaesthetik.com,medspa,,0
Quintessa Aesthetic Center,myquintessa.com,,,yes,no_email,https://myquintessa.com,medspa,GLP-1 weight loss peptides,5
Mysa Medical & Wellness Spa,mysamedspa.com,,,,no_email,https://mysamedspa.com,medspa,,0
Mystique Medical Spa and Wellness Center,mystiquemedicalspa.com,,,yes,no_email,https://mystiquemedicalspa.com,medspa,,0
Thrive Medical Spa,mythrivespa.com,,,,no_email,,vendor,,0
Opteluxe Wellness,myvivasol.com,,,,no_email,,vendor,,0
My Wellness Express Sea Girt,mywellnessexpress.com,,,,no_email,https://mywellnessexpress.com,medspa,,0
N2 Aesthetics Malibu,n2aesthetics.com,reception@n2aesthetics.com,reception@n2aesthetics.com,,no_peptides,https://n2aesthetics.com,medspa,,0
N4 Esthetic Clinic,n4estheticclinic.com,,,yes,no_email,https://n4estheticclinic.com,medspa,tirzepatide,4
Naked Skin by Kris,nakedskinbykris.square.site,,,,no_email,https://nakedskinbykris.square.site,vendor,,0
Nalu Skin and Body,naluskinbody.com,nalu.skincare@gmail.com,nalu.skincare@gmail.com,,no_peptides,https://naluskinbody.com,medspa,,0
"NanoTam Med Spa, Inc",nano-tam.com,info@nano-tam.com,info@nano-tam.com,yes,no_peptides,https://nano-tam.com,medspa,,0
"The DRIPBaR Naples in Naples, FL",naples.thedripbar.com,,,,no_email,,vendor,,0
Nashville Cosmetic Surgery,nashvillecosmeticsurgery.com,,,yes,no_email,https://nashvillecosmeticsurgery.com,medspa,,0
Nashville Skin Society,nashvilleskinsociety.com,nashvilleskinsociety@gmail.com,nashvilleskinsociety@gmail.com,yes,no_peptides,https://nashvilleskinsociety.com,medspa,,0
NassifMD Medspa,nassifmdmedspa.com,,,yes,no_email,https://nassifmdmedspa.com,medspa,,1
Natura Bissé x Wink Med Spa,naturabisse.com,customerservice@naturabisse.com,customerservice@naturabisse.com,yes,no_peptides,https://naturabisse.com,medspa,,0
Natural Beauty Med Spa,naturalbeautymedspa.com,samantha@naturalbeautymedspa.com,samantha@naturalbeautymedspa.com,yes,no_peptides,https://naturalbeautymedspa.com,medspa,,0
Natural Beauty Fifth Avenue,naturalbeautynyc.com,,,yes,no_email,https://naturalbeautynyc.com,medspa,GLP-1 weight loss peptides,3
Natural Body Spa,naturalbody.com,,,,unreachable,,,,
Natural Choice Med Spa,naturalchoicemedspa.com,naturalchoicenp@gmail.com,naturalchoicenp@gmail.com,yes,already known,https://naturalchoicemedspa.com,medspa,glutathione,2
Natural Glamorous Medspa,naturalglamorous.com,,,yes,no_email,https://naturalglamorous.com,medspa,,0
Naturally Beautiful Aesthetics,naturallybeautifulaesthetics.com,jessica@naturallybeautifulaesthetics.com,impallari@gmail.com; jessica@naturallybeautifulaesthetics.com,yes,no_peptides,https://naturallybeautifulaesthetics.com/faq,medspa,,0
Naturally You Aesthetics Medical Spa,naturallyyoumichigan.com,contact@naturallyyoumichigan.com,contact@naturallyyoumichigan.com,yes,no_peptides,https://naturallyyoumichigan.com,medspa,,0
Nava Health & Vitality Center,navacenter.com,,,yes,no_email,https://navacenter.com,medspa,"semaglutide, tirzepatide, bpc-157, tb-500, thymosin alpha-1, ipamorelin",31
NAVA Med Spa,navaomaha.com,,,yes,no_email,https://navaomaha.com,medspa,GLP-1 weight loss peptides,7
Nectar Aesthetics® Med Spa,nectaraesthetics.com,,,yes,no_email,https://nectaraesthetics.com,medspa,,0
Neem Medical Spa,neemmedicalspa.com,,,,no_email,https://neemmedicalspa.com,medspa,GLP-1 weight loss peptides,2
NEOS Med Spa Tempe,neosmedspa.com,info@neosmedspa.com,info@neosmedspa.com,yes,no_peptides,https://neosmedspa.com/contact,medspa,,0
Nepenthe Wellness Center,nepenthewellness.com,,,,no_email,,vendor,,0
Neroli Med Spa & Beauty Lounge,neroli-spa.com,,,,no_email,,vendor,,0
Neva Face & Body,nevadayspas.com,relax@nevadayspas.com,relax@nevadayspas.com,yes,no_peptides,https://nevadayspas.com,vendor,,0
Revitalize Medspa,new-braunfels.thedripbar.com,,,,no_email,,vendor,,0
"Kristin Black, MD",newdaywell.com,,,yes,no_email,https://newdaywell.com,medspa,,1
NE Wellness + SweatWorks Studio,newellnessmpls.com,info@newellnessmpls.com,info@newellnessmpls.com; hello@newellnessmpls.com; northeastwellnessnd@gmail.com,yes,no_peptides,https://newellnessmpls.com,medspa,,0
New England Medical Group,newenglandmedgroup.com,,,,unreachable,,,,
New Health Kansas,newhealthkansas.com,,,yes,no_email,https://newhealthkansas.com,medspa,semaglutide,8
New Image Aesthetics,newimageaesthetics.net,,,,no_email,,vendor,,0
New Image Med Spa,newimagemedspaaz.com,,,yes,no_email,https://newimagemedspaaz.com,medspa,,0
New Image Medical Spa,newimagemedspafremont.com,newimagemedicalspa@gmail.com,newimagemedicalspa@gmail.com,yes,no_peptides,https://newimagemedspafremont.com,medspa,,0
New Life Aesthetics,newlifeaesthetics.com,,,yes,no_email,https://newlifeaesthetics.com,medspa,,0
"New Life Transformation Center in Tucson, AZ",newlifetransformationcenter.com,impallari@gmail.com,impallari@gmail.com,,no_us_signal,https://newlifetransformationcenter.com/contact-us,medspa,,1
New Medical Spa,newmedicalspausa.com,,,yes,no_email,https://newmedicalspausa.com,medspa,GLP-1 weight loss peptides,3
Newport Medical Aesthetics,newportmedicalaesthetics.com,newportmedicalaesthetics@gmail.com,newportmedicalaesthetics@gmail.com,yes,already known,https://newportmedicalaesthetics.com,medspa,GLP-1 weight loss peptides,3
Newskinla,newskin-la.com,info@newskin-la.com,info@newskin-la.com; newskinlaskincare@gmail.com,yes,no_peptides,https://newskin-la.com,medspa,,0
Newton Medical Aesthetics,newtonmedspa.com,,,yes,no_email,https://newtonmedspa.com,medspa,,0
New U Natural Beauty,newulasvegas.com,newunaturalbeauty@gmail.com,newunaturalbeauty@gmail.com,yes,no_peptides,https://newulasvegas.com,medspa,,0
New U Med Spa,newumedspaorlando.com,,,,no_email,,vendor,,0
New York TRT,newyorktrt.com,,,yes,no_email,https://newyorktrt.com,vendor,GLP-1 weight loss peptides,9
Body For Life,nexgenhnw.com,nexgenhealthclinic@gmail.com,nexgenhealthclinic@gmail.com,yes,already known,https://nexgenhnw.com,medspa,"semaglutide, tirzepatide, retatrutide, nad+",14
New Hampshire Regenerative Center,nhregenerativecenter.com,,,,no_email,,vendor,,0
Nia Aesthetics MD,niaaestheticsmd.com,,,yes,no_email,https://niaaestheticsmd.com,medspa,"semaglutide, kpv",3
NicholsMD of Fairfield,nicholsmdfairfield.com,,,yes,no_email,https://nicholsmdfairfield.com,medspa,,1
NIMA Institute and Spa,nima.edu,,,yes,no_email,https://nima.edu,medspa,GLP-1 weight loss peptides,2
NIMS Medspa,nimsmedspa.com,,,yes,no_email,https://nimsmedspa.com,medspa,semaglutide,4
Nine Medical Aesthetics,ninemedicalaesthetics.com,info@ninemedicalaesthetics.com,info@ninemedicalaesthetics.com,yes,no_peptides,https://ninemedicalaesthetics.com,medspa,,0
Nirvana Med Spa,nirvana-medspa.com,,,,unreachable,,,,
Medspa Nirvana by Noel,nirvanabynoel.com,,,,no_email,,vendor,,0
Nirvana Wellness Med Spa & Beauty,nirvanawellnessmedspa.com,,,yes,no_email,https://nirvanawellnessmedspa.com,medspa,,0
"NJ Mobile IV in Florham Park, NJ",njmobileiv.com,,,,no_email,,vendor,,0
NKC Aesthetics,nkcaesthetics.com,info@nkcaesthetics.com,nkcaesthetics@gmail.com; info@nkcaesthetics.com,yes,no_peptides,https://nkcaesthetics.com,medspa,,0
No Filter Brazilian MedSpa,nofilterbrazilianmedspa.com,contact@nofilterbrazilianmedspa.com,contact@nofilterbrazilianmedspa.com,yes,no_peptides,https://nofilterbrazilianmedspa.com,medspa,,0
No Filter Medical Aesthetics and Wellness Inc.,nofiltercedarvalley.com,,,yes,no_email,https://nofiltercedarvalley.com/contact-us,medspa,,0
No Filter Medical Spa,nofiltermedspa.com,,,,no_email,,vendor,,0
Noir Medical Aesthetics,noirmedicalaesthetics.com,injected@noirmedicalaesthetics.com,injected@noirmedicalaesthetics.com,yes,no_peptides,https://noirmedicalaesthetics.com,medspa,,0
Nona Med Spa,nonamedspa.com,,,yes,no_email,https://nonamedspa.com,medspa,GLP-1 weight loss peptides,2
Noor Medical Spa,noorlasercenter.com,,,yes,no_email,https://noorlasercenter.com,medspa,"semaglutide, tirzepatide",6
No Pain All Gain Med Spa,nopainallgainspa.com,contact@nopainallgainspa.com,contact@nopainallgainspa.com,,no_us_signal,https://nopainallgainspa.com,medspa,"nad+, glutathione",3
North Bay Aesthetics,northbay.co,,,yes,no_email,https://northbay.co,medspa,,0
Medical Aesthetics of North Dallas,northdallasmedspa.com,,,yes,no_email,https://northdallasmedspa.com,medspa,semaglutide,3
Northern Grace Medical Spa,northerngracemedicalspa.com,,,,no_email,https://northerngracemedicalspa.com,medspa,,0
Northern Wyoming Wellness + Aesthetics,northernwyomingwellnessaesthetics.com,,,,no_email,https://northernwyomingwellnessaesthetics.com,vendor,,0
North Peninsula Medical Spa,northpeninsulamedicalspa.com,,,,unreachable,,,,
North Scottsdale Med Spa,northscottsdalemedspa.com,,,,unreachable,,,,
Northshore Skincare And Med Spa,northshoreskin.com,,,yes,no_email,https://northshoreskin.com,medspa,GLP-1 weight loss peptides,2
Northview Medical,northviewmed.com,infonorthviewmed@gmail.com,infonorthviewmed@gmail.com,yes,already known,https://northviewmed.com,medspa,GLP-1 weight loss peptides,4
Northwestern Med Spa River North,northwesternplastics.com,,,,unreachable,,,,
MOBO Med Spa,northwestohio.mobomedspa.com,,,yes,no_email,https://northwestohio.mobomedspa.com,medspa,semaglutide,11
Notre Luxury Skin,notreluxuryskin.com,,,,no_email,https://notreluxuryskin.com,vendor,,0
Nourish Day Spa,nourishdayspa.com,jelena@nourishdayspa.com,jelena@nourishdayspa.com; nourishvb@gmail.com,yes,no_peptides,https://nourishdayspa.com,medspa,,0
NouveauDerm Medspa,nouveauderm.com,,,yes,no_email,https://nouveauderm.com,medspa,,0
Nouveau Medspa and Salon,nouveaumedspaandsalon.com,ouveauspasalon@gmail.com,ouveauspasalon@gmail.com,yes,no_peptides,https://nouveaumedspaandsalon.com,medspa,,0
Nova Aesthetics,novaaesthetics.com,,,yes,no_email,https://novaaesthetics.com,medspa,GLP-1 weight loss peptides,3
Nova Essence MediSpa,novaessencemedispa.com,novaessence160@gmail.com,novaessence160@gmail.com,yes,already known,https://novaessencemedispa.com,medspa,dsip,1
"NOVA Health Recovery & Ketamine Therapy in Alexandria, VA",novahealthrecovery.com,,,,no_email,,vendor,,0
Nova MedSpa,novamedspa.org,novamedspa.ia@gmail.com,novamedspa.ia@gmail.com,yes,already known,https://novamedspa.org,medspa,nad+,3
NOVA Plastic Surgery and Dermatology,novaplasticsurgery.com,,,yes,no_email,https://novaplasticsurgery.com,medspa,,0
Novique Medical Aesthetics,novique.com,,,,unreachable,,,,
Novobay Aesthetics,novobayclinic.com,,,,unreachable,,,,
Novo Med Spa,novomedicalspa.com,,,,no_email,https://novomedicalspa.com/about,medspa,,0
"Downtown Hydration and Wellness, LLC",novowellnesscenter.com,,,yes,no_email,https://novowellnesscenter.com,medspa,,2
Novuskin Med Spa Denver,novuskin.com,,,yes,no_email,https://novuskin.com,medspa,"semaglutide, tirzepatide",6
Noydeen Med Spa of Conway Arkansas,noydeenbeauty.com,,,yes,no_email,https://noydeenbeauty.com,medspa,nad+,1
North Shore Medical Wellness,nsmedicalwellness.com,,,yes,no_email,https://nsmedicalwellness.com,medspa,nad+,4
Nuance Facial Plastics,nuancefacialplastics.com,info@nuancefacialplastics.com,info@nuancefacialplastics.com,yes,no_peptides,https://nuancefacialplastics.com,medspa,,0
NuBella Med Spa,nubellamedspa.com,,,yes,no_email,https://nubellamedspa.com,medspa,"semaglutide, tirzepatide, nad+, glutathione",10
Nubo Med Spa and Wellness,nubospa.com,,,yes,no_email,https://nubospa.com,medspa,,0
Nucell Skin Medspa,nucellskinmedicalspa.com,nucellskinsolution@yahoo.com,nucellskinsolution@yahoo.com,yes,already known,https://nucellskinmedicalspa.com,medspa,nad+,2
The MakeOver Beauty Luxury Salon SPA & The Gentlemen’s MakeOver Salon,nuevapiel2023.com,nuevapiel0223@gmail.com,nuevapiel0223@gmail.com,yes,no_peptides,https://nuevapiel2023.com,vendor,,0
Nuey Aesthetics MedSpa,nueyaesthetics.com,,,yes,no_email,https://nueyaesthetics.com,medspa,,0
NuLife Institute,nulifeinstitute.com,,,yes,no_email,https://nulifeinstitute.com,medspa,GLP-1 weight loss peptides,6
Numa Aesthetics,numaaesthetics.com,hello@numaaesthetics.com,hello@numaaesthetics.com; admin@numaaesthetics.com,yes,no_peptides,https://numaaesthetics.com,medspa,,0
Nür Aesthetics Club,nuraestheticsclub.com,,,yes,no_email,https://nuraestheticsclub.com,medspa,GLP-1 weight loss peptides,4
NŪR Medical Spa of Baton Rouge,nurmedispa.com,,,yes,no_email,https://nurmedispa.com,medspa,GLP-1 weight loss peptides,2
Nurse Jayme Aesthetics,nursejaymeaesthetics.com,nursejaymepronger@gmail.com,nursejaymepronger@gmail.com,yes,no_peptides,https://nursejaymeaesthetics.com,medspa,,0
Nurse Karen Skincare & Aesthetics,nursekaren.com,nursekarenskincare@gmail.com,nursekarenskincare@gmail.com,yes,no_peptides,https://nursekaren.com,medspa,,0
United Nurses Medi Spa,nursekellyk.com,nursekellyk@gmail.com,nursekellyk@gmail.com,yes,no_peptides,https://nursekellyk.com,medspa,,0
NursUrSkin,nursurskin.com,nursurskin@gmail.com,nursurskin@gmail.com,yes,no_peptides,https://nursurskin.com,medspa,,0
Nurture Skin Studio,nurtureskinstudioco.com,,,yes,no_email,https://nurtureskinstudioco.com,medspa,GLP-1 weight loss peptides,3
Nush Skincare,nushskincare.com,help@nushskincare.com,help@nushskincare.com,yes,no_peptides,https://nushskincare.com,medspa,,0
NuSilk Medical Spa,nusilkmedicalaesthetics.com,,,,no_email,https://nusilkmedicalaesthetics.com/contact-us,medspa,,0
Nu'u Aesthetics,nuuaesthetics.com,,,yes,no_email,https://nuuaesthetics.com,medspa,GLP-1 weight loss peptides,3
Nuvera medspa: Sculpt. lift. glow,nuvera-medspa.com,info@nuvera-medspa.com,info@nuvera-medspa.com,yes,no_peptides,https://nuvera-medspa.com,medspa,,0
NuWave Medical,nuwaveny.com,,,,no_email,,vendor,,0
Nuyu Medspa,nuyumedspanm.com,info@nuyumedspanm.com,maria@nuyumedspanm.com; info@nuyumedspanm.com,yes,no_peptides,https://nuyumedspanm.com,medspa,,0
NYAH Med Spa,nyahmedspa.com,feedback@nyahmedspa.com,nyahmedspa3@gmail.com; feedback@nyahmedspa.com; eedback@nyahmedspa.com,yes,no_peptides,https://nyahmedspa.com,medspa,,0
NY Skin Experts in Microneedling TCA CROSS Chemical Peel CO2 Fotona 4D,nyc-spa.com,,,,unreachable,,,,
Oasis Medical Clinic & Spa,oasisclinicandspa.com,,,yes,no_email,https://oasisclinicandspa.com,medspa,"semaglutide, tirzepatide, bpc-157, nad+, ipamorelin, cjc-1295",18
Oasis Haven Restorative Aesthetics,oasishaven.com,admin@oasishaven.com,admin@oasishaven.com,yes,no_peptides,https://oasishaven.com,medspa,,0
"Oasis IV Therapy- Mobile Hydration and Wellness in Tampa, FL",oasisivtherapytampa.com,,,yes,no_email,https://oasisivtherapytampa.com,medspa,"nad+, glutathione",3
Oasis Med Spa & Laser Center,oasismedspaandlasercenter.com,,,yes,no_email,https://oasismedspaandlasercenter.com,medspa,,0
Oasis Med Spa,oasismedspaaz.com,,,yes,no_email,https://oasismedspaaz.com,medspa,,0
Oasis Medspa & IV Bar,oasismedspaofidaho.com,,,,no_email,,vendor,,0
OC Beauty Med Spa,ocbeautymedspa.com,,,yes,no_email,https://ocbeautymedspa.com,medspa,semaglutide,1
Ocean Avenue Aesthetics,oceanavenueaesthetics.com,,,yes,no_email,https://oceanavenueaesthetics.com,medspa,,0
Ocean Medical Clinic,oceanmedicalclinic.com,oceanmedical.clinic@gmail.com,oceanmedical.clinic@gmail.com,yes,no_peptides,https://oceanmedicalclinic.com,medspa,,0
Ocean Medispa and Wellness,oceanmedispa.com,info@oceanmedispa.com,info@oceanmedispa.com,yes,no_peptides,https://oceanmedispa.com,medspa,,0
Oceanside Medical Aesthetics and Wellness,oceansidemedicalri.com,,,yes,no_email,https://oceansidemedicalri.com,medspa,"semaglutide, tirzepatide",8
Ocean State Laser and Aesthetics,oceanstatelaserandaesthetics.com,,,yes,no_email,https://oceanstatelaserandaesthetics.com,medspa,,0
OG Aesthetics,og-aesthetics.com,,,yes,no_email,https://og-aesthetics.com,medspa,,0
Ogden Clinic,ogdenclinic.com,,,,unreachable,,,,
"Ohana Medical Spa: Darren Chin, MD",ohanamedicalspa.com,,,yes,no_email,https://ohanamedicalspa.com,medspa,,0
Ohana MedSpas,ohanamedspas.com,,,yes,no_email,https://ohanamedspas.com,medspa,"semaglutide, tirzepatide, glutathione",13
Ohio Skin Center,ohioskin.com,info@ohioskin.com,info@ohioskin.com,yes,no_peptides,https://ohioskin.com,medspa,,0
Precision Aesthetics LLC,ohiovalleymedspa.com,precisionaesthetics21@outlook.com,precisionaesthetics21@outlook.com,yes,no_peptides,https://ohiovalleymedspa.com,medspa,,0
OHMI ANTI-AGING CENTER,ohmimd.com,contact@ohmimd.com,contact@ohmimd.com,,no_peptides,https://ohmimd.com,medspa,,0
Oli at Home,oli-athome.com,,,yes,no_email,https://oli-athome.com,medspa,,0
Olinda Beauty Medical Spa,olindabeauty.com,,,,unreachable,,,,
Olivo Med Spa,olivomedspa.com,,,yes,no_email,https://olivomedspa.com,medspa,,1
Olympia Medical Spa,olymedspa.com,,,,no_email,,vendor,,0
Olysis Med Spa,olysismedspa.com,,,yes,no_email,https://olysismedspa.com,medspa,,0
Origins Medicine & Aesthetics (OMA),omabydrjo.com,,,yes,no_email,https://omabydrjo.com,medspa,,0
Omaha Face & Body,omahaface.com,,,yes,no_email,https://omahaface.com,medspa,,0
Om Day Spa,omdayspa.com,omspa@hotmail.com,omspa@hotmail.com,yes,already known,https://omdayspa.com,medspa,GLP-1 weight loss peptides,4
Optimal Medical Group,omgwellnessmd.com,,,yes,no_email,https://omgwellnessmd.com,medspa,nad+,8
OmniaPiel Facial Aesthetics Costa Mesa,omniapiel.com,info@omniapiel.com,info@omniapiel.com; norcoinfo@omniapiel.com,yes,no_peptides,https://omniapiel.com,medspa,,0
Mokara Salon & Spa,omnihotels.com,,,,unreachable,,,,
Omni Oasis Spa & Massage,omnioasis.com,,,yes,no_email,https://omnioasis.com,vendor,,0
OMNI SCULPT MD: Med Spa,omnisculptmd.com,,,yes,no_email,https://omnisculptmd.com,medspa,,0
Omorfiá Aesthetics,omorfiaaesthetics.com,beth@omorfiaaesthetics.com,beth@omorfiaaesthetics.com; bridget@omorfiaaesthetics.com; hailey@omorfiaaesthetics.com,yes,no_peptides,https://omorfiaaesthetics.com/contact-us,medspa,,0
OM Spa Charlotte,omspacharlotte.com,,,,no_email,,vendor,,0
Ona Skincare East Nashville,onaskin.com,,,yes,no_email,https://onaskin.com,medspa,semaglutide,7
One Aesthetics,oneaesthetics.com,support@oneaesthetics.com,support@oneaesthetics.com,yes,no_peptides,https://oneaesthetics.com/about-us,medspa,,0
The One and Only,oneandonlycheyenne.com,,,,no_email,https://oneandonlycheyenne.com,vendor,,0
One Beauty Aesthetics,onebeautyus.com,info@onebeautyus.com,info@onebeautyus.com; irvine@onebeautyus.com,yes,no_peptides,https://onebeautyus.com,medspa,,0
One Nova Med Spa,onenovamedspa.com,mail@onenovamedspa.com,mail@onenovamedspa.com,yes,no_peptides,https://onenovamedspa.com,medspa,,0
One Wellness,onewellnessutah.com,,,,no_email,,vendor,,0
Only Med Glam Aesthetics & Wellness,onlymedglam.com,,,,no_email,,vendor,,0
On The Spot Medical Aesthetics,onthespotaesthetic.com,,,,no_email,https://onthespotaesthetic.com,medspa,,1
"Onus iV Therapy + Longevity: Boulder in Boulder, CO",onusiv.com,,,,no_email,https://onusiv.com,medspa,"nad+, sermorelin, ghk-cu, glutathione",13
Onyx Medspa and Laser Clinic,onyxmedspa.com,,,yes,no_email,https://onyxmedspa.com,medspa,,0
Optimal Bio,optimalbio.com,,,,no_email,,vendor,,0
Gameday Men's Health East Louisville,optimalrenewky.com,,,yes,no_email,https://optimalrenewky.com,medspa,GLP-1 weight loss peptides,3
Optimal Well M.D.,optimalwellmd.com,,,yes,no_email,https://optimalwellmd.com,medspa,"semaglutide, tirzepatide, nad+, glutathione",12
"Steve Lasater, MD",optimalwellnessmedical.com,,,yes,no_email,https://optimalwellnessmedical.com,medspa,,0
Optimize Health,optimizehealthllc.com,,,,no_email,,vendor,,0
ProgenCell,optimizeucenters.com,,,,no_email,https://optimizeucenters.com,medspa,"semaglutide, tirzepatide, liraglutide, sermorelin, tesamorelin, pt-141",18
Optimize U,optimizeulouisville.com,,,yes,no_email,https://optimizeulouisville.com,medspa,GLP-1 weight loss peptides,4
Optimum Men's Health,optimum-menshealth.com,,,yes,no_email,https://optimum-menshealth.com,medspa,"nad+, glutathione",5
"Infusion Partners of Melbourne LLC in Melbourne, FL",optioncarehealth.com,,,yes,no_email,https://optioncarehealth.com,medspa,,0
Opulence Wellness & Med Spa,opulencemedicalspa.com,info@opulencemedicalspa.com,info@opulencemedicalspa.com,yes,no_peptides,https://opulencemedicalspa.com,medspa,,0
Orange Medical Spa,orangemedicalspa.com,hanna@orangemedicalspa.com,hanna@orangemedicalspa.com,yes,no_peptides,https://orangemedicalspa.com,medspa,,0
Oranges Spa,orangesspa.com,,,yes,no_email,https://orangesspa.com,vendor,,0
Orchid Cosmetic Medical,orchidmedispa.com,,,,unreachable,,,,
Oregon Laser & Wellness Center,oregonlasernwellness.com,oregonlasernwellnesscenter@gmail.com,oregonlasernwellnesscenter@gmail.com,yes,no_peptides,https://oregonlasernwellness.com,medspa,,0
Oregon Medical & Laser,oregonmedicallaser.com,,,,unreachable,,,,
Organic Skin & Body Spa Med Spa,organicskinandbody.com,info@organicskinandbody.com,info@organicskinandbody.com,yes,no_peptides,https://organicskinandbody.com,medspa,,0
Organic Spa,organicspahonolulu.com,impallari@gmail.com,impallari@gmail.com,yes,no_peptides,https://organicspahonolulu.com/contact,vendor,,0
Original Skin,originalskindfw.com,info@originalskindfw.com,info@originalskindfw.com,yes,no_peptides,https://originalskindfw.com,medspa,,0
Orion MedSpa,orionmedspa.com,info@orionmedspa.com,info@orionmedspa.com,yes,no_peptides,https://orionmedspa.com,medspa,,0
"The DRIPBaR Orlando Lake Nona in Orlando, FL",orlando-lake-nona.thedripbar.com,,,,no_email,,vendor,,0
Orlando Aesthetic Institute,orlandoai.com,,,yes,no_email,https://orlandoai.com,medspa,,0
Orlando Health Aesthetic and Reconstructive Surgery Institute,orlandohealth.com,,,,unreachable,,,,
Os Aesthetic,osaesthetic.com,,,,no_email,https://osaesthetic.com,medspa,,0
Huntsville Wellness,osteostronghsv.com,getstrong@osteostronghsv.com,osteostronghsv@gmail.com; getstrong@osteostronghsv.com,yes,no_peptides,https://osteostronghsv.com,vendor,,0
OU Beauty Medical Spa,oubeauty.com,,,,no_email,,vendor,,0
Ovation Med Spa,ovationmedspa.com,,,,unreachable,,,,
OVME,ovme.com,help@ovme.com,help@ovme.com,yes,already known,https://ovme.com,vendor,tirzepatide,4
OWM Integrative Wellness,owmintegrativewellness.com,,,,unreachable,,,,
Pacifica Med Spa: Camarillo,pacificaplasticsurgery.com,,,,no_email,,vendor,,0
Pacific Dermatology & Cosmetic Laser Center,pacificdermatologycenter.com,info@pacificdermatologycenter.com,info@pacificdermatologycenter.com,,no_peptides,https://pacificdermatologycenter.com/about,vendor,,0
Pacific Skin and Cosmetic Dermatology San Francisco,pacificskin.com,,,yes,no_email,https://pacificskin.com,medspa,,0
Painted Rock Health and Wellness,paintedrockhealth.com,,,yes,no_email,https://paintedrockhealth.com,medspa,"semaglutide, tirzepatide",5
Pallas Athena Skin Care & Aesthetics,pallasathenawellness.com,,,,no_email,https://pallasathenawellness.com,medspa,,0
Palmetto Aesthetic Medicine,palmettoaesthetic.com,palmettoaesthetic@yahoo.com,palmettoaesthetic@yahoo.com,yes,no_peptides,https://palmettoaesthetic.com,medspa,,0
"Accurx Infusion Center, LLC in Hoover, AL",palmettoinfusion.com,,,,unreachable,,,,
Palmetto Medicine & Aesthetics,palmettomedicine.com,,,yes,no_email,https://palmettomedicine.com,medspa,GLP-1 weight loss peptides,3
Palo Alto Laser & Skin Care,paloaltolaser.com,,,yes,no_email,https://paloaltolaser.com,medspa,,0
The Spa at Inman Park,panaceaplasticsurgery.com,,,,unreachable,,,,
Paradise Wellness Med Spa,paradisemedspabmt.com,,,,unreachable,,,,
Paramount Men's Medical Center,paramountmensmedical.com,,,,no_email,,vendor,,0
Paris Medspa & Boutique,parismedspaboutique.com,,,,no_email,https://parismedspaboutique.com,medspa,,0
Park Medspa Carlsbad,parkmedspa.com,,,,unreachable,,,,
ParlourRx,parlourrx.com,,,yes,no_email,https://parlourrx.com,medspa,,0
PB Med Spa Plaza,pbmedspaplaza.com,,,,unreachable,,,,
PCH MedSpa,pchmedspa.com,,,,no_email,,vendor,,0
Peach Skin & Laser,peachskinlaser.com,corporate@peachskinlaser.com,corporate@peachskinlaser.com,yes,no_peptides,https://peachskinlaser.com,medspa,,0
Peak Beauty Clinic,peakbeautyclinic.com,peakbeautyclinic@gmail.com,peakbeautyclinic@gmail.com,yes,already known,https://peakbeautyclinic.com,medspa,glutathione,3
Peak Health and Wellness,peakhealthar.com,peakhealthar@gmail.com,peakhealthar@gmail.com,yes,no_peptides,https://peakhealthar.com/contact,medspa,,0
Peak Healthspan,peakhealthspan.com,,,,no_email,https://peakhealthspan.com,vendor,,0
Peak Male Institute,peakmaleinstitute.com,,,yes,no_email,https://peakmaleinstitute.com,medspa,"semaglutide, bpc-157, nad+, ipamorelin, sermorelin, igf-1 lr3",16
Peak Medical Spa,peakmedicalspa.com,peakmedicalspa@gmail.com,peakmedicalspa@gmail.com,yes,no_peptides,https://peakmedicalspa.com,medspa,,0
PEAK Massage,peakmissoula.com,,,yes,no_email,https://peakmissoula.com,vendor,,0
Pearl MedSpa,pearlmedspa.com,,,yes,no_email,https://pearlmedspa.com,medspa,,0
Peel Haus Aesthetics & Plastic Surgery,peelhaus.com,,,,no_email,,vendor,,0
Peel Simply Skin,peelsimplyskin.com,,,,no_email,https://peelsimplyskin.com,vendor,,0
Pelo West,pelowest.com,hello@pelowest.com,hello@pelowest.com,yes,no_peptides,https://pelowest.com,medspa,,0
Penobscot Medical Aesthetics,penobscotmedicalaesthetics.com,,,yes,no_email,https://penobscotmedicalaesthetics.com,medspa,,0
Perfectly Pixeled Wellness Spa,perfectlypixeled.com,alchemyvb@gmail.com,alchemyvb@gmail.com,yes,no_peptides,https://perfectlypixeled.com,medspa,,0
Perfectly You Med Spa,perfectlyyoumedspa.com,perfectlyyoumedspa@gmail.com,perfectlyyoumedspa@gmail.com,yes,no_peptides,https://perfectlyyoumedspa.com,medspa,,0
Perfect Skin Center,perfectskincenter.com,,,yes,no_email,https://perfectskincenter.com,medspa,,0
Perfect Touch Med Spa LLC,perfecttouchmedspa.com,information@perfecttouchmedspa.com,information@perfecttouchmedspa.com,yes,no_peptides,https://perfecttouchmedspa.com,medspa,,0
Perform Medical,perform-med.com,,,yes,no_email,https://perform-med.com,medspa,"semaglutide, tirzepatide",9
Permanent Choice Laser Hair Removal and Electrolysis Centers,permanentchoice.com,,,yes,no_email,https://permanentchoice.com,vendor,,0
Permanent Makeup & Aesthetics In Maine,permanentmakeupinmaine.com,,,,no_email,,vendor,,0
Persona Medical Spa,personamedicalspa.com,,,yes,no_email,https://personamedicalspa.com,medspa,,2
Personique Aesthetic Wellness Center,personique.com,,,yes,no_email,https://personique.com,medspa,semaglutide,1
Perspire Sauna Studio,perspiresaunastudio.com,,,,no_email,https://perspiresaunastudio.com,medspa,,0
Petroff Center Plastic Surgery and Medi-Spa,petroffcenter.com,,,,unreachable,,,,
Icebox Cryotherapy-Westerville,pfccare.com,info@pfccare.com,info@pfccare.com,yes,no_peptides,https://pfccare.com,medspa,,0
"IV Nutrition Boynton Beach, FL",pharmxhealthone.com,,,yes,no_email,https://pharmxhealthone.com,medspa,"semaglutide, tirzepatide, nad+",7
Phenomenal Day Spa,phenomenaldayspa.com,p@phenomenaldayspa.com,p@phenomenaldayspa.com,yes,no_peptides,https://phenomenaldayspa.com,vendor,,0
Phenomenal Aesthetic Medical and Wellness Spa,phenomenalspa.com,,,,no_email,https://phenomenalspa.com,vendor,,0
Philadelphia Urology Associates,philaurology.com,,,yes,no_email,https://philaurology.com,medspa,,0
Philadelphia Facial Plastic Surgery & Medspa,phillyfacialsurgery.com,office@phillyfacialsurgery.com,office@phillyfacialsurgery.com,yes,no_peptides,https://phillyfacialsurgery.com,medspa,,0
"Philly IV in Philadelphia, PA",phillyiv.com,,,,no_email,,vendor,,0
Phoenix MedSpa,phoenixmedspafl.com,,,,no_email,https://phoenixmedspafl.com,medspa,,0
Phoenix MedSpa,phxmedspa.com,phxmedspa@gmail.com,phxmedspa@gmail.com,yes,no_peptides,https://phxmedspa.com,medspa,,0
Physician's Ageless Solutions,physiciansagelesssolutions.com,,,yes,no_email,https://physiciansagelesssolutions.com,medspa,GLP-1 weight loss peptides,4
Physician Skin Solutions At Arrowhead,physicianskin.com,,,yes,no_email,https://physicianskin.com,medspa,GLP-1 weight loss peptides,2
Physicians Med Spa,physiciansmedspa.com,,,yes,no_email,https://physiciansmedspa.com,medspa,,0
Physicos Aesthetics,physicosaesthetics.com,mmk@physicosaesthetics.com,impallari@gmail.com; mmk@physicosaesthetics.com,yes,no_peptides,https://physicosaesthetics.com/contact,medspa,,0
Pink Aesthetics MEDSPA,pink-aesthetics.com,,,,unreachable,,,,
Pink Mountain Wellness,pinkmountainwellness.com,,,yes,no_email,https://pinkmountainwellness.com,medspa,GLP-1 weight loss peptides,4
Pink Opal Aesthetics,pinkopalaesthetics.com,,,yes,no_email,https://pinkopalaesthetics.com,medspa,"nad+, glutathione",4
"Peyman Adeli Sardo, M.d.",pioneerphysicians.com,careers@pioneerphysicians.com,careers@pioneerphysicians.com,yes,no_peptides,https://pioneerphysicians.com,medspa,,0
Plano Plastic Spa,planoplasticsurgery.com,,,yes,no_email,https://planoplasticsurgery.com,medspa,,0
Plastikos Aesthetics,plastikosaesthetics.com,,,,no_email,https://plastikosaesthetics.com,medspa,,0
Platinum Cosmetics,platinumcosmeticsmn.com,platinumcosmeticsmn@gmail.com,platinumcosmeticsmn@gmail.com; platinumcosmeticmn@gmail.com; platinumosmeticsmn@gmail.com; lakesareaivwellnessclinic@gmail.com,yes,no_peptides,https://platinumcosmeticsmn.com,medspa,,0
Plaza Aesthetics & Wellness,plazamedicalspa.com,,,yes,no_email,https://plazamedicalspa.com,medspa,GLP-1 weight loss peptides,4
Plump Medspa,plumpmedspa.com,info@plumpmedspa.com,info@plumpmedspa.com,yes,no_peptides,https://plumpmedspa.com,medspa,,0
Plush Studios & Medical Aesthetics,plushdayandmedspa.com,plushskincarestudio@gmail.com,plushskincarestudio@gmail.com,yes,no_peptides,https://plushdayandmedspa.com,medspa,,0
PM Aesthetics,pmaesthetics.com,,,,no_email,https://pmaesthetics.com,medspa,semaglutide,4
Pocatello Med Spa,pocatellomedspa.com,letschat@pocatellomedspa.com,letschat@pocatellomedspa.com,yes,no_peptides,https://pocatellomedspa.com/contact,medspa,,0
Pod Spa and Wellness,podspas.com,,,yes,no_email,https://podspas.com/services,medspa,semaglutide,3
"Poised Medical, Wellness & Beauty Spa",poisedmedspa.com,,,yes,no_email,https://poisedmedspa.com/services,medspa,GLP-1 weight loss peptides,2
Polaris Medical Aesthetics,polarisaesthetics.com,,,,no_email,,vendor,,0
Pore Decisions Med Spa,poremedspa.com,katelyntcao@gmail.com,katelyntcao@gmail.com,yes,no_peptides,https://poremedspa.com,medspa,,0
Portal Health and Wellness,portalhealthandwellness.com,,,,no_email,https://portalhealthandwellness.com,medspa,,0
Posh Medical Spa,poshmedicalreno.com,,,yes,no_email,https://poshmedicalreno.com,medspa,,1
"Potion Revive in Palo Alto, CA",potionrevive.com,,,,no_email,https://potionrevive.com/services,medspa,,1
Pottsville TRT Therapy,pottsville.peptideedge.com,,,,no_email,https://pottsville.peptideedge.com,vendor,,0
Precise Men's Medical Center,precisemensmedical.com,,,,no_email,,vendor,,0
Premier MediSpa LLC,premedspa.com,,,yes,no_email,https://premedspa.com,medspa,,0
Premier Aesthetics Houston,premieraestheticshouston.com,,,yes,no_email,https://premieraestheticshouston.com,medspa,,0
24-HOUR IV HYDRATION THERAPY,premiercarecentre.com,,,,no_email,https://premiercarecentre.com,medspa,GLP-1 weight loss peptides,3
PREMIERE Center for Cosmetic Surgery,premierecenter.com,,,,no_email,https://premierecenter.com,medspa,,0
Premiere Center for Health and Wellness,premierecenterforhealthandwellness.com,,,,unreachable,,,,
Premier Med Spa,premiermedspatx.com,,,yes,no_email,https://premiermedspatx.com,medspa,GLP-1 weight loss peptides,5
Premier Mens Health Clinic,premiermenshealthok.com,premiermenshealthcareok@gmail.com,premiermenshealthcareok@gmail.com,yes,no_peptides,https://premiermenshealthok.com,vendor,,0
Premier Plastic Surgery & Aesthetics,premierokc.com,,,yes,no_email,https://premierokc.com,medspa,semaglutide,7
Premier Solutions,premiersolutionsweightloss.com,,,yes,no_email,https://premiersolutionsweightloss.com,medspa,"semaglutide, tirzepatide, nad+",9
Premier Spa & Laser Center,premierspaandlasercenter.com,,,yes,no_email,https://premierspaandlasercenter.com,medspa,,0
Premier Rejuvenation Medical Spa,premierwellnessmedical.com,,,,unreachable,,,,
Premier Wellness & Aesthetics Center,premierwellnessworld.com,,,yes,no_email,https://premierwellnessworld.com,medspa,,5
Premium Skin Beauty & Med Spa,premiumskin.us,premiumskin.inc@gmail.com,premiumskin.inc@gmail.com,yes,no_peptides,https://premiumskin.us,medspa,,0
Prescription Aesthetic And Wellness Spa,prescriptionaestheticandwellnessspa.com,tgrx2fit@gmail.com,tgrx2fit@gmail.com,yes,already known,https://prescriptionaestheticandwellnessspa.com,medspa,semaglutide,2
Prestige Medical Spa,prestigemedicalspa.com,info@prestigemedicalspa.com,info@prestigemedicalspa.com,yes,no_peptides,https://prestigemedicalspa.com/contact,medspa,,0
Prestige Med Spa and Wellness Center,prestigemedicalspacharlotte.com,prestiegemedspacharlotte@gmail.com,prestiegemedspacharlotte@gmail.com; prestigemedspacharlotte@gmail.com,yes,no_peptides,https://prestigemedicalspacharlotte.com,medspa,,0
Pretty Medical Spa,prettymedicalspa.com,,,yes,no_email,https://prettymedicalspa.com,medspa,,0
PREVA Aesthetics,prevaaesthetics.com,frontdesk@prevaaesthetics.com,michelle@prevaaesthetics.com; frontdesk@prevaaesthetics.com; denver@prevaaesthetics.com; encinitas@prevaaesthetics.com,yes,no_peptides,https://prevaaesthetics.com,medspa,,0
"Price Health & Spa, Family Practice and Aesthetics",pricehealthspa.com,,,yes,no_email,https://pricehealthspa.com,medspa,GLP-1 weight loss peptides,3
Primary Peak Medical Care,primarypeakmedical.com,,,yes,no_email,https://primarypeakmedical.com,medspa,"semaglutide, bpc-157, tb-500, ipamorelin, sermorelin, tesamorelin",29
Prime Body Wellness,primebodywellness.com,,,,no_email,,vendor,,0
Ageless Spa Center,primemedicalspa.com,,,,no_email,,vendor,,0
Prime MedSpa PDX,primemedspapdx.com,infoprimemedspa@gmail.com,infoprimemedspa@gmail.com,yes,already known,https://primemedspapdx.com,medspa,semaglutide,2
Privá MedSpa,privamedspa.com,,,yes,no_email,https://privamedspa.com,medspa,,3
Privé Aesthetics,privemedaesthetics.com,,,yes,no_email,https://privemedaesthetics.com/contact,medspa,"semaglutide, tirzepatide, bpc-157, ipamorelin, cjc-1295, ghk-cu",12
Proactive Men's Medical Center,proactivemensmedical.com,,,,no_email,,vendor,,0
Medical Spa at PRO Club,proclub.com,,,yes,no_email,https://proclub.com,vendor,,0
Professional Skin Solutions Medical Spa,professionalskinsolutions.com,,,yes,no_email,https://professionalskinsolutions.com,medspa,"semaglutide, tirzepatide",6
Profile Medical Aesthetics LLC,profilemedspa.com,info@profilemedspa.com,info@profilemedspa.com,yes,no_peptides,https://profilemedspa.com,medspa,,0
"Alexandra Abrams-Downey, M.d.",profiles.mountsinai.org,,,,unreachable,,,,
Pro Health Clinic,prohealthmemphis.com,,,,no_email,https://prohealthmemphis.com,medspa,"semaglutide, tirzepatide, bpc-157, nad+, ipamorelin, tesamorelin",21
Prophase Aesthetics,prophase-aesthetics.com,prophaseaesthetics@gmail.com,prophaseaesthetics@gmail.com; shelby.potkin@gmail.com,yes,no_peptides,https://prophase-aesthetics.com,medspa,,0
Prophecy Med Spa,prophecyidaho.com,,,yes,no_email,https://prophecyidaho.com,medspa,,0
"Advanced Infusion Services, LLC in Lubbock, TX",providence.org,,,,no_email,https://providence.org,medspa,,0
Providence Aesthetics and Medical Spa,providencemedispa.com,,,,no_email,,vendor,,0
PS Medical Aesthetics,psmedicalaesthetics.com,parker@psmedicalaesthetics.com,parker@psmedicalaesthetics.com,yes,no_peptides,https://psmedicalaesthetics.com,medspa,,0
PS SkinClinic,psskinclinic.com,,,,unreachable,,,,
"Amity Infusions and Therapeutics in San Antonio, TX",ptsdtreatmentclinics.com,,,yes,no_email,https://ptsdtreatmentclinics.com,vendor,,0
Pua Manu Medspa,puamanumedspa.com,concierge@puamanumedspa.com,concierge@puamanumedspa.com,yes,no_peptides,https://puamanumedspa.com,medspa,,0
"Pulse IV Therapy in Milford, CT",pulseivtherapy.com,,,,no_email,,vendor,,0
"Pura Vida Hydration & Aesthetics in Woodinville, WA",puravidapnw.com,jacqueline@puravidapnw.com,jacqueline@puravidapnw.com,,no_peptides,https://puravidapnw.com,medspa,,0
"PURA VIDA WELLNESS in Mentor, OH",puravidawellnessmentor.com,,,,no_email,https://puravidawellnessmentor.com,medspa,GLP-1 weight loss peptides,2
PURA LYMPH Wellness Studio,purawellnessstudio.com,,,,no_email,https://purawellnessstudio.com,vendor,,0
Pur Bliss Med Spa,purblissmedspa.com,info@purblissmedspa.com,info@purblissmedspa.com,yes,no_peptides,https://purblissmedspa.com,medspa,,0
Pure Aesthetics Medical Spa,pureaestheticsmedicalspa.com,contact@pureaestheticsmedicalspa.com,contact@pureaestheticsmedicalspa.com,yes,no_peptides,https://pureaestheticsmedicalspa.com,medspa,,0
Pure Beauty Medical Spa,purebeautymedicalspa.com,,,yes,no_email,https://purebeautymedicalspa.com,medspa,nad+,6
Pure Chateau Wellness Medspa,purechateau.org,,,yes,no_email,https://purechateau.org,medspa,GLP-1 weight loss peptides,6
"Pure Dermatology & Skin Surgery Center: Parrish Sadeghi, MD",puredermatology.com,,,yes,no_email,https://puredermatology.com,medspa,,0
Pure Essence Center for Wellness and Aesthetics,pureessencect.com,,,,no_email,https://pureessencect.com,medspa,,0
Pure Glow Medical Spa,pureglowmedicalspa.com,,,,unreachable,,,,
Pure Radiance Medispa,pureradiancemedispa.com,,,yes,no_email,https://pureradiancemedispa.com,medspa,,0
Pūr Skin Clinic,purskinclinic.com,,,yes,no_email,https://purskinclinic.com,medspa,glutathione,2
Qaly Wellness,qalyco.com,,,yes,no_email,https://qalyco.com,medspa,,1
QC Kinetix (Coralville),qckinetix.com,,,yes,no_email,https://qckinetix.com,medspa,,1
Queen City Face & Body,queencityfaceandbody.com,,,yes,no_email,https://queencityfaceandbody.com,medspa,semaglutide,4
Queen Women's Spa & Sauna LA,queenspala.com,info@queenspala.com,info@queenspala.com; staff.queenspala@gmail.com,yes,no_peptides,https://queenspala.com,vendor,,0
"Quick Drip IV & Aesthetics in Pittsburgh, PA",quickdripiv.com,,,,no_email,,vendor,,0
"Raden Wellness, Lincoln Park Chicago in Chicago, IL",radenwellness.com,,,yes,no_email,https://radenwellness.com,medspa,"semaglutide, tirzepatide, dulaglutide",15
Radiance,radiance-denver.com,info@radiance-denver.com,info@radiance-denver.com,yes,no_peptides,https://radiance-denver.com,medspa,,0
Radiant Esthetics And Wellness,radiantswellness.com,radientmedspa@gmail.com,radientmedspa@gmail.com,yes,already known,https://radiantswellness.com,medspa,"sermorelin, glutathione",5
"Rain IV Therapy in Indianapolis, IN",rainivtherapy.com,,,,no_email,https://rainivtherapy.com,medspa,,1
Raise The Bar Med Spa,raisethebarmedspa.com,,,yes,no_email,https://raisethebarmedspa.com,medspa,GLP-1 weight loss peptides,4
"Rapid RevIVe LLC Mobile IV Hydration and wellness in Dearborn, MI",rapidrevivewellness.com,,,,no_email,,vendor,,0
Raval Facial Aesthetics,ravalmd.com,,,yes,no_email,https://ravalmd.com,medspa,,0
Rejuvenation Bar,rbconcierge.com,info.rejuvenationconcierge@gmail.com,info.rejuvenationconcierge@gmail.com,yes,already known,https://rbconcierge.com,medspa,"semaglutide, tirzepatide, bpc-157",6
"Ready Now Wellness in Long Beach, CA",readynowwellness.com,,,,no_email,,vendor,,0
Elevate Performance,realmnaturopathicca.com,,,yes,no_email,https://realmnaturopathicca.com,vendor,semaglutide,1
"Rebounce IV Health and Wellness in Miramar, FL",rebounceiv.com,,,,no_email,,vendor,,0
Recharge on Clarendon Medspa,rechargemedspa.com,,,,unreachable,,,,
Reconstructive Body Arts,reconstructivebodyarts.com,,,yes,no_email,https://reconstructivebodyarts.com,medspa,GLP-1 weight loss peptides,5
"Recovery Room in Portland, ME",recoveryroomivbar.com,info@recoveryroomivbar.com,info@recoveryroomivbar.com,yes,no_peptides,https://recoveryroomivbar.com,medspa,,0
"Refine Anti-Aging Medicine and Aesthetics in Oakland, CA",refineantiaging.com,,,yes,no_email,https://refineantiaging.com,medspa,nad+,6
Refined Health and Wellness,refinedwellness.net,,,,no_email,https://refinedwellness.net,vendor,,0
Reflections Skin Suite,reflectionsskinsuite.com,nreflectionsskinsuite@gmail.com,nreflectionsskinsuite@gmail.com,,no_peptides,https://reflectionsskinsuite.com,vendor,,0
Refresh Fremont- By Appointment- Hormone Optimization & Weight Loss Pr,refreshfremont.com,flowwithsydney@gmail.com,flowwithsydney@gmail.com,,no_peptides,https://refreshfremont.com,vendor,,0
Refresh Med Spa,refreshmedspa.net,,,,no_email,https://refreshmedspa.net/about,medspa,,0
"ReFuel IV in LaFollette, TN",refueliv.org,,,,no_email,https://refueliv.org,medspa,nad+,2
AtWell Longevity Institute,regencen.com,,,yes,no_email,https://regencen.com,medspa,"semaglutide, tirzepatide, nad+",13
Regen Doctors,regendoctors.com,,,yes,no_email,https://regendoctors.com,medspa,"semaglutide, tirzepatide, nad+, sermorelin, pt-141",11
Regenesis Wellness Center,regenesiswellnesscenter.site,regenesiswellness19@gmail.com,regenesiswellness19@gmail.com,yes,already known,https://regenesiswellnesscenter.site,medspa,"semaglutide, tirzepatide, sermorelin, glutathione",17
Advanced TRT Clinic,regenmedillinois.com,,,,unreachable,,,,
"Regenerative Wellness in San Diego, CA",regenwellnessca.com,info.regenwellness@gmail.com,info.regenwellness@gmail.com,yes,already known,https://regenwellnessca.com,medspa,"nad+, glutathione",6
RegMar Beauty & Wellness,regmarbeauty.com,,,,no_email,https://regmarbeauty.com,medspa,,0
Re-Hydrate Wellness IV Hydration,rehydratewellness.com,,,,unreachable,,,,
"ReignWater in Southaven, MS",reignwater.net,,,,no_email,https://reignwater.net,medspa,,1
Advanced TRT Clinic,reiintegrative.com,,,,no_email,,vendor,,0
Simply Revived Aesthetics,rejeunemd.com,,,yes,no_email,https://rejeunemd.com,medspa,"semaglutide, tirzepatide",10
Mini med spa- denver,rejuvenatecolorado.com,,,yes,no_email,https://rejuvenatecolorado.com,medspa,,0
"Rejuvenate IV PLLC in McKinney, TX",rejuvenateivbar.com,,,,no_email,,vendor,,0
Rejuvenate Mind~Body~Soul,rejuvenatemindbodysoul.com,info@rejuvenatemindbodysoul.com,info@rejuvenatemindbodysoul.com,,no_peptides,https://rejuvenatemindbodysoul.com,vendor,,0
Rejuvenation Center,rejuvenationcenter.info,bodycentermd@yahoo.com,bodycentermd@yahoo.com,yes,no_peptides,https://rejuvenationcenter.info,medspa,,0
NYC Rejuvenation Clinic,rejuvenationny.com,,,,no_email,,vendor,,0
"Rejuvia Wellness and Medical Spa in Dallas, TX",rejuviawellness.com,,,yes,no_email,https://rejuviawellness.com,medspa,nad+,7
Rejuvime Medical,rejuvimemedical.com,,,yes,no_email,https://rejuvimemedical.com,medspa,"semaglutide, tirzepatide, sermorelin",10
RejuvinAge,rejuvinage.com,,,,unreachable,,,,
Rejuvv Luxury Spa,rejuvvluxuryspa.com,hello@rejuvvluxuryspa.com,hello@rejuvvluxuryspa.com,,no_us_signal,https://rejuvvluxuryspa.com,medspa,GLP-1 weight loss peptides,4
"Rejuv Wellness & Diagnostics in Chester, VA",rejuvwellnessdiagnostics.com,,,,unreachable,,,,
"Relive Viera in Melbourne, FL",reliveviera.com,,,yes,no_email,https://reliveviera.com,medspa,GLP-1 weight loss peptides,6
Modern Vitality Medical Spa,reluxmedspa.com,info@reluxmedspa.com,info@reluxmedspa.com,yes,no_peptides,https://reluxmedspa.com,medspa,,0
"Remedy Body Bar in Canton, OH",remedybodybar.com,,,,no_email,https://remedybodybar.com,vendor,,0
NuDerma MedSpa & Wellness Center,remedynowaesthetics.com,,,yes,no_email,https://remedynowaesthetics.com,medspa,GLP-1 weight loss peptides,4
"Renewed Medical Health in Tucson, AZ",renewedmedicalhealth.com,,,yes,no_email,https://renewedmedicalhealth.com,medspa,"semaglutide, tirzepatide, retatrutide, sermorelin, pt-141",9
Renew Head Spa,renewheadspa.com,,,,unreachable,,,,
NeoGenix Stem Cell and Regenerative Therapies,renewhealthwellnessnc.com,,,yes,no_email,https://renewhealthwellnessnc.com,medspa,"semaglutide, tirzepatide, retatrutide, nad+",18
Gameday Men's Health Christiana,renewinthealth.org,,,yes,no_email,https://renewinthealth.org,medspa,"semaglutide, tirzepatide, bpc-157, tb-500, thymosin beta-4, nad+",21
Renew Medical Centers,renewmedicalcenters.com,,,yes,no_email,https://renewmedicalcenters.com,medspa,"ipamorelin, sermorelin",9
"ReNew Medical: Emma C. Doody, ND in Edmonds, WA",renewmedicalwa.com,,,yes,no_email,https://renewmedicalwa.com,medspa,,1
Renew MediSpa,renewmedispa.com,,,yes,no_email,https://renewmedispa.com,medspa,,0
"RenewMe/MOOV (IV Therapy + Medspa) in Los Angeles, CA",renewmespa.com,,,,no_email,,vendor,,0
Renue Health,renuehealth.com,,,,no_email,https://renuehealth.com,vendor,,1
Renu Aesthetics and Wellness,renukc.com,,,yes,no_email,https://renukc.com,medspa,semaglutide,2
Replenish Aesthetics and Wellness,replenishmd.com,,,,unreachable,,,,
"Replenish Aesthetics & Wellness in Towson, MD",replenishyourlife.net,info@replenishyourlife.net,info@replenishyourlife.net,,no_peptides,https://replenishyourlife.net,medspa,,0
"Replete Aesthetics + Wellness in Allentown, PA",repleteaesthetics.com,,,,no_email,,vendor,,0
"Rescue Me Wellness, LLC in Tucson, AZ",rescuemewellness.com,,,yes,no_email,https://rescuemewellness.com,medspa,"semaglutide, tirzepatide, glutathione",5
"Reset Studio IV and Metabolic Wellness in Saratoga Springs, NY",resetstudiowellness.com,,,,unreachable,,,,
"The DRIPBaR Reston in Reston, VA",reston.thedripbar.com,,,,no_email,,vendor,,0
"Restoration Bar in Port Charlotte, FL",restorationbar.com,,,yes,no_email,https://restorationbar.com,medspa,"nad+, glutathione",3
Restoration Health,restorationhealthwy.com,,,,unreachable,,,,
Restorative Health & Wellness,restorativehealthandwellness.org,,,yes,no_email,https://restorativehealthandwellness.org,medspa,"semaglutide, tirzepatide, liraglutide",11
Restorative Health Clinic of Portland,restorativehealthclinic.com,,,yes,no_email,https://restorativehealthclinic.com,medspa,,3
Restore Hyper Wellness,restore.com,,,yes,no_email,https://restore.com,medspa,"semaglutide, tirzepatide, nad+, glutathione",7
Restore Health LLC,restorehealthmd.com,,,yes,no_email,https://restorehealthmd.com,medspa,"semaglutide, tirzepatide, exenatide",12
RestoHealth Medspa,restoringhealth4u.com,,,,no_email,https://restoringhealth4u.com,medspa,,0
Revelation Massage,revelationmassage.com,,,yes,no_email,https://revelationmassage.com,vendor,,0
Revibe Men's Health by Universal Men's Clinic,revibemenshealth.com,,,yes,no_email,https://revibemenshealth.com,medspa,GLP-1 weight loss peptides,5
"RevitalIVe Mobile IV & Wellness in Raleigh, NC",revitalivemobileivwellness.com,,,,unreachable,,,,
MD Hyperbaric,revitalizecny.com,,,yes,no_email,https://revitalizecny.com,medspa,,0
Revitalize,revitalizemed.com,,,,no_email,https://revitalizemed.com,medspa,"semaglutide, tirzepatide, bpc-157, nad+, ipamorelin, cjc-1295",18
RevitalWave,revitalwave.com,,,,no_email,https://revitalwave.com,vendor,,0
Revival Esthetics,revivalestheticskelsey.glossgenius.com,,,,no_email,https://revivalestheticskelsey.glossgenius.com,medspa,GLP-1 weight loss peptides,2
Revive Dermatology Clinic and Spa,reviveclinicandspa.com,,,,no_email,,vendor,,0
Revive Head Spa,reviveheadspaky.com,,,yes,no_email,https://reviveheadspaky.com,medspa,,0
"Re-vIVe Hydration and Wellness in Colorado Springs, CO",revivehydrationandwellnesscos.com,revivehydrationwellnesscos@gmail.com,revivehydrationwellnesscos@gmail.com,yes,already known,https://revivehydrationandwellnesscos.com/contact,medspa,GLP-1 weight loss peptides,4
"Revive Infusion Bar (Rutland) in Mechanicsville, VA",reviveinfusionbar.com,reviveinfusionbar@gmail.com,reviveinfusionbar@gmail.com,yes,already known,https://reviveinfusionbar.com,medspa,"semaglutide, tirzepatide, nad+",6
"Revive Lifestyle Medicine in Little Rock, AR",revivelifestylemedicine.com,,,yes,no_email,https://revivelifestylemedicine.com,medspa,"semaglutide, tirzepatide",6
Revive Aesthetics & Wellness,revivems.com,,,,unreachable,,,,
Blushing Aesthetics Medspa,reviverxmedspa.com,reviverxmedspa@gmail.com,reviverxmedspa@gmail.com,yes,already known,https://reviverxmedspa.com,medspa,"semaglutide, tirzepatide",11
Revive Wellness,revivewellnessla.com,,,,unreachable,,,,
REVIV New York,revivme.com,info@revivme.com,info@revivme.com; press@revivme.com; investments@revivme.com; genetics@revivme.com; u003einfo@revivme.com; u003epress@revivme.com; u003einvestments@revivme.com; u003egenetics@revivme.com,,no_us_signal,https://revivme.com,medspa,"nad+, glutathione",3
Rewind & Renew MedSpa,rewindrenewmedspa.com,,,,unreachable,,,,
Rhode Island Medical Massage,rimedicalmassage.com,,,yes,no_email,https://rimedicalmassage.com,vendor,,0
RISE Men’s Health,risemenshealth.com,,,,no_email,,vendor,,0
"RISE Modern Wellness in Charlotte, NC",risemodernwellness.com,,,,no_email,,vendor,,0
Rising Beauty Spa,risingbeautyspa.com,contact@risingbeautyspa.com,contact@risingbeautyspa.com,,no_peptides,https://risingbeautyspa.com,vendor,,0
Rituals Skin Co.,ritualsskinboise.com,hello@ritualsskinboise.com,hello@ritualsskinboise.com,yes,no_peptides,https://ritualsskinboise.com,medspa,,0
"The Ritz-Carlton Spa, Chicago",ritzcarlton.com,shunpei.oya@ritzcarlton.com,shunpei.oya@ritzcarlton.com,,no_peptides,https://ritzcarlton.com,vendor,,0
MOBO Med Spa,rivergatemedical.com,,,yes,no_email,https://rivergatemedical.com/contact-us/,medspa,,2
River Massage,rivermassage.net,,,yes,no_email,https://rivermassage.net,medspa,,0
River Oaks MedSpa,riveroaksmedspa.com,info@riveroaksmedspa.com,info@riveroaksmedspa.com,yes,no_peptides,https://riveroaksmedspa.com,medspa,,0
The Sunset Spa,rjmedspa.com,rjmedspa07@gmail.com,rjmedspa07@gmail.com,yes,no_peptides,https://rjmedspa.com,medspa,,0
Regenerative Medical and Wellness Center,rmawc.com,,,yes,no_email,https://rmawc.com,medspa,,1
Regenerative Medical Institute,rmi.live,,,,no_email,,vendor,,0
Rochester Erectile Dysfunction Doctor,rochester.vitalvervehealth.com,,,,no_email,https://rochester.vitalvervehealth.com,vendor,,0
Aesthetiq Studio at RocklandMed,rocklandmed.com,support@rocklandmed.com,support@rocklandmed.com,yes,no_peptides,https://rocklandmed.com,medspa,,0
Rockwell Centers for Sexual Medicine & Wellness (previously Centers fo,rockwellcenters.com,,,yes,no_email,https://rockwellcenters.com,medspa,"semaglutide, bpc-157, tb-500, thymosin beta-4, ipamorelin, tesamorelin",21
Rojas Regenerative Institute,rojasinstitute.com,,,yes,no_email,https://rojasinstitute.com,medspa,,2
Medspa 29,romanomedspa.square.site,becky@romanomedspa.com,becky@romanomedspa.com,,no_peptides,,vendor,,0
Roots Salon Spa and Boutique llc,roots-salon-spa-and-boutique-llc.square.site,307roots@gmail.com,307roots@gmail.com,,no_peptides,https://roots-salon-spa-and-boutique-llc.square.site,vendor,,0
RubyDot Body and Skincare,rubydotdenver.com,info@rubydotdenver.org,info@rubydotdenver.org,yes,no_peptides,https://rubydotdenver.com,vendor,,0
"The DRIPBaR Rye in Rye, NY",rye.thedripbar.com,,,,no_email,,vendor,,0
Face Amore,rymap.org,,,,no_email,https://rymap.org,vendor,,0
Miami Surgical MedSpa,rymaps.xyz,,,,no_email,https://rymaps.xyz,vendor,,0
Sacred Rain Healing Center,sacredrainhealing.com,info@sacredrainhealing.com,info@sacredrainhealing.com,yes,no_peptides,https://sacredrainhealing.com,vendor,,0
SAFI MIRAN Las Vegas Laser & Rejuvenation Center,safimiran.com,%20safimiranbeauty@gmail.com,%20safimiranbeauty@gmail.com; safimiranbeauty@gmail.com,yes,no_peptides,https://safimiran.com,medspa,,0
Salon Karizma,salon-karizma.com,,,yes,no_email,https://salon-karizma.com,vendor,,0
Azalea Spa & Salon Gulfport,salonazalea.com,,,yes,no_email,https://salonazalea.com,vendor,,0
AR Refresh Wellness,saltandlightofcabot.com,saltandlightofcabot@gmail.com,saltandlightofcabot@gmail.com,yes,no_peptides,https://saltandlightofcabot.com,vendor,,0
Salt Haven,salttherapyoregon.com,salthavensalem@gmail.com,salthavensalem@gmail.com,yes,no_peptides,https://salttherapyoregon.com,vendor,,0
Saltz Plastic Surgery & Saltz Spa Vitoria,saltzplasticsurgery.com,,,yes,no_email,https://saltzplasticsurgery.com,medspa,GLP-1 weight loss peptides,3
Sanctuary Skin,sanctuaryskinvb.com,info@sanctuaryskinvb.com,info@sanctuaryskinvb.com,yes,no_peptides,https://sanctuaryskinvb.com,medspa,,0
"Savage Serenity MedSpa in Fresno, CA",savageserenityspa.com,,,yes,no_email,https://savageserenityspa.com,medspa,"nad+, glutathione",3
Script MedSpa,scriptmedspa.com,,,yes,no_email,https://scriptmedspa.com,medspa,,0
Havana Sauna,sculptedmd.com,,,,no_email,,vendor,,0
SDBody,sdbody.com,,,yes,no_email,https://sdbody.com,medspa,nad+,7
Seattle Massage Sauna & Float,seattlemassagepro.com,,,,no_email,,vendor,,0
Urban Calm Spa Massage,seattleurbancalmspa.com,seattleurbancalmspa@gmail.com,seattleurbancalmspa@gmail.com,yes,no_peptides,https://seattleurbancalmspa.com,vendor,,0
Sego Lily Spa,segolilyspa.com,bountiful@segolilyspa.com,bountiful@segolilyspa.com; midvale@segolilyspa.com; layton@segolilyspa.com,,no_peptides,https://segolilyspa.com,medspa,,0
The Waxonistia Spot,seibellamedspa.net,,,yes,no_email,https://seibellamedspa.net,medspa,"semaglutide, tirzepatide, retatrutide, bpc-157, tb-500, thymosin beta-4",32
Self CenteRx,selfcenterboston.com,,,yes,no_email,https://selfcenterboston.com,medspa,,0
"Self Serenity Wellness Spa, LLC",selfserenitywellnessspa.com,,,yes,no_email,https://selfserenitywellnessspa.com,vendor,,0
Southeast Ohio Men’s Health Clinic,seomhc.com,,,,no_email,,vendor,,0
Serene Day Spa,serene-dayspa.com,,,yes,no_email,https://serene-dayspa.com,medspa,,0
Serene Sculpting,serenesculpting.as.me,,,,no_email,https://serenesculpting.as.me,vendor,,0
Serene Solutions By KT,serenesolutionsbykt.com,serenesolutionsbykt@gmail.com,serenesolutionsbykt@gmail.com,,no_peptides,https://serenesolutionsbykt.com,vendor,,0
Serotonin Centers,serotonincenters.com,windermerefl@serotonincenters.com,windermerefl@serotonincenters.com; dpfl@serotonincenters.com; coltsnecknj@serotonincenters.com; wpfl@serotonincenters.com; greenhillstn@serotonincenters.com; springfieldmo@serotonincenters.com; charlestonsc@serotonincenters.com; charlestonscmp@serotonincenters.com,yes,no_peptides,https://serotonincenters.com,medspa,,0
Shaped Secretz Body Sculpting,shapedsecretz.com,shapedsecretz@gmail.com,shapedsecretz@gmail.com,yes,already known,https://shapedsecretz.com,medspa,"semaglutide, tirzepatide",11
Share Health Regenerative Medicine & Wellness Clinic,sharedhealthwellness.com,,,yes,no_email,https://sharedhealthwellness.com,medspa,"semaglutide, tirzepatide, nad+",11
Shear Beaute LLC Hair n Nail Studio and spa,shearbeaute.glossgenius.com,shearbeaute@gmail.com,shearbeaute@gmail.com,yes,no_peptides,https://shearbeaute.glossgenius.com,vendor,,0
Coco Aesthetique,shmilyaesthetics.com,,,,no_email,https://shmilyaesthetics.com,medspa,,0
Shvaas Spa Salt Cave & Float Therapy,shvaasspa.com,impallari@gmail.com,impallari@gmail.com,yes,no_peptides,https://shvaasspa.com/about,vendor,,0
Siam Thai Massage and Spa,siamthaimassage-spa.com,stm808@gmail.com,stm808@gmail.com,yes,no_peptides,https://siamthaimassage-spa.com,vendor,,0
Dr Angel Gomez Garcia Siempre Bella MedSpa,siemprebellamedspaconsulting.com,,,,no_email,https://siemprebellamedspaconsulting.com,medspa,,0
"Simplify WNY: Weight Loss, Hormone Replacement for ALL, Aesthetics, Sk",simplifywny.com,,,yes,no_email,https://simplifywny.com,medspa,GLP-1 weight loss peptides,4
Get Salty & Lit,simply-revived.com,,,yes,no_email,https://simply-revived.com,medspa,"nad+, glutathione",4
Re:Lune,simplyrenewla.com,info.simplyrenewla@gmail.com,info.simplyrenewla@gmail.com,yes,no_peptides,https://simplyrenewla.com,medspa,,0
Simply Wellness,simplywellness.com,,,,unreachable,,,,
"Mindy Simpson DNP, FNP-C / Simpson Wellness",simpsonwellness.com,mindy@simpsonwellness.com,mindy@simpsonwellness.com,yes,no_peptides,https://simpsonwellness.com,medspa,,0
Sisterhood Aesthetics,sisterhoodaesthetics.com,,,,no_email,https://sisterhoodaesthetics.com,vendor,,0
"Skin Affair Med Spa in Clovis, CA",skinaffairmedspa.com,skinaffairmedspa@gmail.com,skinaffairmedspa@gmail.com,yes,no_peptides,https://skinaffairmedspa.com,medspa,,0
Skin Alchemy HI,skinalchemyhi.com,aloha@skinalchemyhi.com,aloha@skinalchemyhi.com; kshawnlin@gmail.com,yes,no_peptides,https://skinalchemyhi.com,vendor,,0
Skin Boutique,skinboutiquexperts.com,,,yes,no_email,https://skinboutiquexperts.com,medspa,GLP-1 weight loss peptides,5
Skin By Blair,skinbyblair.com,,,,no_email,https://skinbyblair.com,medspa,"semaglutide, tirzepatide",8
Skin by DAEK Luxury Skin Boutique and Med Spa,skinbydaek.com,,,yes,no_email,https://skinbydaek.com,medspa,,0
Skin by Sunni,skinbysunni.com,skinbysunni@gmail.com,skinbysunni@gmail.com,yes,no_peptides,https://skinbysunni.com,vendor,,0
"Skindripity Medspa and Aesthetics in Sacramento, CA",skindripity.com,,,,no_email,https://skindripity.com,vendor,,0
Skin Hub & Co,skinhubco.com,,,,no_email,https://skinhubco.com,medspa,,0
Skin Iowa PC,skiniowa.com,info@skiniowa.com,info@skiniowa.com,yes,no_peptides,https://skiniowa.com,medspa,,0
Skinkind Facial Retreat,skinkind.com,,,,no_email,https://skinkind.com,vendor,,0
SkinMD Boston,skinmd1.com,,,yes,no_email,https://skinmd1.com,medspa,"nad+, sermorelin, glutathione",10
Skin Reflections Medical Spa,skinreflectionsmed.com,,,yes,no_email,https://skinreflectionsmed.com,medspa,,0
Skin Reflections,skinreflectionsnd.com,,,yes,no_email,https://skinreflectionsnd.com,medspa,,0
Skinsational Laser and Liposculpture Center by Dr. Luciano,skinsationallasercenter.com,,,yes,no_email,https://skinsationallasercenter.com,medspa,semaglutide,1
Skinsation Medical Aesthetics + Wellness,skinsationmedical.com,,,yes,no_email,https://skinsationmedical.com,medspa,GLP-1 weight loss peptides,3
Skin Synthesis Clinic & Spa,skinsynthesis.com,info@skinsynthesis.com,info@skinsynthesis.com,yes,no_peptides,https://skinsynthesis.com,medspa,,0
HydraFacial Los Angeles,skinversemedspa.com,info@skinversemedspa.com,info@skinversemedspa.com,yes,no_peptides,https://skinversemedspa.com,medspa,,0
SKNDUSTRY,skndustry.co,appointment@skndustry.co,appointment@skndustry.co,yes,no_peptides,https://skndustry.co,medspa,,0
SLK Aesthetic Medicine,slkclinic.com,hello@slkclinic.com,hello@slkclinic.com,yes,no_peptides,https://slkclinic.com,medspa,,0
"Sneed MediSpa in Memphis, TN",sneedmedispa.com,sneedmedspa@gmail.com,sneedmedspa@gmail.com,yes,already known,https://sneedmedispa.com,medspa,glutathione,4
Jersey City MedSpa,snjesthetique.com,,,,no_email,https://snjesthetique.com,medspa,,0
The Anti Aging Center at Make You Well,socalbhrt.com,,,,no_email,,vendor,,0
"Sofia Dickey, RN",sofiadickeyrn.com,,,,no_email,https://sofiadickeyrn.com,medspa,,0
Revive Yourself Wellness,sola-vie.com,sola@sola-vie.com,sola@sola-vie.com,yes,no_peptides,https://sola-vie.com,medspa,,0
Soluna Aesthetics + Academy,solunaaestheticsco.glossgenius.com,,,,no_email,https://solunaaestheticsco.glossgenius.com,medspa,GLP-1 weight loss peptides,2
Sophelina Health,sophelinahealth.com,,,yes,no_email,https://sophelinahealth.com,medspa,"nad+, glutathione",3
"Sound Shapes Med Spa in Boston, MA",sound-shapes.com,,,,unreachable,,,,
"The DRIPBaR South Reno in Reno, NV",south-reno.thedripbar.com,,,,no_email,,vendor,,0
Spa Ashton,spaashton.com,,,yes,no_email,https://spaashton.com,medspa,,0
Inspire,spabyinspire.com,,,yes,no_email,https://spabyinspire.com,medspa,,0
Spa Catalina Advance Skin Care,spacatalinaonline.com,,,yes,no_email,https://spacatalinaonline.com,medspa,,0
Spa Hygge,spahygge.com,hello@spahygge.com,hello@spahygge.com,yes,no_peptides,https://spahygge.com,vendor,,0
Spa Lux,spalux.org,,,yes,no_email,https://spalux.org,medspa,,0
Spa Raquel,sparaquel.com,sparaquel1993@gmail.com,sparaquel1993@gmail.com,yes,no_peptides,https://sparaquel.com,medspa,,0
Parkside Spa & Sauna,spariversideva.com,spariversideva@gmail.com,spariversideva@gmail.com,yes,no_peptides,https://spariversideva.com,vendor,,0
Spa Rockaway,sparockaway.com,info@sparockaway.com,info@sparockaway.com,yes,no_peptides,https://sparockaway.com,medspa,,0
Spartan Medical Group,spartanmedgroup.com,,,,no_email,,vendor,,0
"Spartan Medical Associates, PC",spartanmedicalassociates.com,,,yes,no_email,https://spartanmedicalassociates.com,medspa,"semaglutide, tirzepatide",8
Spa Savoir Faire,spasavoirfaire.com,,,yes,no_email,https://spasavoirfaire.com,vendor,,0
SpaSpace Chicago,spaspacechicago.com,,,yes,no_email,https://spaspacechicago.com,vendor,,0
Spa Sydell Integrative Aesthetics,spasydell.com,,,yes,no_email,https://spasydell.com,vendor,,0
Spatologie,spatologie.com,,,,unreachable,,,,
Spa Trouvé,spatrouve.com,,,yes,no_email,https://spatrouve.com,medspa,nad+,4
Spokane Bioidentical Hormones,spokanebioidenticalhormones.com,,,yes,no_email,https://spokanebioidenticalhormones.com,medspa,,1
The Beauty Room by Anna,square.site,,,yes,no_email,https://square.site/contact,medspa,,0
The DRIPBaR St. Johns,st-johns-parkway.thedripbar.com,,,,no_email,,vendor,,0
Starsiak Aesthetics,starsiakaesthetics.com,,,yes,no_email,https://starsiakaesthetics.com,medspa,,1
"Activate IV and Cryotherapy LLC in Alpharetta, GA",stationhydration.com,,,yes,no_email,https://stationhydration.com,medspa,"nad+, glutathione",3
"Flawless Med Spa & Wellness in Albuquerque, NM",stayflawless.com,,,yes,no_email,https://stayflawless.com,medspa,,0
"Stones River Hydration and Wellness in Murfreesboro, TN",stonesriverhydration.com,,,,no_email,,vendor,,0
Stracuzzi Wellness,stracuzziwellness.com,,,,no_email,,vendor,,0
Studio G Aesthetics,studiogaesthetics.com,info@studiogaesthetics.com,info@studiogaesthetics.com,yes,no_peptides,https://studiogaesthetics.com/contact-us,medspa,,0
Sugar & Skin Spa,sugarandskinseattle.com,sugarandskinseattle@gmail.com,sugarandskinseattle@gmail.com,yes,no_peptides,https://sugarandskinseattle.com,medspa,,0
Body Sugaring and Wellness Spa,sugaringspa.com,,,yes,no_email,https://sugaringspa.com,medspa,,0
Summa Health Medical Group Urology,summahealth.org,,,yes,no_email,https://summahealth.org,medspa,,0
Sun City Sports Medicine Family Clinic,suncityfamilyclinic.com,,,yes,no_email,https://suncityfamilyclinic.com,medspa,,1
Sundays Sun Spa Wellness,sundaysbluebox.com,,,,unreachable,,,,
Sunlimited Wellness Day Spa,sunlimitedwellness.com,,,yes,no_email,https://sunlimitedwellness.com,vendor,,0
Brie Cure Aesthetics New Orleans,supportivwellness.com,,,yes,no_email,https://supportivwellness.com,medspa,"semaglutide, tirzepatide, nad+",7
Nebraska Medicine Village Pointe Aesthetic Surgery,surgeryvp.com,,,,unreachable,,,,
Swedish MedSPA,swedishspa.org,,,yes,no_email,https://swedishspa.org,medspa,,0
"Sweet Bliss Skincare, Las Vegas NV",sweetblissskin.com,,,,no_email,https://sweetblissskin.com,vendor,,0
"SWFL Health and Hydration in Fort Myers, FL",swflhealthandhydration.com,,,yes,no_email,https://swflhealthandhydration.com,medspa,"bpc-157, tb-500, thymosin beta-4, nad+, ipamorelin, tesamorelin",14
SYNC Life,synclife.health,,,yes,no_email,https://synclife.health,medspa,"semaglutide, tirzepatide, bpc-157, tb-500, thymosin alpha-1, nad+",15
Synergy Wellness Center,synergywellnesscenter.com,,,yes,no_email,https://synergywellnesscenter.com,medspa,"semaglutide, tirzepatide, nad+",11
T360s Wellness Clinic,t360s.com,info@t360s.com,info@t360s.com; welcome@t360s.com,yes,already known,https://t360s.com,medspa,GLP-1 weight loss peptides,6
Tampa Bay Total Wellness Anti Aging Med Spa,tampabaytotalwellness.com,,,yes,no_email,https://tampabaytotalwellness.com,medspa,"semaglutide, tirzepatide, nad+, glutathione",13
Beauty Doctor Tara's Med Spa,tarabeautydoctor.com,,,yes,no_email,https://tarabeautydoctor.com,medspa,glutathione,1
Taylor'd Wellness,taylordwellness.net,appointments@taylordwellness.net,appointments@taylordwellness.net,yes,no_peptides,https://taylordwellness.net,vendor,,0
"Taylor Medical Wellness, Weight Loss and Aesthetic Group in Atlanta, G",taylormedicalgroup.net,,,,no_email,,vendor,,0
Total Body Wellness,tbwspa.com,,,,unreachable,,,,
TC Medspa & Laser,tcmedspas.com,,,yes,no_email,https://tcmedspas.com,medspa,,0
Maine Skin,tealiatabales.glossgenius.com,estheticsforthewildsoul@gmail.com,estheticsforthewildsoul@gmail.com,,no_peptides,https://tealiatabales.glossgenius.com,vendor,,0
"Tequila's Whole Health, LLC",tequilaswholehealthllc.com,,,yes,no_email,https://tequilaswholehealthllc.com,medspa,"semaglutide, nad+",6
Testosterone.Doctor,testosterone.doctor,,,,unreachable,,,,
"Infusion Care, LLC in Dallas, TX",texascentersinfusions.com,,,yes,no_email,https://texascentersinfusions.com,medspa,,0
Texas Vitality,texasvitality.com,,,,no_email,,vendor,,0
Thai Banyan Massage and Spa,thaibanyanmassage.com,,,,no_email,,vendor,,0
The Men's Center,the-mens-center.com,,,,no_email,,vendor,,0
The Atlanta Face Company,theatlantafacecompany.com,,,yes,no_email,https://theatlantafacecompany.com,medspa,"semaglutide, tirzepatide, bpc-157, tb-500, nad+, ipamorelin",13
Aulo,theaulo.com,info@theaulo.com,info@theaulo.com,yes,no_peptides,https://theaulo.com,vendor,,0
The Balanced Woman,thebalancedwoman.com,,,yes,no_email,https://thebalancedwoman.com,medspa,,1
"The Beauty Bay Med Spa in Rockville, MD",thebeautybaymedspa.com,,,,no_email,https://thebeautybaymedspa.com,medspa,,0
"The Beauty Pharm Medspa and Wellness in Owasso, OK",thebeautypharmowasso.com,impallari@gmail.com,impallari@gmail.com,yes,no_peptides,https://thebeautypharmowasso.com,medspa,,0
The Beauty Spot,thebeautyspotlr.com,,,,no_email,,vendor,,0
The Beauty Tree Spa,thebeautytreespa.com,,,,unreachable,,,,
Bio Skin Aesthetics,thebioskinaesthetics.com,,,yes,no_email,https://thebioskinaesthetics.com,medspa,,0
The Body Mod,thebodymod.com,,,yes,no_email,https://thebodymod.com,medspa,glutathione,11
The Body Spa & Cryotherapy,thebodyspaonline.com,thebodysparc@gmail.com,thebodysparc@gmail.com,yes,no_peptides,https://thebodyspaonline.com,medspa,,0
The Bronx Clinic,thebronxclinic.com,,,yes,no_email,https://thebronxclinic.com,medspa,,6
The Clinic for Medical Aesthetics,theclinicmn.com,,,yes,no_email,https://theclinicmn.com,medspa,,0
The Covery,thecovery.com,,,,no_email,https://thecovery.com,medspa,"semaglutide, tirzepatide",13
The Day Spa,thedayspa.mysalononline.com,,,,no_email,https://thedayspa.mysalononline.com/pages/contact,vendor,,0
The Dead Sea Spa,thedeadseaspa.com,,,yes,no_email,https://thedeadseaspa.com,medspa,,0
ThE DELIGHT DAY SPA,thedelightdayspa.com,contact@thedelightdayspa.com,contact@thedelightdayspa.com,yes,no_peptides,https://thedelightdayspa.com,vendor,,0
Michigan Center For Regenerative Medicine,thedripbar.com,,,,no_email,,vendor,,0
The Drip IV Therapy,thedripivtherapy.com,,,,no_email,,vendor,,0
"The Drip Lounge Wellness Center in Mount Pleasant, SC",thedriplounge.com,,,yes,no_email,https://thedriplounge.com,medspa,nad+,5
The Facial Bee,thefacialbee.com,,,,no_email,,vendor,,0
The Fuel Stop,thefuelstop.com,,,yes,no_email,https://thefuelstop.com,medspa,"bpc-157, nad+, ipamorelin, cjc-1295, ss-31, ghk-cu",11
Cockeysville Clinic For Men,theguysclinic.com,,,,unreachable,,,,
Hangover IV,thehangoveriv.com,hangoverivsocial@gmail.com,hangoverivsocial@gmail.com,yes,already known,https://thehangoveriv.com,medspa,nad+,2
Houston Medical Spa,thehoustonmedspa.glossgenius.com,thehoustonmedspa@gmail.com,thehoustonmedspa@gmail.com,yes,no_peptides,https://thehoustonmedspa.glossgenius.com,medspa,,0
The HUB IV BAR Wellness Boutique,thehubivbar.com,,,,no_email,,vendor,,0
"Hydration Institute in Woodstock, GA",thehydrationinstitute.com,,,,no_email,,vendor,,0
"The IV Hub Wellness Burlington MA in Burlington, MA",theivhubwellness.com,,,yes,no_email,https://theivhubwellness.com,medspa,"nad+, sermorelin, glutathione",12
The Kura Door,thekuradoor.com,,,yes,no_email,https://thekuradoor.com,vendor,,0
LifeDrip,thelifedrip.com,,,yes,no_email,https://thelifedrip.com/about,medspa,nad+,1
The Longevity Suite,thelongevitysuite.com.tr,,,,no_email,https://thelongevitysuite.com.tr,medspa,,1
"Westport Medispa: Dana Brownell, MD",themedispa.com,,,yes,no_email,https://themedispa.com,medspa,GLP-1 weight loss peptides,5
The MedSpa at Galleria,themedspatx.com,,,,unreachable,,,,
the MODERN Plastic Surgery & Medspa,themodernplasticsurgery.com,,,yes,no_email,https://themodernplasticsurgery.com,medspa,GLP-1 weight loss peptides,2
Mosaic Luxury Medical Spa,themosaicspa.com,info@themosaicspa.com,info@themosaicspa.com,yes,no_peptides,https://themosaicspa.com,medspa,,0
The Natural Look MedSpa,thenaturallook.net,info@thenaturallook.net,info@thenaturallook.net,yes,no_peptides,https://thenaturallook.net,medspa,,0
Nova Skin & Body,thenovaspa.com,,,,no_email,https://thenovaspa.com,vendor,,0
NV Medspa Honolulu,thenvmedspa.com,nvmedspahonolulu@gmail.com,nvmedspahonolulu@gmail.com,yes,already known,https://thenvmedspa.com,medspa,GLP-1 weight loss peptides,2
Cincinnati Center for Hormonal Pellet Therapy,theobgyngroup.com,,,yes,no_email,https://theobgyngroup.com,medspa,,1
Ocean Aesthetics,theoceanaesthetics.com,info@theoceanaesthetics.com,info@theoceanaesthetics.com,yes,no_peptides,https://theoceanaesthetics.com,medspa,,0
Luma Massage Spa & Wellness,theolivebranchmedspa.com,impallari@gmail.com,impallari@gmail.com,,no_peptides,https://theolivebranchmedspa.com/services,medspa,,0
Opulent Med Spa,theopulentmedspa.com,,,yes,no_email,https://theopulentmedspa.com,medspa,,1
Park Aesthetics,theparkaesthetics.com,questions@theparkaesthetics.com,questions@theparkaesthetics.com,yes,no_peptides,https://theparkaesthetics.com,medspa,,0
The Perfect Poke,theperfectpoke.com,,,,unreachable,,,,
The Pham Aesthetics,thephamaesthetic.com,,,,unreachable,,,,
The Place For Guys,theplaceforguys.com,,,yes,no_email,https://theplaceforguys.com,vendor,,0
"prosperIV Yonkers in Yonkers, NY",theprosperiv.com,,,,no_email,https://theprosperiv.com,medspa,,1
PurA Medical Aesthetics,thepuralife.com,,,yes,no_email,https://thepuralife.com,medspa,nad+,5
Revive Med Spa,therevivemedspa.com,revivemedspacolumbia@gmail.com,revivemedspacolumbia@gmail.com,yes,no_peptides,https://therevivemedspa.com,medspa,,0
Waldorf Astoria Spa New Orleans,therooseveltneworleans.com,,,yes,no_email,https://therooseveltneworleans.com,vendor,,0
"The Royal Elixirs IV Hydration & Wellness Lounge in Prairieville, LA",theroyalelixirs.com,theroyalelixirs@gmail.com,theroyalelixirs@gmail.com,,no_peptides,https://theroyalelixirs.com,vendor,,0
"The Science of Beauty in Dallas, TX",thescienceofbeauty.co,,,,unreachable,,,,
The Skin Bar & Med Spa,theskinbarandmedspa.com,contact@theskinbarandmedspa.com,contact@theskinbarandmedspa.com,,no_peptides,https://theskinbarandmedspa.com,medspa,,0
The Skin Beautique,theskinbeautiquerc.com,theskinbeautiquerc@gmail.com,theskinbeautiquerc@gmail.com,yes,no_peptides,https://theskinbeautiquerc.com,medspa,,0
The Skin Standard,theskinstandard.com,hello@theskinstandard.com,hello@theskinstandard.com,yes,no_peptides,https://theskinstandard.com,medspa,,0
"The Solution in Hermosa Beach, CA",thesolutioniv.com,,,yes,no_email,https://thesolutioniv.com,medspa,"nad+, glutathione",3
Spa Docs,thespadocs.com,info@thespadocs.com,info@thespadocs.com,yes,no_peptides,https://thespadocs.com,medspa,,0
The SpeakEasy Spa,thespeakeasyspa.com,,,yes,no_email,https://thespeakeasyspa.com,vendor,,0
The Sunset Aesthetics,thesunsetaesthetics.com,impallari@gmail.com,impallari@gmail.com; thesunset1509@gmail.com,yes,no_peptides,https://thesunsetaesthetics.com,medspa,,0
The V-Spot,thevspotmke.com,,,yes,no_email,https://thevspotmke.com,vendor,,0
Thrive Weight Loss and Medical Clinic,thrivecareclinic.com,,,yes,no_email,https://thrivecareclinic.com,medspa,"semaglutide, tirzepatide",6
Thrive Health and Wellness,thrivehandw.com,,,,no_email,https://thrivehandw.com,vendor,,0
"Thrive IV Hydration Mobile & Spa in Tulsa, OK",thriveivmobile.com,tulsahydration@gmail.com,tulsahydration@gmail.com,yes,already known,https://thriveivmobile.com,medspa,"nad+, glutathione",3
"Thrive Health & Wellness in Kalamazoo, MI",thrivekzoo.com,,,yes,no_email,https://thrivekzoo.com,medspa,GLP-1 weight loss peptides,4
Thrive Medical WNY,thrivemedicalwny.com,,,,no_email,,vendor,,0
"Thrive Wellness Studio in Beverly Hills, CA",thrivewellness-studio.com,,,yes,no_email,https://thrivewellness-studio.com,medspa,nad+,3
"ThrIVe Wellness of Baton Rouge in Baton Rouge, LA",thrivewellnessbr.com,,,,no_email,,vendor,,0
ThrIVe Wheeling,thrivewheeling.com,,,yes,no_email,https://thrivewheeling.com,medspa,semaglutide,6
Timeless Glow MedSpa,timelessglowmedspa.com,service@timelessglowmedspa.com,service@timelessglowmedspa.com,yes,no_peptides,https://timelessglowmedspa.com,medspa,,0
"Timeless Skin and Wellness in South Ogden, UT",timelessut.com,info@timelessut.com,info@timelessut.com,,no_peptides,https://timelessut.com,medspa,,0
"The DRIPBaR Times Square at Alter Native Wellness in New York, NY",times-square-nyc.thedripbar.com,,,,no_email,,vendor,,0
TitanX Men's Health,titanxmenshealth.com,,,,no_email,https://titanxmenshealth.com,vendor,,0
"Tennessee Hydration & Wellness in Mt. Juliet, TN",tnhydration.com,,,,no_email,,vendor,,0
TNT Wellness Hormone Therapy Clinic,tnthealthyhormones.com,,,,no_email,,vendor,,0
Next Level HCG Therapy Clinic,toledo.hcgvitalclinic.com,,,,no_email,https://toledo.hcgvitalclinic.com,vendor,,0
iBeauty Medspa: Center For Laser & Cosmetic Surgery,toledomensclinic.com,,,yes,no_email,https://toledomensclinic.com,medspa,semaglutide,5
NSI Wellness,tolmanmedical.com,,,,unreachable,,,,
Top Aesthetics Laser,topskinlaser.com,,,yes,no_email,https://topskinlaser.com,medspa,,0
Totality Men's Health and Wellness,totalitymen.com,,,yes,no_email,https://totalitymen.com,vendor,,1
Total T Clinic,totaltclinic.com,,,yes,no_email,https://totaltclinic.com,medspa,"semaglutide, tirzepatide, bpc-157, nad+, sermorelin, hexarelin",12
"The DRIPBaR Town and Country in Town and Country, MO",town-and-country-crossing.thedripbar.com,,,,no_email,,vendor,,0
Defined Aesthetics of Louisville,toxedbynick.com,aprn@toxedbynick.com,aprn@toxedbynick.com,yes,no_peptides,https://toxedbynick.com,medspa,,0
Tranquil Escape Spa and Boutique,tranquil-escape.com,tranquilescape01@gmail.com,tranquilescape01@gmail.com,yes,no_peptides,https://tranquil-escape.com,vendor,,0
"Tricoche Integrated Health in Melbourne, FL",tricochehealth.com,,,yes,no_email,https://tricochehealth.com,medspa,,2
"Tri Health & Wellness in Macedon, NY",trihealthandwellness.info,,,,no_email,,vendor,,0
Trilogy Medispa,trilogy-medispa.com,,,,no_email,,vendor,,0
"Trim IV Infusions in Rochelle, IL",trimiv.com,,,yes,no_email,https://trimiv.com,medspa,"tirzepatide, bpc-157, nad+, sermorelin, epithalon, pt-141",15
Cincinnati TRT Injections,trtclinicgroup.store,,,,unreachable,,,,
True Beauty Day Spa,truebeautydayspa.com,,,yes,no_email,https://truebeautydayspa.com,vendor,,0
"Dr. Stephanie King, APRN, FNP-C",truehealthcareutah.com,,,yes,no_email,https://truehealthcareutah.com,medspa,,1
True Phoenix Functional Health,truephoenix.org,,,,unreachable,,,,
True REST Float Spa • Chandler,truerest.com,,,,no_email,https://truerest.com,vendor,,0
TruNorth Men's Health and Testosterone,trunorthtestosterone.com,,,yes,no_email,https://trunorthtestosterone.com/contact-us,vendor,"semaglutide, tirzepatide",2
"TS Hydration and Wellness Medical Center in Redlands, CA",tshydrationandwellnessmedicalcenter.com,,,yes,no_email,https://tshydrationandwellnessmedicalcenter.com,medspa,"nad+, glutathione",8
Osler Health @ Raffles Hotel Arcade,tsquaredlab.com,,,,no_email,,vendor,,0
Poppi’s Spa+Lounge,tulsapoppi.com,,,yes,no_email,https://tulsapoppi.com,vendor,,0
Bella Roma Medical Spa,tulsasurgicalarts.com,,,yes,no_email,https://tulsasurgicalarts.com,medspa,GLP-1 weight loss peptides,3
Equation Medical Spa & Skin Care,twincitiesderm.com,,,yes,no_email,https://twincitiesderm.com,medspa,,0
Twin Rivers IV & Wellness Lounge,twinriversiv.com,,,yes,no_email,https://twinriversiv.com,medspa,"nad+, glutathione",5
O'Berry Neuro-Medical Treatment Center,twinriversivgoldsboro.com,,,,no_email,,vendor,,0
Alpha Men's Health,txtestosterone.com,,,yes,no_email,https://txtestosterone.com,medspa,"semaglutide, tirzepatide, sermorelin, tesamorelin",7
"ULTIMATE IV AND WELLNESS in Bradenton, FL",ultimateivwellness.com,,,,no_email,,vendor,,0
Una Vida Restorative Medicine,unavidaelpaso.com,,,,no_email,https://unavidaelpaso.com,vendor,,0
"Uphoria Vitamin Infusion Therapy in Elizabethtown, KY",uphoriavit.com,,,,no_email,https://uphoriavit.com,medspa,,1
Ethereal Skin and Beauty,uptownchandler.com,impallari@gmail.com,impallari@gmail.com,yes,no_peptides,https://uptownchandler.com,medspa,,0
"Urbane Beauty Co. in Latham, NY",urbanebeautyco.com,,,,no_email,,vendor,,0
Innerbloom Spa & Wellness,usacommetix.top,,,,no_email,https://usacommetix.top/contact,vendor,,0
Us Men's Medical Center,usmensmedicalcenter.com,,,,no_email,https://usmensmedicalcenter.com,vendor,,0
Utopia Day Spa,utopiadayspa603.com,,,yes,no_email,https://utopiadayspa603.com,vendor,,0
CVPH,uvmhealth.org,,,yes,no_email,https://uvmhealth.org,medspa,,0
Men's Health Center at Uw Medical Center,uwmedicine.org,,,,unreachable,,,,
Valley Natural Health,valleynh.com,,,yes,no_email,https://valleynh.com,medspa,semaglutide,4
"Chester Miltenberger, MD",vanguardmedcare.com,,,,unreachable,,,,
Vantage Men,vantagemen.com,,,,unreachable,,,,
Vashan Bioidentical Hormone Therapy of Maryland,vashanbioidenticalhormonetherapy.com,,,yes,no_email,https://vashanbioidenticalhormonetherapy.com,medspa,oxytocin,4
VELA,velaclt.com,info@velaclt.com,info@velaclt.com,yes,no_peptides,https://velaclt.com,medspa,,0
"Verdure Wellness and Infusion Clinic in Rancho Cucamonga, CA",verdurewellnessandinfusion.com,,,,no_email,,vendor,,0
V Esthetics Beauty Studio & Spa,vesthetics.org,,,,no_email,https://vesthetics.org,vendor,,0
Vibrance Med Spa,vibrancepro.com,info@vibrancepro.com,receipts@vibrancepro.com; info@vibrancepro.com,yes,no_peptides,https://vibrancepro.com,medspa,,0
"Vibrant Med Spa in Bentonville, AR",vibrantnwa.com,,,,no_email,https://vibrantnwa.com,medspa,,1
Victory Men's Health,victorymenshealth.com,,,,unreachable,,,,
"Vida Beauty & Wellness in Stockton, CA",vidabeautyandwellness.com,,,yes,no_email,https://vidabeautyandwellness.com,medspa,,0
Vida Colonics SPA,vidacolonicsspa.com,,,yes,no_email,https://vidacolonicsspa.com,vendor,,0
Vinings Med Spa • Skincare • Massage • Body Treatments,viningsspa.com,,,,unreachable,,,,
The DRIPBaR,virginia-beach-landstown-commons.thedripbar.com,,,,no_email,,vendor,,0
VP,virtualpractitioners.com,support@virtualpractitioners.com,support@virtualpractitioners.com,yes,no_peptides,https://virtualpractitioners.com/contact,medspa,,0
Virtue Aesthetics,virtueaestheticsabq.com,,,yes,no_email,https://virtueaestheticsabq.com,medspa,semaglutide,3
Visionary Wellness WNY,visionarywellnesswny.com,info@visionarywellnesswny.com,info@visionarywellnesswny.com,yes,no_peptides,https://visionarywellnesswny.com/contact,medspa,,0
"Vita 10 IV Therapy in Frisco, TX",vita10therapy.com,,,yes,no_email,https://vita10therapy.com,medspa,"nad+, glutathione",6
"Vital Health in Van Buren, AR",vitalhealthrivervalley.com,,,,no_email,https://vitalhealthrivervalley.com,medspa,,1
"Vital Infusions & Performance in Las Vegas, NV",vitalinfusionsandperformance.com,,,,no_email,,vendor,,0
Vitality and Wellness Group,vitalityandwellnessgroup.com,impallari@gmail.com,impallari@gmail.com,yes,already known,https://vitalityandwellnessgroup.com/contact,medspa,,1
Spokane Vitality Center dba Vitality Centers NW,vitalitycentersnw.com,,,yes,no_email,https://vitalitycentersnw.com,medspa,"semaglutide, tirzepatide",12
Renew Vitality Testosterone Clinic,vitalityhrt.com,,,,no_email,,vendor,,0
"Vitality Hormone and Wellness Center in McAllen, TX",vitalityhwc.com,,,,no_email,,vendor,,0
"Michael Trombley, MD",vitalitymen.com,,,yes,no_email,https://vitalitymen.com,medspa,,2
Vitality Natural Wellness,vitalitynaturalwellness.com,info@vitalitynaturalwellness.com,info@vitalitynaturalwellness.com,,no_peptides,https://vitalitynaturalwellness.com,vendor,,0
Vitality Testosterone Replacement Therapy Clinic,vitalitytestosteronereplacementtherapy.com,,,,unreachable,,,,
Vitall Advanced Medicine,vitallmed.com,,,,no_email,,vendor,,0
Vitalogy Wellness & Med-Spa,vitalogywellnessandmedspa.com,,,yes,no_email,https://vitalogywellnessandmedspa.com,medspa,semaglutide,8
Vita Nova Ketamine & Wellness Clinic,vitanovawellnessclinic.com,,,,no_email,,vendor,,0
Vivid Aesthetics,vividaesthetics.com,,,yes,no_email,https://vividaesthetics.com,medspa,GLP-1 weight loss peptides,4
"Vivify Hydration Lounge & Medispa in Batavia, NY",vivifyhl-medispa.com,impallari@gmail.com,impallari@gmail.com; vivifyhl@gmail.com; raesthetics14020@gmail.com,yes,already known,https://vivifyhl-medispa.com,medspa,"nad+, glutathione",2
Venus & Venom MEDIspa Nanuet,vvmspa.com,,,yes,no_email,https://vvmspa.com,medspa,,0
"Wasatch Infusion in Murray, UT",wasatchinfusion.com,,,yes,no_email,https://wasatchinfusion.com,medspa,,1
"West Des Moines IV in West Des Moines, IA",wdmiv.com,,,,no_email,,vendor,,0
Weightless Float Center,weightlessky.com,frontdesk@weightlessky.com,frontdesk@weightlessky.com,yes,no_peptides,https://weightlessky.com,vendor,,0
Medical Weight Loss of New York,weightlosscny.com,,,yes,no_email,https://weightlosscny.com,medspa,"semaglutide, tirzepatide, glutathione",17
The Body Center Weight Loss & Medspa,weightlossservicecharlotte.com,,,,unreachable,,,,
"The Weights Over in Birmingham, AL",weights-over.com,,,yes,no_email,https://weights-over.com,vendor,,1
Wellesley Testosterone,wellesleytestosterone.com,,,yes,no_email,https://wellesleytestosterone.com,medspa,,3
Vital Hydration & Wellness,wellnesscentercleveland.com,wellnesscentercleveland@gmail.com,wellnesscentercleveland@gmail.com,yes,already known,https://wellnesscentercleveland.com,medspa,"semaglutide, tirzepatide",10
Wellness Club 365,wellnessclub365.com,,,yes,no_email,https://wellnessclub365.com,medspa,"retatrutide, bpc-157, tb-500, nad+, ghk-cu, glutathione",13
"The Wellness Drip, Inc",wellnessdripholyoke.com,,,yes,no_email,https://wellnessdripholyoke.com,medspa,"semaglutide, tirzepatide, nad+",10
Wellness Health & Nutrition,wellnesshealth-nutrition.com,,,yes,no_email,https://wellnesshealth-nutrition.com,vendor,,1
"Wellness By Claire in Mission, TX",wellxclaire.com,wellnessbyclairellc@gmail.com,wellnessbyclairellc@gmail.com,yes,already known,https://wellxclaire.com,medspa,nad+,4
Medical Wellness by Pain West,wereviveyou.com,,,yes,no_email,https://wereviveyou.com,medspa,semaglutide,7
My Youth Med Spa,westhollywoodmedicalspa.com,,,yes,no_email,https://westhollywoodmedicalspa.com,medspa,,1
Whole Body Wellness Collective,wholebodywellnesscollective.com,wholebodywellnesscollective@gmail.com,wholebodywellnesscollective@gmail.com,yes,no_peptides,https://wholebodywellnesscollective.com,medspa,,0
"Wholistic Health and Dermatology by Julia T. Hunter, M.D.",wholistichealthanddermatology.com,,,yes,no_email,https://wholistichealthanddermatology.com,vendor,,0
wHydrate,whydrate.com,,,,no_email,https://whydrate.com,medspa,"nad+, glutathione",3
Elevation Medical Weight Loss Morgantown,willowmedspa.skin,willowmedspaandsalon@gmail.com,willowmedspaandsalon@gmail.com,yes,already known,https://willowmedspa.skin,medspa,nad+,4
WNY Integrative Wellness,wny-integrative-wellness.com,,,yes,no_email,https://wny-integrative-wellness.com,medspa,GLP-1 weight loss peptides,5
Oasis Med Spa at WSNM,wsnmmedspa.com,,,yes,no_email,https://wsnmmedspa.com,medspa,,1
Wyoming Eye Spa,wyomingeyespa.com,,,,no_email,,vendor,,0
"Xage Medical Spa in Provo, UT",xagemedicalspa.com,,,yes,no_email,https://xagemedicalspa.com,medspa,"nad+, glutathione",4
Yafeh Aesthetics Med Spa,yafehaesthetics.com,info@yafehaesthetics.com,info@yafehaesthetics.com,yes,no_peptides,https://yafehaesthetics.com,medspa,,0
"Larimar Aesthetics and Wellness in Provo, UT",yocale.com,info@yocale.com,info@yocale.com; support@yocale.com,yes,no_peptides,https://yocale.com,medspa,,0
Younique Cosmetic Surgery Center & Medical Spa,youniquecosmeticsurgery.com,,,yes,no_email,https://youniquecosmeticsurgery.com/contact-us,medspa,nad+,6
Younique Medical Spa,youniquemedicalspa.me,,,yes,no_email,https://youniquemedicalspa.me,medspa,"semaglutide, tirzepatide, nad+, glutathione",12
"Your Best Life Md in Camp Hill, PA",yourbestlifemd.com,,,yes,no_email,https://yourbestlifemd.com/contact-us,medspa,,0
Your Secret Med Spa,yoursecretspa.com,info@yoursecretspa.com,info@yoursecretspa.com,yes,no_peptides,https://yoursecretspa.com,medspa,,0
Your Sweet Blessings,yoursweetblessings.com,,,,no_email,,vendor,,0
Anchor Wellness,yourwellnessanchor.com,,,,unreachable,,,,
Your Wellness Center,yourwellnesscenter.com,,,,no_email,,vendor,,0
YOUvitalize Wellness Spa & Venue,youvitalize.com,info@youvitalize.com,info@youvitalize.com,yes,no_peptides,https://youvitalize.com,vendor,,0
Yume Spa,yumespa.com,info@yumespa.com,info@yumespa.com,yes,no_peptides,https://yumespa.com,vendor,,0
ZAQ Aesthetics,zaqaesthetics.com,,,,no_email,,vendor,,0
Zeitaku Spa,zeitakuspainc.com,pingstarspa@gmail.com,pingstarspa@gmail.com,yes,no_peptides,https://zeitakuspainc.com,vendor,,0
"Zen Regenerative Wellness in Little Rock, AR",zenregenerativewellness.com,,,,no_email,https://zenregenerativewellness.com,vendor,,1
Zero Gravity Massage of Columbus,zerogravitymassage.net,,,,no_email,,vendor,,0
BBeautiful Injectables,zivel.com,coralgables@zivel.com,zivelbriargate@gmail.com; coralgables@zivel.com; coolsprings@zivel.com; highlandsranch@zivel.com; palmcoast@zivel.com,,no_peptides,https://zivel.com,medspa,,0
