vendor,domain,email,all_emails,us_signal,status,evidence_url,audience,peptides,peptide_hits
"Mountain View Functional Medicine, PLLC",aaronpottsnd.com,aaronpottsnd@gmail.com,aaronpottsnd@gmail.com; drpottsnd@gmail.com,yes,ok,https://aaronpottsnd.com,medspa,,2
Revive Skin and Med Spa,abc-wellness.com,drculik@gmail.com,drculik@gmail.com,yes,ok,https://abc-wellness.com,vendor,glutathione,1
Ala Moana Aesthetics,alamoanaesthetics.com,jamiehong229@gmail.com,jamiehong229@gmail.com,yes,ok,https://alamoanaesthetics.com,medspa,"semaglutide, tirzepatide, glutathione",9
Restoration Wellness,allbodyhw.com,contact@allbodyhw.com,contact@allbodyhw.com,yes,ok,https://allbodyhw.com,medspa,"semaglutide, tirzepatide",7
"Amor Aesthetics, Billings, MT",amoraestheticsmt.com,hello@amoraestheticsmt.com,hello@amoraestheticsmt.com,yes,ok,https://amoraestheticsmt.com,medspa,,2
Artisan Beauté,artisanbeaute.com,info@artisanbeaute.com,info@artisanbeaute.com,yes,ok,https://artisanbeaute.com,medspa,GLP-1 weight loss peptides,6
Blue Alchemy IV Hydration+Wellness Infusions,augustaa2m.com,stojino@augustaa2m.com,stojino@augustaa2m.com,yes,ok,https://augustaa2m.com,medspa,"nad+, glutathione",4
Be You Med Spa,be-you-medspa.com,bebeautiful@be-you-medspa.com,bebeautiful@be-you-medspa.com,yes,ok,https://be-you-medspa.com,medspa,semaglutide,3
Beau Luke Medical Spa,beauluke.com,info@beauluke.com,info@beauluke.com,yes,ok,https://beauluke.com,medspa,GLP-1 weight loss peptides,4
Flawless,beflawlessmn.com,admin@beflawlessmn.com,%20admin@beflawlessmn.com; admin@beflawlessmn.com,yes,ok,https://beflawlessmn.com,medspa,semaglutide,3
Bella Medical Spa,bellamedspa.com,inquiry@bellamedspa.com,inquiry@bellamedspa.com,yes,ok,https://bellamedspa.com,medspa,GLP-1 weight loss peptides,4
Harley True,bioloungepdx.com,info@bioloungepdx.com,info@bioloungepdx.com,yes,ok,https://bioloungepdx.com,medspa,,3
Bonus Image Aesthetics APM LLC,bonusimagenola.com,info@bonusimagenola.com,info@bonusimagenola.com,yes,ok,https://bonusimagenola.com,medspa,glutathione,1
Debra Wood Acupuncture Wellness,boston.dexafit.com,boston@dexafit.com,boston@dexafit.com,yes,ok,https://boston.dexafit.com,medspa,GLP-1 weight loss peptides,2
Botanical Nail and Skin Studio,botanicalnailandskinstudio.com,info@botanicalnailandskinstudio.com,info@botanicalnailandskinstudio.com,yes,ok,https://botanicalnailandskinstudio.com,medspa,glutathione,1
Ben Cleveland Wellness Center,chestnutwellness.com,admin@chestnutwellness.com,admin@chestnutwellness.com,yes,ok,https://chestnutwellness.com,medspa,semaglutide,6
Citrine Aesthetics,citrineaesthetics.com,citrineaestheticsllc@gmail.com,citrineaestheticsllc@gmail.com,yes,ok,https://citrineaesthetics.com,medspa,nad+,3
City Laser Clinic,citylaserclinic.com,info@citylaserclinic.com,info@citylaserclinic.com,yes,ok,https://citylaserclinic.com,medspa,,1
Clinica Beauty Lounge,clinicabeautylounge.com,info@clinicabeautylounge.com,info@clinicabeautylounge.com,yes,ok,,medspa,,1
Coastal Aesthetics,coastalaesthetic.com,info@coastalaesthetic.com,info@coastalaesthetic.com,yes,ok,https://coastalaesthetic.com,medspa,GLP-1 weight loss peptides,5
Conejo Valley Medspa,conejovalleymedspa.com,sofia@conejovalleymedspa.com,sofia@conejovalleymedspa.com,yes,ok,https://conejovalleymedspa.com,medspa,,2
Conklin Clinics,conklinclinics.com,info@conklinclinics.com,info@conklinclinics.com,yes,ok,https://conklinclinics.com,medspa,,1
Core Beauty Medspa,corebeautymedspa.com,karend@corebeautymedspa.com,karend@corebeautymedspa.com,yes,ok,https://corebeautymedspa.com,medspa,nad+,2
Cosmetic Skin Institute,cosmeticskininstitute.net,info@cosmeticskininstitute.com,info@cosmeticskininstitute.com,yes,ok,https://cosmeticskininstitute.net,medspa,GLP-1 weight loss peptides,3
Crossroads Chiropractic & Wellness Inc.,crossroadschiropractickc.com,crossroadschiropractickc@gmail.com,crossroadschiropractickc@gmail.com,yes,ok,https://crossroadschiropractickc.com,medspa,glutathione,2
Connecticut Medical Aesthetics,ctbotox.com,info@ctbotox.com,info@ctbotox.com,yes,ok,https://ctbotox.com,medspa,,4
Curiva Med Spa,curivamedspa.com,hello@curivamedspa.com,hello@curivamedspa.com,yes,ok,https://curivamedspa.com,medspa,nad+,1
DayDreams MedSpa & Retreat,daydreamsmedspa.com,angie@daydreamsmedspa.com,angie@daydreamsmedspa.com,yes,ok,https://daydreamsmedspa.com,medspa,nad+,2
DEIA Aesthetic Studio,deiaaestheticstudio.com,info@deiaaestheticstudio.com,info@deiaaestheticstudio.com,yes,ok,https://deiaaestheticstudio.com,medspa,GLP-1 weight loss peptides,2
Deja Vu Med Spa,dejavumedspa.com,info@dejavumedspa.com,info@dejavumedspa.com,yes,ok,https://dejavumedspa.com,medspa,,3
Deluxe Med Spa Beauty,deluxemedspabeauty.com,info@deluxemedspabeauty.com,info@deluxemedspabeauty.com,yes,ok,https://deluxemedspabeauty.com,medspa,kpv,2
Dermal Era Holistic Med Spa,dermalera.zoca.com,dermaleraspa@gmail.com,dermaleraspa@gmail.com,yes,ok,https://dermalera.zoca.com,medspa,ghk-cu,1
Derma Medical Spa,dermamedispa.com,receptionist@dermamedispa.com,receptionist@dermamedispa.com,yes,ok,https://dermamedispa.com,medspa,,1
Designer Aesthetics by Dr. Jarrett Schanzer,doctorjarrett.com,contact@doctorjarrett.com,support@doctorjarrett.com; contact@doctorjarrett.com,yes,ok,https://doctorjarrett.com,medspa,"semaglutide, tirzepatide, retatrutide, nad+, glutathione",18
Dolce Vita Aesthetic Medicine,dolcevitamd.com,information@dolcevitamd.com,information@dolcevitamd.com,yes,ok,https://dolcevitamd.com,medspa,,1
Fresh Face Medspa By Dr. Agha,dominionaw.com,contact@dominionaw.com,contact@dominionaw.com,yes,ok,https://dominionaw.com,medspa,"semaglutide, tirzepatide, retatrutide",8
Downtown City Spa,downtowncityspa.com,downtownskincare@yahoo.com,downtownskincare@yahoo.com,yes,ok,https://downtowncityspa.com,medspa,"semaglutide, tirzepatide, glutathione",6
"Dean P. Kane, MD and Lauri P. Kane,ScD",drdeankane.com,lauri@drdeankane.com,lauri@drdeankane.com,yes,ok,https://drdeankane.com,medspa,semaglutide,2
Dream Med Spa,dreammedspaoc.com,dreammedspaoc@gmail.com,dreammedspaoc@gmail.com,yes,ok,https://dreammedspaoc.com,medspa,GLP-1 weight loss peptides,3
Drench Day Spa and Lash Lounge,drenchdayspa.com,drenchdayspa@gmail.com,drenchdayspa@gmail.com,yes,ok,https://drenchdayspa.com,medspa,glutathione,1
Drip Med Spa,dripmedspa.com,info@dripmedspa.com,info@dripmedspa.com,yes,ok,https://dripmedspa.com,medspa,"semaglutide, nad+, glutathione",7
"Dr. Robert Bowen, Cosmetic Medicine & Body Contouring",drrobertbowen.com,carolyn@drrobertbowen.com,carolyn@drrobertbowen.com,yes,ok,https://drrobertbowen.com,medspa,GLP-1 weight loss peptides,3
Gloss Medical Aesthetics & Laser,drweng.com,advancedmedicine24@gmail.com,advancedmedicine24@gmail.com,yes,ok,https://drweng.com,medspa,"semaglutide, tirzepatide",5
Dunes Medical Solutions Spa,dunesmedspa.com,info@dunesmedspa.com,dunesmedspa@gmail.com; info@dunesmedspa.com,yes,ok,https://dunesmedspa.com,medspa,GLP-1 weight loss peptides,3
Edan's Med Spa,edansmedspa.com,edansmedspa@gmail.com,edansmedspa@gmail.com,yes,ok,https://edansmedspa.com,medspa,GLP-1 weight loss peptides,3
Eden Aesthetics LLC,edenspamaine.com,info@edenspamaine.com,info@edenspamaine.com,yes,ok,https://edenspamaine.com,medspa,GLP-1 weight loss peptides,3
The Rejuva Center at Williams Latham,ehdenaesthetics.com,info@ehdenaesthetics.com,info@ehdenaesthetics.com,yes,ok,https://ehdenaesthetics.com/contact-us,medspa,"semaglutide, tirzepatide",6
Elevate Medical Aesthetics and Wellness,elevatemedmi.com,elevatemedical@icloud.com,elevatemedical@icloud.com,yes,ok,https://elevatemedmi.com,medspa,,1
Elinea on 18th & Noe,elineasf.com,info@elineasf.com,info@elineasf.com; hello@elineasf.com,yes,ok,https://elineasf.com,medspa,,1
Elite Chicago Spa,elitechicagospa.com,info@elitechicagospa.com,info@elitechicagospa.com,yes,ok,https://elitechicagospa.com,medspa,glutathione,2
Elite MD,elitemdlui.com,info@elitemdlui.com,info@elitemdlui.com,yes,ok,https://elitemdlui.com,medspa,,2
Elite Medical Spa of Parrish,elitemedicalspaofparrish.com,info@elitemedicalspaofparrish.com,info@elitemedicalspaofparrish.com,yes,ok,https://elitemedicalspaofparrish.com,medspa,"semaglutide, tirzepatide, glutathione",9
Elite Medi Spa,elitemedispabend.com,info@elitemedispabend.com,info@elitemedispabend.com,yes,ok,https://elitemedispabend.com,medspa,GLP-1 weight loss peptides,2
Elite Medical Spa,elitemedspanh.com,info@elitemedspanh.com,info@elitemedspanh.com,yes,ok,https://elitemedspanh.com,medspa,semaglutide,3
Elite Wellness,elitewellnessok.com,hello@elitewellnessok.com,hello@elitewellnessok.com,yes,ok,https://elitewellnessok.com,medspa,,2
Elivate Med Spa and Wellness,elivatemedspa.com,info@elivatemedspa.com,info@elivatemedspa.com,yes,ok,https://elivatemedspa.com,medspa,,3
Elixir Aesthetics,elixiraestheticsspa.com,admin@elixiraestheticsspa.com,admin@elixiraestheticsspa.com,yes,ok,https://elixiraestheticsspa.com,medspa,nad+,3
Ella Rose Aesthetics,ellaroseaesthetics.com,info@ellaroseaesthetics.com,info@ellaroseaesthetics.com,yes,ok,https://ellaroseaesthetics.com,medspa,nad+,6
Elle Medical Aesthetics: Boutique Injectable and Skin Care Studio,ellemedicalaesthetics.online,info@ellemedicalaesthetics.com,info@ellemedicalaesthetics.com,yes,ok,https://ellemedicalaesthetics.online,medspa,glutathione,2
Elysium Medical Esthetics,elysiumesthetics.com,administration@elysiumesthetics.com,administration@elysiumesthetics.com,yes,ok,https://elysiumesthetics.com,medspa,"semaglutide, tirzepatide",6
Elyzium Med Spa,elyziummedspa.com,info@elyziummedspa.com,info@elyziummedspa.com,yes,ok,https://elyziummedspa.com,medspa,semaglutide,4
Emagine Med Spa,emagine-medspa.com,info@emaginemedspa.com,info@emaginemedspa.com,yes,ok,https://emagine-medspa.com,medspa,GLP-1 weight loss peptides,2
Ember Medical Spa,embermedspadallas.com,info@embermedspadallas.com,info@embermedspadallas.com,yes,ok,https://embermedspadallas.com,medspa,,1
Enhance Biomed Aesthetics,enhancebiomed.com,bill.reynolds@enhancebiomed.com,bill.reynolds@enhancebiomed.com,yes,ok,https://enhancebiomed.com,medspa,"semaglutide, tirzepatide, glutathione",7
Enigma Medi Spa & Laser Center,enigmamedispa.com,info@enigmamedispa.com,info@enigmamedispa.com,yes,ok,https://enigmamedispa.com,medspa,GLP-1 weight loss peptides,2
enlightenmd,enlightenmd.com,info@enlightenmd.com,info@enlightenmd.com; manager@enlightenmd.com,yes,ok,https://enlightenmd.com,medspa,GLP-1 weight loss peptides,3
Envy Laser Med Spa,envylasermedspa.com,info@envylasermedspa.com,info@envylasermedspa.com,yes,ok,https://envylasermedspa.com,medspa,glutathione,2
Ervin Beauty,ervinbeauty.com,info@ervinbeauty.com,info@ervinbeauty.com,yes,ok,https://ervinbeauty.com,medspa,tirzepatide,2
Copper Canyon Day Spa,essencemspa.com,essencemspa@gmail.com,essencemspa@gmail.com,yes,ok,https://essencemspa.com,medspa,"semaglutide, tirzepatide",4
Ethereal Glow Aesthetics,etherealglowaesthetics.com,info@etherealglowaesthetics.com,info@etherealglowaesthetics.com,yes,ok,https://etherealglowaesthetics.com,medspa,GLP-1 weight loss peptides,2
eunoia medispa,eunoiamedispa.com,eunoiamedispa@gmail.com,eunoiamedispa@gmail.com,yes,ok,https://eunoiamedispa.com,medspa,"semaglutide, tirzepatide, nad+",10
Evello Med Spa,evelloaiken.com,contact@evelloaiken.com,contact@evelloaiken.com,yes,ok,https://evelloaiken.com,medspa,,1
Everest Regenerative Medicine,everestregenerative.com,info@everestregenerative.com,info@everestregenerative.com,yes,ok,https://everestregenerative.com,medspa,"semaglutide, tirzepatide",10
Evolve Medical Aesthetics + Wellness,evolvewellnessmuncie.com,info@evolvewellnessmuncie.com,info@evolvewellnessmuncie.com,yes,ok,https://evolvewellnessmuncie.com,medspa,GLP-1 weight loss peptides,5
FACE/FIT Aesthetics & Wellness,facefitwell.com,hello@facefitwell.com,hello@facefitwell.com,yes,ok,https://facefitwell.com,medspa,GLP-1 weight loss peptides,4
Fancy Beauty Med Spa,fancybeaute.com,info@fancybeaute.com,info@fancybeaute.com,yes,ok,https://fancybeaute.com,medspa,glutathione,2
FANOUS MEDSPA,fanousmedspa.com,info@fanousmedspa.com,info@fanousmedspa.com,yes,ok,https://fanousmedspa.com,medspa,,1
Farashe Med & Day Spa,farashe.com,info@farashe.com,info@farashe.com; info@gmail.com,yes,ok,https://farashe.com,medspa,nad+,2
Face Forward Skin Care Center,ffskincenter.com,info@ffskincenter.com,info@ffskincenter.com,yes,ok,https://ffskincenter.com,medspa,"semaglutide, tirzepatide, bpc-157, thymosin beta-4, thymosin alpha-1, nad+",31
Fix Me Up Med Spa,fixmeupmedspa.com,la@fixmeupmedspa.com,la@fixmeupmedspa.com,yes,ok,https://fixmeupmedspa.com,medspa,,1
Flawless Skin Boutique Med Spa,flawless-skin-boutique.com,clientconcierge@flawless-skin-boutique.com,clientconcierge@flawless-skin-boutique.com; flawlessboutique222@icloud.com,yes,ok,https://flawless-skin-boutique.com,medspa,GLP-1 weight loss peptides,4
Flawless Reflections Body and Skin Therapy Flawless Reflections Medspa,flawlessreflections.com,contactus@flawless-reflections.com,contactus@flawless-reflections.com; flawlessreflectionsbyvr@gmail.com,yes,ok,https://flawlessreflections.com,medspa,"bpc-157, nad+, sermorelin, tesamorelin, pt-141, glutathione",8
Lakeland Holistic Massage,fondrenaesthetics.com,contact@fondrenaesthetics.com,contact@fondrenaesthetics.com,yes,ok,https://fondrenaesthetics.com,medspa,,1
Dr. Rebecca Hunton,foryourbestself.com,info@foryourbestself.com,rebeccanovomd@gmail.com; info@foryourbestself.com,yes,ok,https://foryourbestself.com/contact,medspa,GLP-1 weight loss peptides,2
Fraiche Medspa,fraichemedspa.com,info@fraichemedspa.com,info@fraichemedspa.com,yes,ok,https://fraichemedspa.com,medspa,GLP-1 weight loss peptides,2
Front Door Medspa,frontdoormedspa.com,theresa@frontdoormedspa.com,theresa@frontdoormedspa.com; inquiry@frontdoormedspa.com,yes,ok,https://frontdoormedspa.com,medspa,nad+,7
Fundamentals Med Spa,fundamentalsmedspa.com,info@fundamentalsmedspa.com,info@fundamentalsmedspa.com,yes,ok,https://fundamentalsmedspa.com,medspa,,1
Fuse Medspa and Wellness,fusemedspa.com,fusemedspa@gmail.com,fusemedspa@gmail.com,yes,ok,https://fusemedspa.com,medspa,GLP-1 weight loss peptides,5
GC Skin Med Spa,gcskin.com,info@gcskin.com,info@gcskin.com,yes,ok,https://gcskin.com,medspa,"retatrutide, nad+",3
"Gearity Wellness Center, LLC",gearitywellness.com,comments@gearitywellness.com,comments@gearitywellness.com; jjacques@gearitywellness.com,yes,ok,https://gearitywellness.com,medspa,semaglutide,7
Get Glowing Medspa,getglowingasap.com,support@getglowingasap.com,support@getglowingasap.com,yes,ok,https://getglowingasap.com,medspa,,1
"MedWell in Birmingham, AL",getmedwell.com,clinic@getmedwell.com,clinic@getmedwell.com; provider@getmedwell.com; manager@getmedwell.com,yes,ok,https://getmedwell.com,medspa,glutathione,3
Get Refreshed,getrefreshed.com,info@getrefreshed.life,info@getrefreshed.life,yes,ok,https://getrefreshed.com,medspa,semaglutide,5
Giffen Health,giffenhealth.com,info@giffenhealth.com,info@giffenhealth.com,yes,ok,https://giffenhealth.com,medspa,"semaglutide, tirzepatide, retatrutide, bpc-157, thymosin alpha-1, ipamorelin",21
Giovanni Med Spa,giovannimedspa.com,info@giovannimedspa.com,info@giovannimedspa.com; hello@giovannimedspa.com,yes,ok,https://giovannimedspa.com,medspa,GLP-1 weight loss peptides,4
Glamoi Med Spa,glamoi.com,jobs@glamoi.com,jobs@glamoi.com,yes,ok,https://glamoi.com,medspa,glutathione,3
Glam Life Med Spa7,glms7.com,glamlifemedspa7@gmail.com,glamlifemedspa7@gmail.com,yes,ok,https://glms7.com,medspa,tirzepatide,3
GLO Bar MedSpa,globarmedspa.com,hello@globarmedspa.com,hello@globarmedspa.com,yes,ok,https://globarmedspa.com,medspa,tirzepatide,3
Glow Medspa,glow-med-spa.com,info@glow-med-spa.com,info@glow-med-spa.com; glow_medspa@icloud.com,yes,ok,https://glow-med-spa.com,medspa,GLP-1 weight loss peptides,5
Glow MedSpa,glowatpeninsula.com,hello@glowatpeninsula.com,hello@glowatpeninsula.com,yes,ok,https://glowatpeninsula.com,medspa,,1
GLOWDOCS Medspa,glowdocsmedspa.com,contact@glowdocsmedspa.com,contact@glowdocsmedspa.com,yes,ok,https://glowdocsmedspa.com/about,medspa,"bpc-157, tb-500, thymosin beta-4, thymosin alpha-1, ipamorelin, sermorelin",16
Glow Envy Med Spa,glowenvymedspa.com,hello@glowenvymedspa.com,hello@glowenvymedspa.com,yes,ok,https://glowenvymedspa.com,medspa,,2
Glowing U Wellness,glowinguwellness.com,glowinguwellness@gmail.com,glowinguwellness@gmail.com,yes,ok,https://glowinguwellness.com,medspa,"semaglutide, nad+, glutathione",5
Glow Medspa,glowmedspa.com,info@glowmedspa.com,contact@glowmedspa.com; colleyville@glowmedspa.com; mckinney@glowmedspa.com; houston@glowmedspa.com; info@glowmedspa.com,yes,ok,https://glowmedspa.com/contact,medspa,semaglutide,1
Glow Skin Science,glowskinscience.com,info@glowskinscience.com,info@glowskinscience.com,yes,ok,https://glowskinscience.com,medspa,glutathione,1
Golden State Aesthetics,goldenstateaestheticsca.com,goldenstateaestheticsca@gmail.com,goldenstateaestheticsca@gmail.com,yes,ok,https://goldenstateaestheticsca.com,medspa,,1
Grace Aesthetics,graceaesthetics.com,jen@graceaesthetics.com,jen@graceaesthetics.com,yes,ok,https://graceaesthetics.com,medspa,GLP-1 weight loss peptides,3
Grand Cosmetic Clinic,grandcosmeticclinic.com,info@grandcosmeticclinic.com,info@grandcosmeticclinic.com,yes,ok,https://grandcosmeticclinic.com,medspa,GLP-1 weight loss peptides,3
Griffin Wellness and Medspa,griffinwellnessaz.com,info@griffinwellnessaz.com,info@griffinwellnessaz.com,yes,ok,https://griffinwellnessaz.com,medspa,semaglutide,4
GrandView Aesthetic and Wellness,gvaw.life,info@gvaw.life,info@gvaw.life,yes,ok,https://gvaw.life,medspa,,1
Gwen Aesthetics,gwenaesthetics.com,janet@gwenaesthetics.com,janet@gwenaesthetics.com,yes,ok,https://gwenaesthetics.com,medspa,,1
HAAN Aesthetic Medicine,haanskincare.com,info@haanskincare.com,info@haanskincare.com,yes,ok,https://haanskincare.com,medspa,glutathione,1
Habit. Body Wellness + Aesthetics,habitbodywellness.com,hello@habitbodywellness.com,hello@habitbodywellness.com,yes,ok,https://habitbodywellness.com,medspa,,1
Hairchitect Med Spa and Beauty Lounge San Francisco,hairchitectmedspa.com,info@hairchitectmedspa.com,info@hairchitectmedspa.com,yes,ok,https://hairchitectmedspa.com,medspa,,1
HAUS OF SKIN AESTHETICS,hausofskin.net,levyshan1111@gmail.com,levyshan1111@gmail.com; dollyparton@yahoo.com,yes,ok,https://hausofskin.net,medspa,,1
Healthspan,healthspanrecovery.com,info@healthspanrecovery.com,info@healthspanrecovery.com,yes,ok,https://healthspanrecovery.com/contact-us/,medspa,,1
Hello Beautiful Boutique Medspa,hellobeautifulraleigh.com,info@hellobeautifulraleigh.com,info@hellobeautifulraleigh.com,yes,ok,https://hellobeautifulraleigh.com,medspa,"semaglutide, nad+, ghk-cu, glutathione",8
Euna Aesthetics,helloeuna.com,info@helloeuna.com,info@helloeuna.com,yes,ok,https://helloeuna.com,medspa,,2
Herrera MD Medspa,herreramdmedspa.com,info@herreramdmedspa.com,bherrera@herreramdmedspa.com; info@herreramdmedspa.com; nfo@herreramdmedspa.com,yes,ok,https://herreramdmedspa.com,medspa,semaglutide,6
Higher Level Skin & Beauty,higherlevelskinbeauty.com,info@higherlevelskinbeauty.com,info@higherlevelskinbeauty.com,yes,ok,https://higherlevelskinbeauty.com,medspa,,1
Highland Medical Aesthetics,highlandmedms.com,contact@highlandmedms.com,contact@highlandmedms.com,yes,ok,https://highlandmedms.com,medspa,,2
High Point Medspa,highpointmedspa.com,highpointmedspa@gmail.com,highpointmedspa@gmail.com,yes,ok,https://highpointmedspa.com,medspa,glutathione,1
Coastal Injections,hollandplasticsurgery.com,info@hollandplasticsurgery.com,info@hollandplasticsurgery.com,yes,ok,https://hollandplasticsurgery.com,medspa,GLP-1 weight loss peptides,4
House Nico,housenico.com,hello@housenico.com,hello@housenico.com,yes,ok,https://housenico.com,medspa,semaglutide,1
Perceptions Aesthetic Spa,humanreconstruction.com,office@humanreconstruction.com,impallari@gmail.com; office@humanreconstruction.com,yes,ok,https://humanreconstruction.com,medspa,,1
Gen Acupuncture,ilaramedspa.com,info@ilaramedspa.com,info@ilaramedspa.com; hello@ilaramedspa.com,yes,ok,https://ilaramedspa.com,medspa,,1
"Hashimoto’s, IBS & Thyroid Doctor- Dr. Madelein Shafferman, NMD",illuminationwh.com,info@illuminationwh.com,info@illuminationwh.com,yes,ok,https://illuminationwh.com,medspa,GLP-1 weight loss peptides,2
Infinity Wellness Clinic,infinitywellnessclinic.com,info@infinitywellnessclinic.com,info@infinitywellnessclinic.com,yes,ok,https://infinitywellnessclinic.com,medspa,,3
Inspire Med Spa,inspiremedspa.com,inspiremedspa123@gmail.com,inspiremedspa123@gmail.com,yes,ok,https://inspiremedspa.com,medspa,semaglutide,7
PAZ Wellness Spa,isleofindulgencespa.com,info@isleofindulgencespa.com,info@isleofindulgencespa.com,yes,ok,https://isleofindulgencespa.com,medspa,GLP-1 weight loss peptides,3
"Mia's Medical Spa in West Hartford, CT",ivdripandmedicalspa.com,miasmedicalspa@gmail.com,miasmedicalspa@gmail.com,yes,ok,https://ivdripandmedicalspa.com,medspa,,1
"IVY Infusions & Medspa: Sasha Beatty, MSN, FNP-C in Greenwich, CT",ivyinfusions.com,info@ivyinfusions.com,info@ivyinfusions.com,yes,ok,https://ivyinfusions.com,medspa,GLP-1 weight loss peptides,7
"Jade Medical Aesthetics in Islip, NY",jademedicalaesthetics.com,hello@jademedicalaesthetics.com,hello@jademedicalaesthetics.com,yes,ok,https://jademedicalaesthetics.com,medspa,,1
"J'esthetics Medical Spa in Santa Clara, CA",jestheticsbar.com,support@jestheticsbar.com,support@jestheticsbar.com,yes,ok,https://jestheticsbar.com,medspa,"nad+, dsip, glutathione, kpv",7
Cult Med Spa + IV Bar,jointhecultdetroit.com,info@jointhecultdetroit.com,info@jointhecultdetroit.com,yes,ok,https://jointhecultdetroit.com,medspa,,1
"Kalon Health Aesthetics and Wellness Spa in Elizabethtown, KY",kalonhealthky.com,admin@kalonhealthky.com,admin@kalonhealthky.com,yes,ok,https://kalonhealthky.com,medspa,GLP-1 weight loss peptides,3
"Kameo Health Wellness and Beauty in West Haven, UT",kameohealth.com,kameohealth@gmail.com,kameohealth@gmail.com,yes,ok,https://kameohealth.com,medspa,"semaglutide, nad+, tirzepatide",9
"Kiss Me Med Spa in Fresno, CA",kissmemedspa.com,office@kissmemedspa.com,office@kissmemedspa.com,yes,ok,https://kissmemedspa.com,medspa,glutathione,1
"Lakefront Wellness in Lakeland, TN",lakefrontwellnesstn.com,cpap09@yahoo.com,cpap09@yahoo.com,yes,ok,https://lakefrontwellnesstn.com,medspa,"nad+, glutathione",4
"LifeFusion Health in American Fork, UT",lifefusionhealth.com,info@lifefusionhealth.com,info@lifefusionhealth.com,yes,ok,https://lifefusionhealth.com,medspa,,1
"LifeRx Wellness in Willis, TX",liferxwellness.com,recoverstrong@liferxwellness.com,recoverstrong@liferxwellness.com; wendi@liferxwellness.com,yes,ok,https://liferxwellness.com,medspa,,1
"Livin Aesthetics and Wellness in Austin, TX",livinaesthetics.com,hello@livinaesthetics.com,hello@livinaesthetics.com,yes,ok,https://livinaesthetics.com,medspa,"semaglutide, nad+",4
Allure Health,livmedspasd.com,livmedspasd@gmail.com,livmedspasd@gmail.com,yes,ok,https://livmedspasd.com,medspa,GLP-1 weight loss peptides,4
"Lodi Advanced Medical Center in Lodi, CA",lodiadvancedmedicalcenters.com,lodiadvancedmedicalcenter@gmail.com,lodiadvancedmedicalcenter@gmail.com; lodiadvancedmedical@gmail.com,yes,ok,https://lodiadvancedmedicalcenters.com,medspa,,3
Look Rejuvenated Med Spa,lookrejuvenatedmedspa.com,lookrejuvenatedmedspa@gmail.com,lookrejuvenatedmedspa@gmail.com,yes,ok,https://lookrejuvenatedmedspa.com,medspa,,3
"Lotus Infusion and Wellness in Greensboro, NC",lotusgso.com,info@lotusgso.com,info@lotusgso.com,yes,ok,https://lotusgso.com,medspa,nad+,7
"Louise Aesthetics in Walnut Creek, CA",louiseaesthetics.com,hello@louiseaesthetics.com,hello@louiseaesthetics.com,yes,ok,https://louiseaesthetics.com,medspa,,2
"Luvi Wellness in McKees Rocks, PA",luviwellness.com,hello@luviwellness.com,hello@luviwellness.com,yes,ok,https://luviwellness.com,medspa,nad+,2
"Luxe & Posh Aesthetics & Wellness in San Ramon, CA",luxeposhplace.com,jen@luxeposhplace.com,jen@luxeposhplace.com,yes,ok,https://luxeposhplace.com,medspa,,1
"LyteGuards Inside out wellness in Wilmington, DE",lyteguards.com,info@lyteguards.com,info@lyteguards.com,yes,ok,https://lyteguards.com,medspa,,1
"Market Place Naturopathic in Seattle, WA",marketplacenaturopathic.com,info@marketplacenaturopathic.com,info@marketplacenaturopathic.com,yes,ok,https://marketplacenaturopathic.com,medspa,,1
"Medica Aesthetics in Austin, TX",medicaaesthetics.info,hello@medicaaesthetics.info,hello@medicaaesthetics.info,yes,ok,https://medicaaesthetics.info,medspa,,1
GLOW Medspa Laser & Microneedling Studio,medicalspa30a.com,glow.medspa@icloud.com,glow.medspa@icloud.com,yes,ok,https://medicalspa30a.com,medspa,,1
Medspa LV,medspa-lv.com,customer-care@medspa-lv.com,customer-care@medspa-lv.com,yes,ok,https://medspa-lv.com,medspa,,1
Prestige Men's Health,medspasaltlakewellness.com,mschlent@hotmail.com,mschlent@hotmail.com,yes,ok,https://medspasaltlakewellness.com,medspa,GLP-1 weight loss peptides,4
"MedSpa SLO l San Luis Obispo in San Luis Obispo, CA",medspaslo.com,info@medspaslo.com,info@medspaslo.com,yes,ok,https://medspaslo.com,medspa,"nad+, glutathione",7
"Medzone Spa & Aesthetics in Plain City, OH",medzonespa.com,info@medzonespa.com,info@medzonespa.com,yes,ok,https://medzonespa.com,medspa,semaglutide,3
"Maven Integrative Aesthetics in Clovis, CA",melnp.com,info@melnp.com,info@melnp.com; patients@melnp.com,yes,ok,https://melnp.com,medspa,"semaglutide, bpc-157, tb-500, nad+, ipamorelin, cjc-1295",16
Middletown Aesthetics,middletownaesthetics.com,info@middletownaesthetics.com,info@middletownaesthetics.com,yes,ok,https://middletownaesthetics.com,medspa,GLP-1 weight loss peptides,4
"Minnesota Mobile IV Therapy in Albany, MN",minnmobileiv.com,contact@minnmobileiv.com,contact@minnmobileiv.com,yes,ok,https://minnmobileiv.com,medspa,glutathione,2
Miramae Medical Skin Care Studio,miramaestudio.com,info@miramaestudio.com,info@miramaestudio.com,yes,ok,https://miramaestudio.com,medspa,GLP-1 weight loss peptides,2
"Mission Valley Medical Infusion Center in San Diego, CA",missionvalleyiv.com,rn@missionvalleyiv.com,rn@missionvalleyiv.com,yes,ok,https://missionvalleyiv.com,medspa,"nad+, glutathione",3
"Mitten Home Infusion in Grand Rapids, MI",mittenhomeinfusion.com,info@mittenhomeinfusion.com,info@mittenhomeinfusion.com,yes,ok,https://mittenhomeinfusion.com,medspa,"semaglutide, tirzepatide, nad+, sermorelin, glutathione",9
"Mobile IV Care in Hickory Hills, IL",mobileivcare.com,maloriqat@mobileivcare.com,maloriqat@mobileivcare.com,yes,ok,https://mobileivcare.com,medspa,,1
"Mobile IV Drip Las Vegas in Las Vegas, NV",mobileivdrip.com,bookings@mobileivdrip.com,bookings@mobileivdrip.com; careers@mobileivdrip.com,yes,ok,https://mobileivdrip.com,medspa,,1
"Monterey Mobile IV Therapy in Monterey, CA",mobileivmonterey.com,info@mobileivmonterey.com,info@mobileivmonterey.com,yes,ok,https://mobileivmonterey.com,medspa,"nad+, glutathione",4
"Mobile IV Pros in Goodyear, AZ",mobileivpros.com,info@mobileivpros.com,info@mobileivpros.com,yes,ok,https://mobileivpros.com,medspa,nad+,2
"Santa Barbara Mobile IV Therapy in Santa Barbara, CA",mobileivsantabarbara.com,santabarbaramobileiv@gmail.com,santabarbaramobileiv@gmail.com,yes,ok,https://mobileivsantabarbara.com,medspa,"nad+, glutathione",5
"Mobile IV Wellness, Inc. in San Marcos, CA",mobileivwellnessca.com,info@mobileivwellnessca.com,info@mobileivwellnessca.com,yes,ok,https://mobileivwellnessca.com,medspa,"nad+, glutathione",3
Modern Medspa,modernmedspanh.com,info@modernmedspanh.com,info@modernmedspanh.com,yes,ok,https://modernmedspanh.com,medspa,,3
"Mr. Injection in Kaysville, UT",mrinjection.com,info@mrinjection.com,info@mrinjection.com,yes,ok,https://mrinjection.com,medspa,"semaglutide, tirzepatide",16
Elite Medspa and Wellness Center,myelitemedspa.com,hello@myelitemedspa.com,hello@myelitemedspa.com; topsfield@myelitemedspa.com,yes,ok,https://myelitemedspa.com,medspa,,1
"Revitalize Wellness & Medspa in Midlothian, VA",myrevitalwellness.com,info@myrevitalwellness.com,info@myrevitalwellness.com,yes,ok,https://myrevitalwellness.com,medspa,"semaglutide, glutathione",6
"Nashville Wellness & IV in Nashville, TN",nashvillewellnessiv.com,bailey@nashvillewellnessiv.com,bailey@nashvillewellnessiv.com,yes,ok,https://nashvillewellnessiv.com,medspa,,1
"Natural Drip in Fort Smith, AR",naturaldripiv.com,naturaldripiv@gmail.com,naturaldripiv@gmail.com,yes,ok,https://naturaldripiv.com,medspa,"nad+, glutathione",4
"REGENERATE Medical Wellness Spa in Dripping Springs, TX",naturalhealingtx.com,ask@naturalhealingtx.com,ask@naturalhealingtx.com,yes,ok,https://naturalhealingtx.com,medspa,glutathione,5
Natural Medical Aesthetics,naturalmedicalaesthetics.com,naturalmedspa@naturalmedicalaesthetics.com,naturalmedspa@naturalmedicalaesthetics.com,yes,ok,https://naturalmedicalaesthetics.com,medspa,"semaglutide, tirzepatide",5
"Nevada Infusion in Reno, NV",nevadainfusion.com,service@nevadainfusion.com,service@nevadainfusion.com,yes,ok,https://nevadainfusion.com,medspa,,1
"Nguyen Integrative Medicine in Wormleysburg, PA",nguyenintegrative.com,info@nguyenintegrative.com,info@nguyenintegrative.com,yes,ok,https://nguyenintegrative.com,vendor,,2
Life River Acupuncture and Integrative Medicine Inc.,njoyrestoredhealth.com,admin@njoyrestoredhealth.com,admin@njoyrestoredhealth.com,yes,ok,https://njoyrestoredhealth.com,medspa,glutathione,5
NM Aesthetics,nmaesthetics.com,info@nmaesthetics.com,info@nmaesthetics.com; skincare@nmaesthetics.com,yes,ok,https://nmaesthetics.com,medspa,"semaglutide, tirzepatide",2
NOLA Doc,noladoc.com,info@noladoc.com,info@noladoc.com,yes,ok,https://noladoc.com,medspa,,1
"Norspring in Chattanooga, TN",norspring.com,frontdesk@norspring.com,frontdesk@norspring.com,yes,ok,https://norspring.com,medspa,nad+,1
NOURIDRIPS,nouridrips.com,nouridrips@gmail.com,nouridrips@gmail.com; %20nouridrips@gmail.com,yes,ok,https://nouridrips.com,medspa,"nad+, glutathione",3
"Nourish Me Wellness IV Therapy Spa in Plainfield, IL",nourishmespa.com,nourishmespa@outlook.com,nourishmespa@outlook.com; urishmespa@outlook.com,yes,ok,https://nourishmespa.com,medspa,"nad+, glutathione",3
Viona Medical Spa,npempoweredwellness.com,np@npempoweredwellness.com,np@npempoweredwellness.com,yes,ok,https://npempoweredwellness.com,medspa,,1
"Nueva Vida Medspa in Audubon, NJ",nuevavidamedspa.glossgenius.com,nuevavidamedspa25@gmail.com,nuevavidamedspa25@gmail.com,yes,ok,https://nuevavidamedspa.glossgenius.com,medspa,"semaglutide, tirzepatide",5
"NuVita Clinic in Norwood, NJ",nuvitaclinic.com,nuvitaclinic@gmail.com,nuvitaclinic@gmail.com,yes,ok,https://nuvitaclinic.com,medspa,semaglutide,2
"NXTGEN BODIES MD MedSpa & Wellness in Alpharetta, GA",nxtgenbodies.com,info@nxtgenbodies.com,info@nxtgenbodies.com,yes,ok,https://nxtgenbodies.com,medspa,pt-141,5
"OlympusMD Wellness in Milton, GA",olympusmdwellness.com,contactus@olympusmdwellness.com,contactus@olympusmdwellness.com; masteranalytics5@gmail.com,yes,ok,https://olympusmdwellness.com,medspa,"semaglutide, tirzepatide, glutathione, liraglutide",13
Omni Lux Med Spa,omniluxmedspa.com,info@omniluxmedspa.com,info@omniluxmedspa.com,yes,ok,https://omniluxmedspa.com,medspa,,1
"ONE Vida in Syracuse, NY",onevida.com,contact@onevida.com,contact@onevida.com,yes,ok,https://onevida.com/contact,medspa,,1
"Origin Wellness Co in Manchester, NH",originwellnessco.co,health@originwellnessco.co,health@originwellnessco.co,yes,ok,https://originwellnessco.co,medspa,"semaglutide, nad+",8
WellSpot IV,pathwayhealthandbeauty.com,info@pathwayhealthandbeauty.com,impallari@gmail.com; anapbm@gmail.com; info@pathwayhealthandbeauty.com,yes,ok,https://pathwayhealthandbeauty.com/contact-us,medspa,"semaglutide, tirzepatide, bpc-157, tb-500, thymosin alpha-1, nad+",22
PBK Medspa,pbkmedspa.com,pbkmedspa@gmail.com,pbkmedspa@gmail.com,yes,ok,https://pbkmedspa.com,medspa,,1
"Peach IV in New York, NY",peachiv.com,service@peachiv.com,service@peachiv.com,yes,ok,https://peachiv.com,medspa,"nad+, glutathione",3
"Peak IV Hydration-Knoxville in Knoxville, TN",peakivhydration.com,info@peakivhydration.com,info@peakivhydration.com,yes,ok,https://peakivhydration.com,medspa,glutathione,2
"Peak Mode IV in Kissimmee, FL",peakmodeiv.com,contact@peakmodeiv.com,contact@peakmodeiv.com,yes,ok,https://peakmodeiv.com,medspa,,1
"Peak Performance Wellness & Aesthetics in Johnson City, TN",peakperformancejc.com,peakwellnessjc@gmail.com,peakwellnessjc@gmail.com,yes,ok,https://peakperformancejc.com,medspa,"semaglutide, tirzepatide, bpc-157, tb-500, thymosin alpha-1, nad+",32
Pearl City Medspa,pearlcitymedspa.com,pearlcitymedspa@gmail.com,pearlcitymedspa@gmail.com,yes,ok,https://pearlcitymedspa.com,medspa,nad+,3
"Daniel D Margolin, MD",physicianaestheticspecialists.com,danm@physicianaestheticspecialists.com,danm@physicianaestheticspecialists.com,yes,ok,https://physicianaestheticspecialists.com,medspa,GLP-1 weight loss peptides,7
"Plymouth IV Lounge & Aesthetics in Plymouth, MA",plymouthivlounge.com,admin@plymouthivlounge.com,admin@plymouthivlounge.com,yes,ok,https://plymouthivlounge.com,medspa,glutathione,2
"Premier Health Spa in Sugar Land, TX",premierhealthspa.com,premierhealthspaa@gmail.com,premierhealthspaa@gmail.com,yes,ok,https://premierhealthspa.com,medspa,"semaglutide, nad+, glutathione, tirzepatide",7
"Premier Medical Aesthetics in Chattanooga, TN",premiermedspachatt.com,booking@premiermedspachatt.com,booking@premiermedspachatt.com,yes,ok,https://premiermedspachatt.com,medspa,GLP-1 weight loss peptides,3
Colorado Optimal Health North,premiertrt.com,info@premiertrt.com,melanie@premiertrt.com; info@premiertrt.com,yes,ok,https://premiertrt.com/contact,medspa,GLP-1 weight loss peptides,6
"Premier Vitality IV and Wellness Center in Columbia, MD",premiervitalitymd.com,info@premiervitalitymd.com,info@premiervitalitymd.com,yes,ok,,medspa,"nad+, glutathione",3
"Premier Wellness Florida in Cape Coral, FL",premierwellnessflorida.com,info@premierwellnessflorida.com,info@premierwellnessflorida.com,yes,ok,https://premierwellnessflorida.com,medspa,"semaglutide, tirzepatide",4
"ProactIV Hydration & Wellness in Hendersonville, NC",proactivhydration.com,info@proactivhydration.com,info@proactivhydration.com,yes,ok,https://proactivhydration.com,medspa,"semaglutide, tirzepatide, nad+, glutathione",10
"Pure Cell New Life Solutions in Pasadena, CA",purecellnewlife.com,info@purecellnewlife.com,info@purecellnewlife.com,yes,ok,https://purecellnewlife.com,medspa,nad+,3
Pure Restore Spa,purerestorespa.glossgenius.com,purerestorespa@gmail.com,purerestorespa@gmail.com,yes,ok,https://purerestorespa.glossgenius.com,vendor,glutathione,1
"Pure Vitality Infusion Services in Asheville, NC",purevitalityinfusions.com,info@purevitalityinfusions.com,info@purevitalityinfusions.com,yes,ok,https://purevitalityinfusions.com,medspa,"nad+, glutathione",5
"Purified Wellness in Charlotte, NC",purifiedwellnessnp.com,purifiedwellness@icloud.com,purifiedwellness@icloud.com,yes,ok,https://purifiedwellnessnp.com,medspa,nad+,2
"Phoenix Wellness and Rejuvenation in Phoenix, AZ",pwrlivewell.com,info@pwrlivewell.com,info@pwrlivewell.com,yes,ok,https://pwrlivewell.com,medspa,"bpc-157, ipamorelin, cjc-1295, epithalon, semax, ghk-cu",10
QC Medispa,qcmedispa.com,contact@qcmedispa.com,contact@qcmedispa.com,yes,ok,https://qcmedispa.com,vendor,kpv,2
"Quantum Wellness Spa in Los Angeles, CA",quantum.spa,dtla@quantum.spa,dtla@quantum.spa,yes,ok,https://quantum.spa,medspa,,1
"Quench Hydration & Wellness in Zephyrhills, FL",quench-zhills.com,quench.zhills@gmail.com,quench.zhills@gmail.com,yes,ok,https://quench-zhills.com,medspa,"semaglutide, tirzepatide, sermorelin, glutathione",12
Quenchd AZ,quenchdaz.com,mobileiv@quenchdaz.com,mobileiv@quenchdaz.com,yes,ok,https://quenchdaz.com,medspa,"semaglutide, tirzepatide, bpc-157, tb-500, thymosin beta-4, nad+",12
"Quench IV Spa in Omaha, NE",quenchivspa.com,quenchivspa@gmail.com,quenchivspa@gmail.com,yes,ok,https://quenchivspa.com,medspa,,1
"Radiant Med Spa in Fremont, CA",radiantmedspas.com,info@radiantmedspas.com,info@radiantmedspas.com,yes,ok,https://radiantmedspas.com,medspa,,1
"RE Wellness in Jackson, MS",re-wellness.com,clinic@re-wellness.com,clinic@re-wellness.com,yes,ok,https://re-wellness.com,medspa,,1
"Reboot Health and Wellness in New Albany, IN",reboothealthandwellness.net,reboothealthandwellness812@gmail.com,reboothealthandwellness812@gmail.com,yes,ok,https://reboothealthandwellness.net,medspa,,2
"ReDefined Hawaii in Kailua, HI",redefinedhi.com,info@redefinedhi.com,info@redefinedhi.com,yes,ok,https://redefinedhi.com,medspa,GLP-1 weight loss peptides,4
Stemlight Center,reformemedicalspa.com,reformemedicalspa@gmail.com,reformemedicalspa@gmail.com,yes,ok,https://reformemedicalspa.com,medspa,semaglutide,3
"Regen and Rejuvenate in San Jose, CA",regenandrejuvenate.com,ruthienp@yahoo.com,ruthienp@yahoo.com,yes,ok,https://regenandrejuvenate.com,medspa,"nad+, glutathione",4
Regeneration Pittsburgh,regenpitt.com,info@regenpitt.com,regenpitt@gmail.com; info@regenpitt.com,yes,ok,https://regenpitt.com,medspa,,1
"Rejuvenate You in Dublin, OH",rejuvenateyouohio.com,drpaula@rejuvenateyouohio.com,drpaula@rejuvenateyouohio.com,yes,ok,https://rejuvenateyouohio.com,medspa,"glutathione, semaglutide",7
"Rejuvenations Lehigh Valley in Easton, PA",rejuvenations-lv.com,rejuvenationscontact@gmail.com,rejuvenationscontact@gmail.com,yes,ok,https://rejuvenations-lv.com,medspa,GLP-1 weight loss peptides,4
"Renew Medical IV Spa and Wellness in Charleston, SC",renewmedicalcare.com,renewmedicalcare@gmail.com,renewmedicalcare@gmail.com,yes,ok,https://renewmedicalcare.com,medspa,"semaglutide, tirzepatide, nad+, glutathione",9
"Reset MKE Aesthetics & IV Lounge in Hales Corners, WI",resetmke.com,sarah@resetmke.com,sarah@resetmke.com,yes,ok,https://resetmke.com,medspa,,1
Restorative Wellness MD: Dr. Julia Kissel,restorativewellnessmd.com,info@restorativewellnessmd.com,info@restorativewellnessmd.com,yes,ok,https://restorativewellnessmd.com,medspa,semaglutide,3
"Restorativ Health and Beauty in Camp Hill, PA",restorativservices.com,contact@restorativservices.com,contact@restorativservices.com,yes,ok,https://restorativservices.com,medspa,"semaglutide, tirzepatide, nad+, glutathione",8
Intercare Medical,retreatwellnessconcierge.com,info@retreatwellnessconcierge.com,info@retreatwellnessconcierge.com,yes,ok,https://retreatwellnessconcierge.com,medspa,,1
"RevitaLux Medical Spa in Greenville, SC",revitaluxmedspa.com,contact@revitaluxmedspa.com,contact@revitaluxmedspa.com; revitaluxmedspa@gmail.com,yes,ok,https://revitaluxmedspa.com,medspa,glutathione,1
Revival Beauty and Hydration Bar (previously MCC Wellness Group) in Fo,revivalbeautyandhydrationbar.com,info@revivalbeautyandhydrationbar.com,info@revivalbeautyandhydrationbar.com,yes,ok,https://revivalbeautyandhydrationbar.com,medspa,,1
"Revival Wellness Company in Greensburg, PA",revivalhydrates.com,hello@revivalhydrates.com,hello@revivalhydrates.com,yes,ok,https://revivalhydrates.com,medspa,GLP-1 weight loss peptides,4
Revival Oasis,revivaloasis.com,info@revivaloasis.com,info@revivaloasis.com,yes,ok,https://revivaloasis.com,medspa,nad+,5
Revive and Bloom Aesthetics + Wellness,reviveandbloomaesthetics.com,reviveandbloomaesthetics@gmail.com,reviveandbloomaesthetics@gmail.com,yes,ok,https://reviveandbloomaesthetics.com,medspa,GLP-1 weight loss peptides,3
"RevIVe Hydration & Wellness in Roanoke, VA",revivehydrationroanoke.com,contact@revivehydrationroanoke.com,contact@revivehydrationroanoke.com; aimee@revivehydrationroanoke.com,yes,ok,https://revivehydrationroanoke.com,medspa,"semaglutide, tirzepatide, nad+, glutathione",12
"Revive IV and Wellness Lounge in Webb City, MO",reviveiv.org,nurse@reviveiv.org,nurse@reviveiv.org,yes,ok,https://reviveiv.org,medspa,nad+,2
O'Keefe Matz Functional Health Clinic,revivemdmsp.com,info@revivemdmsp.com,info@revivemdmsp.com,yes,ok,https://revivemdmsp.com,medspa,,2
"Revive MedSpa and Wellness in Montclair, CA",revivemedspaca.com,wellnessandbeauty10@gmail.com,wellnessandbeauty10@gmail.com,yes,ok,https://revivemedspaca.com,medspa,"semaglutide, tirzepatide",5
"Revivesence Beauty and Wellness in Dallas, TX",revivesence.com,info@revivesence.com,contact@revivesence.com; info@revivesence.com,yes,ok,https://revivesence.com,medspa,glutathione,2
"Rewind U Aesthetics in Downers Grove, IL",rewindu.com,laura@rewindu.com,laura@rewindu.com,yes,ok,https://rewindu.com,medspa,,1
"Rhodes Medspa in Bakersfield, CA",rhodesmedspa.com,hello@rhodesmedspa.com,hello@rhodesmedspa.com,yes,ok,https://rhodesmedspa.com,medspa,glutathione,3
"RinovaMD MedSpa in Sugar Land, TX",rinova-wellness.com,info@rinova-wellness.com,info@rinova-wellness.com; rinovawellness@gmail.com,yes,ok,https://rinova-wellness.com,medspa,nad+,6
Divine Creation Wellness Center,ritualmedispa.com,hello@ritualmedispa.com,hello@ritualmedispa.com,yes,ok,https://ritualmedispa.com,medspa,GLP-1 weight loss peptides,4
"Remedy Wellness in McAllen, TX",rmdywellness.com,info@rmdywellness.com,info@rmdywellness.com,yes,ok,https://rmdywellness.com,medspa,,2
Rock Creek Aesthetics,rockcreekaesthetics.com,steph@rockcreekaesthetics.com,steph@rockcreekaesthetics.com,yes,ok,https://rockcreekaesthetics.com,medspa,glutathione,1
"Root & Remedy Wellness in Modesto, CA",rootandremedy-wellness.com,info@rootandremedy-wellness.com,info@rootandremedy-wellness.com,yes,ok,https://rootandremedy-wellness.com,medspa,glutathione,3
"Rooted Health KC in Mission, KS",rooted.health,hello@rooted.health,hello@rooted.health; kickit@rooted.health,yes,ok,https://rooted.health,medspa,,1
"Rooted Health Integrative Medicine in Smyrna, GA",rootedhealthga.com,info@rootedhealthga.com,info@rootedhealthga.com,yes,ok,https://rootedhealthga.com,medspa,"nad+, glutathione",6
"Rose Wellness, LLC in Metairie, LA",rosewellnessla.com,info@rosewellnessla.com,info@rosewellnessla.com,yes,ok,https://rosewellnessla.com,medspa,"nad+, glutathione",4
"R & R IV DRIP BAR in Killingly, CT",rrivdripbar.com,rrivdripbar@gmail.com,rrivdripbar@gmail.com,yes,ok,https://rrivdripbar.com,medspa,glutathione,3
RSM Aesthetics,rsmlr.com,info@rsmlr.com,info@rsmlr.com,yes,ok,https://rsmlr.com,medspa,glutathione,2
"Sakura Aesthetics in Honolulu, HI",sakuraaestheticshonolulu.com,brian@sakuraaestheticshonolulu.com,brian@sakuraaestheticshonolulu.com,yes,ok,https://sakuraaestheticshonolulu.com,medspa,,1
"San Carlos IV Bar in San Carlos, CA",sancarlosivbar.com,info@sancarlosivbar.com,office@sancarlosivbar.com; info@sancarlosivbar.com; %20office@sancarlosivbar.com,yes,ok,https://sancarlosivbar.com,medspa,glutathione,3
"Sandia IV & Wellness in Albuquerque, NM",sandiaivwellness.org,hgasper@sandiaivwellness.org,hgasper@sandiaivwellness.org,yes,ok,https://sandiaivwellness.org,medspa,,1
beem® Light Sauna,self-medspa.com,hello@self-medspa.com,hello@self-medspa.com,yes,ok,https://self-medspa.com,medspa,nad+,4
"Self Care 911 Med Spa in Mountain View, CA",selfcare911.com,info@selfcare911.com,info@selfcare911.com,yes,ok,https://selfcare911.com,medspa,"nad+, glutathione",2
"Selora Med Spa LLC in Williamsville, NY",seloramedspa.com,admin1@seloramedspa.com,admin1@seloramedspa.com,yes,ok,https://seloramedspa.com,medspa,"glutathione, semaglutide, tirzepatide",6
"Sierra IV Hydration in Reno, NV",sierraivhydration.com,amy@sierraivhydration.com,amy@sierraivhydration.com,yes,ok,https://sierraivhydration.com,medspa,,1
Skin Kahala,skinkahala.com,aloha@skinkahala.com,aloha@skinkahala.com,yes,ok,https://skinkahala.com,medspa,,1
"Skin Kare Magic in Danville, CA",skinkaremagic.com,contact@skinkaremagic.com,contact@skinkaremagic.com,yes,ok,https://skinkaremagic.com,medspa,"nad+, glutathione",2
Skin Sanctuary,skinsanctuarysd.com,hello@skinsanctuarysd.com,hello@skinsanctuarysd.com; operations@skinsanctuarysd.com,yes,ok,https://skinsanctuarysd.com,medspa,,1
SmarterSkin Dermatology,smarterskindermatology.com,appointments@smarterskindermatology.com,appointments@smarterskindermatology.com,yes,ok,https://smarterskindermatology.com,medspa,semaglutide,2
SOLUX Med Spa,soluxmedspa.com,info@soluxmedspa.com,info@soluxmedspa.com,yes,ok,https://soluxmedspa.com,medspa,"semaglutide, nad+, ipamorelin, glutathione",9
"SOMA Medical Services, P.C.",somamedicalsi.com,info@somamedicalsi.com,info@somamedicalsi.com,yes,ok,https://somamedicalsi.com,medspa,"nad+, glutathione",2
Sunset MedSpa,sunsetmedspa.com,info@sunsetmedspa.com,info@sunsetmedspa.com,yes,ok,https://sunsetmedspa.com/contact,medspa,"semaglutide, tirzepatide, nad+, glutathione",4
JY Healing Spa,tfmedspa.com,infotfmedspa@gmail.com,infotfmedspa@gmail.com,yes,ok,https://tfmedspa.com,medspa,,2
The Ark Medspa,thearkmedspa.com,hello@thearkmedspa.com,hello@thearkmedspa.com,yes,ok,https://thearkmedspa.com,medspa,glutathione,2
Glow Garden Aesthetics,theglowloftdenver.com,glowgardenaesthetics@gmail.com,glowgardenaesthetics@gmail.com; glowgardenaesethetics@gmail.com,yes,ok,https://theglowloftdenver.com,medspa,"semaglutide, nad+, glutathione",4
"Push Med in Greenville, SC",thepushmed.com,info@thepushmed.com,info@thepushmed.com,yes,ok,https://thepushmed.com,medspa,nad+,4
The Sonography Studio,thesonographystudio.com,info@thesonographystudio.com,lily@thesonographystudio.com; info@thesonographystudio.com,yes,ok,https://thesonographystudio.com,medspa,GLP-1 weight loss peptides,7
The Warren Medspa,thewarrenmedspa.com,info@thewarrenmedspa.com,info@thewarrenmedspa.com,yes,ok,https://thewarrenmedspa.com,medspa,"nad+, glutathione",7
Transcend Medspa and Wellness,transcendmw.com,info@transcendmw.com,kjones@transcendmw.com; info@transcendmw.com,yes,ok,https://transcendmw.com,medspa,glutathione,3
The Lotus of Longevity,transformativemedspa.com,info@transformativemedspa.com,info@transformativemedspa.com,yes,ok,https://transformativemedspa.com,medspa,"semaglutide, tirzepatide, nad+",6
Restore Hyper Wellness,trueessenceaesthetics.com,info@trueessenceaesthetics.com,info@trueessenceaesthetics.com,yes,ok,https://trueessenceaesthetics.com,medspa,"semaglutide, tirzepatide",5
VanityMD Luxury Aesthetics Medspa,vanitymd.com,contact@vanitymd.com,contact@vanitymd.com,yes,ok,https://vanitymd.com,medspa,,1
Venya Medical Spa,venyamed.com,info@venyamed.com,adelolmo@venyamed.com; info@venyamed.com,yes,ok,https://venyamed.com,medspa,GLP-1 weight loss peptides,5
Vianka Aesthetic Med Spa & Body Sculpting,viankamedspa.com,viankamedspa@gmail.com,viankamedspa@gmail.com,yes,ok,https://viankamedspa.com,medspa,,2
Vitalis MVMT + Wellness,vitaliswellness.life,admin@vitaliswellness.life,admin@vitaliswellness.life,yes,ok,https://vitaliswellness.life,medspa,glutathione,2
Vitality Skin Clinic,vitalitywellnessclinic.com,office@vitalitywellnessclinic.com,office@vitalitywellnessclinic.com,yes,ok,https://vitalitywellnessclinic.com,medspa,glutathione,3
vIVid Life Spa,vividlifespa.com,info@vividlifespa.com,info@vividlifespa.com,yes,ok,https://vividlifespa.com,medspa,"semaglutide, nad+",6
VizBo Med Spa,vizbomedspa.com,vizbomedspa@gmail.com,vizbomedspa@gmail.com,yes,ok,https://vizbomedspa.com,medspa,,1
Lavish Me Spa,wellnessbylavishme.com,info.lavishmespa@gmail.com,info.lavishmespa@gmail.com; lavishmespawellness@gmail.com,yes,ok,https://wellnessbylavishme.com,medspa,GLP-1 weight loss peptides,3
WellSpot Functional Medicine,wellspotiv.com,team@wellspotiv.com,team@wellspotiv.com,yes,ok,https://wellspotiv.com,medspa,"nad+, glutathione",4
Fresh Aesthetics,westlakefreshaesthetics.com,info@westlakefreshaesthetics.com,info@westlakefreshaesthetics.com; jasmine.martin@westlakefreshaesthetics.com,yes,ok,https://westlakefreshaesthetics.com,medspa,"semaglutide, tirzepatide",5
Stryker Optimal Health & Wellness,wholebodywa.com,office@wholebodywa.com,office@wholebodywa.com,yes,ok,https://wholebodywa.com,medspa,,1
Facial Identity Med Spa,yourfacialid.com,yourfacialid@gmail.com,yourfacialid@gmail.com,yes,ok,https://yourfacialid.com,medspa,GLP-1 weight loss peptides,3
ZEM Aesthetics & Med Spa,zemmedspa.com,info@zemmedspa.com,info@zemmedspa.com,yes,ok,https://zemmedspa.com,medspa,"semaglutide, tirzepatide",6
Evolution Weight Loss and Hormones,zenlifemd.com,info@zenlifemd.com,info@zenlifemd.com,yes,ok,https://zenlifemd.com,medspa,GLP-1 weight loss peptides,5
Euphoria Aesthetics,305euphoria.com,,,yes,no_email,https://305euphoria.com,medspa,,0
The Medspa Austin,360jasmineacupuncture.com,,,,no_email,,vendor,,0
4Ever Young Med Spa & Wellness Center,4everyoungantiaging.com,,,yes,no_email,https://4everyoungantiaging.com,medspa,"semaglutide, tirzepatide",7
Dr Syverain Weight Loss Clinic,800thin.com,,,,no_email,https://800thin.com,vendor,,0
Destination Nursing Aesthetics,a360mke.com,,,yes,no_email,https://a360mke.com,medspa,,0
Aaa body works and spa body contouring,aaabodyworksandspa.com,,,yes,no_email,https://aaabodyworksandspa.com,medspa,,0
Aaliyah's Calming Spa,aaliyahscalmingspa.com,,,,no_email,,vendor,,0
Ageless Aesthetics Med Spa,aamedspa.com,,,,no_email,,vendor,,0
A Bless Beauty Medspa and Clinic,ablessbeauty.com,,,,no_email,,vendor,,0
Adore Aesthetix,adoremedspa.com,,,,no_email,,vendor,,0
Advanced Aesthetics,advancedaesthetics.com,,,yes,no_email,https://advancedaesthetics.com,medspa,"semaglutide, tirzepatide, nad+",4
True Health And Wellness PLLC,advancedlasernc.com,,,yes,no_email,https://advancedlasernc.com,medspa,GLP-1 weight loss peptides,2
Alter Ego Aesthetics,advancemedfargo.com,,,,unreachable,,,,
Aesthetic Med Spa,aestheticmedspa.us,,,,unreachable,,,,
Glow Aesthetics,aestheticouture.com,info@aestheticouture.com,acmedspa@gmail.com; info@aestheticouture.com,yes,no_peptides,https://aestheticouture.com,medspa,,0
Aesthetic Solutions,aestheticsolutionsks.com,,,yes,no_email,https://aestheticsolutionsks.com,medspa,GLP-1 weight loss peptides,4
Mahvish Medical Spa,afcurgentcareeastwichita.com,,,,no_email,,vendor,,0
Elevate Recovery Lounge,afreshnewme.com,,,yes,no_email,https://afreshnewme.com,medspa,,2
Botox Cheyenne,agelessmedical307.com,info@agelessmedical307.com,info@agelessmedical307.com,yes,no_peptides,https://agelessmedical307.com,medspa,,0
Ageless MedSpa,agelessmedspa.com,,,,no_email,,vendor,,0
Core IV Therapy,agelessmenshealth.com,,,,unreachable,,,,
Ageless Skin Rejuvenation,agelessskinrejuvenation.com,,,,no_email,,vendor,,0
Ageless Women's Health,agelesswomenshealth.com,,,,no_email,https://agelesswomenshealth.com,medspa,semaglutide,6
Sculpted515,ajkpt.myaestheticrecord.com,,,,no_email,https://ajkpt.myaestheticrecord.com,vendor,,0
Akari,akaribeauty.com,booking@akaribeauty.com,booking@akaribeauty.com,yes,no_peptides,https://akaribeauty.com,vendor,,0
Alchemy Beauty lounge LLC,alchemy406.glossgenius.com,alchemybeauty406@gmail.com,alchemybeauty406@gmail.com,yes,no_peptides,https://alchemy406.glossgenius.com,vendor,,0
Medical Spa,alfamedspa.com,,,yes,no_email,https://alfamedspa.com,medspa,GLP-1 weight loss peptides,3
Allure Aesthetics & Medical Spa,allureaestheticsmedicalspa.com,,,,no_email,https://allureaestheticsmedicalspa.com,medspa,,0
Alluvion Aesthetics,alluvionaesthetics.com,info@alluvionaesthetics.com,sarah@alluvionaesthetics.com; info@alluvionaesthetics.com,yes,no_peptides,https://alluvionaesthetics.com,medspa,,0
Allvera Body Wrap & Wellness Spa,allvera.com,info@allvera.com,info@allvera.com,yes,no_peptides,https://allvera.com,medspa,,0
Allyu Spa,allyuspa.com,info@allyuspa.com,info@allyuspa.com; membership@allyuspa.com,yes,no_peptides,https://allyuspa.com,vendor,,0
Aloha Aesthetics MD,aloha-aestheticsmd.com,,,yes,no_email,https://aloha-aestheticsmd.com,medspa,,2
Aloha Sauna & Spa,alohasauna.com,juliakim0704@yahoo.com,juliakim0704@yahoo.com,yes,no_peptides,https://alohasauna.com,vendor,,0
Aluma Aesthetic Medicine,alumapdx.com,hello@alumapdx.com,hello@alumapdx.com,yes,no_peptides,https://alumapdx.com,medspa,,0
Amazing Hands Day Spa,amazinghandsdayspa.com,,,yes,no_email,https://amazinghandsdayspa.com,vendor,,0
Prime IV Hydration & Wellness,amoura.skin,,,yes,no_email,https://amoura.skin,medspa,,0
Ananya Spa,ananyaspaseattle.com,guestservices@ananyaspaseattle.com,guestservices@ananyaspaseattle.com,yes,no_peptides,https://ananyaspaseattle.com,vendor,,0
ANNAZUR Organic SPA,annazur.com,,,yes,no_email,https://annazur.com,medspa,,0
HL Med Spa,antiagingwellnessmd.com,,,yes,no_email,https://antiagingwellnessmd.com,medspa,GLP-1 weight loss peptides,4
Antidote Aesthetics,antidoteaesthetics.com,,,yes,no_email,https://antidoteaesthetics.com,medspa,GLP-1 weight loss peptides,2
aNu Aesthetics & Optimal Wellness,anuaesthetics.com,info@anuaesthetics.com,info@anuaesthetics.com,,no_peptides,https://anuaesthetics.com,medspa,,0
Art of Injectables,aoipdx.com,,,,no_email,https://aoipdx.com,medspa,,0
Apex Medical Spa,apexmedicalspa.com,contact@apexmedicalspa.com,contact@apexmedicalspa.com,yes,no_peptides,https://apexmedicalspa.com,medspa,,0
Apple Blossom Esthetics,appleblossomesthetics.com,appleblossomspa.vt@gmail.com,appleblossomspa.vt@gmail.com,yes,no_peptides,https://appleblossomesthetics.com,medspa,,0
Aqua Spa,aquaspa-inc.com,,,yes,no_email,https://aquaspa-inc.com,medspa,,0
Legends Health And Wellness,aquavitality.com,,,yes,no_email,https://aquavitality.com,medspa,"semaglutide, nad+, sermorelin, aod-9604, tirzepatide",17
Arcan Aesthetics®,arcanmedaesthetics.com,,,,unreachable,,,,
Float Seattle (Renton Landing),arcticelevation.com,info@arcticelevation.com,info@arcticelevation.com,,no_us_signal,https://arcticelevation.com,medspa,"semaglutide, tirzepatide, nad+, glutathione",5
Sierra Botanica & Collaborative Medicine,ariaspas.com,,,,unreachable,,,,
Ariya Aesthetics,ariyamedspa.com,impallari@gmail.com,impallari@gmail.com; ariyamedspa@gmail.com,yes,already known,https://ariyamedspa.com/about,medspa,"semaglutide, tirzepatide",5
Arkansas Aesthetics,arkansas-aesthetics.com,,,,unreachable,,,,
Salina Spa & Massage,artistrymedspa.co,,,,no_email,https://artistrymedspa.co,medspa,,0
KT'Z Beauty Browz Spa Clinic,asholisticbyvee.com,,,,unreachable,,,,
Integrative CAP Health Practices LLC,atlantaintegrativeandinternalmedicine.com,,,,no_email,,vendor,,0
Atlanta MediSpa & Surgery Center,atlantamedispa.com,info.djatkinsmd@gmail.com,info.djatkinsmd@gmail.com,yes,no_peptides,https://atlantamedispa.com,medspa,,0
Attain Medspa,attainmedspa.com,,,yes,no_email,https://attainmedspa.com,medspa,,1
"Aurora DeJuliis, MD European Medical Spa",auroradejuliismd.com,,,yes,no_email,https://auroradejuliismd.com,medspa,GLP-1 weight loss peptides,3
AYA Medical Spa Buckhead,ayaskin.com,,,yes,no_email,https://ayaskin.com,medspa,,0
A Younger You Medical Spa,ayoungeryou.com,,,yes,no_email,https://ayoungeryou.com,medspa,semaglutide,5
AZ Beauty NP,azbeautynp.com,,,,unreachable,,,,
Iowa IV Mills Civic,balancehormonecenter.com,,,,no_email,,vendor,,0
Bare Beauty Medspa & Skincare,barebeautyskin.com,,,,unreachable,,,,
Rooted In Faith (Formerly Bare Skin),bareskindetroit.com,info@bareskindetroit.com,info@bareskindetroit.com,yes,no_peptides,https://bareskindetroit.com,medspa,,0
"Jamie Clayton Spano, Medical Esthetician",barevt.com,,,yes,no_email,https://barevt.com,medspa,semaglutide,5
Basalt Day Spa,basaltdayspa.com,,,yes,no_email,https://basaltdayspa.com,vendor,,0
Bask on Main,baskonmain.net,,,yes,no_email,https://baskonmain.net,medspa,,0
BC2 Skin,bc2skin.square.site,shopbc2@gmail.com,shopbc2@gmail.com,,no_peptides,https://bc2skin.square.site,vendor,,0
Beam skin studio,beamskinstudio.com,hello@beamskinstudio.com,hello@beamskinstudio.com,yes,no_peptides,https://beamskinstudio.com,medspa,,0
Beauty Theory,beautytheoryjax.com,info@beautytheoryjax.com,info@beautytheoryjax.com,yes,no_peptides,https://beautytheoryjax.com,medspa,,0
"The Other 23 (Medical Spa & Wellness Center) Camp Hill, PA",bebalancedcenters.com,,,,no_email,,vendor,,0
Braincore of the Carolinas,beemlightsauna.com,,,,no_email,https://beemlightsauna.com,vendor,,0
Bella Aesthetica Medical Spa,bellaaestheticamedicalspa.com,,,yes,no_email,https://bellaaestheticamedicalspa.com,medspa,"semaglutide, tirzepatide",7
DexaFit Boston,bellaaestheticsma.com,bellaaestheticsclinic@gmail.com,bellaaestheticsclinic@gmail.com,,no_peptides,https://bellaaestheticsma.com,medspa,,0
Bella Cosa Med Spa,bellacosaspa.com,,,,no_email,https://bellacosaspa.com/contact-us,medspa,,0
Chiropractic Health & Acupuncture Clinic,belladermaok.com,,,yes,no_email,https://belladermaok.com,medspa,GLP-1 weight loss peptides,6
Mending Roots Wellness,bellamedspaonline.com,,,yes,no_email,https://bellamedspaonline.com,medspa,,0
Belle Rose Aesthetics,belleroseaesthetics.net,info@belleroseaesthetics.com,info@belleroseaesthetics.com,yes,no_peptides,https://belleroseaesthetics.net,medspa,,0
Rimi Med & Aesthetics,bellevietoday.com,,,yes,no_email,https://bellevietoday.com,medspa,"semaglutide, nad+",7
"Bellissimo Esthetics-Sugaring, Microdermabrasion,Facials",bellissimoesty.glossgenius.com,bellissimoesty@gmail.com,bellissimoesty@gmail.com,yes,no_peptides,https://bellissimoesty.glossgenius.com,medspa,,0
"REVIFY MD in Augusta, GA",berevify.com,,,,unreachable,,,,
Bergstrom Aesthetics,bergstromaesthetics.com,info@bergstromaesthetics.com,info@bergstromaesthetics.com,yes,no_peptides,https://bergstromaesthetics.com,medspa,,0
Happy Hands Aesthetics,bestfillersla.com,info@bestfillersla.com,info@bestfillersla.com,yes,no_peptides,https://bestfillersla.com,medspa,,0
Be Tru Beauty Spa,betrubeautyspa.com,contact@betrubeautyspa.com,contact@betrubeautyspa.com,yes,no_peptides,https://betrubeautyspa.com,medspa,,0
"Better Beauty and Wellness, LLC",betterbeautyandwellness.com,betterbeautyandwellnessllc@gmail.com,betterbeautyandwellnessllc@gmail.com,yes,already known,https://betterbeautyandwellness.com,medspa,"semaglutide, tirzepatide",5
Betty's Bath & Day Spa,bettysbath.com,,,yes,no_email,https://bettysbath.com,vendor,,0
MIXT IV Spa,beyoutymedspa.com,beyoutymedspa@gmail.com,beyoutymedspa@gmail.com,yes,already known,https://beyoutymedspa.com,medspa,"semaglutide, nad+, glutathione",9
BeYu llc,beyullc.com,,,yes,no_email,https://beyullc.com,vendor,,0
The Massage Company,billingsmassagetherapists.com,info@billingsmassagetherapists.com,info@billingsmassagetherapists.com,yes,no_peptides,https://billingsmassagetherapists.com,medspa,,0
Biogena,biogena.com,,,,no_email,https://biogena.com,medspa,,0
"StemSave, Inc.",biograph.com,info@biograph.com,info@biograph.com,yes,no_peptides,https://biograph.com,medspa,,0
Black Swan Holistic Head Spa,blackswanholisticheadspa.com,,,yes,no_email,https://blackswanholisticheadspa.com,vendor,,0
Bloom Aesthetics,bloomaestheticsspa.com,karlahenao08@gmail.com,karlahenao08@gmail.com,yes,no_peptides,https://bloomaestheticsspa.com,medspa,,0
Bloom Skin Spa,bloomskinspamke.com,amee@bloomskinspamke.com,amee@bloomskinspamke.com,yes,no_peptides,https://bloomskinspamke.com,medspa,,0
Blue Halo Med Spa,bluehalomedspa.com,,,yes,no_email,https://bluehalomedspa.com,medspa,,1
Blue Sun Esthetics,bluesun.skin,impallari@gmail.com,impallari@gmail.com,yes,no_peptides,https://bluesun.skin,medspa,,0
JECT,blumcenterforhealth.com,,,yes,no_email,https://blumcenterforhealth.com,medspa,"semaglutide, tirzepatide",7
Blush Aesthetics,blushnwo.com,,,yes,no_email,https://blushnwo.com,medspa,GLP-1 weight loss peptides,6
Bodies & Faces Day Spa,bodiesandfaces.com,,,,no_email,https://bodiesandfaces.com,vendor,,0
Body Brilliance Med Spa,bodybrilliancemedspa.com,,,,unreachable,,,,
Body By Design Charleston,bodybydesigncharleston.com,,,yes,no_email,https://bodybydesigncharleston.com,medspa,,0
Body Rock Sculpting Med Spa,bodyrockmedspa.com,heather@bodyrockmedspa.com,heather@bodyrockmedspa.com,yes,no_peptides,https://bodyrockmedspa.com,medspa,,0
J&j-medspaLLC,book.heygoldie.com,,,,no_email,https://book.heygoldie.com,vendor,,0
Deluxe Medical Spa,bookibrowdeluxe.as.me,,,,unreachable,,,,
Pinch Med Spa Seattle,bookpinch.com,,,yes,no_email,https://bookpinch.com,medspa,,0
BIOTI Medical Spa,bookskinalchemy.com,,,,unreachable,,,,
Boss Gal Beauty Bar,bossgalbeautybar.com,booking@bossgalbeautybar.com,booking@bossgalbeautybar.com,yes,no_peptides,https://bossgalbeautybar.com,medspa,,0
Botanical Bodywork & Beauty,botanicalbeautyvt.com,kristaevincent@hotmail.com,kristaevincent@hotmail.com,yes,no_peptides,https://botanicalbeautyvt.com,vendor,,0
Restoration MedSpa,boutiquewellnessnc.com,,,yes,no_email,https://boutiquewellnessnc.com,medspa,semaglutide,6
Balanced Prairie Wellness Collective,bpwcollective.com,bpwcollective@gmail.com,bpwcollective@gmail.com,yes,no_peptides,https://bpwcollective.com,vendor,,0
Breathe It In Salt Rooms,breatheitinsaltrooms.com,,,,no_email,https://breatheitinsaltrooms.com,vendor,,0
Balance Health Center,brecksville.zivel.com,brecksville@zivel.com,brecksville@zivel.com; zivelbrecksville@gmail.com,yes,no_peptides,https://brecksville.zivel.com,medspa,,0
"Bright Diamond Medical Spa and Wellness: Joy Gary, MD",brightdiamondmedical.com,,,,no_email,https://brightdiamondmedical.com,medspa,,0
Bright Esthetics & Body Wellness,brightestheticsandbodywellness.com,,,yes,no_email,https://brightestheticsandbodywellness.com,medspa,semaglutide,1
Brilliant Massage & Skin,brilliantmassageandskin.com,info@brilliantmassageandskin.com,inquiries@brilliantmassageandskin.com; 69192f3e5b974e7a989d90bb66ecb474@brilliantmassageandskin.com; info@brilliantmassageandskin.com,yes,no_peptides,https://brilliantmassageandskin.com/pages/contact,vendor,,0
Dream Spa Medical,brookline.dreamspamedical.com,appointments@dreamspamedical.com,appointments@dreamspamedical.com,yes,no_peptides,https://brookline.dreamspamedical.com,medspa,,0
Ageless in the Triad Med Spa,bryanmw.com,officestaff@bryanmw.com,officestaff@bryanmw.com; daniel@bryanmw.com,yes,no_peptides,https://bryanmw.com,medspa,,0
Butter Day Spa,butterdayspa.com,,,yes,no_email,https://butterdayspa.com,medspa,,0
Calm & Glowing Spa,calmandglowingspa.com,calmandglowingspa@gmail.com,calmandglowingspa@gmail.com,yes,no_peptides,https://calmandglowingspa.com,vendor,,0
CaloSpa® Rejuvenation Center,calospa.com,,,yes,no_email,https://calospa.com,medspa,,0
Dream Spa Medical,canton.dreamspamedical.com,appointments@dreamspamedical.com,appointments@dreamspamedical.com,yes,no_peptides,https://canton.dreamspamedical.com,medspa,,0
Serenity Spa & Facials Des Moines,capitalchirodsm.com,,,yes,no_email,https://capitalchirodsm.com,medspa,,0
Carizzma Beauty Bar,carizzmabooths.glossgenius.com,sunhavenco23@gmail.com,sunhavenco23@gmail.com,yes,no_peptides,https://carizzmabooths.glossgenius.com,vendor,,0
"New Vision Med Spa in Columbia, SC",carolinamedspa.com,,,,no_email,,vendor,,0
Carolyn's Day Spa,carolynsdayspa.com,,,yes,no_email,https://carolynsdayspa.com,vendor,,0
Carson Aesthetics Wellness Spa,carsonaesthetics.com,info@carsonaesthetics.com,info@carsonaesthetics.com; nicole@carsonaesthetics.com,yes,no_peptides,https://carsonaesthetics.com,medspa,,0
Riva MEDSPA,casacontour.com,,,,no_email,https://casacontour.com,vendor,,0
Cosmetic Enhancement Center of New England Falmouth,cecofne.com,,,yes,no_email,https://cecofne.com,medspa,"semaglutide, tirzepatide",6
Cedar Grove Aesthetics,cedargroveaesthetics.com,clientcare@cedargroveaesthetics.com,clientcare@cedargroveaesthetics.com; nclientcare@cedargroveaesthetics.com,yes,no_peptides,https://cedargroveaesthetics.com,medspa,,0
Celsius,celsiusmedspa.com,,,yes,no_email,https://celsiusmedspa.com,medspa,semaglutide,1
Center For Aesthetic Medicine,centerforaestheticmedicine.com,,,yes,no_email,https://centerforaestheticmedicine.com,medspa,,0
Center for Regenerative Health Med Spa,centerforregenerativehealth.com,,,,no_email,,vendor,,0
Aesthetica Medspa and Wellness,centers.osteostrong.me,,,,no_email,https://centers.osteostrong.me,vendor,,0
Champagne Ghost Spa,champagneghost.com,,,,no_email,,vendor,,0
Castro Integrative Medicine of Charlottesville,charlottesville-downtown-mall.thedripbar.com,,,,no_email,,vendor,,0
Charm House Spa and Bodywork,charm-house-spa-and-bodywork.square.site,,,,no_email,https://charm-house-spa-and-bodywork.square.site,vendor,,0
Charm City Skin,charmcityskin.com,charmcityskinwellness@gmail.com,charmcityskinwellness@gmail.com,yes,no_peptides,https://charmcityskin.com,vendor,,0
"Omaha Health Therapy Center: Sarah A. Kracht, APRN, BC-FNP in Omaha, N",chelationomaha.com,omahahealththerapycenter@hotmail.com,omahahealththerapycenter@hotmail.com,yes,already known,https://chelationomaha.com,medspa,"nad+, glutathione",5
Grossgold Longevity and Wellness Spa,chillnoutclearwater.com,info@chillnoutclearwater.com,info@chillnoutclearwater.com,yes,no_peptides,https://chillnoutclearwater.com,vendor,,0
Chill Spa,chillspa.com,,,yes,no_email,https://chillspa.com,medspa,,0
Optimize Wellness & Aesthetics,chooseoptimizewellness.com,,,yes,no_email,https://chooseoptimizewellness.com,medspa,nad+,4
Chris Medical Aesthetics at Dolcè Villa,chrismedicalaesthetics.com,hello@chrismedicalaesthetics.com,hello@chrismedicalaesthetics.com; chrismedicalesty@gmail.com,yes,no_peptides,https://chrismedicalaesthetics.com,medspa,,0
Chrysalis Wellness Spa LLC,chrysaliswellnessspa.com,,,,no_email,https://chrysaliswellnessspa.com,vendor,,0
Cinema Wellness Lymphatic Drainage MLD,cinemawellness.com,info@cinemawellness.com,info@cinemawellness.com,yes,no_peptides,https://cinemawellness.com,medspa,,0
Citiwellness,citiwellnesswilmington.com,,,yes,no_email,https://citiwellnesswilmington.com,medspa,,2
CKE SKINCARE,ckeskincare.com,,,yes,no_email,https://ckeskincare.com,vendor,GLP-1 weight loss peptides,2
Clair De Lune Aesthetics & Wellness,clairdelunemedspa.com,,,yes,no_email,https://clairdelunemedspa.com,medspa,,1
Clara Medical Spa,claramedicalspa.com,claramedicalspa@gmail.com,claramedicalspa@gmail.com,yes,no_peptides,https://claramedicalspa.com,medspa,,0
Clare Women's Wellness + Aesthetics,clarebeautywellness.com,,,,no_email,,vendor,,0
Clarity Medical Aesthetics,clarityct.com,,,,unreachable,,,,
Clarity Medical Spa,claritymedicalspa.com,,,yes,no_email,https://claritymedicalspa.com/contact,medspa,glutathione,5
Clarity Skin,clarityskinfargo.com,,,,unreachable,,,,
Classic Beauty Aesthetics & Wellness dba Med Spa 31:25,classicbeautysd.com,classicbeautysd@gmail.com,classicbeautysd@gmail.com,yes,no_peptides,https://classicbeautysd.com,medspa,,0
Clean Beauty Wellness Spa,cleanbeautywellness.com,,,,no_email,https://cleanbeautywellness.com,vendor,,0
Clean Skin Aesthetics,cleanskinaesthetics.beauty,cleanskinaestheticshtx@gmail.com,cleanskinaestheticshtx@gmail.com,yes,no_peptides,https://cleanskinaesthetics.beauty,medspa,,0
Clean Skin Clear Vibe Spa,cleanskinclearvibespa.com,care_cleanskin@hotmail.com,care_cleanskin@hotmail.com,yes,no_peptides,https://cleanskinclearvibespa.com,medspa,,0
Clear and Sexy Skin Med Spa,clearandsexyskin.com,,,yes,no_email,https://clearandsexyskin.com,medspa,,0
Clear Medical,clearmd.com,,,yes,no_email,https://clearmd.com,medspa,,0
Cleopatra Medical Aesthetics,cleopatra-lasercenter.com,,,,no_email,,vendor,,0
CLEO Skin + Laser (Edina),cleoskinandlaser.com,hello@cleoskinandlaser.com,hello@cleoskinandlaser.com,yes,no_peptides,https://cleoskinandlaser.com,vendor,,0
CPSI MedSpa,clevelandplasticsurgeryinstitute.com,,,,no_email,,vendor,,0
Cleveland Primecare Medspa,clevelandprimecaremedspa.com,,,yes,no_email,https://clevelandprimecaremedspa.com,medspa,,0
"Clinica Beauty Aesthetics by Erica, RN (formerly Nectar Aesthetics and",clinicabeautyaesthetics.glossgenius.com,,,,no_email,https://clinicabeautyaesthetics.glossgenius.com,medspa,GLP-1 weight loss peptides,2
Clinic Wellness Med Spa,clinicwellness.org,,,,unreachable,,,,
Cloud Nine Clinic,cloud9clinic.com,megan.larson01@gmail.com,megan.larson01@gmail.com; cloud9clinic@gmail.com,yes,no_peptides,https://cloud9clinic.com,medspa,,0
Cloud 9 Salon & Day Spa,cloud9salonanddayspa.com,info@cloud9salonanddayspa.com,info@cloud9salonanddayspa.com; weddings@cloud9salonanddayspa.com,yes,no_peptides,https://cloud9salonanddayspa.com,medspa,,0
Coastal Dermatology & Medspa,coastaldermatologyjax.com,,,yes,no_email,https://coastaldermatologyjax.com,medspa,,0
Coastal Derm MediSpa,coastaldermmedispa.com,,,,unreachable,,,,
Coastal Medical & Cosmetic Dermatology,coastaldermonline.com,,,yes,no_email,https://coastaldermonline.com,medspa,,0
Coastal Medical Aesthetics,coastalmedi.com,,,,no_email,https://coastalmedi.com,medspa,,0
Coastal Vitality Co.,coastalvitalityco.com,heidi@coastalvitalityco.com,heidi@coastalvitalityco.com,yes,no_peptides,https://coastalvitalityco.com,medspa,,0
Coco Med Spa,cocomedspa.com,,,yes,no_email,https://cocomedspa.com,medspa,,1
Coco Aesthetics Medspa,cocomedspa.glossgenius.com,,,yes,no_email,https://cocomedspa.glossgenius.com,medspa,,0
Cole Facial Clinic and Skin Care,colefacialclinic.com,,,yes,no_email,https://colefacialclinic.com,medspa,,0
Collab MedSpa,collabmedspa.com,,,yes,no_email,https://collabmedspa.com,medspa,,0
Collagen Bar NYC Microneedling and Body Contouring,collagenbar.nyc,,,yes,no_email,https://collagenbar.nyc,medspa,nad+,5
Collective Beauty Med Spa,collectivebeautymedspa.com,,,,unreachable,,,,
Collective Beauty Salon & Med Spa,collectivebeautysalonspa.com,pamperme@collectivebeautysalonspa.com,pamperme@collectivebeautysalonspa.com,,no_us_signal,https://collectivebeautysalonspa.com,medspa,GLP-1 weight loss peptides,2
Comprehensive Dermatology Center of Pasadena,compdermcenter.com,,,yes,no_email,https://compdermcenter.com,medspa,,0
Complete Care Medical Spa,completecaremedicalspa.com,completecaremedicalspa@gmail.com,completecaremedicalspa@gmail.com,yes,no_peptides,https://completecaremedicalspa.com,medspa,,0
Concept MedSpa + Wellness,conceptmedicalspa.com,,,yes,no_email,https://conceptmedicalspa.com,medspa,nad+,4
Concept Medspa by Nurse Ariany,conceptmedspa.com,,,,unreachable,,,,
Concierge Aesthetics®,conciergeaesthetics.com,,,,no_email,,vendor,,0
Concierge Cosmetics & Aesthetics,conciergecosmeticsandaesthetics.com,conciergecosmeticsjax@gmail.com,conciergecosmeticsjax@gmail.com,yes,no_peptides,https://conciergecosmeticsandaesthetics.com,medspa,,0
Concordia Star Medical Aesthetics,concordiastarmedaesthetics.com,,,,unreachable,,,,
Concord MedSpa,concordmedspa.com,,,yes,no_email,https://concordmedspa.com,medspa,,0
CONFIDENTLY Med Spa,confidentlymedspa.com,,,yes,no_email,https://confidentlymedspa.com,medspa,semaglutide,4
CONTŌR,contorstudio.com,info@contorstudio.com,info@contorstudio.com,,no_peptides,https://contorstudio.com,medspa,,0
Contour Collection,contourcollection.com,hello@contourcollection.com,hello@contourcollection.com,,no_peptides,https://contourcollection.com,medspa,,0
Elevation Med Spa,conwayobgyn.com,,,yes,no_email,https://conwayobgyn.com,medspa,,0
Conway Med Spa,conwaywomensmedspa.com,,,yes,no_email,https://conwaywomensmedspa.com,medspa,,0
Cool Blue Image,coolblueimage.com,coolblueimage@gmail.com,coolblueimage@gmail.com,yes,already known,https://coolblueimage.com,medspa,semaglutide,2
Copper Well Retreat,copperwellretreat.com,info@copperwellretreat.com,info@copperwellretreat.com,yes,no_peptides,https://copperwellretreat.com,vendor,,0
CORE Wellness & Recovery,corewellnessandrecovery.com,,,yes,no_email,https://corewellnessandrecovery.com,medspa,"nad+, glutathione",4
Corpo Excellente Medical Spa,corpoexcellente.com,,,,unreachable,,,,
CosMEDIX & Cryo MedSpa,cosmedixandcryomedspa.com,,,,unreachable,,,,
CosmetiCare Plastic Surgery Newport Beach & Med Spa,cosmeticare.com,,,yes,no_email,https://cosmeticare.com,medspa,,2
Cosmetic Injectables Center Medspa,cosmeticinjectables.com,,,,no_email,https://cosmeticinjectables.com,medspa,,0
Cosmetic Laser Professionals MED SPA,cosmeticlaserprofessionals.com,,,yes,no_email,https://cosmeticlaserprofessionals.com,medspa,nad+,3
Cosmetic Solutions Laser and Skin Care Center,cosmeticsolutionslaser.com,,,yes,no_email,https://cosmeticsolutionslaser.com,medspa,GLP-1 weight loss peptides,7
Cosmetiq Med Spa,cosmetiqmedicine.com,cosmetiqmedicine@gmail.com,cosmetiqmedicine@gmail.com,yes,already known,https://cosmetiqmedicine.com,medspa,"tirzepatide, nad+, ghk-cu, glutathione",7
Cosmetique Aesthetics and Surgical Center,cosmetiqueaesthetics.com,,,yes,no_email,https://cosmetiqueaesthetics.com,medspa,GLP-1 weight loss peptides,6
Couture Aesthetics,couture-aesthetics.com,,,,no_email,https://couture-aesthetics.com,medspa,,0
Cowgirl Jo's Beauty Co.,cowgirl-jos-beauty-co.square.site,,,,no_email,https://cowgirl-jos-beauty-co.square.site,vendor,,0
CoxHealth Med Spa,coxhealth.com,,,yes,no_email,https://coxhealth.com,medspa,,0
Crafted Aesthetics,craftedaestheticsmt.com,craftedacademy@gmail.com,craftedacademy@gmail.com,yes,already known,https://craftedaestheticsmt.com,medspa,semaglutide,4
Crafted Skin Clinic,craftedskinclinic.com,craftedskinclinicmn@outlook.com,craftedskinclinicmn@outlook.com,yes,no_peptides,https://craftedskinclinic.com,medspa,,0
"The DRIPBaR Cranford in Cranford, NJ",cranford-nj.thedripbar.com,,,,no_email,,vendor,,0
Creative Facial Aesthetics,creativefacialaesthetics.com,,,yes,no_email,https://creativefacialaesthetics.com,medspa,,0
Clear Sky Medical,crhormonehealth.com,,,yes,no_email,https://crhormonehealth.com,medspa,,4
Crossroads Spa,crossroadsspa.com,rupe.stacey@yahoo.com,rupe.stacey@yahoo.com,yes,no_peptides,https://crossroadsspa.com,vendor,,0
Crown Medical Aesthetics + Wellness,crownmedicalaesthetics.com,,,,no_email,,vendor,,0
Crown Med Spa,crownmedspas.com,,,,no_email,,vendor,,0
Dr. Jillian Finker,cryocurecenter.com,info@cryocurecenter.com,info@cryocurecenter.com,yes,no_peptides,https://cryocurecenter.com,medspa,,0
Cosmetic Skin & Laser Center,cslcbeauty.com,,,yes,no_email,https://cslcbeauty.com,medspa,nad+,4
Cupertino Medical Laser Center,cupertinomedicallaser.com,,,,no_email,,vendor,,0
Cura Med Spa,cura-medspa.com,,,yes,no_email,https://cura-medspa.com,medspa,GLP-1 weight loss peptides,9
Cura Skin Therapeutics,curaskinvt.com,curaskinvt@gmail.com,curaskinvt@gmail.com; curaskivt@gmail.com,yes,no_peptides,https://curaskinvt.com,vendor,,0
Curated Medical,curatedmed.com,info@curatedmed.com,info@curatedmed.com; hello@curatedmed.com,yes,no_peptides,https://curatedmed.com,medspa,,0
CURE Wellness Center,curedaily.com,,,yes,no_email,https://curedaily.com,vendor,"nad+, glutathione",4
Baltimore Bodies Medspa,curemedspaandwellness.com,,,,no_email,,vendor,,0
Cure Med Spa Mystic,curemedspamystic.com,,,yes,no_email,https://curemedspamystic.com,medspa,"nad+, glutathione",4
CUR Wellness Clinic,curwellnessclinic.com,,,yes,no_email,https://curwellnessclinic.com,medspa,nad+,4
Custom Beauty Med Studio,custombeautymedstudio.com,info@custombeautymedstudio.com,info@custombeautymedstudio.com,yes,no_peptides,https://custombeautymedstudio.com,medspa,,0
Cutella Medical Spa,cutellamedspa.com,,,yes,no_email,https://cutellamedspa.com,medspa,"tirzepatide, sermorelin",9
CUTIS MED SPA LLC,cutismedicalspa.com,angela@cutismedicalspa.com,angela@cutismedicalspa.com,yes,no_peptides,https://cutismedicalspa.com,medspa,,0
Cutis Medical Aesthetics,cutismedspa.com,cutismedspa@gmail.com,cutismedspa@gmail.com,yes,no_peptides,https://cutismedspa.com,medspa,,0
Complete Wellness and Aesthetics,cwamedspa.com,,,,no_email,https://cwamedspa.com,vendor,,0
Cypress Beauty & Wellness,cypressportland.com,capsomas@gmail.com,capsomas@gmail.com; nancy.cypresswellness@gmail.com; receptionist.cypresswellness@gmail.com,yes,no_peptides,https://cypressportland.com/services,medspa,,0
D'LUX SUITES ON TECHNOPOLIS DR,d-luxsuites.com,,,yes,no_email,https://d-luxsuites.com,vendor,,0
Daily Glow Medical Spa,dailyglowspa.com,,,yes,no_email,https://dailyglowspa.com,medspa,,5
Dallas Center for Dermatology and Aesthetics,dallascosmeticderm.com,,,yes,no_email,https://dallascosmeticderm.com,medspa,,0
Dallas Esthetics,dallasesthetics.com,,,yes,no_email,https://dallasesthetics.com,medspa,,0
Dallas Pro Aesthetics,dallasproaesthetics.com,info@dallasproaesthetics.com,info@dallasproaesthetics.com; support@dallasproaesthetics.com,yes,no_peptides,https://dallasproaesthetics.com,medspa,,0
D'Allure Medspa,dalluremedspa.com,brandy@dalluremedspa.com,brandy@dalluremedspa.com,yes,no_peptides,https://dalluremedspa.com,medspa,,0
Dam Medspa,dammedspa.com,hello@dammedspa.com,hello@dammedspa.com,yes,no_peptides,https://dammedspa.com,medspa,,0
Dari Esthetics,dariesthetics.glossgenius.com,dariesthetics@gmail.com,dariesthetics@gmail.com,yes,no_peptides,https://dariesthetics.glossgenius.com,vendor,,0
Darling Med Spa,darlingmedspa.com,,,,unreachable,,,,
DaVida Medical & Aesthetics,davidama.com,,,yes,no_email,https://davidama.com,medspa,"semaglutide, bpc-157, nad+, ipamorelin, tesamorelin, cjc-1295",9
Serenity Aesthetics and Wellness Clinic,dawninglighthealthandwellness.com,info@dawninglighthealthandwellness.com,info@dawninglighthealthandwellness.com,yes,no_peptides,https://dawninglighthealthandwellness.com,medspa,,0
Day of Indulgence Massages & Skin Care Day Spa,dayofindulgencespa.com,,,yes,no_email,https://dayofindulgencespa.com,medspa,,0
DC Medical Spa,dcmedicalspas.com,,,yes,no_email,https://dcmedicalspas.com,medspa,,0
DEA Med Spa,deamedspa.com,,,,unreachable,,,,
Deep Blue Med Spa,deepbluemedspa.com,,,yes,no_email,https://deepbluemedspa.com,medspa,,3
Define Beauty Medspa,definebeautymedspa.com,,,,unreachable,,,,
Defy Age Med Spa,defyagemedspa.com,,,,unreachable,,,,
DejaVu Med Spa Colorado,dejavumed.com,dvmedspa@gmail.com,dvmedspa@gmail.com,yes,no_peptides,https://dejavumed.com,medspa,,0
De La Belle Wellness & Spa,delabelle.net,,,yes,no_email,https://delabelle.net,medspa,nad+,6
Del Campo Dermatology & Laser Institute,delcampoderm.com,,,yes,no_email,https://delcampoderm.com,medspa,,0
Del Mar Aesthetic Clinic,delmaraesthetic.com,yourbestyou@delmaraesthetic.com,yourbestyou@delmaraesthetic.com,yes,no_peptides,https://delmaraesthetic.com,medspa,,0
Del Mar Integrative Medicine & Medical Spa,delmarim.com,,,yes,no_email,https://delmarim.com,medspa,glutathione,7
Delta Laser & Medical Spa,deltalaserspa.com,,,,unreachable,,,,
Delta Med Spa,deltamedspa.com,,,,unreachable,,,,
Deluxe Cosmetic Center,deluxecosmeticcenter.com,info@deluxecosmeticcenter.com,info@deluxecosmeticcenter.com,yes,no_peptides,https://deluxecosmeticcenter.com,medspa,,0
DEMI Med Spa,demimedspa.com,,,yes,no_email,https://demimedspa.com,medspa,,0
Demure Aesthetics Medical Spa,demure-aesthetics.com,demure.aesthetics.cle@gmail.com,demure.aesthetics.cle@gmail.com,yes,no_peptides,https://demure-aesthetics.com,medspa,,0
Dream Medspa,denverdreammedspa.com,denverdreammedspa@gmail.com,denverdreammedspa@gmail.com,,no_peptides,https://denverdreammedspa.com,medspa,,0
La Fontaine Aesthetics,denverfusionspa.com,,,yes,no_email,https://denverfusionspa.com,medspa,semaglutide,4
Derma Beauty Clinic Miami HQ,derma-beauty-clinic.com,info@derma-beauty-clinic.com,info@derma-beauty-clinic.com; newyorkappointments@derma-beauty-clinic.com,yes,no_peptides,https://derma-beauty-clinic.com,medspa,,0
Dermabeauty medical spa,dermabeautymedical.com,,,yes,no_email,https://dermabeautymedical.com/contact-us,medspa,,0
DermaBella Medical Spa,dermabellamedicalspa.com,,,yes,no_email,https://dermabellamedicalspa.com/about,medspa,GLP-1 weight loss peptides,3
Derma Bliss Medical Spa,dermablissmedspa.com,,,,no_email,https://dermablissmedspa.com,medspa,,0
DermacareMD,dermacarebrickell.com,info@dermacarebrickell.com,info@dermacarebrickell.com,yes,no_peptides,https://dermacarebrickell.com/about-us,medspa,,0
Dermacare Medical PC,dermacaremedical.com,,,,unreachable,,,,
"Dermacare Medical Aesthetics, Carlsbad",dermacaresandiego.com,,,yes,no_email,https://dermacaresandiego.com,medspa,GLP-1 weight loss peptides,3
Dermacenter Medical Spa,dermacenter.com,,,yes,no_email,https://dermacenter.com,medspa,GLP-1 weight loss peptides,3
Dermaclinic Miami LLC,dermaclinicenter.com,support@dermaclinicenter.com,miami@dermaclinicenter.com; houston@dermaclinicenter.com; vegas@dermaclinicenter.com; sales@dermaclinicenter.com; support@dermaclinicenter.com,yes,no_peptides,https://dermaclinicenter.com,medspa,,0
Derma Medical Spa,dermafountainofyouth.com,,,yes,no_email,https://dermafountainofyouth.com,medspa,,1
Derma Glow Med Spa,dermaglowcle.com,,,,unreachable,,,,
DermaGlow Lab & Aesthetics,dermaglowla.com,,,yes,no_email,https://dermaglowla.com,medspa,,0
Dermaglow Med Spa,dermaglowsbc.com,dermaglowsbc@gmail.com,dermaglowsbc@gmail.com,yes,no_peptides,https://dermaglowsbc.com,medspa,,0
Dermalaser MD,dermalasermd.com,,,yes,no_email,https://dermalasermd.com,medspa,,0
"dermani MEDSPA® Summerhill (Atlanta), GA",dermanimedspa.com,,,,no_email,https://dermanimedspa.com,medspa,,0
Dermanova MedSpa,dermanovaspa.com,,,yes,no_email,https://dermanovaspa.com/about,medspa,,1
Dermaplus Skin + Body,dermaplusskin.com,dermaplusskin@gmail.com,dermaplusskin@gmail.com,,no_peptides,https://dermaplusskin.com,medspa,,0
DERMASPACE,dermaspace.com,info@dermaspace.com,jodyleon@dermaspace.com; info@dermaspace.com,yes,no_peptides,https://dermaspace.com,vendor,,0
DermaStar Skin & Laser,dermastarspa.com,info@dermastarspa.com,info@dermastarspa.com,,no_peptides,https://dermastarspa.com,medspa,,0
Dermaster Medical Aesthetic Clinic,dermasterusa.com,hello@dermasterusa.com,hello@dermasterusa.com; compliance@dermasterusa.com,yes,no_peptides,https://dermasterusa.com,medspa,,0
Dermatic Medical Aesthetics,dermaticaesthetics.com,,,yes,no_email,https://dermaticaesthetics.com,medspa,,0
"Dermatology of the Rockies in Aurora, CO",dermatologyoftherockies.com,,,,no_email,,vendor,,0
Dermatown Medical,dermatown.com,dermatown@gmail.com,dermatown@gmail.com,yes,no_peptides,https://dermatown.com,medspa,,0
DermaWell Clinic EP,dermawellclinic.com,,,,no_email,https://dermawellclinic.com,vendor,,0
Dermatology & Laser of Del Mar,dermdelmar.com,,,yes,no_email,https://dermdelmar.com,medspa,,0
Dermlounge,dermlounge.com,,,yes,no_email,https://dermlounge.com,medspa,"semaglutide, tirzepatide",10
Epiphany Dermatology,dermsa.com,,,yes,no_email,https://dermsa.com,vendor,,0
Dermatology San Antonio,dermsanantonio.com,info@dermsanantonio.com,info@dermsanantonio.com,yes,no_peptides,https://dermsanantonio.com,medspa,,0
Dermatology Specialists of San Antonio,dermsouthtx.com,info@dermsouthtx.com,info@dermsouthtx.com,yes,no_peptides,https://dermsouthtx.com,medspa,,0
DermSpa Dallas,dermspadallas.com,,,,no_email,,vendor,,0
Desi Esthetics Medical Spa,desiesthetics.com,,,,no_email,https://desiesthetics.com,vendor,,0
Destiny Med Spa,destinymedspa.org,,,yes,no_email,https://destinymedspa.org,medspa,,2
Deux Amis Med Spa,deuxamismedspa.com,spa@deuxamismedspa.com,spa@deuxamismedspa.com,,no_peptides,https://deuxamismedspa.com/about-us,medspa,,0
Devenir Aesthetics,deveniratx.com,info@deveniratx.com,info@deveniratx.com,yes,no_peptides,https://deveniratx.com,medspa,,0
DFW LUXE AESTHETICS,dfwluxeaesthetics.square.site,dfwluxeaesthetics@gmail.com,dfwluxeaesthetics@gmail.com,,no_peptides,https://dfwluxeaesthetics.square.site,medspa,,0
DFW MEDICAL SPA,dfwmedspabeauty.com,info.dfwmedspa@gmail.com,info.dfwmedspa@gmail.com,yes,no_peptides,https://dfwmedspabeauty.com,medspa,,0
Dharma Wellness Spa,dharmawellnessspa.com,dharmawellnessspa@gmail.com,dharmawellnessspa@gmail.com,yes,no_peptides,https://dharmawellnessspa.com,medspa,,0
DHH Med Spa,dhhmedspa.com,,,yes,no_email,https://dhhmedspa.com,medspa,semaglutide,4
Diamond Advanced Aesthetics,diamondadvancedaesthetics.com,info@diamondadvancedaesthetics.com,info@diamondadvancedaesthetics.com,,no_peptides,https://diamondadvancedaesthetics.com,medspa,,0
Diamond Laser Center Med Spa,diamondlasercenter.com,info@diamondlasercenter.com,info@diamondlasercenter.com,yes,no_peptides,https://diamondlasercenter.com,medspa,,0
Diana James Med Spa,dianajamesmedspa.com,,,yes,no_email,https://dianajamesmedspa.com,medspa,GLP-1 weight loss peptides,3
DiStefano Med Spa,distefanomedspa.com,,,yes,no_email,https://distefanomedspa.com,medspa,,0
Sanctum Beauty & Wellness,distinctionsmedspa.com,info@distinctionsmedspa.com,info@distinctionsmedspa.com,yes,no_peptides,https://distinctionsmedspa.com,medspa,,0
Diva nails,divanailscheyenne.com,,,,unreachable,,,,
Divine IV and Wellness,divineiv.com,,,yes,no_email,https://divineiv.com,medspa,"semaglutide, nad+",5
Divine Aesthetics Med Spa,divinemedspa.com,info@divinemedspa.com,info@divinemedspa.com,yes,no_peptides,https://divinemedspa.com,medspa,,0
DNAge Medical,dnagemedical.com,,,,unreachable,,,,
Dolce Aesthetics NY,dolceaestheticsny.com,,,yes,no_email,https://dolceaestheticsny.com,medspa,semaglutide,1
Dolce Medical Spa NYC,dolcemedicalspas.com,,,,no_email,https://dolcemedicalspas.com/contact-us,medspa,,0
Dolce Vida Medical Spa,dolcevidamedspa.com,,,yes,no_email,https://dolcevidamedspa.com,medspa,GLP-1 weight loss peptides,3
Dolce Vita Aesthetics,dolcevitaaesthetic.com,dolcevitaaesthetics@gmail.com,dolcevitaaesthetics@gmail.com; dolcevitaaesthetics207@gmail.com,,no_peptides,https://dolcevitaaesthetic.com,medspa,,0
Dolce Vita Wellness Spa,dolcevitawellnessspa.com,info@dolcevitawellnessspa.com,info@dolcevitawellnessspa.com,,no_us_signal,https://dolcevitawellnessspa.com,medspa,"semaglutide, glutathione",3
Dollhouse Beauty & Wellness,dollhousebeautyandwellness.com,,,,unreachable,,,,
Dominion Medspa & Salon,dominionmedspasalon.com,,,yes,no_email,https://dominionmedspasalon.com,medspa,,0
Donaldson Plastic Surgery & Aesthetic Solutions,donaldsonplasticsurgery.com,,,yes,no_email,https://donaldsonplasticsurgery.com,medspa,semaglutide,4
Dorset Street Dermatology,dorsetstreetdermatology.com,,,yes,no_email,https://dorsetstreetdermatology.com,medspa,,0
Double J Medical Aesthetics and Hair Clinic,doublejaesthetics.com,doublejaesthetics@gmail.com,doublejaesthetics@gmail.com,yes,already known,https://doublejaesthetics.com,medspa,nad+,5
Douglas Med Spa,douglasmedspa.com,,,,no_email,https://douglasmedspa.com,vendor,,0
Downtown Medspa,downtownmedspa.com,,,yes,no_email,https://downtownmedspa.com,medspa,"semaglutide, tirzepatide",4
Dream Aesthetic,dreamaestheticsc.com,,,,no_email,https://dreamaestheticsc.com,medspa,,0
Dream Body Medspa,dreambodymedspa.com,info@dreambodymedspa.com,info@dreambodymedspa.com,yes,no_peptides,https://dreambodymedspa.com/contact,medspa,,0
Dream House Med Spa,dreamhouse601.com,,,,no_email,,vendor,,0
Dream Aesthetics Medspa,dreamhoustonmedspa.com,,,yes,no_email,https://dreamhoustonmedspa.com,medspa,"semaglutide, tirzepatide",2
Dream Skin Lasers LLC,dreamskinlaser.com,karovicjuraj@gmail.com,karovicjuraj@gmail.com,yes,no_peptides,https://dreamskinlaser.com,medspa,,0
Drew Patrick Spa,drewpatrickspa.com,,,,unreachable,,,,
Dr. Hamadiya Miami Wellness and Aesthetic Center,drhamadiya.com,,,,no_email,,vendor,,0
Driftless Medical Spa,driftlessmedspa.com,anapbm@gmail.com,anapbm@gmail.com; driftlessmedspa@gmail.com,yes,no_peptides,https://driftlessmedspa.com/contact-us,medspa,,0
DRIP HAWAII (Waikiki) IV Wellness & Lifestyle Medspa,driphawaii.com,,,,no_email,,vendor,,0
Drip Medi Spa,dripmedispa.com,hi@dripmedispa.com,hi@dripmedispa.com,,no_us_signal,https://dripmedispa.com,medspa,glutathione,2
DripNeedle Med Spa,dripneedlemedspade.com,,,yes,no_email,https://dripneedlemedspade.com,medspa,,0
Advanced TRT Clinic,drippiv.com,,,yes,no_email,https://drippiv.com/contact-us/,medspa,,1
Drips on the Glow Med Spa & Mobile IV,dripsontheglow.com,info@dripsontheglow.com,dianehazimi@yahoo.com; info@dripsontheglow.com,yes,no_peptides,https://dripsontheglow.com,medspa,,0
Dr J Anti-Aging Clinic,drjantiagingclinic.com,,,,no_email,,vendor,,0
Dr. John Diaz Med Spa,drjohndiaz.com,,,yes,no_email,https://drjohndiaz.com,medspa,,1
Dr. Tanya Kormeili: Derm & Rejuvenation Institute of Santa Monica,drkormeilidermatology.com,,,,no_email,,vendor,,0
Regenerelle,drlesmoore.com,,,yes,no_email,https://drlesmoore.com,vendor,,0
"DrMedSpa, San Mateo, CA",drmedspa.net,,,yes,no_email,https://drmedspa.net,medspa,,1
Dr. Mohandas MedSpa,drmohandasmedspa.com,mohandasmedspa@gmail.com,mohandasmedspa@gmail.com,yes,no_peptides,https://drmohandasmedspa.com,medspa,,0
Bella Derma Medical Spa,drmontanarella.com,,,yes,no_email,https://drmontanarella.com,medspa,,1
Dr. Osman Dermatology,drosman.com,,,,no_email,,vendor,,0
Dr. Phillips Aesthetics,drphillipsaesthetics.net,,,yes,no_email,https://drphillipsaesthetics.net,medspa,"semaglutide, tirzepatide, sermorelin, pt-141",7
Dr Phillips Medical Spa,drphillipsmedicalspaorlando.zoca.com,,,,unreachable,,,,
Dr Refresh,drrefresh.com,drrefresh@gmail.com,drrefresh@gmail.com,yes,already known,https://drrefresh.com,medspa,"nad+, glutathione",3
Facial Aesthetics Center of RI,drsarahlevy.com,,,yes,no_email,https://drsarahlevy.com,medspa,,0
Doctors MedSpa,drsmedspa.com,gsloanmd23@gmail.com,gsloanmd23@gmail.com,yes,no_peptides,https://drsmedspa.com,medspa,,0
Dr Stephen Nightingale Dermatology Aesthetic,drsnightingale.com,,,yes,no_email,https://drsnightingale.com,medspa,,0
"Dr. Jeffrey B. Wise, MD, FACS NJ",drwise.com,,,yes,no_email,https://drwise.com,medspa,,0
DS Skin & Lips Medical Spa,dsskinandlips.com,info@dsskinandlips.com,info@dsskinandlips.com,yes,no_peptides,https://dsskinandlips.com,medspa,,0
"Duality Aesthetics and Wellness, Redwood City Med Spa",dualityaesthetics.com,info@dualityaesthetics.com,info@dualityaesthetics.com,yes,no_peptides,https://dualityaesthetics.com,medspa,,0
Dynasty Day & Med Spa,dynastydaymedspa.com,dynastydaymedspa@gmail.com,dynastydaymedspa@gmail.com,yes,already known,https://dynastydaymedspa.com,medspa,"semaglutide, nad+",7
Dyscover Medspa,dyscovermedspa.com,,,yes,no_email,https://dyscovermedspa.com,medspa,,0
Estetica MedSpa,eamedspa.com,,,yes,no_email,https://eamedspa.com,medspa,,1
Earthbody,earthbody.net,spa@earthbody.net,spa@earthbody.net; career@earthbody.net,yes,no_peptides,https://earthbody.net,medspa,,0
Earthbound Skin Spa,earthboundskin.com,,,,no_email,https://earthboundskin.com,medspa,,0
Earthling Day Spa and Pilates Studio,earthlingdayspa.com,spa@earthlingdayspa.com,spa@earthlingdayspa.com,yes,no_peptides,https://earthlingdayspa.com,vendor,,0
EarthSavers Spa + Store,earthsaversonline.com,,,yes,no_email,https://earthsaversonline.com,vendor,,0
Ease Spa Wellness,easespawellness.com,,,,no_email,https://easespawellness.com,medspa,,0
EA Medical Aesthetics Med Spa,easkincare.com,easkincare@gmail.com,easkincare@gmail.com,yes,already known,https://easkincare.com,medspa,"semaglutide, nad+, glutathione",4
East Town Salon & Medspa,easttownspa.com,,,yes,no_email,https://easttownspa.com,medspa,GLP-1 weight loss peptides,2
Essence Beauty Lounge,ebeautylounge.com,samiieblounge@gmail.com,samiieblounge@gmail.com,yes,no_peptides,https://ebeautylounge.com,medspa,,0
Elizabeth City Med Spa,ecitymedspa.com,,,yes,no_email,https://ecitymedspa.com,medspa,,0
Eden Medical Spa & Boutique,edenjonesboro.com,edenspajonesboro@gmail.com,edenspajonesboro@gmail.com,yes,no_peptides,https://edenjonesboro.com,medspa,,0
Eden Med Spa,edenmedspa.net,squintus@live.com,squintus@live.com,yes,no_peptides,https://edenmedspa.net,medspa,,0
Eden Med Spa,edenmedspanyc.com,,,yes,no_email,https://edenmedspanyc.com,medspa,,1
Eden Rose Health and Wellness,edenrosehealthandwellness.com,,,,unreachable,,,,
Edge Medical Spa/Lounge,edgemedicalspa.com,,,yes,no_email,https://edgemedicalspa.com,medspa,"semaglutide, tirzepatide, retatrutide, nad+",13
Edina Skin Care Specialists,edinaskincare.com,edinaskincarespecialists@gmail.com,edinaskincarespecialists@gmail.com,yes,no_peptides,https://edinaskincare.com,medspa,,0
EFFACÉ Aesthetics,effacebyroberta.com,,,yes,no_email,https://effacebyroberta.com,medspa,,0
Egrari Non Invasive Center,egrari.com,,,,no_email,https://egrari.com,medspa,,0
ElaMar Decatur,elamarskin.com,,,yes,no_email,https://elamarskin.com,medspa,,0
Elan Skin & Laser Med Spa of Nashville,elanskinandlaser.com,,,yes,no_email,https://elanskinandlaser.com,medspa,,1
Elase Med Spa (formerly known as Images Med Spa),elase.com,,,,no_email,https://elase.com,medspa,"tb-500, ipamorelin, sermorelin, pt-141, glutathione, 5-amino-1mq",7
Elegance Day Spa,elegancedayspahonolulu.zoca.com,elegancehawaii25@gmail.com,elegancehawaii25@gmail.com,yes,no_peptides,https://elegancedayspahonolulu.zoca.com,medspa,,0
Elegant Aesthetics,elegantaestheticsri.com,,,yes,no_email,https://elegantaestheticsri.com,medspa,,0
The Elite Med Spa,elementmedicalspa.com,,,,no_email,,vendor,,0
Elevate Aesthetics,elevateaestheticsla.com,,,yes,no_email,https://elevateaestheticsla.com/contact,medspa,"semaglutide, tirzepatide",5
Elevate + Co.,elevateandcomke.com,elevateandcollc@gmail.com,elevateandcollc@gmail.com,yes,no_peptides,https://elevateandcomke.com,medspa,,0
Elevated Beauty,elevatedbeautynow.com,,,,no_email,,vendor,,0
"Elevated MedSpa, Skin, IV, and Wellness",elevatedmedspa.com,,,,no_email,,vendor,,0
Elevated Aesthetics with Elana,elevatedwithelana.com,elevatedwithelana@gmail.com,elevatedwithelana@gmail.com; abc@gmail.com,yes,no_peptides,https://elevatedwithelana.com,medspa,,0
Elevate Your Elements Wellness,elevateelements.com,,,yes,no_email,https://elevateelements.com,medspa,,0
Elevate Spa MD,elevatemdspa.com,,,yes,no_email,https://elevatemdspa.com,medspa,"semaglutide, tirzepatide, nad+, ipamorelin, sermorelin, tesamorelin",19
Elevate Medical Spa and Cosmetic Surgery,elevatemedicalspa.com,,,,unreachable,,,,
Elevate Medical Spa,elevatemedispa.com,info@elevatemedispa.com,info@elevatemedispa.com,yes,no_peptides,https://elevatemedispa.com,medspa,,0
Elevate Med Spa,elevatemedspamn.com,info@elevatemedspamn.com,info@elevatemedspamn.com,yes,no_peptides,https://elevatemedspamn.com,medspa,,0
Elevate Recovery + Medspa,elevaterecoveryandmedspa.com,,,yes,no_email,https://elevaterecoveryandmedspa.com,medspa,,1
Elevate Medical Spa Plant City,elevatetpa.com,info@elevatetpa.com,tampa@elevatetpa.com; plantcity@elevatetpa.com; info@elevatetpa.com; ampa@elevatetpa.com,yes,no_peptides,https://elevatetpa.com,medspa,,0
Elevation Aesthetics & Wellness,elevationaestheticswellness.com,,,yes,no_email,https://elevationaestheticswellness.com/contact,medspa,GLP-1 weight loss peptides,3
Eleven11 Laser + Skincare,eleven11spa.com,,,yes,no_email,https://eleven11spa.com,medspa,,0
Élevé Med Spa,elevespa.com,,,,no_email,,vendor,,0
ELE'VI Skin & Medical Aesthetics,elevimedicalaesthetics.com,,,,no_email,,vendor,,0
Eliot Beauty Skin Clinic,eliotbeautyclinic.com,,,,no_email,https://eliotbeautyclinic.com,vendor,,0
Elite Aesthetics,eliteaestheticsla.com,info@eliteaestheticsla.com,info@eliteaestheticsla.com,yes,no_peptides,https://eliteaestheticsla.com,medspa,,0
Elite Aesthetics Med Spa,eliteaestheticsmedspa.com,,,yes,no_email,https://eliteaestheticsmedspa.com/contact,medspa,,0
Elite Aesthetics,eliteaestheticsnyc.com,,,yes,no_email,https://eliteaestheticsnyc.com,medspa,,0
Elite Body & Laser Center,elitebodyandlaser.com,elitemdbodyandlaser@gmail.com,elitemdbodyandlaser@gmail.com,yes,already known,https://elitebodyandlaser.com,medspa,semaglutide,6
ELITE CARE AESTHETIC,elitecareaesthetic.com,,,,unreachable,,,,
Elite Dermatology & Plastic Surgery,elitedermatology.com,,,yes,no_email,https://elitedermatology.com,medspa,,0
"Elite DOC Health and Beauty: Naz Keshwani, M.D.",elitedochealthandbeauty.com,,,yes,no_email,https://elitedochealthandbeauty.com,medspa,"semaglutide, tirzepatide",6
Elite Medicine and Aesthetics,elitemdaestheticsboise.com,,,,no_email,,vendor,,0
Elite Medical Beauty,elitemedicalbeauty.com,,,,no_email,https://elitemedicalbeauty.com,medspa,,0
Elite Medical Aesthetics and Age Management,elitemedicaltampa.com,,,yes,no_email,https://elitemedicaltampa.com,medspa,,1
Elite Medspa Scottsdale,elitemedspaaz.com,,,yes,no_email,https://elitemedspaaz.com,medspa,,0
Elite Med Spa Miami,elitemedspafl.com,,,,no_email,https://elitemedspafl.com,vendor,,0
Elite Med Spa of Texas,elitemedspaoftexas.com,elitemedspa3319@gmail.com,elitemedspa3319@gmail.com,yes,already known,https://elitemedspaoftexas.com,medspa,semaglutide,1
Elite Skin and Beauty,eliteskinandbeauty.com,,,yes,no_email,https://eliteskinandbeauty.com,medspa,,0
Elite Styles,elitestyles.com,,,yes,no_email,https://elitestyles.com,medspa,,2
Elite Wellness Body + Aesthetics,elitewellnessbodyaesthetics.com,,,,no_email,https://elitewellnessbodyaesthetics.com,medspa,,0
Elixir Aesthetics,elixiraestheticsmedspa.com,hello@elixiraestheticsmedspa.com,hello@elixiraestheticsmedspa.com,yes,no_peptides,https://elixiraestheticsmedspa.com,medspa,,0
Elizabeth Face + Body Med Spa,elizabethmedspa.com,,,,no_email,,vendor,,0
Ella Medical Aesthetics,ellamedaesthetics.com,hello@ellamedaesthetics.com,hello@ellamedaesthetics.com,yes,no_peptides,https://ellamedaesthetics.com,medspa,,0
Elle Medical & Aesthetics,ellemedicalandaesthetics.com,ellemedicalclinic@gmail.com,ellemedicalclinic@gmail.com,yes,already known,https://ellemedicalandaesthetics.com,medspa,"nad+, glutathione",6
Clinic Ellena Health + Wellness,ellenaaesthetics.com,clinicellena@gmail.com,clinicellena@gmail.com,yes,already known,https://ellenaaesthetics.com,medspa,kpv,3
Ellery Milan Beauty,ellerymilan.com,,,yes,no_email,https://ellerymilan.com,medspa,,0
EL Med Spa,elmdspa.com,elmedspala@gmail.com,elmedspala@gmail.com,yes,no_peptides,https://elmdspa.com,medspa,,0
The MedSpa & The Man Cave West by El Paso Cosmetic Surgery,elpasoplasticsurgery.com,,,yes,no_email,https://elpasoplasticsurgery.com,medspa,GLP-1 weight loss peptides,2
Elysian Med Spa & Wellness,elysianmedspalv.com,,,,no_email,https://elysianmedspalv.com,vendor,,0
Elysian Wellness,elysianwellness.org,,,,unreachable,,,,
Elysian Wellness Campus,elysianwellnesscampus.com,,,,no_email,https://elysianwellnesscampus.com,vendor,,0
Elysian Wellness and Aesthetics,elysianwellnessokc.com,,,yes,no_email,https://elysianwellnessokc.com,medspa,GLP-1 weight loss peptides,7
em+zen™,emandzen.com,,,yes,no_email,https://emandzen.com,medspa,"semaglutide, tirzepatide",8
Embrace Wellness + Ageless Beauty,embracewellnessnd.com,,,yes,no_email,https://embracewellnessnd.com,medspa,GLP-1 weight loss peptides,3
E Med Spa,emedspasd.com,,,,no_email,,vendor,,0
Essence Acupuncture & Herbal Medicine,emeraldkeywellness.com,janis@emeraldkeywellness.com,janis@emeraldkeywellness.com,,no_peptides,https://emeraldkeywellness.com,vendor,,0
Emily Rockwell Skin Clinic,emilyrockwellskin.com,info@emilyrockwellskin.com,info@emilyrockwellskin.com,yes,no_peptides,https://emilyrockwellskin.com,medspa,,0
Eminence Medical Aesthetics,eminencema.com,,,yes,no_email,https://eminencema.com,medspa,semaglutide,4
Empire Aesthetics,empireaesthetic.net,,,yes,no_email,https://empireaesthetic.net,medspa,,0
Empire Aesthetics Medical Spa,empiremedicalspa.com,,,,no_email,https://empiremedicalspa.com,medspa,,0
Empire Wellness & Aesthetics,empirewellnesswv.com,contact@empirewellnesswv.com,contact@empirewellnesswv.com,yes,no_peptides,https://empirewellnesswv.com,medspa,,0
"Empower Aesthetics & Wellness, LLC",empoweraesthetics.com,empower859@gmail.com,empower859@gmail.com,yes,no_peptides,https://empoweraesthetics.com,medspa,,0
EMSCULPT Body San Diego,emsculptbodysandiego.com,info@emsculptbodysandiego.com,info@emsculptbodysandiego.com,yes,no_peptides,https://emsculptbodysandiego.com,medspa,,0
EN Spa,en-spa.com,info@en-spa.com,info@en-spa.com; andrew@en-spa.com; mindy@en-spa.com,yes,no_peptides,https://en-spa.com,medspa,,0
Entre Nous Aesthetics,enaesthetics.com,info@enaesthetics.com,info@enaesthetics.com,yes,no_peptides,https://enaesthetics.com,medspa,,0
Enchanted Med Spa,enchantedmedspas.com,,,,unreachable,,,,
Encore Medspa,encoremdspa.com,encoremedspa@gmail.com,encoremedspa@gmail.com,,no_peptides,https://encoremdspa.com,medspa,,0
Endure Aesthetics & Wellness,endureaesthetics.com,,,yes,no_email,https://endureaesthetics.com,medspa,,0
Enfield Royal Clinic,enfieldroyalclinic.com,,,,no_email,https://enfieldroyalclinic.com,medspa,,0
Enhanced Aesthetix,enhancedaesthetix.com,info@enhancedaesthetix.com,info@enhancedaesthetix.com,yes,no_peptides,https://enhancedaesthetix.com,medspa,,0
Enhanced Beauty Medical Spa,enhancedbeautyohio.com,,,yes,no_email,https://enhancedbeautyohio.com,medspa,GLP-1 weight loss peptides,4
Enhance Image Med Spa and Float Therapy,enhanceimage.com,info@enhanceimage.com,info@enhanceimage.com,yes,no_peptides,https://enhanceimage.com,medspa,,0
Enlighten Medspa & Surgical Suite,enlightenmedspa.com,,,,no_email,,vendor,,0
"Chatham Facial Plastic Surgery & Medical Skin Care, Chatham Donn R...",ennu.co,,,yes,no_email,https://ennu.co,medspa,,0
Envisions Medical Spa,envisionsmedspa.com,,,yes,no_email,https://envisionsmedspa.com,medspa,,0
En Vogue Medi Spa Southampton,envoguemedispa.com,,,yes,no_email,https://envoguemedispa.com,medspa,GLP-1 weight loss peptides,4
EOS Medical Spa,eosmedspa.com,,,yes,no_email,https://eosmedspa.com,medspa,GLP-1 weight loss peptides,3
Epanouir Aesthetic & Longevity Center,epanouirlongevity.com,,,,no_email,,vendor,,0
EpiCentre Skin Care & Laser Center,epicentreskincare.com,,,yes,no_email,https://epicentreskincare.com,medspa,,0
Epitome Med Spa,epitomemedspa.com,contact@epitomemedspa.com,contact@epitomemedspa.com,yes,no_peptides,https://epitomemedspa.com,medspa,,0
"Epitome Medical Aesthetics: Norman Gonzales, MD",epitomevb.com,,,yes,no_email,https://epitomevb.com,medspa,,2
Refined Vida,equinox.com,concierge@equinox.com,concierge@equinox.com; pr@equinox.com; cancellations@equinox.com,yes,no_peptides,https://equinox.com,vendor,,0
Erasable Med Spa,erasablemedspa.com,,,yes,no_email,https://erasablemedspa.com,medspa,GLP-1 weight loss peptides,5
Ereso Plastic Surgery and Aesthetics,eresoplasticsurgery.com,,,yes,no_email,https://eresoplasticsurgery.com,medspa,,0
Eroun Aesthetics 이로운 에스테틱,erounla.com,,,,no_email,,vendor,,0
Escape Med Spa,escapemedspabeverlyhills.zoca.com,,,,unreachable,,,,
ESSE Med Spa + PMU,essemedspa.com,,,,unreachable,,,,
Essence Aesthetics and Health,essence.health,,,yes,no_email,https://essence.health,medspa,,2
Essentia Health-Mid Dakota Bismarck 9th St Clinic,essentiahealth.org,,,yes,no_email,https://essentiahealth.org,medspa,,1
Estea Laser & Cosmetic Center,esteacosmetic.com,esteaforyou@gmail.com,esteaforyou@gmail.com,,no_peptides,https://esteacosmetic.com,vendor,,0
Esthetica Medspa Newark,estheticamedspa.com,,,yes,no_email,https://estheticamedspa.com,medspa,,0
Esthetic Beautique Wellness Spa,estheticbeautiquewellnessspa.com,,,,unreachable,,,,
Esthetic Lab NYC,estheticlab.nyc,,,yes,no_email,https://estheticlab.nyc,medspa,,0
Luxury Aesthetics Center,estheticscenterboston.com,,,,no_email,https://estheticscenterboston.com,vendor,,0
Estheva Esthetics By Mandy,esthevaestheticsbymandy.glossgenius.com,eebymandy@gmail.com,eebymandy@gmail.com,yes,no_peptides,https://esthevaestheticsbymandy.glossgenius.com,vendor,,0
Eternal Beauty Medical Clinic,eternalbeautymedical.com,info@eternalbeautymedical.com,fvaghar@yahoo.com; info@eternalbeautymedical.com,yes,no_peptides,https://eternalbeautymedical.com/contact,medspa,,0
Eternal Beauty Spa,eternalbeautyspa.info,,,yes,no_email,https://eternalbeautyspa.info,medspa,,0
Ethereal Skin Studio Miami,etherealmiami.com,etherealskinmiami@gmail.com,etherealskinmiami@gmail.com,yes,no_peptides,https://etherealmiami.com,medspa,,0
Ethos MedSpa Chicago,ethosmedicalspa.com,,,yes,no_email,https://ethosmedicalspa.com,medspa,"semaglutide, nad+, glutathione",4
Eunoia Esthetics,eunoiaestheticsbozeman.com,info@eunoiaestheticsbozeman.com,info@eunoiaestheticsbozeman.com,yes,no_peptides,https://eunoiaestheticsbozeman.com,medspa,,0
"Eureka Body Care and Spa + Medspa, Botox",eurekabodycareandspa.com,info@eurekabodycareandspa.com,info@eurekabodycareandspa.com,yes,no_peptides,https://eurekabodycareandspa.com,medspa,,0
Evaluer Medspa,evaluermedspa.com,info@evaluermedspa.com,info@evaluermedspa.com,yes,no_peptides,https://evaluermedspa.com,medspa,,0
Ever/Body Flatiron,everbody.com,press@everbody.com,press@everbody.com; partnerships@everbody.com,yes,no_peptides,https://everbody.com,medspa,,0
Everglow Medical Aesthetics,everglowbyrobyn.com,robyn@everglowbyrobyn.com,robyn@everglowbyrobyn.com,,no_us_signal,https://everglowbyrobyn.com,medspa,GLP-1 weight loss peptides,3
Evergreen Aesthetics,evergreen-aesthetics.com,everskinaesthetics@gmail.com,everskinaesthetics@gmail.com,yes,no_peptides,https://evergreen-aesthetics.com,medspa,,0
Everis Aesthetic Medicine,everisaesthetic.com,experience@everisaesthetic.com,experience@everisaesthetic.com,yes,no_peptides,https://everisaesthetic.com,medspa,,0
Evergreen Med Spa & Wellness,evgmedspa.com,,,,no_email,https://evgmedspa.com,medspa,,0
Evoke Esthetics Medspa,evokeesthetics.com,,,,no_email,,vendor,,0
Evoke Aesthetics,evokemed.com,jenya@evokemed.com,jenya@evokemed.com,yes,no_peptides,https://evokemed.com,medspa,,0
Evolution MedSpa Boston,evolutionmedspaboston.com,,,,no_email,,vendor,,0
Evolution Wellness & Aesthetics,evolutionwellnessandaesthetics.com,,,yes,no_email,https://evolutionwellnessandaesthetics.com,medspa,,1
Evolve Aesthetics & Wellness PDX,evolveaesthetics.com,,,yes,no_email,https://evolveaesthetics.com,medspa,,1
Evolve Aesthetics,evolveaestheticslv.com,info@evolveaestheticslv.com,info@evolveaestheticslv.com,,no_peptides,https://evolveaestheticslv.com,medspa,,0
Evolve Aesthetics Medspa,evolveaestheticsmedspa.com,,,,no_email,https://evolveaestheticsmedspa.com,medspa,,0
EvolvE,evolveatx.com,contact@evolveatx.com,contact@evolveatx.com,yes,no_peptides,https://evolveatx.com,medspa,,0
Evolve Med Spa,evolvemedspa.com,,,yes,no_email,https://evolvemedspa.com,medspa,,0
Evolve Med Spa,evolvemedspadallas.com,,,,unreachable,,,,
Evolve Medical Associates,evolvemetoday.com,,,yes,no_email,https://evolvemetoday.com,medspa,"semaglutide, tirzepatide",10
Evolve Aesthetics by Dr. Iggy,evolveorl.com,,,yes,no_email,https://evolveorl.com,medspa,"semaglutide, tirzepatide",6
Evolving Aesthetics,evolvingaesthetics.com,,,,no_email,https://evolvingaesthetics.com,medspa,semaglutide,2
Excel Aesthetics,excelaestheticsmiami.com,,,,no_email,https://excelaestheticsmiami.com,medspa,,0
Excelin Medical Spa,excelinmedicalspa.com,,,yes,no_email,https://excelinmedicalspa.com,medspa,,0
Exclusive Med Aesthetics & Hair Restoration,exclusivemedaesthetics.com,,,yes,no_email,https://exclusivemedaesthetics.com,medspa,semaglutide,5
Exelus Med Spa,exelusmedspa.com,exelusmedspa@gmail.com,exelusmedspa@gmail.com,yes,already known,https://exelusmedspa.com,medspa,semaglutide,2
Exhala Wellness,exhalawellness.com,info@exhalawellness.com,info@exhalawellness.com,,no_us_signal,https://exhalawellness.com,medspa,,1
Exotica Skin Care,exoticaskincare.com,krisproykov@gmail.com,krisproykov@gmail.com,yes,no_peptides,https://exoticaskincare.com,medspa,,0
Columbus Aesthetic & Plastic Surgery,experiencecaps.com,,,yes,no_email,https://experiencecaps.com,medspa,semaglutide,4
Sakoon The Spa,experiencesakoon.com,,,yes,no_email,https://experiencesakoon.com,medspa,tirzepatide,5
SALT Salon Spa Cafe,experiencesalt.com,info@experiencesalt.com,info@experiencesalt.com,yes,no_peptides,https://experiencesalt.com,medspa,,0
Exquisite Med Spa,exquisitemedspaok.com,,,,no_email,https://exquisitemedspaok.com,medspa,GLP-1 weight loss peptides,5
Eye Candy Medspa,eyecandymedspa.com,eyecandymedspa@gmail.com,eyecandymedspa@gmail.com,yes,already known,https://eyecandymedspa.com,medspa,"semaglutide, tirzepatide",7
EZ Aesthetics & Wellness,ezwellnessorlando.com,,,yes,no_email,https://ezwellnessorlando.com,medspa,,0
Faccia,facciaecorpo.com,ciao@facciaecorpo.com,ciao@facciaecorpo.com,,no_peptides,https://facciaecorpo.com,medspa,,0
The Face & Body Center,faceandbodycenter.com,,,yes,no_email,https://faceandbodycenter.com,medspa,,0
Facecard MedSpa,facecardmedspa.com,hello@facecardmedspa.com,hello@facecardmedspa.com,yes,no_peptides,https://facecardmedspa.com,medspa,,0
Face Fabulous Medical Spa,facefabulousmedspatn.com,,,yes,no_email,https://facefabulousmedspatn.com,medspa,,1
Face Forward Aesthetics,faceforwardaesthetics.com,,,yes,no_email,https://faceforwardaesthetics.com,medspa,"semaglutide, tirzepatide",5
Face Forward Medical Aesthetics,faceforwardmedical.com,,,yes,no_email,https://faceforwardmedical.com,medspa,GLP-1 weight loss peptides,5
FACE FOUNDRIÉ,facefoundrie.com,info@facefoundrie.com,info@facefoundrie.com,,no_peptides,https://facefoundrie.com,medspa,,0
Faceing Aesthetics,faceingaesthetics.com,,,,unreachable,,,,
Face It Medical Aesthetics,faceitmustang.com,,,yes,no_email,https://faceitmustang.com,medspa,semaglutide,1
Face KC Medical Spa,facekcmedspa.com,info.facekcmedspa@gmail.com,info.facekcmedspa@gmail.com,yes,no_peptides,https://facekcmedspa.com,medspa,,0
FaceLine Aesthetics,facelineaesthetics.com,,,yes,no_email,https://facelineaesthetics.com/contact-us,medspa,,1
FaceMe Aesthetics,facemeaesthetic.com,,,,no_email,https://facemeaesthetic.com,medspa,,0
FACE Medical Boutique,facemedicalboutique.com,info@facemedicalboutique.com,info@facemedicalboutique.com,yes,no_peptides,https://facemedicalboutique.com,medspa,,0
F. A. C. E. Med spa & Wellness,facemedspaandwellness.com,,,,unreachable,,,,
Face Place Boutique,faceplaceboutique.com,,,,unreachable,,,,
"Faces, PLLC",facesdr.com,,,yes,no_email,https://facesdr.com,medspa,,0
Faces Med Spa,facesmedspa.com,,,yes,no_email,https://facesmedspa.com,medspa,,0
Faces of South Tampa,facesofsouthtampa.com,,,,no_email,,vendor,,0
Faces Spa,facesspa.com,,,yes,no_email,https://facesspa.com,medspa,,0
face to face nyc,facetofacenyc.com,simplyenrique@gmail.com,simplyenrique@gmail.com,yes,no_peptides,https://facetofacenyc.com,vendor,,0
Face to Face Spa at Cordova,facetofacespa.com,,,,no_email,https://facetofacespa.com,medspa,semaglutide,1
Facial Aesthetics,facialaestheticsinc.com,,,,unreachable,,,,
facial collective Madison,facialcollective.com,info@facialcollective.com,mllegeorgesand@gmail.com; info@facialcollective.com,yes,no_peptides,https://facialcollective.com,medspa,,0
Facial Finesse Medical Aesthetics,facialfinesse.com,,,yes,no_email,https://facialfinesse.com,medspa,,0
Facile Dermatology + Boutique,facileskin.com,tori@facileskin.com,tori@facileskin.com,yes,no_peptides,https://facileskin.com,vendor,,0
Fade Aesthetics And Wellness,fadeaesthetics.com,,,,no_email,,vendor,,0
Fatou Aesthetics + Wellness,fatouaesthetics.com,info@fatouaesthetics.com,info@fatouaesthetics.com,yes,no_peptides,https://fatouaesthetics.com,medspa,,0
"The DRIPBaR Fayetteville in Fayetteville, NC",fayetteville.thedripbar.com,,,,no_email,,vendor,,0
Face and Body Concept,fbconcept.net,,,,unreachable,,,,
Femme Aesthetics & Health,femmeaesthetics.com,,,,no_email,,vendor,,0
Femme Medspa,femmemedspa.com,,,yes,no_email,https://femmemedspa.com,medspa,,0
FINA MedSpa,finamedspa.com,finamedspahi@gmail.com,finamedspahi@gmail.com,yes,no_peptides,https://finamedspa.com,medspa,,0
Finesse West,finesseyou.com,info@finesseyou.com,info@finesseyou.com,yes,no_peptides,https://finesseyou.com,medspa,,0
Fiore Wellness Center & Spa,fiorewellnesscenter.com,,,yes,no_email,https://fiorewellnesscenter.com,medspa,,0
Firefly Wellness Day Spa,fireflywellnessdayspa.com,hello@fireflywellnessdayspa.com,hello@fireflywellnessdayspa.com,yes,no_peptides,https://fireflywellnessdayspa.com,vendor,,0
First Ave Med Spa,firstavemedspa.com,care@firstavemedspa.com,care@firstavemedspa.com,yes,no_peptides,https://firstavemedspa.com,medspa,,0
Fit Skin Solutions,fitskinsolutions.com,,,yes,no_email,https://fitskinsolutions.com,vendor,,0
Fixx Medical Spa,fixxmedicalspa.com,info@fixxmedicalspa.com,info@fixxmedicalspa.com,yes,no_peptides,https://fixxmedicalspa.com,medspa,,0
Fizz Facial Bar,fizzfacialbar.com,info@fizzfacialbar.com,jonesboro@fizzfacialbar.com; nicholasville@fizzfacialbar.com; georgetown@fizzfacialbar.com; conway@fizzfacialbar.com; info@fizzfacialbar.com,yes,no_peptides,https://fizzfacialbar.com,medspa,,0
Serenity Float Center,flagcdn.com,,,,no_email,https://flagcdn.com,vendor,,0
FlashLaser Aesthetics,flashlaser.com,,,yes,no_email,https://flashlaser.com,medspa,GLP-1 weight loss peptides,3
Flawless MedSpa,flawlessmed.net,,,yes,no_email,https://flawlessmed.net,medspa,,3
Flawless Salon and Medical Spa,flawlessmedicalspa.com,,,,unreachable,,,,
Flawless Medical Spa,flawlessmedispa.com,,,,unreachable,,,,
Flawless Med Spa,flawlessmedspa.info,flawlessmedspaaesthetics@gmail.com,flawlessmedspaaesthetics@gmail.com,yes,no_peptides,https://flawlessmedspa.info,medspa,,0
Flawless Medspa Las Vegas,flawlessmedspas.com,,,yes,no_email,https://flawlessmedspas.com,medspa,"semaglutide, tirzepatide, glutathione",9
Flawless Skin by Aarin,flawlessskinbyaarin.as.me,,,,no_email,https://flawlessskinbyaarin.as.me,vendor,,0
Flawless Skin,flawlessskinvb.com,flawlessskin.vb@gmail.com,flawlessskin.vb@gmail.com,yes,no_peptides,https://flawlessskinvb.com,medspa,,0
Fleuresh Restorative Spa,fleuresh.com,kimberly@fleuresh.com,kimberly@fleuresh.com,yes,no_peptides,https://fleuresh.com,vendor,,0
Float Harder Relaxation Center,floatharder.com,,,yes,no_email,https://floatharder.com,vendor,,0
Willow Park Rejuvenation,flourishfwc.com,info@flourishfwc.com,%20info@flourishfwc.com; info@flourishfwc.com,yes,no_peptides,https://flourishfwc.com,medspa,,0
FlowMD Aesthetic Center,flowmd.clinic,admin@flowmd.clinic,admin@flowmd.clinic,yes,no_peptides,https://flowmd.clinic,medspa,,0
Ford Plastic and Reconstructive Surgery,fordprs.com,info@fordprs.com,info@fordprs.com,yes,no_peptides,https://fordprs.com,medspa,,0
Forever Beauty Med Spa,foreverbeautyspa.com,,,yes,no_email,https://foreverbeautyspa.com,medspa,,0
Forever Young Medi Spa,foreveryoungmedispas.com,foreveryoungmedispasc@gmail.com,foreveryoungmedispasc@gmail.com,yes,no_peptides,https://foreveryoungmedispas.com,medspa,,0
Forever Young Aesthetics,foreveryoungtampa.com,,,,no_email,,vendor,,0
Forever Young,foreveryoungtranaesthetics.com,youngtran@foreveryoungtranaesthetics.com,youngtran@foreveryoungtranaesthetics.com,yes,no_peptides,https://foreveryoungtranaesthetics.com,medspa,,0
Forever Young Medical Spa,foreveryoungwv.com,foreveryoungmedspawv@gmail.com,foreveryoungmedspawv@gmail.com,yes,no_peptides,https://foreveryoungwv.com/contact-us,medspa,,0
Hydrate IV Bar,fortcollins.hydrateivbar.com,,,,unreachable,,,,
Fort Worth Plastic Surgery & MedSpa,fortworthplasticsurgery.com,,,yes,no_email,https://fortworthplasticsurgery.com,medspa,semaglutide,5
The Spa at Four Seasons Hotel Denver,fourseasons.com,,,,unreachable,,,,
Four Sisters Aesthetic Medicine LLC,foursistersvt.com,info@foursistersvt.com,info@foursistersvt.com,yes,no_peptides,https://foursistersvt.com,medspa,,0
Fox River MedSpa,foxriverspa.com,,,yes,no_email,https://foxriverspa.com,medspa,"semaglutide, tirzepatide",9
Fremont Laser Med Spa,fremontlasermedspa.com,,,yes,no_email,https://fremontlasermedspa.com,medspa,GLP-1 weight loss peptides,3
Fresh Start Aesthetics Med Spa,freshstartaesthetics.com,,,yes,no_email,https://freshstartaesthetics.com,medspa,,1
Freya's Lair Medical Spa,freyaslair.com,,,yes,no_email,https://freyaslair.com,medspa,nad+,3
FR MEDICAL SPA,frmedicalspa.com,,,yes,no_email,https://frmedicalspa.com,medspa,"semaglutide, tirzepatide, retatrutide, nad+, glutathione",8
Frontier Dermatology Aesthetics (Mill Creek),frontierdermatology.com,,,,no_email,https://frontierdermatology.com,vendor,,0
Fusion Medical Spa & Wellness,fusionmedicalspa.net,,,yes,no_email,https://fusionmedicalspa.net,medspa,"semaglutide, tirzepatide",4
Gables Med Spa,gablesmedspa.com,,,yes,no_email,https://gablesmedspa.com,medspa,"semaglutide, tirzepatide, sermorelin, glutathione",7
GaiaBeautyLA,gaiabeautyla.com,gaiabeautyco@gmail.com,gaiabeautyco@gmail.com; gaiabeautyla@gmail.com,yes,no_peptides,https://gaiabeautyla.com,medspa,,0
GALIL Med Spa,galilmedspaidaho.com,galilmedspa@gmail.com,galilmedspa@gmail.com,yes,no_peptides,https://galilmedspaidaho.com,medspa,,0
Galleria Aesthetics and Wellness,galleriaesthetics.com,,,yes,no_email,https://galleriaesthetics.com,medspa,,0
Garden City Medical & Wellness Spa,gcwellnessspa.com,,,yes,no_email,https://gcwellnessspa.com,medspa,glutathione,1
Genesis MedSpa LLC,genesis-medspa.com,,,yes,no_email,https://genesis-medspa.com,medspa,,0
Genesis Lifestyle Medicine,genesislifestylemedicine.com,,,,unreachable,,,,
Genesis Med Spa,genesismedspa.net,,,,unreachable,,,,
Genesys Laser Skin Clinic,genesyslaserclinic.com,,,yes,no_email,https://genesyslaserclinic.com,medspa,glutathione,1
Gentle Touch MediSpa & Wellness,gentletouchmedispa.com,,,yes,no_email,https://gentletouchmedispa.com,medspa,,0
Georgetown Wellness & Weightloss Clinic,georgetownwellnessweightloss.com,,,,no_email,https://georgetownwellnessweightloss.com,medspa,"semaglutide, tirzepatide",4
"GFaceMD Medical Spa, Boston",gfacemd.com,info@gfacemd.com,info@gfacemd.com,,no_peptides,https://gfacemd.com,medspa,,0
G&G Med Spa at Gillespie Plastic Surgery,ggmedispa.com,ggmedspa@gmail.com,ggmedspa@gmail.com,yes,already known,https://ggmedispa.com,medspa,"semaglutide, glutathione",6
Gianna Med-Aesthetics and Wellness LLC,giannamedaesthetics.com,,,yes,no_email,https://giannamedaesthetics.com,medspa,,3
Revive Drip,gigharborhealthclinic.com,,,yes,no_email,https://gigharborhealthclinic.com,medspa,,3
Gig Harbor Medical Spa and Concierge Medicine,gigharbormedicalspa.com,gigharbormedicalspa@gmail.com,gigharbormedicalspa@gmail.com,yes,already known,https://gigharbormedicalspa.com,medspa,"semaglutide, tirzepatide, bpc-157, tb-500, mots-c, selank",13
Glacier Surgical & Med Spa,glaciermedgroup.com,contact@glaciermedgroup.com,contact@glaciermedgroup.com,yes,no_peptides,https://glaciermedgroup.com,medspa,,0
Glacier MedSpa,glaciermedspa.com,,,yes,no_email,https://glaciermedspa.com/contact,medspa,,0
Glam-Amor Skin LLC,glam-amorskin.com,,,,unreachable,,,,
Glam Bar Medical Spa,glambarmedicalspa.com,,,yes,no_email,https://glambarmedicalspa.com,medspa,,0
Glamify MedSpa & Wellness,glamifymedspa.com,,,yes,no_email,https://glamifymedspa.com,medspa,GLP-1 weight loss peptides,4
Glam Jail Med Spa,glamjail.com,,,yes,no_email,https://glamjail.com,medspa,,2
GLAM AESTHETICS,glammedispa.com,hello@glammedispa.com,hello@glammedispa.com,yes,no_peptides,https://glammedispa.com,medspa,,0
Glam MediSpa,glammedispala.com,,,,unreachable,,,,
Glam Medspa,glammedspaskin.com,glammedspaskin@gmail.com,glammedspaskin@gmail.com,yes,no_peptides,https://glammedspaskin.com,medspa,,0
Glamour Med Spa and Beauty Bar,glamourmedspaandbeautybar.com,,,,unreachable,,,,
Glamour Me Medical Spa,glamourmemedspa.com,info@glamourmemedspa.com,glamourmemedspa@gmail.com; info@glamourmemedspa.com; %20info@glamourmemedspa.com,yes,no_peptides,https://glamourmemedspa.com,medspa,,0
Glam Spa,glamspa.com,info@glamspa.com,info@glamspa.com,yes,no_peptides,https://glamspa.com,vendor,,0
Glass Aesthetics Med Spa,glassmedspala.com,,,yes,no_email,https://glassmedspala.com,medspa,,0
Gleam Medical Spa,gleammedspa.com,,,,no_email,,vendor,,0
Gleaux Rx IV Bar and Med Spa,gleauxrx.com,,,,no_email,,vendor,,0
GLEE MED SPA,gleemedspa.com,,,,no_email,,vendor,,0
Glo Rituals,glo-rituals.com,info@glo-rituals.com,paige@glo-rituals.com; concierge@glo-rituals.com; info@glo-rituals.com,yes,no_peptides,https://glo-rituals.com,medspa,,0
GLO30 District Wharf Washington DC,glo30.com,franchise@glo30.com,franchise@glo30.com,,no_us_signal,https://glo30.com,medspa,kpv,2
Glo by Lo,globyloskin.com,globylo@globyloskin.com,globylo@globyloskin.com,yes,no_peptides,https://globyloskin.com,medspa,,0
Glo Sun Spa,glocypress.com,,,yes,no_email,https://glocypress.com,medspa,,0
Glo de Vie Med Spa,glodevie.com,,,yes,no_email,https://glodevie.com,medspa,"semaglutide, tirzepatide",4
glo MD Aesthetics and Wellness,glomd.com,info@glomd.com,info@glomd.com,yes,no_peptides,https://glomd.com,medspa,,0
GLŌ med spa,glomedspaalex.com,,,yes,no_email,https://glomedspaalex.com,medspa,GLP-1 weight loss peptides,5
Glo Med Spa Austin,glomedspaaustin.com,info.glomedspaaustin@gmail.com,info.glomedspaaustin@gmail.com,yes,no_peptides,https://glomedspaaustin.com,medspa,,0
"Palmetto Cosmetic Surgery and Aesthetics in Chapin, SC",gloskinmedicalspa.com,,,yes,no_email,https://gloskinmedicalspa.com,medspa,,2
Glo Spa,glospany.com,,,,no_email,https://glospany.com,vendor,,0
GLOW Aesthetic Clinic,glowaestheticclinic.com,northdakotaskin@gmail.com,northdakotaskin@gmail.com,,no_us_signal,https://glowaestheticclinic.com,medspa,GLP-1 weight loss peptides,3
GB Aesthetics Miami,glowbae.com,gbaestheticsmiami@gmail.com,gbaestheticsmiami@gmail.com,yes,no_peptides,https://glowbae.com,medspa,,0
Glowbar Union Square,glowbar.com,,,yes,no_email,https://glowbar.com,medspa,,0
GlowBeauty by Natalia,glowbeautty.com,,,yes,no_email,https://glowbeautty.com,medspa,,0
GlowCoast MedSpa,glowcoastmedspa.com,,,yes,no_email,https://glowcoastmedspa.com,medspa,,0
Glow Medical Spa,glowfranklin.com,info@glowfranklin.com,info@glowfranklin.com,yes,no_peptides,https://glowfranklin.com,medspa,,0
Glow Getter Studio,glowgetterstudio.com,info.glowgetterstudio@gmail.com,info.glowgetterstudio@gmail.com,yes,no_peptides,https://glowgetterstudio.com,medspa,,0
Glow Medical Aesthetics,glowhouston.com,info@glowhouston.com,info@glowhouston.com,yes,no_peptides,https://glowhouston.com,medspa,,0
Glow Lab Medspa,glowlabmedspa.net,,,,no_email,,vendor,,0
Glow Laser and Beauty,glowlaserandbeauty.com,,,yes,no_email,https://glowlaserandbeauty.com,medspa,GLP-1 weight loss peptides,3
Glow Med Spa,glowmedspa-camas.com,,,yes,no_email,https://glowmedspa-camas.com,medspa,"semaglutide, tirzepatide",4
Glow Med Spa,glowmedspa.net,spadirector@glowmedspa.net,spadirector@glowmedspa.net; midlothian@glowmedspa.net; northside@glowmedspa.net; shortpump@glowmedspa.net; carytown@glowmedspa.net,yes,no_peptides,https://glowmedspa.net,medspa,,0
GLOW Med Spa & Wellness,glowmedspaandwellness.com,,,,no_email,https://glowmedspaandwellness.com,medspa,,0
Glow Aesthetic Center Med Spa,glowmedspaencino.com,,,yes,no_email,https://glowmedspaencino.com,medspa,"semaglutide, tirzepatide, nad+",7
Glow Med Spa Maine,glowmedspamaine.com,,,yes,no_email,https://glowmedspamaine.com,medspa,,1
Glowme Med Spa,glowmemedspa.com,,,,unreachable,,,,
Glow Med Spa,glowsc.com,,,,unreachable,,,,
Glow Skincare & Laser Center,glowskincareandlasercenterde.com,,,yes,no_email,https://glowskincareandlasercenterde.com,medspa,,0
Glow Skin + Wellness Med Spa,glowskinmed.com,,,yes,no_email,https://glowskinmed.com,medspa,GLP-1 weight loss peptides,3
Glow Skin Med Spa,glowskinmedspa.com,glowskinmedspa@gmail.com,glowskinmedspa@gmail.com; u003eglowskinmedspa@gmail.com; jdu00@hotmail.com,,no_peptides,https://glowskinmedspa.com,medspa,,0
GLOW Surgical Arts,glowsurgicalarts.com,info@www.glowsurgicalarts.com,info@www.glowsurgicalarts.com; info@glowsurgicalarts.com,yes,no_peptides,https://glowsurgicalarts.com,medspa,,0
"Glow Up MD: Angie Kim, MD",glowupmdspa.com,support@glowupmdspa.com,support@glowupmdspa.com,,no_peptides,https://glowupmdspa.com,medspa,,0
Glow Up Med Spa,glowupmedspakearnynj.com,glowupmedspakearny@gmail.com,glowupmedspakearny@gmail.com,yes,no_peptides,https://glowupmedspakearnynj.com,medspa,,0
GlowVita Med Spa Edgewater,glowvitaclinic.com,,,,no_email,,vendor,,0
Glow By Nurse Julie Wellness And Aesthetics,glowwellnessandaesthetics.net,glowbynursejulie@gmail.com,glowbynursejulie@gmail.com,yes,no_peptides,https://glowwellnessandaesthetics.net,medspa,,0
Glowy Med Spa,glowymedspa.com,,,,no_email,https://glowymedspa.com,medspa,,0
Renew Medical Spa,glqtv.myaestheticrecord.com,,,,no_email,https://glqtv.myaestheticrecord.com,medspa,,0
G Nail & Head Spa,gnailandheadspa.com,,,,no_email,,vendor,,0
REVIV Las Vegas MGM Grand,go.revivme.com,,,,no_email,https://go.revivme.com,medspa,glutathione,2
GoBeyond Aesthetics & Lifestyle Medicine,gobeyondaesthetics.com,,,,unreachable,,,,
Goco Center for Aesthetics,gocofacemd.com,,,yes,no_email,https://gocofacemd.com,medspa,,0
Goddess Esthetics,goddessesthetics.com,goddessesthetics@gmail.com,goddessesthetics@gmail.com,yes,no_peptides,https://goddessesthetics.com,medspa,,0
Golden Glow Medical Spa,goldenglowmedicalspa.com,info@goldenglowmedicalspa.com,info@goldenglowmedicalspa.com,yes,no_peptides,https://goldenglowmedicalspa.com,medspa,,0
Golden Hour Skincare,goldenhourskincare.com,,,,no_email,https://goldenhourskincare.com,medspa,kpv,1
Golden Skin + Body,goldenskinandbody.com,goldenmedaesthetics@gmail.com,goldenmedaesthetics@gmail.com; goldenskinandbody@gmail.com,yes,no_peptides,https://goldenskinandbody.com,medspa,,0
Golden State Dermatology,goldenstatedermatology.com,,,yes,no_email,https://goldenstatedermatology.com,medspa,glutathione,1
Goldfingers Aesthetics Downtown Orlando MedSpa,goldfingersaesthetics.com,,,yes,no_email,https://goldfingersaesthetics.com,medspa,semaglutide,3
Gold n Glo Aesthetics,goldnglo.com,info@goldnglo.com,info@goldnglo.com,yes,no_peptides,https://goldnglo.com,medspa,,0
Gold Skin Care Center,goldskincare.com,marketingmail@goldskincare.com,marketingmail@goldskincare.com; marketing@goldskincare.com,yes,no_peptides,https://goldskincare.com,medspa,,0
Good Day Relax Massage,gooddayrelaxstation.com,,,,no_email,https://gooddayrelaxstation.com,medspa,,0
GOODSKIN New York,goodskinclinics.com,,,yes,no_email,https://goodskinclinics.com,medspa,semaglutide,2
Gorg! Wellness & Aesthetics,gorglifestyle.com,,,,no_email,,vendor,,0
Go to the Zone Wellness,gotothezonewellness.com,,,,no_email,https://gotothezonewellness.com,vendor,,0
Governors MedSpa & Concierge Medicine,governorsmedicine.com,,,yes,no_email,https://governorsmedicine.com,medspa,semaglutide,5
"Vida-Flo Nashville in Nashville, TN",govidaflo.com,,,yes,no_email,https://govidaflo.com,medspa,nad+,3
Grace + Beauty Medical Spa,gracebeautymedspa.com,,,yes,no_email,https://gracebeautymedspa.com,medspa,GLP-1 weight loss peptides,3
Grace Medical Aesthetics,gracemedicalaesthetics.com,,,yes,no_email,https://gracemedicalaesthetics.com,medspa,kpv,1
Graw Beauty,grawbeauty.com,,,,no_email,https://grawbeauty.com,medspa,,0
Great Lakes Medical Spa,greatlakesmedicalspa.com,timelessyou@greatlakesmedicalspa.com,timelessyou@greatlakesmedicalspa.com; greatlakesmedicalspa@gmail.com,,no_peptides,https://greatlakesmedicalspa.com,medspa,,0
Greene Emerald Med Spa,greeneemeraldmedspa.com,,,yes,no_email,https://greeneemeraldmedspa.com,medspa,GLP-1 weight loss peptides,5
Green Lotus Spa•Med Spa,greenlotusspadallas.zoca.com,greenlotus7839@gmail.com,greenlotus7839@gmail.com,yes,no_peptides,https://greenlotusspadallas.zoca.com,medspa,,0
GreenMedSpa,greenmedspa.com,,,yes,no_email,https://greenmedspa.com,medspa,,1
"The DRIPBaR Greensboro in Jamestown, NC",greensboro.thedripbar.com,,,,no_email,,vendor,,0
Vita Wellness Center and Spa,greenwood-village-co.thedripbar.com,,,,no_email,,vendor,,0
Groov Wellness,groovhealthwellness.com,,,yes,no_email,https://groovhealthwellness.com,medspa,"semaglutide, tirzepatide, retatrutide, bpc-157, tb-500, ipamorelin",13
Georgetown Rejuvenation Med Spa,gtskincare.com,,,,no_email,,vendor,,0
Green Valley Aesthetics Laser and Skin Care Center,gvaesthetics.com,skin@gvaesthetics.com,skin@gvaesthetics.com,yes,no_peptides,https://gvaesthetics.com,medspa,,0
H-MD Medical Spa,h-md.com,,,yes,no_email,https://h-md.com/contact,medspa,,1
Hackensack MedSpa,hackensackmedspa.com,info@hackensackmedspa.com,info@hackensackmedspa.com,yes,no_peptides,https://hackensackmedspa.com,medspa,,0
Hailo Aesthetics,hailoaesthetics.com,,,yes,no_email,https://hailoaesthetics.com,medspa,,2
HALO Beverly Hills,halobeverlyhills.com,concierge@halobeverlyhills.com,concierge@halobeverlyhills.com,yes,no_peptides,https://halobeverlyhills.com,medspa,,0
Halo Esthetics,haloestheticssf.glossgenius.com,halo.esthetics@yahoo.com,halo.esthetics@yahoo.com,yes,no_peptides,https://haloestheticssf.glossgenius.com,vendor,,0
Hamilton Facial Plastic Surgery,hamiltonfps.com,,,yes,no_email,https://hamiltonfps.com,medspa,semaglutide,2
Ha-Na Med Spa,hanakauai.com,cs@hanakauai.com,cs@hanakauai.com,yes,no_peptides,https://hanakauai.com,medspa,,0
Hand & Stone Massage and Facial Spa,handandstone.com,,,,no_email,https://handandstone.com,medspa,,0
Hands of Beauty Wellness,handsofbeautywellness.com,,,,no_email,https://handsofbeautywellness.com,medspa,,0
Harmony Aesthetics Center,harmonyaestheticscenter.com,,,yes,no_email,https://harmonyaestheticscenter.com,medspa,GLP-1 weight loss peptides,3
Harvey Aesthetics and Wellness,harveyaesthetics.com,,,,unreachable,,,,
Hatef Aesthetics & Plastic Surgery,hatefaesthetics.com,,,yes,no_email,https://hatefaesthetics.com,medspa,,0
Regional Bikur Cholim,hatzolahkj.com,kjhatzalah@gmail.com,kjhatzalah@gmail.com; leviappel@yahoo.com,yes,no_peptides,https://hatzolahkj.com,vendor,,0
Haus Of Aesthetics Med Spa LLC,hausofaesthetics.us,,,,no_email,https://hausofaesthetics.us,medspa,GLP-1 weight loss peptides,2
HautSpa Medical Spa,hautspamedica.com,,,yes,no_email,https://hautspamedica.com,medspa,,0
David Yew MD: Botox Filler Specialists,hawaiibotox.com,,,yes,no_email,https://hawaiibotox.com,medspa,"semaglutide, tirzepatide, bpc-157, tb-500, thymosin beta-4, nad+",21
Hawaii Choi Spa,hawaiichoispa.com,hawaiichoispa@gmail.com,hawaiichoispa@gmail.com,yes,no_peptides,https://hawaiichoispa.com,medspa,,0
Hawaii Wellness Clinic,hawaiiwellnessclinic.com,,,yes,no_email,https://hawaiiwellnessclinic.com,medspa,"semaglutide, tirzepatide, retatrutide, nad+",11
Hayes St. Med Spa,hayesstmedspa.com,,,,no_email,,vendor,,0
Hayes Valley Medical Esthetics,hayesvalleymed.com,,,yes,no_email,https://hayesvalleymed.com,medspa,,0
Hazel Beauty Bar,hazelbeautyvt.com,,,,no_email,https://hazelbeautyvt.com,vendor,,0
Hazen Medical Spa,hazenplasticsurgery.com,,,yes,no_email,https://hazenplasticsurgery.com,medspa,,1
Haus of Beauté Medical Spa,hbmedicalspa.com,hbmedspacorp@gmail.com,hbmedspacorp@gmail.com,yes,no_peptides,https://hbmedicalspa.com,medspa,,0
Health and Healing Bodyworks LLC,healthandhealingbodyworks.com,,,yes,no_email,https://healthandhealingbodyworks.com,medspa,,0
Health Med Spa IV Therapy,healthmedspa.com,,,yes,no_email,https://healthmedspa.com,medspa,glutathione,4
"HealthSpa4u-Medical Lymphatic, Face and Body Sculpting Massage",healthspa4u.com,,,,no_email,https://healthspa4u.com,vendor,,0
Healthydermis MedSpa and Laser Clinic,healthydermisgainesville.zoca.com,,,yes,no_email,https://healthydermisgainesville.zoca.com,medspa,,0
Healthy Solutions Medspa,healthysolutionsdr.com,,,yes,no_email,https://healthysolutionsdr.com,medspa,nad+,4
Heavenlee A European Head and Med Spa,heavenleemedspa.com,info@heavenleemedspa.com,impallari@gmail.com; info@heavenleemedspa.com,yes,no_peptides,https://heavenleemedspa.com,medspa,,0
Heavenly Med Spa & IV Lounge,heavenly-medspa.com,,,,no_email,https://heavenly-medspa.com,vendor,,0
Heaven On Earth Salon and Day Spa,heavenonearthhawaii.com,,,yes,no_email,https://heavenonearthhawaii.com,medspa,,0
HEC Wellness Center,hechawaii.com,,,,no_email,,vendor,,0
Heidi Lane Esthetics,heidilaneesthetics.com,heidi@heidilaneesthetics.com,heidi@heidilaneesthetics.com,yes,no_peptides,https://heidilaneesthetics.com,vendor,,0
Heidi Phifer Skin Lash Brow,heidiphiferesthetics.com,heidi@heidiphiferesthetics.com,heidi@heidiphiferesthetics.com,yes,no_peptides,https://heidiphiferesthetics.com,medspa,,0
Heightened Aesthetics in Seminole Heights (Tampa) and Lakewood Ranch,heightenedaesthetics.com,info@heightenedaesthetics.com,info@heightenedaesthetics.com,yes,no_peptides,https://heightenedaesthetics.com,medspa,,0
Massage Heights Ingersoll,heightswellnessretreat.com,,,,unreachable,,,,
Hela Medical Spa,helamedicalspa.com,,,yes,no_email,https://helamedicalspa.com,medspa,,2
Helen's Haven Integrative Medical Spa,helenshaven.com,frontdesk@helenshaven.com,helen@helenshaven.com; frontdesk@helenshaven.com,yes,no_peptides,https://helenshaven.com,medspa,,0
Hello Hydration,hellohydrationnj.com,,,,unreachable,,,,
Henderson Med Spa,hendersonmedspa.com,,,yes,no_email,https://hendersonmedspa.com,medspa,"semaglutide, liraglutide",7
Her Med Spa,her-medspa.com,,,yes,no_email,https://her-medspa.com,medspa,,0
Hera Nail Bar & Head Spa,hera.hayven.ai,,,,unreachable,,,,
Hera Skin and Wellness,heraskinandwellness.com,info@heraskinandwellness.com,info@heraskinandwellness.com,yes,no_peptides,https://heraskinandwellness.com,medspa,,0
Hermosa Aesthetics,hermosaesthetics.com,info@hermosaesthetics.com,info@hermosaesthetics.com,yes,no_peptides,https://hermosaesthetics.com,medspa,,0
Heyday Skincare Nomad,heydayskincare.com,hello@heydayskincare.com,hello@heydayskincare.com,,no_peptides,https://heydayskincare.com,vendor,,0
Hiatus Day Spa • Med Spa,hiatusspa.com,addison@hiatusspa.com,addison@hiatusspa.com; southlake@hiatusspa.com; allen@hiatusspa.com; thelab@hiatusspa.com; thestar@hiatusspa.com; sanantonio@hiatusspa.com; fortworth@hiatusspa.com; plano@hiatusspa.com,yes,no_peptides,https://hiatusspa.com,medspa,,0
Hi Beautiful Aesthetics,hibeautifulaesthetics.com,,,yes,no_email,https://hibeautifulaesthetics.com,medspa,semaglutide,1
Hickham Dermatology and Med Spa,hickhamderm.com,,,yes,no_email,https://hickhamderm.com,medspa,,0
Hidden Door Medspa,hiddendoorspa.com,hellosouthlake@hiddendoorspa.com,hellosouthlake@hiddendoorspa.com; helloalliance@hiddendoorspa.com; ashleigh@hiddendoorspa.com,yes,no_peptides,https://hiddendoorspa.com,medspa,,0
Hidden Hills Med Spa,hiddenhillsmedspa.com,info@hiddenhillsmedspa.com,info@hiddenhillsmedspa.com,yes,no_peptides,https://hiddenhillsmedspa.com,medspa,,0
Highstyle,highstylelaser.net,,,yes,no_email,https://highstylelaser.net,medspa,,0
Waldorf Astoria Spa Chicago,hilton.com,,,,unreachable,,,,
H Med Spa,hmedicalspa.com,1755chi@hmedicalspa.com,1755chi@hmedicalspa.com,yes,no_peptides,https://hmedicalspa.com,medspa,,0
House Of Beauty Medspa,hobmedspa.com,,,yes,no_email,https://hobmedspa.com,medspa,,0
The Hormone Center,hormonecenter.net,,,,no_email,,vendor,,0
Hormone Health and Weight Loss,hormonehealthandweightloss.com,support@hormonehealthandweightloss.com,support@hormonehealthandweightloss.com,,no_us_signal,https://hormonehealthandweightloss.com,medspa,GLP-1 weight loss peptides,6
Hot Spell Sauna,hotspellsauna.com,info@hotspellsauna.com,info@hotspellsauna.com,yes,no_peptides,https://hotspellsauna.com,vendor,,0
Hue Aesthetics,huemedspa.com,info@huemedspa.com,info@huemedspa.com; infobellevue@huemedspa.com; nfobellevue@huemedspa.com; infobeavercreek@huemedspa.com,yes,no_peptides,https://huemedspa.com,medspa,,0
Hush Rx,hushrxmedspa.com,,,,no_email,https://hushrxmedspa.com,medspa,,0
Na Ho'ola Spa,hyatt.com,,,,unreachable,,,,
Regenerative Health Clinics of America,hydralivetherapy.com,,,yes,no_email,https://hydralivetherapy.com,medspa,"nad+, ipamorelin, sermorelin, tesamorelin, mots-c, ghk-cu",13
Hydrate IV Bar,hydrateivbar.com,,,,no_email,,vendor,,0
Hydrate Me Medspa,hydratememedspa.com,,,yes,no_email,https://hydratememedspa.com,medspa,"semaglutide, tirzepatide, nad+, glutathione",12
I-DealBeauty Kansas City,i-dealbeauty.com,alyciacheney2@gmail.com,alyciacheney2@gmail.com,yes,no_peptides,https://i-dealbeauty.com,vendor,,0
"Mae Bella Hydration Aesthetics Wellness in Lakewood, OH",iammaebella.com,,,yes,no_email,https://iammaebella.com,medspa,"semaglutide, tirzepatide",5
Longevity Health & Wellness Consultants,iceboxtherapy.com,,,,no_email,https://iceboxtherapy.com,vendor,GLP-1 weight loss peptides,3
Princeton Longevity Center,icryo.com,,,yes,no_email,https://icryo.com,medspa,nad+,6
Ideal Image Omaha,idealimage.com,,,,no_email,https://idealimage.com,vendor,,0
Shaira Gonzales Aesthetic Center: Spa & Salon,idwellnessclinic.com,,,,no_email,,vendor,,0
"MM Medical Spa in Greensboro, NC",ijnpvmmmedicalspa.myaestheticrecord.com,,,,no_email,https://ijnpvmmmedicalspa.myaestheticrecord.com,medspa,,0
Illume Cosmetic Surgery & MedSpa,illumecosmeticsurgery.com,,,yes,no_email,https://illumecosmeticsurgery.com,medspa,,0
Illume Day Spa,illumedayspa.com,illumedayspa@gmail.com,illumedayspa@gmail.com,yes,no_peptides,https://illumedayspa.com,medspa,,0
Imagen Body Sculpting & Cosmetic Center,imagenomaha.com,,,yes,no_email,https://imagenomaha.com,medspa,,2
Imagine Medispa,imaginemedispas.com,,,,no_email,,vendor,,0
Indiana Medical Center,indianamedcenter.com,,,,no_email,https://indianamedcenter.com,medspa,,0
The Aesthetics Lounge and Spa Indianapolis,indianapolis.theaestheticsloungeandspa.com,,,yes,no_email,https://indianapolis.theaestheticsloungeandspa.com,medspa,,0
Indianapolis Aesthetics Medspa,indianapolisaesthetics.com,indianapolisaesthetics@gmail.com,indianapolisaesthetics@gmail.com,yes,no_peptides,https://indianapolisaesthetics.com,medspa,,0
The Longevity Practice,infinite-transformation.com,info@infinite-transformation.com,info@infinite-transformation.com,yes,no_peptides,https://infinite-transformation.com,vendor,,0
"Nadashaa Heeni in Vancouver, WA",infusepnw.com,,,,unreachable,,,,
Beauty Tox Medical Spa,injectionloungeaesthetics.com,,,yes,no_email,https://injectionloungeaesthetics.com,medspa,"semaglutide, tirzepatide",5
Spa at Inn by the Sea,innbythesea.com,,,yes,no_email,https://innbythesea.com,vendor,,0
"Life Innergistics LLC in Loveland, OH",innerlifecincinnati.com,,,,no_email,,vendor,,0
Body Beautiful Cryotherapy,innersourcewellness.org,info@innersourcewellness.org,info@innersourcewellness.org,yes,no_peptides,https://innersourcewellness.org,medspa,,0
Skin Radiance,inspirehealthspa.com,,,yes,no_email,https://inspirehealthspa.com,medspa,,2
Inspire Medical Spa,inspiremedicalspas.com,,,yes,no_email,https://inspiremedicalspas.com,medspa,GLP-1 weight loss peptides,8
Integrative Aesthetics and Wellness,integrativeaestheticsandwellness.com,info@integrativeaestheticsandwellness.com,info@integrativeaestheticsandwellness.com,yes,no_peptides,https://integrativeaestheticsandwellness.com,medspa,,0
Evolve Med Spa,intoevolvemedspa.com,,,yes,no_email,https://intoevolvemedspa.com,medspa,,0
The Iowa Clinic Medical Spa,iowaclinic.com,,,yes,no_email,https://iowaclinic.com,medspa,,0
Irene's Skintopia,irenesskintopia.com,info@irenesskintopia.com,info@irenesskintopia.com,yes,no_peptides,https://irenesskintopia.com/contact-us/,medspa,,0
Cosmetic Laser Center of Irvine,irvinelasercenter.com,info@irvinelasercenter.com,info@irvinelasercenter.com,yes,no_peptides,https://irvinelasercenter.com,medspa,,0
"Moonlit IV (IV Concierge Therapy LLC) in Carpinteria, CA",ivconciergetherapy.org,,,,no_email,https://ivconciergetherapy.org,medspa,,1
"Life Source Treatment Center in Redlands, CA",ivhydrationtherapyredlands.com,lifesourcetreatment@gmail.com,lifesourcetreatment@gmail.com,yes,already known,https://ivhydrationtherapyredlands.com,medspa,"semaglutide, tirzepatide, glutathione",8
Kimberly massage/spa,ivloungenola.com,,,yes,no_email,https://ivloungenola.com,medspa,"nad+, glutathione",4
IV Nutrition,ivnutrition.com,,,,no_email,https://ivnutrition.com,medspa,"semaglutide, tirzepatide, nad+, sermorelin, pt-141, glutathione",12
NeuroGlow Wellness and Aesthetics Center / IV Therapy Long Island At H,ivtherapydemand.com,,,yes,no_email,https://ivtherapydemand.com,medspa,,1
"IWH MedSpa in Ventura, CA",iwhmedspa.com,,,yes,no_email,https://iwhmedspa.com,medspa,GLP-1 weight loss peptides,3
Dr. Michael Jackson: Black Dermatologist Brooklyn,jacksondermatology.com,,,yes,no_email,https://jacksondermatology.com,medspa,,0
Jalaja Medi Spa,jalajamedispa.co,,,,unreachable,,,,
Javan Wellness Dupont,javanwellness.com,,,yes,no_email,https://javanwellness.com,medspa,GLP-1 weight loss peptides,7
JECT,ject.us,,,yes,no_email,https://ject.us,medspa,,0
"Jeniva NY Aesthetics & Wellness in Bellmore, NY",jenivany.com,,,yes,no_email,https://jenivany.com,medspa,,1
"JENNATY MED SPA in Westport, CT",jennatymedspa.com,,,yes,no_email,https://jennatymedspa.com,medspa,,0
JG Noir Aesthetics,jgnoir.com,info@jgnoir.com,info@jgnoir.com,yes,no_peptides,https://jgnoir.com,medspa,,0
"Jiva Med Spa Dayton in Beavercreek, OH",jivamedspa.com,,,yes,no_email,https://jivamedspa.com,medspa,semaglutide,6
JJ Spa Body Massage And Facials,jjspabodyandfacials.com,,,,unreachable,,,,
Dr. John Q. Cook,johnqcookmd.com,,,yes,no_email,https://johnqcookmd.com,medspa,,0
JOIA Med Spa & Wellness,joia-med-spa-wellness.square.site,joiamedical@gmail.com,joiamedical@gmail.com,,no_peptides,https://joia-med-spa-wellness.square.site,medspa,,0
"PEONIES Aesthetics & Wellness Solutions in Roswell, GA",joinblvd.com,support@joinblvd.com,support@joinblvd.com; partnerships@joinblvd.co,,no_peptides,https://joinblvd.com,medspa,,0
Jon 'Ric Medical Spa and Wellness Center,jonriccharlottemedicalspa.com,jonricmedspa@gmail.com,jonricmedspa@gmail.com,yes,already known,https://jonriccharlottemedicalspa.com,medspa,GLP-1 weight loss peptides,3
"Journey to Beauty and Wellness in Pleasanton, CA",journeytobeautyandwellness.com,hello@journeytobeautyandwellness.com,hello@journeytobeautyandwellness.com,yes,no_peptides,https://journeytobeautyandwellness.com,medspa,,0
"Jovem Medspa in San Antonio, TX",jovemmedspa.com,,,yes,no_email,https://jovemmedspa.com,medspa,"semaglutide, tirzepatide, nad+, glutathione",17
"JuliVita Aesthetics in Richmond, VA",julivitaaesthetics.com,,,yes,no_email,https://julivitaaesthetics.com,medspa,,0
Juniper Spa & Body,junipermke.com,junipermke@gmail.com,junipermke@gmail.com,yes,no_peptides,https://junipermke.com,medspa,,0
"Just The Drip in Salem, OR",justthedripsalem.com,,,,no_email,https://justthedripsalem.com,vendor,nad+,1
"Juvly Aesthetics in Cleveland, OH",juvly.com,info@juvly.com,info@juvly.com,yes,already known,https://juvly.com,medspa,"semaglutide, tirzepatide, nad+",4
"K3 Neuroscience Optimized Wellness in East Grand Rapids, MI",k3nowwellness.com,,,yes,no_email,https://k3nowwellness.com,medspa,sermorelin,5
Kaado MD Aesthetics and Anti-Aging Medicine,kaadomd.com,,,yes,no_email,https://kaadomd.com,medspa,GLP-1 weight loss peptides,9
Kalologie,kalologie.com,,,,no_email,https://kalologie.com,medspa,"nad+, glutathione",4
Kanani Pearl Spa,kananipearl.com,info@kananipearl.com,info@kananipearl.com,yes,no_peptides,https://kananipearl.com,medspa,,0
"Kanvas Wellness and Aesthetics in Hendersonville, TN",kanvaswellness.com,,,,unreachable,,,,
Kapriz Medical Spa,kaprizmedicalspa.com,,,,no_email,,vendor,,0
Kariny Aesthetics Med Spa,karinyaesthetics.com,impallari@gmail.com,impallari@gmail.com,yes,already known,https://karinyaesthetics.com,medspa,,1
Kate Somerville Melrose Skin Clinic,katesomerville.com,customercare@katesomerville.com,customercare@katesomerville.com,,no_us_signal,https://katesomerville.com,medspa,"semaglutide, tirzepatide, nad+",4
KDR MedSpa + Wellness,kathrynrussoaesthetics.com,kathrynrussoma@gmail.com,kathrynrussoma@gmail.com,,no_us_signal,https://kathrynrussoaesthetics.com,medspa,,4
"KC Wellness in Oklahoma City, OK",kcwellnessokc.com,,,yes,no_email,https://kcwellnessokc.com,medspa,"nad+, glutathione",3
"Kenzi Medical and Aesthetics Group in Naples, FL",kenzispa.com,,,yes,no_email,https://kenzispa.com,medspa,semaglutide,3
"Ketamine Infusion Center in Mandeville, LA",ketamine-la.com,kicenterla@gmail.com,kicenterla@gmail.com,yes,already known,https://ketamine-la.com,medspa,"nad+, glutathione",3
"Ketamine Clinic Lakeland in Lakeland, FL",ketaminecliniclakeland.com,,,yes,no_email,,medspa,GLP-1 weight loss peptides,3
"Klein Horsley Aesthetics in Forty Fort, PA",kleinhorsley.com,,,yes,no_email,https://kleinhorsley.com,medspa,,0
"K Med Spa & IV Bar in Orlando, FL",kmedspaivbar.com,,,,unreachable,,,,
Gravity Wellness Dodge City,knightivhydrationwellness.com,,,yes,no_email,https://knightivhydrationwellness.com,medspa,"nad+, glutathione",5
KOI Wellbeing,koiwellbeing.com,,,yes,no_email,https://koiwellbeing.com,medspa,"nad+, glutathione",7
Koniver Aesthetics,koniveraesthetics.com,,,yes,no_email,https://koniveraesthetics.com,medspa,GLP-1 weight loss peptides,2
Spa Light,kspalight.com,info@kspalight.com,info@kspalight.com,yes,no_peptides,https://kspalight.com,vendor,,0
Kultur Med Spa,kultur.skin,,,yes,no_email,https://kultur.skin,medspa,"semaglutide, tirzepatide",2
Kurr Aesthetics and Med Spa,kurrmedspa.com,,,yes,no_email,https://kurrmedspa.com,medspa,,0
L3 Aesthetics,l3aesthetics.com,,,,no_email,,vendor,,0
La Belle Vie MedSpa,labelleviemed.com,,,yes,no_email,https://labelleviemed.com,medspa,"semaglutide, tirzepatide",9
"Laccura Medical Spa in Highland Park, IL",laccura.com,,,yes,no_email,https://laccura.com,medspa,GLP-1 weight loss peptides,7
"Lake Region Personalized Health Services in Hawley, PA",lakeregionhealthservices.com,,,yes,no_email,,vendor,,0
LaLa Spa,lalaspa.biz,,,,unreachable,,,,
"LA Queen Med Spa in Irvine, CA",laqueenmedspa.com,,,,no_email,,vendor,,0
Lara Clinic,laraclinic.com,,,yes,no_email,https://laraclinic.com,medspa,,0
"Larimar Medspa in Chattanooga, TN",larimarmedspa.com,info@larimarmedspa.com,info@larimarmedspa.com,yes,no_peptides,https://larimarmedspa.com,medspa,,0
Laser Beauty Works,laserbeautyworks.com,,,yes,no_email,https://laserbeautyworks.com,medspa,"semaglutide, tirzepatide",7
Laser MD Medspa,lasermdmedspa.com,,,yes,no_email,https://lasermdmedspa.com,medspa,"semaglutide, nad+",4
Laura Trapp Aesthetics,lauratrappaesthetics.com,,,,unreachable,,,,
"Lavender Medi Spa in Chattanooga, TN",lavendermedispa.com,,,yes,no_email,https://lavendermedispa.com,medspa,,2
La Vida Sana MD,lavidasanamd.com,,,yes,no_email,https://lavidasanamd.com,medspa,semaglutide,2
"Lavish IV-Fusions Wellness Med-Spa in Moncks Corner, SC",lavishiv.com,,,,no_email,,vendor,,0
Breathe Massage,lazaderm.com,,,yes,no_email,https://lazaderm.com,medspa,,0
LeGrand Medical Aesthetics,legrandmedicalaesthetics.com,,,yes,no_email,https://legrandmedicalaesthetics.com,medspa,"tirzepatide, nad+, sermorelin",3
LenoyMED at Belleville,lenoymed.com,fdcolonia@lenoymed.com,fdcolonia@lenoymed.com; metwell@lenoymed.com; fdelizabeth@lenoymed.com; fdbelleville@lenoymed.com,yes,no_peptides,https://lenoymed.com,medspa,,0
Le Reve Beauty Body Spa Staten Island,lerevebeautybodyspa.com,anapbm@gmail.com,anapbm@gmail.com; lerevebeautybodyspa@gmail.com,yes,already known,https://lerevebeautybodyspa.com,medspa,"semaglutide, nad+, glutathione",4
"Lesh Lifestyle in Sarasota, FL",leshlifestyle.com,,,,no_email,https://leshlifestyle.com,vendor,,0
LeSkin Aesthetics,leskinaesthetics.com,,,yes,no_email,https://leskinaesthetics.com,medspa,,0
Lets Heal Your Skin,letshealyourskin.com,letshealyourskin@gmail.com,letshealyourskin@gmail.com,yes,no_peptides,https://letshealyourskin.com,medspa,,0
"Mobile IV RenIVate in Palm City, FL",letsrenivate.com,,,yes,no_email,https://letsrenivate.com,medspa,"nad+, glutathione",5
"Level Up Wellness in Liberty Lake, WA",leveluplibertylake.com,,,,unreachable,,,,
Le Visage Spa in Boston,levisageboston.com,,,,no_email,,vendor,,0
"Levity Wellness Center in Tucson, AZ",levityrising.com,info@levityrising.com,info@levityrising.com,yes,no_peptides,https://levityrising.com,vendor,,0
"Liberty IV Infusion Therapy in Dallas, TX",libertyiv.com,,,,unreachable,,,,
"Lifespark Health & Wellness in Roseville, CA",lifesparkhealthwellness.com,,,yes,no_email,https://lifesparkhealthwellness.com,medspa,"semaglutide, nad+",3
Lifted Aesthetics Charlotte,liftedaestheticsclt.com,,,,unreachable,,,,
Lifted Beauty & Wellness,liftedbeautyandwellness.com,,,yes,no_email,https://liftedbeautyandwellness.com,medspa,glutathione,3
Light And Sound Spa,lightandsoundspa.com,,,,unreachable,,,,
LightRx,lightrx.com,,,yes,no_email,https://lightrx.com,medspa,"nad+, glutathione",3
"Lina Wellness Clinic in Shoreline, WA",linawellnessclinic.com,,,,no_email,,vendor,,0
"Liquid Life Wellness in Atlanta, GA",liquidlifewellness.com,,,yes,no_email,https://liquidlifewellness.com,medspa,"nad+, glutathione",4
Liquid Mobile IV: Kansas City Clinic & Mobile (We Come to You),liquidmobileiv.com,,,yes,no_email,https://liquidmobileiv.com,medspa,"bpc-157, tb-500, thymosin beta-4, nad+, sermorelin, ghk-cu",11
Liquid Mobile IV: Dallas Metro Clinic & Mobile (We Come to You) in Pla,liquidwellnessiv.com,,,yes,no_email,https://liquidwellnessiv.com,medspa,"nad+, glutathione",4
Liquivida Wellness Center,liquividanj.com,,,yes,no_email,https://liquividanj.com,medspa,"bpc-157, tb-500, thymosin alpha-1, nad+, ipamorelin, sermorelin",22
"LIVation in Madison, CT",livationct.com,livation2019@gmail.com,livation2019@gmail.com,yes,already known,https://livationct.com,medspa,"semaglutide, tirzepatide, nad+, glutathione",15
"LiveWell IV in Provo, UT",livewelliv.com,,,yes,no_email,https://livewelliv.com,medspa,"semaglutide, tirzepatide, nad+, glutathione",9
"Living Well in Milton, WV",livingwellaesthetics.com,,,yes,no_email,https://livingwellaesthetics.com,medspa,,3
"Livly Wellness in Saint Paul, MN",livlywellness.com,,,,no_email,https://livlywellness.com,medspa,GLP-1 weight loss peptides,2
LL Blossoms Cosmetic & Holistic Wellness,llblic.my.canva.site,nllbjacksons2626@gmail.com,nllbjacksons2626@gmail.com,,no_peptides,https://llblic.my.canva.site,vendor,,0
"LMG Wellness in Scranton, PA",lmghealthandwellness.com,,,,no_email,,vendor,,0
"Loaf N Jug in Cheyenne, WY",loafnjug.com,,,yes,no_email,https://loafnjug.com,vendor,,0
LIVE Hydration Spa Chandler,locations.livehydrationspa.com,compliance@livehydrationspa.com,compliance@livehydrationspa.com,yes,already known,https://locations.livehydrationspa.com,medspa,,1
Massage Envy,locations.massageenvy.com,,,,no_email,https://locations.massageenvy.com,medspa,,0
Lola's Medical Spa & Wellness,lolasmedspa.com,,,,no_email,https://lolasmedspa.com,medspa,,0
"Lonestar Mobile IV Hydration Station LLC in League City, TX",lonestarmobileivhydration.com,,,,no_email,,vendor,,0
Comprehensive Dermatology of Long Beach,longbeachdermdocs.com,,,yes,no_email,https://longbeachdermdocs.com,medspa,,0
"Longevity Effect in Tulsa, OK",longevityeffect.com,,,yes,no_email,https://longevityeffect.com,medspa,"nad+, glutathione",5
Longiva IV Hydration & Mobile IV Wellness Spa,longivacare.com,,,yes,no_email,https://longivacare.com,medspa,"semaglutide, tirzepatide, nad+, glutathione",8
LowTE Florida,longvillewellness.info,drleonie@longvillewellness.info,drleonie@longvillewellness.info; u003edrleonie@longvillewellness.info,yes,no_peptides,https://longvillewellness.info,medspa,,0
Hacienda Spa at Los Poblanos,lospoblanos.com,mcrane@lospoblanos.com,mcrane@lospoblanos.com; bswanson@lospoblanos.com; kvollers@lospoblanos.com; acarrara@lospoblanos.com; ssheesley@lospoblanos.com; bafantodji@lospoblanos.com; kgarner@lospoblanos.com; mrivera@lospoblanos.com,yes,no_peptides,https://lospoblanos.com,vendor,,0
"Lotus I.V. Therapy in Southwick, MA",lotusivtherapy.com,,,,unreachable,,,,
Loves Healing Touch Bath’s and Day Spa,loveshealingtouch.com,loveshealingtouch7@gmail.com,loveshealingtouch7@gmail.com,yes,no_peptides,https://loveshealingtouch.com,vendor,,0
Advanced Regenerative Therapy,lowcountrymale.com,,,yes,no_email,https://lowcountrymale.com,medspa,"semaglutide, tirzepatide, nad+, sermorelin",15
Low T Center,lowtcenter.com,,,yes,no_email,https://lowtcenter.com,medspa,"semaglutide, tirzepatide, nad+, sermorelin, pt-141",15
Dream Spa & Massage,lrdreamspa.com,suri809@gmail.com,suri809@gmail.com,yes,no_peptides,https://lrdreamspa.com,vendor,,0
"Luceat Vita in Augusta, GA",luceatvitawellness.com,anapbm@gmail.com,anapbm@gmail.com,yes,no_peptides,https://luceatvitawellness.com/contact-us,medspa,,0
"Lucid Wellness in Greensboro, NC",lucidwellnessspa.com,lucidwellness.spa@gmail.com,lucidwellness.spa@gmail.com,,no_peptides,https://lucidwellnessspa.com,vendor,,0
"LUMAesthetics in Rochester, NY",lumaesthetics.com,christy@lumaesthetics.com,christy@lumaesthetics.com,yes,no_peptides,https://lumaesthetics.com,medspa,,0
"Lume in Chicago, IL",lume-wellness.com,,,yes,no_email,https://lume-wellness.com,medspa,,0
LUMEN Optimal Wellness,lumenoptimalwellness.com,,,yes,no_email,https://lumenoptimalwellness.com,medspa,,1
Luminescence Beauty LLC,lumibeautywv.com,,,,unreachable,,,,
Luna Aesthetics,lunaaesthetics.com,marta@lunaaesthetics.com,marta@lunaaesthetics.com,yes,no_peptides,https://lunaaesthetics.com,medspa,,0
Lunar Studio Spa,lunarstudiospa.glossgenius.com,lunarstudiospa@gmail.com,lunarstudiospa@gmail.com,yes,no_peptides,https://lunarstudiospa.glossgenius.com,vendor,,0
Lush Aesthetics & Wellness,lushwellnessco.com,,,yes,no_email,https://lushwellnessco.com,medspa,,2
"Luvish Aesthetics in Warrington, PA",luvishaesthetics.com,,,,no_email,,vendor,,0
Luxe Aesthetics Jacksonville,luxeaestheticsjacksonville.com,luxeaestheticsjax@gmail.com,luxeaestheticsjax@gmail.com,,no_us_signal,https://luxeaestheticsjacksonville.com,medspa,"semaglutide, tirzepatide",3
Luxe Glow Aesthetics and Wellness,luxeglowohio.com,,,yes,no_email,https://luxeglowohio.com,medspa,,0
"Luxe Mobile IV: Houston in Houston, TX",luxemobileiv.com,,,,unreachable,,,,
Luxe Mobile IV,luxemobilergv.com,,,yes,no_email,https://luxemobilergv.com,medspa,"nad+, glutathione",4
Lux Spa,luxspafargond.com,luxspa_nd@outlook.com,luxspa_nd@outlook.com,yes,no_peptides,https://luxspafargond.com,medspa,,0
luxurylashesandbodysculpting,luxurylashes-bodysculpting.com,luxurylashesandbodysculpting@gmail.com,luxurylashesandbodysculpting@gmail.com,yes,no_peptides,https://luxurylashes-bodysculpting.com,vendor,,0
Lymphatic Massage New Orleans,lymphaticmassageneworleans.com,lymphspa@gmail.com,lymphspa@gmail.com,yes,no_peptides,https://lymphaticmassageneworleans.com,medspa,,0
Modern Aesthetic Centers,macflorida.com,,,yes,no_email,https://macflorida.com,medspa,,0
"Magic Health Care in Sugar Land, TX",magichealthcare.net,,,yes,no_email,https://magichealthcare.net,medspa,,2
"Magnolia Med Spa in Charleston, SC",magnolia-medspa.com,,,yes,no_email,https://magnolia-medspa.com,medspa,,1
Magnolia Aesthetics,magnoliaaestheticspdx.com,,,yes,no_email,https://magnoliaaestheticspdx.com,medspa,GLP-1 weight loss peptides,2
Magnolia Healing Arts,magnoliahealingarts.com,healingmagnolia@gmail.com,healingmagnolia@gmail.com,yes,no_peptides,https://magnoliahealingarts.com,vendor,,0
Magnolia Med Spa,magnoliamedspaok.com,,,yes,no_email,https://magnoliamedspaok.com/services,medspa,"semaglutide, tirzepatide, glutathione",3
Maine Plastic Surgery Center,maineplasticsurgery.com,,,yes,no_email,https://maineplasticsurgery.com,medspa,,0
Maintenance Bar Seattle Med Spa + Aesthetics,maintenancebar.net,,,,unreachable,,,,
Majestic Beauty Bar and Spa LLC,majesticbeautybarspa.as.me,,,,no_email,https://majesticbeautybarspa.as.me,vendor,,0
"MalCole Drip and Beauty Bar in St. Louis, MO",malcoledripandbeautybar.com,,,,no_email,https://malcoledripandbeautybar.com,vendor,,0
Mandisà Wellness & Aesthetics,mandisawellness.com,mandisawellness@gmail.com,mandisawellness@gmail.com,yes,already known,https://mandisawellness.com,medspa,"nad+, ipamorelin, sermorelin, tesamorelin, igf-1 lr3, mots-c",13
"Maneuvers IV Therapy in Wylie, TX",maneuveriv.com,,,,unreachable,,,,
"Manhattan IV Therapy in New York, NY",manhattanivtherapy.com,,,yes,no_email,https://manhattanivtherapy.com,medspa,"nad+, glutathione",4
Mantis Spa,mantisspa.com,,,yes,no_email,https://mantisspa.com,medspa,,0
Mariposa Aesthetics & Laser Center,mariposaokc.com,,,,no_email,https://mariposaokc.com,medspa,,0
The Westin Jackson,marriott.com,,,,unreachable,,,,
Marshall Plastic & Reconstructive Surgery,marshallhealth.org,,,yes,no_email,https://marshallhealth.org,medspa,,0
"Massage Medicine, Maureen Roy, LMT",massagemedicine.com,maureen@massagemedicine.com,massagemedicine1@gmail.com; maureen@massagemedicine.com,yes,no_peptides,https://massagemedicine.com,vendor,,0
"Massosport DC in Washington, DC",massosportdc.com,info@massosportdc.com,sportsmassagedc@gmail.com; info@massosportdc.com,yes,no_peptides,https://massosportdc.com,medspa,,0
Matrix Spa & Massage,matrixmassagespa.com,matrixxlmt@yahoo.com,matrixxlmt@yahoo.com,yes,no_peptides,https://matrixmassagespa.com/contact,medspa,,0
M Beauty Studio & Spa,mbeauty.studio,,,,no_email,,vendor,,0
Md Rejuvenate,mdrejuvenateidaho.com,mdrejuvenateidaho@gmail.com,mdrejuvenateidaho@gmail.com,yes,already known,https://mdrejuvenateidaho.com,medspa,glutathione,5
MDRN Wellness Medical Spa,mdrnwellnessmedical.com,,,yes,no_email,https://mdrnwellnessmedical.com,medspa,"nad+, glutathione",5
Medivee & Live Well Aesthetics,med-ivee.com,,,yes,no_email,https://med-ivee.com,medspa,"nad+, glutathione",4
"MedClinic4U in McAllen, TX",medclinic2u.com,info@medclinic2u.com,info@medclinic2u.com,yes,no_peptides,https://medclinic2u.com,medspa,,0
"MedFusion in Broken Arrow, OK",medfusionok.com,,,yes,no_email,https://medfusionok.com,medspa,"semaglutide, tirzepatide, glutathione",3
Medical Aesthetics on Tremont,medicalaestheticsontremont.com,,,yes,no_email,https://medicalaestheticsontremont.com,medspa,semaglutide,6
"Maj Medical Clinic in Visalia, CA",medicalclinicvisalia.com,,,,unreachable,,,,
"MedicallyFab Beauty and Wellness Medspa in King of Prussia, PA",medicallyfab.com,,,,no_email,https://medicallyfab.com,medspa,"semaglutide, tirzepatide, nad+, glutathione",8
"Medicine-Based Beauty® Syracuse in Syracuse, NY",medicinebasedbeauty.com,info@medicinebasedbeauty.com,info@medicinebasedbeauty.com,yes,no_peptides,https://medicinebasedbeauty.com,medspa,,0
Mediterranean Massage and Esthetics 🇨🇴,mediterraneanspa.com,,,,no_email,,vendor,,0
MedLou Drips,medloucare.com,,,,unreachable,,,,
MedLounge,medloungesanramon.com,,,,no_email,,vendor,,0
"Medquik in Bentonville, AR",medquik-healthandwellness.square.site,,,,no_email,,vendor,,0
LenoyMED at Elizabeth,medspa.lenoymed.com,metwell@lenoymed.com,metwell@lenoymed.com; fdbelleville@lenoymed.com; fdelizabeth@lenoymed.com,,no_peptides,https://medspa.lenoymed.com,medspa,,0
Renew Med Spa,medspaalbuquerque.com,,,yes,no_email,https://medspaalbuquerque.com,medspa,"semaglutide, tirzepatide",4
Serenity Mind and Body Solutions,medspaandwellnesscliniclakelandfl.com,,,yes,no_email,https://medspaandwellnesscliniclakelandfl.com,medspa,"sermorelin, glutathione",3
Healing Well Center + Med Spa Bar,medspabar.com,,,yes,no_email,https://medspabar.com,medspa,nad+,4
"Lakeside Med Spa & IV Lounge in Coeur d'Alene, ID",medspacda.com,,,,no_email,https://medspacda.com,vendor,,0
Essence Med Spa,medspaessence.com,,,yes,no_email,https://medspaessence.com,medspa,,0
Medworks Aesthetics,medworksaesthetics.com,,,yes,no_email,https://medworksaesthetics.com,medspa,,0
"Mega IV Therapy Buena Park in Buena Park, CA",megawellnessclinic.com,megawellnessclinic@gmail.com,megawellnessclinic@gmail.com; megawellnessclinicbp@gmail.com; megawellnessdb@gmail.com; mwckoreatown@gmail.com,yes,already known,https://megawellnessclinic.com,medspa,"tirzepatide, bpc-157, nad+, glutathione",7
"Melblu's Infusion and Wellness Studio in Mooresville, NC",melblus.com,,,yes,no_email,https://melblus.com,medspa,"semaglutide, tirzepatide",9
Feel better Massage therapy,meltcheyenne.com,,,,no_email,,vendor,,0
"Erick Sanchez, MD Plastic Surgery",metaglow.com,,,,unreachable,,,,
Meta Physica Wellness Center,metaphysicamassage.com,,,yes,no_email,https://metaphysicamassage.com,vendor,,0
CryoDen Health and Wellness,metropolitanoasismedicalaesthetic.net,,,,unreachable,,,,
Metropolitan Skin Clinic,metropolitanskinclinic.com,,,yes,no_email,https://metropolitanskinclinic.com,medspa,,0
Body Therapeutics,mhmedicalaesthetics.com,,,,unreachable,,,,
Dolce Medical Spa,mia.dolcemedicalspas.com,,,,no_email,https://mia.dolcemedicalspas.com,medspa,,0
MI Body Contours and Cosmetics MedSpa,mibodycontour.com,,,yes,no_email,https://mibodycontour.com,medspa,,0
Michigan Med Spa,michiganmedspa.com,,,yes,no_email,https://michiganmedspa.com,medspa,,0
Midwest Anti-Aging,midwestanti-agingkc.com,,,,no_email,https://midwestanti-agingkc.com,vendor,,0
"Mighty Hydration Therapy in Prairie Grove, AR",mightyhydrationtherapy.com,,,,unreachable,,,,
Milan Laser Hair Removal,milanlaser.com,,,yes,no_email,,vendor,kpv,2
Milford Med Spa,milfordmedspa.com,,,yes,no_email,https://milfordmedspa.com,medspa,"semaglutide, tirzepatide, nad+, glutathione",8
milk + honey,milkandhoneyspa.com,reservations@milkandhoneyspa.com,reservations@milkandhoneyspa.com,yes,no_peptides,https://milkandhoneyspa.com,medspa,,0
MIORA Performance and Longevity,miora.lifetime.life,,,yes,no_email,https://miora.lifetime.life,medspa,"semaglutide, tirzepatide, sermorelin",9
Missoula Wellness & Medspa,missoulawellnessmt.com,,,yes,no_email,https://missoulawellnessmt.com,medspa,"nad+, glutathione",4
"MKE Aesthetics & Wellness in Wauwatosa, WI",mkeaesthetics.com,,,,no_email,https://mkeaesthetics.com,medspa,,0
Balance Massage,mnbalancemassage.com,,,yes,no_email,https://mnbalancemassage.com,vendor,,0
"Mobile IV and Weight Loss Spa in Leesburg, FL",mobileivandweightloss.com,,,,unreachable,,,,
"Mobile IV Therapy Phoenix in Phoenix, AZ",mobileivtherapyphoenix.com,phxmobileiv@gmail.com,phxmobileiv@gmail.com,yes,already known,https://mobileivtherapyphoenix.com,medspa,"semaglutide, tirzepatide, nad+, ipamorelin, sermorelin, cjc-1295",18
MỘC HEAD SPA,mocheadspa.com,,,yes,no_email,https://mocheadspa.com,medspa,,0
Mon Ami Spa & Laser Center,monamispa.com,,,yes,no_email,https://monamispa.com,medspa,,0
Woodhouse Spa,montclair.woodhousespas.com,,,,no_email,,vendor,kpv,1
"Moonflower Aesthetics in Tucson, AZ",moonfloweraz.com,kandlaesthetics23@gmail.com,kandlaesthetics23@gmail.com,yes,no_peptides,https://moonfloweraz.com,medspa,,0
Moon Massage,moonmassagemt.square.site,,,,no_email,,vendor,,0
"MOOV Health & Wellness in St. Louis, MO",moov.health,,,,no_email,https://moov.health,medspa,"bpc-157, tb-500, thymosin alpha-1, nad+, ipamorelin, sermorelin",22
More Allure Beauty Clinic,moreallure.com,,,yes,no_email,https://moreallure.com,medspa,,1
"Mountain Modern Aesthetics & Wellness in Boise, ID",mountainmodernaesthetics.com,,,yes,no_email,https://mountainmodernaesthetics.com,medspa,,1
"MidSouth Integrative Medical in Southaven, MS",msintegrative.com,,,yes,no_email,https://msintegrative.com,medspa,glutathione,6
M Spa Boise,mspaboise.com,,,yes,no_email,https://mspaboise.com,medspa,,0
Multiple Solutions Health,multiplesolutionshealth.com,,,,unreachable,,,,
Muscle Lab,musclelab.la,,,yes,no_email,https://musclelab.la,medspa,"nad+, glutathione",5
Muse Aesthetics Co.,museaestheticsco.com,hello@museaestheticsco.com,hello@museaestheticsco.com,yes,no_peptides,https://museaestheticsco.com,medspa,,0
Muse Atlanta Skin Health & Aesthetics,museatl.com,hello@museatl.com,hello@museatl.com,yes,no_peptides,https://museatl.com,medspa,,0
bioworX Westlake,mybioworx.com,,,,no_email,https://mybioworx.com,medspa,"bpc-157, tb-500, nad+, selank, semax, ghk-cu",11
CN Medical Aesthetics & Wellness,mycnmedical.com,,,yes,no_email,https://mycnmedical.com,medspa,"semaglutide, tirzepatide, sermorelin, glutathione",18
DermaHealth Laser & Skin Care Clinic,mydermahealth.com,,,yes,no_email,https://mydermahealth.com,medspa,,2
Ethos Aesthetics + Wellness,myethosspa.com,,,yes,no_email,https://myethosspa.com,medspa,,0
"myEvergreen MedSpa in Shenandoah, TX",myevergreenmedspa.com,,,yes,no_email,https://myevergreenmedspa.com,medspa,,1
Fantastic Spa,myfantasticspa.com,,,,unreachable,,,,
"My Health 360 in Clarence, NY",myhealth360wellness.com,admin@myhealth360wellness.com,admin@myhealth360wellness.com,yes,no_peptides,https://myhealth360wellness.com,medspa,,0
Longevity Lounge,myhothaven.com,support@myhothaven.com,sweat@myhothaven.com; support@myhothaven.com; jenica@myhothaven.com; sean@myhothaven.com,yes,no_peptides,https://myhothaven.com,vendor,,0
Live Well Medicine Acupuncture & Massage,mykayaclinic.com,,,,unreachable,,,,
"KBlend in Monroe, MI",mykblend.com,,,yes,no_email,https://mykblend.com,vendor,,0
My Look Spa,mylookspa.com,,,yes,no_email,https://mylookspa.com,medspa,,0
"LUMINANCE REGENERATIVE BEAUTY & WELLNESS in San Jose, CA",myluminance.com,,,yes,no_email,https://myluminance.com,medspa,GLP-1 weight loss peptides,8
"Bodyworx, LLC",myobodyworx4.com,myotherapybx@gmail.com,myotherapybx@gmail.com,yes,no_peptides,https://myobodyworx4.com,vendor,,0
"Revitalize Hydration and Wellness in New Bedford, MA",myrevitalizewellness.com,,,,no_email,,vendor,,0
Dermatology Associates of West Michigan,myskindoctors.com,,,yes,no_email,https://myskindoctors.com,medspa,,0
"Regenex Wellness Lab in Tampa, FL",mytampawellness.com,,,,no_email,,vendor,,0
TrueTox,mytruetox.com,team@mail.mytruetox.com,team@mail.mytruetox.com,,no_peptides,https://mytruetox.com,medspa,,0
My Youth Med Spa,myyouthmedspa.com,,,,no_email,,vendor,,0
Nadia's Full Service Salon & Spa,nadiasspa.com,,,yes,no_email,https://nadiasspa.com,medspa,,0
"NAD MD Inc. in San Diego, CA",nadmd.com,,,yes,no_email,https://nadmd.com,medspa,nad+,4
Advanced Specialty Care & Med Spa,nampaadvancedspecialtycare.com,,,yes,no_email,https://nampaadvancedspecialtycare.com,medspa,"semaglutide, tirzepatide",5
Elite Med Spa,naturalbeautyelitemedspa.com,,,,no_email,https://naturalbeautyelitemedspa.com,medspa,"semaglutide, tirzepatide, nad+, glutathione",11
"Natural Elements IV Lounge in New Orleans, LA",naturalelementsno.com,,,,unreachable,,,,
"Natural Wellness H2O, Colon Hydrotherapy",naturalwellnessh2o.com,naturalwellnessh20@gmail.com,naturalwellnessh20@gmail.com,yes,no_peptides,https://naturalwellnessh2o.com,vendor,,0
"Nature Health Medical in San Mateo, CA",naturehealthmedical.com,,,yes,no_email,https://naturehealthmedical.com,medspa,nad+,4
"Nava Health & Vitality Center in Columbia, MD",navacenter.com,,,yes,no_email,https://navacenter.com/about,medspa,"semaglutide, tirzepatide, bpc-157, tb-500, thymosin alpha-1, ipamorelin",31
"Nectar Wellness in Bloomington, MN",nectarwellnessmn.com,nectarwellnessmn@gmail.com,nectarwellnessmn@gmail.com,,no_peptides,https://nectarwellnessmn.com,vendor,,0
Neem Medical Spa,neemmedicalspa.com,,,,no_email,https://neemmedicalspa.com,medspa,GLP-1 weight loss peptides,2
Neroli Salon & Spa,nerolisalonspa.com,,,yes,no_email,https://nerolisalonspa.com,medspa,,0
Uplifting Medi Spa,new-braunfels.thedripbar.com,,,,no_email,,vendor,,0
"New Leaf Concierge Wellness and Homecare in Middletown, NY",newleafconciergeny.com,,,,unreachable,,,,
"New Vitality Medical in Alpharetta, GA",newvitalitymedical.com,,,yes,no_email,https://newvitalitymedical.com,medspa,GLP-1 weight loss peptides,5
Clinique des Champs Élysées,newyork.crpce.com,,,yes,no_email,https://newyork.crpce.com,medspa,,0
"New Youth IV Therapy Lounge in Greenfield, IN",newyouthaesthetics.com,,,,unreachable,,,,
"NexGen Health And Wellness in Bartlett, TN",nexgenhnw.com,nexgenhealthclinic@gmail.com,nexgenhealthclinic@gmail.com,yes,already known,https://nexgenhnw.com,medspa,"semaglutide, tirzepatide, retatrutide, nad+",14
"NexGen Longevity in Brownsville, TX",nexgenlongevity.com,nexgenlongevity@gmail.com,nexgenlongevity@gmail.com,yes,already known,https://nexgenlongevity.com,medspa,semaglutide,10
"NFuze Wellness in Edwardsville, IL",nfuzewellness.com,,,yes,no_email,https://nfuzewellness.com,medspa,nad+,3
Nirvana Massage and Skin Care,nirvanamassageandskincare.com,,,,no_email,https://nirvanamassageandskincare.com,vendor,,0
"NIVA Health Jacksonville in Jacksonville, FL",nivahealth.com,,,,no_email,,vendor,,0
"NM Spirit of Wellness in Albuquerque, NM",nmspiritofwellness.com,,,,no_email,,vendor,,0
"No Filter Needed, Skin Rejuvenation in Albany, NY",nofilterneeded518.com,,,yes,no_email,https://nofilterneeded518.com,medspa,semaglutide,5
NOLA Bliss Massage,nolablissmassage.com,info@nolablissmassage.com,info@nolablissmassage.com,yes,no_peptides,https://nolablissmassage.com,medspa,,0
NOLA Hydration Aesthetics & Wellness,nolahydration.com,hydrationstationnola@gmail.com,hydrationstationnola@gmail.com,yes,already known,https://nolahydration.com,medspa,"semaglutide, tirzepatide, nad+, glutathione",10
No Lines By Design,nolinesbydesign.com,,,,no_email,,vendor,,0
Gudgel Aesthetics,normanmedspa.com,,,yes,no_email,https://normanmedspa.com,medspa,ghk-cu,7
"North Florida Integrative Medicine in Jacksonville, FL",northfloridaintegrative.com,,,yes,no_email,https://northfloridaintegrative.com,medspa,nad+,2
Northwestern Med Spa,northwesternmedspa.com,,,,unreachable,,,,
"Not A Bar Dripp Bar in Upland, CA",notabar-drippbar.com,,,,unreachable,,,,
Nourichment Medispa,nourichmentmedispa.com,,,,unreachable,,,,
"Nouveau MedSpas in Gig Harbor, WA",nouveaumedspas.com,,,yes,no_email,https://nouveaumedspas.com,medspa,"semaglutide, tirzepatide, nad+",8
Summers Aesthetics,novaclinicsllc.com,,,,no_email,https://novaclinicsllc.com,vendor,,0
"Nova Wellness in Charlotte, NC",novawellnessclt.com,,,yes,no_email,https://novawellnessclt.com,medspa,nad+,8
NOVERA MED SPA,noveramedspaky.com,,,,no_email,https://noveramedspaky.com,medspa,,0
Novirra,novirraesthetics.com,novirra.cm@gmail.com,novirra.cm@gmail.com,yes,no_peptides,https://novirraesthetics.com,medspa,,0
NuDerma MedSpa & Wellness Center,nudermamedicalspas.com,,,yes,no_email,https://nudermamedicalspas.com,medspa,semaglutide,3
"Nudus Essentia IV Infusion Lounge, LLC in Westport, MA",nuduslife.com,,,yes,no_email,https://nuduslife.com,medspa,"nad+, glutathione",2
Nueva Piel Body Sculpting,nuevapiel2023.com,nuevapiel0223@gmail.com,nuevapiel0223@gmail.com,yes,no_peptides,https://nuevapiel2023.com,vendor,,0
NuMe Aesthetics,numeaesthetics.com,,,yes,no_email,https://numeaesthetics.com,medspa,,1
"NUMI Wellness Lounge in McAllen, TX",numihydration.com,,,,no_email,https://numihydration.com,vendor,,0
Medical Grade Aesthetics,nuovo-te.com,,,yes,no_email,https://nuovo-te.com,medspa,"bpc-157, tb-500, thymosin alpha-1, ipamorelin, sermorelin, tesamorelin",19
Nure Aesthetics,nureaesthetics.com,drv@nureaesthetics.com,drv@nureaesthetics.com,yes,no_peptides,https://nureaesthetics.com,medspa,,0
"Nurse Doza Clinic in West Lake Hills, TX",nursedoza.com,,,yes,no_email,https://nursedoza.com,medspa,nad+,1
"NurturHer Aesthetics in Fitchburg, WI",nurturheraesthetic.com,,,yes,no_email,https://nurturheraesthetic.com,medspa,nad+,3
"Nutrify Health & Wellness in Sarasota, FL",nutrifyhw.glossgenius.com,nutrify.hw@gmail.com,nutrify.hw@gmail.com,yes,already known,https://nutrifyhw.glossgenius.com,medspa,"bpc-157, nad+, sermorelin, ghk-cu, glutathione, kpv",8
Nuude Aesthetics,nuudeaesthetics.com,nuudeaesthetics@gmail.com,nuudeaesthetics@gmail.com,yes,no_peptides,https://nuudeaesthetics.com,medspa,,0
"NWA Aesthetics and Fertility in Rogers, AR",nwaaestheticsandfertility.com,,,,no_email,,vendor,,0
"Northwest Phlebotomy School Wilmington in Wilmington, DE",nwphlebotomyschool.com,,,yes,no_email,https://nwphlebotomyschool.com,medspa,,1
Oasis Massage Studio & Suites,oasismassagestudiomemphis.com,,,,no_email,https://oasismassagestudiomemphis.com/about-us,vendor,,0
"Odara Medical Spa in Spokane, WA",odaramedicalspa.com,,,yes,no_email,https://odaramedicalspa.com,medspa,,0
oH Integrated Medicine (formerly Optimum Health of Utah) in American F,ohintegrative.com,,,,no_email,https://ohintegrative.com,vendor,,0
"OHMI ANTI-AGING CENTER in Irvine, CA",ohmimd.com,contact@ohmimd.com,contact@ohmimd.com,,no_peptides,https://ohmimd.com,medspa,,0
"Organic Living Hydration in Arlington, TX",olh-dfw.com,,,,no_email,https://olh-dfw.com,vendor,,0
Oli at Home,oli-athome.com,,,yes,no_email,https://oli-athome.com,medspa,,0
Omaha Cosmetic Center by Imagen,omahacosmeticcenter.com,,,yes,no_email,https://omahacosmeticcenter.com,medspa,,0
Preventative Medical Clinic,omahapmc.com,,,yes,no_email,https://omahapmc.com,medspa,"semaglutide, tirzepatide, nad+",5
"Omega Health Clinics in Modesto, CA",omegahealthclinics.com,,,,unreachable,,,,
"Optimal Medical Group in Fresno, CA",omgwellnessmd.com,,,yes,no_email,https://omgwellnessmd.com,medspa,nad+,8
Omne Luxe,omne-luxe.com,,,,no_email,https://omne-luxe.com,medspa,,0
Breve Spa,omnihotels.com,,,,unreachable,,,,
"Omorfia Medical Spa in Dearborn, MI",omorfiamedicalspa.com,,,,unreachable,,,,
"Onsite Wellness Now in Orange, CA",onsitewellnessnow.com,,,yes,no_email,https://onsitewellnessnow.com,medspa,"nad+, glutathione",5
"Onus IV Therapy + Longevity: Denver in Denver, CO",onusiv.com,,,,no_email,https://onusiv.com,medspa,"nad+, sermorelin, ghk-cu, glutathione",13
"Optimal Healing Center & MedSpa in Fairfield, CT",optheal.org,admin@optheal.org,admin@optheal.org; optimalhealingct@gmail.com; nadmin@optheal.org,,no_peptides,https://optheal.org,vendor,,0
"Optimal Wellness & Beauty in Chicago, IL",optimal-wellness-beauty.com,optimalwellnessltd@gmail.com,optimalwellnessltd@gmail.com,yes,already known,https://optimal-wellness-beauty.com,medspa,"semaglutide, tirzepatide, retatrutide, bpc-157, tb-500, nad+",27
"Optimal Health A Must-Med spa in Cary, NC",optimalhealthamust.com,,,,no_email,,vendor,,0
"Optimal Health Associates in Oklahoma City, OK",optimalhealthassociates.com,,,,no_email,,vendor,,0
"Optimal Oasis in Charlotte, NC",optimaloasiswellness.com,,,,no_email,,vendor,,0
"Optimal Wellness in Cape Coral, FL",optimalwellnesscapecoral.com,,,,no_email,https://optimalwellnesscapecoral.com/about-us,medspa,GLP-1 weight loss peptides,3
Optimize U,optimizeucenters.com,,,,no_email,https://optimizeucenters.com,medspa,"semaglutide, tirzepatide, liraglutide, sermorelin, tesamorelin, pt-141",18
Optimize U,optimizeulouisville.com,,,yes,no_email,https://optimizeulouisville.com,medspa,GLP-1 weight loss peptides,4
"Optimum Human: Science-backed Wellness, Beauty, & Recovery",optimumhuman.com,,,yes,no_email,https://optimumhuman.com,vendor,semaglutide,9
Women's Traditional Chinese Healing,optimumwh.com,,,,no_email,https://optimumwh.com/about,vendor,,0
Neil Riordan Center for Regenerative Medicine,optimyze.me,,,,no_email,,vendor,,0
Opulent Aura Aesthetics,opulentauraaesthetics.com,,,,no_email,,vendor,,0
"Orchidia Medical Group in Naples, FL",orchidiamedicalgroup.com,,,yes,no_email,https://orchidiamedicalgroup.com,medspa,"thymosin alpha-1, ipamorelin, pt-141, melanotan ii, melanotan i, ghk-cu",16
Organic Origins Spa,organicoriginsspa.com,hello@organicoriginsspa.com,reservations@organicoriginsspa.com; customerservice@organicoriginsspa.com; hello@organicoriginsspa.com; careers@organicoriginsspa.com,yes,no_peptides,https://organicoriginsspa.com,medspa,,0
Organic Roots salon & Spa,organicrootsme.com,organicroots.me@gmail.com,organicroots.me@gmail.com,yes,no_peptides,https://organicrootsme.com,vendor,,0
Origin Health Center,originhealthcenter.com,,,,unreachable,,,,
Amplify Aesthetics,other23wellness.com,,,yes,no_email,https://other23wellness.com,medspa,"semaglutide, tirzepatide",5
OsteoStrong,otofloat.com,info@otofloat.com,info@otofloat.com,yes,no_peptides,https://otofloat.com,vendor,,0
"Outbound Wellness in Hood River, OR",outboundwellness.com,,,yes,no_email,https://outboundwellness.com,medspa,GLP-1 weight loss peptides,4
"Ovilla Medical & Wellness in Chino, CA",ovillamed.com,,,,no_email,,vendor,,0
OVME,ovme.com,help@ovme.com,help@ovme.com,yes,already known,https://ovme.com,vendor,tirzepatide,4
NW Men's Health,p3life.com,,,yes,no_email,https://p3life.com,medspa,"semaglutide, retatrutide, bpc-157, tb-500, nad+, ipamorelin",21
Paanee Infrared Sauna and Wellness Studio,paaneewellness.com,info@paaneewellness.com,info@paaneewellness.com,yes,no_peptides,https://paaneewellness.com,medspa,,0
Pacific Beauty Medspa,pacificbeautymedspa.com,,,,no_email,,vendor,,0
"Painted Rock Health and Wellness in Little Rock, AR",paintedrockhealth.com,,,yes,no_email,https://paintedrockhealth.com,medspa,"semaglutide, tirzepatide",5
"Palace Aesthetics: A Beauty Collective in Portland, OR",palace-aesthetics.com,palace.aesthetics.pdx@gmail.com,palace.aesthetics.pdx@gmail.com,yes,no_peptides,https://palace-aesthetics.com,medspa,,0
Palmetto Infusion,palmettoinfusion.com,,,,unreachable,,,,
Papillon Day Spa,papillondayspa.net,team@papillondayspa.net,team@papillondayspa.net,yes,no_peptides,https://papillondayspa.net,medspa,,0
Paradise Massages Waikiki & Spa,paradisemassages.com,impallari@gmail.com,impallari@gmail.com; 2relaxinparadise@gmail.com,yes,no_peptides,https://paradisemassages.com,medspa,,0
Spa Riverside,parksidespasauna.com,info@parksidespasauna.com,info@parksidespasauna.com; parksidespasauna@gmail.com,yes,no_peptides,https://parksidespasauna.com,vendor,,0
"Private Client Wellness and Aesthetics in Houston, TX",pcwlifestyle.com,,,,no_email,,vendor,,0
"Peak Wellness & Aesthetics in Asheville, NC",peakmobileiv.com,,,,unreachable,,,,
Oriental Pearl Spa,pearlspa.biz,,,,no_email,,vendor,,0
IV Hydrate Cafe,pearlwellnessdetox.com,,,yes,no_email,https://pearlwellnessdetox.com,vendor,,0
The Peninsula Spa & Wellness Center,peninsula.com,,,,unreachable,,,,
"Penn State Health Holy Spirit Medical Center in Camp Hill, PA",pennstatehealth.org,nchango@pennstatehealth.psu.edu,nchango@pennstatehealth.psu.edu; interpreters@pennstatehealth.psu.edu,yes,no_peptides,https://pennstatehealth.org,medspa,,0
"Performance IV in Beaverton, OR",performance-iv.com,,,yes,no_email,https://performance-iv.com,medspa,glutathione,2
"Performance Medicine in Knoxville, TN",performancemedicine.net,,,,no_email,https://performancemedicine.net,vendor,,0
Personal Image PLLC,personalimage.org,,,yes,no_email,https://personalimage.org,medspa,,0
The DRIPBaR,perspiresaunastudio.com,,,,no_email,https://perspiresaunastudio.com,medspa,,0
"Philly Wellness Center in Philadelphia, PA",phillywellnesscenter.com,,,yes,no_email,https://phillywellnesscenter.com,medspa,"semaglutide, nad+, ipamorelin, cjc-1295, igf-1 lr3, mots-c",23
"Proactive Health Labs in Los Angeles, CA",phlabs.org,info@phlabs.org,info@phlabs.org,,no_peptides,https://phlabs.org,medspa,,0
"pHresh Aesthetics by Drip Therapy in West Monroe, LA",phreshaesthetics.org,,,yes,no_email,https://phreshaesthetics.org,medspa,GLP-1 weight loss peptides,2
Pleij Med Spa,pleijmedspa.com,,,,unreachable,,,,
Plumped,plumpedclt.com,hello@plumpedclt.com,hello@plumpedclt.com,yes,no_peptides,https://plumpedclt.com,medspa,,0
Plump Medspa,plumpmedspa.com,info@plumpmedspa.com,info@plumpmedspa.com,yes,no_peptides,https://plumpmedspa.com,medspa,,0
"Plush IV Hydration & Wellness in Fairfield, OH",plushivhydration.com,,,,no_email,https://plushivhydration.com,medspa,glutathione,1
Premier Medical Associates,pma-rgv.com,,,,no_email,,vendor,,0
PM Aesthetics,pmaesthetics.com,,,,no_email,https://pmaesthetics.com,medspa,semaglutide,4
"Pocono Vitamin Infusion in Brodheadsville, PA",poconovitamininfusion.com,,,,no_email,https://poconovitamininfusion.com,medspa,nad+,2
PointInfusion,pointhealthclinic.com,,,yes,no_email,https://pointhealthclinic.com,medspa,glutathione,5
PointInfusion,pointinfusion.com,,,yes,no_email,https://pointinfusion.com,vendor,"nad+, glutathione",4
Poppi Wellness + Bio,poppiwellness.com,,,yes,no_email,https://poppiwellness.com,medspa,,0
"Portico Longevity in Charleston, SC",porticolongevity.com,hello@porticolongevity.com,hello@porticolongevity.com,yes,no_peptides,https://porticolongevity.com,medspa,,0
esthetic medspa portland,portlandesthetic.com,,,yes,no_email,https://portlandesthetic.com,medspa,,0
Bali Spa,portlandhydrafacial.com,carolinebalispa@gmail.com,carolinebalispa@gmail.com,yes,no_peptides,https://portlandhydrafacial.com,medspa,,0
"Posh Skin Bar & Spa in Richmond, VA",poshskinrva.com,,,,unreachable,,,,
"Power-House Infusionz IV Vitamin Bar in Oklahoma City, OK",power-house-100039.square.site,,,,no_email,https://power-house-100039.square.site,vendor,,0
Premier Aesthetics Med-Spa,premieraestheticsmed-spa.com,,,yes,no_email,https://premieraestheticsmed-spa.com,medspa,,0
"Gameday Men's Health Matthews, NC",premierhormonehealth.com,,,,no_email,,vendor,,0
Premier Med Spa,premiermedspachicago.com,info@premiermedspachicago.com,info@premiermedspachicago.com,yes,no_peptides,https://premiermedspachicago.com,medspa,,0
Premier Plastic Surgery & Aesthetics,premierokc.com,,,yes,no_email,https://premierokc.com,medspa,semaglutide,7
PRESNow 24/7 Urgent and Emergency Care,presnow247.org,,,yes,no_email,https://presnow247.org,medspa,,0
"Athletique Wellness: Men’s Health, Weight Loss, Testosterone",prestigewellnessinstitute.com,,,yes,no_email,https://prestigewellnessinstitute.com,medspa,semaglutide,7
"Revive West in Camillus, NY",preventive-med.net,,,yes,no_email,https://preventive-med.net,medspa,,0
"Primary Hydration and Wellness in Gardendale, AL",primaryhydration.com,,,yes,no_email,https://primaryhydration.com,medspa,"semaglutide, tirzepatide, glutathione",5
"Principessa Med Spa in Lakeland, FL",principessamedical.com,,,,no_email,,vendor,,0
Priority Health & Spa,priorityhealthandspa.com,,,,no_email,https://priorityhealthandspa.com,vendor,,0
"Prisma Health Infusion Center–Columbia in Columbia, SC",prismahealth.org,patientadvocacy@prismahealth.org,patientadvocacy@prismahealth.org,yes,no_peptides,https://prismahealth.org/contact,medspa,,0
Pro Health Clinic,prohealthmemphis.com,,,,no_email,https://prohealthmemphis.com,medspa,"semaglutide, tirzepatide, bpc-157, nad+, ipamorelin, tesamorelin",21
"Professional Infusion Consultants Corporation in Naperville, IL",proinfusions.com,,,yes,no_email,https://proinfusions.com,medspa,"nad+, glutathione",3
Dr. S. Larry Schlesinger,prpcenterhawaii.com,,,yes,no_email,https://prpcenterhawaii.com,medspa,,0
"Pulse IV Therapy in Middlebury, CT",pulseivtherapy.com,,,,no_email,,vendor,,0
"Pure Chateau Wellness Medspa in Stamford, CT",purechateau.org,,,yes,no_email,https://purechateau.org,medspa,GLP-1 weight loss peptides,6
Pure Complexion Spa,purecomplexionspa.com,purecomplexionspa@gmail.com,purecomplexionspa@gmail.com,yes,no_peptides,https://purecomplexionspa.com,medspa,,0
"Pure Infusion Suites of Albuquerque in Albuquerque, NM",pureinfusionsuites.com,maddiejohnson@gmail.com,maddiejohnson@gmail.com,,no_us_signal,https://pureinfusionsuites.com,vendor,kpv,2
Purely Natural Medical Spa,purelynaturalspa.com,,,,no_email,,vendor,,0
Purely Skin by Confident Med Spa,purelyskin4me.com,,,yes,no_email,https://purelyskin4me.com,medspa,nad+,2
"Pure Med Aesthetics in Edinburg, TX",puremedrgv.com,wweeiihhuuaanngg@gmail.com,wweeiihhuuaanngg@gmail.com,,no_us_signal,https://puremedrgv.com,medspa,GLP-1 weight loss peptides,2
Pure Pressure Esthetics,purepressureesthetics.com,,,,unreachable,,,,
Pure Skin by Maggie,pureskinbymaggie.com,,,,unreachable,,,,
Pure Vanity,purevanityspa.com,,,yes,no_email,https://purevanityspa.com,medspa,,0
"Purifi IV in Suwanee, GA",purifiiv.com,info@purifiiv.com,suwanee@purifiiv.com; info@purifiiv.com,,no_us_signal,https://purifiiv.com,medspa,semaglutide,3
Purifi IV,purifiivcharlotte.com,,,,unreachable,,,,
Purity Day Spa,puritydayspaokc.com,info@puritydayspaokc.com,info@puritydayspaokc.com,yes,no_peptides,https://puritydayspaokc.com,medspa,,0
Push IV Hydration Las Vegas,pushiv.com,,,yes,no_email,https://pushiv.com/contact,medspa,"nad+, glutathione",4
Quality Care Concierge Nurses,qccnurses.com,,,,unreachable,,,,
Floating Lotus Sanctuary,qckinetix.com,,,yes,no_email,https://qckinetix.com,medspa,,1
Queendom Aesthetics Facial Spa,queendomaesthetics.com,info@queendomaesthetics.com,info@queendomaesthetics.com,yes,no_peptides,https://queendomaesthetics.com,medspa,,0
"Quench IV Studio (Vintage Park) in Houston, TX",quenchivstudio.com,info@quenchivstudio.com,info@quenchivstudio.com,,no_us_signal,https://quenchivstudio.com,medspa,glutathione,3
"r2s-hydration in Philadelphia, PA",r2s-hydration.com,,,yes,no_email,https://r2s-hydration.com,medspa,glutathione,2
"Radiance East Bay Aesthetics in Pleasanton, CA",radiancewellnessandaesthetics.com,,,yes,no_email,https://radiancewellnessandaesthetics.com,medspa,GLP-1 weight loss peptides,4
"RADIANT a medspa in Naperville, IL",radiantamedspa.com,radiantamedspa@gmail.com,radiantamedspa@gmail.com,yes,already known,https://radiantamedspa.com,medspa,semaglutide,7
Radiant Wellness,radiantwellnesslr.com,,,yes,no_email,https://radiantwellnesslr.com,medspa,glutathione,2
"Radiate Light Mobile IV Hydration Omaha in Omaha, NE",radiatelightnebraska.com,radiatelightivhydration@gmail.com,radiatelightivhydration@gmail.com,yes,already known,https://radiatelightnebraska.com,medspa,GLP-1 weight loss peptides,7
Raindrop Natural Nail Spa,raindropnailsspacheyenne.com,,,yes,no_email,https://raindropnailsspacheyenne.com,vendor,,0
The Aesthetic Lounge,rainsskinprescription.com,,,yes,no_email,https://rainsskinprescription.com,medspa,nad+,2
Rambha Day Spa & Salon,rambhadayspa.com,,,yes,no_email,https://rambhadayspa.com,medspa,,0
"Restore and Rejuvenate Hydration in Durham, NC",randrhydration.com,,,,no_email,,vendor,,0
"Rapid IV in San Marino, CA",rapidivtherapy.com,,,,unreachable,,,,
"Rapid Recovery Hydration Solutions in Reno, NV",rapidrecoveryhydration.com,,,,no_email,https://rapidrecoveryhydration.com,medspa,"nad+, glutathione",3
"Ravive Health & Vitality in San Diego, CA",ravivevitality.com,,,,no_email,https://ravivevitality.com,vendor,,0
"Renovatio Aesthetics and Wellness in Utica, NY",rawbeautycny.com,,,yes,no_email,https://rawbeautycny.com,medspa,nad+,2
"ReadyMED Plus in Worcester, MA",readymed.org,,,yes,no_email,https://readymed.org,medspa,,0
"Reagan Aesthetics in Charleston, SC",reaganaesthetics.com,info@reaganaesthetics.com,info@reaganaesthetics.com,yes,no_peptides,https://reaganaesthetics.com,medspa,,0
Recharge Lab,recharge-labs.com,,,,unreachable,,,,
"Recharge Medical in San Francisco, CA",recharge.clinic,,,yes,no_email,https://recharge.clinic,medspa,"glutathione, semaglutide",4
"Reclaim Hyperbarics & Wellness in North Ogden, UT",reclaimhyperbarics.com,hello@reclaimhyperbarics.com,hello@reclaimhyperbarics.com,yes,no_peptides,https://reclaimhyperbarics.com,vendor,,0
"Recover Restore Revive in Benton, AR",recover-restore-revive.com,,,yes,no_email,https://recover-restore-revive.com,medspa,"sermorelin, epithalon",11
ReDerm MD Medical Spa,redermmd.com,,,yes,no_email,https://redermmd.com,medspa,,0
"Reesthetics Beauty Lounge in Greensboro, NC",reestheticsbeauty.com,reestheticsbeauty@gmail.com,reestheticsbeauty@gmail.com,yes,no_peptides,https://reestheticsbeauty.com,vendor,,0
Refined Beauty,refinedbeautyidaho.com,info@refinedbeautyidaho.com,info@refinedbeautyidaho.com,yes,no_peptides,https://refinedbeautyidaho.com,medspa,,0
"Refined Vida in Miami, FL",refinedvida.com,,,,unreachable,,,,
"Refined Health and Wellness in Chattanooga, TN",refinedwellness.net,,,,no_email,https://refinedwellness.net,vendor,,0
Refine KC Aesthetics,refinekcaesthetics.com,info@refinekcaesthetics.com,refinekcaesthetics@gmail.com; info@refinekcaesthetics.com,yes,no_peptides,https://refinekcaesthetics.com,medspa,,0
Serenity Med Spa LLC,refineuokc.com,,,yes,no_email,https://refineuokc.com,medspa,,0
"Refresh IV Lounge in Carmel, IN",refreshivlounge.com,,,,unreachable,,,,
"Regenerate Medical Concierge in Henderson, NV",regeneratemedicalconcierge.com,,,yes,no_email,https://regeneratemedicalconcierge.com,medspa,"semaglutide, nad+, oxytocin",8
"Regional One Health in Memphis, TN",regionalonehealth.org,childbirthservices@regionalonehealth.org,childbirthservices@regionalonehealth.org,yes,no_peptides,https://regionalonehealth.org,medspa,,0
"Rei Integrative Wellness in Troy, NY",reiintegrative.com,,,,no_email,,vendor,,0
"REJUUV Wellness in Harrisburg, PA",rejuuv.net,,,,no_email,https://rejuuv.net,medspa,,0
"Rejuve in Los Angeles, CA",rejuveclinics.com,,,yes,no_email,https://rejuveclinics.com,medspa,"semaglutide, tirzepatide, nad+, glutathione",12
Rejuvenate by Caro Spa,rejuvenatebycaro.com,,,,no_email,https://rejuvenatebycaro.com,vendor,,0
"Rejuvenate Health & Wellness in West Melbourne, FL",rejuvenatehw.com,,,yes,no_email,https://rejuvenatehw.com,medspa,glutathione,2
"Rejuvenate Aesthetics and Wellness, LLC in Worcester, MA",rejuvenatenp.life,impallari@gmail.com,impallari@gmail.com,yes,already known,https://rejuvenatenp.life,medspa,,2
"Rejuvenate U IV Therapy and Aesthetics in East Hartford, CT",rejuvenateuct.com,,,,unreachable,,,,
Rejuvenate Yourself IV Therapy & Botox Lounge -Staten Island,rejuvenateyourselfnyc.com,,,yes,no_email,https://rejuvenateyourselfnyc.com,medspa,"semaglutide, tirzepatide, liraglutide, nad+, sermorelin, glutathione",15
"R&H Rejuvenation and Health Aesthetics in Lafayette, CA",rejuvenationandhealth.com,rejuvenationandhealth@gmail.com,rejuvenationandhealth@gmail.com,yes,already known,https://rejuvenationandhealth.com,medspa,nad+,2
"Rejuvenation & Rehydration by Nurse Azure in Jurupa Valley, CA",rejuvenationandrehydration.com,,,,unreachable,,,,
Low T Center,rejuvenationmedspaweightloss.com,,,,no_email,,vendor,,0
"Rejuvenation Station in Cabot, AR",rejuvenationstationar.com,rejuvenationstationar@yahoo.com,rejuvenationstationar@yahoo.com,yes,no_peptides,https://rejuvenationstationar.com,medspa,,0
Tulane Doctors Center for Longevity & Wellness,rejuvimemedical.com,,,yes,no_email,https://rejuvimemedical.com,medspa,"semaglutide, tirzepatide, sermorelin",10
"Relax & Revive IV, Columbia SC, Mobile IV Hydration in Columbia, SC",relaxrevive.info,,,yes,no_email,https://relaxrevive.info,medspa,"nad+, glutathione",5
UBEST Medical Aesthetics,reluxmedspa.com,info@reluxmedspa.com,info@reluxmedspa.com,yes,no_peptides,https://reluxmedspa.com,medspa,,0
Remedi Day Spa,remedispa.com,,,,no_email,https://remedispa.com,vendor,,0
"Remedy Place Boston in Boston, MA",remedyplace.com,membership@remedyplace.com,membership@remedyplace.com,,no_peptides,https://remedyplace.com,medspa,,0
Remedy Skin Care,remedyskincareboise.com,vidalinkas@gmail.com,vidalinkas@gmail.com,yes,no_peptides,https://remedyskincareboise.com,medspa,,0
Remedy Spa West,remedywichita.com,,,yes,no_email,https://remedywichita.com,medspa,,0
Renew,renewchs.com,,,yes,no_email,https://renewchs.com,medspa,"semaglutide, nad+, glutathione",6
"Renewed Vitality and Wellness in Reno, NV",renewedvitalityandwellness.com,,,yes,no_email,https://renewedvitalityandwellness.com,medspa,glutathione,5
"Renew Integrative Health in Newark, DE",renewinthealth.org,,,yes,no_email,https://renewinthealth.org,medspa,"semaglutide, tirzepatide, bpc-157, tb-500, thymosin beta-4, nad+",21
"Renew IV PLLC in Fort Gibson, OK",renewivpllc.com,,,,unreachable,,,,
Renew Medical Spa,renewmedicalspalv.com,renewmedicalspalv@gmail.com,renewmedicalspalv@gmail.com,yes,no_peptides,https://renewmedicalspalv.com,medspa,,0
RENEWAL Med Spa Plus,renewmedspaplus.com,renewmedspaplus@gmail.com,renewmedspaplus@gmail.com,,no_us_signal,https://renewmedspaplus.com,medspa,"semaglutide, tirzepatide",10
RenewMe IV Therapy + Medspa,renewmespa.com,,,,no_email,,vendor,,0
Aesthetic Center of Richmond Dermatology,renewmetoday.com,,,yes,no_email,https://renewmetoday.com,medspa,glutathione,4
"Renew Wellness Medspa in Woodland, CA",renewwellnessmedspa.life,,,,no_email,https://renewwellnessmedspa.life,medspa,,0
Aniron Wellness,renovawellnessutah.com,,,,unreachable,,,,
"Renu IV in Saint Paul, MN",renuiv.com,,,,no_email,,vendor,,0
"Replenish I.V. Hydration+Wellness in Nashville, TN",replenishnashville.com,,,yes,no_email,https://replenishnashville.com,medspa,"semaglutide, tirzepatide, glutathione",8
Re Salon and Med Spa,resalonandmedspa.com,,,,unreachable,,,,
"Reset Wellness Lounge & IV Therapy in Naples, FL",resetwellnesslounge.com,,,,no_email,,vendor,,0
Resilient One Med Spa,resilientonemedspa.com,,,,unreachable,,,,
"Restart Longevity Spa Lewisville in Lewisville, TX",restartspa.com,,,yes,no_email,https://restartspa.com,medspa,nad+,6
Restoration Room,restorationroomomaha.com,info@restorationroomomaha.com,info@restorationroomomaha.com,yes,no_peptides,https://restorationroomomaha.com,medspa,,0
"Restorative Health and Wellness in Broken Arrow, OK",restorativehealthandwellnessok.com,,,yes,no_email,https://restorativehealthandwellnessok.com,medspa,"semaglutide, nad+, glutathione",10
Restore Hyper Wellness,restore.com,,,yes,no_email,https://restore.com,medspa,"semaglutide, tirzepatide, nad+, glutathione",7
"Restore Wellness RGV in Edinburg, TX",restorergv.com,restorewellnessrgv@gmail.com,restorewellnessrgv@gmail.com,yes,already known,https://restorergv.com,medspa,"semaglutide, tirzepatide",5
KOR Medspa,restorewithkor.com,hello@restorewithkor.com,hello@restorewithkor.com,,no_peptides,https://restorewithkor.com,medspa,,0
"Restore Yourself to Health in Minneapolis, MN",restoreyourselftohealth.com,,,yes,no_email,https://restoreyourselftohealth.com,medspa,"semaglutide, nad+",4
restorologie MedSpa and Esthetic Center,restorologie.com,wweeiihhuuaanngg@gmail.com,wweeiihhuuaanngg@gmail.com; impallari@gmail.com; restorologie@gmail.com,yes,already known,https://restorologie.com,medspa,,1
"RETO Health in Miami, FL",retohealth.com,,,,no_email,https://retohealth.com,vendor,,0
Aesthetician Trish McCarty,retreattristate.com,info@retreattristate.com,info@retreattristate.com,yes,no_peptides,https://retreattristate.com,medspa,,0
"Reverie Infusion Clinic in Provo, UT",reverieutah.com,,,yes,no_email,https://reverieutah.com,medspa,"semaglutide, tirzepatide, nad+, glutathione",9
Reverse Aesthetics,reverse-aesthetics.com,,,yes,no_email,https://reverse-aesthetics.com,medspa,"semaglutide, tirzepatide, nad+, sermorelin",8
"Revitalife4u in East Troy, WI",revitalife4u.com,,,,unreachable,,,,
"Revitalize Hydration & Wellness in Raymore, MO",revitalize-wellness.org,,,yes,no_email,https://revitalize-wellness.org,medspa,,0
"Revitalize Hydration and Weight Loss in Greenville, SC",revitalizehwl.com,,,,no_email,,vendor,,0
"Revitalize RX Infusion + Med Spa in Dartmouth, MA",revitalizerx.net,,,yes,no_email,https://revitalizerx.net,medspa,glutathione,2
"Revival IV And Wellness Clinic in Shelton, CT",revivalivclinic.com,revivalivclinic@gmail.com,revivalivclinic@gmail.com,yes,no_peptides,https://revivalivclinic.com,medspa,,0
"Reviva Wellness & Aesthetics in White Plains, NY",revivawellnessaesthetics.com,info@revivawellnessaesthetics.com,info@revivawellnessaesthetics.com,yes,no_peptides,https://revivawellnessaesthetics.com,medspa,,0
"Revive IV Therapy and Wellness in Northborough, MA",revive-ivtherapyandwellness.com,,,,unreachable,,,,
Revive Aesthetics,reviveaestheticsjax.com,reviveaestheticsjax@gmail.com,reviveaestheticsjax@gmail.com,yes,already known,https://reviveaestheticsjax.com,medspa,,2
"Revive by KMK in Fairfield, CT",revivebykmk.com,,,yes,no_email,https://revivebykmk.com,medspa,,1
"Revive Beauty & Wellness by Luna in El Paso, TX",revivebyluna.com,,,,no_email,https://revivebyluna.com,vendor,,0
Revived Body,revived-body.com,,,,no_email,https://revived-body.com,medspa,nad+,2
"Revive IV Hydration & Aesthetics in Venice, FL",revivehydrationfl.com,impallari@gmail.com,impallari@gmail.com,yes,already known,https://revivehydrationfl.com,medspa,"semaglutide, tirzepatide, retatrutide, bpc-157, tb-500, nad+",14
"R in Winston-Salem, NC",reviveinfusionwellnessws.com,,,,unreachable,,,,
"Revive IV Therapy in Broussard, LA",reviveivt.com,,,yes,no_email,https://reviveivt.com,medspa,"semaglutide, tirzepatide, nad+, glutathione",5
"Revive IV Therapy & Injections in Durham, NC",reviveivtherapyinjections.com,,,,unreachable,,,,
Revive Med Spa,revivemedspamurphytx.com,,,,no_email,,vendor,,0
Luna Med Spa,reviverxmedspa.com,reviverxmedspa@gmail.com,reviverxmedspa@gmail.com,yes,already known,https://reviverxmedspa.com,medspa,"semaglutide, tirzepatide",11
"Revive Therapy & Aesthetics in Morgan Hill, CA",revivetherapyandaesthetics.com,,,,unreachable,,,,
Care360 Aesthetics & Wellness,reviveuwellness.com,,,,unreachable,,,,
Revive Aesthetics & Wellness,revivevirginiabeach.com,,,,no_email,https://revivevirginiabeach.com,medspa,,1
"Revive Wellness NC in Knightdale, NC",revivewellnessnc.com,revivewellnessnc@outlook.com,revivewellnessnc@outlook.com,yes,already known,https://revivewellnessnc.com,medspa,"semaglutide, tirzepatide",8
REVIV Miami Beach,revivme.com,info@revivme.com,info@revivme.com; press@revivme.com; investments@revivme.com; genetics@revivme.com; u003einfo@revivme.com; u003epress@revivme.com; u003einvestments@revivme.com; u003egenetics@revivme.com,,no_us_signal,https://revivme.com,medspa,"nad+, glutathione",3
"Rhaine Health & Wellness in Jacksonville, FL",rhainehealth.com,,,,unreachable,,,,
Rejuvenation Med Spa,rhmedicalaesthetics.com,,,,no_email,https://rhmedicalaesthetics.com,medspa,,0
Rituals Dayspa & Salon,ritualsdayspaandsalon.com,,,yes,no_email,https://ritualsdayspaandsalon.com,medspa,,0
"River Aesthetics in Asheville, NC",riveraestheticsavl.com,,,,no_email,https://riveraestheticsavl.com,vendor,,0
Prescription Weight Loss of Zanesville,rivergatemedical.com,,,yes,no_email,https://rivergatemedical.com,medspa,,2
"River Oaks Drip Spa: IV Therapy & Hydration Center in Houston, TX",riveroaksdripspa.com,,,yes,no_email,https://riveroaksdripspa.com,medspa,"nad+, glutathione",3
Riverside Day Spa & Nails Salon,riversidespano.com,,,,no_email,,vendor,,0
Riverstone Salon and Wellness,riverstonesalonandwellness.com,contact@riverstonesalonandwellness.com,contact@riverstonesalonandwellness.com,yes,no_peptides,https://riverstonesalonandwellness.com,medspa,,0
Soleil Medical Spa La,rjmedspa.com,rjmedspa07@gmail.com,rjmedspa07@gmail.com,yes,no_peptides,https://rjmedspa.com,medspa,,0
RO Aesthetics,roaesthetics.com,,,,no_email,,vendor,,0
"Rocket City Mobile Health in Huntsville, AL",rocketcitymobilehealth.com,,,,no_email,https://rocketcitymobilehealth.com,medspa,"nad+, glutathione",7
"Rocky Top Vitality in Farragut, TN",rockytopvitality.com,,,,no_email,https://rockytopvitality.com/about,medspa,"nad+, glutathione",3
"Roots Recovery in Tampa, FL",rootsrecoverytampa.com,,,,unreachable,,,,
Rose Aesthetic Medicine,roseaestheticmedicine.com,,,,no_email,https://roseaestheticmedicine.com,vendor,,0
Royal Day Spa,royaldayspajackson.com,,,yes,no_email,https://royaldayspajackson.com,vendor,,0
Royale Aesthetic Medicine & Wellness,royaleaestheticmedicineandwellness.com,,,,unreachable,,,,
The Royal Luxe Escape Spa & Beauty LLC,royaltytreatment.as.me,,,,no_email,https://royaltytreatment.as.me,vendor,,0
"Royalty Wellness Spa in Memphis, TN",royaltywellnessspa.com,appointment@royaltywellnessspa.com,appointment@royaltywellnessspa.com,,no_peptides,https://royaltywellnessspa.com,medspa,,0
"Royâ Medspa: Aesthetics and Wellness in Rocky Hill, CT",royamedspa.com,,,,unreachable,,,,
"Kensho Wellbeing in Truckee, CA",rpmethod.com,,,yes,no_email,https://rpmethod.com,medspa,,0
"Reliant Specialty Infusion in Baton Rouge, LA",rsinfusion.com,,,,no_email,https://rsinfusion.com,medspa,,0
Runnels & North Plastic Surgery Center,runnelscenter.com,info@runnelscenter.com,info@runnelscenter.com; advice@runnelscenter.com,yes,no_peptides,https://runnelscenter.com,medspa,,0
Sabai Body Temple,sabaibodytemple.com,sabaibodytemple@gmail.com,sabaibodytemple@gmail.com,yes,no_peptides,https://sabaibodytemple.com,vendor,,0
Sakura Massage & Spa,sakuraspahonolulu.com,sakurafootmassagespa@gmail.com,sakurafootmassagespa@gmail.com,yes,no_peptides,https://sakuraspahonolulu.com,medspa,,0
Salon Spa W,salonspaw.com,info@salonspaw.com,joinus@salonspaw.com; info@salonspaw.com,yes,no_peptides,https://salonspaw.com,vendor,,0
Salt2o Float Spa,salt2ospa.com,,,yes,no_email,https://salt2ospa.com,vendor,,0
"Salt & Light Wellness Center of Cabot, LLC in Cabot, AR",saltandlightofcabot.com,saltandlightofcabot@gmail.com,saltandlightofcabot@gmail.com,yes,no_peptides,https://saltandlightofcabot.com,vendor,,0
"The DRIPBaR Dominion Creek in San Antonio, TX",san-antonio-dominion-creek.thedripbar.com,,,,no_email,,vendor,,0
Sana Spa,sanaspanm.com,,,yes,no_email,https://sanaspanm.com,medspa,"semaglutide, tirzepatide, nad+",4
Sanctuary Spa & Salon,sanctuaryspaandsalon.com,info@sanctuaryspaandsalon.com,info@sanctuaryspaandsalon.com,yes,no_peptides,https://sanctuaryspaandsalon.com,medspa,,0
Sango Aesthetics Med Spa,sangoaesthetics.com,,,,unreachable,,,,
Dr. Sarah Mess,sarahmessmd.com,,,yes,no_email,https://sarahmessmd.com,medspa,"semaglutide, tirzepatide",8
"Sasha's of Saratoga in Saratoga Springs, NY",sashasofsaratoga.com,,,yes,no_email,https://sashasofsaratoga.com,medspa,"nad+, glutathione",4
SAVU Pop-Up Sauna Lakeside,savu.cc,,,yes,no_email,https://savu.cc,vendor,,0
SB Mini Spa,sbminispa.com,,,yes,no_email,https://sbminispa.com,medspa,,0
The Schvitz Health Club,schvitzdetroit.com,info@schvitzdetroit.com,info@schvitzdetroit.com; reserve@schvitzdetroit.com,yes,no_peptides,https://schvitzdetroit.com,vendor,,0
SculptedMD,sculptedmd.com,,,,no_email,,vendor,,0
Sculpt Aesthetics & Wellness,sculptflowood.com,,,yes,no_email,https://sculptflowood.com,medspa,,1
SculptU Med Spa,sculptumedspa.com,,,,unreachable,,,,
Seattle Aesthetics,seattleaesthetics.com,,,,no_email,https://seattleaesthetics.com,medspa,,0
Seattle Beauty,seattlebeauty.org,,,,no_email,https://seattlebeauty.org,medspa,,0
Fixed on Beauty Med Spa,seibellamedspa.net,,,yes,no_email,https://seibellamedspa.net,medspa,"semaglutide, tirzepatide, retatrutide, bpc-157, tb-500, thymosin beta-4",32
Self Beauty,selfbeauty.org,selfbeauty.org@gmail.com,selfbeauty.org@gmail.com,yes,no_peptides,https://selfbeauty.org,medspa,,0
"SELFishly Aesthetics & Wellness in San Francisco, CA",selfishlyaesthetics.com,,,,no_email,https://selfishlyaesthetics.com,medspa,,1
Sensational Beauty by Sydney,sensationalbeauty.glossgenius.com,,,,no_email,https://sensationalbeauty.glossgenius.com,medspa,GLP-1 weight loss peptides,2
"Serene Aesthetics & Wellness MedSpa in Modesto, CA",sereneaestheticsandmedspa.com,serenemedspa4004@gmail.com,serenemedspa4004@gmail.com,yes,already known,https://sereneaestheticsandmedspa.com,medspa,semaglutide,7
Serenity Spa & Facials Omaha,serenityspausa.com,,,yes,no_email,https://serenityspausa.com,medspa,,0
"Serotonin Centers in Charleston, SC",serotonincenters.com,windermerefl@serotonincenters.com,windermerefl@serotonincenters.com; dpfl@serotonincenters.com; coltsnecknj@serotonincenters.com; wpfl@serotonincenters.com; greenhillstn@serotonincenters.com; springfieldmo@serotonincenters.com; charlestonsc@serotonincenters.com; charlestonscmp@serotonincenters.com,yes,no_peptides,https://serotonincenters.com,medspa,,0
Severn River Medspa,severnrivermedspa.com,,,yes,no_email,https://severnrivermedspa.com,medspa,,0
"SHarper Plastic Surgery, Spa + Salt Lounge",sharpersurgery.com,inquiries@sharpersurgery.com,inquiries@sharpersurgery.com,yes,no_peptides,https://sharpersurgery.com,medspa,,0
Shay Medical Aesthetics,shaymedspa.com,,,,no_email,,vendor,,0
Dr. Sheena Kong Med Spa,sheenakong.com,,,yes,no_email,https://sheenakong.com,medspa,GLP-1 weight loss peptides,2
ShiCares MedSpa,shicaresmedspa.com,,,,no_email,,vendor,,0
Silk & Stone Holistic Day Spa,silknstone.com,,,,unreachable,,,,
Silk Skin Laser Spa,silkskinlaserspa.com,,,yes,no_email,https://silkskinlaserspa.com,medspa,,0
"Silk Touch Cosmetic Surgery, Lipo, & Medspa",silktouchmedspa.com,,,yes,no_email,https://silktouchmedspa.com,medspa,semaglutide,5
"Silver Lining Clinic in Fayetteville, AR",silverliningclinic.com,,,yes,no_email,https://silverliningclinic.com,vendor,"tirzepatide, glutathione",2
The Salt Room Lake Country,simply-revived.com,,,yes,no_email,https://simply-revived.com,medspa,"nad+, glutathione",4
"Simply Hydrate IV in Sarasota, FL",simplyhydrateiv.com,,,,no_email,https://simplyhydrateiv.com,vendor,,0
Simply Skin Las Vegas,simplyskinlasvegas.com,info@simplyskinlasvegas.com,info@simplyskinlasvegas.com,yes,no_peptides,https://simplyskinlasvegas.com,vendor,,0
Simply Your Spa,simplyyourspa.com,,,,unreachable,,,,
"SIN Aesthetics in Salt Lake City, UT",sinaesthetics.com,contact@sinaesthetics.com,contact@sinaesthetics.com,,no_us_signal,https://sinaesthetics.com,medspa,nad+,3
Skin Mix,skin-mix.com,hello@skin-mix.com,hello@skin-mix.com,yes,no_peptides,https://skin-mix.com,medspa,,0
Dr. Michelle F. Henry,skinaestheticsurgery.com,,,yes,no_email,https://skinaestheticsurgery.com,medspa,,0
Skin Artisans at Edina Plastic Surgery,skinartisans.com,,,yes,no_email,https://skinartisans.com,medspa,"dsip, kpv",9
SkinCeuticals SkinLab Atlanta,skinatl.com,,,yes,no_email,https://skinatl.com,medspa,,0
Skin Beauty MedSpa Sunland Park,skinbeautymedspa.square.site,,,,unreachable,,,,
Skin Bliss Facials,skinblissvt.com,judy@skinblissvt.com,judy@skinblissvt.com,yes,no_peptides,https://skinblissvt.com,medspa,,0
Skin by Lovely,skinbylovely.com,,,yes,no_email,https://skinbylovely.com,medspa,,1
Dynamic 3 Med Spa,skincareclinicatlanta.com,,,yes,no_email,https://skincareclinicatlanta.com,medspa,,1
Skincare Wellness Spa,skincarewellnesspa.com,,,,no_email,https://skincarewellnesspa.com,vendor,,0
Skin! Medical Aesthetics,skindenver.co,contact@skindenver.co,appointments@skindenver.co; contact@skindenver.co,yes,no_peptides,https://skindenver.co,medspa,,0
Skinfinity Spa,skinfinity-spa.com,support@skinfinity-spa.com,support@skinfinity-spa.com,yes,no_peptides,https://skinfinity-spa.com,medspa,,0
SkinHealth Centers Med Spa Boston,skinhealthcenters.com,,,yes,no_email,https://skinhealthcenters.com,medspa,semaglutide,2
Skin IQ,skiniqmedspa.com,,,,no_email,https://skiniqmedspa.com,medspa,,0
Skin Is In Studios,skinisinstudios.com,skinisinstudios@gmail.com,skinisinstudios@gmail.com,yes,no_peptides,https://skinisinstudios.com,medspa,,0
SkinCeuticals SkinLab Charleston,skinlabchs.com,,,yes,no_email,https://skinlabchs.com,medspa,,0
SkinMD Boston,skinmd1.com,,,yes,no_email,https://skinmd1.com,medspa,"nad+, sermorelin, glutathione",10
Skinsanity,skinsanityco.com,hello@skinsanityco.com,hello@skinsanityco.com,yes,no_peptides,https://skinsanityco.com,medspa,,0
Skin Shaman,skinshamanstudio.com,info@skinshamanstudio.com,info@skinshamanstudio.com,yes,no_peptides,https://skinshamanstudio.com,vendor,,0
Su Sun Hwa Massage,skinsolutionsvt.com,,,yes,no_email,https://skinsolutionsvt.com,vendor,,0
Skintonomy Medical Spa,skintonomymed.com,info@skintonomymed.com,info@skintonomymed.com; business@skintonomymed.com,yes,no_peptides,https://skintonomymed.com,medspa,,0
Skyn Rx,skynrxva.com,,,yes,no_email,https://skynrxva.com,vendor,,0
Salt Lake City Botox and Fillers,slcbotoxandfillers.com,contact@slcbotoxandfillers.com,contact@slcbotoxandfillers.com,yes,no_peptides,https://slcbotoxandfillers.com,medspa,,0
Draper Aesthetics,slcmedspa.com,,,yes,no_email,https://slcmedspa.com,medspa,tirzepatide,3
"Show Me Care Infusion Therapy in St. Louis, MO",smcinfusiontherapy.com,,,yes,no_email,https://smcinfusiontherapy.com,medspa,,0
"Revival Beauty & Wellness in Red Lion, PA",smprevival.com,,,yes,no_email,https://smprevival.com,medspa,GLP-1 weight loss peptides,4
Wellness And Nutrition Center,snatcheddoll.com,,,,no_email,https://snatcheddoll.com/services,medspa,"semaglutide, tirzepatide",3
S&J Esthetique Medical Spa,snjesthetique.com,,,,no_email,https://snjesthetique.com,medspa,,0
Gameday Men's Health San Dimas,socalcryowellness.com,admin@socalcryowellness.com,admin@socalcryowellness.com,yes,no_peptides,https://socalcryowellness.com,medspa,,0
SOesthetic Med Spa,soestheticmedspa.com,,,yes,no_email,https://soestheticmedspa.com,medspa,,0
Sojourn Spa,sojournspakc.com,hello@sojournspakc.com,hello@sojournspakc.com; feedback@sojournspakc.com; careers@sojournspakc.com,yes,no_peptides,https://sojournspakc.com,medspa,,0
Solasta Spa,solastaspa.com,connect@solastaspa.com,connect@solastaspa.com,yes,no_peptides,https://solastaspa.com,vendor,,0
SOMA Massage and Wellness,somamassageandwellness.com,,,,no_email,https://somamassageandwellness.com,vendor,,0
"SonAura Aesthetics & Infusions in Tucson, AZ",sonauratucson.com,,,yes,no_email,https://sonauratucson.com,medspa,glutathione,2
Soulshine Aesthetics,soulshineaesthetics.com,,,,no_email,,vendor,,0
Augusta Anti-Aging Medicine,southernvanity.us,,,,unreachable,,,,
The Spa bar,spa-bar.com,,,yes,no_email,https://spa-bar.com/about,medspa,,0
SpaVermont,spa-vt.com,,,yes,no_email,https://spa-vt.com,medspa,,0
The Spa & Laser Center LLC,spaandlasercenter.com,,,,no_email,,vendor,,0
Spa Azure Downtown Charleston,spaazure.com,,,,no_email,https://spaazure.com,medspa,,0
Spa De La Peau,spadelapeau.com,hello@spadelapeau.com,hello@spadelapeau.com,yes,no_peptides,https://spadelapeau.com,medspa,,0
Spa Medique,spamedique.com,www.spamedique@gmail.com,www.spamedique@gmail.com; nspamedique@gmail.com,,no_peptides,https://spamedique.com,vendor,,0
Spa Roma,sparoma.com,,,,no_email,,vendor,,0
"Springfield Wellness Center in Hammond, LA",springfieldwellnesscenter.com,,,,no_email,,vendor,,0
"SR Aesthetics, LLC",sraestheticsllc.com,info@sraestheticsllc.com,info@sraestheticsllc.com,yes,no_peptides,https://sraestheticsllc.com,medspa,,0
Sano Integrative Wellness,srlhaddonfield.com,infosportsrecoverylab@gmail.com,infosportsrecoverylab@gmail.com,yes,no_peptides,https://srlhaddonfield.com,medspa,,0
"Sculpted by WH Aesthetics in Columbia, SC",stay-sculpted.com,sculptedbywh@gmail.com,sculptedbywh@gmail.com,yes,already known,https://stay-sculpted.com,medspa,nad+,2
Flawless Med Spa & Wellness,stayflawless.com,,,yes,no_email,https://stayflawless.com,medspa,,0
STILO Holistic Hair/Head Spa/Wellness,stilosalonlittlerock.com,info@stilosalonlittlerock.com,info@stilosalonlittlerock.com,yes,no_peptides,https://stilosalonlittlerock.com,vendor,,0
Clinique Esthetique,stoneoakskincare.com,,,,unreachable,,,,
Summerville Medical Spa,summervillemedicalspa.com,,,yes,no_email,https://summervillemedicalspa.com,medspa,,0
"Summit IV Therapy in Logan, UT",summitiv.com,,,,no_email,https://summitiv.com,medspa,,1
Sundara Skincare,sundaraskincarevt.glossgenius.com,sundaraskincarevt@gmail.com,sundaraskincarevt@gmail.com,yes,no_peptides,https://sundaraskincarevt.glossgenius.com,vendor,,0
"Tap Hydration in Council Bluffs, IA",taphydration.com,,,yes,no_email,https://taphydration.com,medspa,semaglutide,3
The Aesthetics Place MedSpa,tapmedspa.com,,,,no_email,https://tapmedspa.com,medspa,,0
Dallas Aesthetic Studio,tericawright.glossgenius.com,,,,no_email,https://tericawright.glossgenius.com,medspa,GLP-1 weight loss peptides,2
Thai Royal Massage Spa chandler,thairoyalmassageaz.com,,,yes,no_email,https://thairoyalmassageaz.com,medspa,,0
Thaxton Plastic Surgery,thaxtonplasticsurgery.com,info@thaxtonplasticsurgery.com,drrebecca@thaxtonplasticsurgery.com; info@thaxtonplasticsurgery.com,yes,no_peptides,https://thaxtonplasticsurgery.com,medspa,,0
The Healing Hub,the-healing-hub-llc.square.site,,,,unreachable,,,,
Malama,the-malama-collective.com,info@the-malama-collective.com,info@the-malama-collective.com,,no_peptides,https://the-malama-collective.com,medspa,,0
The Aesthetic Experience,theaestheticexperience.com,,,,no_email,,vendor,,0
The Ageless Center,theagelesscenter.com,,,yes,no_email,https://theagelesscenter.com,medspa,,0
The Back Porch Day Spa,thebackporchdayspa.com,info@thebackporchdayspa.com,anapbm@gmail.com; info@thebackporchdayspa.com,yes,no_peptides,https://thebackporchdayspa.com,vendor,,0
Main Line Float and Freeze,thebalancedwoman.com,,,yes,no_email,https://thebalancedwoman.com,medspa,,1
The Beauty Elite,thebeautyelpasotx.com,,,,unreachable,,,,
Bella MedSpa Institute,thebellamedspa.com,,,yes,no_email,https://thebellamedspa.com,medspa,GLP-1 weight loss peptides,2
Boutique Med Spa,theboutiquemedspa.com,theboutiquemedspa@gmail.com,theboutiquemedspa@gmail.com,yes,no_peptides,https://theboutiquemedspa.com,medspa,,0
Powerhouse Men's Clinic LLC,thecovery.com,,,,no_email,https://thecovery.com,medspa,"semaglutide, tirzepatide",13
DeluxeBar Medical Aesthetics,thedeluxebar.com,,,,no_email,,vendor,,0
SOAK Spa at The Detroit Club,thedetroitclub.com,,,yes,no_email,https://thedetroitclub.com,vendor,,0
"NIVA Health Troy in Troy, MI",thedhealth.com,,,,unreachable,,,,
The Dragontree Holistic Day Spa,thedragontree.com,info@thedragontree.com,info@thedragontree.com; phil@thedragontree.com,yes,no_peptides,https://thedragontree.com,vendor,,0
The DRIPBaR,thedripbar.com,,,,no_email,,vendor,,0
The Drip Lounge,thedriplounge.com,,,yes,no_email,https://thedriplounge.com,medspa,nad+,5
VIO Med Spa,thefloatplace.com,,,yes,no_email,https://thefloatplace.com,vendor,,0
The Glow Studio,theglowstudiowv.com,,,yes,no_email,https://theglowstudiowv.com/contact-us/,vendor,,0
The Glow Up,theglowupmpls.com,info@theglowupmpls.com,info@theglowupmpls.com,yes,no_peptides,https://theglowupmpls.com,medspa,,0
Synergy Spa of The Guyer Institute,theguyerinstitute.com,,,,no_email,https://theguyerinstitute.com,vendor,,0
"The Healer's Touch, LLC",thehealerstouch.org,monique@thehealerstouch.org,monique@thehealerstouch.org,,no_peptides,https://thehealerstouch.org,vendor,,0
The Hive Medspa,thehivemedspa.com,,,yes,no_email,https://thehivemedspa.com,medspa,GLP-1 weight loss peptides,2
The Longevity Suite,thelongevitysuite.com.tr,,,,no_email,https://thelongevitysuite.com.tr,medspa,,1
Louisville Aesthetics,thelouisvilleaesthetics.com,,,yes,no_email,https://thelouisvilleaesthetics.com,medspa,"nad+, glutathione",7
The Medical Spa,themedicalspa.com,,,,no_email,,vendor,,0
Mosaic Luxury Medical Spa,themosaicspa.com,info@themosaicspa.com,info@themosaicspa.com,yes,no_peptides,https://themosaicspa.com,medspa,,0
Nectar Nest,thenectarnest.com,,,,unreachable,,,,
The NOW Massage Downtown New Orleans,thenowmassage.com,info@thenowmassage.com,downtowncary@thenowmassage.com; westlakevillage@thenowmassage.com; lascolinas@thenowmassage.com; mckinney@thenowmassage.com; ranchosantamargarita@thenowmassage.com; rino@thenowmassage.com; planowest@thenowmassage.com; montclair@thenowmassage.com,,no_peptides,https://thenowmassage.com,vendor,,0
The Pout Medical Aesthetics,thepoutmedicalaesthetics.com,thepoutmedicalaesthetics@gmail.com,thepoutmedicalaesthetics@gmail.com,yes,no_peptides,https://thepoutmedicalaesthetics.com,medspa,,0
"prosperIV Rye Brook in Rye Brook, NY",theprosperiv.com,,,,no_email,https://theprosperiv.com,medspa,,1
The Pushy Goat Holistic & Therapeutic Massage,thepushygoat.com,spa@thepushygoat.com,spa@thepushygoat.com; thepushygoat@icloud.com,yes,no_peptides,https://thepushygoat.com,vendor,,0
Therapeutic Touch Massage and spa,therapeutictouchri.com,,,,no_email,https://therapeutictouchri.com,vendor,,0
The Remedy Day Spa,theremedydayspa.com,info@theremedydayspa.com,netherlandsmark@proton.me; info@theremedydayspa.com,yes,no_peptides,https://theremedydayspa.com,vendor,,0
The Skin Center,theskincentermd.com,,,yes,no_email,https://theskincentermd.com,medspa,,1
The Skin Retreat and Shewmake Plastic Surgery,theskinretreat.com,,,yes,no_email,https://theskinretreat.com,medspa,,1
The Skin Sage Spa,theskinsagespa.com,theskinsagespa@gmail.com,theskinsagespa@gmail.com,yes,no_peptides,https://theskinsagespa.com,medspa,,0
The Skin Suite,theskinsuiteky.com,,,yes,no_email,https://theskinsuiteky.com,medspa,nad+,1
The SKN Lab,thesknlabindy.com,,,,unreachable,,,,
The Spa at MPS,thespaatmps.com,,,yes,no_email,https://thespaatmps.com,medspa,,0
The Spa of Charleston,thespaofcharleston.com,bookme@thespaofcharleston.com,bookme@thespaofcharleston.com; thespaofcharleston@gmail.com; christopher@thespaofcharleston.com; ccpa@thespaofcharleston.com,yes,no_peptides,https://thespaofcharleston.com,medspa,,0
The Spa on Phillips,thespaonphillips.com,info@thespaonphillips.com,info@thespaonphillips.com,yes,no_peptides,https://thespaonphillips.com,vendor,,0
"Plastic Surgeon Baltimore, MD: Dr. Alyson Wells",thevalleyplasticsurgery.com,,,yes,no_email,https://thevalleyplasticsurgery.com,medspa,GLP-1 weight loss peptides,2
The Wax Altar Esthetics- Brazilian Wax,thewaxaltaresthetics.glossgenius.com,thewaxaltaresthetics77@gmail.com,thewaxaltaresthetics77@gmail.com,yes,no_peptides,https://thewaxaltaresthetics.glossgenius.com,vendor,,0
The Wit Aesthetics + Wellness,thewitwell.com,,,,no_email,,vendor,,0
The Zen Lounge,thezenloungenh.abmp.com,,,yes,no_email,https://thezenloungenh.abmp.com,vendor,,0
The House of Wellness Med Spa,thowmedspa.org,,,,no_email,https://thowmedspa.org,medspa,,0
Bloom Wellness Spa,threadingservicesboise.com,,,yes,no_email,https://threadingservicesboise.com,vendor,,0
"Glow Medical Aesthetics, Weight Loss, Wellness & Primary Care Knoxv...",thrivingnewyou.com,,,,no_email,https://thrivingnewyou.com,medspa,,0
REGENACHE,tifaar.com,,,,no_email,,vendor,,0
Timeless Youth MD,timelessyouthmd.com,info@timelessyouthmd.com,info@timelessyouthmd.com,yes,no_peptides,https://timelessyouthmd.com,medspa,,0
Totality Medispa,totalitymed.com,,,,no_email,https://totalitymed.com,medspa,,0
Glo Cryotherapy,tranquilitybar.com,info@tranquilitybar.com,info@tranquilitybar.com,yes,no_peptides,https://tranquilitybar.com,medspa,,0
Tranquil Traditions Wellness Spa,tranquiltraditions.com,info@tranquiltraditions.com,info@tranquiltraditions.com,yes,no_peptides,https://tranquiltraditions.com,medspa,,0
Tranquil Spa & Wellness,tranquilwellnessjax.com,info@tranquilwellnessjax.com,info@tranquilwellnessjax.com,yes,no_peptides,https://tranquilwellnessjax.com,vendor,,0
Tranquility Mind & Body Wellness Spa,tranquilwellnessspa.com,info@tranquilwellnessspa.com,info@tranquilwellnessspa.com,yes,no_peptides,https://tranquilwellnessspa.com,medspa,,0
Transcendence Massage,transcendencemassagellc.com,,,yes,no_email,https://transcendencemassagellc.com,vendor,,0
Transformations Aesthetics & Wellness,transformations.vip,,,yes,no_email,https://transformations.vip,medspa,GLP-1 weight loss peptides,4
Transformations Weight Loss & Skin Clinic,transformationsweightloss.net,impallari@gmail.com,impallari@gmail.com,yes,already known,https://transformationsweightloss.net,medspa,"semaglutide, tirzepatide, sermorelin",8
Tres Jolie Medical Spa and Wellness Center,tresjoliemedicalspa.com,frontdesk@tresjoliemedicalspa.com,frontdesk@tresjoliemedicalspa.com,yes,no_peptides,https://tresjoliemedicalspa.com,medspa,,0
True Health NC Brett Morgan DC,truerest.com,,,,no_email,https://truerest.com,vendor,,0
Truffles Aesthetics,trufflesaesthetics.com,,,yes,no_email,https://trufflesaesthetics.com,medspa,"semaglutide, tirzepatide",6
Tula,twincitiesderm.com,,,yes,no_email,https://twincitiesderm.com,medspa,,0
Berkeley Body Sculpting,twinriversivgoldsboro.com,,,,no_email,,vendor,,0
Ultimate You MedSpa Boise,ultimateyoumedspa.com,,,yes,no_email,https://ultimateyoumedspa.com,medspa,,0
Balanced Health With Mel Functional Wellness,ultracryorecovery.com,ultracryorecovery@gmail.com,ultracryorecovery@gmail.com,yes,already known,https://ultracryorecovery.com,medspa,sermorelin,3
Unicorn Medical Weight Loss & Medi Spa,unicornmedispa.com,,,yes,no_email,https://unicornmedispa.com,medspa,semaglutide,7
,untouched medi spa|untouchedmedispa.com,,,,unreachable,,,,
Urbaine Oasis Spa Boutique,urbaineoasisspa.com,,,,no_email,https://urbaineoasisspa.com,vendor,,0
Odom Health & Wellness,valeowc.com,,,,no_email,,vendor,,0
Salt Spa & Wellness Center,vbsaltspa.com,,,yes,no_email,https://vbsaltspa.com/contact,medspa,nad+,2
Vermont Facial Aesthetics- Vermont,vermontfacialaesthetics.com,dr.carol@vermontfacialaesthetics.com,dr.carol@vermontfacialaesthetics.com,yes,no_peptides,https://vermontfacialaesthetics.com/pages/contact,medspa,,0
Vesper,vesperchi.com,,,yes,no_email,https://vesperchi.com,medspa,GLP-1 weight loss peptides,2
Victory Medical Spa,victorymedspa.com,victorymedspa@gmail.com,victorymedspa@gmail.com,yes,no_peptides,https://victorymedspa.com,medspa,,0
Vida Wellness,vidavt.com,info@vidavt.com,vidawellnessvt@gmail.com; info@vidavt.com,yes,no_peptides,https://vidavt.com,medspa,,0
"Villa Med Lounge in Edinburg, TX",villamedlounge.com,villamedlounge@gmail.com,villamedlounge@gmail.com,,no_peptides,https://villamedlounge.com,vendor,,0
The DRIPBaR,virginia-beach-landstown-commons.thedripbar.com,,,,no_email,,vendor,,0
Medi Spa at Virginia Mason,virginiamason.org,,,yes,no_email,https://virginiamason.org,medspa,,0
Elevate MedSpa,visitelevatemedspa.com,,,yes,no_email,https://visitelevatemedspa.com,medspa,,0
"iCRYO Canton, OH",vitalbalance10.com,,,yes,no_email,https://vitalbalance10.com,medspa,glutathione,4
Vitalify MedSpa,vitalifymedspa.com,,,,no_email,,vendor,,0
Vitality Face and Body,vitalityfaceandbody.com,,,yes,no_email,https://vitalityfaceandbody.com,vendor,,0
Renew Vitality Testosterone Clinic,vitalityhrt.com,,,,no_email,,vendor,,0
Vitality PDX,vitalitypdx.com,,,,no_email,https://vitalitypdx.com,medspa,,0
Vivida Dermatology,vivida.com,info@vivida.com,info@vivida.com,yes,no_peptides,https://vivida.com,medspa,,0
VociMedSpa,vocimedspa.com,info@vocimedspa.com,info@vocimedspa.com; appointments@vocimedspa.com,yes,no_peptides,https://vocimedspa.com,medspa,,0
be. Skin Clinic,vtskinclinic.com,vtskinclinic@gmail.com,vtskinclinic@gmail.com,yes,no_peptides,https://vtskinclinic.com,medspa,,0
Waikiki Wind Spa Massage,waikikiwindspa.com,,,,unreachable,,,,
Washington Baths,washingtonbaths.com,info@washingtonbaths.com,info@washingtonbaths.com,yes,no_peptides,https://washingtonbaths.com,vendor,,0
The Wellness Collective,wellnesscollectivesd.com,info@wellnesscollectivesd.com,info@wellnesscollectivesd.com,yes,no_peptides,https://wellnesscollectivesd.com,medspa,,0
Wellness Massage Spa,wellnessmassagespanola.com,wellnessmassagespa2018@gmail.com,wellnessmassagespa2018@gmail.com,yes,no_peptides,https://wellnessmassagespanola.com,vendor,,0
Wellness Massage V-Spa,wellnessmassagevspa.square.site,,,,no_email,,vendor,,0
Gangnam Medical Spa,westcountymedspa.com,,,,no_email,,vendor,,0
The Spa at WDC,westerndermatology.com,,,yes,no_email,https://westerndermatology.com,medspa,,0
White Coat Aesthetics,whitecoataesthetics.com,info@whitecoataesthetics.com,info@whitecoataesthetics.com,yes,no_peptides,https://whitecoataesthetics.com,medspa,,0
Quantum Brain Health-Farmington,wholehealthllc.com,frontdesk@wholehealthllc.com,frontdesk@wholehealthllc.com,yes,no_peptides,https://wholehealthllc.com,medspa,,0
Willis Day Spa,willisdayspa.com,,,yes,no_email,https://willisdayspa.com,medspa,,0
Willow Creek Nails by JC,willowcreekdayspa.com,,,,no_email,,vendor,,0
Rejuvv' Med Spa,winfieldwaxspa.com,irene@winfieldwaxspa.com,irene@winfieldwaxspa.com,yes,no_peptides,https://winfieldwaxspa.com,vendor,,0
Winked Medspa,winkedmedspa.com,,,,unreachable,,,,
Wi Spa,wispausa.com,info@wispausa.com,info@wispausa.com,yes,no_peptides,https://wispausa.com,vendor,,0
"Dr. Joseph M. Knapp, DO",womenswellnessde.com,,,yes,no_email,https://womenswellnessde.com,medspa,GLP-1 weight loss peptides,4
Wrinkleboss,wrinkleboss.co,,,yes,no_email,https://wrinkleboss.co,medspa,,0
"Wynot Beauty Studio-Cheyenne,WY",wynotbeautystudio.glossgenius.com,frenchparks@gmail.com,frenchparks@gmail.com,yes,no_peptides,https://wynotbeautystudio.glossgenius.com,vendor,,0
Wyoming Wellness Center,wyomingwc.com,info@wyomingwc.com,info@wyomingwc.com,yes,no_peptides,https://wyomingwc.com,medspa,,0
MY Health Care & Aesthetics,yang-wellness.com,myhealthbeauty@yang-wellness.com,myhealthbeauty@yang-wellness.com,yes,no_peptides,https://yang-wellness.com,medspa,,0
"MD Health Spa in Naples, FL",ymdhealthspa.com,info@ymdhealthspa.com,info@ymdhealthspa.com,yes,no_peptides,https://ymdhealthspa.com,medspa,,0
Yellowstone Naturopathic Clinic,yncnaturally.com,,,,no_email,,vendor,,0
Collins Vitality Spa,yourebeautifulaesthetics.com,,,yes,no_email,https://yourebeautifulaesthetics.com,medspa,GLP-1 weight loss peptides,8
Your Honest Glow Spa,yourhonestglow.com,,,,no_email,https://yourhonestglow.com,medspa,,0
Your Laser Skin Care,yourlaserskincare.com,info@yourlaserskincare.com,info@yourlaserskincare.com,yes,no_peptides,https://yourlaserskincare.com,medspa,,0
The Sanctuary,youthfulyoubykathy.com,,,yes,no_email,https://youthfulyoubykathy.com,medspa,,0
ZagOn Beauty Holistic Spa & palm to sun permanent jewelry,zagonbeauty.com,zagonbeauty@gmail.com,zagonbeauty@gmail.com,yes,no_peptides,https://zagonbeauty.com,vendor,,0
Zina's Day Spa & Wellness,zinasdayspa.com,info@zinasdayspa.com,info@zinasdayspa.com,yes,no_peptides,https://zinasdayspa.com,vendor,,0
Zinnia Ageless Beauty,zinniaagelessbeauty.com,,,,unreachable,,,,
Melloy Concierge and Aesthetics,zivel.com,contact@zivel.com,zivelbriargate@gmail.com; coralgables@zivel.com; coolsprings@zivel.com; highlandsranch@zivel.com; palmcoast@zivel.com; contact@zivel.com,,no_peptides,https://zivel.com,medspa,,0
