vendor,domain,email,all_emails,us_signal,status,evidence_url,audience,peptides,peptide_hits
Abloom Med Spa,abloommedicalspa.com,abloommedspa.marketing@gmail.com,abloommedspa.marketing@gmail.com,yes,ok,https://abloommedicalspa.com,medspa,,1
Advanced Skin Shop,advancedskinshop.com,roman.choknadiy@gmail.com,roman.choknadiy@gmail.com,yes,ok,https://advancedskinshop.com,medspa,"semaglutide, tirzepatide",2
Advanced Care & Medspa,advcaremedspa.net,info@advcaremedspa.net,info@advcaremedspa.net,yes,ok,https://advcaremedspa.net,medspa,GLP-1 weight loss peptides,3
Protege Agewell Spa,aestheticbeautybyserena.com,aestheticbeautybyserena@gmail.com,aestheticbeautybyserena@gmail.com,yes,ok,https://aestheticbeautybyserena.com,medspa,GLP-1 weight loss peptides,2
Aesthetic Beauty RI,aestheticbeautyri.com,aestheticbeautyri@gmail.com,aestheticbeautyri@gmail.com,yes,ok,https://aestheticbeautyri.com,medspa,,1
Aging with Grace,agingwith-grace.com,amy@agingwith-grace.com,agingwith-grace@outlook.com; amy@agingwith-grace.com,yes,ok,https://agingwith-grace.com,medspa,semaglutide,2
Allante Life Med Spa,allantelife.com,info@allantelife.com,info@allantelife.com,yes,ok,https://allantelife.com,medspa,nad+,4
Amber Laine Med Spa + Salon,amberlainemedspa.com,racheltosie@yahoo.com,racheltosie@yahoo.com,yes,ok,https://amberlainemedspa.com,medspa,semaglutide,5
Amenities Wellness,amenitieswellnessspa.com,contact@amenitieswellnessspa.com,contact@amenitieswellnessspa.com,yes,ok,https://amenitieswellnessspa.com,medspa,GLP-1 weight loss peptides,3
"Artavi Med Spa- Dr. Tarina Desai, MD",artavimedspa.com,info@artavimedspa.com,info@artavimedspa.com,yes,ok,https://artavimedspa.com,medspa,,1
"AW Plastic Surgery: Anthony J. Wilson, MD",awplasticsurgery.com,info@awplasticsurgery.com,info@awplasticsurgery.com,yes,ok,https://awplasticsurgery.com,medspa,,1
Ballard Wellness & Aesthetics,ballard-wellness.com,amber@ballard-wellness.com,amber@ballard-wellness.com,yes,ok,https://ballard-wellness.com,medspa,GLP-1 weight loss peptides,4
Bare Skin Medical Spa,bareskinmedspa.com,office@bareskinmedspa.com,office@bareskinmedspa.com,yes,ok,https://bareskinmedspa.com,medspa,"semaglutide, tirzepatide",5
"Beauty By Reanne, PA-C BBR MED SPA",bbrmed.com,frontdesk@bbrmed.com,frontdesk@bbrmed.com,yes,ok,https://bbrmed.com,medspa,glutathione,1
Belaé Aesthetics,belaeaesthetics.com,belaemedspa@gmail.com,belaemedspa@gmail.com,yes,ok,https://belaeaesthetics.com,medspa,,1
Belle Vie Beauty + Wellness,belleviebw.com,misty@bellevie-bw.com,misty@bellevie-bw.com,yes,ok,https://belleviebw.com,medspa,,2
Bellissima Medical Spa,bellissimamedspa.com,victoria@bellissimamedspa.com,victoria@bellissimamedspa.com,yes,ok,https://bellissimamedspa.com,medspa,,1
Benway Beauty,benwaybeauty.com,info@benwaybeauty.com,info@benwaybeauty.com,yes,ok,https://benwaybeauty.com,medspa,GLP-1 weight loss peptides,4
Prime MedSpa PDX,bioloungepdx.com,info@bioloungepdx.com,info@bioloungepdx.com,yes,ok,https://bioloungepdx.com,medspa,,3
Bloom Med-Aesthetics Studio,bloommedaestheticsstudio.glossgenius.com,janniesuratos@gmail.com,janniesuratos@gmail.com,yes,ok,https://bloommedaestheticsstudio.glossgenius.com,medspa,,1
Thrive365 Wellness,bodybalancehw.com,info@bodybalancehw.com,info@bodybalancehw.com,yes,ok,https://bodybalancehw.com,medspa,"semaglutide, tirzepatide, nad+, glutathione",11
Body Beautiful NM,bodybeautifulnm.com,bodybeautifulnm@gmail.com,bodybeautifulnm@gmail.com,yes,ok,https://bodybeautifulnm.com,medspa,"semaglutide, tirzepatide",5
BodyLogicMD of Sacramento,bodylogicmd.fit,wellness@bodylogicmd.com,wellness@bodylogicmd.com,yes,ok,https://bodylogicmd.fit,vendor,,1
Brunswick Medical Aesthetics,brunswickmedicalaesthetics.com,info@brunswickmedicalaesthetics.com,info@brunswickmedicalaesthetics.com,yes,ok,https://brunswickmedicalaesthetics.com,medspa,,2
"Buffy's Wellness & Revitalization Clinic, LLC",buffyswellness.com,buffyswellness@gmail.com,buffyswellness@gmail.com,yes,ok,https://buffyswellness.com,medspa,nad+,3
CARE Plastic Surgery,careplasticsurgery.com,info@careplasticsurgery.com,drcoan@careplasticsurgery.com; info@careplasticsurgery.com,yes,ok,https://careplasticsurgery.com,medspa,semaglutide,3
Charleston Hormone Services (CHS),chshormone.com,patients@chshormone.com,patients@chshormone.com,yes,ok,https://chshormone.com,medspa,,2
Cryo Beauty Queen,cryobeautyqueen.com,roman.choknadiy@gmail.com,roman.choknadiy@gmail.com,yes,ok,https://cryobeautyqueen.com,medspa,"semaglutide, tirzepatide",2
Dixi's MediSpa,dixismedispa.com,dixismedispa@gmail.com,dixismedispa@gmail.com,yes,ok,https://dixismedispa.com,medspa,"semaglutide, tirzepatide",5
PerfectPoutAesthetics,doshabalanced.com,info@doshabalanced.com,info@doshabalanced.com,yes,ok,https://doshabalanced.com,medspa,,3
"Dr. Anna G, MD Aesthetics",drannagaesthetics.com,info@drannagaesthetics.com,info@drannagaesthetics.com,yes,ok,https://drannagaesthetics.com,medspa,GLP-1 weight loss peptides,2
Drips on the Glow Med Spa & Mobile IV,dripsontheglow.com,info@dripsontheglow.com,dianehazimi@yahoo.com; info@dripsontheglow.com,yes,ok,https://dripsontheglow.com,medspa,"semaglutide, tirzepatide",5
Zen Spa,elevatedhealthllc.com,elevatedhealth820@gmail.com,elevatedhealth820@gmail.com,yes,ok,https://elevatedhealthllc.com,medspa,tirzepatide,6
Elevate Arts of Wellness Massage,elevatemindbodypeace.com,elevatemindbodypeace@gmail.com,elevatemindbodypeace@gmail.com,yes,ok,https://elevatemindbodypeace.com,medspa,GLP-1 weight loss peptides,2
The Salt Retreat,elisummedspa.com,info@elisummedspa.com,info@elisummedspa.com,yes,ok,https://elisummedspa.com,medspa,"semaglutide, tirzepatide",6
Elita Medical Spa,elitamedspa.com,contact@elitamedspa.com,contact@elitamedspa.com,yes,ok,https://elitamedspa.com,medspa,GLP-1 weight loss peptides,2
Elivate Med Spa and Wellness,elivatemedspa.com,info@elivatemedspa.com,info@elivatemedspa.com,yes,ok,https://elivatemedspa.com,medspa,,3
Emagine Med Spa,emagine-medspa.com,info@emaginemedspa.com,info@emaginemedspa.com,yes,ok,https://emagine-medspa.com,medspa,GLP-1 weight loss peptides,2
Empowered Health and Aesthetics,empoweredhealthaesthetics.com,empoweredhealthandaesthetics@gmail.com,empoweredhealthandaesthetics@gmail.com,yes,ok,https://empoweredhealthaesthetics.com,medspa,,1
Engineered Aesthetics Medical Spa,engineeredaesthetics.com,info@engineeredaesthetics.com,info@engineeredaesthetics.com,yes,ok,https://engineeredaesthetics.com,medspa,,1
Essence Aesthetics and Health,essence.health,hello@essence.health,hello@essence.health,yes,ok,https://essence.health,medspa,,2
"Essential Health, LLC",essentialhealthllc.com,info@essentialhealthllc.co,info@essentialhealthllc.co; info@essentialhealthllc.com,yes,ok,https://essentialhealthllc.com,medspa,"nad+, glutathione",3
Estetica Medical Aesthetics,esteticama.com,contact@esteticama.com,contact@esteticama.com,yes,ok,https://esteticama.com,medspa,"semaglutide, tirzepatide, nad+",6
Bloom Blue Aesthetics,ethos-medspa.com,ethosmedicalspa@gmail.com,ethosmedicalspa@gmail.com,yes,ok,https://ethos-medspa.com,medspa,GLP-1 weight loss peptides,4
EvenFlow Aesthetics,evenflowaesthetics.com,info@evenflowaesthetics.com,info@evenflowaesthetics.com,yes,ok,https://evenflowaesthetics.com,medspa,semaglutide,4
Everything Aesthetics Med Spa,everythingaestheticsmedspa.com,everythingaesthetics.info@gmail.com,everythingaesthetics.info@gmail.com,yes,ok,https://everythingaestheticsmedspa.com,medspa,semaglutide,5
Exquisite MD Spa,exquisitemdspa.com,spainfo@exquisitemdspa.com,spainfo@exquisitemdspa.com,yes,ok,https://exquisitemdspa.com,medspa,,2
Genesis Wellness Spa,genesis-ws.com,info@genesis-ws.com,info@genesis-ws.com,yes,ok,https://genesis-ws.com,medspa,"semaglutide, nad+",6
Genesis Skin Rejuvenation,genesisskinrejuvenation.com,sandy@genesisskinrejuvenation.com,sandy@genesisskinrejuvenation.com,yes,ok,https://genesisskinrejuvenation.com,medspa,nad+,2
"Renew Integrative Wellness, PLLC",getupandglomedspa.com,questionsatgetupandglomedspa@gmail.com,questionsatgetupandglomedspa@gmail.com,yes,ok,https://getupandglomedspa.com,medspa,,1
Glenwood Medi Spa,glenwoodmedispaandwellness.com,theresa5535@yahoo.com,theresa5535@yahoo.com,yes,ok,https://glenwoodmedispaandwellness.com,medspa,"nad+, glutathione",4
Exalted Beauty Med Spa,globalmedical.clinic,arevalomonica1518@gmail.com,arevalomonica1518@gmail.com,yes,ok,https://globalmedical.clinic,medspa,glutathione,4
Graceful Glow,gracefulglowmaine.com,gracefulglowmaine@gmail.com,gracefulglowmaine@gmail.com,yes,ok,https://gracefulglowmaine.com,medspa,,1
Head & Heart Health and Wellness,headandhearthealth.com,headandheartks@gmail.com,headandheartks@gmail.com,yes,ok,https://headandhearthealth.com,medspa,GLP-1 weight loss peptides,5
Longevity Health & Performance,healioslasertherapy.com,info@healioslasertherapy.com,info@healioslasertherapy.com,yes,ok,https://healioslasertherapy.com,medspa,,1
Healthy Longevity Clinic,healthylongevity.clinic,boca@healthylongevity.clinic,boca@healthylongevity.clinic; miami@healthylongevity.clinic; prague@healthylongevity.clinic,yes,ok,https://healthylongevity.clinic,medspa,,4
House of Health,houseofhealthusa.com,info@houseofhealthusa.com,info@houseofhealthusa.com; indy@houseofhealthusa.com,yes,ok,https://houseofhealthusa.com,medspa,,1
Hyde Park Wellness,hydeparkwell.com,angela@hydeparkwell.com,hydeparkwellness@gmail.com; angela@hydeparkwell.com,yes,ok,https://hydeparkwell.com,medspa,,1
Mor Esthetics,iconicmedicalarts.com,info@iconicmedicalarts.com,info@iconicmedicalarts.com,yes,ok,https://iconicmedicalarts.com,medspa,GLP-1 weight loss peptides,4
Integrative Medicine Of Long Island,infusedhealthwellness.com,infusedhealthwellness@gmail.com,infusedhealthwellness@gmail.com,yes,ok,https://infusedhealthwellness.com,medspa,"nad+, glutathione",2
Inland Wellness & Vitality,inlandwellnessandvitality.com,info@inlandwellnessandvitality.com,info@inlandwellnessandvitality.com,yes,ok,https://inlandwellnessandvitality.com,medspa,,1
"Gameday Men's Health Plymouth, MI",innovativehealthdrs.com,info@innovativehealthdrs.com,info@innovativehealthdrs.com,yes,ok,https://innovativehealthdrs.com,medspa,GLP-1 weight loss peptides,3
"Gameday Men's Health Southfield, MI",jointhecultdetroit.com,info@jointhecultdetroit.com,info@jointhecultdetroit.com,yes,ok,https://jointhecultdetroit.com,medspa,,1
Kate Cosmedici Spa,katecosmedicispa.com,katecosmedicispa@outlook.com,katecosmedicispa@outlook.com,yes,ok,https://katecosmedicispa.com,medspa,,1
KIT Aesthetics,kitaesthetics.com,hello@kitaesthetics.com,hello@kitaesthetics.com,yes,ok,https://kitaesthetics.com,medspa,,1
Subbio Plastic Surgery & Medspa,kpaesthetics.com,info@kpaesthetics.com,info@kpaesthetics.com,yes,ok,https://kpaesthetics.com,medspa,glutathione,2
Ladue Medical Spa,laduemedspa.com,info@laduemedspa.com,info@laduemedspa.com; kaci.hale@yahoo.com,yes,ok,https://laduemedspa.com,medspa,,3
L'arte di vivere,lartedivivere.com,leesa@lartedivivere.com,leesa@lartedivivere.com,yes,ok,https://lartedivivere.com,medspa,semaglutide,3
La Vie Med Spa,lavieclinic.net,info@lavieclinic.net,info@lavieclinic.net,yes,ok,https://lavieclinic.net,medspa,,1
"Pamela A. Colby, ND",lodiadvancedmedicalcenters.com,lodiadvancedmedicalcenter@gmail.com,lodiadvancedmedicalcenter@gmail.com; lodiadvancedmedical@gmail.com,yes,ok,https://lodiadvancedmedicalcenters.com,medspa,,3
Luxus Health and Wellness LLC,luxushealthandwellness.com,luxushealthandwellness@gmail.com,luxushealthandwellness@gmail.com,yes,ok,https://luxushealthandwellness.com,medspa,"semaglutide, glutathione",6
Luxx Medical Spa & Wellness,luxxmedicalspa.com,luxxmedspa@gmail.com,luxxmedspa@gmail.com,yes,ok,https://luxxmedicalspa.com,medspa,,2
OsteoStrong,lv8.health,concierge@lv8.health,concierge@lv8.health,yes,ok,https://lv8.health,medspa,"semaglutide, tirzepatide",7
Emerald Wellness & Bodywork,massageemerald.com,info@massageemerald.com,info@massageemerald.com,yes,ok,https://massageemerald.com,medspa,,1
Massage Strong Lexington KY,massagestrong.com,support@massagestrong.com,support@massagestrong.com,yes,ok,https://massagestrong.com,medspa,oxytocin,1
"Memphis Aesthetics and Wellness-Weight Loss, Laser Hair Removal, EmScu",memphisaesthetics.com,info@memphisaesthetics.com,info@memphisaesthetics.com,yes,ok,https://memphisaesthetics.com,medspa,"semaglutide, liraglutide",8
Mirelle Institute for Anti-Aging Medicine,mirelleantiaging.com,info@mirelleantiaging.com,info@mirelleantiaging.com,yes,ok,https://mirelleantiaging.com,medspa,"bpc-157, tb-500, nad+, ipamorelin, cjc-1295, mots-c",17
Misra Medical Aesthetics,misramedicalaesthetics.com,pavajaesthetics@gmail.com,pavajaesthetics@gmail.com,yes,ok,https://misramedicalaesthetics.com,medspa,,3
Modern Luxe Medspa,modernluxemedspa.com,info@modernluxemedspa.com,info@modernluxemedspa.com,yes,ok,https://modernluxemedspa.com,medspa,glutathione,1
Modern Skin,modernskin.care,info@modernskin.care,info@modernskin.care,yes,ok,https://modernskin.care,medspa,GLP-1 weight loss peptides,2
Medical Aesthetics of Chattanooga,moorerdmedispa.com,moorerdmedispa@gmail.com,moorerdmedispa@gmail.com,yes,ok,https://moorerdmedispa.com,medspa,GLP-1 weight loss peptides,3
Allure Wellness Center,myallurewellness.com,support@myallurewellness.com,support@myallurewellness.com,yes,ok,https://myallurewellness.com,medspa,"semaglutide, tirzepatide, liraglutide",6
MycroAesthetics,mycroaesthetics.com,info@mycroaesthetics.com,info@mycroaesthetics.com,yes,ok,https://mycroaesthetics.com,medspa,GLP-1 weight loss peptides,3
Natural Looks,naturallooks.co,hello@naturallooks.co,hello@naturallooks.co,yes,ok,https://naturallooks.co,medspa,,1
Nayb Aesthetics,nay-b-aesthetics.com,nayb.aesth@gmail.com,nayb.aesth@gmail.com,yes,ok,https://nay-b-aesthetics.com,medspa,semaglutide,2
Genesis Beauty & Wellness,newgenesis.com,support@newgenesis.com,support@newgenesis.com,yes,ok,https://newgenesis.com,medspa,"semaglutide, tirzepatide, nad+, glutathione",8
Mirage Wellness Center & Medspa,nmstemcell.com,info@nmstemcell.com,info@nmstemcell.com,yes,ok,https://nmstemcell.com,medspa,GLP-1 weight loss peptides,4
Nouveau Beauty Aesthetics,nouveaubeautyaesthetics.com,kara@nouveaubeautyaesthetics.com,kara@nouveaubeautyaesthetics.com,yes,ok,https://nouveaubeautyaesthetics.com,medspa,semaglutide,3
Valley Hyperbaric Center of Roseville,npempoweredwellness.com,np@npempoweredwellness.com,np@npempoweredwellness.com,yes,ok,https://npempoweredwellness.com,medspa,,1
NuMed Clinic & Medical Spa,numedclinic.net,oonoo1083@yahoo.com,oonoo1083@yahoo.com,yes,ok,https://numedclinic.net,medspa,,3
Obsidian Medspa and Wellness,obsidianmedspavt.com,obsidianmedspavt@gmail.com,obsidianmedspavt@gmail.com,yes,ok,https://obsidianmedspavt.com,medspa,,1
Twisted Shamrock Studios & Spa,pathhealthcenter.com,info@pathhealthcenter.com,info@pathhealthcenter.com,yes,ok,https://pathhealthcenter.com,vendor,,1
Peace Love Tox,peacelovetox.com,hello@peacelovetox.com,hello@peacelovetox.com; ilene@peacelovetox.com,yes,ok,https://peacelovetox.com,medspa,"semaglutide, tirzepatide, glutathione",5
Peak Wellness & Aesthetics,peakwellnessandaesthetics.com,peakwellnessandaesthetics@gmail.com,peakwellnessandaesthetics@gmail.com,yes,ok,https://peakwellnessandaesthetics.com,medspa,"nad+, glutathione",5
Pine Creek Esthetics,pinecreekesthetics.com,info@pinecreekesthetics.com,info@pinecreekesthetics.com,yes,ok,https://pinecreekesthetics.com,medspa,,1
Pristine Medical Aesthetics,pristinemedicalaesthetic.com,info@pristinemedicalaesthetic.com,info@pristinemedicalaesthetic.com,yes,ok,https://pristinemedicalaesthetic.com,medspa,"semaglutide, tirzepatide",6
Plastic Surgery Specialists,pssva.com,info@pssva.com,info@pssva.com,yes,ok,https://pssva.com,medspa,semaglutide,2
PURE Medical Aesthetics,puremedicalaesthetics.com,info@puremedicalaesthetics.com,info@puremedicalaesthetics.com,yes,ok,https://puremedicalaesthetics.com,medspa,,1
Quench IV Spa,quenchivspa.com,quenchivspa@gmail.com,quenchivspa@gmail.com,yes,ok,https://quenchivspa.com,medspa,,1
R3 Stem Cell,r3stemcell.com,info@r3stemcell.com,info@r3stemcell.com,yes,ok,https://r3stemcell.com,medspa,,1
Rain Aesthetics Med Spa,rain-aesthetics.com,info@rain-aesthetics.com,info@rain-aesthetics.com,yes,ok,https://rain-aesthetics.com,medspa,GLP-1 weight loss peptides,3
Goddess Vibes,re-wellness.com,clinic@re-wellness.com,clinic@re-wellness.com,yes,ok,https://re-wellness.com,medspa,,1
ReAwaken Med Spa,reawakenmedspa.com,reawakenmedspa@gmail.com,reawakenmedspa@gmail.com,yes,ok,https://reawakenmedspa.com,medspa,GLP-1 weight loss peptides,3
Ree's Bar of Beauty,reesbarofbeauty.com,info@reesbarofbeauty.com,info@reesbarofbeauty.com,yes,ok,https://reesbarofbeauty.com,medspa,GLP-1 weight loss peptides,2
Reflections Wellness & Aesthetics,reflectionsmedspas.com,ambermoon@reflectionsmedspas.com,ambermoon@reflectionsmedspas.com,yes,ok,https://reflectionsmedspas.com,medspa,,3
Refresh Ashland Health & MedSpa,refreshashland.com,refreshivdrip@gmail.com,refreshivdrip@gmail.com,yes,ok,https://refreshashland.com,medspa,"nad+, ghk-cu",3
Platinum Salon and Day Spa,refreshedmd.com,hello@refreshedmd.com,hello@refreshedmd.com,yes,ok,https://refreshedmd.com,medspa,,1
Refreshed Medical Aesthetics,refreshedmed.com,refreshedmedical@gmail.com,refreshedmedical@gmail.com,yes,ok,https://refreshedmed.com,medspa,,1
Rejuve Aesthetics and Wellness,rejuveaw.com,elizabeth.sheaks@gmail.com,elizabeth.sheaks@gmail.com,yes,ok,https://rejuveaw.com,medspa,"semaglutide, tirzepatide",5
Rockin Beauty,rejuvenate-ivhydration.com,rejuvenatemobileiv@gmail.com,rejuvenatemobileiv@gmail.com,yes,ok,https://rejuvenate-ivhydration.com,medspa,,3
Rejuvenate NEA,rejuvenatenea.com,info@rejuvenatenea.com,info@rejuvenatenea.com,yes,ok,https://rejuvenatenea.com,medspa,,1
Health Professionals of Winfield,rejuvvmedical.com,rejuvvmedicalspa@gmail.com,rejuvvmedicalspa@gmail.com,yes,ok,https://rejuvvmedical.com/contact,medspa,,1
Island Center for Functional and Restorative Medicine,remedycharleston.com,team@remedycharleston.com,team@remedycharleston.com; pavan@remedycharleston.com,yes,ok,https://remedycharleston.com,medspa,"nad+, glutathione",3
"ReNewU Beauty & Wellness,LLC",renewuwv.com,renewuwv@gmail.com,renewuwv@gmail.com; www.renewuwv@gmail.com,yes,ok,https://renewuwv.com,medspa,"semaglutide, tirzepatide, glutathione",7
"Aesthetic Essentials of Augusta, LLC",retreatwellnessconcierge.com,info@retreatwellnessconcierge.com,info@retreatwellnessconcierge.com,yes,ok,https://retreatwellnessconcierge.com,medspa,,1
Glowing Aura Wellness Massage & Spa,revitalizemedicalspa.com,crista@revitalizemedicalspa.com,crista@revitalizemedicalspa.com; lindsay@revitalizemedicalspa.com,yes,ok,https://revitalizemedicalspa.com,medspa,,1
Revived and Timeless Aesthetics LLC,revivedandtimelessaesthetics.com,kathymcdaniel@revivedandtimelessaesthetics.com,kathymcdaniel@revivedandtimelessaesthetics.com,yes,ok,https://revivedandtimelessaesthetics.com,medspa,GLP-1 weight loss peptides,2
Twin Cities IV,revivemdmsp.com,info@revivemdmsp.com,info@revivemdmsp.com,yes,ok,https://revivemdmsp.com,medspa,,2
Restore Hyper Wellness,reviveri.com,info@reviveri.com,info@reviveri.com,yes,ok,https://reviveri.com,medspa,,1
Rise Health WY,risehealthwy.com,admin@risehealthwy.com,risehealthwy@gmail.com; admin@risehealthwy.com,yes,ok,https://risehealthwy.com,medspa,,3
beem® Light Sauna,saluswellnessmn.com,allison@saluswellnessmn.com,allison@saluswellnessmn.com,yes,ok,https://saluswellnessmn.com,medspa,"semaglutide, tirzepatide, nad+, sermorelin, glutathione",11
LA MedSpa,self-aesthetics.com,selfaesthetics@icloud.com,selfaesthetics@icloud.com,yes,ok,https://self-aesthetics.com,medspa,GLP-1 weight loss peptides,3
Serenity MedSpa,serenitymedspaco.com,info@serenitymedspaco.com,info@serenitymedspaco.com,yes,ok,https://serenitymedspaco.com,medspa,,4
Shawnee Restore & Wellness,shawneerestore.com,shawneerestore@gmail.com,shawneerestore@gmail.com,yes,ok,https://shawneerestore.com,medspa,,1
Skin & Body Bar LLC.,skinandbodybarllc.com,skinandbodybarllc@gmail.com,skinandbodybarllc@gmail.com,yes,ok,https://skinandbodybarllc.com,medspa,GLP-1 weight loss peptides,4
Skin & Sculpt Medical Spa,skinandsculptmedspa.com,info@skinandsculptmedspa.com,info@skinandsculptmedspa.com,yes,ok,https://skinandsculptmedspa.com,medspa,,1
Skin Bliss Med Spa,skinblissmedspa.com,info@skinblissmedspa.com,info@skinblissmedspa.com,yes,ok,https://skinblissmedspa.com,medspa,,1
SkinCentric Aesthetic Medicine Clinic,skincentricclinic.com,hhsmithpa@gmail.com,hhsmithpa@gmail.com,yes,ok,https://skincentricclinic.com,medspa,,1
SKIN Lab Aesthetic Beauty Studio,skinlabaestheticbeauty.com,npinjectordanielle@gmail.com,npinjectordanielle@gmail.com,yes,ok,https://skinlabaestheticbeauty.com,medspa,,1
Skin Science Aesthetics,skinscienceabq.com,info@skinscienceabq.com,info@skinscienceabq.com,yes,ok,https://skinscienceabq.com,medspa,GLP-1 weight loss peptides,7
"Skintastic Esthetics, LLC",skintazticesthetics.com,info@skintazticesthetics.com,info@skintazticesthetics.com,yes,ok,https://skintazticesthetics.com,medspa,glutathione,1
SLA Medical Spa,slamedicalspa.com,slathetician@gmail.com,slathetician@gmail.com,yes,ok,https://slamedicalspa.com,medspa,,1
Solea Ageless Beauty,soleaskin.com,soleaskin@gmail.com,soleaskin@gmail.com,yes,ok,https://soleaskin.com,medspa,semaglutide,4
Spa Mariana,spamariana.com,frontdesk@spamariana.com,frontdesk@spamariana.com; jen@spamariana.com,yes,ok,https://spamariana.com/contact,medspa,GLP-1 weight loss peptides,2
"Spa Medica, LLC",spameplz.com,elbad2003@hotmail.com,elbad2003@hotmail.com,yes,ok,https://spameplz.com,medspa,,1
Spa Slainte,spaslainte.com,info@spaslainte.com,info@spaslainte.com,yes,ok,https://spaslainte.com,medspa,"semaglutide, nad+, glutathione",11
Novaderma MedSpa,springvillederm.com,%20springvillederm@gmail.com,%20springvillederm@gmail.com; springvillederm@gmail.com,yes,ok,https://springvillederm.com,medspa,GLP-1 weight loss peptides,4
Cabbabe Aesthetics,stl-psc.com,ahoytherapyllc@gmail.com,ahoytherapyllc@gmail.com; iswellcare@gmail.com,yes,ok,https://stl-psc.com,medspa,GLP-1 weight loss peptides,2
Studio 27,studio27co.com,michael.kimble62@icloud.com,michael.kimble62@icloud.com,yes,ok,https://studio27co.com,medspa,semaglutide,2
Summit Total Wellness,summittotalwellnessco.com,hello@summittotalwellnessco.com,hello@summittotalwellnessco.com,yes,ok,https://summittotalwellnessco.com,medspa,"semaglutide, tirzepatide, nad+, glutathione",8
"TC Body Laser Sculpting & Aesthetics: Tammy Chambers, FNP",tcbodysculpting.com,tc.bodylasersculpting@gmail.com,tc.bodylasersculpting@gmail.com,yes,ok,https://tcbodysculpting.com,medspa,"semaglutide, tirzepatide",5
B. Medical Aesthetics,thebaesthetics.com,office@thebaesthetics.com,blair@thebaesthetics.com; office@thebaesthetics.com; rose@thebaesthetics.com,yes,ok,https://thebaesthetics.com,medspa,"semaglutide, tirzepatide",7
The Corner Suite,thecornersuite.com,info@thecornersuite.com,info@thecornersuite.com,yes,ok,https://thecornersuite.com,medspa,"nad+, glutathione",4
Bella La Viet,thephamaesthetics.com,thephamaesthetics@gmail.com,thephamaesthetics@gmail.com,yes,ok,https://thephamaesthetics.com,medspa,"semaglutide, tirzepatide",3
Elle MD,thepurerx.com,mjjadan@gmail.com,mjjadan@gmail.com,yes,ok,https://thepurerx.com,medspa,,1
The Refinery Medical Aesthetics,therefinerymed.com,hello@therefinerymed.com,%20hello@therefinerymed.com; hello@therefinerymed.com,yes,ok,https://therefinerymed.com,medspa,GLP-1 weight loss peptides,8
The Wellness Room,thewellnessroomknox.com,thewellnessroomknox@gmail.com,thewellnessroomknox@gmail.com,yes,ok,https://thewellnessroomknox.com,medspa,,3
Top Deck Medical Aesthetics and Wellness,topdeckmt.com,topdeckmontana@gmail.com,topdeckmontana@gmail.com,yes,ok,https://topdeckmt.com,medspa,,2
Tox Doc,toxdocmobile.com,support@toxdocmobile.com,support@toxdocmobile.com,yes,ok,https://toxdocmobile.com,medspa,,2
Tranquility Aesthetics,tranquilityaestheticsky.com,tranquilityaesthetics11@gmail.com,tranquilityaesthetics11@gmail.com,yes,ok,https://tranquilityaestheticsky.com,medspa,glutathione,1
Healthy Body Integrative Medicine,tranquilitybar.com,info@tranquilitybar.com,info@tranquilitybar.com,yes,ok,https://tranquilitybar.com,medspa,,1
Vanity Beauty Bar,vanitybeautybar.llc,vanitybeautybarllc@gmail.com,vanitybeautybarllc@gmail.com,yes,ok,https://vanitybeautybar.llc,medspa,GLP-1 weight loss peptides,3
Vault Skin + Wellness,vaultskinandwellness.com,info@vaultskinandwellness.com,info@vaultskinandwellness.com,yes,ok,https://vaultskinandwellness.com,medspa,glutathione,2
Vibe MedSpas,vibemedspas.com,info@vibemedspas.com,info@vibemedspas.com; stephanief@vibemedspas.com,yes,ok,https://vibemedspas.com,medspa,glutathione,6
Vibrance Aesthetics,vibrancesd.com,hello@vibrancesd.com,hello@vibrancesd.com,yes,ok,https://vibrancesd.com,medspa,GLP-1 weight loss peptides,3
Visionary Women's Health,visionarywomenshealth.com,support@visionarywomenshealth.com,support@visionarywomenshealth.com; manager@visionarywomenshealth.com,yes,ok,https://visionarywomenshealth.com,medspa,,2
Vita Bella Wellness & Aesthetics,vitabellawellnessllv.com,vitabellawellnessllv@gmail.com,vitabellawellnessllv@gmail.com,yes,ok,https://vitabellawellnessllv.com,medspa,glutathione,3
Vitality IV Hydration,vitalityivhydrationia.com,vitalityivhydration@gmail.com,vitalityivhydration@gmail.com,yes,ok,https://vitalityivhydrationia.com,medspa,,1
The Afterglow Skin Studio,wcjcobgyn.com,wcjc@wcjcobgyn.com,wcjc@wcjcobgyn.com,yes,ok,https://wcjcobgyn.com,medspa,,1
Wells Wellness and Aesthetics,wellswellnessmt.com,info@wellswellnessmt.com,info@wellswellnessmt.com,yes,ok,https://wellswellnessmt.com,medspa,"semaglutide, tirzepatide, retatrutide",5
Cryo Beauty Queen,wholebodywa.com,office@wholebodywa.com,office@wholebodywa.com,yes,ok,https://wholebodywa.com,medspa,,1
Wunder Aesthetics & Wellness,wunderaesthetics.glossgenius.com,hello@wunderaesthetics.com,hello@wunderaesthetics.com,yes,ok,https://wunderaesthetics.glossgenius.com,medspa,"semaglutide, tirzepatide, bpc-157, nad+, sermorelin, selank",12
Shaping Beauty Lounge,zenithbeautylab.com,info@zenithbeautylab.com,info@zenithbeautylab.com,yes,ok,https://zenithbeautylab.com,medspa,glutathione,1
220 Eye Candy Beauty Bar,220eyecandy.com,,,,unreachable,,,,
ReGen Clinic of Austin,360jasmineacupuncture.com,,,,no_email,,vendor,,0
406 Massage,406massagebozeman.com,,,yes,no_email,https://406massagebozeman.com,medspa,,0
4Ever Young Med Spa & Wellness Center,4everyoungantiaging.com,,,yes,no_email,https://4everyoungantiaging.com,medspa,"semaglutide, tirzepatide",7
Great Skin & Wellness,4greatskin.com,,,yes,no_email,https://4greatskin.com,medspa,tirzepatide,4
A2iV Med Spa,a2iv.com,info@a2iv.com,info@a2iv.com,yes,no_peptides,https://a2iv.com,medspa,,0
Testosterone Replacement Therapy Specialists,aamhclinic.com,,,,no_email,,vendor,,0
Aesthetics By Design,ab-designs.online,,,yes,no_email,https://ab-designs.online,medspa,retatrutide,7
Accents Cosmetic Surgery and Medical Spa,abc-wellness.com,drculik@gmail.com,drculik@gmail.com,yes,already known,https://abc-wellness.com,vendor,glutathione,1
A Better You Med Spa,abetteryoumedspatn.com,abetteryoumedspa1@gmail.com,abetteryoumedspa1@gmail.com,,no_peptides,https://abetteryoumedspatn.com,medspa,,0
Abigail Zsenai Skincare & Wellness,abigailzsenai.com,abigail@abigailzsenai.com,abigail@abigailzsenai.com,,no_peptides,https://abigailzsenai.com,medspa,,0
About Face,aboutface-sd.com,,,,no_email,https://aboutface-sd.com,vendor,,0
About Face Organic Skincare Studio,aboutfaceonhigh.com,info@aboutfaceonhigh.com,info@aboutfaceonhigh.com,yes,no_peptides,https://aboutfaceonhigh.com,vendor,,0
About Face Aesthetics,aboutfaceskincare.com,careteam@aboutfaceskincare.com,careteam@aboutfaceskincare.com,yes,no_peptides,https://aboutfaceskincare.com,medspa,,0
Albuquerque Laser Lipo,abqlaserlipo.com,,,,unreachable,,,,
ABQ Skin Perfection,abqskinperfection.com,,,yes,no_email,https://abqskinperfection.com,medspa,,0
Abraza Skin Studio,abrazaskinstudio.com,info@abrazaskinstudio.com,info@abrazaskinstudio.com,,no_us_signal,https://abrazaskinstudio.com,medspa,semaglutide,7
ANU Wellness,absolutehealthwellness.com,stefanie@absolutehealthwellness.com,stefanie@absolutehealthwellness.com,yes,no_peptides,https://absolutehealthwellness.com,medspa,,0
Absolute Medical & Aesthetics,absolutemedicalandaesthetics.com,,,,no_email,https://absolutemedicalandaesthetics.com,medspa,,0
Abundant Health Massage Bodywork,abundanthealthspa.com,abundanthealthdsm@gmail.com,abundanthealthdsm@gmail.com,yes,no_peptides,https://abundanthealthspa.com,vendor,,0
Accents Cosmetic Surgery and Medical Spa,accentscosmeticsurgery.com,,,,no_email,https://accentscosmeticsurgery.com,medspa,,0
Acqua Luna Spa,acqualunaspa.com,,,,no_email,,vendor,,0
"Acupuncture Elements by Dr. Amanda Powell-Wooten, DACM, L.Ac.",acupunctureelementswv.com,,,yes,no_email,https://acupunctureelementswv.com,medspa,,0
Adara Medical Spa,adarahouston.com,,,yes,no_email,https://adarahouston.com,medspa,,0
Adina Day Spa,adinadayspa.com,adinadayspa@yahoo.com,adinadayspa@yahoo.com,yes,no_peptides,https://adinadayspa.com,vendor,,0
Advanced Aesthetics Skin Care Studio and Institute,advancedaestheticsskincarestudio.com,cassort55@gmail.com,cassort55@gmail.com,yes,no_peptides,https://advancedaestheticsskincarestudio.com,medspa,,0
Advanced Beauty & Wellness,advancedbeautywell.com,,,yes,no_email,https://advancedbeautywell.com,medspa,,2
Advanced Dermatology and Cosmetic Surgery,advancedderm.com,,,yes,no_email,https://advancedderm.com,medspa,,0
Advanced Dermatology & Skin Cancer Associates,advanceddermatologymemphis.com,,,yes,no_email,https://advanceddermatologymemphis.com,medspa,,0
Advanced Dermatology & Skin Surgery South Hill,advancederm.net,dermmanager@advancederm.net,dermmanager@advancederm.net,yes,no_peptides,https://advancederm.net,medspa,,0
Advanced Image Med Spa & Elite Wellness Center,advancedimagemedspa.com,,,yes,no_email,https://advancedimagemedspa.com,medspa,,3
"Fang Mu, Lac",advancedlasernc.com,,,yes,no_email,https://advancedlasernc.com/about,medspa,,0
Advanced Skin Care Solutions,advancedskincaresolutions.org,vtadvancedskincare@yahoo.com,vtadvancedskincare@yahoo.com,yes,no_peptides,https://advancedskincaresolutions.org,medspa,,0
"Advanced Skin Care, Spa & Wellness",advancedskincarevt.com,,,,unreachable,,,,
OsteoStrong,aesthetica-medspa.com,aestheticamedspaandwellness@gmail.com,aestheticamedspaandwellness@gmail.com,yes,already known,https://aesthetica-medspa.com,medspa,"semaglutide, tirzepatide, retatrutide, nad+",6
Aesthetically Pleasing Med Spa,aestheticallypleasingmedspa.com,,,,no_email,https://aestheticallypleasingmedspa.com,vendor,,0
Aesthetic Anti-Aging Center,aestheticantiagingcenter.com,aesthetics6416@proton.me,aesthetics6416@proton.me; tarciatripp@gmail.com,yes,no_peptides,https://aestheticantiagingcenter.com,medspa,,0
Aestheticare Day Spa,aestheticaredayspa.com,,,yes,no_email,https://aestheticaredayspa.com,medspa,,0
AestheticA Skin Health Center,aestheticaskin.com,medicrosshealth@gmail.com,medicrosshealth@gmail.com,yes,no_peptides,https://aestheticaskin.com,medspa,,0
Aesthetic Elevation Knoxville,aestheticelevation.com,,,yes,no_email,https://aestheticelevation.com,medspa,"semaglutide, tirzepatide, nad+",10
Aesthetic Haven Health & Beauty,aesthetichaven22.com,aesthetichaven22@gmail.com,aesthetichaven22@gmail.com,,no_us_signal,https://aesthetichaven22.com,medspa,"semaglutide, tirzepatide",4
Advanced TRT Clinic,aestheticlabinc.com,,,yes,no_email,https://aestheticlabinc.com,medspa,nad+,2
GSO Cryo,aestheticouture.com,info@aestheticouture.com,acmedspa@gmail.com; info@aestheticouture.com,yes,no_peptides,https://aestheticouture.com,medspa,,0
Aesthetics by Marsha,aestheticsbymarsha.glossgenius.com,aestheticsbymarsha@gmail.com,aestheticsbymarsha@gmail.com,yes,no_peptides,https://aestheticsbymarsha.glossgenius.com,medspa,,0
Aesthetics MedSpa,aestheticsmedspa.com,,,,unreachable,,,,
AESTHETIQ Institute,aesthetiqinstitute.com,,,,unreachable,,,,
AP Medical,afreshnewme.com,,,yes,no_email,https://afreshnewme.com,medspa,,2
Agape Medical Spa & Weight Loss Center,agapemedical.com,,,yes,no_email,https://agapemedical.com,medspa,,0
Ageless Aesthetics Med Spa,agelessbeautyhasarrived.com,,,yes,no_email,https://agelessbeautyhasarrived.com,medspa,GLP-1 weight loss peptides,3
Ageless Esthetics,agelessestheticsmedspamn.com,agelessestheticsmedspa@gmail.com,agelessestheticsmedspa@gmail.com,,no_us_signal,https://agelessestheticsmedspamn.com,medspa,GLP-1 weight loss peptides,6
Ageless Men's Health,agelessmenshealth.com,,,,unreachable,,,,
Ageless Perfection Medical Aesthetics,agelessperfectionwy.com,,,yes,no_email,https://agelessperfectionwy.com,medspa,"semaglutide, tirzepatide",5
Ageless Performance Recovery and Wellness,agelessprw.com,info@agelessprw.com,info@agelessprw.com,yes,no_peptides,https://agelessprw.com,medspa,,0
Ageless Wellness Medicine,agelesswellnessmedicine.com,dawn@agelesswellnessmedicine.com,dawn@agelesswellnessmedicine.com,,no_peptides,https://agelesswellnessmedicine.com,vendor,,0
Ageless Women’s Health,agelesswomenshealth.com,,,,no_email,https://agelesswomenshealth.com,medspa,semaglutide,6
A Glow By Laura,aglowbylaura.com,,,,unreachable,,,,
A Golden Touch Inc.,agoldentouchshreveport.com,,,yes,no_email,https://agoldentouchshreveport.com,vendor,,0
Agora Day Spa Stamford,agoradayspact.com,,,,no_email,https://agoradayspact.com,vendor,,0
Ahead of Style Salon and Spa,aheadofstylesalon.com,,,yes,no_email,https://aheadofstylesalon.com,vendor,,0
A Healer's Hand + The Nest,ahealershand.com,,,yes,no_email,https://ahealershand.com,medspa,,0
V Esthetic Spa,ahskincares.com,,,,unreachable,,,,
Airmed Wellness & Weight Loss Savannah,airmed-wellness.com,,,,unreachable,,,,
AK Aesthetics,akaestheticnp.com,,,,unreachable,,,,
Longer Trails Precision Medicine,akroncanton.mobomedspa.com,,,yes,no_email,https://akroncanton.mobomedspa.com,medspa,semaglutide,9
Alchemy Med Spa,alchemymedspa.as.me,,,,no_email,https://alchemymedspa.as.me,medspa,,0
Clinique de soins esthétiques technologiques à Bruxelles,alchimie-spa.com,contact@alchimie-spa.com,contact@alchimie-spa.com; academy@alchimie-spa.com,,no_peptides,https://alchimie-spa.com,vendor,,0
Advanced Laser Clinics of Shreveport,alcshreveport.com,,,,no_email,,vendor,,0
Timeless Rx,allamericanmedical.net,,,yes,no_email,https://allamericanmedical.net,medspa,semaglutide,5
All Natural Aesthetics,allnaturalaesthetics.glossgenius.com,,,yes,no_email,https://allnaturalaesthetics.glossgenius.com,medspa,tirzepatide,1
Allure Airbrush and Aesthetics,allureairbrushandaesthetics.com,,,,no_email,https://allureairbrushandaesthetics.com,vendor,,0
Alpha Fit and Rejuvenation LLC,alpha-fit-and-rejuvenation-llc.ueniweb.com,,,,no_email,https://alpha-fit-and-rejuvenation-llc.ueniweb.com,vendor,,0
"Nicole Chase, PA",alumamedicalaesthetics.com,,,yes,no_email,https://alumamedicalaesthetics.com,medspa,,0
Always Beautiful Medspa,alwaysbeautiful.net,juvederm-day-20260819@alwaysbeautiful.net,juvederm-day-20260819@alwaysbeautiful.net,yes,no_peptides,https://alwaysbeautiful.net,medspa,,0
Always Friday Medical Aesthetics,alwaysfridaymedicalaesthetics.com,,,,no_email,https://alwaysfridaymedicalaesthetics.com,medspa,,0
A'Maries Skin Bar,amarieskinbar.com,info@amarieskinbar.com,info@amarieskinbar.com,yes,no_peptides,https://amarieskinbar.com,vendor,,0
Amaryllis Aesthetics,amaryllisaesthetics.glossgenius.com,,,yes,no_email,https://amaryllisaesthetics.glossgenius.com,medspa,,0
Massage With Leah,amassagecollective.com,,,,no_email,https://amassagecollective.com,vendor,,0
Amazing Face,amazingfaceshreveport.com,,,,unreachable,,,,
Staccy Aesthetics,amibareskin.com,,,yes,no_email,https://amibareskin.com,medspa,,1
"Amita's Xpress Spa, Brighton",amitasxpressspa.com,info@amitasxpressspa.com,info@amitasxpressspa.com,yes,no_peptides,https://amitasxpressspa.com,medspa,,0
Advanced Mobile IV (AMIV),amiv.com,info@amiv.com,info@amiv.com,yes,already known,https://amiv.com,medspa,"retatrutide, cagrilintide, bpc-157, tb-500, thymosin beta-4, thymosin alpha-1",43
Amora Med Spa,amoramedspa.com,,,,no_email,https://amoramedspa.com,medspa,GLP-1 weight loss peptides,2
Amoura Skin & Body,amoura.skin,,,yes,no_email,https://amoura.skin,medspa,,0
Bliss Spa LLC,amtamembers.com,support@amtamembers.com,support@amtamembers.com,yes,no_peptides,https://amtamembers.com,vendor,,0
Natural Difference Day Spa,anaturaldifferencedayspa.com,kimberlybourbon@gmail.com,kimberlybourbon@gmail.com,yes,no_peptides,https://anaturaldifferencedayspa.com,vendor,,0
Drip Vibe Infusions & Wellness,andersonlongevityclinic.com,,,,no_email,https://andersonlongevityclinic.com,medspa,"sermorelin, pt-141",5
"ANEW Image Med Spa, LLC",anewimagemedspa.com,info@anewimagemedspa.com,info@anewimagemedspa.com,yes,no_peptides,https://anewimagemedspa.com,medspa,,0
A New You Day Spa,anewyoulex.com,,,yes,no_email,https://anewyoulex.com,vendor,,0
Angela's Day Spa,angelasdayspa.com,,,,unreachable,,,,
Angelic Massage and Spa,angelicmassageandspa.com,terrydmccurter@gmail.com,terrydmccurter@gmail.com,yes,no_peptides,https://angelicmassageandspa.com,vendor,,0
ANGEL SKIN/BODY,angelskinbody.com,,,,unreachable,,,,
Spavia,ankenyia.spaviadayspa.com,,,yes,no_email,https://ankenyia.spaviadayspa.com,vendor,,0
Advanced Practice Dermatology,apdhelena.com,,,yes,no_email,https://apdhelena.com,medspa,,1
Apollo Salon & Spa,apollosalonspa.com,apollosalonandspa@gmail.com,apollosalonandspa@gmail.com,yes,no_peptides,https://apollosalonspa.com,vendor,,0
AP Skin Society,apskinsociety.com,,,,no_email,https://apskinsociety.com,vendor,,0
"Aquarius Performance & Wellness: IV Drips, Vitamin Shots, TRT, Hormone",aquariusiv.com,,,yes,no_email,https://aquariusiv.com,medspa,"bpc-157, tb-500, nad+, ipamorelin, sermorelin, cjc-1295",19
Aqua Vitae iVitality Spa,aquavitality.com,,,yes,no_email,https://aquavitality.com,medspa,"semaglutide, nad+, sermorelin, aod-9604, tirzepatide",17
ARCADIAN TOUCH,arcadiantouch.com,1arcadiantouch@gmail.com,1arcadiantouch@gmail.com,,no_peptides,https://arcadiantouch.com,vendor,,0
ARC Aesthetics + Wellness at Fayetteville,arcaestheticsandwellness.com,,,yes,no_email,https://arcaestheticsandwellness.com,medspa,GLP-1 weight loss peptides,3
Vitality Infusion,ardensaltsauna.com,ardensaltsauna@gmail.com,ardensaltsauna@gmail.com,yes,no_peptides,https://ardensaltsauna.com,medspa,,0
Arezzo Med Spa,arezzomedspa.com,,,,unreachable,,,,
Aria Nails Salon Hurricane West Virginia,arianailshurricane.com,,,yes,no_email,https://arianailshurricane.com,vendor,,0
LaBelle MedSpa & Wellness,ariaspas.com,,,,unreachable,,,,
Ari Blanc Medical Spa,ariblancmedspa.com,hello@ariblancmedspa.com,hello@ariblancmedspa.com,yes,no_peptides,https://ariblancmedspa.com,medspa,,0
Arizona MedLaser,arizonamedlaser.com,info@arizonamedlaser.com,info@arizonamedlaser.com,yes,no_peptides,https://arizonamedlaser.com,medspa,,0
Arkansas Longevity Center,arkansaslongevitycenter.com,,,yes,no_email,https://arkansaslongevitycenter.com,medspa,,0
Arkansas Plastic Surgery,arkansasplasticsurgery.com,,,yes,no_email,https://arkansasplasticsurgery.com,medspa,glutathione,2
Artistry Spa & Wellness,artistryspawellnessphiladelphia.zoca.com,artistryspanwellness@gmail.com,artistryspanwellness@gmail.com,yes,no_peptides,https://artistryspawellnessphiladelphia.zoca.com,medspa,,0
Art of Aesthetics Medical Spa,artofaestheticsmedicalspa.com,,,yes,no_email,https://artofaestheticsmedicalspa.com,medspa,GLP-1 weight loss peptides,2
Arvessa Skin Care Center,arvessaskincarecenter.com,,,,unreachable,,,,
Ascent Laser Aesthetics,ascentlaseraesthetics.com,,,yes,no_email,https://ascentlaseraesthetics.com,medspa,,0
Ash Alchemy + Spa,ashalchemy.co,,,yes,no_email,https://ashalchemy.co,medspa,,0
Asia Massage-Shreveport,asiamassagesbc.com,,,yes,no_email,https://asiamassagesbc.com,vendor,,0
Amelia Medspa,askamelia.com,info@askamelia.com,info@askamelia.com,yes,no_peptides,https://askamelia.com,medspa,,0
Optimal Health Institute of Ohio,aspiringaesthetics.com,tracy@aspiringaesthetics.com,impallari@gmail.com; tracy@aspiringaesthetics.com,yes,no_peptides,https://aspiringaesthetics.com,medspa,,0
Ataraxy,ataraxybylakin.com,,,,no_email,,vendor,,0
Atelier Esthetique,atelieresthetiquechicago.com,contact@atelieresthetiquechicago.com,contact@atelieresthetiquechicago.com,yes,no_peptides,https://atelieresthetiquechicago.com,medspa,,0
"Prestige Wellness Institute: Ray Andrew, MD",athletiquewellness.com,,,,no_email,,vendor,,0
Nova Clinic: Dr. Shama Patel,atlantaintegrativeandinternalmedicine.com,,,,no_email,,vendor,,0
Atlantic Integrative Medicine,atlanticmedicineva.com,atlanticmedva@gmail.com,atlanticmedva@gmail.com; aimsterlingva@gmail.com; atlanticmedicineva@gmail.com,yes,already known,https://atlanticmedicineva.com,medspa,semaglutide,2
At Last... Salon & Day Spa,atlastsalondayspa.com,info@atlastsalondayspa.com,info@atlastsalondayspa.com,yes,no_peptides,https://atlastsalondayspa.com,vendor,,0
A Total New You Salon and Medical Spa,atnysalon.com,,,,no_email,https://atnysalon.com,vendor,,0
Audrey Thorne Esthetics,audreythorne.com,,,yes,no_email,https://audreythorne.com,medspa,,0
Augusta Aesthetics,augustaaesthetic.com,info@augustaaesthetic.com,info@augustaaesthetic.com,yes,no_peptides,https://augustaaesthetic.com,medspa,,0
Aura Esthetics & Ink,auraestheticsandink.com,,,yes,no_email,https://auraestheticsandink.com,medspa,,0
En Vogue Medi Spa Southampton,auraspasauna.com,mail@auraspasauna.com,mail@auraspasauna.com,yes,no_peptides,https://auraspasauna.com,vendor,,0
Aurelia Aesthetics,aureliaasthetics.com,,,,no_email,https://aureliaasthetics.com,medspa,,0
Aurora Spa Unique,auroraspaunique.com,,,,unreachable,,,,
Authentic Massage Therapy LLC,authenticmassagetherapyllc.com,,,yes,no_email,https://authenticmassagetherapyllc.com,medspa,,0
Avani Derm Spa,avanidermspa.com,,,yes,no_email,https://avanidermspa.com,medspa,,0
Avant Salon & Day Spa,avantomahasalon.com,,,yes,no_email,https://avantomahasalon.com,vendor,,0
Aveda Institute Des Moines,avedafi.edu,,,yes,no_email,https://avedafi.edu,medspa,,0
Aveda Institute Provo,avedainspiregreatness.com,,,yes,no_email,https://avedainspiregreatness.com,medspa,,0
Awaken Massages And Skin Care,awakenmassages.com,,,yes,no_email,https://awakenmassages.com/contact,vendor,,0
Awaken Wellness,awakenwellnesscolumbia.com,,,yes,no_email,https://awakenwellnesscolumbia.com,medspa,,0
Westfield Plastic Surgery Center,ayoubplasticsurgery.com,,,yes,no_email,https://ayoubplasticsurgery.com,medspa,,0
Azul Salon & Spa,azulsalon.co,,,,unreachable,,,,
Azure Aesthetics,azureaestheticsmedspa.com,,,,no_email,,vendor,,0
Balance Aesthetics and Wellness,balanceaestheticsok.com,contact@balanceaestheticsok.com,contact@balanceaestheticsok.com,,no_peptides,https://balanceaestheticsok.com,medspa,,0
Balanced You Medical Wellness,balancedyoumedical.com,,,,no_email,https://balancedyoumedical.com,medspa,,0
East Coast Float Spa Yardley,balancefound.com,,,yes,no_email,https://balancefound.com,medspa,,3
ReVital Women's Hormone Clinic,balancehormonecenter.com,,,,no_email,,vendor,,0
Rejuvenations Laser Center & Medical Spa,balancemedicaldayspa.com,,,yes,no_email,https://balancemedicaldayspa.com,medspa,semaglutide,5
"BALENCIA- Coolsculpting Elite, Morpheus8, Laser Hair Removal, & Botox",balenciamd.com,,,yes,no_email,https://balenciamd.com,medspa,,0
Ballentyne Medical Aesthetics,ballentynemedicalaesthetics.com,,,,no_email,,vendor,,0
La Spa,ballysshreveport.com,,,,no_email,https://ballysshreveport.com,vendor,,0
Bare Aesthetics,bareaestheticsomaha.com,,,yes,no_email,https://bareaestheticsomaha.com,medspa,,0
BARE Beauty & Medical Spa,barebeautyandmedspa.com,info@barebeautyandmedspa.com,info@barebeautyandmedspa.com,yes,no_peptides,https://barebeautyandmedspa.com,medspa,,0
Bare Body Bar,barebodybar.org,,,,unreachable,,,,
Bare Element Laser Salon,bareelementlasersalon.com,info@bareelementlasersalon.com,info@bareelementlasersalon.com,yes,no_peptides,https://bareelementlasersalon.com,medspa,,0
Barefoot Hands Bodywork,barefoothands.com,,,yes,no_email,https://barefoothands.com,medspa,,0
Barefoot Medical Spa,barefootmedicalspa.com,,,yes,no_email,https://barefootmedicalspa.com,medspa,,0
BareLúx Studio,bareluxstudio.com,,,yes,no_email,https://bareluxstudio.com,medspa,GLP-1 weight loss peptides,3
"Nicole Nadeau, RN",barevt.com,,,yes,no_email,https://barevt.com,medspa,semaglutide,5
Bautox,bautox.com,,,,no_email,,vendor,,0
Bazi Aesthetics,baziaesthetics.com,,,,no_email,,vendor,,0
Belleza Cosmetic & Laser Studio,bcog.com,,,yes,no_email,https://bcog.com,medspa,,0
Beatrice Aesthetics,beatricecommunityhospital.com,,,yes,no_email,https://beatricecommunityhospital.com,medspa,,0
Beau Monde Health and Wellness,beaumondehealthks.com,,,yes,no_email,https://beaumondehealthks.com,medspa,,1
Beautify Medspa,beautfy-las-cruces.square.site,,,,no_email,https://beautfy-las-cruces.square.site,vendor,,0
QC Kinetix (Baederwood),beautifulbalanceivbar.com,,,,no_email,,vendor,,0
Beautiful Skin,beautifulskincolorado.com,info@beautifulskincolorado.com,rebecca@beautifulskincolorado.com; angie@beautifulskincolorado.com; info@beautifulskincolorado.com,yes,no_peptides,https://beautifulskincolorado.com,vendor,,0
Beautiful Soul Luxe Suites + Head Spa,beautifulsoulsuites.com,,,yes,no_email,https://beautifulsoulsuites.com,medspa,,0
Beautiful Transformations Spa,beautifultransformations-spa.com,,,,unreachable,,,,
Beautify Agency,beautifyagency.com,,,yes,no_email,https://beautifyagency.com,medspa,,0
Beautique Medical Anti-Aging,beautiquebeautiful.com,,,,no_email,,vendor,,0
Beautique Medispas,beautiquemedispas.com,,,,no_email,https://beautiquemedispas.com,medspa,,0
Beauty Beneath The Bighorns Hair And Nails,beauty-beneath-the-bighorns.square.site,,,,no_email,https://beauty-beneath-the-bighorns.square.site,vendor,,0
Beauty Bae Studio Body Spa,beautybaestudio.com,,,,unreachable,,,,
Beauty Bar & Boutique,beautybarwyo.com,beautybar.wyo@gmail.com,beautybar.wyo@gmail.com,yes,no_peptides,https://beautybarwyo.com,vendor,,0
Beauty & Bliss Medspa,beautyblissmedspa.com,,,,no_email,,vendor,,0
Beauty Kingdom,beautykingdom1.com,,,yes,no_email,https://beautykingdom1.com,medspa,,0
Beauty Nurse Abbe,beautynurseabbe.com,,,,no_email,https://beautynurseabbe.com,medspa,,0
The Beauty Pact,beautypactdsm.com,admin@beautypactdsm.com,admin@beautypactdsm.com,yes,no_peptides,https://beautypactdsm.com,medspa,,0
Beauty Sleep Injections,beautysleepinjections.com,,,yes,no_email,https://beautysleepinjections.com,medspa,,0
BeBalanced Natural Hormone Weight Loss,bebalancedcenters.com,,,,no_email,,vendor,,0
beem® Light Sauna Raleigh,beemlightsauna.com,,,,no_email,https://beemlightsauna.com,vendor,,0
Bella Aesthetics LLC,bellaaestheticsma.com,bellaaestheticsclinic@gmail.com,bellaaestheticsclinic@gmail.com,,no_peptides,https://bellaaestheticsma.com,medspa,,0
Bella Bello med spa,bellabellomedspa.com,,,yes,no_email,https://bellabellomedspa.com,medspa,,0
Bella Bliss Esthetic,bellabliss.glossgenius.com,,,,no_email,https://bellabliss.glossgenius.com,medspa,GLP-1 weight loss peptides,2
Belladerma Med Spa,belladermamedspa.com,,,yes,no_email,https://belladermamedspa.com,medspa,,0
Bella Donna Medispa,belladonnamedispa.com,,,yes,no_email,https://belladonnamedispa.com,medspa,,0
Bella Fiore Day Spa,bellafioredayspa.com,,,yes,no_email,https://bellafioredayspa.com,medspa,,0
Bella Grey Medical Spa,bellagreymedspa.com,bellagreymedspa@gmail.com,bellagreymedspa@gmail.com,yes,already known,https://bellagreymedspa.com,medspa,semaglutide,3
Bellasee™,bellasee.com,info@bellasee.com,info@bellasee.com; u002f@bellasee.beauty,yes,no_peptides,https://bellasee.com,medspa,,0
Gameday Men's Health Fort Mitchell,bellavaaesthetics.com,bellavaaesthetics@gmail.com,bellavaaesthetics@gmail.com,,no_peptides,https://bellavaaesthetics.com,medspa,,0
Bella Vida Tan and Spa,bellavidatanandspa.com,,,,no_email,https://bellavidatanandspa.com,vendor,,0
Bella Vi Spa & Aesthetics,bellavimedspa.com,,,,no_email,,vendor,,0
Solutions Functional Medicine / Vitamin Bar,bellevietoday.com,,,yes,no_email,https://bellevietoday.com,medspa,"semaglutide, nad+",7
Bellezza 2,bellezzayou.com,,,yes,no_email,https://bellezzayou.com,vendor,,0
Bellissima Aesthetics,bellissimaaestheticsbyliz.com,,,yes,no_email,https://bellissimaaestheticsbyliz.com,medspa,,0
Belly Scrubs,bellyscrubs.com,,,,no_email,https://bellyscrubs.com,vendor,,0
Benessere Clinic,benesserewy.com,,,yes,no_email,https://benesserewy.com/contact-us,medspa,,3
Benton Wellness & Aesthetics,bentonwa.com,,,,no_email,https://bentonwa.com,medspa,,0
Flourish Hormone Replacement & Wellness Centers,bepurewell.com,info@bepurewell.com,info@bepurewell.com,yes,no_peptides,https://bepurewell.com,medspa,,0
Bergamot Massage Therapy & Bodywork + Sauna,bergamotmassage.com,reception@bergamotmassage.com,reception@bergamotmassage.com,yes,no_peptides,https://bergamotmassage.com,medspa,,0
Berkshire on Main,berkshiresalondayspa.com,info@berkshiresalondayspa.com,info@berkshiresalondayspa.com,yes,no_peptides,https://berkshiresalondayspa.com,vendor,,0
Be Timeless Medical Aesthetics & Wellness,betimeless.pro,betimeless2@gmail.com,betimeless2@gmail.com,yes,no_peptides,https://betimeless.pro,medspa,,0
Vibrant Med Spa,bevibrantmedspa.com,,,yes,no_email,https://bevibrantmedspa.com,medspa,,1
"Dr. Michelle McElroy, DO, FACOOG",bewellmedicalok.com,,,yes,no_email,https://bewellmedicalok.com,medspa,"semaglutide, tirzepatide",10
Beyond Beautiful by Melissa,beyondbeautifulbymelissa.com,appointment.beyondbeautiful@gmail.com,appointment.beyondbeautiful@gmail.com,yes,no_peptides,https://beyondbeautifulbymelissa.com,medspa,,0
Beyond Beauty Medspa RI,beyondbeautyri.com,beyondbeautyri@gmail.com,beyondbeautyri@gmail.com,yes,no_peptides,https://beyondbeautyri.com,medspa,,0
Beyond Smiles DentaSpa,beyondsmilesdentalspa.com,,,yes,no_email,https://beyondsmilesdentalspa.com,medspa,,0
Big Sky Cleansing Center Detox Spa & Colon Hydrotherapy,bigskycleanse.com,,,yes,no_email,https://bigskycleanse.com,vendor,,0
HRT Doctor Palm Bay,bijoumedspa.com,,,,no_email,,vendor,,0
Ozone Therapy And Treatment NYC,biograph.com,info@biograph.com,info@biograph.com,yes,no_peptides,https://biograph.com,medspa,,0
Twin Rivers IV & Wellness Lounge,biosymmetry.com,,,,no_email,,vendor,,0
Birmingham Day Spa,birminghamdayspa.com,,,yes,no_email,https://birminghamdayspa.com,medspa,GLP-1 weight loss peptides,3
Blaze,blazethespa.com,blazethespajesup@gmail.com,blazethespajesup@gmail.com,,no_peptides,,vendor,,0
Blessed Beauty,blessedbeautylashbar.com,,,,no_email,https://blessedbeautylashbar.com,medspa,,0
Bliss Day Spa & Studios,blissdayspa-studios.com,,,,unreachable,,,,
Bliss Face and Body Studio,blissfaceandbody.com,,,,unreachable,,,,
"Blissful Aesthetics & Wellness, LLC",blissfulaestheticsandwellness.com,rodriguezbell3@gmail.com,rodriguezbell3@gmail.com,yes,no_peptides,https://blissfulaestheticsandwellness.com,medspa,,0
Bliss Salon & Spa Suites,blisslex.com,,,,no_email,https://blisslex.com/contact-us,vendor,,0
Bliss Wellness and Aesthetic Studios,blisswellnessstudios.com,,,yes,no_email,https://blisswellnessstudios.com,medspa,,0
Bloom Medical Aesthetics,bloomaesthetics.com,,,yes,no_email,https://bloomaesthetics.com,medspa,,0
"Gameday Men's Health Brighton, MI",bloomfunctionalmedicine.com,info@bloomfunctionalmedicine.com,info@bloomfunctionalmedicine.com,yes,no_peptides,https://bloomfunctionalmedicine.com,medspa,,0
Bloom Med Spa,bloommedspas.com,hello@bloommedspas.com,hello@bloommedspas.com,yes,no_peptides,https://bloommedspas.com,medspa,,0
Bloom Wellness & Aesthetics,bloomwellnessandaesthetics.com,,,,no_email,,vendor,,0
Bloom X Beauty Lounge,bloomx.glossgenius.com,bloomxbeauty24@gmail.com,bloomxbeauty24@gmail.com,yes,no_peptides,https://bloomx.glossgenius.com,vendor,,0
The Total You Medical Spa,blossomhouston.com,,,,unreachable,,,,
Blu Bird Spa,blubirdspa.com,,,yes,no_email,https://blubirdspa.com,vendor,,0
Bluegrass Beauty Aesthetics,bluegrassbeautyaesthetics.com,,,,no_email,https://bluegrassbeautyaesthetics.com,medspa,,0
Blue October Spa,blueoctoberspa.com,blueoctoberstaff@gmail.com,blueoctoberstaff@gmail.com,yes,no_peptides,https://blueoctoberspa.com/contact-us,medspa,,0
Blush & Bold Medical Aesthetics,blushboldaesthetics.com,,,,unreachable,,,,
Blush Skin & Soul Spa,blushportsmouth.com,,,yes,no_email,https://blushportsmouth.com,vendor,,0
Bobbi Bullock Medical Esthetics & The Mobile MedSpa Party,bobbibullock.com,,,yes,no_email,https://bobbibullock.com,medspa,semaglutide,3
"Bodied by Beaux, LLC",bodiedbybeaux.com,,,,unreachable,,,,
BODY ZEN SPA / REHAB HUB,body-zen-spa-rehab-hub-106099.square.site,,,,no_email,,vendor,,0
Body Anew Spa and Aesthetics,bodyanewaesthetics.com,bodyanew@icloud.com,bodyanew@icloud.com,yes,no_peptides,https://bodyanewaesthetics.com,medspa,,0
"My Body Bar Aesthetics, LLC",bodybaraesthetics.com,mybodybar@bodybaraesthetics.com,mybodybar@bodybaraesthetics.com,yes,no_peptides,https://bodybaraesthetics.com,medspa,,0
Align Massage & Yoga Studio,bodybreathmindmovement.com,connect@bodybreathmindmovement.com,connect@bodybreathmindmovement.com,yes,no_peptides,https://bodybreathmindmovement.com,medspa,,0
BodyBrite Omaha Laser Hair Removal & Spa,bodybriteomaha.com,,,,no_email,https://bodybriteomaha.com/contact-us/,vendor,,0
RISE Med Spa,bodybyravi.com,,,yes,no_email,https://bodybyravi.com,medspa,semaglutide,2
Body Contour Aesthetics & Wellness,bodycontourrecovery.com,,,,unreachable,,,,
BodyGlo Omaha Laser Hair Removal & Spa,bodygloomaha.com,info@bodygloomaha.com,info@bodygloomaha.com,yes,no_peptides,https://bodygloomaha.com,medspa,,0
BodyPoint Medspa,bodypointutah.com,,,yes,no_email,https://bodypointutah.com,medspa,"ipamorelin, sermorelin, cjc-1295",6
Body Sculpting by Nnajs Den,bodysculptingbynnajsden.shop.bodysculptingandmorebynnajsden.com,,,,unreachable,,,,
Body Specific,bodyspecificllc.com,office@bodyspecificllc.com,office@bodyspecificllc.com,yes,no_peptides,https://bodyspecificllc.com,medspa,,0
Body Therapy by Robin LLC,bodytherapybyrobin.com,info@bodytherapybyrobin.com,info@bodytherapybyrobin.com,yes,no_peptides,https://bodytherapybyrobin.com,vendor,,0
BodyWurx by Jimmy,bodywurxbyjimmy.com,jimmy@bodywurxbyjimmy.com,jimmy@bodywurxbyjimmy.com,yes,no_peptides,https://bodywurxbyjimmy.com,medspa,,0
Bohemian Oasis Healing Center,bohemianoasis.org,relax@bohemianoasis.org,relax@bohemianoasis.org,,no_peptides,https://bohemianoasis.org,vendor,,0
Bonafide Queens Body Contour,bonafidequeensbodycontour.com,,,,no_email,,vendor,,0
Bonnie Seeley Aesthetics,bonnieseeleyaesthetics.com,bonnieseeleyae@gmail.com,bonnieseeleyae@gmail.com,yes,no_peptides,https://bonnieseeleyaesthetics.com,medspa,,0
Anew Med Spa & Clinic,booking.mangomint.com,,,,no_email,https://booking.mangomint.com,vendor,,0
Meraki Beauty Skin Studios,bookmerakib.com,merakibeautyskinstudios@gmail.com,merakibeautyskinstudios@gmail.com,yes,no_peptides,https://bookmerakib.com,vendor,,0
TORQUE Tattoo,bookskinalchemy.com,,,,unreachable,,,,
Wellness in Motion Boston @ Heartbreak Hill,boston.dexafit.com,boston@dexafit.com,boston@dexafit.com,yes,already known,https://boston.dexafit.com,medspa,GLP-1 weight loss peptides,2
Gameday Men's Health Framingham,bostonbiologic.com,,,,unreachable,,,,
Lightning Sports Medicine,botanicalbeautyvt.com,kristaevincent@hotmail.com,kristaevincent@hotmail.com,yes,no_peptides,https://botanicalbeautyvt.com,vendor,,0
Botanica Spa,botanicanh.com,,,yes,no_email,https://botanicanh.com,vendor,,0
Twin City Health,boutiquewellnessnc.com,,,yes,no_email,https://boutiquewellnessnc.com,medspa,semaglutide,6
Beauty By Magick Shay,brattleborobeauty.com,magickshay@gmail.com,magickshay@gmail.com; u003emagickshay@gmail.com,yes,no_peptides,https://brattleborobeauty.com,medspa,,0
Bray’s Beauty Bar,braysbeautybar.glossgenius.com,braylinnsbeautybar@gmail.com,braylinnsbeautybar@gmail.com,yes,no_peptides,https://braysbeautybar.glossgenius.com,vendor,,0
Woodhouse Spa,briargate.woodhousespas.com,,,,no_email,,vendor,kpv,1
Bright Day Spa,brightdayspa.my.canva.site,,,,unreachable,,,,
Broadmoor Wellness & Cryotherapy,broadmoorwellnesscryospa.com,,,yes,no_email,https://broadmoorwellnesscryospa.com,vendor,,0
Brunswick Wellness and Hydration,brunswickwellnessandhydration.com,emilysmallr@gmail.com,emilysmallr@gmail.com,yes,already known,https://brunswickwellnessandhydration.com,medspa,"semaglutide, tirzepatide, nad+, glutathione",7
Rochester Aesthetics,buffaloaesthetics.com,,,yes,no_email,https://buffaloaesthetics.com,medspa,nad+,3
Buffalo Skincare Therapy,buffaloskincaretherapy.com,gemlynn33@gmail.com,gemlynn33@gmail.com,yes,no_peptides,https://buffaloskincaretherapy.com,medspa,,0
Annie's Massage Spa,business.joinsmiley.com,,,,no_email,https://business.joinsmiley.com,vendor,,0
Bee Natural Spa,busiussa.org,,,,no_email,https://busiussa.org,vendor,,0
Butter Day Spa,butterdayspa.com,,,yes,no_email,https://butterdayspa.com,medspa,,0
Butterfly Medical Spa,butterflymedspa.com,info@butterflymedspa.com,info@butterflymedspa.com,yes,no_peptides,https://butterflymedspa.com,medspa,,0
Vibrant Aesthetics,byvibrantaesthetics.com,,,,unreachable,,,,
XOXO Beauty Medspa & Wellness Refuge,calivingweightloss.com,,,,no_email,,vendor,,0
Calmaia Minds Health & Wellness,calmaiaminds.com,info@calmaiaminds.com,info@calmaiaminds.com,yes,no_peptides,https://calmaiaminds.com,medspa,,0
Calm Spa and Salon,calmspaandsalon.com,,,yes,no_email,https://calmspaandsalon.com,medspa,,0
Cameo Facial Aesthetics,cameofacialaesthetics.com,,,yes,no_email,https://cameofacialaesthetics.com,medspa,tirzepatide,7
Candescent Health and Wellness,candescent.health,,,yes,no_email,https://candescent.health,medspa,GLP-1 weight loss peptides,3
Iowa HBOT,capitalchirodsm.com,,,yes,no_email,https://capitalchirodsm.com,medspa,,0
Capitol Spa,capitolspavt.com,info@capitolspavt.com,info@capitolspavt.com,yes,no_peptides,https://capitolspavt.com,medspa,,0
Carbon World Health,carbonworldhealth.com,,,yes,no_email,https://carbonworldhealth.com,medspa,"semaglutide, tirzepatide",9
Renew Vitality Testosterone Clinic,cardinalagemanagement.com,,,,no_email,,vendor,,0
Carpe Diem Studio,carpediemyogastudio.com,info@carpediemyogastudio.com,info@carpediemyogastudio.com,yes,no_peptides,https://carpediemyogastudio.com,vendor,,0
Carpe Omni Med Spa,carpeomnimedspa.com,,,yes,no_email,https://carpeomnimedspa.com,medspa,semaglutide,4
Cashmere Boutique Spa,cashmereboutiquespa.com,cashmereboutiquespa@gmail.com,cashmereboutiquespa@gmail.com,,no_peptides,https://cashmereboutiquespa.com,vendor,,0
Bally's Shreveport Casino & Hotel,casinos.ballys.com,,,,no_email,https://casinos.ballys.com,vendor,,0
CA Skin & Body Clinic,caskinandbody.com,caskinandbodyclinic@gmail.com,caskinandbodyclinic@gmail.com,yes,already known,https://caskinandbody.com,medspa,semaglutide,3
Pure Essence Medical Spa,cassielane.com,,,yes,no_email,https://cassielane.com,medspa,"semaglutide, tirzepatide",9
CB Skin Secrets,cbskinsecrets.com,dr.stacey@cbskinsecrets.com,dr.stacey@cbskinsecrets.com,yes,no_peptides,https://cbskinsecrets.com,medspa,,0
Center for Cosmetic & Laser Surgery,cclscosmetic.com,mozment@cclscosmetic.com,mozment@cclscosmetic.com,yes,no_peptides,https://cclscosmetic.com,medspa,,0
Cosmetic Enhancement Center of New England Waterville,cecofne.com,,,yes,no_email,https://cecofne.com,medspa,"semaglutide, tirzepatide",6
Celebrity Skin,celebrityskinscottsdale.com,jennifer@celebrityskinscottsdale.com,jennifer@celebrityskinscottsdale.com,yes,no_peptides,https://celebrityskinscottsdale.com,medspa,,0
Celestial Med Spa,celestialmedspa.com,,,,unreachable,,,,
INFINITY Laser Hair Removal,celsiusmedspa.com,,,yes,no_email,https://celsiusmedspa.com,medspa,semaglutide,1
Center For Dermatology & Laser Surgery (Hillsboro Clinic),centerdermlaser.com,,,yes,no_email,https://centerdermlaser.com,medspa,,0
Center for Medical Aesthetics,centerformedicalaestheticsri.com,,,yes,no_email,https://centerformedicalaestheticsri.com,medspa,,0
The Center For Mind Body & Spirit,centerformindbodyspirit.com,info@centerformindbodyspirit.com,info@centerformindbodyspirit.com; appointments@centerformindbodyspirit.com,yes,no_peptides,https://centerformindbodyspirit.com,medspa,,0
OsteoStrong,centers.osteostrong.me,,,,no_email,https://centers.osteostrong.me,vendor,,0
Ceremony Salon & Spa,ceremonybzn.com,info@ceremonybzn.com,info@ceremonybzn.com,,no_peptides,https://ceremonybzn.com,vendor,,0
Dr. Catherine Vanderloos,cfvanderloos.com,,,,no_email,,vendor,,0
Advanced TRT Clinic,chara-health.com,,,,no_email,https://chara-health.com,vendor,,1
The Estuary Spa at The Beach Club Charleston,charlestonharborresort.com,,,yes,no_email,https://charlestonharborresort.com,vendor,,0
Charleston Laser and Aesthetics,charlestonlac.com,,,,unreachable,,,,
Charleston Medical Massage and Lymphatic Therapy,charlestonlymphaticmassages.com,,,,no_email,https://charlestonlymphaticmassages.com,vendor,,0
Effleurage Spa Charles Town LLC,charlestownspa.com,,,yes,no_email,https://charlestownspa.com,vendor,,0
"Gameday Men's Health North Haven, CT",charliblakesmedspa.com,charliblakesmedspa1@gmail.com,charliblakesmedspa1@gmail.com,yes,already known,https://charliblakesmedspa.com,medspa,"semaglutide, nad+",5
Afro Herbalist,charliethewaxer.glossgenius.com,,,,no_email,https://charliethewaxer.glossgenius.com,medspa,GLP-1 weight loss peptides,2
MED 1 Health & Wellness Corp,charlottetherapies.com,cryotherapyportcharlotte@gmail.com,cryotherapyportcharlotte@gmail.com,yes,no_peptides,https://charlottetherapies.com,vendor,,0
Cheeky Curated Aesthetics,cheekycurated.com,cheekybeautybar@gmail.com,cheekybeautybar@gmail.com; shannonmagda@gmail.com,,no_peptides,https://cheekycurated.com,medspa,,0
Chesapeake Vein Center and MedSpa,chesapeakeveinandmedspa.com,,,,no_email,https://chesapeakeveinandmedspa.com,vendor,,0
Cheyenne Mountain Gynecology and Med Spa,cheyennemountaingynecology.com,,,,unreachable,,,,
Botox injections by Chicagoland Aesthetics,chicagolandaesthetics.com,,,yes,no_email,https://chicagolandaesthetics.com,medspa,,0
Total Vitality Medical Group,chillnoutclearwater.com,info@chillnoutclearwater.com,info@chillnoutclearwater.com,yes,no_peptides,https://chillnoutclearwater.com,vendor,,0
Woodstock Health Clinic PLLC,chirowellnessstudio.com,,,,no_email,https://chirowellnessstudio.com,vendor,"nad+, kpv",3
515 Wellness and Aesthetics,chooseoptimizewellness.com,,,yes,no_email,https://chooseoptimizewellness.com,medspa,nad+,4
Leaves of Life,chooseprecisionhealth.com,,,yes,no_email,https://chooseprecisionhealth.com,medspa,"semaglutide, bpc-157, nad+, ipamorelin, sermorelin",13
Chrome Aesthetics,chromeaestheticsspa.com,betweenuandmespa@gmail.com,betweenuandmespa@gmail.com,yes,no_peptides,https://chromeaestheticsspa.com,medspa,,0
Ciel Eau Day Spa,ciel-eau.com,cieleaullc@gmail.com,cieleaullc@gmail.com,yes,no_peptides,https://ciel-eau.com,medspa,,0
"Cilantro Hair Spa, LLC",cilantrohairspa.com,,,yes,no_email,https://cilantrohairspa.com,vendor,,0
Timeless Aesthetics MedSpa,cincymedspa.com,info@cincymedspa.com,info@cincymedspa.com,yes,no_peptides,https://cincymedspa.com,medspa,,0
Citrus and Willow Aesthetics,citrusandwillowskin.com,,,,unreachable,,,,
CJ Esthetics,cjesthetics.com,info@cjesthetics.com,info@cjesthetics.com; carabrantley@gmail.com,yes,no_peptides,https://cjesthetics.com,medspa,,0
Cleveland Aesthetics Studio,clevelandaestheticsstudio.com,clevelandaestheticsstudio@gmail.com,clevelandaestheticsstudio@gmail.com,yes,no_peptides,https://clevelandaestheticsstudio.com,medspa,,0
QC Kinetix (Independence),clevelandhealthgroup.com,,,,no_email,,vendor,,0
Peak TRT,clevelandivhydration.com,impallari@gmail.com,impallari@gmail.com,yes,already known,https://clevelandivhydration.com,medspa,"nad+, glutathione",4
Restore Hyper Wellness,cloud9eesystem.com,,,yes,no_email,https://cloud9eesystem.com,vendor,,0
Cloud Clinic,cloudclinic.me,,,,no_email,https://cloudclinic.me,medspa,"semaglutide, tirzepatide, nad+",5
The Club St. Louis,clubsaunas.com,,,,unreachable,,,,
Cambridge Medical Aesthetics,cma.glossgenius.com,,,,no_email,https://cma.glossgenius.com,medspa,GLP-1 weight loss peptides,2
Rejuvaderm MediSpa,coastaldermmedispa.com,,,,unreachable,,,,
Biosymmetry Wilmington-Leland,coastlinewellnessnc.com,,,yes,no_email,https://coastlinewellnessnc.com,vendor,GLP-1 weight loss peptides,6
Veda Salon & Spa,coloradoveda.com,,,yes,no_email,https://coloradoveda.com,medspa,,0
Columbine Massage Therapy & Day Spa,columbinedayspa.com,,,yes,no_email,https://columbinedayspa.com,vendor,,0
Contour 406,contour406.com,seant@contour406.com,seant@contour406.com,yes,no_peptides,https://contour406.com,vendor,,0
Peak Health Institute,conventionswellness.com,,,yes,no_email,https://conventionswellness.com,medspa,,1
Coolbodispa,coolbodispa.com,,,yes,no_email,https://coolbodispa.com,medspa,,0
CoolLuxe by Marshall,coolsculptingbymarshall.com,,,,unreachable,,,,
Enhanced Wellness Living,corewellnessandrecovery.com,,,yes,no_email,https://corewellnessandrecovery.com,medspa,"nad+, glutathione",4
Cosmetic Laser Therapy,cosmeticlasertherapy.com,vermontlaser@yahoo.com,vermontlaser@yahoo.com,yes,no_peptides,https://cosmeticlasertherapy.com,medspa,,0
Cosmetic Wellness Center,cosmeticwellnesscenter.com,cosmeticwellness@live.com,cosmeticwellness@live.com,yes,no_peptides,https://cosmeticwellnesscenter.com,medspa,,0
Couture Health Spokane,couturebodyandaesthetics.square.site,,,,no_email,https://couturebodyandaesthetics.square.site,medspa,,0
Crafted Aesthetics,craftedaestheticsmt.com,craftedacademy@gmail.com,craftedacademy@gmail.com,yes,already known,https://craftedaestheticsmt.com,medspa,semaglutide,4
Cratos Health Calculated,cratoshealth.com,,,yes,no_email,https://cratoshealth.com,medspa,"semaglutide, tirzepatide",11
"Lips & Lashes by Crazy Aimee, LLC",crazyaimeedesigns.com,crazyaimee73@gmail.com,crazyaimee73@gmail.com,yes,no_peptides,https://crazyaimeedesigns.com,medspa,,0
Create Medical Aesthetics,createmedspa.com,,,yes,no_email,https://createmedspa.com,medspa,,0
Create You,createyou.biz,createyoubiz@aol.com,createyoubiz@aol.com,yes,no_peptides,https://createyou.biz,medspa,,0
Creative Touch Day Spa & Salon,creativetouchtupelo.com,creativetouchtupelo@gmail.com,creativetouchtupelo@gmail.com,yes,no_peptides,https://creativetouchtupelo.com,vendor,,0
The Science of Beauty,creggeresthetics.glossgenius.com,dalton@creggeresthetics.com,creggeresthetics@gmail.com; dalton@creggeresthetics.com,yes,no_peptides,https://creggeresthetics.glossgenius.com,medspa,,0
Evolve Wellness and Health,crhormonehealth.com,,,yes,no_email,https://crhormonehealth.com,medspa,,4
Skin Wellness by Tina,cristinacreanga.glossgenius.com,skinwellnessbytina@gmail.com,skinwellnessbytina@gmail.com,yes,no_peptides,https://cristinacreanga.glossgenius.com,vendor,,0
Cyro by Sisters,cryobysisters.com,,,,unreachable,,,,
"IV Nutrition Liberty, MO",cryotherapyliberty.com,,,yes,no_email,https://cryotherapyliberty.com,vendor,,0
Pretty with Poulos,cryotherapynorthboro.com,info@cryotherapynorthboro.com,info@cryotherapynorthboro.com,yes,no_peptides,https://cryotherapynorthboro.com,vendor,,0
Crystal Day Spa,crystaldayspabrattleboro.com,,,,unreachable,,,,
CoolSculpting & CoolTone Center CT,ctskindoc.com,info@ctskindoc.com,info@ctskindoc.com; --info@ctskindoc.com,yes,no_peptides,https://ctskindoc.com,medspa,,0
Cultivating Aesthetics,cultivatingaesthetics.com,cultivatingaestheticsmed@gmail.com,cultivatingaestheticsmed@gmail.com,yes,no_peptides,https://cultivatingaesthetics.com,medspa,,0
Curated Aesthetics,curatedaestheticswi.com,craftedaestheticswi@gmail.com,craftedaestheticswi@gmail.com; curatedtedaestheticswi@gmail.com; curatedaestheticswi@gmail.com,yes,no_peptides,https://curatedaestheticswi.com,medspa,,0
Curated Medical,curatedmed.com,info@curatedmed.com,info@curatedmed.com; hello@curatedmed.com,yes,no_peptides,https://curatedmed.com,medspa,,0
Curate MedAesthetics,curatemedspa.com,,,yes,no_email,https://curatemedspa.com,medspa,,0
CURV Recovery & Wellness Spa,curvrecovery.glossgenius.com,,,yes,no_email,https://curvrecovery.glossgenius.com,medspa,,0
CustomSkin Spas,customskinmedspa.com,,,,unreachable,,,,
"The Center of Well-Being Massage, Facials and Wellness",cwb.massagetherapy.com,,,yes,no_email,https://cwb.massagetherapy.com,vendor,,0
Daje Wellness and Spa,dajewellnessandspa.com,,,,unreachable,,,,
Dermatology Associates & Surgical Center,dascwv.com,,,,unreachable,,,,
Davenport Spa,davenporthotelcollection.com,,,yes,no_email,https://davenporthotelcollection.com,vendor,,0
Day Glow Skin & Body Care,dayglowvt.com,dayglowvt@gmail.com,dayglowvt@gmail.com,yes,no_peptides,https://dayglowvt.com,medspa,,0
DCOMPRESS DOWNTOWN,dcompressdowntown.com,d@dcompressdowntown.com,d@dcompressdowntown.com,yes,no_peptides,https://dcompressdowntown.com,vendor,,0
Dea Aesthetics Philadelphia,dea-aesthetics.com,,,,unreachable,,,,
Definition Salon and Spa,definitionspasalon.com,info@definitionspasalon.com,info@definitionspasalon.com,yes,no_peptides,https://definitionspasalon.com,vendor,,0
Defyne Med Spa & Weight Loss,defynemedspa.com,defynemedspa@gmail.com,defynemedspa@gmail.com,yes,no_peptides,https://defynemedspa.com/about,medspa,,0
Delamar Greenwich Harbor Spa,delamar.com,,,,no_email,https://delamar.com,vendor,,0
Hydration Room,depkewellness.com,glen@depkewellness.com,glen@depkewellness.com,yes,no_peptides,https://depkewellness.com,vendor,,0
Derma Advanced,derma-advanced.com,skin@derma-advanced.com,skin@derma-advanced.com,yes,no_peptides,https://derma-advanced.com,medspa,,0
Dermacare of Hampton Roads,dermacarehr.com,,,yes,no_email,https://dermacarehr.com,medspa,,0
DermaCosmedica: Dr. Joseph Guarino,dermacosmedica.com,,,yes,no_email,https://dermacosmedica.com,medspa,,0
Dermaesthetics,dermaestheticslascruces.com,dermaestheticslc@gmail.com,dermaestheticslc@gmail.com,yes,no_peptides,https://dermaestheticslascruces.com,medspa,,0
Dermamode Spa Cincinnati,dermamodespacin.com,support@dermamodespacin.com,support@dermamodespacin.com,yes,no_peptides,https://dermamodespacin.com,medspa,,0
dermani MEDSPA® Granger,dermanimedspa.com,,,,no_email,https://dermanimedspa.com,medspa,,0
Derma Renew Spa,dermarenewspa.com,,,yes,no_email,https://dermarenewspa.com,medspa,,0
Dermillume MD,dermillumemd.com,info@dermillumemd.com,info@dermillumemd.com,yes,no_peptides,https://dermillumemd.com,medspa,,0
DermaSpa,dermrochester.com,,,yes,no_email,https://dermrochester.com,medspa,,0
Destino Bella,destinobella.com,,,,unreachable,,,,
Derma Health Skin & Laser,dhiskin.com,,,,unreachable,,,,
Diamond Nails & Spa,diamondnailsjfk.com,,,,no_email,https://diamondnailsjfk.com,vendor,,0
Dig Deep Massage Co,digdeep574.com,digdeep574@gmail.com,digdeep574@gmail.com,yes,no_peptides,https://digdeep574.com,vendor,,0
Dolce Medical Spa,dolcemedicalspas.com,,,,no_email,https://dolcemedicalspas.com/contact-us,medspa,,0
Dolce Vita Wellness Spa,dolcevitawellnessspa.com,info@dolcevitawellnessspa.com,info@dolcevitawellnessspa.com,,no_us_signal,https://dolcevitawellnessspa.com,medspa,"semaglutide, glutathione",3
Dolle Aesthetics,dolleaesthetics.com,,,,unreachable,,,,
KAI Med Spa,dottierx.com,,,yes,no_email,https://dottierx.com,medspa,,0
Douglas Med Spa,douglasmedspa.com,,,,no_email,https://douglasmedspa.com,vendor,,0
Downtown Medicine and Spa,downtownmedicineandspa.com,downtownmedicine@gmail.com,downtownmedicine@gmail.com,yes,already known,https://downtownmedicineandspa.com,medspa,glutathione,4
Downtown Smooth Spa,downtownsmooth.com,downtownsmoothspa@gmail.com,downtownsmoothspa@gmail.com,yes,no_peptides,https://downtownsmooth.com,vendor,,0
dragonfly spa,dragonflymassageandesthetics.com,dragonflymassageandesthetics@gmail.com,dragonflymassageandesthetics@gmail.com,yes,no_peptides,https://dragonflymassageandesthetics.com,vendor,,0
Dragonfly Skin and Wellness,dragonflyskinandwellness.com,,,,no_email,,vendor,,0
Precision Aesthetics,drcaesthetics.com,,,yes,no_email,https://drcaesthetics.com,medspa,,1
Integrative Hormone Center for Men,drcova.com,,,,no_email,,vendor,,0
OK B Healthy ️,drdavechiro.com,,,,unreachable,,,,
Dream Aesthetics Medspa,dreamhoustonmedspa.com,,,yes,no_email,https://dreamhoustonmedspa.com,medspa,"semaglutide, tirzepatide",2
Westlake Plastic Surgery and Medical Spa,drgoldman.com,info@drgoldman.com,info@drgoldman.com,yes,no_peptides,https://drgoldman.com,medspa,,0
Slender Me Medical,driphydration.com,,,,unreachable,,,,
DRIP INFRARED,dripinfrared.com,drip@dripinfrared.com,drip@dripinfrared.com,yes,no_peptides,https://dripinfrared.com,vendor,,0
DripWell Health and Wellness,dripwell.us,,,yes,no_email,https://dripwell.us,medspa,"nad+, glutathione",4
Drip Wellness Spa,dripwellnessspa.com,,,,no_email,,vendor,,0
DRIP ZONE OMAHA LLC,dripzoneomaha.com,dripzoneomaha@gmail.com,dripzoneomaha@gmail.com,yes,already known,https://dripzoneomaha.com,medspa,"semaglutide, tirzepatide, nad+, glutathione",15
Springs Aesthetics,drjohnburroughs.com,,,yes,no_email,https://drjohnburroughs.com,medspa,,0
AM Skin Health & Aesthetic Medicine,drmarkneumann.com,msndcdo@gmail.com,msndcdo@gmail.com,yes,already known,https://drmarkneumann.com,medspa,GLP-1 weight loss peptides,5
Center for Wellness and Integrative Medicine,drmichnd.com,info@drmichnd.com,info@drmichnd.com,yes,no_peptides,https://drmichnd.com,medspa,,0
"Paul A Blair, M.D.",drpaulblair.com,,,,unreachable,,,,
Restore Renew Skin Med Spa,drrepta.com,info@drrepta.com,info@drrepta.com,yes,no_peptides,https://drrepta.com,vendor,,0
KP Aesthetics,drsubbio.com,,,yes,no_email,https://drsubbio.com,medspa,"semaglutide, tirzepatide",5
LoveLi Care Med Spa & Wellness Lounge,drweng.com,advancedmedicine24@gmail.com,advancedmedicine24@gmail.com,yes,already known,https://drweng.com,medspa,"semaglutide, tirzepatide",5
Des Moines Plastic Surgery,dsmplasticsurgery.com,,,yes,no_email,https://dsmplasticsurgery.com,medspa,,0
Duly Health and Care,dulyhealthandcare.com,,,yes,no_email,https://dulyhealthandcare.com,medspa,,0
The John Bull Center for Cosmetic Surgery & Laser MediSpa,dupageplastics.com,,,yes,no_email,https://dupageplastics.com,medspa,semaglutide,3
DWH Health & Wellness Med Spa,dwhmedspa.com,,,yes,no_email,https://dwhmedspa.com,medspa,,2
Restore Hyper Wellness,eastcoastfloatspa.com,hello@eastcoastfloatspa.com,westchester@eastcoastfloatspa.com; princeton@eastcoastfloatspa.com; yardley@eastcoastfloatspa.com; hello@eastcoastfloatspa.com,yes,no_peptides,https://eastcoastfloatspa.com,vendor,,0
East of Equinox Day Spa,eastofequinoxdayspa.com,eoedayspa@gmail.com,eoedayspa@gmail.com,yes,no_peptides,https://eastofequinoxdayspa.com,medspa,,0
Essential Body Therapies,ebodytherapies.com,,,,unreachable,,,,
Ecology Room,ecologyroomroc.com,,,,no_email,https://ecologyroomroc.com,vendor,,0
Eden Medical Spa & Boutique,edenjonesboro.com,edenspajonesboro@gmail.com,edenspajonesboro@gmail.com,yes,no_peptides,https://edenjonesboro.com,medspa,,0
Edn Skin & Spa,ednskin.com,hello@ednskin.com,hello@ednskin.com,yes,no_peptides,https://ednskin.com,medspa,,0
EHormones MD,ehormones.com,rendro87@gmail.com,rendro87@gmail.com,yes,already known,https://ehormones.com,medspa,GLP-1 weight loss peptides,5
Elase Medical Spa,elase.com,,,,no_email,https://elase.com,medspa,"tb-500, ipamorelin, sermorelin, pt-141, glutathione, 5-amino-1mq",7
Elegant Aesthetics,elegantaestheticsri.com,,,yes,no_email,https://elegantaestheticsri.com,medspa,,0
Elegant Esthetics LLC,elegantestheticsvt.glossgenius.com,,,,no_email,https://elegantestheticsvt.glossgenius.com,medspa,GLP-1 weight loss peptides,2
The Element SPA & Salon,elementbuffalo.com,info@elementbuffalo.com,info@elementbuffalo.com,yes,no_peptides,https://elementbuffalo.com,medspa,,0
Elements Aesthetics,elementsaesthetics.com,,,,no_email,,vendor,,0
Elements Massage,elementsmassage.com,info@elementsmassage.com,info@elementsmassage.com,,no_peptides,https://elementsmassage.com,medspa,,0
Elevated Aesthetics,elevatedaestheticsomaha.com,,,yes,no_email,https://elevatedaestheticsomaha.com,medspa,,0
Elevate,elevateevansville.com,,,yes,no_email,https://elevateevansville.com,medspa,kpv,3
Elevate Med Spa,elevatemedspamn.com,info@elevatemedspamn.com,info@elevatemedspamn.com,yes,no_peptides,https://elevatemedspamn.com,medspa,,0
EleVate Mobile IV,elevatemobileiv.com,,,yes,no_email,https://elevatemobileiv.com,medspa,glutathione,2
Minus 250 Degrees Cryotherapy and Massage Therapy,elevateutah.com,info@elevateutah.com,info@elevateutah.com,yes,no_peptides,https://elevateutah.com,vendor,,0
Oasis Medical Spa,elevatewellnessandaesthetics.com,,,yes,no_email,https://elevatewellnessandaesthetics.com,medspa,GLP-1 weight loss peptides,3
Willow Med Spa & Salon,elevationweightloss.com,,,yes,no_email,https://elevationweightloss.com,medspa,"semaglutide, tirzepatide, nad+, sermorelin",10
ELF Aesthetics,elfaesthetics.com,elfaesthetics7@gmail.com,elfaesthetics7@gmail.com,yes,no_peptides,https://elfaesthetics.com,medspa,,0
Elim Home Spa,elimhomespa.com,hello@elimhomespa.com,hello@elimhomespa.com,yes,no_peptides,https://elimhomespa.com,vendor,,0
Eliza Williams Spa,elizawilliamsdayspa.com,,,,no_email,https://elizawilliamsdayspa.com,vendor,,0
Elyon Massage and Boutique Spa,elyon.co,,,yes,no_email,https://elyon.co,vendor,,0
Cova Ob/Gyn & Cova MedSpa,emanaesthetics.com,,,yes,no_email,https://emanaesthetics.com,medspa,,0
E Med Spa,emedspasd.com,,,,no_email,,vendor,,0
Emily Elizabeth Skincare,emilyelizabethskincare.com,emilyelizabethskincare@gmail.com,emilyelizabethskincare@gmail.com,,no_peptides,https://emilyelizabethskincare.com,vendor,,0
Revive Hydration,empirewellnesswv.com,contact@empirewellnesswv.com,contact@empirewellnesswv.com,yes,no_peptides,https://empirewellnesswv.com,medspa,,0
Encore Skin Boutique,encoreskinboutique.com,hello@encoreskinboutique.com,hello@encoreskinboutique.com,yes,no_peptides,https://encoreskinboutique.com,medspa,,0
Enhanced Beauty Studio,enhancedbs.glossgenius.com,enhancedbs@outlook.com,enhancedbs@outlook.com,yes,no_peptides,https://enhancedbs.glossgenius.com,vendor,,0
ennu,ennu.co,,,yes,no_email,https://ennu.co,medspa,,0
Envision Oculofacial Plastic Surgery Center and Medical Spa,envisionroc.com,info@envisionroc.com,info@envisionroc.com,yes,no_peptides,https://envisionroc.com,medspa,,0
Epiphany Dermatology,epiphanydermatology.com,,,yes,no_email,https://epiphanydermatology.com,medspa,,0
eLeMeNtal aesthetics,equinox.com,concierge@equinox.com,concierge@equinox.com; pr@equinox.com; cancellations@equinox.com,yes,no_peptides,https://equinox.com,vendor,,0
Eros Beauty and Wellness,erosbeautyandwellness.com,doceroslsd@gmail.com,doceroslsd@gmail.com,yes,no_peptides,https://erosbeautyandwellness.com,medspa,,0
Essence2 Aesthetics and Wellness,essence2aestheticsandwellness.com,info@essence2aestheticsandwellness.com,info@essence2aestheticsandwellness.com,yes,no_peptides,https://essence2aestheticsandwellness.com/about,medspa,,0
Essence Skin Clinic & Med Spa,essenceskinclinic.com,info@essenceskinclinic.com,info@essenceskinclinic.com,yes,no_peptides,https://essenceskinclinic.com,medspa,,0
Essential Glow Esthetics,essentialglowesthetics.com,essentialglowesthetics@gmail.com,essentialglowesthetics@gmail.com,yes,no_peptides,https://essentialglowesthetics.com,vendor,,0
Essential Kneads,essentialkneadsri.com,impallari@gmail.com,impallari@gmail.com,yes,no_peptides,https://essentialkneadsri.com,vendor,,0
Essentially Bare Laser Medspa,essentiallybare.com,,,yes,no_email,https://essentiallybare.com,medspa,"semaglutide, tirzepatide",8
Essential Me Aesthetics and Wellness (Formerly know as Aldrjoy Hydrati,essentialmespa.com,,,,no_email,,vendor,,0
Esteem Medspa,esteem-medspa.com,,,,unreachable,,,,
Estella Aesthetics,estellaaesthetics.com,,,,no_email,,vendor,,0
Esthetic Excellence Academy,estheticexcellenceacademy.com,admissions@estheticexcellenceacademy.com,admissions@estheticexcellenceacademy.com,yes,no_peptides,https://estheticexcellenceacademy.com,medspa,,0
Eternal Dermatology & Aesthetic Center,eternaldermatology.com,eternaldermatology@gmail.com,eternaldermatology@gmail.com,yes,no_peptides,https://eternaldermatology.com,medspa,,0
Aesthetic Medicine Southwest Montana,eternaldreamspabozeman.com,,,yes,no_email,https://eternaldreamspabozeman.com/about,medspa,,0
Eternal Glow Aesthetics,eternalglowaestheticsnh.com,,,,unreachable,,,,
Foundational Health,etherealaestheticsllc.com,,,,unreachable,,,,
Ethical Esthetics,ethicalesthetics.glossgenius.com,ethicalestheticsnh@gmail.com,ethicalestheticsnh@gmail.com,yes,no_peptides,https://ethicalesthetics.glossgenius.com,vendor,,0
Etienne Esthetics LLC,etienneesthetics.glossgenius.com,etienneestheticsllc@gmail.com,etienneestheticsllc@gmail.com,,no_peptides,https://etienneesthetics.glossgenius.com,vendor,,0
Aesthetic Medicine,euroaestheticmdnjfl.com,,,,unreachable,,,,
Élan Vital,ev-idaho.com,,,yes,no_email,https://ev-idaho.com,medspa,nad+,1
Even Keel Wellness Spa Columbia,evenkeelspa.com,,,yes,no_email,https://evenkeelspa.com,vendor,,0
"EverGlo Aesthetics, LLC",evergloaesthetics.com,info@evergloaesthetics.com,info@evergloaesthetics.com,yes,no_peptides,https://evergloaesthetics.com,medspa,,0
"Integrative Holistic Healing, LLC",evesicurella.abmp.com,,,,no_email,https://evesicurella.abmp.com,vendor,,0
eviama life,eviama.com,eviama@gmail.com,eviama@gmail.com,yes,no_peptides,https://eviama.com,medspa,,0
Evoking Beauty LLC,evokingbeauty.com,,,yes,no_email,https://evokingbeauty.com,medspa,,0
Evolution,evolutionsalondayspa.com,info@evolutionsalondayspa.com,info@evolutionsalondayspa.com,yes,no_peptides,https://evolutionsalondayspa.com,vendor,,0
Dr Marco Barusco,evolutionwellnessclinic.com,tracy@evolutionwellnessclinic.com,tracy@evolutionwellnessclinic.com,,no_peptides,https://evolutionwellnessclinic.com,medspa,,0
Evolve 406,evolve406bozeman.glossgenius.com,evolve406@gmail.com,evolve406@gmail.com,yes,no_peptides,https://evolve406bozeman.glossgenius.com,vendor,,0
KnOxygen- Knoxville Hyperbarics,evolve865.com,,,yes,no_email,https://evolve865.com,medspa,glutathione,5
Evolve Apothecary and Spa,evolveapothecary.com,,,,no_email,https://evolveapothecary.com/about-us,vendor,,0
"Evolve Esthetics, LLC",evolveestheticsllc.com,,,,no_email,https://evolveestheticsllc.com,medspa,,0
Gameday Men's Health Waldorf,evolvemedspa.com,,,yes,no_email,https://evolvemedspa.com,medspa,,0
Miracle Wellness-weight loss and med spa,evolvenowtherapy.com,evolvenowtherapy@gmail.com,evolvenowtherapy@gmail.com,yes,no_peptides,https://evolvenowtherapy.com,vendor,,0
Expansion Health,expansionhealthjh.com,,,yes,no_email,https://expansionhealthjh.com,medspa,GLP-1 weight loss peptides,3
Exquisite Beauty Spa LLC,exquisitebeautyspa.as.me,,,,no_email,https://exquisitebeautyspa.as.me,vendor,,0
Eyeconic Microblading and Spa,eyeconicvegas.com,,,yes,no_email,https://eyeconicvegas.com,medspa,,0
Face Five Acne Clinic,facefiveacne.com,info@facefiveacne.com,info@facefiveacne.com,yes,no_peptides,https://facefiveacne.com,medspa,,0
Face Forward Aesthetics,faceforwardaesthetics.com,,,yes,no_email,https://faceforwardaesthetics.com,medspa,"semaglutide, tirzepatide",5
FACE FOUNDRIÉ,facefoundrie.com,info@facefoundrie.com,info@facefoundrie.com,,no_peptides,https://facefoundrie.com,medspa,,0
Face It Hydrate Med Spa,faceithydratemedspa.com,,,,no_email,https://faceithydratemedspa.com,medspa,,0
Face Plant Esthetics + Wellness,faceplantesthetics.com,hello@faceplantesthetics.com,hello@faceplantesthetics.com,yes,no_peptides,https://faceplantesthetics.com,medspa,,0
Bloom Salon and Spa,facetofacespa.com,,,,no_email,https://facetofacespa.com,medspa,semaglutide,1
Luxe Haven Aging & Acne Aesthetics of Skin Haven RX,facialsbyskinhavenrx.com,,,yes,no_email,https://facialsbyskinhavenrx.com,medspa,,0
Aura Spa LLC,fancypharm.com,fancypharm@gmail.com,fancypharm@gmail.com,yes,no_peptides,https://fancypharm.com,vendor,,0
Revive Skin and Med Spa,farrahahmadmd.net,,,yes,no_email,https://farrahahmadmd.net,medspa,,0
"Medical Group Robinson . Dr. Irina E. Vinarski, MD",feelnu.com,,,yes,no_email,https://feelnu.com,medspa,sermorelin,3
Felina Sno Wellness,felinasnowellness.glossgenius.com,felina.belle@gmail.com,felina.belle@gmail.com,yes,already known,https://felinasnowellness.glossgenius.com,vendor,"semaglutide, tirzepatide, nad+, glutathione",6
Femmi,femmi.com,hello@femmi.com,hello@femmi.com,yes,no_peptides,https://femmi.com,medspa,,0
Fierce Aesthetics,fierce-aesthetics.com,advancedinjector@fierce-aesthetics.com,advancedinjector@fierce-aesthetics.com,yes,no_peptides,https://fierce-aesthetics.com,medspa,,0
Fifty Shades Of Body,fiftyshadesofbody.co,,,,no_email,https://fiftyshadesofbody.co/contact-us,medspa,,0
FitBody Studio,fitbodystudio.com,wellness@fitbodystudio.com,wellness@fitbodystudio.com,yes,no_peptides,https://fitbodystudio.com,vendor,,0
Five Elements Salon & Day Spa,fiveelementsdayspa.com,weddings@fiveelementsdayspa.com,weddings@fiveelementsdayspa.com; parties@fiveelementsdayspa.com,yes,no_peptides,https://fiveelementsdayspa.com,vendor,,0
Fixx Medical Spa,fixxmedicalspa.com,info@fixxmedicalspa.com,info@fixxmedicalspa.com,yes,no_peptides,https://fixxmedicalspa.com,medspa,,0
Fizz Facial Bar,fizzfacialbar.com,info@fizzfacialbar.com,jonesboro@fizzfacialbar.com; nicholasville@fizzfacialbar.com; georgetown@fizzfacialbar.com; conway@fizzfacialbar.com; info@fizzfacialbar.com,yes,no_peptides,https://fizzfacialbar.com,medspa,,0
Moonlit Aesthetics,flagcdn.com,,,,no_email,https://flagcdn.com,vendor,,0
Flawless Skin & Brow Boutique,flawless-boutique.com,,,yes,no_email,https://flawless-boutique.com,medspa,,0
Flawless Salon and Medical Spa,flawlessmedicalspa.com,,,,unreachable,,,,
Fletcher Aesthetics,fletcheraestheticschs.com,admin@fletcheraestheticschs.com,admin@fletcheraestheticschs.com,yes,no_peptides,https://fletcheraestheticschs.com,medspa,,0
FLEX Spas Cleveland,flexspas.com,info@flexspas.com,info@flexspas.com,yes,no_peptides,https://flexspas.com,vendor,,0
Float District,floatdistrict.com,,,,no_email,https://floatdistrict.com,vendor,,0
Float Madison,floatmadison.com,greg@floatmadison.com,greg@floatmadison.com; gofloat@floatmadison.com; gofloat@floatmadison.co,yes,no_peptides,https://floatmadison.com,vendor,,0
Float Seattle (South Lake Union),floatseattle.com,guide@floatseattle.com,guide@floatseattle.com,yes,no_peptides,https://floatseattle.com,vendor,,0
Floetouch Facial Massage San Diego,floetouch.glossgenius.com,floetouch@gmail.com,floetouch@gmail.com,yes,no_peptides,https://floetouch.glossgenius.com,vendor,,0
Flora Medspa,floramedspa.com,,,,no_email,https://floramedspa.com,vendor,,0
Ozark Integrative Medicine,flourishfwc.com,info@flourishfwc.com,%20info@flourishfwc.com; info@flourishfwc.com,yes,no_peptides,https://flourishfwc.com,medspa,,0
Fluid Aesthetics & Wellness,fluidaestheticsandwellness.com,,,,no_email,,vendor,,0
Karma Day Spa & Salon,forestgrovedayspa.com,,,,no_email,,vendor,,0
Forest Grove Spa,forestgrovespa.com,forestgrovespa@gmail.com,forestgrovespa@gmail.com,yes,no_peptides,https://forestgrovespa.com,vendor,,0
Forever Hermosa Aesthetics,foreverhermosaabq.com,,,,unreachable,,,,
Forever Nail & Spa,forevernailandspa.com,johnnyvo1975@yahoo.com,johnnyvo1975@yahoo.com,yes,no_peptides,https://forevernailandspa.com,medspa,,0
ForeverSkinn,foreverskinn.com,jadesnaith@foreverskinn.com,jadesnaith@foreverskinn.com,yes,no_peptides,https://foreverskinn.com,medspa,,0
Forever Young Head Spa,foreveryoungbykb.glossgenius.com,kmila.aesthetics@gmail.com,kmila.aesthetics@gmail.com,yes,no_peptides,https://foreveryoungbykb.glossgenius.com,vendor,,0
Mt. Fuji Japanese Massage,form.jotform.com,support@jotform.com,support@jotform.com,yes,no_peptides,https://form.jotform.com,vendor,,0
Formation Sauna + Wellness,formationsauna.com,hello@formationsauna.com,hello@formationsauna.com,yes,no_peptides,https://formationsauna.com,vendor,,0
Hydrate IV Bar,fortcollins.hydrateivbar.com,,,,no_email,,vendor,,0
Foster Aesthetics,fostermedicalclinic.com,,,yes,no_email,https://fostermedicalclinic.com,medspa,GLP-1 weight loss peptides,6
"Foundation Health and Wellness, LLC.",foundationhw.com,,,yes,no_email,https://foundationhw.com,medspa,"semaglutide, tirzepatide",12
Fountain of Youth Med Spa,fountainofyouthmedspa.net,,,yes,no_email,https://fountainofyouthmedspa.net,medspa,semaglutide,2
Capri Aesthetics,fountainwellnessclinic.com,,,,no_email,https://fountainwellnessclinic.com,medspa,,0
Four Seasons Hotel St. Louis,fourseasons.com,,,,unreachable,,,,
Cedar Spa,fourwindscasino.com,,,yes,no_email,https://fourwindscasino.com,vendor,,0
Dream Spa Medical,foxboro.thedripbar.com,,,,no_email,,vendor,,0
Foxy Allure Aesthetics,foxyallureaesthetics.com,,,,no_email,,vendor,,0
Foxy Fill,foxyfill.com,,,yes,no_email,https://foxyfill.com,medspa,semaglutide,2
Freckles Skincare,freckles.glossgenius.com,freckles.skin@gmail.com,freckles.skin@gmail.com,yes,no_peptides,https://freckles.glossgenius.com,vendor,,0
Fresh Face Aesthetics,freshfaceboise.com,hello@freshfaceboise.com,hello@freshfaceboise.com,,no_us_signal,https://freshfaceboise.com,medspa,"nad+, glutathione",3
From Within Sugar & BeautyBar,fromwithinsugarandbeautybar.com,fromwithinsugarbeautybar@gmail.com,fromwithinsugarbeautybar@gmail.com,yes,no_peptides,https://fromwithinsugarandbeautybar.com,vendor,,0
Float Bound Day Spa,frozenintimecryo.com,info@frozenintimecryo.com,kristin@frozenintimecryo.com; dawn@frozenintimecryo.com; info@frozenintimecryo.com; ninfo@frozenintimecryo.com,yes,no_peptides,https://frozenintimecryo.com,medspa,,0
The Laser Loft,gahanna.thedripbar.com,,,,no_email,,vendor,,0
Woodhouse Spa,gaithersburg.woodhousespas.com,,,,no_email,,vendor,,0
Garden Retreat MedSpa: The Future of Anti-Aging,gardenretreat-pa.com,jonpinhorn.typedesign@gmail.com,jonpinhorn.typedesign@gmail.com; amkryukov@gmail.com,yes,no_peptides,https://gardenretreat-pa.com/contact-us,medspa,,0
Dolce Medical Spa,gd.dolcemedicalspas.com,,,,no_email,https://gd.dolcemedicalspas.com,medspa,,0
Genesis Lifestyle Medicine,genesislifestylemedicine.com,,,yes,no_email,https://genesislifestylemedicine.com,medspa,semaglutide,3
Genesis Plastic Surgery & Medical Spa,genesisokc.com,,,yes,no_email,https://genesisokc.com,medspa,"semaglutide, tirzepatide",6
Restore Hyper Wellness,georgetownwellnessweightloss.com,,,,no_email,https://georgetownwellnessweightloss.com,medspa,"semaglutide, tirzepatide",4
Medical Aesthetic Center of Georgia,georgiamedicalaesthetics.com,,,yes,no_email,https://georgiamedicalaesthetics.com,medspa,GLP-1 weight loss peptides,3
The Georgia Center for Plastic Surgery: Groves Joshua MD,georgiaplasticcenter.com,,,yes,no_email,https://georgiaplasticcenter.com,medspa,glutathione,3
Paradisus Health Massage and Spa,getparadisus.com,,,yes,no_email,https://getparadisus.com,vendor,kpv,1
RESTORATIVE SPORTS RECOVERY & WELLNESS CENTER,ghinstitute.com,,,yes,no_email,https://ghinstitute.com,medspa,"semaglutide, sermorelin, tesamorelin, pt-141, glutathione",8
Gigi Aesthetics,gigiaesthetics.com,,,,unreachable,,,,
Glam by Tam Aesthetics LLC,glambytamaesthetics.zoca.com,,,,unreachable,,,,
Focus Health 365 PC,glamourmemedspa.com,info@glamourmemedspa.com,glamourmemedspa@gmail.com; info@glamourmemedspa.com; %20info@glamourmemedspa.com,yes,no_peptides,https://glamourmemedspa.com,medspa,,0
Gleam And Glow Aesthetics,gleamandglowaesthetics.com,impallari@gmail.com,impallari@gmail.com; gleamandglowaesthetics@gmail.com,yes,already known,https://gleamandglowaesthetics.com,medspa,"semaglutide, tirzepatide, nad+",7
GLO30 Henderson Green Valley,glo30.com,franchise@glo30.com,franchise@glo30.com,,no_us_signal,https://glo30.com,medspa,kpv,2
GLO DERMA Aesthetics & Wellness,gloderma.com,clientservices@gloderma.com,clientservices@gloderma.com,yes,no_peptides,https://gloderma.com,medspa,,0
Glorious Skin Studios,gloriouskin.co,,,,unreachable,,,,
Glow Aesthetic Medicine & Wellness,glowaestheticmd.com,,,yes,no_email,https://glowaestheticmd.com,medspa,,2
Glow Medical Aesthetics,glowhouston.com,info@glowhouston.com,info@glowhouston.com,yes,no_peptides,https://glowhouston.com,medspa,,0
The Glow Garden,glownaked.glossgenius.com,glownaked.esthetics@gmail.com,glownaked.esthetics@gmail.com,yes,no_peptides,https://glownaked.glossgenius.com,vendor,,0
SKIN SOIRÉE LLC,glowsparoc.com,,,yes,no_email,https://glowsparoc.com,vendor,,0
Golden Hour Spa,glymedplus.com,info@glymedplus.com,info@glymedplus.com,yes,no_peptides,https://glymedplus.com,vendor,,0
Spa•ology Retreat,go.booker.com,,,,no_email,https://go.booker.com,vendor,,0
The Godek Center For Personal Enhancement,godekcenter.com,,,yes,no_email,https://godekcenter.com,medspa,,0
Golden Aesthetic Atelier,goldenaestheticatelier.com,,,,unreachable,,,,
Golden Glam Medispa,goldenglam.net,goldenglammedispa@gmail.com,goldenglammedispa@gmail.com,,no_peptides,https://goldenglam.net,medspa,,0
Vida-Flo Murfreesboro,govidaflo.com,,,yes,no_email,https://govidaflo.com,medspa,nad+,3
Grace Aesthetics Med Spa,graceaestheticsmedspa.com,,,,no_email,,vendor,,0
Grace and Glam Medical Spa,graceandglammedicalspa.com,,,,no_email,,vendor,,0
grace spa,gracespajh.com,,,yes,no_email,https://gracespajh.com,vendor,,0
Graeber & Company Salon and Facial Bar,graeberandcompany.com,info@graeberandcompany.com,info@graeberandcompany.com,yes,no_peptides,https://graeberandcompany.com,vendor,,0
Grand Aesthetics,grandaestheticsjh.com,grandaestheticsjh@yahoo.com,grandaestheticsjh@yahoo.com,yes,already known,https://grandaestheticsjh.com,medspa,GLP-1 weight loss peptides,3
The Woodhouse Day Spa,granger.woodhousespas.com,,,,no_email,,vendor,,0
Granger Massage Retreat,grangermassageretreat.com,grangermassageretreat@gmail.com,grangermassageretreat@gmail.com,,no_peptides,https://grangermassageretreat.com,vendor,,0
Granger Therapeutic Massage,grangertherapeuticmassage.com,wweeiihhuuaanngg@gmail.com,wweeiihhuuaanngg@gmail.com; grangertherapeuticmassage@gmail.com,yes,no_peptides,https://grangertherapeuticmassage.com,medspa,,0
Green Mountain Day Spa,greenmountaindayspa.com,,,yes,no_email,https://greenmountaindayspa.com,vendor,,0
Grosse Pointe Dermatology and Cosmetic Center,grosse-pointe-mi.thedripbar.com,,,,no_email,,vendor,,0
"Hafen Beauty, LLC",hafenbeauty.com,,,,no_email,https://hafenbeauty.com,vendor,,0
Hair Studio Day Spa,hairstudiodayspa.com,hairstudiodayspa@gmail.com,hairstudiodayspa@gmail.com,yes,no_peptides,https://hairstudiodayspa.com,vendor,,0
Halo Salt Room & Wellness Spa,halosaltroomlex.com,,,yes,no_email,https://halosaltroomlex.com,vendor,,0
Hand & Stone Massage and Facial Spa,handandstone.com,,,,no_email,https://handandstone.com,medspa,,0
HAPPY NAILS & HEAD SPA,happynailsmn.com,happynailsminnesota@gmail.com,happynailsminnesota@gmail.com,yes,no_peptides,https://happynailsmn.com,vendor,,0
Haracenter,haracenter.com,,,,unreachable,,,,
Magnolia Spa at Harlow's Casino Resort & Spa,harlowscasino.com,info@harlowscasino.com,info@harlowscasino.com,yes,no_peptides,https://harlowscasino.com,vendor,,0
Harmony Medical Aesthetics,harmonymedicalaesthetics.com,info@harmonymedicalaesthetics.com,info@harmonymedicalaesthetics.com,yes,no_peptides,https://harmonymedicalaesthetics.com,medspa,,0
HAVEN Massage & Sauna,havenmassageandsauna.com,havenmassageandsauna@gmail.com,havenmassageandsauna@gmail.com,yes,no_peptides,https://havenmassageandsauna.com,vendor,,0
Head Hunters Salon & Day Spa,headhunterssalonanddayspa.com,,,,no_email,https://headhunterssalonanddayspa.com/contact-us/,vendor,,0
Healing Massage Clinic,healing.massagetherapy.com,,,yes,no_email,https://healing.massagetherapy.com,vendor,,0
Healing Hands Day Spa,healinghandsdayspa.com,,,,no_email,https://healinghandsdayspa.com,vendor,,0
Healing Hands Massage & Wellness,healinghandsmassageandenergy.com,lm42nato@gmail.com,lm42nato@gmail.com,yes,no_peptides,https://healinghandsmassageandenergy.com,medspa,,0
Healing Room,healingroom.me,,,yes,no_email,https://healingroom.me,vendor,,0
The Healing Spa,healingspamaine.com,hello@healingspamaine.com,hello@healingspamaine.com,yes,no_peptides,https://healingspamaine.com,vendor,,0
Healing Touch Spa,healingtouch-rochester.com,info@healingtouch-rochester.com,info@healingtouch-rochester.com,yes,no_peptides,https://healingtouch-rochester.com,vendor,,0
"Dana Durand Massage Therapy, LLC",healingtouchmassage.com,,,,no_email,https://healingtouchmassage.com,vendor,,0
Belle System Charleston,healthworksmed.com,info@healthworksmed.com,info@healthworksmed.com,yes,no_peptides,https://healthworksmed.com,medspa,,0
Healuxe,healuxelife.com,,,,no_email,,vendor,,0
Heartland Esthetician Skin Studio LLC,heartlandesthetician.com,,,yes,no_email,https://heartlandesthetician.com,vendor,,0
Heavenly Spa Mobile,heavenlyspamobile.com,,,yes,no_email,https://heavenlyspamobile.com,medspa,,0
Helendale Dermatology & Medical Spa,helendaledermatology.com,,,yes,no_email,https://helendaledermatology.com,medspa,,0
Hello Beautiful Medical Spa,hellobeautifulmedspalascruces.com,,,,no_email,https://hellobeautifulmedspalascruces.com,medspa,,0
Helton House Aesthetics,heltonhouseaesthetics.com,,,yes,no_email,https://heltonhouseaesthetics.com,medspa,,0
Hera Skin and Wellness,heraskinandwellness.com,info@heraskinandwellness.com,info@heraskinandwellness.com,yes,no_peptides,https://heraskinandwellness.com,medspa,,0
Heritage Medical n Day Spa LLC,heritagemedicalspa.com,jonpinhorn.typedesign@gmail.com,jonpinhorn.typedesign@gmail.com; amkryukov@gmail.com,yes,no_peptides,https://heritagemedicalspa.com,medspa,,0
Hermitage Day Spa,hermitagedayspa.com,,,yes,no_email,https://hermitagedayspa.com,vendor,,0
Hiatus Day Spa • Med Spa,hiatusspa.com,addison@hiatusspa.com,addison@hiatusspa.com; southlake@hiatusspa.com; allen@hiatusspa.com; thelab@hiatusspa.com; thestar@hiatusspa.com; sanantonio@hiatusspa.com; fortworth@hiatusspa.com; plano@hiatusspa.com,yes,no_peptides,https://hiatusspa.com,medspa,,0
Hideaway House Spa,hideawayhousespas.com,,,,no_email,,vendor,,0
Hideaway Lounge,hideawayloungespa.com,hideawaylounge77@gmail.com,hideawaylounge77@gmail.com,,no_peptides,https://hideawayloungespa.com,vendor,,0
Highland Skin & Laser,highlandesthetics.com,,,yes,no_email,https://highlandesthetics.com,vendor,,0
Highwater Aesthetics & Confidence Co.,highwateraesthetics.com,,,yes,no_email,https://highwateraesthetics.com,medspa,"semaglutide, tirzepatide",7
Hillcrest Esthetique,hillcrestesthetique.com,admin@hillcrestesthetique.com,admin@hillcrestesthetique.com,yes,no_peptides,https://hillcrestesthetique.com,medspa,,0
Hillsboro Prenatal Massage and Women’s Health,hillsboroprenatalmassage.com,hillsboroprenatalmassage@gmail.com,hillsboroprenatalmassage@gmail.com,yes,no_peptides,https://hillsboroprenatalmassage.com,medspa,,0
Flowering Almond Spa,hilton.com,,,,unreachable,,,,
House of Aesthetics,hoarichmond.com,christian@hoarichmond.com,christian@hoarichmond.com; glowsquad@hoarichmond.com,yes,no_peptides,https://hoarichmond.com,medspa,,0
Home Grown Spa,homegrownspa.com,janice@homegrownspa.com,janice@homegrownspa.com,yes,no_peptides,https://homegrownspa.com,medspa,,0
Jaime Reid Functional Wellness,hormonehealthandweightloss.com,support@hormonehealthandweightloss.com,support@hormonehealthandweightloss.com,,no_us_signal,https://hormonehealthandweightloss.com,medspa,GLP-1 weight loss peptides,6
Horn Lake Family Practice,hornlakefamilypractice.com,,,yes,no_email,https://hornlakefamilypractice.com,medspa,,2
Idaho Spas,hottubsofidaho.com,,,yes,no_email,https://hottubsofidaho.com,vendor,,0
House of Aesthetics MI,houseofaestheticsmi.com,,,yes,no_email,https://houseofaestheticsmi.com,medspa,,0
Houston Injections Medspa,houstoninjectionsmedspa.com,,,,no_email,,vendor,,0
Huni medspa,hunimedspa.com,,,yes,no_email,https://hunimedspa.com,vendor,"semaglutide, nad+, glutathione",4
Hydralive Therapy,hydralivetherapy.com,,,yes,no_email,https://hydralivetherapy.com,medspa,"nad+, ipamorelin, sermorelin, tesamorelin, mots-c, ghk-cu",13
HydraLux IV Bar & Medspa,hydraluxivbarmedspa.com,,,,no_email,https://hydraluxivbarmedspa.com,medspa,,0
iAesthetic Medspa,i-aesthetic.com,,,,no_email,,vendor,,0
I Adore Her Body Spa,iadoreherbodyspa.as.me,,,,no_email,https://iadoreherbodyspa.as.me,vendor,,0
InnerBeauty Med Spa & Laser,ibmedspa.com,,,yes,no_email,https://ibmedspa.com,medspa,GLP-1 weight loss peptides,4
Icebox,iceboxtherapy.com,,,,no_email,https://iceboxtherapy.com,vendor,GLP-1 weight loss peptides,3
Serenity Medical Aesthetics,icryo.com,,,yes,no_email,https://icryo.com,medspa,nad+,6
Meridian Medical Aesthetics,idahormones.com,,,,unreachable,,,,
Ida Aesthetics,idamedaesthetics.com,,,,unreachable,,,,
Ideal Image Woodbury,idealimage.com,,,,no_email,https://idealimage.com/contact-us,vendor,,0
Ideal Skin & Health,idealskinandhealth.com,,,,unreachable,,,,
Holiday Inn Express Winfield,ihg.com,,,,unreachable,,,,
il-LUMA-nate,il-luma-nate.com,,,,unreachable,,,,
Illuminate Aesthetics and Wellness,illuminateaestheticsandwellness.com,,,,unreachable,,,,
Illuminate Medspa,illuminatemedspapeoriaaz.com,,,yes,no_email,https://illuminatemedspapeoriaaz.com,medspa,"nad+, glutathione",3
Ilume Aesthetics,ilumeaesthetics.com,ilumeaesthetics@gmail.com,ilumeaesthetics@gmail.com,yes,already known,https://ilumeaesthetics.com,medspa,GLP-1 weight loss peptides,3
Imaage Skin Spa,imaageskinspa.com,,,yes,no_email,https://imaageskinspa.com,medspa,,0
ImageLab Med Spa,imagelabmedspa.com,chicagosupport@imagelabmedspa.com,chicagosupport@imagelabmedspa.com; alexandriasupport@imagelabmedspa.com; rockfordsupport@imagelabmedspa.com,yes,no_peptides,https://imagelabmedspa.com,medspa,,0
I Massage And Spa,imassagespa33.com,imassagespa33@gmail.com,imassagespa33@gmail.com,yes,no_peptides,https://imassagespa33.com,medspa,,0
Inari Aesthetics,inariaesthetics.com,,,yes,no_email,https://inariaesthetics.com,medspa,,2
Indulgence Aesthetics Wellness & Med Spa,indulgencemedspa.net,indulgencespawellness@gmail.com,indulgencespawellness@gmail.com,yes,no_peptides,https://indulgencemedspa.net,medspa,,0
Krysus,infinite-transformation.com,info@infinite-transformation.com,info@infinite-transformation.com,yes,no_peptides,https://infinite-transformation.com,vendor,,0
Revive Sauna Lounge,infinitewellness.org,,,yes,no_email,https://infinitewellness.org,medspa,GLP-1 weight loss peptides,5
Infinity Skin Care,infinity-skincare.com,infinityskincare12@gmail.com,infinityskincare12@gmail.com,yes,already known,https://infinity-skincare.com,medspa,semaglutide,1
Infusion Spa,infusionspaco.com,info@infusionspaco.com,info@infusionspaco.com,yes,no_peptides,https://infusionspaco.com,medspa,,0
In His Image Skin & Wellness Studio LLC,inhisimageskin.com,impallari@gmail.com,impallari@gmail.com; inhisimageskin@gmail.com,yes,no_peptides,https://inhisimageskin.com/contact-us/,vendor,,0
Injections by Megan,injectionsbymegan.com,megan@injectionsbymegan.com,megan@injectionsbymegan.com,yes,no_peptides,https://injectionsbymegan.com,medspa,,0
Injection Studio by Rachel,injectionstudiobyrachel.com,,,,no_email,https://injectionstudiobyrachel.com,medspa,,0
Bekki Hill Aesthetics LLC,injectorbekki.com,bekkihillrn@gmail.com,bekkihillrn@gmail.com,yes,no_peptides,https://injectorbekki.com,medspa,,0
Inject Savannah created by Barbs By Kelly Medical Aesthetics,injectsavannah.com,,,,no_email,,vendor,,0
INNER BEAUTY STUDIO,inner-beautystudio.com,hello@innerbeautystudio.info,hello@innerbeautystudio.info,,no_peptides,https://inner-beautystudio.com,vendor,,0
Botanica Beauty Studio,innervitalitybellevue.com,,,yes,no_email,https://innervitalitybellevue.com,medspa,GLP-1 weight loss peptides,3
Inova Aesthetics,inovaaesthetics.com,,,yes,no_email,https://inovaaesthetics.com,medspa,,0
Inspire Body Therapy Inc.,inspirenailtherapymemphis.as.me,,,,no_email,https://inspirenailtherapymemphis.as.me,vendor,,0
Inspire Salon & Day Spa,inspiresalonanddayspa.com,,,,unreachable,,,,
Integracare Medical care and Aesthetics,integracaremedaesthetics.com,integracaremedaesthetics@gmail.com,integracaremedaesthetics@gmail.com,,no_peptides,https://integracaremedaesthetics.com,medspa,,0
Inter-Tribal Beauty,intertribalbeauty.co,,,,no_email,https://intertribalbeauty.co,vendor,,0
Porchia Glam MedSpa,intumedspa.com,,,yes,no_email,https://intumedspa.com,medspa,"semaglutide, tirzepatide",11
Invigor8 Med Spa,invigor8medspa.com,,,yes,no_email,https://invigor8medspa.com,medspa,"semaglutide, tirzepatide",9
The Iowa Clinic Medical Spa & Aesthetics,iowaclinic.com,,,yes,no_email,https://iowaclinic.com,medspa,,0
Iridescent,iridescent-spa.com,hello@iridescent-spa.com,hello@iridescent-spa.com,,no_peptides,https://iridescent-spa.com,medspa,,0
Amazing Skin Medical Spa,itstheperfectsecret.com,admin@itstheperfectsecret.com,admin@itstheperfectsecret.com,yes,no_peptides,https://itstheperfectsecret.com,medspa,,0
It's Your Skin,itsyourskinco.com,info.itsyourskincoaching@gmail.com,info.itsyourskincoaching@gmail.com; info.triplethreatesti@gmail.com; ninfo.itsyourskincoaching@gmail.com,,no_peptides,https://itsyourskinco.com,vendor,,0
Lotus Lab Clinical Aesthetics,iv-hydration.com,,,yes,no_email,https://iv-hydration.com,vendor,,0
Mia's Medical Spa,ivdripandmedicalspa.com,,,,unreachable,,,,
"IV Nutrition Eau Claire, WI",ivnutrition.com,,,,no_email,https://ivnutrition.com,medspa,"semaglutide, tirzepatide, nad+, sermorelin, pt-141, glutathione",12
Ivy & Grace Brow Boutique,ivyandgrace.net,,,,no_email,https://ivyandgrace.net,vendor,,0
California Living Medical Weight Loss,iwhmedspa.com,,,yes,no_email,https://iwhmedspa.com,medspa,GLP-1 weight loss peptides,3
Jackar Medspa,jackarmedspa.com,,,,unreachable,,,,
Jasmine Healing Arts,jasminevt.com,info@jasminevt.com,info@jasminevt.com,yes,no_peptides,https://jasminevt.com,vendor,,0
Jasper Float Spa & Wellness,jasperfloatspa.com,rest@jasperfloatspa.com,rest@jasperfloatspa.com,,no_peptides,https://jasperfloatspa.com,vendor,,0
Slay Happy,jdslayton.com,info@jdslayton.com,jdslaytonbusiness@gmail.com; contactjdslayton@gmail.com; info@jdslayton.com; hydroportofficial@gmail.com,yes,no_peptides,https://jdslayton.com,vendor,,0
Jessica Ellis Aesthetics,jessicaellisaesthetics.glossgenius.com,,,,no_email,https://jessicaellisaesthetics.glossgenius.com,medspa,GLP-1 weight loss peptides,2
JG Noir Aesthetics,jgnoir.com,info@jgnoir.com,info@jgnoir.com,yes,no_peptides,https://jgnoir.com,medspa,,0
J House Spa,jhousespa.com,,,,no_email,https://jhousespa.com,vendor,,0
Jill Renee Spa,jillreneespa.com,,,,no_email,https://jillreneespa.com,vendor,,0
Jiva Med Spa Cincinnati,jivamedspa.com,,,yes,no_email,https://jivamedspa.com,medspa,semaglutide,6
JK Beauty,jkskincare.com,sa@jkskincare.com,sa@jkskincare.com,yes,no_peptides,https://jkskincare.com,medspa,,0
Jlyss Aesthetics and Laser,jlyssaesthetic.com,,,,unreachable,,,,
J M Health Massage Spa,jmhealthspasc.com,yebilly90@gmail.com,yebilly90@gmail.com,yes,no_peptides,https://jmhealthspasc.com,vendor,,0
Dew Aesthetics,joinblvd.com,support@joinblvd.com,support@joinblvd.com; partnerships@joinblvd.co,,no_peptides,https://joinblvd.com,medspa,,0
Jonesboro Laser Aesthetics,jonesborolaseraesthetics.com,,,,unreachable,,,,
"Jordan Felise, Esthetician + Owner of Beautiful Soul",jordansstudio.com,,,yes,no_email,https://jordansstudio.com,vendor,,0
J Spa Skin Care,jspabyjen.com,,,,no_email,https://jspabyjen.com,vendor,,0
Judith Gurley Plastic Surgery & Medical Spa,judithgurley.com,,,yes,no_email,https://judithgurley.com,medspa,,1
Just Breathe Aesthetics,justbreatheaesthetics.com,,,,no_email,https://justbreatheaesthetics.com,medspa,,0
Juvan MD,juvanmd.com,,,,unreachable,,,,
Kainos Aesthetics,kainosaesthetics.com,,,,no_email,https://kainosaesthetics.com,medspa,,0
KBody Spa,kbodyspa.square.site,kbodyspa796@gmail.com,kbodyspa796@gmail.com; katebaquero@hotmail.com,,no_peptides,https://kbodyspa.square.site,vendor,,0
KayDee Reanne Esthetics LLC,kdreanneesthetics.com,kdreanne@gmail.com,kdreanne@gmail.com,,no_peptides,https://kdreanneesthetics.com,vendor,,0
Advanced Skin & Vein Care Centers,kentuckymedspa.com,lexmedspa@gmail.com,lexmedspa@gmail.com,yes,already known,https://kentuckymedspa.com,medspa,"semaglutide, liraglutide, sermorelin",11
Kinetix Massage & Bodywork L.L.C.,kinetixbodywork.com,impallari@gmail.com,impallari@gmail.com,yes,no_peptides,https://kinetixbodywork.com,vendor,,0
KMC Dermatology & MedSpa Mission,kmcpa.com,,,,no_email,https://kmcpa.com,medspa,,0
Knead To Be Pampered LLC,knead2bpampered.as.me,,,,no_email,https://knead2bpampered.as.me,vendor,,0
Calling the Shots Aesthetics,komalaestheticsandwellness.com,,,,no_email,,vendor,,0
Krem Med Spa,kremmed.spa,,,,unreachable,,,,
Spa Light,kspalight.com,info@kspalight.com,info@kspalight.com,yes,no_peptides,https://kspalight.com,vendor,,0
K Vitality Spa,kvitalityspa.com,,,yes,no_email,https://kvitalityspa.com,vendor,,0
Slay Happy,la-aesthetics-llc.square.site,angelaprn03@gmail.com,angelaprn03@gmail.com,,no_peptides,https://la-aesthetics-llc.square.site,medspa,,0
La Cima Aesthetics and Wellness,lacimamed.com,info@lacimamed.com,info@lacimamed.com,,no_peptides,https://lacimamed.com,medspa,,0
L.A. Face and Body,lafaceandbody.com,,,,unreachable,,,,
La Jolie Salon and Spa,lajoliesalonandspa.com,,,yes,no_email,https://lajoliesalonandspa.com,medspa,,0
Lakefront Wellness,lakefrontwellnesstn.com,cpap09@yahoo.com,cpap09@yahoo.com,yes,already known,https://lakefrontwellnesstn.com,medspa,"nad+, glutathione",4
La Moon Thai Spa Cambridge,lamoonthaicambridge.com,,,yes,no_email,https://lamoonthaicambridge.com,medspa,,0
Iconic Medical Arts,lancasterwellness.com,,,yes,no_email,https://lancasterwellness.com,medspa,,0
LANPHIER,lanphier.us,,,yes,no_email,https://lanphier.us,vendor,,0
Serene Infusion and Wellness Lounge,larimarmed.com,,,,no_email,https://larimarmed.com/contact,vendor,,0
Laser Hairapy,laserhairapy.com,laserhairapy@gmail.com,laserhairapy@gmail.com,yes,no_peptides,https://laserhairapy.com,medspa,,0
LASÉRIE,laserie.co,,,,unreachable,,,,
Laser MD Medspa,lasermdmedspa.com,,,yes,no_email,https://lasermdmedspa.com,medspa,"semaglutide, nad+",4
Laser Remedy,laserremedy.org,laserremedymedspa@gmail.com,laserremedymedspa@gmail.com,yes,no_peptides,https://laserremedy.org,medspa,,0
La Vez Spa,lavezspa.com,,,,no_email,https://lavezspa.com,vendor,,0
La Vita Bella Day Spa & Boutique,lavitabelladayspa.com,clients@lavitabelladayspa.com,clients@lavitabelladayspa.com,yes,no_peptides,https://lavitabelladayspa.com,medspa,,0
LAX Skin & Body Wellness Spa,lax-spa.com,,,,no_email,https://lax-spa.com,vendor,,0
LAZ Beauty Med Spa,lazbeautymedspa.com,,,,unreachable,,,,
LC Health & Prevention,lcbeautymed.com,,,,no_email,https://lcbeautymed.com,vendor,,0
LD Esthetics & Massage,ldesthetics.com,ellasmithdigitalexpert@gmail.com,ellasmithdigitalexpert@gmail.com,yes,no_peptides,https://ldesthetics.com,vendor,,0
Lea Henderson Aesthetics,leahenderson.com,,,,unreachable,,,,
Lebar Beaute,lebarbeautespa.com,,,,unreachable,,,,
KCryoskin Body Sculpting & Cryotherapy Wellness Day Spa,lees-summit-summit-fair.thedripbar.com,,,,no_email,,vendor,,0
Lefranca Med Spa,lefranca.com,admin@lefranca.com,admin@lefranca.com,yes,no_peptides,https://lefranca.com/about-us,medspa,,0
Houston MedSpa + Wellness,leluxbeautique.com,,,yes,no_email,https://leluxbeautique.com,medspa,semaglutide,3
Avanti Salon & Day Spa,leskinmedspa.com,,,,no_email,https://leskinmedspa.com,vendor,,0
Letoile Day Spa & Nails,letoiledayspa.net,,,yes,no_email,https://letoiledayspa.net,vendor,,0
Banya,letsbanya.com,hello@letsbanya.com,hello@letsbanya.com,yes,no_peptides,https://letsbanya.com,vendor,,0
Level Up Wellness,leveluplibertylake.com,,,,unreachable,,,,
Le Visage Spa & Wellness,levisagedayspa.com,levisagedayspa@icloud.com,levisagedayspa@icloud.com,yes,no_peptides,https://levisagedayspa.com,vendor,,0
The Cosmetic Center At Levy Dermatology,levydermatology.com,,,,unreachable,,,,
Life Massage and Wellness Portsmouth,lifemassageandwellness.com,,,yes,no_email,https://lifemassageandwellness.com,medspa,,0
Life Aesthetics and Wellness,lifewellnessspa.com,,,yes,no_email,https://lifewellnessspa.com,medspa,"semaglutide, glutathione",6
Lift Medical,lift-medical.com,,,,unreachable,,,,
Light Bodies Integrative Massage,lightbodiesintegrativemassage.com,,,yes,no_email,https://lightbodiesintegrativemassage.com,vendor,,0
LightRx,lightrx.com,,,yes,no_email,https://lightrx.com,medspa,"nad+, glutathione",3
Lilly Beauty Medical Spa,lillybeautyspa.com,,,,unreachable,,,,
Lindsay Aden Skincare,lindsay-aden-skincare.square.site,,,,no_email,,vendor,,0
AestheticsRN Med Spa,lipking.net,,,,unreachable,,,,
Lis Massage & SPA,lismassagespala.com,,,,no_email,https://lismassagespala.com,vendor,,0
LIV Aesthetics and Wellness,livaestheticsandwellness.com,,,,no_email,https://livaestheticsandwellness.com,medspa,"nad+, glutathione",6
Gameday Men's Health Southington,livationct.com,livation2019@gmail.com,livation2019@gmail.com,yes,already known,https://livationct.com,medspa,"semaglutide, tirzepatide, nad+, glutathione",15
LIVE Hydration Spa Franchise,livehydrationspafranchise.com,,,yes,no_email,https://livehydrationspafranchise.com,vendor,,0
LiveWellMD,livewellmd.net,,,,no_email,https://livewellmd.net,medspa,,0
Living Beautifully Spa,livingbeautifullyspa.com,,,yes,no_email,https://livingbeautifullyspa.com,medspa,,0
Living Health Day Spa,livinghealthdayspa.zoca.com,,,,unreachable,,,,
Carmen's Day Spa,livingwellaesthetics.com,,,yes,no_email,https://livingwellaesthetics.com,medspa,,3
Livin Holistic Wellness Spa,livinholistic.com,,,yes,no_email,https://livinholistic.com,vendor,,0
Livio Med Spa,liviospa.com,livio@liviospa.com,livio@liviospa.com,yes,no_peptides,https://liviospa.com,medspa,,0
LIVE Hydration Spa Rockbrook,locations.livehydrationspa.com,compliance@livehydrationspa.com,compliance@livehydrationspa.com,yes,already known,https://locations.livehydrationspa.com,medspa,,1
Massage Envy,locations.massageenvy.com,,,,no_email,https://locations.massageenvy.com,medspa,,0
Loden and Co,lodenandco.com,,,,no_email,https://lodenandco.com,medspa,,1
Loess Hills Chiropractic,loesshillschiropractic.com,,,yes,no_email,https://loesshillschiropractic.com,medspa,,0
Loft Wellness,loftwellness.com,info@loftwellness.com,info@loftwellness.com,yes,no_peptides,https://loftwellness.com,medspa,,0
Lola J. Aesthetics,lolajaesthetics.com,,,yes,no_email,https://lolajaesthetics.com,medspa,"semaglutide, nad+, glutathione",8
SculptedMD,longevityhealth.life,,,yes,no_email,https://longevityhealth.life,vendor,,0
Longevity Health,longevityhealthgranger.com,longevityhealthgranger@gmail.com,longevityhealthgranger@gmail.com; mnmneuro5@gmail.com,yes,no_peptides,https://longevityhealthgranger.com,medspa,,0
Longevity Health Institute,longevityhealthinstituteinc.com,,,,no_email,https://longevityhealthinstituteinc.com,medspa,,3
Medical Anti-Aging,longvillewellness.info,,,,no_email,https://longvillewellness.info/contact,vendor,,0
"Lori's Massage Pad, LLC",lorismassagepad.com,,,yes,no_email,https://lorismassagepad.com,vendor,,0
Lost Lagoon Day Spa,lostlagoondayspa.com,info@lostlagoondayspa.com,info@lostlagoondayspa.com,,no_peptides,https://lostlagoondayspa.com,vendor,,0
Lotus Day Spa and Nails,lotusdayspamontpelier.com,,,yes,no_email,https://lotusdayspamontpelier.com,vendor,,0
LovelySkin Retail Store & Spa,lovelyskin.com,customercare@lovelyskin.com,customercare@lovelyskin.com,yes,no_peptides,https://lovelyskin.com,vendor,,0
Love My Skin Day Spa,lovemyskindayspa.com,,,yes,no_email,https://lovemyskindayspa.com,medspa,,0
EmergeCryo Spa,lowcountrymale.com,,,yes,no_email,https://lowcountrymale.com,medspa,"semaglutide, tirzepatide, nad+, sermorelin",15
Low T Center,lowtcenter.com,,,yes,no_email,https://lowtcenter.com,medspa,"semaglutide, tirzepatide, nad+, sermorelin, pt-141",15
Löyly Nordic Spa,loylynordicspa.com,info@loylynordicspa.com,info@loylynordicspa.com,yes,no_peptides,https://loylynordicspa.com,vendor,,0
Lucid Med Spa,lucid-medspa.com,,,,no_email,,vendor,,0
Bella Aesthetics by Luisa,luisapacheco.glossgenius.com,luisafpacheco@yahoo.com,luisafpacheco@yahoo.com,,no_us_signal,https://luisapacheco.glossgenius.com,medspa,"nad+, glutathione",3
LúMay Skin Spa,lumayskinspa.com,lumayskinspa@gmail.com,lumayskinspa@gmail.com,yes,no_peptides,https://lumayskinspa.com,medspa,,0
Luminous Total Body Care,luminousmed.com,,,,unreachable,,,,
Luminous Skin Studio,luminousskincos.com,,,,unreachable,,,,
Lummiér Medi Spa LLC,lummiermedispa.com,lummiermedispa@icloud.com,lummiermedispa@icloud.com,yes,no_peptides,https://lummiermedispa.com,medspa,,0
Lunar Studio Spa,lunarstudiospa.glossgenius.com,lunarstudiospa@gmail.com,lunarstudiospa@gmail.com,yes,no_peptides,https://lunarstudiospa.glossgenius.com,vendor,,0
Luna Skin & Body,lunawellnessmassage.com,,,yes,no_email,https://lunawellnessmassage.com,vendor,,0
Lush Laser & Aesthetics Microneedling Laser Hair Removal,lushlaseraesthetics.com,info@lushlaseraesthetics.com,info@lushlaseraesthetics.com,yes,no_peptides,https://lushlaseraesthetics.com,medspa,,0
Lusine Skin Wellness,lusineskin.com,,,,unreachable,,,,
Younique Cosmetic Surgery Center & Medical Spa,luxeaestheticsurgery.com,,,,no_email,,vendor,,0
Luxe + Lulu Aesthetics,luxeandlulu.com,info.luxeandlulu@gmail.com,info.luxeandlulu@gmail.com; ndlulu@gmail.com,yes,no_peptides,https://luxeandlulu.com,medspa,,0
Luxe Salon & Spa,luxebvi.com,luxebvi@gmail.com,luxebvi@gmail.com,yes,no_peptides,https://luxebvi.com,medspa,,0
Luxe Day Spa,luxedayspams.com,luxe.clinton@yahoo.com,luxe.clinton@yahoo.com,yes,no_peptides,https://luxedayspams.com,vendor,,0
Luxe Hydra Spa,luxehydraspa.com,,,,no_email,https://luxehydraspa.com,vendor,,0
Luxe Level Aesthetics,luxelevelaesthetics.com,info@luxelevelaesthetics.com,info@luxelevelaesthetics.com,,no_us_signal,https://luxelevelaesthetics.com,vendor,"nad+, dsip, kpv",5
Luxe Med Spa,luxemedspaky.com,,,yes,no_email,https://luxemedspaky.com,medspa,,1
LUXE Aesthetics,luxemt.com,hello@luxemt.com,hello@luxemt.com,yes,no_peptides,https://luxemt.com,medspa,,0
Lavender spa one,luxerejuvena.com,,,,unreachable,,,,
Luxe head spa / Japanese head spa rockford il,luxesscalpspa.square.site,capilarluxury@gmail.com,capilarluxury@gmail.com,,no_peptides,https://luxesscalpspa.square.site,vendor,,0
LUXE SZN BEAUTY BAR,luxesznbb.com,,,,unreachable,,,,
Luxology Wellness Spa Savage Minnesota,luxologywellnessspa.com,,,,unreachable,,,,
Luxury Head Spa,luxuryheadsparoc.com,,,,no_email,https://luxuryheadsparoc.com,vendor,,0
LV Body Sculpting & Medspa,lvbodysculpting.com,,,yes,no_email,https://lvbodysculpting.com,medspa,"semaglutide, tirzepatide",10
LXRY Aesthetics & Wellness,lxryaesthetics.com,infolxryaesthetics@gmail.com,infolxryaesthetics@gmail.com,yes,already known,https://lxryaesthetics.com,medspa,"semaglutide, tirzepatide, glutathione",6
Lyds Skin Bar,lydsskinbar.com,lydiaclark@lydsskinbar.com,lydsskinbar@gmail.com; u003elydsskinbar@gmail.com; lydiaclark@lydsskinbar.com,,no_peptides,https://lydsskinbar.com,vendor,,0
in Harmony,lymedspa.com,,,,no_email,,vendor,,0
Lzur Day Spa,lzurdayspa.com,,,,no_email,,vendor,,0
Grace Aesthetics Med Spa,macombmedicalwellness.com,,,yes,no_email,https://macombmedicalwellness.com,vendor,"glutathione, semaglutide",5
MaDani Skin Studio,madaniskin.com,,,,no_email,https://madaniskin.com/services,vendor,,0
"MADE Medical, PLLC",made-medical.com,,,yes,no_email,https://made-medical.com,medspa,,0
Integrative Health Center,madisonselfcareappointments.com,ivonneramos72@gmail.com,ivonneramos72@gmail.com; madisonhealingarts@gmail.com,yes,no_peptides,https://madisonselfcareappointments.com,vendor,,0
Organic Aesthetics Spa,madisonshaven.com,,,,unreachable,,,,
Madonna Medical Spa,madonnamedicalspa.com,,,yes,no_email,https://madonnamedicalspa.com,medspa,,0
LWClaser,magnolia-medspa.com,,,yes,no_email,https://magnolia-medspa.com,medspa,,1
Magnolia Spa,magnoliaspasc.com,magnolia@magnoliaspasc.com,magnolia@magnoliaspasc.com,,no_peptides,https://magnoliaspasc.com,vendor,,0
Main Street Spa and Wellness Center,mainstreetspa.org,,,yes,no_email,https://mainstreetspa.org,medspa,,0
Majestic Beauties Med Spa,majestic-beauties.com,,,,no_email,https://majestic-beauties.com,medspa,,0
Makeover Ink & Skin,makeoverink.com,,,,no_email,https://makeoverink.com,vendor,,0
Makeovers Salon + Spa,makeoverssalon.com,makeoversspa@aol.com,makeoversspa@aol.com,yes,no_peptides,https://makeoverssalon.com,vendor,,0
MalCole Drip and Beauty Bar,malcoledripandbeautybar.com,,,,no_email,https://malcoledripandbeautybar.com,vendor,,0
Mango & Muse Holistic Day Spa,mangoandmuse.com,spa@mangoandmuse.com,spa@mangoandmuse.com,yes,no_peptides,https://mangoandmuse.com,vendor,,0
Marigold Esthetics,marigold-esthetics.square.site,marigoldestheticsroc@gmail.com,marigoldestheticsroc@gmail.com,,no_peptides,https://marigold-esthetics.square.site,vendor,,0
Mariposa Day Spa,mariposa-day-spa.square.site,,,,no_email,https://mariposa-day-spa.square.site,vendor,,0
Magnolia Spa,marriott.com,,,,unreachable,,,,
Mask'd Aesthetics,maskdaesthetics.com,,,yes,no_email,https://maskdaesthetics.com/contact,medspa,,0
Massage MN,massage-mn.com,,,,no_email,,vendor,,0
Massage Palace,massage-palace.com,,,,no_email,https://massage-palace.com,vendor,,0
Touch and Glow Day Spa LLC,massagebook.com,,,,no_email,https://massagebook.com,medspa,,0
Balanced Bodies Massage,massagerapidcity.com,,,yes,no_email,https://massagerapidcity.com,vendor,,0
New Horizon Spa & Therapy,massagetherapyraleigh.com,,,,unreachable,,,,
Maven Medical Arts,mavenmedicalarts.com,,,,no_email,https://mavenmedicalarts.com,medspa,,0
beem® Light Sauna,mckinney-marketplace.thedripbar.com,,,,no_email,,vendor,,0
McMenamins Ruby's Spa at Grand Lodge,mcmenamins.com,loyalty@mcmenamins.com,loyalty@mcmenamins.com; passport@mcmenamins.com; tours@mcmenamins.com; shop@mcmenamins.com; generalinfo@mcmenamins.com; jon.smart@mcmenamins.com; robv@mcmenamins.com; winery@mcmenamins.com,yes,no_peptides,https://mcmenamins.com,vendor,,0
MD Aesthetica MedSpa,mdamedspa.com,,,yes,no_email,https://mdamedspa.com,medspa,,2
Optimum Men's Health,mdwareonline.com,,,,unreachable,,,,
Meadowlark Massage,meadowlarkmassage.net,,,yes,no_email,https://meadowlarkmassage.net,vendor,,0
MedAesthetics by AM,medaestheticsbyam.com,allison@medaestheticsbyam.com,allison@medaestheticsbyam.com,,no_us_signal,https://medaestheticsbyam.com,medspa,GLP-1 weight loss peptides,4
Easton Medical Aesthetics,medicalaestheticsma.com,,,yes,no_email,https://medicalaestheticsma.com,medspa,GLP-1 weight loss peptides,4
Medical,medicalcosmeticcenter.com,frontdesk@medicalcosmeticcenter.com,frontdesk@medicalcosmeticcenter.com,yes,no_peptides,https://medicalcosmeticcenter.com,medspa,,0
Medical Massage,medicalmassagear.com,medicalmassagellcnlr@gmail.com,medicalmassagellcnlr@gmail.com,yes,no_peptides,https://medicalmassagear.com,vendor,,0
Medical Procedures of Wisconsin,medicalprocedures.com,,,yes,no_email,https://medicalprocedures.com,medspa,,0
Medical Spa Trends,medicalspatrends.com,info@medicalspatrends.com,info@medicalspatrends.com,yes,no_peptides,https://medicalspatrends.com,medspa,,0
"Medico Massage/Oriental Therapy, Pain Relief",medicomassagetherapy.com,,,yes,no_email,https://medicomassagetherapy.com,vendor,,0
Medispa At Choto,medispachoto.com,book@medispachoto.com,book@medispachoto.com,yes,no_peptides,https://medispachoto.com,vendor,,0
Medrevive,medrevive.com,info@medrevive.com,info@medrevive.com,yes,no_peptides,https://medrevive.com,medspa,,0
Anew Medspa Clinic,medspa.clinic,service@medspa.clinic,service@medspa.clinic,yes,no_peptides,https://medspa.clinic,medspa,,0
medspa810,medspa810.com,,,,no_email,https://medspa810.com,medspa,semaglutide,3
Med Spa Ageless Om,medspaagelessom.com,,,,unreachable,,,,
Medspa Divine,medspadivine.com,,,yes,no_email,https://medspadivine.com,medspa,"semaglutide, tirzepatide",4
180Aging,meganschlicknd.com,info@meganschlicknd.com,info@meganschlicknd.com,yes,no_peptides,https://meganschlicknd.com,medspa,,0
Meraki Salon & Day Spa,merakisds.com,,,yes,no_email,https://merakisds.com,medspa,,0
Meraki Skin Spa LLC.,merakiskinspa.com,merakiskinspa@gmail.com,merakiskinspa@gmail.com,yes,no_peptides,https://merakiskinspa.com,medspa,,0
Meridian Weight Management Center,meridianweight.net,,,,no_email,https://meridianweight.net,vendor,,0
Meridiem DermSpa,meridiemdermspa.com,,,,no_email,https://meridiemdermspa.com,medspa,,0
ME SPA MASSAGE,mespamassage.com,mespamassage@gmail.com,mespamassage@gmail.com,yes,no_peptides,https://mespamassage.com,vendor,,0
Black + Blanc Aesthetics,metaglow.com,,,,unreachable,,,,
Metamorphosis Med Spa,metamorphosismedspa.com,,,yes,no_email,https://metamorphosismedspa.com,medspa,,0
Sun Nails & Spa,metanoiawv.com,,,yes,no_email,https://metanoiawv.com,vendor,,0
Me Time Massage Day Spa,metime.massageplanet.com,,,yes,no_email,https://metime.massageplanet.com,medspa,,0
Metropolitan Med Spa,metmedspa.com,,,,no_email,https://metmedspa.com,medspa,,0
Metro Laser Coolsculpting MedSpa Yardley,metrolaserphilly.com,,,,no_email,,vendor,,0
Mhajestik Aesthetics and Wellness,mhajestik.com,,,,no_email,https://mhajestik.com,medspa,GLP-1 weight loss peptides,4
Andreza’s aesthetic,mhmedicalaesthetics.com,,,,unreachable,,,,
Mia Medical Spa,miamedicalspa.com,,,,unreachable,,,,
"Michael Rosen, MD",michaelrosenmd.com,,,,unreachable,,,,
Mid City Med Aesthetics,midcitymedspa.com,info@midcitymedspa.com,info@midcitymedspa.com,yes,no_peptides,https://midcitymedspa.com,medspa,,0
Waterfalls Day Spa,middleburyspa.com,,,yes,no_email,https://middleburyspa.com,vendor,,0
Advanced Dermatology of the Midlands,midlandsderm.com,,,yes,no_email,https://midlandsderm.com,medspa,,0
Midtown Dermatology,midtown-derm.com,,,yes,no_email,https://midtown-derm.com,medspa,,0
Miliv Med Spa & Facials,milivmed-spa.com,milivmedspa@gmail.com,milivmedspa@gmail.com,yes,no_peptides,https://milivmed-spa.com,medspa,,0
milk + honey,milkandhoneyspa.com,reservations@milkandhoneyspa.com,reservations@milkandhoneyspa.com,yes,no_peptides,https://milkandhoneyspa.com,medspa,,0
MilkThistle Skincare and Massage Studio,milkthistlemt.com,info@milkthistlemt.com,info@milkthistlemt.com,yes,no_peptides,https://milkthistlemt.com,vendor,,0
Mills Family Practice,millsfamilypracticewy.com,information@millsfamilypracticewy.com,information@millsfamilypracticewy.com,yes,no_peptides,https://millsfamilypracticewy.com,medspa,,0
"Milori Esthetics,LLC",miloriesthetics.com,miloriesthetics@gmail.com,miloriesthetics@gmail.com,yes,already known,https://miloriesthetics.com,medspa,glutathione,1
The Mint Facial Bar & Med Spa,mintfacialbar.com,,,,no_email,https://mintfacialbar.com,medspa,GLP-1 weight loss peptides,3
NM Stem Cell,miragewellnessnm.com,hello@miragewellnessnm.com,hello@miragewellnessnm.com,,no_peptides,https://miragewellnessnm.com,medspa,,0
Mocha Wellness Center LLC,mochawellnesscenter.com,,,,unreachable,,,,
Moderna Laser & Med Spa,modernalaser.com,,,,no_email,,vendor,,0
Modern Priscilla Aesthetic & Laser Center,modernpriscilla.net,,,,no_email,https://modernpriscilla.net,medspa,,0
Mod Master Esthetics,modmasteresthetics.com,modhairandbody@gmail.com,modhairandbody@gmail.com,yes,no_peptides,https://modmasteresthetics.com,vendor,,0
Mommy Med Spa,mommymedspa.com,,,,unreachable,,,,
Monarch Beauty Studios,monarchbeautystudios.com,,,,no_email,https://monarchbeautystudios.com,vendor,,0
MonArte Beauty Collective,monartebeautycollectivesc.com,,,,unreachable,,,,
Mona Esthetics,monaspa.com,,,,no_email,https://monaspa.com,vendor,,0
Regenerative Medicine Institute,montclair-nj.thedripbar.com,,,,no_email,,vendor,,0
Montecito Spa and Cosmetic Tattoo,montecitospaandaesthetics.glossgenius.com,montecitoabqinfo@gmail.com,montecitoabqinfo@gmail.com,yes,no_peptides,https://montecitospaandaesthetics.glossgenius.com,vendor,,0
MOOD Skin & Body,moodskinandbody.com,hello@moodskinandbody.com,hello@moodskinandbody.com,yes,no_peptides,https://moodskinandbody.com,vendor,,0
Mosaic wellness boutique,mosaic-massage.com,,,,no_email,https://mosaic-massage.com/contact-us,vendor,,0
"Todd Kreitzer, DO",mountain state dermatology (hurricane)|msmswv.com,,,,unreachable,,,,
Wild Roots Wellness & Spa,mountainlakeplasticsurgery.com,,,yes,no_email,https://mountainlakeplasticsurgery.com,medspa,"semaglutide, tirzepatide",5
Mountain Rose Med Spa,mountainrosemedspa.com,,,yes,no_email,https://mountainrosemedspa.com,medspa,"nad+, glutathione",6
Mountain Surgical Arts,mountainsurgicalarts.com,esthetician@mountainsurgicalarts.net,esthetician@mountainsurgicalarts.net,yes,no_peptides,https://mountainsurgicalarts.com,medspa,,0
Mountain West Eye Care and Med Spa,mountainwesteye.com,support@mountainwesteye.com,impallari@gmail.com; support@mountainwesteye.com,yes,no_peptides,https://mountainwesteye.com,medspa,,0
Laser Solutions Mount Pleasant/Laser Mike,mountpleasantlaser.com,,,yes,no_email,https://mountpleasantlaser.com,medspa,,0
"Mississippi Institute of Aesthetics, Nails, & Cosmetology",msinstitute.com,sarahbrown@gmail.com,sarahbrown@gmail.com,yes,no_peptides,https://msinstitute.com,medspa,,0
MidSouth Integrative,msintegrative.com,,,yes,no_email,https://msintegrative.com,medspa,glutathione,6
M Spa at Reno Tahoe Plastic Surgery,mspareno.com,,,yes,no_email,https://mspareno.com,medspa,semaglutide,4
Mud & Lotus: Outdoor Soaking Tub and Sauna,mud-lotus.com,mud.lotus.garden@gmail.com,mud.lotus.garden@gmail.com,yes,no_peptides,https://mud-lotus.com,vendor,,0
Muscles In Motion Massage & Day Spa Inc.,musclesinmotiondayspa.com,impallari@gmail.com,impallari@gmail.com,yes,no_peptides,https://musclesinmotiondayspa.com,vendor,,0
Muse Salon & Spa,musesalonboise.com,,,yes,no_email,https://musesalonboise.com,medspa,,0
LifeSpa,my.lifetime.life,,,yes,no_email,https://my.lifetime.life,medspa,,1
About Face Medical Aesthetics,myaboutface.com,,,yes,no_email,https://myaboutface.com,medspa,,2
"APEX Hormones and Wellness, LLC",myapex.clinic,,,yes,no_email,https://myapex.clinic,medspa,GLP-1 weight loss peptides,5
KC Aesthetics,myaponline.com,,,yes,no_email,https://myaponline.com/contact,medspa,,0
Aria Nails & Spa,myarianails.com,,,,no_email,,vendor,,0
My Beauty & Spa Medical Spa,mybeautyandspa.com,mybeautyspatroy@gmail.com,mybeautyspatroy@gmail.com,yes,no_peptides,https://mybeautyandspa.com,medspa,,0
Bio Esthetics,mybioesthetics.com,info@mybioesthetics.com,info@mybioesthetics.com,yes,no_peptides,https://mybioesthetics.com,medspa,,0
ProVita Wellness,mybioworx.com,,,,no_email,https://mybioworx.com,medspa,"bpc-157, tb-500, nad+, selank, semax, ghk-cu",11
Chapter Aesthetic Studio,mychapter.com,,,yes,no_email,https://mychapter.com,medspa,,0
Desoto Foot Care and Pedi-Spa,mydesotofootcare.com,,,yes,no_email,https://mydesotofootcare.com,medspa,,0
The Retreat Day Spa,mygreatmassage.com,,,yes,no_email,https://mygreatmassage.com,vendor,,0
My Happy Place,myhappyplacebeauty.com,kristy@myhappyplacebeauty.com,kristy@myhappyplacebeauty.com; kristyrowberry@yahoo.com,,no_us_signal,https://myhappyplacebeauty.com,medspa,,1
San Diego IV,myhothaven.com,support@myhothaven.com,sweat@myhothaven.com; support@myhothaven.com; jenica@myhothaven.com; sean@myhothaven.com,yes,no_peptides,https://myhothaven.com,vendor,,0
Infinite Bliss LLC,myinfinitebliss.com,hello@myinfinitebliss.com,hello@myinfinitebliss.com,yes,no_peptides,https://myinfinitebliss.com,medspa,,0
LifeSculpt,mylifesculpt.com,,,,no_email,https://mylifesculpt.com/contact,vendor,,0
ProSkin Esthetics & Laser,myproskin.com,proskinspa@yahoo.com,proskinspa@yahoo.com; proskinlakeville@yahoo.com,yes,no_peptides,https://myproskin.com,medspa,,0
Quadra Health & MedSPA,myquadrahealth.com,impallari@gmail.com,impallari@gmail.com,yes,no_peptides,https://myquadrahealth.com,medspa,,0
Quintessa Aesthetic Center,myquintessa.com,,,yes,no_email,https://myquintessa.com,medspa,GLP-1 weight loss peptides,5
Cosmetic Rejuvenation Center,myrejuvenation.com,,,,no_email,,vendor,,0
Rêvée Aesthetics,myrevee.com,clientsupport@myrevee.com,clientsupport@myrevee.com,yes,no_peptides,https://myrevee.com,medspa,,0
RH Aesthetics,myrhaesthetics.com,,,yes,no_email,https://myrhaesthetics.com,medspa,,0
Dr. Durland's Simple Wellness,mysimplehealthcare.com,,,yes,no_email,https://mysimplehealthcare.com,medspa,GLP-1 weight loss peptides,4
Skinny Secrets,myskinnysecrets.com,info@myskinnysecrets.com,info@myskinnysecrets.com,yes,no_peptides,https://myskinnysecrets.com,medspa,,0
MyStem,mysteminjections.com,,,,no_email,https://mysteminjections.com,medspa,kpv,1
Talking Skin Aesthetics & Body Wellness,mytalkingskin.com,,,,no_email,,vendor,,0
My Thai Massage & Wellness,mythaiwellness.com,impallari@gmail.com,impallari@gmail.com,,no_peptides,https://mythaiwellness.com,medspa,,0
Cryotherapy Indy,mytrimmd.com,,,,no_email,,vendor,,0
Vendetta Day Spa,myvendetta.square.site,,,,no_email,,vendor,,0
Wellness WORx Massage,mywellnessworxonline.com,info@mywellnessworxonline.com,info@mywellnessworxonline.com,yes,no_peptides,https://mywellnessworxonline.com,medspa,,0
MzPip Spa LLC,mzpipspa.com,,,,no_email,,vendor,,0
Naked Face Medical Boutique,nakedfacemedical.stefaniemagee.com,nakedfacepa@gmail.com,nakedfacepa@gmail.com,yes,no_peptides,https://nakedfacemedical.stefaniemagee.com,medspa,,0
The Longevity Lab,nalufloat.com,nalufloat@gmail.com,nalufloat@gmail.com,yes,no_peptides,https://nalufloat.com,vendor,,0
Namaste Skincare & Wellness,namasteskincaremassage.com,namasteskincarelv@gmail.com,namasteskincarelv@gmail.com,yes,no_peptides,https://namasteskincaremassage.com,medspa,,0
Native Complexions,nativecomplexions.co,,,,no_email,https://nativecomplexions.co,vendor,,0
Natural Beauty Aesthetics,natural-beauty-aesthetics.com,nbaestheticsaz@gmail.com,nbaestheticsaz@gmail.com,yes,no_peptides,https://natural-beauty-aesthetics.com,medspa,,0
"Natural Elements Spa, Massage & Salon",naturalelementsspa.com,info@naturalelementsspa.com,info@naturalelementsspa.com,yes,no_peptides,https://naturalelementsspa.com,medspa,,0
"Hydrolux Wellness Lounge-Medical Weight Loss, Testosterone Replacem...",naturamed.org,team@naturamed.org,manager@naturamed.org; team@naturamed.org,yes,no_peptides,https://naturamed.org,medspa,,0
Nature Day Spa,naturedayspaok.com,ndspa.norman@gmail.com,ndspa.norman@gmail.com,yes,no_peptides,https://naturedayspaok.com,medspa,,0
Juventee,natureshum.net,,,yes,no_email,https://natureshum.net,medspa,,0
Merchantville Medical Wellness Center,naturopathynj.com,,,yes,no_email,https://naturopathynj.com,vendor,,0
New Beginning Salon Spa,nbsalonspa.com,customerservice@nbsalonspa.com,customerservice@nbsalonspa.com,yes,no_peptides,https://nbsalonspa.com,vendor,,0
Kailin of Earth,nccaomdiplomates.com,support@nccaomdiplomates.com,support@nccaomdiplomates.com,yes,no_peptides,https://nccaomdiplomates.com,vendor,,0
NEA Baptist Clinic Medical Spa,neabaptistclinic.com,,,yes,no_email,https://neabaptistclinic.com,medspa,,0
Necee Aesthethics & Wellness Spa,neceeaesthetics.com,,,,no_email,https://neceeaesthetics.com,medspa,,0
Nettuno Skincare Studio,nettunoskincarestudio.com,nettunoskincarestudio@gmail.com,nettunoskincarestudio@gmail.com,yes,no_peptides,https://nettunoskincarestudio.com,medspa,,0
Neu Look Med Spa & Skin Center,neulookskin.com,,,yes,no_email,https://neulookskin.com,medspa,,0
New Body Aesthetics,newbodyaesthetics.com,,,yes,no_email,https://newbodyaesthetics.com,medspa,GLP-1 weight loss peptides,6
New Dawn Skin Spa,newdawnskinspa.com,info@newdawnskinspa.com,info@newdawnskinspa.com,yes,no_peptides,https://newdawnskinspa.com,medspa,,0
NEW DAY Massage,newdaymassagemn.com,,,yes,no_email,https://newdaymassagemn.com,vendor,,0
New Day Spa,newdayspa.shop,pingping6685@gmail.com,pingping6685@gmail.com,yes,no_peptides,https://newdayspa.shop,vendor,,0
New Health Kansas,newhealthkansas.com,,,yes,no_email,https://newhealthkansas.com,medspa,semaglutide,8
New Heights Med Spa,newheightsmedspa.com,,,yes,no_email,https://newheightsmedspa.com,medspa,,0
New Leaf Wellness,newleafcenters.com,,,yes,no_email,https://newleafcenters.com,medspa,GLP-1 weight loss peptides,8
New Leaf Wellness Spa,newleafwellnessspa.square.site,,,,no_email,https://newleafwellnessspa.square.site,vendor,,0
New You Oasis,newyouoasis.com,,,,unreachable,,,,
New Youth Medical Spa,newyouthmedicalspa.com,,,yes,no_email,https://newyouthmedicalspa.com,medspa,,0
Serenity Spa,nhdayspa.com,,,yes,no_email,https://nhdayspa.com,medspa,,0
Contour Body Imaging,nhmwellness.com,,,yes,no_email,https://nhmwellness.com,medspa,"sermorelin, glutathione",9
NIMS Medspa,nimsmedspa.com,,,yes,no_email,https://nimsmedspa.com,medspa,semaglutide,4
Day Spa,ninaesque.as.me,,,,no_email,https://ninaesque.as.me,vendor,,0
Nirvana Wellness Med Spa & Beauty,nirvanawellnessmedspa.com,,,yes,no_email,https://nirvanawellnessmedspa.com,medspa,,0
Nirvelli Med Spa & Laser,nirvelli.com,info@nirvelli.com,info@nirvelli.com,yes,no_peptides,https://nirvelli.com,medspa,,0
NMG Aesthetics,nmgaesthetics.com,info@nmgaesthetics.com,info@nmgaesthetics.com,yes,no_peptides,https://nmgaesthetics.com,medspa,,0
Noctua Aesthetics,noctuaaesthetics.com,jcostello@noctuaaesthetics.com,jcostello@noctuaaesthetics.com,yes,no_peptides,https://noctuaaesthetics.com,medspa,,0
Noëlle Salon Spa Boutique,noelle.com,info@noelle.com,peter@noelle.com; info@noelle.com; hrdirector@noelle.com; donations@noelle.com,yes,no_peptides,https://noelle.com,vendor,,0
No Filter Medical Aesthetics and Wellness Inc.,nofiltercedarvalley.com,,,yes,no_email,https://nofiltercedarvalley.com/contact-us,medspa,,0
Nomadic Healing Arts,nomadichealingarts.com,nomadichealingarts.lmt@gmail.com,nomadichealingarts.lmt@gmail.com,yes,no_peptides,https://nomadichealingarts.com,vendor,,0
Nora Skin Spa,noraskinspa.com,,,,no_email,https://noraskinspa.com,medspa,,0
Complete Health Wellness Center,norcalstemcell.com,,,yes,no_email,https://norcalstemcell.com,medspa,,0
Gudgel Aesthetics,normanmedspa.com,,,,no_email,https://normanmedspa.com,medspa,ghk-cu,7
Nourish Skin Studio,nourishskinid.com,nourishskinid@gmail.com,nourishskinid@gmail.com; nnourishskinid@gmail.com,,no_peptides,https://nourishskinid.com,vendor,,0
Novuskin Med Spa,novuskin.com,,,yes,no_email,https://novuskin.com,medspa,"semaglutide, tirzepatide",6
Flawless Medspa,nrstw.myaestheticrecord.com,,,,no_email,https://nrstw.myaestheticrecord.com,medspa,,0
NuBella Med Spa,nubellamedspa.com,,,yes,no_email,https://nubellamedspa.com,medspa,"semaglutide, tirzepatide, nad+, glutathione",10
Nude’st Beauté Bar,nudestbeautebar.com,info@nudestbeautebar.com,info@nudestbeautebar.com,yes,no_peptides,https://nudestbeautebar.com,vendor,,0
Nueva Piel Body Sculpting,nuevapiel2023.com,nuevapiel0223@gmail.com,nuevapiel0223@gmail.com,yes,no_peptides,https://nuevapiel2023.com,vendor,,0
Defiant Health Spa,nutrivtherapies.com,,,yes,no_email,https://nutrivtherapies.com,medspa,nad+,4
Oak City Day Spa,oakcitydayspa.com,,,,no_email,,vendor,,0
Oak City MedAesthetics,oakcitymedaesthetics.com,sarah@oakcitymedaesthetics.com,sarah@oakcitymedaesthetics.com,yes,no_peptides,https://oakcitymedaesthetics.com,medspa,,0
The Oaks Rehabilitation & Relaxation Massage Clinic,oaksmassage.com,,,yes,no_email,https://oaksmassage.com,medspa,,0
Oasis Face Bar OTR,oasisfacebar.com,,,yes,no_email,https://oasisfacebar.com,vendor,,0
Oasis Healing Arts,oasishealingarts.info,,,,no_email,https://oasishealingarts.info,medspa,,0
Oasis Medspa & IV Bar,oasismedspaofidaho.com,,,,no_email,,vendor,,0
Ohio Skin Center,oasiswellnessstudios.com,info@oasiswellnessstudios.com,info@oasiswellnessstudios.com,yes,no_peptides,https://oasiswellnessstudios.com,vendor,,0
Ocean Integrated Wellness Center,oceanintegratedwellness.com,,,,no_email,,vendor,,0
Oceanside Medical Aesthetics and Wellness,oceansidemedicalri.com,,,yes,no_email,https://oceansidemedicalri.com,medspa,"semaglutide, tirzepatide",8
BeautyGuru salon & spa llc,officialbeautyguru.com,,,,no_email,https://officialbeautyguru.com,vendor,,0
The Wellness Way,ohiovalleynutrition.com,ohiovalleynutrition@gmail.com,ohiovalleynutrition@gmail.com,yes,no_peptides,https://ohiovalleynutrition.com,vendor,,0
Oriental Health Spa,ohsmassage.com,,,,unreachable,,,,
Old City Medspa,oldcitymedspa.com,,,yes,no_email,https://oldcitymedspa.com,medspa,GLP-1 weight loss peptides,3
Omaha Face,omahaface.com,,,yes,no_email,https://omahaface.com,medspa,,0
Omaha Massage and Wellness Center,omahamassageandwellnesscenter.com,,,yes,no_email,https://omahamassageandwellnesscenter.com,medspa,,0
Idlewild Spa,omnihotels.com,,,,unreachable,,,,
Elevate Float Therapy,oneskinderm.com,,,yes,no_email,https://oneskinderm.com,medspa,,0
Onus IV & Longevity,onusiv.com,,,,no_email,https://onusiv.com,medspa,"nad+, sermorelin, ghk-cu, glutathione",13
Onyx Med Spa & IV Lounge,onyxmedspanea.com,onyxmedspanea@gmail.com,onyxmedspanea@gmail.com,yes,no_peptides,https://onyxmedspanea.com,medspa,,0
"Oodelah: A Self Care Space ft. Massage, Skincare & More",oodelah.com,admin@oodelah.com,admin@oodelah.com,yes,no_peptides,https://oodelah.com,medspa,,0
"Michelle Nunez, LE",optimadermatology.com,,,,no_email,https://optimadermatology.com,medspa,,0
Optima Sun Lab,optimasunlab.com,info@optimasunlab.com,info@optimasunlab.com,yes,no_peptides,https://optimasunlab.com,medspa,,0
Optimize U,optimizeucenters.com,,,,no_email,https://optimizeucenters.com,medspa,"semaglutide, tirzepatide, liraglutide, sermorelin, tesamorelin, pt-141",18
"Youth and Longevity , LLC",optimumwh.com,,,,no_email,https://optimumwh.com,vendor,,0
Transformyou,optimyze.me,,,,no_email,,vendor,,0
"Opulence Health: Aging Skin, Hormones & Veins",opulencehealth.com,opulence251@gmail.com,opulence251@gmail.com,yes,no_peptides,https://opulencehealth.com,medspa,,0
PÜR LIFE Medical of Orem,orem.purlifemedical.com,,,,no_email,,vendor,,0
Dermatology Center,oremdermcenter.com,,,yes,no_email,https://oremdermcenter.com,medspa,,0
Oriental Massage & Spa,orientalmassageandspa.com,,,yes,no_email,https://orientalmassageandspa.com,vendor,,0
Synergy Med-Spa,osteostronghsv.com,getstrong@osteostronghsv.com,getstrong@osteostronghsv.com,yes,no_peptides,https://osteostronghsv.com,vendor,,0
True REST Float Spa,osteostrongsedona.com,,,yes,no_email,https://osteostrongsedona.com,vendor,,0
"Jean Santo, MD",other23wellness.com,,,yes,no_email,https://other23wellness.com,medspa,"semaglutide, tirzepatide",6
Outlaw Sauna Co.,outlawsauna.com,outlawsauna@gmail.com,outlawsauna@gmail.com,,no_peptides,https://outlawsauna.com,vendor,,0
Ovation Med Spa,ovationmedspa.com,,,,unreachable,,,,
OVME,ovme.com,help@ovme.com,help@ovme.com,yes,already known,https://ovme.com,vendor,tirzepatide,4
OYESPA Aveda Lifestyle Salon & Spa,oyespa.com,info@oyespa.com,info@oyespa.com,yes,no_peptides,https://oyespa.com,medspa,,0
Paanee Infrared Sauna and Wellness Studio,paaneewellness.com,info@paaneewellness.com,info@paaneewellness.com,,no_peptides,https://paaneewellness.com/about,vendor,,0
Poplar MedSpa,pac-md.com,info@pac-md.com,info@pac-md.com,yes,no_peptides,https://pac-md.com,vendor,,0
Premier Aesthetics,pamedicalspa.com,,,yes,no_email,https://pamedicalspa.com,medspa,,1
Lodi Advanced Medical Center,pamelacolbynd.com,,,yes,no_email,https://pamelacolbynd.com,medspa,,0
Pampered Spirit,pamperedspirit.com,,,yes,no_email,https://pamperedspirit.com,medspa,,0
Pandora skin studio by naghmeh,pandora-skin-studio.com,naghmeh.yazdanfar@gmail.com,naghmeh.yazdanfar@gmail.com,yes,no_peptides,https://pandora-skin-studio.com,medspa,,0
Las Cruces Med Spa,paragonmedispa.com,tonya@paragonmedispa.com,impallari@gmail.com; tonya@paragonmedispa.com,yes,no_peptides,https://paragonmedispa.com,medspa,,0
Parkcrest Plastic Surgery,parkcrestplasticsurgery.com,,,yes,no_email,https://parkcrestplasticsurgery.com,medspa,,0
Seascape Med Spa,parkmedspa.com,,,,unreachable,,,,
Patel Medical Aesthetics,patelmedicalaesthetics.com,,,yes,no_email,https://patelmedicalaesthetics.com,medspa,,0
Payton’s Perfect Spa Day,paytonsperfectspaday.com,,,,unreachable,,,,
Feather's Spa at The Peabody Memphis,peabodymemphis.com,,,,no_email,,vendor,,0
Peak Aesthetics,peakskinandbeauty.com,,,yes,no_email,https://peakskinandbeauty.com,medspa,GLP-1 weight loss peptides,3
Human Reconstruction: An Integrative Medical Center,perceptionsaestheticspa.com,,,yes,no_email,https://perceptionsaestheticspa.com,medspa,,0
Perfectly You Med Spa,perfectlyyoumedspa.com,perfectlyyoumedspa@gmail.com,perfectlyyoumedspa@gmail.com,yes,no_peptides,https://perfectlyyoumedspa.com,medspa,,0
Permanent Makeup & Aesthetics In NH,permanentmakeupinmaine.com,,,,no_email,,vendor,,0
RADIANTILYK AESTHETIC,perspiresaunastudio.com,,,,no_email,https://perspiresaunastudio.com,medspa,,0
YOU YOU SPA,petiteclinique.square.site,petitecliniquemn@gmail.com,petitecliniquemn@gmail.com,,no_peptides,https://petiteclinique.square.site,vendor,,0
Almost Home Pet Resort,petresort.almosthomeboxelder.com,almosthomeboxelder@gmail.com,almosthomeboxelder@gmail.com,yes,no_peptides,https://petresort.almosthomeboxelder.com,vendor,,0
Bijou Wellness Lounge,pfccare.com,info@pfccare.com,info@pfccare.com,yes,no_peptides,https://pfccare.com,medspa,,0
Phan's Beauty & Spa,phanbeautyspa.com,phanbeautyspa@gmail.com,phanbeautyspa@gmail.com,yes,no_peptides,https://phanbeautyspa.com,vendor,,0
Philip Johnson Salon/Spa,philipjohnsonsalon.com,,,yes,no_email,https://philipjohnsonsalon.com,medspa,glutathione,2
Philadelphia Facial Plastic Surgery & Medspa,phillyfacialsurgery.com,office@phillyfacialsurgery.com,office@phillyfacialsurgery.com,yes,no_peptides,https://phillyfacialsurgery.com,medspa,,0
Phoenix Beauty Spa,phoenixbeautyspa.com,,,yes,no_email,https://phoenixbeautyspa.com,medspa,,0
Physician Skin Solutions At Arrowhead,physicianskinarrowhead.com,,,yes,no_email,https://physicianskinarrowhead.com,medspa,GLP-1 weight loss peptides,2
Physician's Plan,physiciansplan.com,,,,no_email,https://physiciansplan.com,medspa,"semaglutide, tirzepatide, kpv",14
Pineal Massage,pinealmassage.glossgenius.com,,,,no_email,https://pinealmassage.glossgenius.com,medspa,GLP-1 weight loss peptides,2
Planet Beach,planetbeach.com,,,yes,no_email,https://planetbeach.com,medspa,,0
Planet Fitness,planetfitness.com,,,,unreachable,,,,
Planet Salon and Spa,planetsalonandspa.com,,,yes,no_email,https://planetsalonandspa.com,vendor,,0
Plastic Surgery Northwest,plasticsurgerynorthwest.com,,,yes,no_email,https://plasticsurgerynorthwest.com,medspa,"semaglutide, tirzepatide",5
Besthetic Cosmetics Skin Lounge,pocketsuite.io,support@pocketsuite.io,support@pocketsuite.io,yes,no_peptides,https://pocketsuite.io,vendor,,0
Point Loma Cosmetics,pointlomacosmetics.com,pointlomacosmetics@gmail.com,pointlomacosmetics@gmail.com,yes,no_peptides,https://pointlomacosmetics.com,medspa,,0
Port Aesthetics,portaesthetics.com,,,yes,no_email,https://portaesthetics.com,medspa,GLP-1 weight loss peptides,2
Renew Vitality Testosterone Clinic,portsmouth.thedripbar.com,,,,no_email,,vendor,,0
Posh Beauty Permanent Makeup and Scar Camouflage Studio,poshbeautycontour.com,support@poshbeautycontour.com,support@poshbeautycontour.com; poshbeautycontour@gmail.com,,no_peptides,https://poshbeautycontour.com,vendor,,0
Posh Facial Esthetics & Med Spa,poshfacialesthetics.com,poshmedicalspa@gmail.com,poshmedicalspa@gmail.com; aliciamalone770@gmail.com; pettykatherine452@gmail.com,yes,already known,https://poshfacialesthetics.com,medspa,"tirzepatide, bpc-157, tb-500, thymosin alpha-1, nad+, mots-c",17
Posh Salon,poshhairsalonspa.com,poshhairsalon@yahoo.com,poshhairsalon@yahoo.com,yes,no_peptides,https://poshhairsalonspa.com,medspa,,0
Posh Medical Spa,poshmedicalreno.com,,,yes,no_email,https://poshmedicalreno.com,medspa,,1
Posh,poshsalonandspa.com,,,,no_email,,vendor,,0
Posh Skin Bar & Spa,poshskinrva.com,,,,unreachable,,,,
Pradny Medicine & Aesthetics,pradnymedicineandaesthetics.com,,,,unreachable,,,,
Premier Gynecology and Med Spa,premierobgynlv.com,,,yes,no_email,https://premierobgynlv.com,medspa,,1
Premier Day Spa & Salon,premierspautah.com,info@premierspautah.com,info@premierspautah.com,yes,no_peptides,https://premierspautah.com,vendor,,0
Maple Lawn Cosmetic,prestigemdspa.com,,,,no_email,,vendor,,0
Pretty Blessed Day Spa,prettyblessedspa.com,,,,no_email,https://prettyblessedspa.com,vendor,,0
Divine Lotus Wellness Spa,prettyspecialmedspa.com,,,yes,no_email,https://prettyspecialmedspa.com,medspa,GLP-1 weight loss peptides,2
Primal Aesthetics,primalaesthetics.net,,,,unreachable,,,,
Prime Medical Aesthetics,primemedaesthetics.com,,,yes,no_email,https://primemedaesthetics.com,medspa,,0
Revival IV & Wellness Clinic,princetonlongevitycenter.com,,,,no_email,,vendor,,0
Pristine Revival Medical Spa,pristinerevivalmedspa.com,,,yes,no_email,https://pristinerevivalmedspa.com,medspa,,0
Flawless Skin Studio and Facial Spa,professionalbodywaxskincare.com,skincare734@gmail.com,skincare734@gmail.com,yes,no_peptides,https://professionalbodywaxskincare.com,medspa,,0
Profile Medical Aesthetics LLC,profilemedspa.com,info@profilemedspa.com,info@profilemedspa.com,yes,no_peptides,https://profilemedspa.com,medspa,,0
Perspire Sauna Studio,promdhealthhutto.com,,,yes,no_email,https://promdhealthhutto.com,medspa,GLP-1 weight loss peptides,7
PRP In Raleigh,prpinraleigh.com,,,,no_email,https://prpinraleigh.com,vendor,,0
Pryor Health,pryorhealth.com,,,yes,no_email,https://pryorhealth.com,medspa,GLP-1 weight loss peptides,2
Precision Skin Care Aesthetics,pscderm.com,,,yes,no_email,https://pscderm.com,medspa,,0
Pura Vida Day Spa,puravida-dayspa.com,,,,no_email,https://puravida-dayspa.com,vendor,,0
Pura Vida BodyMind,puravidabodymind.com,,,yes,no_email,https://puravidabodymind.com,vendor,,0
Pure Aesthetíque,pureaeslex.com,pureaes@gmail.com,pureaes@gmail.com,yes,no_peptides,https://pureaeslex.com,medspa,,0
PureBeautyNP Aesthetics,purebeautynpaesthetics.com,purebeautynp@gmail.com,purebeautynp@gmail.com,yes,already known,https://purebeautynpaesthetics.com,medspa,GLP-1 weight loss peptides,7
Pure Bliss Spa,pureblissspallc.com,,,yes,no_email,https://pureblissspallc.com,vendor,,0
"Pure Eco-Wellness Salon & Spa... Clean, Organic +Sustainable Beauty!",pureecosalonspa.com,,,,no_email,https://pureecosalonspa.com,vendor,,0
"Pure Essence Beauty & Body, LLC",pureessencebeautybody.com,,,,no_email,https://pureessencebeautybody.com,vendor,,0
Renew Specialty Group,purefico.com,,,yes,no_email,https://purefico.com,medspa,"semaglutide, tirzepatide, retatrutide",7
Purely Med Spa,purelashandbeauty.glossgenius.com,,,,no_email,https://purelashandbeauty.glossgenius.com,medspa,GLP-1 weight loss peptides,2
Pure Lash Lounge & Spa,purelashloungespa.com,lashesbyfw@gmail.com,lashesbyfw@gmail.com,yes,no_peptides,https://purelashloungespa.com,medspa,,0
Pure Life Day Spa,purelifedayspa.com,,,yes,no_email,https://purelifedayspa.com,vendor,,0
Pure Luxe Medspa,pureluxespa.com,%20guestservices@pureluxespa.com,%20guestservices@pureluxespa.com,yes,no_peptides,https://pureluxespa.com,medspa,,0
Metta Physical,puremedi-spa.com,,,yes,no_email,https://puremedi-spa.com,medspa,,0
Pure Restorative Wellness Aesthetics,purerestorativewellnessaesthetics.com,,,yes,no_email,https://purerestorativewellnessaesthetics.com,medspa,GLP-1 weight loss peptides,2
Pure A Boutique Spa,puresalonandspaspokane.com,pure.spa.spokane@gmail.com,pure.spa.spokane@gmail.com,yes,no_peptides,https://puresalonandspaspokane.com,vendor,,0
Purple Sarah Day Spa,purplesarah.com,,,yes,no_email,https://purplesarah.com,vendor,,0
Pursue Healing,pursuehealing.org,,,,no_email,https://pursuehealing.org,vendor,kpv,1
Pyramid Holistic Wellness Center,pyramidvt.com,info@pyramidvt.com,info@pyramidvt.com,yes,no_peptides,https://pyramidvt.com,vendor,,0
Pure Vitality,qckinetix.com,,,yes,no_email,https://qckinetix.com,medspa,,1
Q the Medical Spa at Lindsay House,qmedspa.com,,,yes,no_email,https://qmedspa.com,medspa,,2
"The Wellness Center for Healthy Living, Inc.",quantumtransformationcenter.com,,,,unreachable,,,,
Quatela Center For Plastic Surgery,quatela.com,,,yes,no_email,https://quatela.com,medspa,GLP-1 weight loss peptides,4
The Spa at Equinox,quinfunctionalmedicine.com,dr.aimeequin@gmail.com,dr.aimeequin@gmail.com,yes,no_peptides,https://quinfunctionalmedicine.com,medspa,,0
Rachael T Massage & Essential Oils,rachaeltmassage-eoils.com,,,,unreachable,,,,
Radiance Advanced Skincare & Laser,radiancekelly.com,skincarekelly06@gmail.com,skincarekelly06@gmail.com,yes,no_peptides,https://radiancekelly.com,medspa,,0
Radiance Medical Spa,radianceks.com,info@radianceks.com,info@radianceks.com,yes,no_peptides,https://radianceks.com,medspa,,0
Radiant Face 18 Hydrating Moisturizer,radiantface18.com,dawn@radiantface18.com,dawn@radiantface18.com,,no_peptides,https://radiantface18.com,vendor,,0
Radiant Med Spa,radiantmedspamanhattanks.com,,,yes,no_email,https://radiantmedspamanhattanks.com,medspa,"semaglutide, tirzepatide",3
Radiant Skin by Joelle LLC,radiantskinbyjoellellc.glossgenius.com,radiantbyjoelle@gmail.com,radiantbyjoelle@gmail.com,yes,no_peptides,https://radiantskinbyjoellellc.glossgenius.com,vendor,,0
Radiant Skin Medical Spa Richmond Hill,radiantskinrichmondhill.com,,,,no_email,,vendor,,0
Radiant Waxing Boise,radiantwaxing.com,,,,no_email,https://radiantwaxing.com,vendor,,0
Sunflower Clinic,radiantwithrebecca.com,,,yes,no_email,https://radiantwithrebecca.com/contact,medspa,"semaglutide, tirzepatide",3
Rainbow Spa,rainbowspallc.com,,,,unreachable,,,,
Rain Salon & Spa,rainsalonandspa.org,,,yes,no_email,https://rainsalonandspa.org,medspa,,0
Rainwater Wellness,rainwaterwellness.com,,,,no_email,,vendor,,0
"Hydrate Medical, IV Hydration Raleigh",raleigh.hydratemedical.com,,,,no_email,,vendor,,0
The Russian Day Spa,raleigh.theaestheticsloungeandspa.com,,,yes,no_email,https://raleigh.theaestheticsloungeandspa.com,medspa,"semaglutide, tirzepatide, nad+",5
Raleigh Plastic Surgery Center,raleighplasticsurgery.com,,,yes,no_email,https://raleighplasticsurgery.com,medspa,,0
VitaCore Spa,rapidrevivewellness.com,,,,no_email,,vendor,,0
Rarity Wellness Spa and Ava by KC skincare,rarefrequencyatelier.com,,,,unreachable,,,,
Rebellion Esthetics,rebellionesthetics.com,rebellionesthetics@gmail.com,rebellionesthetics@gmail.com; nrebellionesthetics@gmail.com,,no_peptides,https://rebellionesthetics.com,medspa,,0
Vitality Weight Loss Center,reclaimhyperbarics.com,hello@reclaimhyperbarics.com,hello@reclaimhyperbarics.com,yes,no_peptides,https://reclaimhyperbarics.com,vendor,,0
Redefined Day Spa,redefinedeyesdayspa.com,,,,no_email,https://redefinedeyesdayspa.com,vendor,,0
Red Light Body Sculpting & Wellness Center,redlightwellnessroc.com,,,,no_email,,vendor,,0
Refined Skin Medi-Spa,refinedskinmedispa.com,,,yes,no_email,https://refinedskinmedispa.com,medspa,,0
Refine Skin Clinic,refineskinclinic.com,info@refineskinclinic.com,info@refineskinclinic.com,yes,no_peptides,https://refineskinclinic.com,vendor,,0
Pure Aesthetics Spa,refineutah.com,,,,unreachable,,,,
Reflections Body Solutions,reflectionsbodysolutions.com,info@reflectionsbodysolutions.com,jenniec@reflectionsbodysolutions.com; info@reflectionsbodysolutions.com,yes,no_peptides,https://reflectionsbodysolutions.com,medspa,,0
Complete Health at Green Oaks PLLC.,reformemedicalspa.com,reformemedicalspa@gmail.com,reformemedicalspa@gmail.com,yes,already known,https://reformemedicalspa.com,medspa,semaglutide,3
Refresh Medical Spa,refresh-medspa.com,,,yes,no_email,https://refresh-medspa.com,medspa,,0
Refresh MD Aesthetics,refreshmdbc.com,anapbm@gmail.com,anapbm@gmail.com; refreshmdaesthetics@gmail.com,yes,no_peptides,https://refreshmdbc.com,medspa,,0
RegenCen,regencen.com,,,yes,no_email,https://regencen.com,medspa,"semaglutide, tirzepatide, nad+",13
Regener8 Yourself,regener8yourself.com,office@regener8yourself.com,regener8yourself@gmail.com; office@regener8yourself.com,yes,no_peptides,https://regener8yourself.com,vendor,,0
Next Level Health at Virapel,regenerativehealthwellnesscenter.org,regenhealthwellness@gmail.com,regenhealthwellness@gmail.com,yes,already known,https://regenerativehealthwellnesscenter.org,medspa,nad+,6
Prime IV Hydration & Wellness,regenmedal.com,,,yes,no_email,https://regenmedal.com,medspa,,1
"Dr. Rafael F Cruz, MD",regenmedky.com,,,yes,no_email,https://regenmedky.com,medspa,"semaglutide, glutathione",7
RegMar Beauty & Wellness,regmarbeauty.com,,,,no_email,https://regmarbeauty.com,medspa,,0
Rehydration Station and Aesthetics,rehydrationstationnwa.com,,,,unreachable,,,,
"Reincarnation Medical Spa, Center for Advanced Regenerative Medicine",reincarnationmedicalspa.com,,,yes,no_email,https://reincarnationmedicalspa.com,medspa,GLP-1 weight loss peptides,4
Rejuvenate Med Spa,rejuvenatemedspaia.org,rejuvenatemedspanp@gmail.com,rejuvenatemedspanp@gmail.com,yes,already known,https://rejuvenatemedspaia.org,medspa,GLP-1 weight loss peptides,6
Rejuvenate Salon & Spa,rejuvenatesalonspa.com,,,,unreachable,,,,
Medshape Texas Medspa and Weight Loss Clinic,rejuvenationmedspaweightloss.com,,,,no_email,,vendor,,0
Rejuvenation Skin Lab,rejuvenationskinlab.com,,,yes,no_email,https://rejuvenationskinlab.com,medspa,"semaglutide, tirzepatide, glutathione",6
Rejuvenation Spa,rejuvenationspa.net,alex@rejuvenationspa.net,alex@rejuvenationspa.net; bridal@rejuvenationspa.net; donations@rejuvenationspa.net,yes,no_peptides,https://rejuvenationspa.net,vendor,,0
Rejuvenation Station Salon and Spa,rejuvenationstationsalonspa.com,,,,unreachable,,,,
Rejuvene Salon and Spa,rejuvenedayspa.com,,,yes,no_email,https://rejuvenedayspa.com,vendor,,0
BioJust,rejuvimemedical.com,,,yes,no_email,https://rejuvimemedical.com,medspa,"semaglutide, tirzepatide, sermorelin",10
Relaxing Healthy Center,relaxinghealthy.center,relaxinghealthycenter@hotmail.com,relaxinghealthycenter@hotmail.com,yes,no_peptides,https://relaxinghealthy.center,vendor,,0
Corey Proffitt Studios Massage,relaxyoudeserveit.com,,,yes,no_email,https://relaxyoudeserveit.com,medspa,,0
Release Spa Studio,releasespastudio.com,releasespanaperville@gmail.com,releasespanaperville@gmail.com,yes,no_peptides,https://releasespastudio.com,medspa,,0
Cryo Slim Solutions,reluxmedspa.com,info@reluxmedspa.com,info@reluxmedspa.com,yes,no_peptides,https://reluxmedspa.com,medspa,,0
Remedi Medical Aesthetics & Wellness,remedimed.com,,,,unreachable,,,,
"Remedy Aesthetics & Body Wellness, LLC",remedytupelo.com,info@remedytupelo.com,info@remedytupelo.com,yes,no_peptides,https://remedytupelo.com,medspa,,0
The Remington Suite Hotel & Spa,remingtonsuite.com,howdy@remingtonsuite.com,howdy@remingtonsuite.com; customersupport@remingtonsuite.com,yes,no_peptides,https://remingtonsuite.com,medspa,,0
Removery Tattoo Removal & Fading,removery.com,pr@removery.com,pr@removery.com,yes,no_peptides,https://removery.com,medspa,,0
Renew Aesthetic & Laser Clinic Nimbus,renewaestheticclinic.com,,,,no_email,,vendor,,0
Renewal Beauty Medspa,renewalbeautymedspa.com,renewalbeautymedspa@gmail.com,renewalbeautymedspa@gmail.com,yes,no_peptides,https://renewalbeautymedspa.com,medspa,,0
Hydr8 Wellness Center,renewalmedclinic.com,,,yes,no_email,https://renewalmedclinic.com,medspa,,2
Renewed Spirit Day Spa + Academy,renewedspiritdayspa.com,relax@renewedspiritdayspa.com,relax@renewedspiritdayspa.com,yes,no_peptides,https://renewedspiritdayspa.com,vendor,,0
Renew Head Spa,renewheadspa.com,info@renewheadspa.com,amkryukov@gmail.com; info@renewheadspa.com; renewheadspa@gmail.com,yes,no_peptides,https://renewheadspa.com,medspa,,0
Renew Laser & Aesthetic Medicine,renewlasermed.com,,,yes,no_email,https://renewlasermed.com,medspa,"semaglutide, tirzepatide",8
Renew MD Medical Spa,renewmd.com,,,,no_email,,vendor,,0
Renew Spa,renewspaevv.com,renewspaevv@gmail.com,renewspaevv@gmail.com,,no_peptides,,vendor,,0
Renew Wellness Spa,renewspamemphis.com,info@renewspamemphis.com,info@renewspamemphis.com,yes,no_peptides,https://renewspamemphis.com,medspa,,0
Renew You by Diana,renewyoubydiana.com,renewyoubydiana@gmail.com,renewyoubydiana@gmail.com,yes,no_peptides,https://renewyoubydiana.com,medspa,,0
ReNew You Massage & Spa,renewyoumassageandspaok.hibuwebsites.com,,,,unreachable,,,,
Spavia Reno,renonv.spaviadayspa.com,,,yes,no_email,https://renonv.spaviadayspa.com,vendor,,0
Reno Sparks MedSpa,renosparksmedspa.com,info@renosparksmedspa.com,info@renosparksmedspa.com,yes,no_peptides,https://renosparksmedspa.com,medspa,,0
Renovation Medical Spa,renovationmedicalspa.com,,,yes,no_email,https://renovationmedicalspa.com,medspa,,0
RenuYou,renuyouaestheticsandbotox.com,renuyouamesia@gmail.com,renuyouamesia@gmail.com,,no_peptides,https://renuyouaestheticsandbotox.com,medspa,,0
"Resilient Medical Aesthetics, LLC",resilientinjections.com,resilientinjections@gmail.com,resilientinjections@gmail.com,yes,no_peptides,https://resilientinjections.com,medspa,,0
Wellness By Design,resolvedwellness.com,,,yes,no_email,https://resolvedwellness.com,vendor,,0
Restful Touch Wellness Collective,restfultouchwellness.com,restful.touch.spa@gmail.com,restful.touch.spa@gmail.com; lithiumwellness@gmail.com,yes,no_peptides,https://restfultouchwellness.com,vendor,,0
Restore Hyper Wellness,restore.com,,,yes,no_email,https://restore.com,medspa,"semaglutide, tirzepatide, nad+, glutathione",7
Jon Mitchell Functional Medicine Health Consulting,restorehlc.com,hello@restorehlc.com,hello@restorehlc.com,yes,no_peptides,https://restorehlc.com,medspa,,0
Resurface Skin & Body Health,resurface-me.com,,,yes,no_email,https://resurface-me.com,medspa,,0
Fusiondrip Hydration & Wellness,reverse-aesthetics.com,,,yes,no_email,https://reverse-aesthetics.com,medspa,"semaglutide, tirzepatide, nad+, sermorelin",8
Reverse Medical Spa,reversemedicalspa.com,,,yes,no_email,https://reversemedicalspa.com,medspa,,0
Reverse Time Wellness INC,reversetimeinstamford.com,,,yes,no_email,https://reversetimeinstamford.com,medspa,,1
Revitalize your glow medspa,revitalizeyourglow.com,info@revitalizeyourglow.com,support@revitalizeyourglow.com; mllegeorgesand@gmail.com; info@revitalizeyourglow.com,yes,no_peptides,https://revitalizeyourglow.com,medspa,,0
Dr. Kian J. Samimi,revivamed.com,info@revivamed.com,info@revivamed.com,yes,no_peptides,https://revivamed.com,medspa,,0
Reviva Medical Aesthetics Spa of NC,revivamedspas.com,,,,no_email,https://revivamedspas.com,medspa,,0
Revive Restore Day Spa,revive-restore-day-spa.square.site,,,,unreachable,,,,
revIVe 605,revive605.com,,,,unreachable,,,,
Revive Aesthetics & Wellness,reviveaesthetics.org,amanda@reviveaesthetics.org,amanda@reviveaesthetics.org; ashley@reviveaesthetics.org,yes,no_peptides,https://reviveaesthetics.org,medspa,,0
Profile Aesthetics,reviveaestheticsiowa.com,erica@reviveaestheticsiowa.com,erica@reviveaestheticsiowa.com,yes,no_peptides,https://reviveaestheticsiowa.com,medspa,,0
Revive & Refresh Health,reviveandrefresh.health,,,yes,no_email,https://reviveandrefresh.health,medspa,,0
Revive Wellness & Rejuvenation,reviveaz.com,,,yes,no_email,https://reviveaz.com,medspa,"bpc-157, tb-500, ipamorelin, sermorelin",15
Revive Day Spa,revivedayspa.net,cvelectrology@gmail.com,cvelectrology@gmail.com; allienuss@gmail.com,yes,no_peptides,https://revivedayspa.net,medspa,,0
Revived Medical Aesthetics,revivedmedicalaesthetics.com,,,yes,no_email,https://revivedmedicalaesthetics.com,medspa,nad+,4
ReVive,revivemaine.com,,,,unreachable,,,,
Revive Skin Care Studio,reviveskincarestudio.com,hello@reviveskincarestudio.com,hello@reviveskincarestudio.com; %20hello@reviveskincarestudio.com,yes,no_peptides,https://reviveskincarestudio.com,medspa,,0
Reviveu-Keyser,reviveustat.com,jdwolfe1974@gmail.com,jdwolfe1974@gmail.com,yes,already known,https://reviveustat.com,medspa,semaglutide,2
Revive Spa & Aesthetics,revivevt.mystrikingly.com,reviveaestheticsvt@gmail.com,reviveaestheticsvt@gmail.com,,no_peptides,https://revivevt.mystrikingly.com,medspa,,0
Revive Aesthetics & Wellness PLLC,revivewell.net,,,yes,no_email,https://revivewell.net,medspa,semaglutide,2
Revive Wellness NC,revivewellnessnc.com,revivewellnessnc@outlook.com,revivewellnessnc@outlook.com,yes,already known,https://revivewellnessnc.com,medspa,"semaglutide, tirzepatide",8
"RevIV Health & Wellness, LLC",revivhealthandwellness.com,,,yes,no_email,https://revivhealthandwellness.com,medspa,"semaglutide, tirzepatide, nad+, glutathione",7
Radiantly Healthy Drip Lounge,rh-md.com,,,,no_email,https://rh-md.com,vendor,,0
Rhanes Spa,rhanesspa.com,,,,unreachable,,,,
RIDE Wellness,ride-wellness.com,,,,unreachable,,,,
"The Ritz-Carlton Spa, St. Louis",ritzcarlton.com,shunpei.oya@ritzcarlton.com,shunpei.oya@ritzcarlton.com,,no_peptides,https://ritzcarlton.com,vendor,,0
Rivage Day Spa Birmingham,rivagedayspa.com,info@rivagedayspa.com,info@rivagedayspa.com,yes,no_peptides,https://rivagedayspa.com,vendor,,0
River Sense,river-sense.com,,,,no_email,https://river-sense.com,medspa,,0
"Studio Salt, LLC",rivergatemedical.com,,,yes,no_email,https://rivergatemedical.com,medspa,,2
Integrated Medical and Wellness Clinic,rmawc.com,,,yes,no_email,https://rmawc.com,medspa,,1
Robertson Cosmetic Center,robertsoncosmeticcenter.com,,,yes,no_email,https://robertsoncosmeticcenter.com,medspa,,0
Rocco Altobelli Salons & Day Spas,roccoaltobellisalons.com,,,,unreachable,,,,
Monroe Medspa,rochester.monroemedspa.com,,,yes,no_email,https://rochester.monroemedspa.com,medspa,semaglutide,4
Rockwood Aesthetics at the Luxe Lounge,rockwoodaesthetics.com,rockwoodaesthetics@gmail.com,rockwoodaesthetics@gmail.com,yes,no_peptides,https://rockwoodaesthetics.com,medspa,,0
Romatherapy Salon and Spa,romatherapywv.com,,,yes,no_email,https://romatherapywv.com,medspa,,0
SecondWind IV & Wellness,rootedks.org,,,yes,no_email,https://rootedks.org,medspa,,1
Rose Thai Spa (Rose Wellness Services INC),rosethaispa.com,rosebeautycafe@gmail.com,rosebeautycafe@gmail.com,yes,no_peptides,https://rosethaispa.com/contact,vendor,,0
Rouge Aesthetics,rougeaesthetics.com,rougeaesthetics@gmail.com,rougeaesthetics@gmail.com,yes,no_peptides,https://rougeaesthetics.com,medspa,,0
"The Royal Palace Day Spa, LLC",royalmee.as.me,info@royalmee.com,info@royalmee.com,,no_peptides,https://royalmee.as.me,vendor,,0
RUMA Medical,ruma.com,info@ruma.com,info@ruma.com,,no_peptides,https://ruma.com,medspa,,0
Running Bare LLC,runningbareaesthetics.com,,,yes,no_email,https://runningbareaesthetics.com,medspa,,0
The Body Sage Spa at the Rusty Parrot Lodge,rustyparrot.com,info@rustyparrot.com,info@rustyparrot.com; bodysage@rustyparrot.com,yes,no_peptides,https://rustyparrot.com,vendor,,0
RVA Med Spa,rvamedspa.com,hello@rvamedspa.com,hello@rvamedspa.com,yes,no_peptides,https://rvamedspa.com,medspa,,0
Advanced Anti-Aging,rzhealth.org,brian.rzhealth@gmail.com,brian.rzhealth@gmail.com,yes,no_peptides,https://rzhealth.org,medspa,,0
Sacred Roots Holistic Massage,sacredrootsholisticmassage.massagetherapy.com,,,,unreachable,,,,
Sacred Space Day Spa,sacredspacedayspa.com,,,,unreachable,,,,
Sage Beauty Company,sagebeautycompany.com,bookings@sagebeautycompany.com,bookings@sagebeautycompany.com,yes,no_peptides,https://sagebeautycompany.com,medspa,,0
Central Wyoming Medical Aesthetics,saguarospa.com,,,yes,no_email,https://saguarospa.com,medspa,GLP-1 weight loss peptides,3
Sahara Tanning Salon,saharatanningsalon.com,saharatanningwv@gmail.com,saharatanningwv@gmail.com,yes,no_peptides,https://saharatanningsalon.com,medspa,,0
Sakura Massage & Spa,sakuraspa.net,,,yes,no_email,https://sakuraspa.net,vendor,,0
Salon Elemis,salonelemis.com,,,yes,no_email,https://salonelemis.com,vendor,,0
Salon Nouveau,salonnouveau.com,,,yes,no_email,https://salonnouveau.com,vendor,,0
ReVamp Salon,salonrevamp.com,,,yes,no_email,https://salonrevamp.com,vendor,,0
Bolus Med Spa,saltsanctuarymd.com,,,,no_email,,vendor,,0
Salt Spa & Yoga,saltspacharleston.com,,,yes,no_email,https://saltspacharleston.com,vendor,,0
Salt Spa Memphis,saltspamemphis.com,impallari@gmail.com,impallari@gmail.com,yes,no_peptides,https://saltspamemphis.com,vendor,,0
Spa Blu,samstownshreveport.boydgaming.com,,,,no_email,https://samstownshreveport.boydgaming.com,vendor,,0
Chalárosi Float Studio,sanctuaryfloatcenter.com,info@sanctuaryfloatcenter.com,info@sanctuaryfloatcenter.com,yes,no_peptides,https://sanctuaryfloatcenter.com,vendor,,0
San Diego Body Sculpting,sandiegobodysculptingca.com,,,yes,no_email,https://sandiegobodysculptingca.com,medspa,semaglutide,5
San Diego Cosmetic Laser Clinic,sandiegocosmeticlaser.com,,,,no_email,,vendor,,0
San Diego Medspa & Wellness,sandiegomedspa.com,sdmedspawellness@gmail.com,sdmedspawellness@gmail.com,yes,no_peptides,https://sandiegomedspa.com,medspa,,0
San Diego Skin,sandiegoskin.com,,,yes,no_email,https://sandiegoskin.com,medspa,,1
Santosha Massage,santosha-lawrence.com,staff@santosha-lawrence.com,staff@santosha-lawrence.com,yes,no_peptides,https://santosha-lawrence.com,medspa,,0
"Sapphire Health and Wellness, LLC",sapphirewellnesswyo.com,sapphirehealthwellness@gmail.com,sapphirehealthwellness@gmail.com,,no_us_signal,https://sapphirewellnesswyo.com,medspa,nad+,5
Sarah Rizzo Skin Spa & Boutique,sarahrizzoskin.com,info@sarahrizzoskin.com,info@sarahrizzoskin.com,yes,no_peptides,https://sarahrizzoskin.com,vendor,,0
Succulent Skin Aesthetics,sarahummel.glossgenius.com,,,yes,no_email,https://sarahummel.glossgenius.com,medspa,,0
Satin Finish Skin,satinfinishskin.com,satin@satinfinishskin.com,satin@satinfinishskin.com,,no_peptides,https://satinfinishskin.com,vendor,,0
Sato Skin Care,satoskincare.com,,,,no_email,,vendor,,0
Savannah Day Spa,savannahdayspa.com,reception@savannahdayspa.com,reception@savannahdayspa.com,yes,no_peptides,https://savannahdayspa.com,vendor,,0
SavantSkin Aesthetics,savantskinaesthetics.com,,,yes,no_email,https://savantskinaesthetics.com,medspa,,0
Saving Face,savingfacesd.com,,,,no_email,https://savingfacesd.com,vendor,,0
Savvy Skin Medical Aesthetics,savvyskinmedspa.com,,,yes,no_email,https://savvyskinmedspa.com,medspa,GLP-1 weight loss peptides,2
Schweiger Dermatology Group,schweigerderm.com,,,yes,no_email,https://schweigerderm.com,medspa,,0
Contour Spa Scottsdale,scottsdale.contourspa.com,,,,unreachable,,,,
"Oasis Center for Wellness, LLC",sculptedmd.com,,,,no_email,,vendor,,0
Salon Di Marco & Day Spa,sdimarco.com,info@sdimarco.com,info@sdimarco.com,yes,no_peptides,https://sdimarco.com,vendor,,0
Seacoast Plastic Surgery and Medical Aesthetics,seacoastplasticsurgery.com,,,yes,no_email,https://seacoastplasticsurgery.com,medspa,"semaglutide, tirzepatide",4
Seacoast Rejuvenation Center,seacoastrejuvenation.com,,,yes,no_email,https://seacoastrejuvenation.com,medspa,semaglutide,3
Dina Leaird @ Seaside Spa Management LLC,seasidespasc.com,seasidespasc@gmail.com,seasidespasc@gmail.com,,no_peptides,https://seasidespasc.com,vendor,,0
Sea Of Beauty Spa and Wellness Boutique,seasonality.biz,,,,no_email,https://seasonality.biz,vendor,,0
Rooted Health and Wellness,secondwindhays.com,impallari@gmail.com,impallari@gmail.com,yes,already known,https://secondwindhays.com,medspa,"nad+, glutathione",3
Secrets of Beauty Med Spa,secretsofbeautymed.com,,,yes,no_email,https://secretsofbeautymed.com,medspa,,1
Selena Styren LLC,selenastyren.com,selenastyren@gmail.com,selenastyren@gmail.com,yes,no_peptides,https://selenastyren.com,medspa,,0
Selenite Aesthetics,seleniteaestheticsandwellness.com,,,yes,no_email,https://seleniteaestheticsandwellness.com,medspa,"semaglutide, tirzepatide, ipamorelin, sermorelin",8
Self Aesthetics Skin and Body,selfaestheticsskinandbody.square.site,,,,no_email,https://selfaestheticsskinandbody.square.site,medspa,,0
Self-care Spa and Lounge,selfcarespaandlounge.com,,,,no_email,https://selfcarespaandlounge.com,vendor,,0
SEMA Skin Care Facial Spa,semaskincare.com,,,,unreachable,,,,
"Sense of Touch, LLC",senseoftouchllc.com,,,,no_email,https://senseoftouchllc.com,medspa,,0
Sensora Spa,sensoraspa.com,info@sensoraspa.com,info@sensoraspa.com,yes,no_peptides,https://sensoraspa.com,vendor,,0
Serene Beauty & Browz,serenebeauty.co,,,yes,no_email,https://serenebeauty.co,medspa,,0
Serenity Salon & Day Spa,serenitorem.square.site,,,,unreachable,,,,
SV Medical Aesthetics,serenityaestheticsandwellnessclinicllc.com,,,,unreachable,,,,
Serenity Massage & Energywork,serenitymassageandenergywork.com,,,yes,no_email,https://serenitymassageandenergywork.com,vendor,,0
Serenity Massage Therapy & Spa,serenitymassageandspa.me,,,yes,no_email,https://serenitymassageandspa.me,vendor,,0
Serenity Salon & Day Spa LLC,serenitysalonmishawaka.com,,,yes,no_email,https://serenitysalonmishawaka.com,vendor,,0
Serenity Spa,serenityspacenter.com,,,yes,no_email,https://serenityspacenter.com,vendor,,0
Serenity Spa Health and Wellness,serenityspahealthandwellness.com,,,,no_email,https://serenityspahealthandwellness.com,medspa,"semaglutide, tirzepatide",4
Seriously Skin Cosmetic and Laser Medicine,seriouslyskin.com,seriouslyskin@aol.com,seriouslyskin@aol.com,yes,no_peptides,https://seriouslyskin.com,medspa,,0
Shangri La Salon & Day Spa Inc,shangrilasalonanddayspa.com,,,yes,no_email,https://shangrilasalonanddayspa.com,medspa,,0
"Shay Wellness: Blanche Petty, APRN",shaywellness.com,,,,unreachable,,,,
Shear Heaven Salon & Day Spa,shearheavenvt.com,hair@shearheavenvt.com,hair@shearheavenvt.com,yes,no_peptides,https://shearheavenvt.com,vendor,,0
"Endure Health and Wellness: Weight Loss, Testosterone, ED, PE, Vita...",shicaresmedspa.com,,,,no_email,,vendor,,0
Shiloh Medical Clinic,shilohmedicalclinic.com,,,yes,no_email,https://shilohmedicalclinic.com,medspa,,0
"ShineMD Medspa & Liposuction Center in Houston, TX",shinemdmedspa.com,,,yes,no_email,https://shinemdmedspa.com,medspa,GLP-1 weight loss peptides,3
Aura Spa + Beauty Studio,shopaurabeauty.com,hello@shopaurabeauty.com,hello@shopaurabeauty.com; u003ehello@shopaurabeauty.com,yes,no_peptides,https://shopaurabeauty.com,vendor,,0
Body Indulgence Spa & Boutique,shopbispa.com,,,,no_email,https://shopbispa.com/services,vendor,,0
Clara LLC,shopclara.com,hello@shopclara.com,hello@shopclara.com,,no_peptides,,vendor,,0
Sierra Marie Facial Spa,sierramariefacialspa.com,,,yes,no_email,https://sierramariefacialspa.com/contact-us/,medspa,,0
Simple Body Solutions,simplebodysolutionsme.com,,,yes,no_email,https://simplebodysolutionsme.com,medspa,,0
Simplicity Laser,simplicitylaser.com,,,yes,no_email,https://simplicitylaser.com,vendor,,0
Simplista Spa,simplistaspa.glossgenius.com,rachel@simplistaspa.com,rachel@simplistaspa.com,yes,no_peptides,https://simplistaspa.glossgenius.com,medspa,,0
Simply Bao Wellness Studio (Formerly Cloud 9 Spa),simplybaowellness.com,,,,unreachable,,,,
Simply Bella Aesthetics,simplybellaaesthetics.com,simplybellamanager@gmail.com,simplybellamanager@gmail.com,yes,already known,https://simplybellaaesthetics.com,medspa,GLP-1 weight loss peptides,4
Simply relaxed LLC,simplyrelaxed.biz,simplyrelaxed@yahoo.com,simplyrelaxed@yahoo.com,yes,no_peptides,https://simplyrelaxed.biz,medspa,,0
"Simply Skin, LLC",simplyskinllc.com,,,,unreachable,,,,
Sirona Wellness Spa,sironamichigan.com,info@sironamichigan.com,florawellnessspa@gmail.com; info@sironamichigan.com,yes,no_peptides,https://sironamichigan.com,vendor,,0
Sissa Aesthetics,sissaaesthetics.com,,,yes,no_email,https://sissaaesthetics.com,medspa,GLP-1 weight loss peptides,2
Cosmetic Laser Institute: Anthony Mamari MD,skin-esteem.com,,,,no_email,,vendor,,0
Skin Alchemy Memphis,skinalchemymemphis.com,,,,no_email,,vendor,,0
Skin and Cancer Institute,skinandcancerinstitute.com,,,yes,no_email,https://skinandcancerinstitute.com,medspa,,0
Skin Bliss Beauty of Health,skinblissnm.com,,,,no_email,https://skinblissnm.com,vendor,,0
Skin Body Aesthetics,skinbodyaesthetics.glossgenius.com,,,yes,no_email,https://skinbodyaesthetics.glossgenius.com,medspa,,0
SKIN BY CARA,skinbycara.org,info@skinbycara.org,info@skinbycara.org,,no_peptides,https://skinbycara.org,vendor,,0
Skin by Gin,skinbygin.com,,,yes,no_email,https://skinbygin.com,vendor,,0
Skin. by HC,skinbyhc.com,,,yes,no_email,https://skinbyhc.com,vendor,,0
Seamless Medspa,skinbyrose.com,,,,no_email,,vendor,,0
Madison Skin Specialists,skincareclinicmadisonwi.com,,,,unreachable,,,,
Lily's Spa Room,skincareinportsmouthva.com,,,,unreachable,,,,
SkinSense Medical Spa of Georgia,skincarephysiciansofga.com,,,yes,no_email,https://skincarephysiciansofga.com,medspa,,0
Skin Crush,skincrush.net,,,,unreachable,,,,
Skin Fitness USA,skinfitnessusa.com,fyllspa@gmail.com,fyllspa@gmail.com,yes,no_peptides,https://skinfitnessusa.com,vendor,,0
Skin Glow Collective,skinglowcollective.com,hello@skinglowcollective.com,hello@skinglowcollective.com,yes,no_peptides,https://skinglowcollective.com,medspa,,0
Skin Glow Lab,skinglowlab.org,skinglowlabbb@gmail.com,skinglowlabbb@gmail.com,yes,no_peptides,https://skinglowlab.org,medspa,,0
Skin Radiance Aesthetics,skinradianceaesthetics.com,info@skinradianceaesthetics.com,info@skinradianceaesthetics.com,yes,no_peptides,https://skinradianceaesthetics.com,medspa,,0
Advanced TRT Clinic,skinreligionmedspa.com,info@skinreligionmedspa.com,info@skinreligionmedspa.com,yes,no_peptides,https://skinreligionmedspa.com,medspa,,0
Skin Rinse,skinrinse.glossgenius.com,,,yes,no_email,https://skinrinse.glossgenius.com,vendor,,0
Skin Rituals by Val,skinritualsbyval.com,info@skinritualsbyval.com,info@skinritualsbyval.com,yes,no_peptides,https://skinritualsbyval.com,vendor,,0
Skin Solutions,skinsolutions-la.com,,,yes,no_email,https://skinsolutions-la.com,vendor,,0
Skin Therapy Portsmouth,skintherapyportsmouth.com,jess.skintherapy@gmail.com,jess.skintherapy@gmail.com,yes,no_peptides,https://skintherapyportsmouth.com,medspa,,0
Skintopia,skintopia.me,appointments@skintopia.me,appointments@skintopia.me; christina@skintopia.me,yes,no_peptides,https://skintopia.me,medspa,,0
Skintuition,skintuitionmadison.com,melissa@skintuitionmadison.com,melissa@skintuitionmadison.com,yes,no_peptides,https://skintuitionmadison.com,medspa,,0
SkinVogue Aesthetics,skinvogueaesthetics.com,,,,unreachable,,,,
The Skin Witch Beauty Bar,skinwitchbeautybar.com,,,yes,no_email,https://skinwitchbeautybar.com,vendor,,0
SKN Aesthetics,sknaestheticsabq.com,,,yes,no_email,https://sknaestheticsabq.com,medspa,,0
SKNDUSTRY,skndustry.co,appointment@skndustry.co,appointment@skndustry.co,yes,no_peptides,https://skndustry.co,medspa,,0
SKYN,skynmt.com,,,,no_email,https://skynmt.com,medspa,,0
Skyntique by Amelia,skyntique.net,,,,no_email,https://skyntique.net,vendor,,0
Slim Medical Clinic,slimmedicalclinic.com,,,,no_email,https://slimmedicalclinic.com,medspa,GLP-1 weight loss peptides,8
Slow Coast Spa,slowcoastspa.com,,,yes,no_email,https://slowcoastspa.com,vendor,,0
SMD Esthetics,smdesthetics.square.site,,,,no_email,https://smdesthetics.square.site,vendor,,0
Smiley Aesthetics Medical Spa,smileyaesthetics.com,,,yes,no_email,https://smileyaesthetics.com,medspa,GLP-1 weight loss peptides,4
Smooth Aesthetics,smooth-aesthetics.com,,,,no_email,,vendor,,0
SMooth Skin Studio,smoothskinstudio.com,,,yes,no_email,https://smoothskinstudio.com,medspa,,0
Southside Massage Retreat,smretreat.massagetherapy.com,,,yes,no_email,https://smretreat.massagetherapy.com,vendor,,0
Snatched Aesthetics,snatchedaestheticsutah.com,,,yes,no_email,https://snatchedaestheticsutah.com,medspa,,0
Grand View Spa,snowking.com,reservations@snowking.com,reservations@snowking.com,yes,no_peptides,https://snowking.com,vendor,,0
SoCo Body Sculpting L.L.C.,socobodysculpting.com,,,,unreachable,,,,
Soft Touch Aesthetics,softtouchaesthetics.com,info@softtouchaesthetics.com,info@softtouchaesthetics.com,yes,no_peptides,https://softtouchaesthetics.com,medspa,,0
Softwave Regeneration of Arkansas,softwavear.com,lori@softwavear.com,lori@softwavear.com,yes,no_peptides,https://softwavear.com,medspa,,0
SOHA Skin,sohaskin.com,,,,no_email,https://sohaskin.com,vendor,,0
Soha Spa and Wellness,sohaspaandwellness.com,,,yes,no_email,https://sohaspaandwellness.com,medspa,,0
Sola Vie Skin Clinic,sola-vie.com,sola@sola-vie.com,sola@sola-vie.com,yes,no_peptides,https://sola-vie.com,medspa,,0
Solaia Luxury Salon & Spa,solaiaexperience.com,,,yes,no_email,https://solaiaexperience.com,medspa,,0
Solari,solarispa.com,,,yes,no_email,https://solarispa.com,medspa,,0
Sole 2 Soul-Massage Studio,sole2soulmassage.com,,,,unreachable,,,,
Soleil Wellness & Day Spa,soleil-spa.net,,,yes,no_email,https://soleil-spa.net,vendor,,0
SolEscape Healing Arts,solescapehealingarts.com,solescapehealingarts@gmail.com,solescapehealingarts@gmail.com,yes,no_peptides,https://solescapehealingarts.com,medspa,,0
Solitaire Head Spa,solitaireheadspa.com,hello@solitaireheadspa.com,hello@solitaireheadspa.com,yes,no_peptides,https://solitaireheadspa.com,vendor,,0
Soluna Aesthetics + Academy,solunaaestheticsco.glossgenius.com,,,,no_email,https://solunaaestheticsco.glossgenius.com,medspa,GLP-1 weight loss peptides,2
Soma Wellness Spa,soma-wellness.com,admin@soma-wellness.com,abby@soma-wellness.com; admin@soma-wellness.com,yes,no_peptides,https://soma-wellness.com,medspa,,0
"Gameday Men's Health Roseville, MN",somachiromn.com,info@somachiromn.com,info@somachiromn.com; drsenyi@somachiromn.com,yes,no_peptides,https://somachiromn.com,medspa,,0
SOMA Therapeutic Massage,somatherapeuticmassage.com,info@somatherapeuticmassage.com,troy@somatherapeuticmassage.com; info@somatherapeuticmassage.com,yes,no_peptides,https://somatherapeuticmassage.com,medspa,,0
Sorella Medical Aesthetics,sorellaaestheticsny.com,sorellarochester@gmail.com,sorellarochester@gmail.com,yes,already known,https://sorellaaestheticsny.com,medspa,"semaglutide, tirzepatide, nad+, glutathione",11
Soul Ease,soul-ease.com,info@soul-ease.com,info@soul-ease.com,yes,no_peptides,https://soul-ease.com,medspa,,0
Mt. Pleasant Medispa,soulshineaesthetics.com,,,,no_email,,vendor,,0
Soul Studio,soulstudiofay.com,,,,unreachable,,,,
Sound Stone Massage Spa,sound-stone.com,,,,no_email,,vendor,,0
Sousan Med Spa,sousanmedspahouston.net,,,yes,no_email,https://sousanmedspahouston.net,medspa,,0
The South Bend Clinic Aesthetics and Spa,southbendclinic.com,,,yes,no_email,https://southbendclinic.com,medspa,,0
Southern Grace Precision and Aesthetics,southerngracepa.com,,,,unreachable,,,,
Glamour Body Sculpting & SPA,southshore-aesthetics.com,,,,unreachable,,,,
Tres Aurae,spa-buffalo.com,spabuffalo@gmail.com,spabuffalo@gmail.com,yes,no_peptides,https://spa-buffalo.com,medspa,,0
Spa No. 5,spa-five.com,info@spa-five.com,info@spa-five.com,yes,no_peptides,https://spa-five.com,medspa,,0
SPA NiKA (By Appointment Only),spa-nika.com,veranika@spa-nika.com,veranika@spa-nika.com,,no_peptides,https://spa-nika.com,vendor,,0
Spa Oasis,spa-oasis.com,,,yes,no_email,https://spa-oasis.com,vendor,,0
Enchantment Spa,spa.center.us.ivof.com,,,yes,no_email,https://spa.center.us.ivof.com,vendor,,0
Spa Three Ten,spa310.com,info@spa310.com,info@spa310.com,yes,no_peptides,https://spa310.com,medspa,,0
Spa Azure Mount Pleasant,spaazure.com,,,,no_email,https://spaazure.com,medspa,,0
SpaBlue in the city,spabluespokane.com,spablueinthecityspokane@gmail.com,spablueinthecityspokane@gmail.com; nspablueinthecityspokane@gmail.com,,no_peptides,,vendor,,0
Urban Scalp And Skin,spacarmen.com,jenngcarmen@gmail.com,jenngcarmen@gmail.com,yes,no_peptides,https://spacarmen.com,medspa,,0
Citron Spa,spacitron.com,,,yes,no_email,https://spacitron.com,vendor,,0
Spa Collierville & Medical Aesthetics,spacollierville.com,info@spacollierville.com,info@spacollierville.com,yes,no_peptides,https://spacollierville.com,medspa,,0
Spa Concepts Salon & Spa,spaconcepts1.com,spa@spaconcepts1.com,spa@spaconcepts1.com; bossierspa@spaconcepts1.com,yes,no_peptides,https://spaconcepts1.com,vendor,,0
SpaGo MedSpa,spagoerie.com,knmascia@gmail.com,knmascia@gmail.com,yes,no_peptides,https://spagoerie.com,medspa,,0
"Beautopia Skin Studio in Houston, TX",spahoustontexas.com,info@spahoustontexas.com,info@spahoustontexas.com,yes,no_peptides,https://spahoustontexas.com,medspa,,0
Spa Hygge,spahygge.com,hello@spahygge.com,hello@spahygge.com,yes,no_peptides,https://spahygge.com,vendor,,0
Spa In The Woods,spainthewoodsmi.com,,,,no_email,,vendor,,0
Spa Kingston,spakingston.com,info@spakingston.com,info@spakingston.com,yes,no_peptides,https://spakingston.com,medspa,,0
Spa Larimar,spalarimar.com,info@spalarimar.com,info@spalarimar.com,yes,no_peptides,https://spalarimar.com,medspa,,0
Spalon Montage,spalon.com,info@spalon.com,info@spalon.com,,no_peptides,https://spalon.com,vendor,,0
Spa Lumos,spalumos.com,info@spalumos.com,info@spalumos.com; customerservice@spalumos.com,yes,no_peptides,https://spalumos.com,vendor,,0
Spa Medical,spamedical.com,,,yes,no_email,https://spamedical.com,medspa,,0
The Self-Care Creative formally Spa Qsthetics,spaqsthetics.com,q4selfcare@gmail.com,q4selfcare@gmail.com,,no_peptides,https://spaqsthetics.com,vendor,,0
Spa Trouve,spatrouve.com,,,yes,no_email,https://spatrouve.com,medspa,nad+,4
Spa Visage,spavisage.com,trisha@spavisage.com,trisha@spavisage.com,yes,no_peptides,https://spavisage.com,medspa,,0
Specialists in Plastic Surgery,specialistsinplasticsurgery.com,,,yes,no_email,https://specialistsinplasticsurgery.com,medspa,,0
"SpectacularSkin, Inc.",specskin.com,office@specskin.com,office@specskin.com,yes,no_peptides,https://specskin.com,medspa,,0
Splendore the medical spa,splendoremedicalspa.com,,,yes,no_email,https://splendoremedicalspa.com,medspa,GLP-1 weight loss peptides,2
"Spruce Aesthetics, PLLC",spruceaesthetics.com,theteam@spruceaesthetics.com,theteam@spruceaesthetics.com,yes,no_peptides,https://spruceaesthetics.com/contact-us,medspa,,0
Spry Skin and Wellness,spryskinandwellness.com,information@spryskinandwellness.com,information@spryskinandwellness.com,yes,no_peptides,https://spryskinandwellness.com,medspa,,0
Stamford Anti-Aging and Weight Loss Center,stamfordantiaging.com,,,,unreachable,,,,
Starr Luxe day spa,starrluxedayspa.com,starrjenn10@yahoo.com,starrjenn10@yahoo.com,yes,no_peptides,https://starrluxedayspa.com,medspa,,0
Star Acupressure Center,starspatomsriver.com,,,,no_email,,vendor,,0
Activate IV and Cryotherapy LLC,stationhydration.com,,,yes,no_email,https://stationhydration.com,medspa,"nad+, glutathione",3
Stay Beautiful Med Spa,staybeautifulvt.com,,,,unreachable,,,,
St. Claire Facialist studio,stclairefacialist.glossgenius.com,st.clairefacialist@gmail.com,st.clairefacialist@gmail.com,yes,no_peptides,https://stclairefacialist.glossgenius.com,vendor,,0
"Stelle Lumina Esthetics,LLC",stelleluminaesthetics.glossgenius.com,stelleluminaesthetics@gmail.com,stelleluminaesthetics@gmail.com,yes,no_peptides,https://stelleluminaesthetics.glossgenius.com,vendor,,0
The Naderi Center for Plastic Surgery & Dermatology,stemcellarts.com,,,yes,no_email,https://stemcellarts.com,medspa,,1
Steppey Aesthetics and Wellness,steppeyaesthetics.com,,,,unreachable,,,,
Stick Fix,stickfixcharleston.com,,,yes,no_email,https://stickfixcharleston.com,medspa,"semaglutide, tirzepatide, nad+, glutathione",5
Still Waters Spa & Studio,stillwatersspaandstudio.com,stillwatersspaandstudio@gmail.com,stillwatersspaandstudio@gmail.com,yes,no_peptides,https://stillwatersspaandstudio.com,medspa,,0
STL Electrology by Bello Med Spa,stlelectrology.com,,,yes,no_email,https://stlelectrology.com,medspa,,0
Polished Day Spa,studio1salonspa.com,,,yes,no_email,https://studio1salonspa.com,vendor,,0
Studio N,studionphilly.com,studio.n.inc@gmail.com,studio.n.inc@gmail.com,yes,no_peptides,https://studionphilly.com,medspa,,0
The Studio: an Elite Salon and Spa,studiosalonboise.com,ultracellaaa@gmail.com,ultracellaaa@gmail.com,yes,no_peptides,https://studiosalonboise.com,medspa,,0
Studio Z Skincare and Aesthetics,studiozskincare.com,guestservice@studiozskincare.com,guestservice@studiozskincare.com,yes,no_peptides,https://studiozskincare.com,medspa,,0
"Quantum Integrative Medicine, LLC",stunningmedspas.com,,,,no_email,https://stunningmedspas.com,medspa,,0
Lower Gwynedd Functional Medicine,suburbancryotherapy.com,info@suburbancryotherapy.com,info@suburbancryotherapy.com,yes,no_peptides,https://suburbancryotherapy.com,medspa,,0
Sugaring NYC,sugaringnyc.com,,,,unreachable,,,,
Suite Life Spa,suitelifespa.com,suitelifespa@gmail.com,suitelifespa@gmail.com,yes,no_peptides,https://suitelifespa.com,vendor,,0
"Nova Clinic Aesthetics, Health, and Spa",summersaesthetics.com,info@summersaesthetics.com,info@summersaesthetics.com,yes,no_peptides,https://summersaesthetics.com,medspa,,0
Sundara Aesthetics,sundarautah.com,,,,unreachable,,,,
Sun MedSpa,sunmedspa.com,,,,no_email,,vendor,,0
Sunny Foot Massage,sunnyfootmassageor.com,,,,unreachable,,,,
Sunset Aesthetics LLC,sunsetaestheticsnj.com,sunsetaesthetics2021@gmail.com,sunsetaesthetics2021@gmail.com,yes,no_peptides,https://sunsetaestheticsnj.com,medspa,,0
Sunshine Health Spa,sunshine-healthspa.com,,,,unreachable,,,,
SweatHouz Seaboard Station Contrast Therapy Studio,sweathouz.com,,,,unreachable,,,,
Sweet Cheeks Beauty Bar,sweetcheeksbeautybar.com,dusti@sweetcheeksbeautybar.com,dusti@sweetcheeksbeautybar.com,yes,no_peptides,https://sweetcheeksbeautybar.com,medspa,,0
Sweetgrass Plastic Surgery & Spa,sweetgrassplasticsurgery.com,,,,unreachable,,,,
Sweet Water Spa,sweetwater-spa.com,sweetwaterspa.sav@gmail.com,sweetwaterspa.sav@gmail.com,yes,no_peptides,https://sweetwater-spa.com,vendor,,0
Symmetry Aesthetics and Wellness,symmetrynorman.com,,,yes,no_email,https://symmetrynorman.com,medspa,,1
Tacora Massage,tacoramassage.com,mike@tacoramassage.com,mike@tacoramassage.com,yes,no_peptides,https://tacoramassage.com,medspa,,0
Tallman Medical Spa,tallmanmedicalspa.com,,,yes,no_email,https://tallmanmedicalspa.com,medspa,,0
Serenity Health & Wellness Center,tamaratcm.com,wellness@tamaratcm.com,wellness@tamaratcm.com,yes,no_peptides,https://tamaratcm.com,medspa,,0
Tangles,tangleswyo.com,,,,no_email,https://tangleswyo.com,vendor,,0
Tanya's Medspa & Laser,tanyamedspa.glossgenius.com,,,yes,no_email,https://tanyamedspa.glossgenius.com,medspa,,0
Tap Hydration,taphydration.com,,,yes,no_email,https://taphydration.com,medspa,semaglutide,3
True Derm MedSpa,tdmspa.com,info@tdmspa.com,info@tdmspa.com,yes,no_peptides,https://tdmspa.com,medspa,,0
interveneMD Aesthetics,tealelitemedspa.com,kristendrenga@tealelitemedspa.com,kristendrenga@tealelitemedspa.com,yes,no_peptides,https://tealelitemedspa.com,medspa,,0
Tea Spa Wellness,teaspawellness.com,customerservice@teaspawellness.com,customerservice@teaspawellness.com,yes,no_peptides,https://teaspawellness.com,vendor,,0
Hellie's TePee Pools and Spa,tepeepools.com,impallari@gmail.com,impallari@gmail.com,,no_peptides,https://tepeepools.com/about-us,vendor,,0
Body Maintenance Waxing & Micro-Spa,texturessalonic.com,,,,unreachable,,,,
TFP Center of Aesthetic Medicine,tfp-aesthetics.com,,,yes,no_email,https://tfp-aesthetics.com,medspa,,0
Thai Diego Massage & Medspa,thaidiegomssagemedspa.com,karnsomkla@gmail.com,karnsomkla@gmail.com,yes,no_peptides,https://thaidiegomssagemedspa.com,medspa,,0
The Botox NP,the-botox-np.com,,,,unreachable,,,,
The Art of Roses,theartofroses.com,info@theartofroses.com,info@theartofroses.com,yes,no_peptides,https://theartofroses.com,medspa,,0
Elite Infusion IV Hydration,thebalancedwoman.com,,,yes,no_email,https://thebalancedwoman.com,medspa,,1
The Beauty Bungalow Medical Spa of Maine,thebeautybungalowmedspa.com,,,yes,no_email,https://thebeautybungalowmedspa.com,medspa,,0
The Beautyful Secret,thebeautyfulsecret.com,confidence@thebeautyfulsecret.com,confidence@thebeautyfulsecret.com,yes,no_peptides,https://thebeautyfulsecret.com,medspa,,0
The Beauty In You Spa,thebeautyinyouspa.com,thebeautyinyouspa@gmail.com,thebeautyinyouspa@gmail.com,yes,no_peptides,https://thebeautyinyouspa.com,medspa,,0
The Beauty Spot Beauty Bar,thebeautyspotbeautybar.square.site,,,,no_email,,vendor,,0
The Better You MedSpa,thebetteryoumedspa.com,,,,unreachable,,,,
The Bodhi Spa Providence,thebodhispa.com,newport@thebodhispa.com,newport@thebodhispa.com,yes,no_peptides,https://thebodhispa.com,vendor,,0
The Bodhi Tree Salon & Spa,thebodhitreesalonandspa.com,,,,no_email,https://thebodhitreesalonandspa.com/services,vendor,,0
The Body Is Art Aesthetic & Wellness Spa,thebodyisart.com,,,yes,no_email,https://thebodyisart.com,medspa,,0
Forum Health Bloomingdale Functional Medicine,thecifhw.com,,,yes,no_email,https://thecifhw.com,medspa,"semaglutide, tirzepatide",9
The Covery Wellness Center,thecovery.com,,,,no_email,https://thecovery.com,medspa,"semaglutide, tirzepatide",16
Gameday Men's Health Fayetteville,thecryotherapyplace.com,,,,no_email,https://thecryotherapyplace.com,vendor,,0
The Dale Modern Day Spa Beauty Suites,thedaledayspa.com,,,,no_email,https://thedaledayspa.com,vendor,,0
The Dewberry Spa,thedewberrycharleston.com,,,yes,no_email,https://thedewberrycharleston.com,vendor,,0
The Divine Feminine Aesthetics,thedivinefeminineaesthetics.com,,,yes,no_email,https://thedivinefeminineaesthetics.com,medspa,,0
The Dragonfly Esthetics,thedragonflyesthetics.com,,,,no_email,https://thedragonflyesthetics.com,vendor,,0
"Thomas Nabity, MD",thedripbar.com,,,,no_email,,vendor,,0
The Facial Center,thefacialcenter.com,,,yes,no_email,https://thefacialcenter.com,medspa,,1
Rejuvenate 901,thefatigueclinic.com,fatigueclinic@yahoo.com,fatigueclinic@yahoo.com,yes,no_peptides,https://thefatigueclinic.com,vendor,,0
The Fixx Med Spa,thefixxmedspa.com,,,,no_email,https://thefixxmedspa.com,medspa,,0
The Gallery Salon,thegallerynh.com,,,yes,no_email,https://thegallerynh.com,medspa,,0
The Glow Spa,theglowspashreveport.com,,,yes,no_email,https://theglowspashreveport.com,vendor,,0
The Golden 1Hour,thegolden1hour.com,,,yes,no_email,https://thegolden1hour.com,medspa,,0
Jae Lee Spa,thehealerstouch.org,monique@thehealerstouch.org,monique@thehealerstouch.org,,no_peptides,https://thehealerstouch.org,vendor,,0
The Indigo Spa Company,theindigospacompany.com,,,yes,no_email,https://theindigospacompany.com,medspa,,0
The Injection Bar,theinjectionbarstl.com,hello@theinjectionbarstl.com,cassandra@theinjectionbarstl.com; hello@theinjectionbarstl.com,yes,no_peptides,https://theinjectionbarstl.com,medspa,,0
The IV Element,theivelementproject.com,,,,unreachable,,,,
Juno Medspa,thejunomedspa.com,,,yes,no_email,https://thejunomedspa.com,medspa,glutathione,1
Prime IV Hydration & Wellness,thelivingsprings.com,hello@thelivingsprings.com,hello@thelivingsprings.com,yes,no_peptides,https://thelivingsprings.com,medspa,,0
The Loft Salon and Spa,theloftct.com,info@theloftct.com,info@theloftct.com,yes,no_peptides,https://theloftct.com,vendor,,0
The Loft Salon And Spa,theloftnh.com,,,,no_email,https://theloftnh.com,vendor,,0
The Lokal Beauty Bar Tremont,thelokalbeautybar.com,marina@thelokalbeautybar.com,marina@thelokalbeautybar.com,yes,no_peptides,https://thelokalbeautybar.com/contact-us/,medspa,,0
The Longevity Suite,thelongevitysuite.com,,,,unreachable,,,,
The Look Salon & Day Spa,thelooksalonchesapeake.com,,,,no_email,https://thelooksalonchesapeake.com,vendor,,0
The Lookshop Aesthetics,thelookshop.com,,,yes,no_email,https://thelookshop.com,medspa,GLP-1 weight loss peptides,4
The Magic Beauty Spa LLC,themagicbeautyspa.us,contact@themagicbeautyspa.us,contact@themagicbeautyspa.us,yes,no_peptides,https://themagicbeautyspa.us,medspa,,0
Natural Relaxation Center,themallincolumbia.com,,,yes,no_email,https://themallincolumbia.com,vendor,,0
The Massage Center and Yoga Studio,themassagecenter.com,,,,no_email,https://themassagecenter.com,medspa,,0
Gameday Men's Health Northpointe,themdwellnesscenter.com,,,yes,no_email,https://themdwellnesscenter.com,medspa,GLP-1 weight loss peptides,11
Prime IV Hydration & Wellness,themedspansb.com,,,yes,no_email,https://themedspansb.com,medspa,"semaglutide, tirzepatide",7
The M Nail & Day Spa,themnaildayspabozeman.com,themnailsanddayspa@gmail.com,themnailsanddayspa@gmail.com,yes,no_peptides,https://themnaildayspabozeman.com,vendor,,0
The Natural NP,thenaturalnpaesthetics.com,,,,no_email,https://thenaturalnpaesthetics.com,medspa,,0
Park Aesthetics,theparkaesthetics.com,questions@theparkaesthetics.com,questions@theparkaesthetics.com,yes,no_peptides,https://theparkaesthetics.com,medspa,,0
The Parlor,theparloraz.com,,,yes,no_email,https://theparloraz.com,medspa,,0
PurA Medical Aesthetics,thepuralife.com,,,yes,no_email,https://thepuralife.com,medspa,nad+,5
Therapeutic Indulgence,therapeuticindulgence.com,therapeuticindulgence@gmail.com,therapeuticindulgence@gmail.com,yes,no_peptides,https://therapeuticindulgence.com,medspa,,0
Therapeutic Touch Massage and spa,therapeutictouchri.com,,,,no_email,https://therapeutictouchri.com,vendor,,0
Refresh Med Spa,therefreshmedspa.com,therefreshmedspa@gmail.com,therefreshmedspa@gmail.com,yes,no_peptides,https://therefreshmedspa.com,medspa,,0
The Renova Center,therenovacenter.com,,,yes,no_email,https://therenovacenter.com,vendor,,0
Hot Springs Hotel and Spa,thermopolishotspringshotel.com,,,,unreachable,,,,
The Rose Clinic,theroseclinic.com,,,yes,no_email,https://theroseclinic.com,medspa,,1
GLO with Katie,thesaintlouismedspa.com,,,yes,no_email,https://thesaintlouismedspa.com,medspa,,0
The Scartist,thescartistlv.com,thescartistlv@gmail.com,thescartistlv@gmail.com,yes,no_peptides,https://thescartistlv.com,vendor,,0
The Sculpting Spa Boise,thesculptingspaboise.com,,,yes,no_email,https://thesculptingspaboise.com,vendor,,0
The Skin & Co.,theskinandcompany.com,,,yes,no_email,https://theskinandcompany.com,medspa,,0
The Skin Clinic North Scottsdale,theskinclinicaz.com,,,yes,no_email,https://theskinclinicaz.com,medspa,semaglutide,5
SkinFactor Aesthetics,theskinfactor.com,engage@theskinfactor.com,engage@theskinfactor.com,yes,no_peptides,https://theskinfactor.com,medspa,,0
"The Skin Studio-Facials, Waxing, Spray Tanning by Appt.",theskinstudiovt.com,,,yes,no_email,https://theskinstudiovt.com,vendor,,0
THE SLEEPING ELEPHANT,thesleepingelephant.com,tsemspa71723@gmail.com,tsemspa71723@gmail.com,yes,no_peptides,https://thesleepingelephant.com,medspa,,0
THE SPA AT AUTUMN ORGANICS,thespa-sunprairie.com,appointments@thespa-sunprairie.com,appointments@thespa-sunprairie.com,yes,no_peptides,https://thespa-sunprairie.com,medspa,,0
The Spa at Griffin Gate,thespaatgriffingate.com,,,yes,no_email,https://thespaatgriffingate.com,vendor,,0
The Spa Collective Lexington,thespacollectivelex.com,thespacollectivelex@gmail.com,thespacollectivelex@gmail.com,yes,no_peptides,https://thespacollectivelex.com,medspa,,0
The Spa Downtown,thespadowntownlc.com,,,,no_email,https://thespadowntownlc.com/contact,vendor,,0
The Spa Lounge,thespalounge.com,,,yes,no_email,https://thespalounge.com,vendor,,0
Spa Valencia,thespavalencia.com,,,,no_email,https://thespavalencia.com,vendor,,0
The Spring,thespringknoxville.com,,,yes,no_email,https://thespringknoxville.com,medspa,,0
The Therapy Network,thetherapynetwork.com,marketing@thetherapynetwork.com,marketing@thetherapynetwork.com; wecare@thetherapynetwork.com,yes,no_peptides,https://thetherapynetwork.com,medspa,,0
Tight Club Williston,thetight.club,hello@thetight.club,hello@thetight.club,,no_peptides,https://thetight.club,medspa,,0
Flo & Glo IV Wellness Lounge (Covington-La),thetimelessclinic.com,,,yes,no_email,https://thetimelessclinic.com,medspa,"semaglutide, tirzepatide",8
The Wax Altar Esthetics- Brazilian Wax,thewaxaltaresthetics.glossgenius.com,thewaxaltaresthetics77@gmail.com,thewaxaltaresthetics77@gmail.com,yes,no_peptides,https://thewaxaltaresthetics.glossgenius.com,vendor,,0
The Wax Bar Bozeman,thewaxbarboz.glossgenius.com,,,yes,no_email,https://thewaxbarboz.glossgenius.com,vendor,,0
The Wellness Company,thewellnesscompanyabq.com,thewellnesscompany23@gmail.com,thewellnesscompany23@gmail.com,yes,already known,https://thewellnesscompanyabq.com,medspa,GLP-1 weight loss peptides,4
Aim Women's Center,thewellnessway.com,,,,no_email,,vendor,,0
THR'IV Wellness Redefined,thr-iv.com,info@thr-iv.com,info@thr-iv.com,yes,already known,https://thr-iv.com,medspa,kpv,5
Thrive Solutions,thrivesolutionsmt.com,azimmer.thrivesolutions@gmail.com,azimmer.thrivesolutions@gmail.com,yes,no_peptides,https://thrivesolutionsmt.com,vendor,,0
Thrive Med Spa & Wellness,thrivespanh.com,,,yes,no_email,https://thrivespanh.com,medspa,semaglutide,7
Best Life HRT,thryvewellness.com,,,yes,no_email,https://thryvewellness.com,vendor,,0
Funke Functional Medicine for NY,thyroidanddiabetescare.com,,,,unreachable,,,,
Tialma Moirai Day Spa,tialmamoirai.com,,,,unreachable,,,,
HORMONE THERAPY,tifaar.com,,,,no_email,,vendor,,0
Tinytox Collab,tinytoxcollab.com,tinytoxcollab@gmail.com,tinytoxcollab@gmail.com,yes,no_peptides,https://tinytoxcollab.com,medspa,,0
Tips n Toes Day Spa,tipsntoesdayspaclinton.com,phunguyen0409@gmail.com,phunguyen0409@gmail.com,yes,no_peptides,https://tipsntoesdayspaclinton.com,vendor,,0
TLC MedSpa Houston,tlcmedspahouston.com,,,yes,no_email,https://tlcmedspahouston.com,medspa,"semaglutide, tirzepatide, liraglutide",11
Hormone Health and Weight Loss,tnawc.com,,,yes,no_email,https://tnawc.com,vendor,,0
Essential Spa (Essential Skincare),toledomensclinic.com,,,yes,no_email,https://toledomensclinic.com,medspa,semaglutide,5
Tootsy,tootsyedit.com,,,yes,no_email,https://tootsyedit.com/services,vendor,,0
Total Relaxation LLC By Rachel,totalrelaxationbyrachel.com,rachel@totalrelaxationbyrachel.com,rachel@totalrelaxationbyrachel.com,yes,no_peptides,https://totalrelaxationbyrachel.com,vendor,,0
Tox Medspa by Nurse Dallas,toxsav.com,toxmedspa@toxsav.com,toxmedspa@toxsav.com,yes,no_peptides,https://toxsav.com,medspa,,0
Transformation Med Spa,transformationmedspa.com,,,,unreachable,,,,
Transformations Weight Loss & Skin Clinic,transformationsweightloss.net,impallari@gmail.com,impallari@gmail.com,yes,already known,https://transformationsweightloss.net,medspa,"semaglutide, tirzepatide, sermorelin",11
Synergy By Shaw,travisshawmd.com,,,yes,no_email,https://travisshawmd.com,medspa,semaglutide,4
Trayam Dermatology,trayamdermatology.com,contactus@trayamdermatology.com,contactus@trayamdermatology.com,yes,no_peptides,https://trayamdermatology.com,medspa,,0
Treat Yourself Aesthetic Studio,treatyourselfas.com,,,,no_email,,vendor,,0
Tresor Day Spa & Hair Salon,tresordayspa.com,,,,unreachable,,,,
Triangle Wellness Bodywork,trianglewellnessbodywork.com,andyprescott@trianglewellnessbodywork.com,andyprescott@trianglewellnessbodywork.com,yes,no_peptides,https://trianglewellnessbodywork.com,vendor,,0
Trillium Med Spas,trilliummedspas.com,,,,no_email,https://trilliummedspas.com,medspa,,0
Trinity Massage & Spa,trinitymassageandspa.com,,,,no_email,,vendor,,0
True Med Spa,true-medspa.com,,,,unreachable,,,,
True Blue Aesthetics,trueblueaesthetics.com,,,yes,no_email,https://trueblueaesthetics.com,medspa,,0
True REST Float Spa,truerest.com,,,,no_email,https://truerest.com,vendor,,0
Tru Essence Cosmetic and Medical Spa,truessencespa.com,info@truessencespa.com,info@truessencespa.com; catasha.s@truessencespa.com,yes,no_peptides,https://truessencespa.com,medspa,,0
Tule’ Spa,tulespa.com,utulespa@gmail.com,utulespa@gmail.com,yes,no_peptides,https://tulespa.com,medspa,,0
Tulum Wellness Spa,tulumwellness.com,,,yes,no_email,https://tulumwellness.com,medspa,,0
The Spa at Turf Valley,turfvalley.com,,,,unreachable,,,,
Twelve Fit Spa,twelvefitspa.com,,,,unreachable,,,,
Watershed Spa,twincitiesderm.com,,,yes,no_email,https://twincitiesderm.com,medspa,,0
Wayne Womens Clinic PA,twinriversivgoldsboro.com,,,,no_email,,vendor,,0
Twin Rivers IV & Wellness Lounge,twinriversivjonesboro.com,,,,no_email,,vendor,,0
Universal Love Healing Center LLC,ulovehealingcenter.massagetherapy.com,,,yes,no_email,https://ulovehealingcenter.massagetherapy.com,vendor,,0
Ultimate Beauty Laser Spa,ultimatebeautylaserspa.com,,,,no_email,,vendor,,0
Ultimate Realm of Serenity,ultimaterealmspa.com,ultimaterealmofserenity@gmail.com,ultimaterealmofserenity@gmail.com,yes,no_peptides,https://ultimaterealmspa.com,vendor,,0
Ultraderm Aesthetics,ultradermmedspa.com,,,,no_email,https://ultradermmedspa.com,medspa,,0
Ulu Wellness,ulu-wellness.com,uluwellnessmt@gmail.com,uluwellnessmt@gmail.com,yes,no_peptides,https://ulu-wellness.com,medspa,,0
Umvelt,umvelt.co,info@umvelt.co,info@umvelt.co,yes,no_peptides,https://umvelt.co,vendor,,0
Unfiltered Aesthetics,unfilteredaesthetics.com,,,yes,no_email,https://unfilteredaesthetics.com/about,medspa,GLP-1 weight loss peptides,3
Unique Beauty & Skin.Co,uniquelipfillers.glossgenius.com,uniquebeautyandskin@gmail.com,uniquebeautyandskin@gmail.com,yes,no_peptides,https://uniquelipfillers.glossgenius.com,medspa,,0
Upgrade Labs,upgradelabs.com,hello@upgradelabs.com,hello@upgradelabs.com,yes,no_peptides,https://upgradelabs.com,medspa,,0
Uplift MD StL,upliftmdstl.com,upliftmdstl@gmail.com,upliftmdstl@gmail.com,yes,no_peptides,https://upliftmdstl.com,medspa,,0
Upsize Penis Enlargement,upsizematters.com,info@upsizematters.com,info@upsizematters.com,yes,no_peptides,https://upsizematters.com,medspa,,0
Uptown Laser Hair Removal,uptownlaser.com,,,yes,no_email,https://uptownlaser.com,medspa,,0
Uptown Medispa Arrowhead,uptownmedispa.com,,,,no_email,https://uptownmedispa.com,medspa,"semaglutide, glutathione",4
Vita Vittoriosa IV Therapy & Wellness Boutique,uralluring.com,,,,no_email,https://uralluring.com,vendor,,0
Wellness Clinic of Washington,urbanfloat.com,info@urbanfloat.com,info@urbanfloat.com; universityplace@urbanfloat.com,yes,no_peptides,https://urbanfloat.com,vendor,,0
Urbanna Natural Spa Salon & Wine,urbannaspa.com,,,,no_email,https://urbannaspa.com,vendor,,0
Urban Nirvana Spa & Salon,urbannirvana.com,,,yes,no_email,https://urbannirvana.com,medspa,,0
ESP Medical LLC,urogynob.com,,,yes,no_email,https://urogynob.com,medspa,,2
LTresses Day Spa,usabiznvas.top,,,,no_email,https://usabiznvas.top,vendor,,0
Beauty Bandage Luxury Experience,usabrandly.top,,,,no_email,https://usabrandly.top,vendor,,0
QC Kinetix (Portage),uscryotherapy.com,,,yes,no_email,https://uscryotherapy.com,vendor,,0
Utah Beauty Bar,utahbeautybar.com,,,,no_email,,vendor,,0
Valencia Medspa,valencia-med.com,,,,no_email,https://valencia-med.com,medspa,,0
Valley Dermatology & Skin Cancer Center,valleyderm.com,,,yes,no_email,https://valleyderm.com,medspa,,0
Valley Health,valleyhealth.org,,,yes,no_email,https://valleyhealth.org,medspa,,0
Vasseur Skin Clinic and Spa,vasseurdayspa.com,vasseurspa@gmail.com,vasseurspa@gmail.com,yes,no_peptides,https://vasseurdayspa.com,medspa,,0
Vein Hydration Lounge + Aesthetics,veinhla.com,,,,unreachable,,,,
Velézia Med Spa & Wellness,veleziamedspa.com,,,,unreachable,,,,
Vibrant Health and Beauty,vibranthealthandbeauty.com,,,,unreachable,,,,
Victory Medical Spa,victorymedspa.com,victorymedspa@gmail.com,victorymedspa@gmail.com,yes,no_peptides,https://victorymedspa.com,medspa,,0
Village Spa Wellness Studio,villagespavt.com,,,,no_email,,vendor,,0
Wave Wellness VA,virginia-beach-landstown-commons.thedripbar.com,,,,no_email,,vendor,,0
Virginia Medical Massage,virginiamedicalmassage.com,impallari@gmail.com,impallari@gmail.com,yes,no_peptides,https://virginiamedicalmassage.com,medspa,,0
"Visage MedSpa, LLC",visagemedspa.net,barbara@visagemedspa.net,barbara@visagemedspa.net,yes,no_peptides,https://visagemedspa.net,medspa,,0
Sunset Skin,visitsunsetskin.com,,,,no_email,https://visitsunsetskin.com,vendor,,0
Vita Bella Aesthetics,vitabellabeauty.com,,,yes,no_email,https://vitabellabeauty.com,medspa,,0
Vita Day Spa,vitadayspa.com,info@vitadayspa.com,info@vitadayspa.com; pwang@vitadayspa.com,yes,no_peptides,https://vitadayspa.com,medspa,,0
Vital-U Infusions and Aesthetics,vital-uwellness.com,,,yes,no_email,https://vital-uwellness.com,medspa,semaglutide,1
GB Massage,vitalflowskin.com,amanipaz76@gmail.com,amanipaz76@gmail.com,,no_peptides,https://vitalflowskin.com,vendor,,0
Renew Vitality Testosterone Clinic,vitalityhrt.com,,,,no_email,,vendor,,0
Vitaluxe Wellness Center,vitaluxe.net,,,,unreachable,,,,
Vitalyc Medspa,vitalyc.com,,,yes,no_email,https://vitalyc.com,medspa,semaglutide,3
Vita Tempus,vitatempus.net,,,,unreachable,,,,
Vivesse Med Spa,vivesse.net,contact@vivesse.net,contact@vivesse.net,yes,no_peptides,https://vivesse.net,medspa,,0
VT SALON AND MED SPA,vtsalonspa.com,,,,unreachable,,,,
The Med Spa,wakeplasticsurgery.com,,,yes,no_email,https://wakeplasticsurgery.com,medspa,,0
Jade MediSpa,wallcenter.com,,,yes,no_email,https://wallcenter.com,medspa,GLP-1 weight loss peptides,2
Wayzata Medical Spa,wayzatamedicalspa.com,,,yes,no_email,https://wayzatamedicalspa.com,medspa,,0
STL Weight Loss & Med Spa,weightlossstl.com,weightloss.stl@gmail.com,weightloss.stl@gmail.com,yes,no_peptides,https://weightlossstl.com,medspa,,0
Wellness Clinic and Med Spa,wellnessclinicmedspa.com,,,yes,no_email,https://wellnessclinicmedspa.com,medspa,,0
Revitalize Dermatology & Aesthetics,wellnessofbeing.life,,,,no_email,,vendor,,0
OsteoStrong,wellnesspersonified.org,mary.browning@wellnesspersonified.org,mary.browning@wellnesspersonified.org,yes,no_peptides,https://wellnesspersonified.org,medspa,,0
Wells Plastic Surgery & Skin Care,wellsplasticsurgery.com,,,yes,no_email,https://wellsplasticsurgery.com,medspa,,0
West End Skincare & Sugar Studio,westendskincare.com,hello@westendskincare.com,hello@westendskincare.com,yes,no_peptides,https://westendskincare.com,medspa,,0
OsteoStrong,westfield.chillcryo.net,,,yes,no_email,https://westfield.chillcryo.net,medspa,semaglutide,3
Heavenly Spa by Westin,westinsavannahspa.com,,,yes,no_email,https://westinsavannahspa.com,vendor,,0
White Rainbow Spa,whiterainbowspa.com,heatherrenee@whiterainbowspa.com,heatherrenee@whiterainbowspa.com,yes,no_peptides,https://whiterainbowspa.com,vendor,,0
Whole Beauty Bar,wholebeautybar.com,,,,unreachable,,,,
Wholelistic Esthetics,wholelisticesthetics.com,wholelisticesthetics@gmail.com,wholelisticesthetics@gmail.com,yes,no_peptides,https://wholelisticesthetics.com,medspa,,0
Whole World Massage & Lymphatics,wholeworldmassage.com,,,,no_email,,vendor,,0
wHydrate,whydrate.com,,,,no_email,https://whydrate.com,medspa,"nad+, glutathione",3
Dosha Salon & Day Spa,wildroseholistic.com,hello@wildroseholistic.com,hello@wildroseholistic.com,yes,no_peptides,https://wildroseholistic.com,medspa,,0
William Jon Salon & Spa,williamjonsalonandspa.com,wjsalon@yahoo.com,wjsalon@yahoo.com,yes,no_peptides,https://williamjonsalonandspa.com,vendor,,0
Willow Head Spa,willowheadspa.com,,,,unreachable,,,,
New Life Functional Medicine,wittmerrejuvenationclinic.com,info@reply.wittmerrejuvenationclinic.com,info@reply.wittmerrejuvenationclinic.com,yes,already known,https://wittmerrejuvenationclinic.com,medspa,"semaglutide, tirzepatide, bpc-157, tb-500, thymosin beta-4, thymosin alpha-1",28
Wolpoe Facial Plastic Surgery,wolpoefacialplastics.com,wolpoe@wolpoefacialplastics.com,wolpoe@wolpoefacialplastics.com,yes,no_peptides,https://wolpoefacialplastics.com,medspa,,0
"Woodbury Plastic Surgery, David Thao, MD",woodburyplasticsurgery.com,,,yes,no_email,https://woodburyplasticsurgery.com,medspa,,0
WV Wellness and Recovery,wvwellnessandrecovery.com,,,yes,no_email,https://wvwellnessandrecovery.com/contact-us,medspa,,0
Wyld Beauty,wyldbeautyskin.com,wyldbeautyskin@gmail.com,wyldbeautyskin@gmail.com,yes,no_peptides,https://wyldbeautyskin.com,medspa,,0
"Blossom Med Spa, York",xquisite.co,xquisitemedspa.york@gmail.com,xquisitemedspa.york@gmail.com; xquisitelandm@gmail.com,yes,already known,https://xquisite.co,medspa,GLP-1 weight loss peptides,2
Yans’ spa,yanssparaleigh.com,yanssparaleigh@gmail.com,yanssparaleigh@gmail.com,yes,no_peptides,https://yanssparaleigh.com,medspa,,0
karma Hair Design and Wellness Spa,yardleydayspa.com,yardleydayspa@gmail.com,yardleydayspa@gmail.com,yes,no_peptides,https://yardleydayspa.com,medspa,,0
Yes Organic Boutique and Spa,yesorganicboutique.com,yesorganicboutiqueandspa@gmail.com,yesorganicboutiqueandspa@gmail.com; yesnaturalnailboutique@gmail.com,yes,no_peptides,https://yesorganicboutique.com,medspa,,0
OsteoStrong,yostwellnesscenter.com,info@yostwellnesscenter.com,info@yostwellnesscenter.com,yes,no_peptides,https://yostwellnesscenter.com,medspa,,0
Young Again Cosmetic Injections,youngagaincosmeticinjections.com,,,yes,no_email,https://youngagaincosmeticinjections.com,medspa,,0
Glogetter Aesthetics,youraesthetica.net,aestheticaforall@gmail.com,aestheticaforall@gmail.com,yes,already known,https://youraesthetica.net,medspa,semaglutide,5
ABC WELLNESS,yourfloats.com,info@yourfloats.com,info@yourfloats.com,yes,no_peptides,https://yourfloats.com,vendor,,0
SKYN HAVEN,yourskynhaven.com,jonpinhorn.typedesign@gmail.com,jonpinhorn.typedesign@gmail.com; amkryukov@gmail.com,,no_peptides,https://yourskynhaven.com/services,medspa,,0
SpaTique,yourspatique.com,,,,unreachable,,,,
You Turn Skin Care,youturnskincare.com,,,yes,no_email,https://youturnskincare.com,medspa,GLP-1 weight loss peptides,3
ZAQ Aesthetics,zaqaesthetics.com,,,,no_email,,vendor,,0
Zen Aesthetics & Wellness,zenaestheticsandwellness.com,,,yes,no_email,https://zenaestheticsandwellness.com,medspa,,0
Zen Garden Day Spa,zengardendayspa.online,,,,no_email,https://zengardendayspa.online,vendor,,0
Zen Massage,zenmassageusa.com,info@zenmassageusa.com,info@zenmassageusa.com,yes,no_peptides,https://zenmassageusa.com,medspa,,0
Zen Spa,zenspa.buildbeau.com,,,,unreachable,,,,
Zero Gravity Massage of Memphis,zerogravitymassage.net,,,,no_email,,vendor,,0
Zivel,zivel.com,contact@zivel.com,zivelbriargate@gmail.com; coralgables@zivel.com; coolsprings@zivel.com; highlandsranch@zivel.com; palmcoast@zivel.com; contact@zivel.com,,no_peptides,https://zivel.com,medspa,,0
Zurich Med Spa,zurichmedspa.com,,,,no_email,,vendor,,0
