vendor,domain,email,all_emails,us_signal,status,evidence_url,audience,peptides,peptide_hits
Alchemy Lounge Aesthetics & Wellness,alchemyloungewellness.com,alchemyloungewellness@gmail.com,alchemyloungewellness@gmail.com,yes,ok,https://alchemyloungewellness.com,medspa,,1
Artisan Aesthetics,artisanaestheticsomaha.com,info@artisanaestheticsomaha.com,info@artisanaestheticsomaha.com,yes,ok,https://artisanaestheticsomaha.com,medspa,nad+,3
Azura Skin Care Center,azuraskin.com,hello@azuraskin.com,hello@azuraskin.com,yes,ok,https://azuraskin.com,medspa,,1
BAM Wellness,bamwellness.com,info@bam-wellness.com,info@bam-wellness.com,yes,ok,https://bamwellness.com,medspa,,1
Beauty Aesthetics Experience,beautyaestheticsexperience.com,info@beautyaestheticsexperience.com,info@beautyaestheticsexperience.com,yes,ok,https://beautyaestheticsexperience.com,medspa,semaglutide,5
Bella Glow Charleston Tox & Filler Boutique,bellaglowcharleston.com,bellaglowcharleston@gmail.com,bellaglowcharleston@gmail.com,yes,ok,https://bellaglowcharleston.com,medspa,"semaglutide, tirzepatide",5
Bella Vita Downtown,bellavitadowntown.com,inquiries@bellavitadowntown.com,inquiries@bellavitadowntown.com,yes,ok,https://bellavitadowntown.com,medspa,"semaglutide, tirzepatide",6
"David Chang, ND, LAc",bioloungepdx.com,info@bioloungepdx.com,info@bioloungepdx.com,yes,ok,https://bioloungepdx.com,medspa,,3
Intention Health and Wellness,bluecypressky.com,info@bluecypressky.com,info@bluecypressky.com,yes,ok,https://bluecypressky.com,medspa,,1
Body Co. Med Spa & Wellness,bodycomedspa.com,admin@bodycomedspa.com,admin@bodycomedspa.com,yes,ok,https://bodycomedspa.com,medspa,nad+,4
Botastic Wellness Center,botasticwellness.com,dbesawhcc@yahoo.com,dbesawhcc@yahoo.com,yes,ok,https://botasticwellness.com,medspa,GLP-1 weight loss peptides,7
Elevate Wellness Group,bryanmw.com,officestaff@bryanmw.com,officestaff@bryanmw.com; daniel@bryanmw.com,yes,ok,https://bryanmw.com,medspa,GLP-1 weight loss peptides,4
Restore Hyper Wellness,carymedicalclinic.com,caryadmin@carymedicalclinic.com,caryadmin@carymedicalclinic.com; morradmin@carymedicalclinic.com,yes,ok,https://carymedicalclinic.com,medspa,GLP-1 weight loss peptides,3
Cc Aesthetics,ccaesthetics.net,cnorsworthy@ccaesthetics.net,cnorsworthy@ccaesthetics.net,yes,ok,https://ccaesthetics.net,medspa,"nad+, glutathione",6
Chrisy Lee Aesthetics,chrisyleeaesthetics.com,chrisypaaesthetics@gmail.com,chrisypaaesthetics@gmail.com,yes,ok,https://chrisyleeaesthetics.com,medspa,tirzepatide,4
Desert Rain Skin Med Spa Scottsdale,desertrainskin.com,info@desertrainskin.com,info@desertrainskin.com,yes,ok,https://desertrainskin.com,medspa,semaglutide,5
DESMADRE SPA,desmadre.co,info@desmadre.co,desmadrespa@gmail.com; info@desmadre.co,yes,ok,https://desmadre.co,medspa,glutathione,1
DOSHA Balanced,doshabalanced.com,info@doshabalanced.com,info@doshabalanced.com,yes,ok,https://doshabalanced.com,medspa,,3
Dream Med Spa & Laser Center,dreammedspa.com,admin@dreammedspa.com,admin@dreammedspa.com,yes,ok,https://dreammedspa.com,medspa,semaglutide,3
ELEVEkc Aesthetics & Wellbeing,elevekc.com,info@elevekc.com,info@elevekc.com,yes,ok,https://elevekc.com,medspa,sermorelin,8
"Gameday Men's Health Cerritos, CA",elitehydrationiv.com,elitehydrationiv@gmail.com,elitehydrationiv@gmail.com,yes,ok,https://elitehydrationiv.com,medspa,glutathione,4
"Emerald Aesthetics, Wellness, and Direct Primary Care",emeraldaestheticsnwa.com,emeraldaestheticsllc@gmail.com,emeraldaestheticsllc@gmail.com,yes,ok,https://emeraldaestheticsnwa.com,medspa,"semaglutide, tirzepatide",6
ShiCares MedSpa,endurehealthdpc.com,info@endurehealthdpc.com,info@endurehealthdpc.com,yes,ok,https://endurehealthdpc.com,medspa,"semaglutide, tirzepatide, nad+, sermorelin, tesamorelin, pt-141",15
Epion Aesthetics & Wellness,epionaestheticsandwellness.com,contact@epionaestheticsandwellness.com,contact@epionaestheticsandwellness.com,yes,ok,https://epionaestheticsandwellness.com,medspa,GLP-1 weight loss peptides,3
Essensa Clinic,essensaclinic.glossgenius.com,hello@essensaclinic.com,hello@essensaclinic.com,yes,ok,https://essensaclinic.glossgenius.com,medspa,GLP-1 weight loss peptides,3
Ethos Medical Spa,ethos-medspa.com,ethosmedicalspa@gmail.com,ethosmedicalspa@gmail.com,yes,ok,https://ethos-medspa.com,medspa,GLP-1 weight loss peptides,4
Face Forward Regenerative Aesthetics,faceforwardstl.com,contact@faceforwardstl.com,contact@faceforwardstl.com,yes,ok,https://faceforwardstl.com,medspa,GLP-1 weight loss peptides,3
Tango Salon & Spa,foursistersvt.com,info@foursistersvt.com,info@foursistersvt.com,yes,ok,https://foursistersvt.com,medspa,GLP-1 weight loss peptides,2
Fusion Med Spa,fusionmedicalspa.com,info@fusionmedicalspa.com,info@fusionmedicalspa.com; wisedr@msn.com,yes,ok,https://fusionmedicalspa.com,medspa,semaglutide,3
Gen Aesthetics,genaesthetics.net,genaesthetics@outlook.com,genaesthetics@outlook.com,yes,ok,https://genaesthetics.net,medspa,"cagrilintide, bpc-157, tb-500, nad+, ipamorelin, cjc-1295",13
Gerrish MedEsthetics,gerrishmedesthetics.com,patientcare@gerrishmedesthetics.com,patientcare@gerrishmedesthetics.com; drgerrish@gerrishmedesthetics.com; jackie@gerrishmedesthetics.com,yes,ok,https://gerrishmedesthetics.com,medspa,,1
Hollyday PV Injection Studio,hollydayspa.com,hollydayinc@gmail.com,hollydayinc@gmail.com,yes,ok,https://hollydayspa.com,medspa,,2
Hush MedSpa: Scottsdale,hushmedspa.com,info@hushmedspa.com,info@hushmedspa.com,yes,ok,https://hushmedspa.com,medspa,"semaglutide, tirzepatide, retatrutide, bpc-157, tb-500, nad+",29
Ageless Men's Health,icryo-westminster.com,info@icryowestminster.com,info@icryowestminster.com,yes,ok,https://icryo-westminster.com,medspa,"nad+, glutathione",7
Life Tree Wellness Center,ilaramedspa.com,info@ilaramedspa.com,info@ilaramedspa.com; hello@ilaramedspa.com,yes,ok,https://ilaramedspa.com,medspa,,1
IV Wellness & Beauty Spa LLC,ivwellnessbeautyspa.com,zoualyang@gmail.com,zoualyang@gmail.com,yes,ok,https://ivwellnessbeautyspa.com,medspa,,1
"Humaira Quraishi ND, MS",juventee.com,info@juventee.com,info@juventee.com,yes,ok,https://juventee.com,medspa,nad+,3
Le Vibrance MedSpa,levibrancemedspa.com,levibrancemedspa@gmail.com,levibrancemedspa@gmail.com; emedspa@gmail.com,yes,ok,https://levibrancemedspa.com,medspa,"semaglutide, tirzepatide, nad+, sermorelin, glutathione",6
Lexington Prime Aesthetics & Wellness,lexprimeaesthetics.com,agbailey@lexprimeaesthetics.com,agbailey@lexprimeaesthetics.com,yes,ok,https://lexprimeaesthetics.com,medspa,GLP-1 weight loss peptides,3
Love Aesthetics & Wellness,loveaestheticswellness.com,info@loveaestheticswellness.com,info@loveaestheticswellness.com,yes,ok,https://loveaestheticswellness.com,medspa,semaglutide,4
Lume Aesthetics,lumeaestheticswi.com,hello@lumeaestheticswi.com,hello@lumeaestheticswi.com,yes,ok,https://lumeaestheticswi.com,medspa,,1
Luminescence Aesthetics Buffalo,luminescence-aesthetics.com,hello@luminescence-aesthetics.com,hello@luminescence-aesthetics.com,yes,ok,https://luminescence-aesthetics.com,medspa,semaglutide,5
Luminess Lounge,luminesslounge.com,wellness@luminesslounge.com,wellness@luminesslounge.com,yes,ok,https://luminesslounge.com,medspa,"semaglutide, tirzepatide, retatrutide, nad+",11
thriveMD,lv8.health,concierge@lv8.health,concierge@lv8.health,yes,ok,https://lv8.health,medspa,"semaglutide, tirzepatide",7
Maeve Aesthetics,maeveaesthetics.com,awhitehead1187@gmail.com,awhitehead1187@gmail.com,yes,ok,https://maeveaesthetics.com,medspa,"semaglutide, tirzepatide, nad+",6
Main Street Med Spa,mainstreetmedspa.com,hello@mainstreetmedspa.com,hello@mainstreetmedspa.com,yes,ok,https://mainstreetmedspa.com,medspa,,1
House Of Peptides & Wellness,medicalaestheticshv.com,info@medicalaestheticshv.com,info@medicalaestheticshv.com; medicalaestheticshv@gmail.com,yes,ok,https://medicalaestheticshv.com,medspa,,2
NEW YOU MEDISPA,newyoumedispa.com,jlin@newyoumedispa.com,jlin@newyoumedispa.com,yes,ok,https://newyoumedispa.com,medspa,,2
Novak Laser Boutique,novaklaserboutique.com,novaklaserboutique@gmail.com,novaklaserboutique@gmail.com,yes,ok,https://novaklaserboutique.com,medspa,"tirzepatide, nad+, sermorelin, tesamorelin, mots-c, ghk-cu",9
Destination Aesthetics Medical Spa,npempoweredwellness.com,np@npempoweredwellness.com,np@npempoweredwellness.com,yes,ok,https://npempoweredwellness.com,medspa,,1
OpalGlow Medspa,opalglowmedspa.com,customerservice@opalglowmedspa.com,customerservice@opalglowmedspa.com,yes,ok,https://opalglowmedspa.com,medspa,"nad+, glutathione",5
Orr Salon and Med Spa,orrsalon.com,orrmedspa@gmail.com,orrmedspa@gmail.com,yes,ok,https://orrsalon.com,medspa,"semaglutide, tirzepatide",2
Plastics Medspa,plasticsmedspa.com,concierge@plasticsmedspa.com,concierge@plasticsmedspa.com,yes,ok,https://plasticsmedspa.com,medspa,semaglutide,4
Prestige Aesthetics & Wellness Spa,prestigeaestheticspas.com,bcox1010@gmail.com,bcox1010@gmail.com,yes,ok,https://prestigeaestheticspas.com,medspa,ghk-cu,4
PURE Medical Aesthetics,puremedicalaesthetics.com,info@puremedicalaesthetics.com,info@puremedicalaesthetics.com,yes,ok,https://puremedicalaesthetics.com,medspa,,1
Purple Skies Health and Vitality Clinic,purpleskiesclinic.com,jen@purpleskiesclinic.com,impallari@gmail.com; jen@purpleskiesclinic.com,yes,ok,https://purpleskiesclinic.com,medspa,,2
Reflections MedSpa and Wellness Center,reflectionsmedspalex.com,medspa@reflectionsmedspalex.com,medspa@reflectionsmedspalex.com,yes,ok,https://reflectionsmedspalex.com,medspa,,1
Renew Vitality Testosterone Clinic,refreshedmed.com,refreshedmedical@gmail.com,refreshedmedical@gmail.com,yes,ok,https://refreshedmed.com,medspa,,1
RegenaNu Clinique,regenanuclinique.com,regenanu@gmail.com,regenanu@gmail.com,yes,ok,https://regenanuclinique.com,medspa,GLP-1 weight loss peptides,3
Dr. Daniel Barr,rejuvenate-ivhydration.com,rejuvenatemobileiv@gmail.com,rejuvenatemobileiv@gmail.com,yes,ok,https://rejuvenate-ivhydration.com,medspa,,3
Dr. Lonnie Finney,rejuvvmedical.com,rejuvvmedicalspa@gmail.com,rejuvvmedicalspa@gmail.com,yes,ok,https://rejuvvmedical.com,medspa,,1
Renew Body Wellness Center,renewbodycenter.com,info@renewbodycenter.com,info@renewbodycenter.com,yes,ok,https://renewbodycenter.com,medspa,GLP-1 weight loss peptides,5
Renew Medical Aesthetics & Skin Care,renewskincaremt.com,info.renewskincare@gmail.com,info.renewskincare@gmail.com,yes,ok,https://renewskincaremt.com,medspa,,1
Independent Physical Medicine Formerly Modern Health & Ohio Stem Ce...,replenishandrenew.com,replenishandrenewyou@gmail.com,replenishandrenewyou@gmail.com,yes,ok,https://replenishandrenew.com,medspa,,1
Awaken For Wellness + SweatWorks Studio,revivemdmsp.com,info@revivemdmsp.com,info@revivemdmsp.com,yes,ok,https://revivemdmsp.com,medspa,,2
Elevate Health and Hormones,sculptology.com,hello@sculptology.com,hello@sculptology.com,yes,ok,https://sculptology.com,medspa,GLP-1 weight loss peptides,2
Shoreline Aesthetics,shorelineaestheticschs.com,hello@shorelineaestheticschs.com,hello@shorelineaestheticschs.com; shorelineaesthetics@gmail.com,yes,ok,https://shorelineaestheticschs.com,medspa,nad+,1
SL Aesthetic Medicine LLC,slaesthetic.com,booking@slaesthetic.com,booking@slaesthetic.com,yes,ok,https://slaesthetic.com,medspa,GLP-1 weight loss peptides,4
Get Up and Glo Medspa,smoochmedispa.com,smoochesmedspa@gmail.com,smoochesmedspa@gmail.com; azharphd2022@gmail.com,yes,ok,https://smoochmedispa.com,medspa,,1
Spa Lane,spalanenaperville.com,hello@spalanenaperville.com,hello@spalanenaperville.com,yes,ok,https://spalanenaperville.com,medspa,"nad+, glutathione",3
Provo Dermatology Med Spa & Surgical Center,springvillederm.com,%20springvillederm@gmail.com,%20springvillederm@gmail.com; springvillederm@gmail.com,yes,ok,https://springvillederm.com,medspa,GLP-1 weight loss peptides,4
Gameday Men's Health Roanoke,stillwaterfloatation.com,contactus@stillwaterfloatation.com,contactus@stillwaterfloatation.com,yes,ok,https://stillwaterfloatation.com,vendor,GLP-1 weight loss peptides,2
Stubbs Center for Cosmetic Surgery,stubbscenter.com,hello@stubbscenter.com,hello@stubbscenter.com,yes,ok,https://stubbscenter.com,medspa,glutathione,9
The Luxe Med Spa Indiana,theluxemedspa.online,info@theluxemedspa.online,info@theluxemedspa.online,yes,ok,https://theluxemedspa.online,medspa,nad+,7
Radiance Medical Spa,theradiancemedicalspa.com,theradiancemedicalspa@gmail.com,theradiancemedicalspa@gmail.com,yes,ok,https://theradiancemedicalspa.com,medspa,,2
The Scottsdale Injector LLC,thescottsdaleinjector.com,admin@thescottsdaleinjector.com,admin@thescottsdaleinjector.com,yes,ok,https://thescottsdaleinjector.com,medspa,nad+,1
The Spa at Wellington,thespaatwellington.com,info@thespaatwellington.com,info@thespaatwellington.com,yes,ok,https://thespaatwellington.com,medspa,GLP-1 weight loss peptides,2
OsteoStrong,theyoungstowndrip.com,info@theyoungstowndrip.com,info@theyoungstowndrip.com,yes,ok,https://theyoungstowndrip.com,medspa,glutathione,4
Transcending Massage Therapy,transcendingmassagetherapy.com,transcendingmassagetherapy@gmail.com,transcendingmassagetherapy@gmail.com,yes,ok,https://transcendingmassagetherapy.com,vendor,oxytocin,1
True Radiance Medispa,trueradiancemedispa.com,info@trueradiancemedispa.com,info@trueradiancemedispa.com,yes,ok,https://trueradiancemedispa.com,medspa,GLP-1 weight loss peptides,3
Untamed Health,untamed.health,info@untamed.health,matt@untamed.health; info@untamed.health; hello@untamed.health,yes,ok,https://untamed.health,vendor,"semaglutide, tirzepatide, nad+, glutathione",13
Vida Sol Aesthetics & Wellness,vidasolaesthetics.com,info@vidasolaesthetics.com,info@vidasolaesthetics.com,yes,ok,https://vidasolaesthetics.com,medspa,GLP-1 weight loss peptides,4
Ageless Women's Health,visitbirch.com,hello@visitbirch.com,hello@visitbirch.com,yes,ok,https://visitbirch.com,medspa,"nad+, glutathione",7
VITA IV Hydration Lounge,vitaivhawaii.com,alo.vitaivhawaii@gmail.com,alo.vitaivhawaii@gmail.com,yes,ok,https://vitaivhawaii.com,medspa,"nad+, glutathione",6
Medical Professionals VK,vkmedpro.net,vkbeautyaesthetic@vkmedpro.com,vkbeautyaesthetic@vkmedpro.com,yes,ok,https://vkmedpro.net,medspa,semaglutide,1
Westside Aesthetics Med Spa,westsideaestheticsmedspa.com,westsideaesthetics.or@gmail.com,westsideaesthetics.or@gmail.com,yes,ok,https://westsideaestheticsmedspa.com,medspa,"semaglutide, tirzepatide",6
WholeBody Wellness Aesthetics,wholebodywa.com,office@wholebodywa.com,office@wholebodywa.com,yes,ok,https://wholebodywa.com,medspa,,1
Wild Horse Wellness Spa,wildhorsewellnessspa.com,wildhorsewellness@gmail.com,wildhorsewellness@gmail.com; wildhorsewellnessspa@gmail.com; sljanz@hotmail.com; replenishwyo@icloud.com,yes,ok,https://wildhorsewellnessspa.com,medspa,"nad+, glutathione",4
Wilson Aesthetic Company,wilsonaestheticcompany.com,wilsonaestheticco@gmail.com,wilsonaestheticco@gmail.com,yes,ok,https://wilsonaestheticcompany.com,medspa,GLP-1 weight loss peptides,3
Body and Soul Wellness,307bodyandsoul.com,contact@307bodyandsoul.com,contact@307bodyandsoul.com,yes,no_peptides,https://307bodyandsoul.com,vendor,,0
Texas Laser and Aesthetics Medspa,360jasmineacupuncture.com,,,,no_email,,vendor,,0
3RMedspa,3rmedspa.com,,,,unreachable,,,,
4Ever Young Med Spa & Wellness Center,4everyoungantiaging.com,,,yes,no_email,https://4everyoungantiaging.com,medspa,"semaglutide, tirzepatide",7
Enchanting escapes skin llc,5elementsnaturalcare.com,supriyamadan2@gmail.com,supriyamadan2@gmail.com,yes,no_peptides,https://5elementsnaturalcare.com,vendor,,0
8445 Medical Spa,8445medicalspa.com,,,,no_email,,vendor,,0
Alluring Artistry Beauty & Wellness Spa,aalashme.com,alluringartistrylashes@gmail.com,alluringartistrylashes@gmail.com,,no_peptides,https://aalashme.com,vendor,,0
About Face Aesthetics,aboutfaceaesthetics.net,jonpinhorn.typedesign@gmail.com,jonpinhorn.typedesign@gmail.com; impallari@gmail.com,yes,no_peptides,https://aboutfaceaesthetics.net,medspa,,0
ABQ Skin Care & Acne Clinic,abqacneclinic.com,,,yes,no_email,https://abqacneclinic.com/about,medspa,,0
Abrams Aesthetics & Hair Restoration,abramshairtransplant.com,info@abramshairtransplant.com,%20info@abramshairtransplant.com; info@abramshairtransplant.com,yes,no_peptides,https://abramshairtransplant.com,medspa,,0
Absolute Beauty Company,absolutebeautycompany.com,,,yes,no_email,https://absolutebeautycompany.com,medspa,,0
Abundant Beauty,abundantbeautyspa.com,,,yes,no_email,https://abundantbeautyspa.com,medspa,,0
A Caring Touch Therapeutic Massage,acaringtouch-massage.com,,,,no_email,https://acaringtouch-massage.com,medspa,,0
Acaydia School of Aesthetics,acaydia.edu,admissions@acaydia.edu,admissions@acaydia.edu; spa@acaydia.edu; kyoung@acaydia.edu,yes,no_peptides,https://acaydia.edu,medspa,,0
Accents Salon & Day Spa,accentssalon-spa.com,,,,no_email,,vendor,,0
Access Aesthetics,accessaesthetics.com,,,yes,no_email,https://accessaesthetics.com,medspa,,0
Aesthetics Center of the Big Horns,acotbh.com,,,,no_email,,vendor,,0
Kyra Kare Health & Wellness,acucarehealthcenters.com,susan@acucarehealthcenters.com,susan@acucarehealthcenters.com,yes,no_peptides,https://acucarehealthcenters.com,vendor,,0
Aculaser Body Conturing LLC,aculaserbody.com,,,,no_email,,vendor,,0
Adam & Eve Medical Aesthetics,adamandevemedspa.com,,,yes,no_email,https://adamandevemedspa.com,medspa,"semaglutide, tirzepatide",5
ADENOSINE ESTHETICS LLC,adenosineesthetics.glossgenius.com,,,yes,no_email,https://adenosineesthetics.glossgenius.com,vendor,,0
Advanced Aesthetics,advancedaestheticslv.com,,,yes,no_email,https://advancedaestheticslv.com,medspa,semaglutide,4
Nuvo Skin,advancedlasernc.com,,,yes,no_email,https://advancedlasernc.com/about,medspa,,0
Aesthé by MD,aesthect.com,,,,unreachable,,,,
Beauty Well KY,aestheticallyyoumedspa.glossgenius.com,fitandsnatched2@gmail.com,fitandsnatched2@gmail.com,yes,already known,https://aestheticallyyoumedspa.glossgenius.com,medspa,"semaglutide, tirzepatide, pt-141, glutathione",7
Aestheticare Medspa STL,aestheticarestl.com,,,yes,no_email,https://aestheticarestl.com,medspa,glutathione,5
Aesthetic Assets,aestheticassets.com,,,yes,no_email,https://aestheticassets.com,medspa,semaglutide,6
The Bariatric Clinic,aestheticouture.com,info@aestheticouture.com,acmedspa@gmail.com; info@aestheticouture.com,yes,no_peptides,https://aestheticouture.com,medspa,,0
Aesthetic Remedies Med Spa,aestheticremediesmedspa.com,aestheticremediesmedspa@gmail.com,aestheticremediesmedspa@gmail.com,,no_peptides,https://aestheticremediesmedspa.com,medspa,,0
Aesthetic Therapies,aesthetictherapies.com,maureen.aesthetictherapies@gmail.com,maureen.aesthetictherapies@gmail.com,yes,no_peptides,https://aesthetictherapies.com,medspa,,0
aesthetique medical,aesthetiquemedical.com,aesthetiquemedical@gmail.com,aesthetiquemedical@gmail.com,yes,no_peptides,https://aesthetiquemedical.com,medspa,,0
Ageless Men's Health,agelessmenshealth.com,,,,unreachable,,,,
"Bryan Medical and Wellness, PLLC",agelesstriad.com,info@agelesstriad.com,info@agelesstriad.com,yes,no_peptides,https://agelesstriad.com,medspa,,0
Ageless Women's Health,agelesswomenshealth.com,,,,no_email,https://agelesswomenshealth.com,medspa,semaglutide,6
"A Holistic Balance Massage, Bodywork & More ...",aholisticbalance.com,,,yes,no_email,https://aholisticbalance.com,vendor,,0
OPMC Med Spa,akroncanton.mobomedspa.com,,,yes,no_email,https://akroncanton.mobomedspa.com,medspa,semaglutide,9
Alabama Med Spa By Voupre,alabamaspahtx.com,alabamaspabyvoupre@gmail.com,alabamaspabyvoupre@gmail.com,yes,no_peptides,https://alabamaspahtx.com,medspa,,0
Alchemy Esthetic Studio,alchemyestheticstudio.com,alchemyestheticstudio@gmail.com,alchemyestheticstudio@gmail.com,,no_peptides,https://alchemyestheticstudio.com,vendor,,0
Align Spa & Align Elevated Med Spa,alignspa.com,info@alignspa.com,info@alignspa.com,,no_peptides,https://alignspa.com,medspa,,0
Alleviated Horizons Integrative Massage,alleviatedhorizons.com,,,,unreachable,,,,
Allure Laser Med Spa Hilo,allurelasermedspahi.com,allurelasermed@gmail.com,allurelasermed@gmail.com,yes,no_peptides,https://allurelasermedspahi.com,medspa,,0
Allure Skin Health,allureskinhealth.com,allureskinhealth@gmail.com,allureskinhealth@gmail.com,,no_peptides,https://allureskinhealth.com,medspa,,0
Alternative Therapy Massage & Spa Services,alternativetherapyllc.com,,,,unreachable,,,,
AM Beauty & Aesthetics,ambaesthetics.com,ambeautyandaesthetics@gmail.com,ambeautyandaesthetics@gmail.com,,no_peptides,https://ambaesthetics.com,medspa,,0
Cocoa Beach Wellness Center,ameracell.com,impallari@gmail.com,impallari@gmail.com,yes,already known,https://ameracell.com,medspa,"nad+, semaglutide",7
Amethyst Spa,amethystspa.glossgenius.com,amethystspaaaa@gmail.com,amethystspaaaa@gmail.com,yes,no_peptides,https://amethystspa.glossgenius.com,vendor,,0
AMI Bareskin MedSpa,amibareskin.com,,,yes,no_email,https://amibareskin.com,medspa,,1
Amrie Aesthetics,amrieaesthetics.com,amrieaesthetics@gmail.com,amrieaesthetics@gmail.com,yes,no_peptides,https://amrieaesthetics.com,medspa,,0
Anastacia Aesthetics,anastaciaaesthetics.com,info@anastaciaaesthetics.com,info@anastaciaaesthetics.com,yes,no_peptides,https://anastaciaaesthetics.com,medspa,,0
Anastasi Aesthetics,anastasiaesthetics.com,aanastasi8@gmail.com,aanastasi8@gmail.com; anastasiaesthetics8@gmail.com,yes,already known,https://anastasiaesthetics.com,medspa,"semaglutide, tirzepatide, nad+",7
Florida Float Spa Tampa,andersonlongevityclinic.com,,,,no_email,https://andersonlongevityclinic.com,medspa,"sermorelin, pt-141",5
A New Day Spa,anewdayspautah.com,,,yes,no_email,https://anewdayspautah.com,medspa,nad+,1
Anew Image Studio,anewimagestudionwa.com,,,yes,no_email,https://anewimagestudionwa.com,medspa,,0
Blue Meadows,anovamedspa.com,,,,unreachable,,,,
Cosmetic Dermatology & Medispa of Newark,antiagingwellnessmd.com,,,yes,no_email,https://antiagingwellnessmd.com,medspa,GLP-1 weight loss peptides,4
A Perfect Pout,aperfectpout.com,,,,no_email,https://aperfectpout.com,vendor,,0
A3sthetically Pleasing MedSpa & Lounge,apmedspaandlounge.com,,,,no_email,https://apmedspaandlounge.com,vendor,,0
Applied Pressure,appliedpressuretx.com,dena@appliedpressuretx.com,dena@appliedpressuretx.com,yes,no_peptides,https://appliedpressuretx.com,vendor,,0
Associated Plastic Surgeons & Med Spa,apskc.com,socialmanagedkc4@gmail.com,socialmanagedkc4@gmail.com,yes,no_peptides,https://apskc.com,medspa,,0
Aqua Living Factory Outlets,aqualivingstores.com,info@aqualivingstores.com,info@aqualivingstores.com,,no_peptides,https://aqualivingstores.com,vendor,,0
Aquamarine Spa,aquamarinedayspa.com,,,yes,no_email,https://aquamarinedayspa.com,vendor,,0
Aqua Medical Spa,aquamedicalspa.com,,,yes,no_email,https://aquamedicalspa.com,medspa,,1
Aquarius Wellness Center For Healing Arts and Spa,aquariuswellness.com,info@aquariuswellness.com,info@aquariuswellness.com,yes,no_peptides,https://aquariuswellness.com,medspa,,0
AquaVie Day Spa,aquaviedayspa.com,customerservice@aquaviedayspa.com,customerservice@aquaviedayspa.com,yes,no_peptides,https://aquaviedayspa.com,vendor,,0
Pure Hydration,aquavitality.com,,,yes,no_email,https://aquavitality.com,medspa,"semaglutide, nad+, sermorelin, aod-9604, tirzepatide",17
Asian Healing Spa,asianhealingspa.com,asian.healing.spa@gmail.com,asian.healing.spa@gmail.com,yes,no_peptides,https://asianhealingspa.com,vendor,,0
A Signature Day Spa,asignaturedayspa.com,,,yes,no_email,https://asignaturedayspa.com,vendor,,0
A Time to Spa,atimetospa.com,service@atimetospa.com,service@atimetospa.com,yes,no_peptides,https://atimetospa.com,vendor,,0
Real Health Medical,atlantaintegrativeandinternalmedicine.com,,,,no_email,,vendor,,0
Aura Aesthetics,auraaestheticsct.glossgenius.com,auraaestheticsct@gmail.com,auraaestheticsct@gmail.com,yes,no_peptides,https://auraaestheticsct.glossgenius.com,medspa,,0
Wild Embers injector,auraestheticsandink.com,,,yes,no_email,https://auraestheticsandink.com,medspa,,0
Aura Aesthetics,aurapdx.com,,,,no_email,https://aurapdx.com,medspa,,0
Aurora Medical Spa,auroramedicalspa.com,,,yes,no_email,https://auroramedicalspa.com,medspa,,0
Aurum Aesthetic Atelier,aurumaesthetic.co,,,yes,no_email,https://aurumaesthetic.co,medspa,,0
Avani Derm Spa,avanidermspa.com,,,yes,no_email,https://avanidermspa.com,medspa,,0
Avenue 501,avenue501.com,,,yes,no_email,https://avenue501.com,medspa,nad+,3
Azur MediSpa,azurmedispa.com,,,,unreachable,,,,
Badger State Hydrate & Badger Glow,badgerstatehydrate.com,badgerstatehydrate@gmail.com,badgerstatehydrate@gmail.com,yes,already known,https://badgerstatehydrate.com,medspa,"semaglutide, tirzepatide, nad+, sermorelin, glutathione",15
Balanced Beauty,balancedbeautyhawaii.com,booking@balancedbeautyhawaii.com,booking@balancedbeautyhawaii.com,yes,no_peptides,https://balancedbeautyhawaii.com,vendor,,0
Balanced Body Massage,balancedbodymassagede.com,jesstrois@gmail.com,jesstrois@gmail.com,yes,no_peptides,https://balancedbodymassagede.com,medspa,,0
New Leaf Wellness,balancehormonecenter.com,,,,no_email,,vendor,,0
Banyan Massage Hale,banyanmassagehale.com,banyanmassagehale@gmail.com,banyanmassagehale@gmail.com,yes,no_peptides,https://banyanmassagehale.com,vendor,,0
Beau'Trez MedSpa Certified Medical-Grade,beaut3spa.com,b3autrez.spa@gmail.com,b3autrez.spa@gmail.com,,no_us_signal,https://beaut3spa.com,medspa,"semaglutide, tirzepatide",4
Beautique Med Spa,beautiqueaz.com,,,,unreachable,,,,
"Beautique Hair, Body & Medspa",beautiquehairandbody.com,,,,no_email,https://beautiquehairandbody.com,medspa,,0
Beauty & Body Medlounge,beautyandbodylounge.com,,,,no_email,,vendor,,0
Salon 56,beautybycore.com,,,,no_email,https://beautybycore.com,vendor,,0
Beauty By Joniece,beautybyjoniece.com,,,,no_email,https://beautybyjoniece.com,vendor,,0
Beauty Gate Salon & Day Spa,beautygatespa.com,,,,no_email,https://beautygatespa.com,medspa,,0
Beautylab Korean Medspa,beautylablex.com,,,,no_email,https://beautylablex.com,vendor,,0
Beauty Lounge Medical Spa Hillcrest,beautyloungesanmarcos.com,,,yes,no_email,https://beautyloungesanmarcos.com,medspa,"semaglutide, tirzepatide",14
Beauty Nails,beautynailskeene.com,,,,unreachable,,,,
Steel City Medical Center Murrysville,bebalancedcenters.com,,,,no_email,,vendor,,0
Accelerate Therapy & Performance,beemlightsauna.com,,,,no_email,https://beemlightsauna.com,vendor,,0
Belinda Pate Botox & Filler Nurse Practitioner,belindapate.com,naturalresultsmed@pm.me,naturalresultsmed@pm.me,,no_peptides,https://belindapate.com,medspa,,0
Bella Bar Medspa,bellabartx.com,bellabarmedspa@gmail.com,bellabarmedspa@gmail.com; jessmarren@gmail.com,yes,already known,https://bellabartx.com,medspa,GLP-1 weight loss peptides,4
BellaDerm,belladermbybetina.com,,,yes,no_email,https://belladermbybetina.com,vendor,,0
Bella Luna Aesthetics and Wellness,bellalunamedispa.com,info@bellalunamedispa.com,info@bellalunamedispa.com,yes,no_peptides,https://bellalunamedispa.com,medspa,,0
Allure Med Spa,bellesoulaesthetics.com,,,,no_email,,vendor,,0
Belle Vie Summit at Fritz Farm,bellevietoday.com,,,yes,no_email,https://bellevietoday.com,medspa,"semaglutide, nad+",7
Bellucci Salon & Day Spa,belluccisalon.com,info@belluccisalon.com,anapbm@gmail.com; info@belluccisalon.com,yes,no_peptides,https://belluccisalon.com,vendor,,0
Symmetry Med Spa by Bengtson Center,bengtsoncenter.com,,,yes,no_email,https://bengtsoncenter.com,medspa,GLP-1 weight loss peptides,3
BE Scene Aesthetics,besceneaesthetics.com,bescenellc@gmail.com,bescenellc@gmail.com,,no_peptides,https://besceneaesthetics.com,medspa,,0
The Best Part Head Spa,bestpart.glossgenius.com,thebestpart.headspa@gmail.com,thebestpart.headspa@gmail.com,yes,no_peptides,https://bestpart.glossgenius.com,vendor,,0
Better Aesthetics,bettermedsparaleigh.com,hello@bettermedsparaleigh.com,hello@bettermedsparaleigh.com,yes,no_peptides,https://bettermedsparaleigh.com,medspa,,0
Better You Medical Spa,betteryouhrt.com,betterforyou.hrt@gmail.com,betterforyou.hrt@gmail.com,yes,no_peptides,https://betteryouhrt.com,medspa,,0
Beyond Skin & Body Care,beyondskincarelasvegas.com,,,yes,no_email,https://beyondskincarelasvegas.com,vendor,,0
Best Face Forward A Skin Care Spa,bffskinspa.com,bffskinspa@gmail.com,bffskinspa@gmail.com,,no_peptides,,vendor,,0
MedHealers,bijoumedspa.com,,,,no_email,,vendor,,0
Austrian Society for Regenerative Medicine,biogena.com,,,,no_email,https://biogena.com,medspa,,0
NY Center for Functional Medicine,biograph.com,info@biograph.com,info@biograph.com,yes,no_peptides,https://biograph.com,medspa,,0
QC Kinetix (Superior),biomedmobileiv.com,,,yes,no_email,https://biomedmobileiv.com,medspa,"nad+, glutathione",3
Black Hills PEMF,blackhillspemf.com,bh.pemf@gmail.com,bh.pemf@gmail.com,yes,no_peptides,https://blackhillspemf.com,medspa,,0
Blissful balance medspa,blissfulbalancemedspa.com,,,,no_email,,vendor,,0
Blooming Beauty Endosphere,blooming-endosphere.com,,,yes,no_email,https://blooming-endosphere.com,medspa,,0
Blyss Skin Studio,blyss-skinstudio.com,,,,no_email,https://blyss-skinstudio.com,vendor,,0
Bodhi Tree Massage + Skincare,bodhitreecle.com,info@bodhitreecle.com,info@bodhitreecle.com,yes,no_peptides,https://bodhitreecle.com,medspa,,0
Internal Utulivu LLC,body-essentials.square.site,,,,no_email,,vendor,,0
Body Preserve Med Spa & Weight Loss,bodypreserve.com,,,,no_email,,vendor,,0
Body Renew by Priority,bodyrenewtulsa.com,,,yes,no_email,https://bodyrenewtulsa.com,medspa,,1
"Body Sculpt, Better Body Med Spa",bodysculpt.mysalononline.com,,,,no_email,,vendor,,0
Boise Therapeutic Massage Center,boisemassage.com,,,yes,no_email,https://boisemassage.com,medspa,,0
The Guest House Spa,boldbeginningswellness.com,,,,no_email,https://boldbeginningswellness.com,vendor,,0
Bomani Aesthetics MD,bomaniaestheticsmd.com,,,,no_email,https://bomaniaestheticsmd.com,medspa,,0
Bombshell In A Day,bombshellinaday.com,info@bombshellinaday.com,info@bombshellinaday.com,yes,no_peptides,https://bombshellinaday.com,medspa,,0
Bon Bini Aesthetics,bonbiniaesthetics.com,hello@bonbiniaesthetics.com,hello@bonbiniaesthetics.com,yes,no_peptides,https://bonbiniaesthetics.com,medspa,,0
New England Integrated Health,boston.dexafit.com,boston@dexafit.com,boston@dexafit.com,yes,already known,https://boston.dexafit.com,medspa,GLP-1 weight loss peptides,2
Spalon Euphoria,botanicalbeautyvt.com,kristaevincent@hotmail.com,kristaevincent@hotmail.com,yes,no_peptides,https://botanicalbeautyvt.com,vendor,,0
CAREolina Wellness and Infusion Center,boutiquewellnessnc.com,,,yes,no_email,https://boutiquewellnessnc.com,medspa,semaglutide,6
Bozeman IV,bozemaniv.com,bozemaninfusion@gmail.com,bozemaninfusion@gmail.com,yes,already known,https://bozemaniv.com,medspa,"nad+, glutathione",3
Breathe Easy Esthetics,breatheeasy.glossgenius.com,breatheeasyesthetics1@gmail.com,breatheeasyesthetics1@gmail.com,yes,no_peptides,https://breatheeasy.glossgenius.com,vendor,,0
Bright Beauty Medspa,brightbeautymedspa.com,,,yes,no_email,https://brightbeautymedspa.com,medspa,GLP-1 weight loss peptides,3
716ology,brillianceorchardpark.com,office@brillianceorchardpark.com,office@brillianceorchardpark.com,yes,no_peptides,https://brillianceorchardpark.com,medspa,,0
Renew Vitality Testosterone Clinic,brownsburgclinicandmedspa.com,,,yes,no_email,https://brownsburgclinicandmedspa.com/contact,medspa,,0
Green Mountain Massage & Bodywork,btvmassage.com,,,yes,no_email,https://btvmassage.com,vendor,,0
Monroe MedSpa,buffalo.monroemedspa.com,,,yes,no_email,https://buffalo.monroemedspa.com,medspa,semaglutide,4
Woodhouse Spa,buffalo.woodhousespas.com,,,,no_email,,vendor,GLP-1 weight loss peptides,2
Buffalo Aesthetics,buffaloaesthetics.com,,,yes,no_email,https://buffaloaesthetics.com,medspa,nad+,3
The Medical Spa @BuffaloPlasticSurgery,buffaloplasticsurgery.com,info@buffaloplasticsurgery.com,info@buffaloplasticsurgery.com,yes,no_peptides,https://buffaloplasticsurgery.com,medspa,,0
Pearl Aesthetics,"by jackie, master aesthetician|jackieanne.glossgenius.com",,,,unreachable,,,,
CALI MedSpa,calimedspa.com,,,yes,no_email,https://calimedspa.com,medspa,,0
Cali Spa,calispa.me,calispame@yahoo.com,calispame@yahoo.com,yes,no_peptides,https://calispa.me,vendor,,0
Glow by Bre,calivingweightloss.com,,,,no_email,,vendor,,0
Divine Direction By Mia,capitalchirodsm.com,,,yes,no_email,https://capitalchirodsm.com,medspa,,0
Advanced TRT Clinic,careoneaesthetics.com,,,,unreachable,,,,
The Retreat at Carolina Hormone and Health Center,carolinahormoneandhealth.com,,,yes,no_email,https://carolinahormoneandhealth.com,medspa,"semaglutide, tirzepatide",11
Catori Wellness,catoriwellness.com,,,,no_email,,vendor,,0
Cedar Rose Spa,cedarrosespa.com,hello@cedarrosespa.com,hello@cedarrosespa.com,yes,no_peptides,https://cedarrosespa.com,vendor,,0
Celebrity Med Spa,celebritymedspa.com,,,yes,no_email,https://celebritymedspa.com,medspa,"semaglutide, glutathione",9
Celsius Med Spa STL,celsiusmedspa.com,,,yes,no_email,https://celsiusmedspa.com,medspa,semaglutide,1
OsteoStrong,centers.osteostrong.me,,,,no_email,https://centers.osteostrong.me,vendor,,0
Healing Hands Massage & Bodywork,charlestonhealinghands.com,anna@charlestonhealinghands.com,anna@charlestonhealinghands.com,yes,no_peptides,https://charlestonhealinghands.com,vendor,,0
The Spa at The Charleston Place,charlestonplace.com,,,,unreachable,,,,
CH Fitness,chfit.net,,,yes,no_email,https://chfit.net,vendor,semaglutide,3
Chi-Ma Med Spa,chimamedspa.com,,,,unreachable,,,,
NUIQ Wellness Lounge & Med Spa,chooseyourkur.com,,,yes,no_email,https://chooseyourkur.com,medspa,GLP-1 weight loss peptides,3
The Getaway Salon and Spa,cicilysaesthetics.com,,,yes,no_email,https://cicilysaesthetics.com,medspa,,0
Clarity by LNE,claritybylne.com,info@claritybylne.com,info@claritybylne.com,,no_peptides,https://claritybylne.com,medspa,,0
ClearWaves Medical Laser Group,clearwaves.com,,,yes,no_email,https://clearwaves.com,vendor,,0
CPSI MedSpa,clevelandplasticsurgeryinstitute.com,,,,no_email,,vendor,,0
Coastal Bloom Med Spa,coastalbloommedspa.com,impallari@gmail.com,impallari@gmail.com; milenabbrandao@gmail.com,yes,already known,https://coastalbloommedspa.com,medspa,tirzepatide,5
Colibrí Massage & Bodyworks,colibrimassageandbodyworks.com,info@colibrimassageandbodyworks.com,info@colibrimassageandbodyworks.com,yes,no_peptides,https://colibrimassageandbodyworks.com,medspa,,0
Colorado Mountain Day Spa,coloradomountaindayspa.com,,,yes,no_email,https://coloradomountaindayspa.com,vendor,,0
"Rocky Mountain Laser Center, PC",coloradospringsdermatologyclinic.com,,,yes,no_email,https://coloradospringsdermatologyclinic.com,medspa,,0
Medical & Aesthetic Dermatology,columbiaskinmd.com,,,yes,no_email,https://columbiaskinmd.com,medspa,,0
Columbus Medical Aesthetics,columbusgaaesthetics.com,,,yes,no_email,https://columbusgaaesthetics.com,medspa,,0
Columbus Skin Care Salon,columbusskincaresalon.com,,,yes,no_email,https://columbusskincaresalon.com,medspa,,0
Comprehensive Laser & Aesthetics,comprehensivelaser.com,,,yes,no_email,https://comprehensivelaser.com,medspa,semaglutide,1
Concierge Aesthetics & Plastic Surgery,conciergemedspa.com,,,yes,no_email,https://conciergemedspa.com,medspa,,0
Confidence,confidence-kc.com,info@confidence-kc.com,%20info@confidence-kc.com; info@confidence-kc.com,yes,no_peptides,https://confidence-kc.com,medspa,,0
COR Body,corbodyspokane.com,,,yes,no_email,https://corbodyspokane.com,medspa,,1
Crafted Aesthetics,craftedaestheticsmt.com,craftedacademy@gmail.com,craftedacademy@gmail.com,yes,already known,https://craftedaestheticsmt.com,medspa,semaglutide,4
Bionetics Health,crhormonehealth.com,,,yes,no_email,https://crhormonehealth.com,medspa,,4
Solitude Spa and Crossroads Health,crossroadshealthllc.com,,,yes,no_email,https://crossroadshealthllc.com,medspa,,0
Crown Beauty Bar,crownbeautybar.com,crownbeautybar@gmail.com,crownbeautybar@gmail.com; crownhelp479@gmail.com,yes,no_peptides,https://crownbeautybar.com,vendor,,0
Prime IV Hydration & Wellness,cryogenixrr.com,cryo@cryogenixrr.com,cryo@cryogenixrr.com,yes,no_peptides,https://cryogenixrr.com,medspa,,0
Regenerative Solutions,cryowave.net,,,,no_email,https://cryowave.net,vendor,,0
Cure Medical Aesthetics,curemedicalaesthetics.com,curemedicalaesthetics@gmail.com,curemedicalaesthetics@gmail.com,yes,no_peptides,https://curemedicalaesthetics.com,medspa,,0
CUTIS MED SPA LLC,cutismedicalspa.com,angela@cutismedicalspa.com,angela@cutismedicalspa.com,yes,no_peptides,https://cutismedicalspa.com,medspa,,0
Daily Glow Medical Spa,dailyglowspa.com,,,yes,no_email,https://dailyglowspa.com,medspa,,6
Dariana Aesthetics,dariana-aesthetics.square.site,,,,no_email,,vendor,,0
new beginnings spa,dawncareerinstitute.edu,,,yes,no_email,https://dawncareerinstitute.edu,vendor,,0
Day Spa Rejoice,daysparejoice.com,,,yes,no_email,https://daysparejoice.com,vendor,,0
Demure Skin and Body Sculpting,demureskinandbodysculpting.com,,,,no_email,https://demureskinandbodysculpting.com,vendor,,0
Derm Lab Medical Aesthetics,derm-lab-medical-aesthetics.square.site,dermlabmaine@gmail.com,dermlabmaine@gmail.com,,no_peptides,https://derm-lab-medical-aesthetics.square.site,medspa,,0
Derma Bella Progressive Skin Care,dermabellaskincare.biz,,,yes,no_email,https://dermabellaskincare.biz,vendor,,0
"Dermacare Medical Aesthetics, Rancho Bernardo",dermacaresandiego.com,,,yes,no_email,https://dermacaresandiego.com,medspa,GLP-1 weight loss peptides,3
Dermaclinic Vegas,dermaclinicenter.com,support@dermaclinicenter.com,miami@dermaclinicenter.com; houston@dermaclinicenter.com; vegas@dermaclinicenter.com; sales@dermaclinicenter.com; support@dermaclinicenter.com,yes,no_peptides,https://dermaclinicenter.com,medspa,,0
Derma Glow Med Spa,dermaglowcle.com,dermaglowguestservices@gmail.com,dermaglowguestservices@gmail.com,yes,no_peptides,https://dermaglowcle.com,medspa,,0
Advanced Aesthetics Medi Spa,dermaiv.com,,,,unreachable,,,,
DermaPrecision,dermaprecision.com,,,yes,no_email,https://dermaprecision.com,medspa,nad+,3
Dermatherapie Skin Spa,dermatherapiespokane.com,info@dermatherapiespokane.com,info@dermatherapiespokane.com,yes,no_peptides,https://dermatherapiespokane.com,medspa,,0
Skin Secrets,dermconsultants.com,,,yes,no_email,https://dermconsultants.com,vendor,,0
Dermatology Specialists of Spokane,dermsos.com,,,,unreachable,,,,
Devine Back & Body Care,devinebackandbody.com,109devinespa@gmail.com,109devinespa@gmail.com,yes,no_peptides,https://devinebackandbody.com,vendor,,0
Devine MedSpa,devinemedspa.com,devorah@devinemedspa.com,devorah@devinemedspa.com,yes,no_peptides,https://devinemedspa.com,medspa,,0
Dew Aesthetics & Wellness,dewkc.com,,,,no_email,https://dewkc.com,medspa,,0
Diamond Lake Clinic Wellness Center,diamondlakeclinic.org,info@diamondlakeclinic.org,info@diamondlakeclinic.org; alex.anyake@diamondlakeclinic.org; noussaiba.ayour@diamondlakeclinic.org; jenny.brummer@diamondlakeclinic.org; ebere.ejike@diamondlakeclinic.org; jeremy.gwilt@diamondlakeclinic.org; andrea.janney@diamondlakeclinic.org; esther.njingu@diamondlakeclinic.org,yes,no_peptides,https://diamondlakeclinic.org,medspa,,0
Direct Aesthetics,direct-aesthetics.com,,,yes,no_email,https://direct-aesthetics.com,medspa,GLP-1 weight loss peptides,2
Diva Nails & Spa,divanailswv.com,divanailsspa.nitro@gmail.com,divanailsspa.nitro@gmail.com,yes,no_peptides,https://divanailswv.com,vendor,,0
"Divine, A Boutique Medspa",divineboutiquemedspa.com,,,yes,no_email,https://divineboutiquemedspa.com,medspa,GLP-1 weight loss peptides,7
"Doctor K MediSpa, Dr. K LLC",doctorkmedispa.com,doctorkmedispa@gmail.com,doctorkmedispa@gmail.com,yes,no_peptides,https://doctorkmedispa.com,medspa,,0
Cusimano Plastic Surgery,drcmdplasticsurgery.com,,,,no_email,,vendor,,0
ELEVATE The Cryotherapy and Wellness Studio,drcova.com,,,,no_email,,vendor,,0
DeLozier Plastic Surgery Center,drdelozier.com,,,yes,no_email,https://drdelozier.com,medspa,GLP-1 weight loss peptides,2
Dream Shape Body Contouring,dream-shape-body-contouring.square.site,,,,no_email,,vendor,,0
The Abbey Salon & Spa,dreamhouse601.com,,,,no_email,,vendor,,0
Spa On the Green,drglenbrooks.com,,,yes,no_email,https://drglenbrooks.com,medspa,,1
Reset by Therabody,drgruenn.com,,,yes,no_email,https://drgruenn.com,medspa,GLP-1 weight loss peptides,3
Wild Wellness,driphydration.com,,,,unreachable,,,,
NJOY Restored Health and Aesthetics,drluislee.com,,,yes,no_email,https://drluislee.com,medspa,,0
Dr. Park Avenue,drparkavebrick.com,drparkavebrick@gmail.com,drparkavebrick@gmail.com,yes,no_peptides,https://drparkavebrick.com,medspa,,0
Revive IV Therapy and Wellness,drpoulos.com,,,yes,no_email,https://drpoulos.com,medspa,,0
"Steven Covici, MD, FACS",drstevencovici.com,,,,no_email,https://drstevencovici.com/contact,vendor,,0
Advanced Plastic Surgery,drtimek.com,,,yes,no_email,https://drtimek.com,medspa,semaglutide,7
Ideal Image Towson,drweng.com,advancedmedicine24@gmail.com,advancedmedicine24@gmail.com,yes,already known,https://drweng.com,medspa,"semaglutide, tirzepatide",5
Dry Living Center of Oklahoma,drylivingcenter.com,impallari@gmail.com,impallari@gmail.com,yes,no_peptides,https://drylivingcenter.com,medspa,,0
Dua Spa by K'alma,duaspamiami.com,reservations@duaspamiami.com,reservations@duaspamiami.com,yes,no_peptides,https://duaspamiami.com,vendor,,0
Duly Aesthetics,dulyhealthandcare.com,,,yes,no_email,https://dulyhealthandcare.com,medspa,,0
Divine Wellness Aesthetics by Dexter,dwdivinewellness.com,,,yes,no_email,https://dwdivinewellness.com,medspa,"semaglutide, tirzepatide",9
Oasis Spa,easternoasisspa.com,,,,no_email,https://easternoasisspa.com,vendor,,0
East Mississippi Oral & Facial Surgery,eastmsoralsurgery.com,,,,unreachable,,,,
EHormones MD,ehormones.com,rendro87@gmail.com,rendro87@gmail.com,yes,already known,https://ehormones.com,medspa,GLP-1 weight loss peptides,5
Elegant Med Spa,elegantmedspacenter.com,,,,no_email,,vendor,,0
Elements of Healing,elementsofhealing.net,,,yes,no_email,https://elementsofhealing.net,medspa,,0
Elevate Wellness and Aesthetics,elevatewellnessandaesthetics.com,,,yes,no_email,https://elevatewellnessandaesthetics.com,medspa,GLP-1 weight loss peptides,2
Elite Aesthetics By Jackie,eliteaestheticsbyjackie.com,,,,no_email,https://eliteaestheticsbyjackie.com,medspa,,0
Elite Image One Green Valley Ranch,eliteimageone.com,,,yes,no_email,https://eliteimageone.com,medspa,,0
Elite Medspa,elitemedspaaz.com,,,yes,no_email,https://elitemedspaaz.com,medspa,,0
EDGE by ELIXR Wellness Brickell,elixrwellness.com,,,,unreachable,,,,
Clinic Ellena Health + Wellness,ellenaaesthetics.com,clinicellena@gmail.com,clinicellena@gmail.com,yes,already known,https://ellenaaesthetics.com,vendor,kpv,3
E Med Spa,emedspasd.com,,,,no_email,,vendor,,0
Empire Esthetics,empireesthetics603.com,,,,unreachable,,,,
Empire Aesthetics Med Spa,empiremedicalspa.com,,,,no_email,https://empiremedicalspa.com,medspa,,0
Nitro Energy & Wellness LLC,empirewellnesswv.com,contact@empirewellnesswv.com,contact@empirewellnesswv.com,yes,no_peptides,https://empirewellnesswv.com,medspa,,0
Enchanted Skin Studio,enchanted-skin-studio.com,,,,no_email,https://enchanted-skin-studio.com,medspa,,0
Energy Spa,energyandflow-spa.square.site,getwellwithlatora@gmail.com,getwellwithlatora@gmail.com,,no_peptides,https://energyandflow-spa.square.site,vendor,,0
Grannan Health,ennu.co,,,yes,no_email,https://ennu.co,medspa,,0
Epiphany Dermatology,epiphanydermatology.com,,,yes,no_email,https://epiphanydermatology.com,medspa,,0
CellCore Regenerative Medicine Institute,equinox.com,concierge@equinox.com,concierge@equinox.com; pr@equinox.com; cancellations@equinox.com,yes,no_peptides,https://equinox.com,vendor,,0
Escape Day Spa & Boutique,escapedayspa.us,%20relax@escapedayspa.us,%20relax@escapedayspa.us; relax@escapedayspa.us,yes,no_peptides,https://escapedayspa.us,vendor,,0
Escape Nails Salon Cross Lanes WV,escapenails0163.simplepos.us,,,,no_email,https://escapenails0163.simplepos.us,vendor,,0
Essential Aura Medical Spa,essentialauraspa.com,,,yes,no_email,https://essentialauraspa.com,medspa,,0
Essential Medical Beauty Treatments,essentialbrownsville.com,,,,unreachable,,,,
Esthetique on Whitney,esthetiqueonwhitney.com,esthetiqueonwhitney@gmail.com,esthetiqueonwhitney@gmail.com,yes,no_peptides,https://esthetiqueonwhitney.com,medspa,,0
Eterna MedSpa & Laser Vein Center,eternalaser.com,,,yes,no_email,https://eternalaser.com,medspa,,0
Melt Head Spa,eternaldreamspabozeman.com,,,,unreachable,,,,
Okojie Wellness,etherealaestheticsllc.com,,,,unreachable,,,,
Ethereal Beauty Buffalo,etherealbeautybuffalo.com,,,yes,no_email,https://etherealbeautybuffalo.com,medspa,"dsip, kpv",5
Euphoria Wellness Boutique,euphoriawellnessgr.com,,,,unreachable,,,,
Eva's Skin Treatments,evaskintreatments.com,,,yes,no_email,https://evaskintreatments.com,vendor,,0
Ever Evolving Life,everevolvinglife.co,,,yes,no_email,https://everevolvinglife.co,medspa,,0
EVMS Facial Plastic Surgery & Aesthetic Med Spa,evmsmedicalgroup.com,,,yes,no_email,https://evmsmedicalgroup.com,medspa,,0
Evolve Aesthetics & Wellness PDX,evolveaesthetics.com,,,yes,no_email,https://evolveaesthetics.com,medspa,,1
Evolve Med Spa,evolvemedspa.com,,,yes,no_email,https://evolvemedspa.com,medspa,,0
"ExcelLase, Laser Skin Center",excellase.com,info@excellase.com,info@excellase.com,yes,no_peptides,https://excellase.com,medspa,,0
Eyeconic Lash Studio,eyeconiclashstudio.glossgenius.com,,,,no_email,https://eyeconiclashstudio.glossgenius.com,medspa,GLP-1 weight loss peptides,2
FACE FOUNDRIÉ,facefoundrie.com,info@facefoundrie.com,info@facefoundrie.com,,no_peptides,https://facefoundrie.com,medspa,,0
facial collective Madison,facialcollective.com,info@facialcollective.com,mllegeorgesand@gmail.com; info@facialcollective.com,yes,no_peptides,https://facialcollective.com,medspa,,0
Facial Rejuvenation Center,facialrejuvenationcenter.net,,,yes,no_email,https://facialrejuvenationcenter.net/contact,medspa,,0
Bodyworks Massage + Wellness,fayettevillemassage.com,spain.christen@gmail.com,spain.christen@gmail.com,yes,no_peptides,https://fayettevillemassage.com,vendor,,0
Synergy Face + Body,feelsynergy.com,appointments@feelsynergy.com,appointments@feelsynergy.com,yes,no_peptides,https://feelsynergy.com/contact-us,medspa,,0
MonaLisa Skincare Beauty by Muna,femmemedandspa.com,,,yes,no_email,https://femmemedandspa.com,medspa,,1
The Glow Co,findyourglow.co,hello@findyourglow.co,hello@findyourglow.co,yes,no_peptides,https://findyourglow.co,medspa,,0
Fitshop Med Spa,fitshopnm.com,nutrishop.fitshop@yahoo.com,nutrishop.fitshop@yahoo.com,yes,already known,https://fitshopnm.com,medspa,GLP-1 weight loss peptides,2
Fizz Facial Bar,fizzfacialbar.com,info@fizzfacialbar.com,jonesboro@fizzfacialbar.com; nicholasville@fizzfacialbar.com; georgetown@fizzfacialbar.com; conway@fizzfacialbar.com; info@fizzfacialbar.com,yes,no_peptides,https://fizzfacialbar.com,medspa,,0
Hudson Valley Longevity Medicine,flagcdn.com,,,,no_email,https://flagcdn.com,vendor,,0
Flawless Aesthetics,flawlessmiami.as.me,,,,no_email,https://flawlessmiami.as.me,medspa,,0
Float Norfolk,floatnorfolk.com,,,,no_email,https://floatnorfolk.com,vendor,,0
Pure Wellness,flourishhormonereplacement.com,,,yes,no_email,https://flourishhormonereplacement.com,medspa,"semaglutide, tirzepatide",6
FLOW Massage & Bodywork,flowbodywork.net,flowmnb@gmail.com,flowmnb@gmail.com,yes,no_peptides,https://flowbodywork.net/contact,medspa,,0
4Ever Young Med Spa & Wellness Center,flower-mound-highlands-ranch.thedripbar.com,,,,no_email,,vendor,,0
Fluent SkinSpa (formerly SkinBoss),fluent.skin,,,yes,no_email,https://fluent.skin,medspa,,0
LuxeMD,fmdluxe.us,,,,unreachable,,,,
Hydrate IV Bar,fortcollins.hydrateivbar.com,,,,no_email,,vendor,,0
For The Beauty Aesthetics,forthebeautyaesthetics.com,,,,unreachable,,,,
Post Surgery Aesthetics,fortwaynepsa.com,,,yes,no_email,https://fortwaynepsa.com,medspa,,0
ZenFinity Massage & Bodywork/tibet (pass),fountainwellnessclinic.com,,,,no_email,https://fountainwellnessclinic.com,medspa,,0
Fresh Faces Skincare,freshfacesskincare.com,impallari@gmail.com,impallari@gmail.com; freshfacesskincare2020@gmail.com,yes,no_peptides,https://freshfacesskincare.com,vendor,,0
Fresh Start Aesthetics Med Spa,freshstartaesthetics.com,,,yes,no_email,https://freshstartaesthetics.com,medspa,,1
Functional Massage,functionalmassage.co,functionalmassageclinic@gmail.com,functionalmassageclinic@gmail.com,yes,no_peptides,https://functionalmassage.co,medspa,,0
Gables Med Spa,gablesmedspa.com,,,yes,no_email,https://gablesmedspa.com,medspa,"semaglutide, tirzepatide, sermorelin, glutathione",7
Gangnam Medical Spa,gangnamspallc.com,,,,no_email,,vendor,,0
Strata Spa at Garden of the Gods Resort,gardenofthegodsresort.com,,,,no_email,,vendor,,0
Genesis Lifestyle Medicine,genesislifestylemedicine.com,,,yes,no_email,https://genesislifestylemedicine.com,medspa,semaglutide,3
Girley Bell's Cosmetics & Spa,girleybells.com,impallari@gmail.com,impallari@gmail.com; aprilbeaufort@aol.com; girleybells@gmail.com,yes,no_peptides,https://girleybells.com,medspa,,0
Glam Nurse Skin Spa,glamnurseskinspa.com,,,yes,no_email,https://glamnurseskinspa.com,vendor,,0
Glamour and Grace Day Spa,glamourandgracedayspa.com,info@glamourandgracedayspa.com,info@glamourandgracedayspa.com,yes,no_peptides,https://glamourandgracedayspa.com,vendor,,0
Skin Bar MedSpa,glamourmemedspa.com,info@glamourmemedspa.com,glamourmemedspa@gmail.com; info@glamourmemedspa.com; %20info@glamourmemedspa.com,yes,no_peptides,https://glamourmemedspa.com,medspa,,0
Glitz & Glam Esthetics,glitzandglamesthetics.glossgenius.com,,,yes,no_email,https://glitzandglamesthetics.glossgenius.com,medspa,semaglutide,3
Sophelina Health,glorifiedbodyspa.com,,,,no_email,,vendor,,0
GLOSS Rx Modern Health and Wellness,glossrxkc.com,,,yes,no_email,https://glossrxkc.com,medspa,nad+,5
Gloss Salon & Day Spa,glosssalon.com,info@glosssalon.com,info@glosssalon.com; booking@glosssalon.com,yes,no_peptides,https://glosssalon.com,medspa,,0
Glo Sun Spa,glosunspa.com,,,yes,no_email,https://glosunspa.com,vendor,,0
GloUp Medical Spa,gloupspa.com,,,yes,no_email,https://gloupspa.com,medspa,,0
GB Aesthetics Miami,glowbae.com,gbaestheticsmiami@gmail.com,gbaestheticsmiami@gmail.com,yes,no_peptides,https://glowbae.com,medspa,,0
Glowing Aesthetics Med Spa,glowingaesthetics.com,,,,unreachable,,,,
Glow,glowstudioma.glossgenius.com,glowwestfield@gmail.com,glowwestfield@gmail.com,yes,no_peptides,https://glowstudioma.glossgenius.com,vendor,,0
Advanced TRT Clinic,gnammaspa.com,gnammaspa@gmail.com,gnammaspa@gmail.com,yes,no_peptides,https://gnammaspa.com,vendor,,0
DeLo Beauty Company,go.delobeautycompany.com,,,,no_email,https://go.delobeautycompany.com,medspa,,0
Goddess Aesthetic Med Spa & Wellness,goddessaesthetic.co,info@goddessaesthetic.co,info@goddessaesthetic.co,yes,no_peptides,https://goddessaesthetic.co,medspa,,0
Gorin Plastic Surgery and Med Spa,gorinplasticsurgery.com,,,yes,no_email,https://gorinplasticsurgery.com,medspa,,0
Vida-Flo,govidaflo.com,,,yes,no_email,https://govidaflo.com,medspa,nad+,3
Alloura Med Spa,grandpearlspa.com,,,yes,no_email,https://grandpearlspa.com,medspa,GLP-1 weight loss peptides,3
Great Face & Body,greatfaceandbody.com,,,,unreachable,,,,
Sara Stone L.M.T.,greshammedicalmassage.com,,,yes,no_email,https://greshammedicalmassage.com,medspa,,0
Grove Fitness Club & Spa,grovefitness-spa.com,,,yes,no_email,https://grovefitness-spa.com,medspa,,0
Touch of Elegance Hair Restoration Center,hairrestorationcenter.org,telegancesalon80@gmail.com,telegancesalon80@gmail.com,yes,no_peptides,https://hairrestorationcenter.org,vendor,,0
Hand & Stone Massage and Facial Spa,handandstone.com,,,,no_email,https://handandstone.com,medspa,,0
Haus of Aesthetics Provo,hausofaestheticsslc.com,,,,no_email,,vendor,,0
Haute Healing Oasis,hautehealingoasis.com,info@hautehealingoasis.com,info@hautehealingoasis.com; jessica@hautehealingoasis.com,yes,no_peptides,https://hautehealingoasis.com,vendor,,0
Hayes St. Med Spa,hayesstmedspa.com,,,,no_email,,vendor,,0
HD Esthetics,hdestheticshop.com,hello@hdestheticshop.com,hello@hdestheticshop.com,yes,no_peptides,https://hdestheticshop.com,medspa,,0
Healthy Complexions Spa by Western New York Dermatology,healthycomplexionsspa.com,info@healthycomplexionsspa.com,info@healthycomplexionsspa.com,yes,no_peptides,https://healthycomplexionsspa.com,medspa,,0
Heaven Hair Gallery Salon,heavenhairgallerysalon.com,heavenhairgallerysalon@gmail.com,heavenhairgallerysalon@gmail.com,yes,no_peptides,https://heavenhairgallerysalon.com,vendor,,0
Heidi Lane Esthetics Boise Bench Spa,heidilaneesthetics.com,heidi@heidilaneesthetics.com,heidi@heidilaneesthetics.com,yes,no_peptides,https://heidilaneesthetics.com,vendor,,0
Heidi Phifer Skin Lash Brow,heidiphiferesthetics.com,heidi@heidiphiferesthetics.com,heidi@heidiphiferesthetics.com,yes,no_peptides,https://heidiphiferesthetics.com,medspa,,0
Helens Nail Salon,helensnailsalon.com,,,yes,no_email,https://helensnailsalon.com,vendor,,0
Climax Aesthetic Surgery,helloclimax.com,,,yes,no_email,https://helloclimax.com,medspa,GLP-1 weight loss peptides,7
Holistic Elegance,hemedicalaesthetics.com,,,yes,no_email,https://hemedicalaesthetics.com,medspa,,0
He Sapa Studio,hesapastudio.com,hesapamassagestudio@gmail.com,hesapamassagestudio@gmail.com,yes,no_peptides,https://hesapastudio.com,medspa,,0
Hetep Retreat Spa,hetepretreat.com,hetepretreat@gmail.com,hetepretreat@gmail.com,yes,no_peptides,https://hetepretreat.com,vendor,,0
Hibernate Day Spa,hibernatedayspa.com,,,yes,no_email,https://hibernatedayspa.com,vendor,,0
High & Tight Gentleman's Salon,highandtightsalon.com,high.tight.cut@gmail.com,high.tight.cut@gmail.com,yes,no_peptides,https://highandtightsalon.com,vendor,,0
Highland Bodyworks & Selkie Skincare,highlandbodyworks.com,highlandbodyworks@hotmail.com,highlandbodyworks@hotmail.com,yes,no_peptides,https://highlandbodyworks.com,vendor,,0
Holistic Medical and Counseling,holistic-inc.com,,,yes,no_email,https://holistic-inc.com,medspa,"semaglutide, tirzepatide, glutathione",11
Holistic Healing Massage LLC,holistichealingmassage.biz,,,yes,no_email,https://holistichealingmassage.biz,vendor,,0
The Honey Pot Facial Spa ( by appointment only),honeypothilo.com,nwaxingsrita@gmail.com,nwaxingsrita@gmail.com,,no_peptides,,vendor,,0
Khlāi Medical Wellness & Aesthetics,honoluluspaandwellness.com,aloha@honoluluspaandwellness.com,aloha@honoluluspaandwellness.com,yes,no_peptides,https://honoluluspaandwellness.com,medspa,,0
Honu You Hawaiian Spa,honuyou.com,aloha@honuyou.com,aloha@honuyou.com,yes,no_peptides,https://honuyou.com,vendor,,0
The Hormone Center,hormonecenter.net,,,,no_email,,vendor,,0
Advanced Integrative Medicine,hormonehealthandweightloss.com,support@hormonehealthandweightloss.com,support@hormonehealthandweightloss.com,,no_us_signal,https://hormonehealthandweightloss.com,medspa,GLP-1 weight loss peptides,6
Spa at Chaco,hotelchaco.com,,,yes,no_email,https://hotelchaco.com,vendor,,0
Hourglass Aesthetics & Wellness,hourglasslex.com,,,,no_email,,vendor,,0
Her Place Med Spa,hpbrows.com,,,yes,no_email,https://hpbrows.com,medspa,,0
HOTWAX Delaware,hwwax.com,,,yes,no_email,https://hwwax.com,medspa,,0
Alluvia Spa,hyattexperiences.com,,,,no_email,https://hyattexperiences.com,vendor,,0
Hydralive Therapy Columbus,hydralivetherapy.com,,,yes,no_email,https://hydralivetherapy.com,medspa,"nad+, ipamorelin, sermorelin, tesamorelin, mots-c, ghk-cu",13
Icebox Cryotherapy Midtown,iceboxtherapy.com,,,,no_email,https://iceboxtherapy.com,vendor,GLP-1 weight loss peptides,3
Capital Skin Medical Spa,icryo.com,,,yes,no_email,https://icryo.com,medspa,nad+,6
Ideal Image Madison,idealimage.com,,,,no_email,https://idealimage.com,vendor,,0
Idaho Med Spa,idmedspa.com,,,yes,no_email,https://idmedspa.com,medspa,GLP-1 weight loss peptides,6
iLash Company,ilashco.glossgenius.com,manahlyn@gmail.com,manahlyn@gmail.com,yes,no_peptides,https://ilashco.glossgenius.com,vendor,,0
Illuminate Beauty Boutique,illuminatebeautyboutique.com,hello@illuminatebeautyboutique.com,hello@illuminatebeautyboutique.com,yes,no_peptides,https://illuminatebeautyboutique.com,medspa,,0
Illusion,illusionspa.skincaretherapy.info,,,,unreachable,,,,
Image Surgical Arts,imagesurgicalarts.com,,,,no_email,https://imagesurgicalarts.com,medspa,glutathione,3
Indiana Skin Care,indianaskincare.com,hello@indianaskincare.com,hello@indianaskincare.com,yes,no_peptides,https://indianaskincare.com,medspa,,0
Indie RX,indierx.co,,,yes,no_email,https://indierx.co,medspa,,0
Indira Spa & Wellness,indiraspawellness.com,,,yes,no_email,https://indiraspawellness.com,vendor,,0
Infinite Medical Spa,infinitemedispa.com,,,yes,no_email,https://infinitemedispa.com,medspa,,1
Inner Radiance Aesthetics and Wellness Spa,innerradiancewv.com,sharon.rynard@gmail.com,sharon.rynard@gmail.com,yes,no_peptides,https://innerradiancewv.com,medspa,,0
Intuition Spa & Wellness,intuitionspa716.com,,,yes,no_email,https://intuitionspa716.com,vendor,,0
Intu Med Spa,intumedspa.com,,,yes,no_email,https://intumedspa.com,medspa,"semaglutide, tirzepatide",11
InVita Health and Wellness,invitahealthandwellness.com,,,yes,no_email,https://invitahealthandwellness.com,medspa,semaglutide,2
Iowa Recovery Room,iowarecoveryroom.com,patrick@iowarecoveryroom.com,patrick@iowarecoveryroom.com,yes,no_peptides,https://iowarecoveryroom.com,vendor,,0
Project Glammers,irenegladsteinmd.com,,,yes,no_email,https://irenegladsteinmd.com,medspa,"retatrutide, bpc-157, thymosin alpha-1, nad+, mots-c, ghk-cu",9
Isabella Medical Beauty,isabellamedicalbeautyspa.com,,,yes,no_email,https://isabellamedicalbeautyspa.com,medspa,,2
Island Spa & Sauna,islandspasauna.com,info@islandspasauna.com,info@islandspasauna.com,yes,no_peptides,https://islandspasauna.com,vendor,,0
Med spa beautyfizz,itstheperfectsecret.com,admin@itstheperfectsecret.com,admin@itstheperfectsecret.com,yes,no_peptides,https://itstheperfectsecret.com,medspa,,0
IV Nutrition,ivnutrition.com,,,,no_email,https://ivnutrition.com,medspa,"semaglutide, tirzepatide, nad+, sermorelin, pt-141, glutathione",12
Ivy Spa & Wellness,ivyspawellness901.com,,,,unreachable,,,,
Jack + Jill Aesthetics,jackjillaesthetics.com,,,yes,no_email,https://jackjillaesthetics.com,medspa,GLP-1 weight loss peptides,4
J. Alexandra's Studios,jalexandrasstudios.as.me,,,,no_email,https://jalexandrasstudios.as.me,vendor,,0
JF Aesthetics,jfaesthetics1.myaestheticrecord.com,,,,no_email,https://jfaesthetics1.myaestheticrecord.com,medspa,,0
"Jill Chadwick, LLC",jillchadwickllc.glossgenius.com,jcskin2019@gmail.com,jcskin2019@gmail.com,yes,no_peptides,https://jillchadwickllc.glossgenius.com,vendor,,0
"Joyful Living Aesthetics and Regenerative Medicine, LLC",joyfulliving808.com,,,,no_email,,vendor,,0
Juniper Face + Figure,juniperfaceandfigure.com,,,yes,no_email,https://juniperfaceandfigure.com,medspa,,0
JustMelt MedSpa,justmelt.com,,,,unreachable,,,,
Juut Salonspa,juut.com,info@juut.com,info@juut.com,yes,no_peptides,https://juut.com,vendor,,0
K. Esthetics,k-esthetics.square.site,nk.esthetics1@gmail.com,nk.esthetics1@gmail.com,,no_peptides,,vendor,,0
Kainos Aesthetics,kainosaesthetics.com,,,,no_email,https://kainosaesthetics.com,medspa,,0
Kallos Wellness Medical Spa,kallos-medspa.com,kallosmedicalspaonline@gmail.com,kallosmedicalspaonline@gmail.com,yes,already known,https://kallos-medspa.com,medspa,"semaglutide, tirzepatide, glutathione",4
KÅLLOS: A Beauty Studio,kallosabeautystudio.com,,,yes,no_email,https://kallosabeautystudio.com,medspa,GLP-1 weight loss peptides,2
K & K Nails Spa,kandknailsspa.com,,,yes,no_email,https://kandknailsspa.com,vendor,,0
Skin pHix Med Spa,kassiehall.glossgenius.com,kassiehallesthetics@gmail.com,kassiehallesthetics@gmail.com,yes,no_peptides,https://kassiehall.glossgenius.com,vendor,,0
Guglielmo Aesthetics,katherineguglielmo.glossgenius.com,,,yes,no_email,https://katherineguglielmo.glossgenius.com,medspa,,0
Kat Slack Beauty LLC,katslackbeauty.glossgenius.com,,,yes,no_email,https://katslackbeauty.glossgenius.com,vendor,,0
KC Health Solutions,kchealthsolutions.com,,,yes,no_email,https://kchealthsolutions.com,medspa,GLP-1 weight loss peptides,3
"Brows N' Beauty Lounge, Keene NH",keenebrowsnbeautylounge.com,,,yes,no_email,https://keenebrowsnbeautylounge.com,vendor,,0
Keene Massage Therapy,keenemassagetherapy.com,,,,unreachable,,,,
Ke'Samoir Beauty & Wellness Spa,kesamoir.com,,,yes,no_email,https://kesamoir.com,medspa,,0
Luxe Rejuvena Aesthetics and Wellness,kirbyacupuncture.com,kirbyacupuncture@gmail.com,kirbyacupuncture@gmail.com,yes,no_peptides,https://kirbyacupuncture.com,medspa,,0
Kneaded Relief Day Spa & Wellness,kneadedreliefdayspa.com,info@kneadedreliefdayspa.com,info@kneadedreliefdayspa.com,yes,no_peptides,https://kneadedreliefdayspa.com,medspa,,0
Komal Aesthetics & Wellness,komalaestheticsandwellness.com,,,,no_email,,vendor,,0
Ko'olau Clinic,koolauclinic.com,beauty@koolauclinic.com,beauty@koolauclinic.com,,no_peptides,https://koolauclinic.com,medspa,,0
Landis Plastic Surgery,landisplasticsurgery.com,,,yes,no_email,https://landisplasticsurgery.com,medspa,,0
Lara's Therapeutic Massage,larastherapeuticmassage.com,larareinecke@gmail.com,larareinecke@gmail.com,yes,no_peptides,https://larastherapeuticmassage.com,vendor,,0
Youthful Theory,larimarmed.com,,,,no_email,https://larimarmed.com,vendor,,0
Laser Derm Med Spa,laser-derm.com,,,,no_email,,vendor,,0
LASER DERM MED SPA,laserderm.co,,,,no_email,https://laserderm.co,medspa,,0
Lasting SkinSolutions,lastingskinsolutions.com,,,yes,no_email,https://lastingskinsolutions.com,medspa,GLP-1 weight loss peptides,5
lavan med spa,lavanmedspa.com,info@lavanmedspa.com,info@lavanmedspa.com,yes,no_peptides,https://lavanmedspa.com,medspa,,0
La Vie MedSpa,laviemedspamn.com,,,,no_email,,vendor,,0
Pink Medspa,lees-summit-summit-fair.thedripbar.com,,,,no_email,,vendor,,0
Plush Aesthetics Spa & Wellness,leskinmedspa.com,,,,no_email,https://leskinmedspa.com,vendor,,0
LE SPA,lespamadison.com,marie@lespamadison.com,marie@lespamadison.com,yes,no_peptides,https://lespamadison.com,vendor,,0
Woodhouse Spa,lexington.woodhousespas.com,,,,no_email,,vendor,,0
Lexington Spa & Lounge,lexingtonspalounge.com,info@lexingtonspalounge.com,info@lexingtonspalounge.com,yes,no_peptides,https://lexingtonspalounge.com,vendor,,0
LifeMed Institute,lifemedinstitute.com,,,yes,no_email,https://lifemedinstitute.com,medspa,"nad+, glutathione",10
The Lift Bar Medspa,liftbotoxbar.com,,,yes,no_email,https://liftbotoxbar.com,medspa,GLP-1 weight loss peptides,7
Live Laser Med Spa,livelasermedspa.com,,,yes,no_email,https://livelasermedspa.com,medspa,,0
"Cindi Marquette, MD",livewellmd.net,,,,no_email,https://livewellmd.net,medspa,,0
Living Well,livingwellaesthetics.com,,,yes,no_email,https://livingwellaesthetics.com,medspa,,3
The Spa at Living Well Medical Center,livingwelllookinggood.com,,,yes,no_email,https://livingwelllookinggood.com,medspa,,1
LM Esthetics,lmestheticsme.com,,,,unreachable,,,,
Physicians Weight Clinic,locations.livehydrationspa.com,compliance@livehydrationspa.com,compliance@livehydrationspa.com,yes,already known,https://locations.livehydrationspa.com,medspa,,1
Massage Envy,locations.massageenvy.com,,,,no_email,https://locations.massageenvy.com,medspa,,0
Lomilomi Hana Lima Day Spa,lomilomihanalima.com,lomilomihanalima@gmail.com,lomilomihanalima@gmail.com,yes,no_peptides,https://lomilomihanalima.com,medspa,,0
Cutler Integrative Medicine,longevityhealthinstituteinc.com,,,,no_email,https://longevityhealthinstituteinc.com,medspa,,3
Method Health,longvillewellness.info,drleonie@longvillewellness.info,drleonie@longvillewellness.info; u003edrleonie@longvillewellness.info,yes,no_peptides,https://longvillewellness.info,medspa,,0
Looks Salon and Spa,looksllc.com,info@looksllc.com,info@looksllc.com,yes,no_peptides,https://looksllc.com,medspa,,0
Presidential IV Hydration,lotuslabclinic.com,,,,no_email,https://lotuslabclinic.com,medspa,,0
Lotus Massage,lotusmassagenwa.com,lotusmassagefayetteville@gmail.com,lotusmassagefayetteville@gmail.com,yes,no_peptides,https://lotusmassagenwa.com,medspa,,0
LOURE Aesthetics & Wellness®️,loureaesthetics.com,loureaesthetics@yahoo.com,loureaesthetics@yahoo.com,yes,already known,https://loureaesthetics.com,medspa,"semaglutide, tirzepatide",12
Lovely Skin Medical Aesthetics and Wellness Center,lovelyskinaesthetics.com,lovelyskin.medicalaesthetics@gmail.com,lovelyskin.medicalaesthetics@gmail.com,yes,already known,https://lovelyskinaesthetics.com,medspa,semaglutide,2
OptimalSelf MD,lowcountrymale.com,,,yes,no_email,https://lowcountrymale.com,medspa,"semaglutide, tirzepatide, nad+, sermorelin",15
Low T Center,lowtcenter.com,,,yes,no_email,https://lowtcenter.com,medspa,"semaglutide, tirzepatide, nad+, sermorelin, pt-141",15
"STL Hydration, LLC",lucernafmllc.com,,,yes,no_email,https://lucernafmllc.com,medspa,,0
Luma Skin Clinics,lumaskinclinics.com,,,yes,no_email,https://lumaskinclinics.com,medspa,,0
Luminare Aesthetics & Wellness,luminarekc.com,,,yes,no_email,https://luminarekc.com,medspa,"bpc-157, nad+, ipamorelin, sermorelin, cjc-1295, glutathione",13
Luminous Skincare Studio,luminousskincarestudiome.com,,,,unreachable,,,,
Luna Float Spa & Salt Cave,lunafloatspa.com,,,,unreachable,,,,
LunaSol Med Spa,lunasolmedspa.com,,,yes,no_email,https://lunasolmedspa.com,medspa,,0
The Place For Guys,luxeaestheticsurgery.com,,,,no_email,,vendor,,0
Lux & Lav Aesthetics,luxnlavishesthetics.com,,,,no_email,https://luxnlavishesthetics.com,medspa,,0
Medspa Institute of America,luxurylaseredu.com,,,yes,no_email,https://luxurylaseredu.com,medspa,,0
LUXUS Aesthetics + Wellness Colorado,luxusaestheticscolorado.com,,,yes,no_email,https://luxusaestheticscolorado.com,medspa,"bpc-157, nad+, ghk-cu",12
Livewell Medical Clinic,macombmedicalwellness.com,,,yes,no_email,https://macombmedicalwellness.com,vendor,"glutathione, semaglutide",5
Magic Mirror Medspa,magicmirrormed.com,info@magicmirrormed.com,info@magicmirrormed.com,yes,no_peptides,https://magicmirrormed.com,medspa,,0
Mahinakealo Dermatology,mahinakealo.com,mahinakealofrontdesk@gmail.com,mahinakealofrontdesk@gmail.com; mahinakealokamuela@gmail.com,yes,no_peptides,https://mahinakealo.com,medspa,,0
"Mahogany Oasis Asethetics & Wellness, LLC",mahoganyoasis.com,,,,unreachable,,,,
Massage Doc,massage-doc.com,massagedoc8@gmail.com,massagedoc8@gmail.com,yes,no_peptides,https://massage-doc.com,medspa,,0
Wild Flower Healing Arts _ Pamela Sabin_Massage Iowa City,massage-iowa-city.com,,,yes,no_email,https://massage-iowa-city.com,vendor,,0
Massage 1 by A Touch of Las Vegas Spa,massage1byatouchoflasvegasspa.com,impallari@gmail.com,impallari@gmail.com,yes,no_peptides,https://massage1byatouchoflasvegasspa.com,vendor,,0
Massage Associates,massageassociatesmd.com,info@massageassociatesmd.com,info@massageassociatesmd.com,yes,no_peptides,https://massageassociatesmd.com,vendor,,0
Glow Up Beauty & Wellness,massagebook.com,,,,no_email,https://massagebook.com,medspa,,0
Massage Works Therapy & Spa North,massageworksfw.com,office@massageworksfw.com,office@massageworksfw.com,yes,no_peptides,https://massageworksfw.com,vendor,,0
Maui Beauty Lab,mauibeautylab.com,,,,unreachable,,,,
MD Laser and Med Spa,mdlaserspa.us,,,,no_email,https://mdlaserspa.us,vendor,,0
Medical Ink,medical-ink.net,,,,no_email,https://medical-ink.net,vendor,,0
Medical Massage Pro,medical-massage.pro,medicalmassagedelaware@gmail.com,medicalmassagedelaware@gmail.com,,no_peptides,https://medical-massage.pro,vendor,,0
Medical Spa Buffalo,medicalspabuffalo.com,,,,unreachable,,,,
Vitality Health of NKY,medimorph.com,info@medimorph.com,info@medimorph.com,,no_peptides,https://medimorph.com,medspa,,0
Blair Necessities,medspaalbuquerque.com,,,yes,no_email,https://medspaalbuquerque.com,medspa,"semaglutide, tirzepatide",4
MedSpa VIP,medspavip.com,,,,no_email,https://medspavip.com,vendor,,0
Med Therapy & Spa Inc. Botox/ Fillers/ Weight Loss/ Laser Hair Removal,medtherapyspa.com,impallari@gmail.com,impallari@gmail.com; medtherapyspa@gmail.com,yes,already known,https://medtherapyspa.com,medspa,GLP-1 weight loss peptides,6
MèliAura Spa,meliauraspa.com,,,yes,no_email,https://meliauraspa.com,medspa,,0
Meraki Aesthetic Bar,merakiaestheticbar.com,merakiaestheticbar@gmail.com,merakiaestheticbar@gmail.com,yes,already known,https://merakiaestheticbar.com,medspa,"semaglutide, tirzepatide, glutathione",3
"Ann C Zedlitz, MD",metaglow.com,,,,unreachable,,,,
Metanoia Cryo & Massage,metanoiawv.com,,,yes,no_email,https://metanoiawv.com,vendor,,0
Metta Healing Arts and Wellness,mettavt.com,,,,unreachable,,,,
Mighty Hydration Therapy,mightyhydrationtherapy.com,,,,unreachable,,,,
"Mind, Body & Skin",mindbodyandskin.com,jenna@mindbodyandskin.com,jenna@mindbodyandskin.com,yes,no_peptides,https://mindbodyandskin.com,vendor,,0
Mindful Counseling and Massage,mindfulcounselingandmassage.com,adumeer@gmail.com,adumeer@gmail.com,yes,no_peptides,https://mindfulcounselingandmassage.com,vendor,,0
Mirror Mirror,mirrormirrorvt.com,,,yes,no_email,https://mirrormirrorvt.com,vendor,,0
Minnesota Aesthetic Center,mnaestheticcenter.com,info@mnaestheticcenter.com,info@mnaestheticcenter.com,yes,no_peptides,https://mnaestheticcenter.com,medspa,,0
Moda Suo Studio,modasuo.com,,,,no_email,https://modasuo.com,vendor,,0
Modern Halo,modernhalo.com,,,yes,no_email,https://modernhalo.com,vendor,,0
Harmony Clinic: Respirator FIT testing,momentuminjury.com,,,yes,no_email,https://momentuminjury.com,medspa,"bpc-157, tb-500, thymosin beta-4",8
Moon In Leo,moonin-leo.com,,,,no_email,,vendor,,0
The Brow Room and Laser Lounge,morethanjustbrows.com,,,yes,no_email,https://morethanjustbrows.com,medspa,,0
Morgan Ford Massage & Spa,morganfordspas.com,,,yes,no_email,https://morganfordspas.com,vendor,,0
Mountain Momma Spa,mountainmommaspa.com,,,yes,no_email,https://mountainmommaspa.com,medspa,,0
Mudita Massage & Wellness,mudita.live,,,yes,no_email,https://mudita.live,vendor,,0
MW Esthetics,mwestheticsvt.com,,,,unreachable,,,,
"Professional Facials & Skin Treatments in Albuquerque, NM",my-spa-day.square.site,,,,no_email,https://my-spa-day.square.site,vendor,,0
Ageless Glow NWA LLC,myagelessglow.glossgenius.com,,,,no_email,https://myagelessglow.glossgenius.com,medspa,GLP-1 weight loss peptides,2
Aqua Massage,myaquamassage.com,,,,unreachable,,,,
Body Logic Massage,mybodylogic.com,relax@mybodylogic.com,relax@mybodylogic.com; rachel@mybodylogic.com,yes,no_peptides,https://mybodylogic.com,vendor,,0
Bodyology Therapeutic Massage,mybodyologymassage.com,hello@mybodyologymassage.com,hello@mybodyologymassage.com,yes,no_peptides,https://mybodyologymassage.com,vendor,,0
Body Enhancement Med Spa NOW Skin Like A Pearl,mychapter.com,,,yes,no_email,https://mychapter.com,medspa,,0
iThriveMD,myhothaven.com,support@myhothaven.com,sweat@myhothaven.com; support@myhothaven.com; jenica@myhothaven.com; sean@myhothaven.com,yes,no_peptides,https://myhothaven.com,vendor,,0
Dr. Clayton L. Moliver,myhprs.com,,,yes,no_email,https://myhprs.com,medspa,,0
St. Louis Salt Room,mysaltspa.com,info@mysaltspa.com,stlsaltroom@yahoo.com; info@mysaltspa.com,yes,no_peptides,https://mysaltspa.com,vendor,,0
Lyfe Aesthetics & MedSpa,mytrimmd.com,,,,no_email,,vendor,,0
Naked alchemy,nakedalchemysc.com,,,,unreachable,,,,
Nakita Aesthetics,nakitaaesthetics.com,hello@nakitaaesthetics.com,hello@nakitaaesthetics.com,yes,no_peptides,https://nakitaaesthetics.com,medspa,,0
Nashville Plastic Surgery,nashvilleplasticsurgery.com,,,yes,no_email,https://nashvilleplasticsurgery.com,medspa,,0
Siragusa Vein and Laser,nashvilleveincenter.com,,,yes,no_email,https://nashvilleveincenter.com,medspa,,0
Natural Massotherapy,naturalmassotherapy.com,impallari@gmail.com,impallari@gmail.com,yes,no_peptides,https://naturalmassotherapy.com/about,vendor,,0
Natural Utopia Aesthetics & Medspa,naturalutopiaaesthetics.com,,,,unreachable,,,,
Natura Skin Boutique,naturaskinboutique.com,naturaskinboutique@gmail.com,naturaskinboutique@gmail.com,,no_peptides,https://naturaskinboutique.com,vendor,,0
Advanced Integrative Medicine: Kalpesh Patel MD,naturopathybyleend.com,seedrlee123@gmail.com,seedrlee123@gmail.com; naturopathybylee@gmail.com,yes,no_peptides,https://naturopathybyleend.com,vendor,,0
Transcendence Salon & MedSpa,nebraskasalon.com,,,yes,no_email,https://nebraskasalon.com,medspa,,0
Nectar Skin Studio,nectarskinstudio.com,nectarskinstudio@gmail.com,nectarskinstudio@gmail.com,,no_peptides,https://nectarskinstudio.com,vendor,,0
Neo Face and Body Aesthetics,neocosmeticspa.com,neospainquiries@gmail.com,neospainquiries@gmail.com,yes,no_peptides,https://neocosmeticspa.com,medspa,,0
NeuLogics Wellness and Medical Spa,neulogics.org,,,,unreachable,,,,
New Health Kansas,newhealthkansas.com,,,yes,no_email,https://newhealthkansas.com,medspa,semaglutide,8
Firm MD,newport-goddard-row.thedripbar.com,,,,no_email,,vendor,,0
Temescal Wellness: Keene Dispensary,nh.temescalwellness.org,,,yes,no_email,https://nh.temescalwellness.org,medspa,,0
SkinLab by NicholsMD,nicholsmdskinlab.com,,,yes,no_email,https://nicholsmdskinlab.com,medspa,,1
NidaMedspa,nidamedspa.com,info@nidamedspa.com,info@nidamedspa.com,yes,no_peptides,https://nidamedspa.com,medspa,,0
Ninoska Ramsey Skin Care,ninoskaramseyskincare.square.site,ninoskaramsey@gmail.com,ninoskaramsey@gmail.com,,no_peptides,https://ninoskaramseyskincare.square.site,vendor,,0
Medical Laser & Skin Rejuvenation Center,njmedicallaser.com,,,yes,no_email,https://njmedicallaser.com,medspa,,0
Northern Lights Beauty And Health,northernlightsbeautyandhealth.com,,,,unreachable,,,,
North Ridge MedSpa,northridgemedspa.com,info@northridgemedspa.com,info@northridgemedspa.com,yes,no_peptides,https://northridgemedspa.com,medspa,,0
"Nourishing Journey, LLC",nourishing-journey.com,,,yes,no_email,https://nourishing-journey.com,vendor,,0
Nova Lush Aesthetics,novalushaesthetics.com,,,yes,no_email,https://novalushaesthetics.com,medspa,,0
Novaskin Med Spa & Laser Center,novaskinmedspa.com,novaskinaesthetic@gmail.com,novaskinaesthetic@gmail.com; info.novamedspa@gmail.com,yes,already known,https://novaskinmedspa.com,medspa,nad+,2
NuNail,nunail.com,,,,no_email,,vendor,,0
NuWave Spa,nuwavespa.com,,,,no_email,,vendor,,0
S.P.A.,oceanmedispa.com,info@oceanmedispa.com,info@oceanmedispa.com,yes,no_peptides,https://oceanmedispa.com,medspa,,0
Ohm Med Spa,ohmmedspa.com,drjocha@ohmmedspa.com,drjocha@ohmmedspa.com,yes,no_peptides,https://ohmmedspa.com,medspa,,0
Ojas Massage and Skin Care Columbia,ojaswellness.com,,,,no_email,,vendor,,0
OmaBody,omabody.com,info@omabody.com,info@omabody.com,yes,no_peptides,https://omabody.com,vendor,,0
OM MANTRA SPA,ommantraspa.com,holistic.wellness@ommantraspa.com,holistic.wellness@ommantraspa.com,yes,no_peptides,https://ommantraspa.com,medspa,,0
Omni Massage & Beauty Bar,omnimassageandbeautybar.com,omnimassageandbeautybar@gmail.com,omnimassageandbeautybar@gmail.com,yes,no_peptides,https://omnimassageandbeautybar.com,vendor,,0
Onus IV & Longevity,onusiv.com,,,,no_email,https://onusiv.com,medspa,"nad+, sermorelin, ghk-cu, glutathione",13
Optimal Health Family Practice & Medspa,optimalhealthfamilypractice.com,,,yes,no_email,https://optimalhealthfamilypractice.com,medspa,GLP-1 weight loss peptides,3
SoCal Wellness,optimizeucenters.com,,,,no_email,https://optimizeucenters.com,medspa,"semaglutide, tirzepatide, liraglutide, sermorelin, tesamorelin, pt-141",18
Mobile IV of the Treasure Coast,optimumwh.com,,,,no_email,https://optimumwh.com,vendor,,0
Self-Centered Detox & Rejuvenation Spa,optimyze.me,,,,no_email,,vendor,,0
Oregon Laser & Wellness Center,oregonlasernwellness.com,oregonlasernwellnesscenter@gmail.com,oregonlasernwellnesscenter@gmail.com,yes,no_peptides,https://oregonlasernwellness.com,medspa,,0
Medloft Spa,osteostronghsv.com,getstrong@osteostronghsv.com,getstrong@osteostronghsv.com,yes,no_peptides,https://osteostronghsv.com,vendor,,0
Sanctuary Wellness Weight Loss Clinic,other23wellness.com,,,yes,no_email,https://other23wellness.com,medspa,"semaglutide, tirzepatide",6
Ozark Holistic Center,ozarkholisticcenter.com,,,,no_email,https://ozarkholisticcenter.com,vendor,,0
Palm Beach Tan,palmbeachtan.com,jane1234@gmail.com,jane1234@gmail.com,,no_peptides,https://palmbeachtan.com,vendor,,0
Palmer Skin,palmerskin.com,info@palmerskin.com,info@palmerskin.com; numen-lumen@outlook.com; michaeltaylorskin@gmail.com,yes,no_peptides,https://palmerskin.com,medspa,,0
Pampered Bodies Day Spa,pamperedbodies.com,,,,no_email,https://pamperedbodies.com,medspa,,0
The MedSpa San Diego,parkmedspa.com,,,,unreachable,,,,
Peak IV Infusion and Wellness,peakinfusion.org,,,yes,no_email,https://peakinfusion.org,medspa,nad+,3
AIH Aesthetics & Wellness,pelonicaesthetics.com,,,yes,no_email,https://pelonicaesthetics.com,medspa,,0
Pembroke Day Spa (Asian Massage),pembrokedayspa.com,impallari@gmail.com,impallari@gmail.com; sherrydoramassage@gmail.com,yes,no_peptides,https://pembrokedayspa.com,vendor,,0
Permanent Make-up Med Spa Fort Wayne,permanentmakeupfortwayne.com,,,,unreachable,,,,
Persona Medical Spa,personamedicalspa.com,,,yes,no_email,https://personamedicalspa.com,medspa,,2
Perspire Sauna Studio,perspiresaunastudio.com,,,,no_email,https://perspiresaunastudio.com,medspa,,0
Carmey's,petiteclinique.square.site,petitecliniquemn@gmail.com,petitecliniquemn@gmail.com,,no_peptides,https://petiteclinique.square.site,vendor,,0
Petroff Center Plastic Surgery and Medi-Spa,petroffcenter.com,,,,unreachable,,,,
phlōt,phlotgr.com,,,,no_email,,vendor,,0
Piel Bella Day Spa,pielbella.org,,,yes,no_email,https://pielbella.org,medspa,,0
Pink Mountain Wellness,pinkmountainwellness.com,,,yes,no_email,https://pinkmountainwellness.com,medspa,GLP-1 weight loss peptides,4
Piper Rose Med Spa,piperrosemedspa.com,piperrosemedspa@gmail.com,piperrosemedspa@gmail.com,yes,already known,https://piperrosemedspa.com,medspa,"semaglutide, tirzepatide, sermorelin, oxytocin",8
PJ's Day Spa,pjsdayspa.com,,,,unreachable,,,,
Port City Plastic Surgery,portcityplasticsurgery.com,,,yes,no_email,https://portcityplasticsurgery.com,medspa,GLP-1 weight loss peptides,3
"Stacy Driver, Aesthetic RN at The Nurse Stacy",portraitcare.com,,,,no_email,https://portraitcare.com,medspa,GLP-1 weight loss peptides,4
Pour Vous Healing & Restoré Spa,pourvousdayspa.com,,,,no_email,https://pourvousdayspa.com,vendor,,0
Power of Touch Beauty Bar,poweroftouchbeautybar.com,,,,no_email,https://poweroftouchbeautybar.com,vendor,,0
Premier Body and Laser,premierbodyandlaser.com,,,,no_email,,vendor,,0
Luxe Body Massage,prestigemdspa.com,,,,no_email,,vendor,,0
Pretty Medical Spa,prettymedicalspa.com,prettytanzhao@gmail.com,prettytanzhao@gmail.com,yes,no_peptides,https://prettymedicalspa.com/contact,medspa,,0
Pretty Special Medspa,prettyspecialmedspa.com,,,yes,no_email,https://prettyspecialmedspa.com,medspa,GLP-1 weight loss peptides,2
The XclusiV Body Suit Health & Holistic,primemedicalspa.com,,,,no_email,,vendor,,0
The Lash Spa NWA,prismaestheticsllc.com,,,yes,no_email,https://prismaestheticsllc.com,medspa,,3
Prism Health,prismsheridan.com,,,,no_email,https://prismsheridan.com,vendor,kpv,1
Plastic Surgery Center of Tulsa,pscoftulsa.com,,,yes,no_email,https://pscoftulsa.com,medspa,,0
Pulse IV Therapy,pulseivtherapy.com,,,,no_email,,vendor,,0
Pure Euphoria,pure-euphoria.com,,,,unreachable,,,,
Pure Beauty Esthetics LLC,purebeautyestheticsllc.square.site,,,,unreachable,,,,
Pure Chateau Wellness Medspa,purechateau.org,,,yes,no_email,https://purechateau.org,medspa,GLP-1 weight loss peptides,6
Pure Clinical Skin Care,pureclinicalskincare.com,,,yes,no_email,https://pureclinicalskincare.com,medspa,,0
Pure Cosmetics,purecosmeticsnc.com,,,yes,no_email,https://purecosmeticsnc.com,medspa,,0
PURE SKIIN,pureskiin.com,smooth@pureskiin.com,purewaxbarspokane@gmail.com; smooth@pureskiin.com,yes,no_peptides,https://pureskiin.com,medspa,,0
Purifi IV Nashville,purifinashville.com,,,yes,no_email,https://purifinashville.com,medspa,nad+,1
PUR-ONE MEDISPA,puronemedispa.com,,,yes,no_email,https://puronemedispa.com,medspa,,0
Quintana's Barber & Dream Spa,qbds.net,,,yes,no_email,https://qbds.net,medspa,,0
QC Kinetix (Kettering),qckinetix.com,,,yes,no_email,https://qckinetix.com,medspa,,1
IV Wellness Lemont,qiwellnessclinic.com,wellnessclinicqi@gmail.com,wellnessclinicqi@gmail.com,,no_peptides,https://qiwellnessclinic.com,medspa,,0
Queens Court Aesthetics,queenscourtaesthetics.com,ha.charlton@gmail.com,ha.charlton@gmail.com,yes,no_peptides,https://queenscourtaesthetics.com,medspa,,0
RADIANT a medspa,radiantamedspa.com,radiantamedspa@gmail.com,radiantamedspa@gmail.com,yes,already known,https://radiantamedspa.com,medspa,semaglutide,7
Radiant Health,radianthealthmed.com,,,yes,no_email,https://radianthealthmed.com,medspa,"bpc-157, nad+, ipamorelin, tesamorelin, mots-c, selank",17
Tint N Glow,radiantwithrebecca.com,,,yes,no_email,https://radiantwithrebecca.com,medspa,,0
Infinite Bodies NC,raleigh.theaestheticsloungeandspa.com,,,yes,no_email,https://raleigh.theaestheticsloungeandspa.com,medspa,nad+,2
AJC Medical Aesthetics,raleighajcmedical.com,,,yes,no_email,https://raleighajcmedical.com,medspa,,0
C3 Wellness Spa,raleighsh.c3wellness.com,,,,no_email,https://raleighsh.c3wellness.com,medspa,,0
Masri Clinic for Laser and Cosmetic Surgery,rapidrevivewellness.com,,,,no_email,,vendor,,0
Snatched Doll Aesthetics,rareil.com,,,,no_email,https://rareil.com,medspa,,0
Ravive Health & Vitality,ravivevitality.com,,,,no_email,https://ravivevitality.com,vendor,,0
reBell Wellness,rebellwellness.com,mollybell.aesthetics@gmail.com,mollybell.aesthetics@gmail.com,yes,no_peptides,https://rebellwellness.com,medspa,,0
Wellness & Longevity,reclaimwellnessok.com,,,,no_email,,vendor,,0
RecovaLuxe Hydration and Wellness,recovaluxe.com,,,,unreachable,,,,
Recovery Room,recoveryrm.live,,,,unreachable,,,,
Red Light Method,redlightmethod.com,franchise@redlightmethod.com,franchise@redlightmethod.com; operations@redlightmethod.com,yes,no_peptides,https://redlightmethod.com,vendor,,0
Refine Aesthetics,refineaestheticsllc.com,info@refineaestheticsllc.com,info@refineaestheticsllc.com,yes,no_peptides,https://refineaestheticsllc.com,medspa,,0
Refinery Skin+Body,refineryskinbody.com,refineryskinandbody@gmail.com,refineryskinandbody@gmail.com,yes,no_peptides,https://refineryskinbody.com,vendor,,0
Refine Medical Spa,refineutah.com,,,,unreachable,,,,
Advanced TRT Clinic,reformemedicalspa.com,reformemedicalspa@gmail.com,reformemedicalspa@gmail.com,yes,already known,https://reformemedicalspa.com,medspa,semaglutide,3
"Leonel Calderón, M.D.",refreshyourbeauty.com,,,yes,no_email,https://refreshyourbeauty.com,medspa,,0
Cryowave,regensolutionsct.com,,,,no_email,,vendor,,0
Rejuv MedSpa,rejuv-medspa.com,,,yes,no_email,https://rejuv-medspa.com,medspa,,0
Rejuva Drips Med Spa,rejuvadrips.com,,,yes,no_email,https://rejuvadrips.com,medspa,GLP-1 weight loss peptides,4
Rejuva Medical Spa,rejuvamedspavirginia.com,,,yes,no_email,https://rejuvamedspavirginia.com,medspa,tirzepatide,6
Rejuvenate Your Face & Body,rejuvenate-your-face-body.square.site,,,,no_email,https://rejuvenate-your-face-body.square.site,vendor,,0
Rejuvenate at Capital Women's Care,rejuvenatehowardcounty.com,,,yes,no_email,https://rejuvenatehowardcounty.com,medspa,,0
Rejuvenate Massage Therapy,rejuvenatemassagetherapy.square.site,massagetherapyrejuvenate@gmail.com,massagetherapyrejuvenate@gmail.com,,no_peptides,,vendor,,0
Rejuvenate Med Spa,rejuvenatemdspa.com,rejuvenatemedspa@yahoo.com,rejuvenatemedspa@yahoo.com; rejuvenatemdspa@yahoo.com,yes,already known,https://rejuvenatemdspa.com,medspa,GLP-1 weight loss peptides,4
Rejuvinex Spa,rejuvinexspa.com,info@rejuvinexspa.com,info@rejuvinexspa.com,yes,no_peptides,https://rejuvinexspa.com,medspa,,0
The Spa at Yellow Creek,reluxmedspa.com,info@reluxmedspa.com,info@reluxmedspa.com,yes,no_peptides,https://reluxmedspa.com,medspa,,0
Renew Aesthetics,renewaesthetics.com,renewaestheticsar@gmail.com,renewaestheticsar@gmail.com,yes,already known,https://renewaesthetics.com,medspa,GLP-1 weight loss peptides,2
The Wellness Foundations,renewalmedclinic.com,,,yes,no_email,https://renewalmedclinic.com/peptide-therapy,medspa,"bpc-157, sermorelin, pt-141",4
Renew.calm,renewcalm.com,info@renewcalm.com,info@renewcalm.com,yes,no_peptides,https://renewcalm.com,medspa,,0
Renewed Aesthetics & Wellness,renewedaestheticsspa.com,renewedaestheticsmedspa@gmail.com,renewedaestheticsmedspa@gmail.com,yes,already known,https://renewedaestheticsspa.com,medspa,"semaglutide, tirzepatide, glutathione",4
NeoGenix Stem Cell and Regenerative Therapies,renewhealthwellnessnc.com,,,yes,no_email,https://renewhealthwellnessnc.com,medspa,"semaglutide, tirzepatide, retatrutide, nad+",18
Renew Weight Loss and Med Spa LLC,renewmedandspa.com,,,yes,no_email,https://renewmedandspa.com,medspa,"semaglutide, tirzepatide",11
"Dr. Roz MD, MEDSPA at Total Health and Wellness",renuehealth.com,,,,no_email,https://renuehealth.com,vendor,,1
Restore Hyper Wellness,restore.com,,,yes,no_email,https://restore.com,medspa,"semaglutide, tirzepatide, nad+, glutathione",7
"Tina Ho, MD Facial Plastic Surgery",restorehlc.com,hello@restorehlc.com,hello@restorehlc.com,yes,no_peptides,https://restorehlc.com,medspa,,0
Revital Medical Aesthetics,revitalmedicalaesthetics.com,,,yes,no_email,https://revitalmedicalaesthetics.com,medspa,,0
RevivaMed Plastic Surgery,revivamed.com,info@revivamed.com,info@revivamed.com,yes,no_peptides,https://revivamed.com,medspa,,0
RevIVe Medical,revivemedical.biz,,,,unreachable,,,,
Advanced TRT Clinic,revivemedspaca.com,wellnessandbeauty10@gmail.com,wellnessandbeauty10@gmail.com,yes,already known,https://revivemedspaca.com,medspa,"semaglutide, tirzepatide",5
Rewind Massage,rewindmassage-olathe.com,,,,unreachable,,,,
Kutis Medical Aesthetics,richmondramirezmd.com,,,yes,no_email,https://richmondramirezmd.com,medspa,GLP-1 weight loss peptides,3
Rida's Skincare,ridasskincare.com,,,,no_email,https://ridasskincare.com,vendor,,0
Rise and Thrive Healthcare,riseandthrivehealthcare.com,riseandthrivehealthcare@gmail.com,riseandthrivehealthcare@gmail.com,yes,already known,https://riseandthrivehealthcare.com,medspa,semaglutide,2
Rituals Skin Co.,ritualsskinboise.com,hello@ritualsskinboise.com,hello@ritualsskinboise.com,yes,no_peptides,https://ritualsskinboise.com,medspa,,0
The Center Sanctum,rivergatemedical.com,,,yes,no_email,https://rivergatemedical.com,medspa,,2
River Oaks MedSpa,riveroaksmedspa.com,info@riveroaksmedspa.com,info@riveroaksmedspa.com,yes,no_peptides,https://riveroaksmedspa.com,medspa,,0
The Spa at Riverside Casino & Golf Resort®,riversidecasinoandresort.com,,,yes,no_email,https://riversidecasinoandresort.com,vendor,,0
Woodhouse Spa,rockyriver.woodhousespas.com,,,,no_email,,vendor,,0
Rose Hill MedSpa,rosehillmedspa.com,info@rosehillmedspa.com,info@rosehillmedspa.com,yes,no_peptides,https://rosehillmedspa.com,medspa,,0
Royalty Wellness Spa,royaltywellnessspa.com,appointment@royaltywellnessspa.com,appointment@royaltywellnessspa.com,,no_peptides,https://royaltywellnessspa.com,medspa,,0
"Sacred Owl Solutions, Embodied Wellness Spa",sacredowlsolutions.com,,,,no_email,https://sacredowlsolutions.com,vendor,,0
"Sacred Touch Mobile Massage, Spa & Wellness",sacredtouchwellnesstherapy.com,,,,unreachable,,,,
"Sage Bodywork, Therapeutic Massage Clinic",sagebodyworktmc.com,,,yes,no_email,https://sagebodyworktmc.com,vendor,,0
Saged Skin Wellness,sagedskinwellness.glossgenius.com,,,yes,no_email,https://sagedskinwellness.glossgenius.com,vendor,,0
Ritual Aesthetics & Wellness,saltboutiquelabs.com,,,yes,no_email,https://saltboutiquelabs.com,medspa,semaglutide,9
SALT. Hydration & Wellness,salthydrationandwellness.com,,,yes,no_email,https://salthydrationandwellness.com,medspa,"semaglutide, tirzepatide, bpc-157, nad+, glutathione",11
McKenzie Rush PA-C,sanchezplasticsurgery.com,,,,no_email,,vendor,,0
"Gameday Men's Health Milpitas, CA",sanjosefuncmed.com,admin@sanjosefuncmed.com,admin@sanjosefuncmed.com,yes,no_peptides,https://sanjosefuncmed.com,medspa,,0
San San's Day Spa,sansansdayspa.square.site,,,,no_email,https://sansansdayspa.square.site,vendor,,0
Dr. Sarah Mess,sarahmessmd.com,,,yes,no_email,https://sarahmessmd.com,medspa,"semaglutide, tirzepatide",8
Saucha,sauchavt.com,sauchavt@gmail.com,sauchavt@gmail.com,yes,no_peptides,https://sauchavt.com,vendor,,0
Saul Dermatology,sauldermatology.com,,,yes,no_email,https://sauldermatology.com,medspa,,0
Savannah Tadin Aesthetics,savannahtadinaesthetics.com,,,yes,no_email,https://savannahtadinaesthetics.com,medspa,GLP-1 weight loss peptides,3
Save Face Medspa,savefacemedspa.com,info@savefacemedspa.com,info@savefacemedspa.com,yes,no_peptides,https://savefacemedspa.com,medspa,,0
Sculpted MD,sculptedmd.com,,,,no_email,,vendor,,0
Slim Wellness Center,sdbodyvengeance.com,info@sdbodyvengeance.com,info@sdbodyvengeance.com,yes,no_peptides,https://sdbodyvengeance.com,vendor,,0
SDBotox Lexington,sdbotox.com,morganne@sdbotox.com,morganne@sdbotox.com,yes,no_peptides,https://sdbotox.com,medspa,,0
Seabird Massage & Spa,seabirdmassagemt.com,seabirdmth@gmail.com,seabirdmth@gmail.com,yes,no_peptides,https://seabirdmassagemt.com,vendor,,0
"Secret Garden Saint Paul Massage, Bodywork + Wellness Studio",secretgardensaintpaul.com,,,,unreachable,,,,
Senator Inn & Spa,senatorinn.com,info@senatorinn.com,info@senatorinn.com,yes,no_peptides,https://senatorinn.com,vendor,,0
Serenity Esthetics,serenity-esthetics-by-elizabeth.square.site,serenityestheticsbyelizabeth@gmail.com,serenityestheticsbyelizabeth@gmail.com,,no_peptides,https://serenity-esthetics-by-elizabeth.square.site,vendor,,0
Serenity Her Spa,serenityherspa.com,,,,unreachable,,,,
Serenity Massage Spa LLC,serenitymassage.solutions,serenitymassagespallc@gmail.com,serenitymassagespallc@gmail.com,yes,no_peptides,https://serenitymassage.solutions,vendor,,0
Serenity Nails & Spa,serenitynailsspa.us,,,,no_email,https://serenitynailsspa.us,vendor,,0
Serenity spa & Facials Grand Rapids Michigan,serenityspausa.com,,,yes,no_email,https://serenityspausa.com,medspa,,0
Serotonin Centers,serotonincenters.com,windermerefl@serotonincenters.com,windermerefl@serotonincenters.com; dpfl@serotonincenters.com; coltsnecknj@serotonincenters.com; wpfl@serotonincenters.com; greenhillstn@serotonincenters.com; springfieldmo@serotonincenters.com; charlestonsc@serotonincenters.com; charlestonscmp@serotonincenters.com,yes,no_peptides,https://serotonincenters.com,medspa,,0
Shape Cosmetic Surgery & Med Spa,shapespokane.com,,,,no_email,https://shapespokane.com,medspa,,0
Sharae's Spathecary L.L.C.,sharaesspathecary.com,herbestrae@gmail.com,herbestrae@gmail.com; nherbestrae@gmail.com,,no_peptides,https://sharaesspathecary.com,vendor,,0
Shepnell Pool and Spa,shepnell.com,info@shepnell.com,info@shepnell.com,yes,no_peptides,https://shepnell.com,vendor,,0
Shine Med Spa,shine-medspa.com,,,yes,no_email,https://shine-medspa.com,medspa,GLP-1 weight loss peptides,2
Silk Touch Aesthetics By Mary,silktouchaestheticsbymary.com,,,yes,no_email,https://silktouchaestheticsbymary.com,medspa,,0
Sisu Clinic Soho,sisuclinic.com,,,,unreachable,,,,
Skin Candy,skin-candy.com,,,yes,no_email,https://skin-candy.com,vendor,,0
SKIN BY CARA,skinbycara.org,info@skinbycara.org,info@skinbycara.org,,no_peptides,https://skinbycara.org/services,vendor,,0
Flawless Beauty Studio,skinbyjoana.com,joanamontano23@gmail.com,joanamontano23@gmail.com,,no_peptides,https://skinbyjoana.com,vendor,,0
SkinCare MT,skincaremt.com,,,yes,no_email,https://skincaremt.com,medspa,,0
Skin Essence a Day Spa,skinessenceadayspa.com,bestfacial@gmail.com,bestfacial@gmail.com,yes,no_peptides,https://skinessenceadayspa.com,vendor,,0
Skin Habit,skinhabit.com,info@skinhabit.com,info@skinhabit.com,yes,no_peptides,https://skinhabit.com,medspa,,0
Skin Healthy Miami,skinhealthymiami.com,,,,unreachable,,,,
Skin Ink & Laser,skininklaser.com,skininklaser@gmail.com,skininklaser@gmail.com,yes,no_peptides,https://skininklaser.com,medspa,,0
Brilliant Esthetics,skinisalwaysin.com,info@skinisalwaysin.com,impallari@gmail.com; info@skinisalwaysin.com,yes,no_peptides,https://skinisalwaysin.com,medspa,,0
Face Fit Aesthetics,skinnursebrit.com,,,yes,no_email,https://skinnursebrit.com,medspa,,0
Skin Perfect Aesthetics and Wellness,skinperfectaesthetics.com,,,,no_email,https://skinperfectaesthetics.com,medspa,,0
Skin Perfections Med Spa,skinperfectionsrgv.com,,,yes,no_email,https://skinperfectionsrgv.com,medspa,,0
SkinPro Studio,skinprostudio.com,liz@skinprostudio.com,liz@skinprostudio.com,yes,no_peptides,https://skinprostudio.com,medspa,,0
Skin Results,skinresults.com,,,yes,no_email,https://skinresults.com,medspa,,0
Skin Solutions from Plastic & Hand,skinsolutionsmaine.com,,,yes,no_email,https://skinsolutionsmaine.com,medspa,,0
Skin Spa Boutique,skinspaboutique.com,,,yes,no_email,https://skinspaboutique.com,medspa,,0
Skin Studio LLC,skinstudiollc.com,impallari@gmail.com,impallari@gmail.com,yes,no_peptides,https://skinstudiollc.com,medspa,,0
Skintight By Monica,skintightbymonica.com,skintightbymonica@gmail.com,skintightbymonica@gmail.com,yes,no_peptides,https://skintightbymonica.com,medspa,,0
Skinvigo,skinvigo.com,,,yes,no_email,https://skinvigo.com,vendor,,0
SkinWorks Spokane,skinworksspokane.com,skinworksspokane@gmail.com,skinworksspokane@gmail.com,yes,no_peptides,https://skinworksspokane.com,vendor,,0
Slim Care,slimcareinc.com,,,,no_email,https://slimcareinc.com/about,medspa,"semaglutide, tirzepatide, nad+",9
Show Me Care Infusion Therapy,smcinfusiontherapy.com,,,yes,no_email,https://smcinfusiontherapy.com,medspa,,0
SMooth Solutions Medspa,smoothsolutionsmedspa.com,,,yes,no_email,https://smoothsolutionsmedspa.com,medspa,"semaglutide, tirzepatide",6
Sneed MediSpa,sneedmedispa.com,sneedmedspa@gmail.com,sneedmedspa@gmail.com,yes,already known,https://sneedmedispa.com,medspa,glutathione,4
Sonek's Medical Aesthetics Spa,soneksmedicalaestheticsspa.com,soneksdayspa1@gmail.com,soneksdayspa1@gmail.com,yes,no_peptides,https://soneksmedicalaestheticsspa.com,medspa,,0
Soothe Massage and Wellness Spa,soothemassage.com,,,,no_email,https://soothemassage.com,vendor,,0
Soothe Medical Aesthetics,soothemed.com,info@soothemed.com,info@soothemed.com,yes,no_peptides,https://soothemed.com,medspa,,0
SoulSpace,soulspace.net,info@soulspace.net,info@soulspace.net,yes,no_peptides,https://soulspace.net,medspa,,0
Relax With Soul Bodywork,soultissuerestoration.com,,,yes,no_email,https://soultissuerestoration.com,vendor,,0
Southwest Hair & Day Spa,southwesthairspa.com,,,,no_email,,vendor,,0
Spa 400,spa400.com,,,yes,no_email,https://spa400.com,medspa,,0
Spa Grace,spagracewv.com,,,,unreachable,,,,
Spa Raquel,sparaquel.com,sparaquel1993@gmail.com,sparaquel1993@gmail.com,yes,no_peptides,https://sparaquel.com,medspa,,0
Spa Saint Louis,spastl.com,,,yes,no_email,https://spastl.com,medspa,,0
Spa Tech Institute,spatech.edu,,,yes,no_email,https://spatech.edu,medspa,,0
Spa-Tini Beauty Bar,spatini.glossgenius.com,,,yes,no_email,https://spatini.glossgenius.com,vendor,,0
Spa Trouve,spatrouve.com,,,yes,no_email,https://spatrouve.com,medspa,nad+,4
Spa Virtue,spavirtue.net,,,yes,no_email,https://spavirtue.net,vendor,GLP-1 weight loss peptides,4
Remedy Wellness,sportandspine.com,,,,no_email,,vendor,,0
Sports MedSpa,sportsmedspa.com,,,,no_email,https://sportsmedspa.com,medspa,,0
The Shot Shop,ssmedspa.com,,,yes,no_email,https://ssmedspa.com,medspa,nad+,3
Stellar Luxury Aesthetics,stellarluxuryaesthetics.com,business.cristyf@gmail.com,business.cristyf@gmail.com; 313beautybarllc@gmail.com,,no_peptides,https://stellarluxuryaesthetics.com,medspa,,0
Stephen & Burns Aveda Salon & Spa,stephenandburns.com,,,yes,no_email,https://stephenandburns.com,vendor,,0
Center for Aesthetics and Plastic Surgery,stevenringlermd.com,,,yes,no_email,https://stevenringlermd.com,medspa,"semaglutide, nad+",6
Amazing SPA,stpaulmassage.com,contact@stpaulmassage.com,contact@stpaulmassage.com,yes,no_peptides,https://stpaulmassage.com,medspa,,0
Studio 4955 Aesthetics,studio4955aesthetics.com,,,yes,no_email,https://studio4955aesthetics.com,medspa,"semaglutide, tirzepatide",12
Studio Spa by Madeline LLC,studiospabymadeline.com,,,,unreachable,,,,
Anti-aging and Weight loss,stunningmedspas.com,,,,no_email,https://stunningmedspas.com,medspa,,0
Aesthetica,summitps.com,,,yes,no_email,https://summitps.com,medspa,,0
Sundays Sun Spa Wellness,sundaysbluebox.com,support@sundaysbluebox.com,support@sundaysbluebox.com,yes,no_peptides,https://sundaysbluebox.com,vendor,,0
Sunnah's House of Glam,sunnahs-house-of-glam.square.site,,,,unreachable,,,,
"Sunset Hills Med Spa Henderson, NV",sunsethillsmedspa.com,,,,unreachable,,,,
Cryo You (Spearfish),sunshinemedaesthetics.com,hello@sunshinemedaesthetics.com,phoebe@sunshinemedaesthetics.com; hello@sunshinemedaesthetics.com,yes,no_peptides,https://sunshinemedaesthetics.com,medspa,,0
SUPERCUTS,supercuts.com,,,,no_email,,vendor,,0
Sweet Mia Nail Spa,sweetmianailspa.com,,,,unreachable,,,,
Aurora Aesthetics,synapserenew.com,,,,no_email,,vendor,,0
SYNC Life,synclife.health,,,yes,no_email,https://synclife.health,medspa,"semaglutide, tirzepatide, bpc-157, tb-500, thymosin alpha-1, nad+",15
Tanaz Hair Boutique & Day Spa,tanaz.com,info@tanaz.com,info@tanaz.com,,no_peptides,https://tanaz.com,vendor,,0
Tao Day Spa,taodayspanc.com,,,yes,no_email,https://taodayspanc.com,vendor,,0
Taut Haute Skin Clinic,tauthaute.com,,,,no_email,,vendor,,0
"Tha Beauty Clinic, LLC",tbc901.com,,,,no_email,https://tbc901.com,vendor,,0
The Garden of Wellness,the-garden-of-wellness.com,,,yes,no_email,https://the-garden-of-wellness.com,medspa,GLP-1 weight loss peptides,4
The Backyard Fun Store LLC,thebackyardfunstore.com,,,yes,no_email,,vendor,,0
The Beach House Spa,thebeachhousespas.com,,,,no_email,,vendor,,0
The Beauty Coven,thebeautycovenmaine.com,erin@thebeautycovenmaine.com,erin@thebeautycovenmaine.com,yes,no_peptides,https://thebeautycovenmaine.com,vendor,,0
The Beauty Spot Hilo,thebeautyspothilo.com,denise@thebeautyspothilo.com,denise@thebeautyspothilo.com; curiousdreamerdesigns@gmail.com,yes,no_peptides,https://thebeautyspothilo.com,vendor,,0
The Bilancia,thebilancia.com,,,yes,no_email,https://thebilancia.com,vendor,,0
Bio Skin Aesthetics,thebioskinaesthetics.com,,,yes,no_email,https://thebioskinaesthetics.com,medspa,,0
The Bling Three Nail Lounge and Spa,theblingnailloungeandspa.com,,,yes,no_email,https://theblingnailloungeandspa.com,vendor,,0
Queen Luxe Beauty LLC,thebodyspas.com,info@thebodyspas.com,info@thebodyspas.com,yes,no_peptides,https://thebodyspas.com,medspa,,0
The CoolSuite,thecoolsuite.com,gina@thecoolsuite.com,gina@thecoolsuite.com,yes,no_peptides,https://thecoolsuite.com,medspa,,0
The Covery,thecovery.com,,,,no_email,https://thecovery.com,medspa,"semaglutide, tirzepatide",16
The DRIPBaR Virginia Beach,thedripbar.com,,,,no_email,,vendor,,0
The Edgewater Spa,theedgewater.com,stay@theedgewater.com,stay@theedgewater.com; parking@theedgewater.com; spa@theedgewater.com; spaevents@theedgewater.com,yes,no_peptides,https://theedgewater.com,vendor,,0
"Laura N. Lendermon, MD",thefatigueclinic.com,fatigueclinic@yahoo.com,fatigueclinic@yahoo.com,yes,no_peptides,https://thefatigueclinic.com,vendor,,0
Flawless Aesthetics,theflawlessaesthetics.com,,,yes,no_email,https://theflawlessaesthetics.com,medspa,,0
The Flawless Lab,theflawlesslab.com,reception@theflawlesslab.com,reception@theflawlesslab.com,yes,no_peptides,https://theflawlesslab.com,medspa,,0
Elevation Medical Weight Loss Bridgeville,thefloatgoats.com,,,yes,no_email,https://thefloatgoats.com,vendor,,0
The Garden Medical Spa,thegardenmedspa.com,,,yes,no_email,https://thegardenmedspa.com,medspa,kpv,4
Bold Beginnings Wellness and Weight loss,theguesthousespa.com,theguesthouse201@yahoo.com,theguesthouse201@yahoo.com,yes,no_peptides,https://theguesthousespa.com,medspa,,0
The Gym Aesthetics,thegymaesthetics.com,hello@thegymaesthetics.com,hello@thegymaesthetics.com,,no_peptides,https://thegymaesthetics.com,medspa,,0
Houston Medical Spa,thehoustonmedspa.glossgenius.com,thehoustonmedspa@gmail.com,thehoustonmedspa@gmail.com,yes,no_peptides,https://thehoustonmedspa.glossgenius.com,medspa,,0
Hill Country Integrative Medicine,thehydrationhaus.com,,,,unreachable,,,,
The Joy Aesthetic,thejoyaesthetic.com,joy@thejoyaesthetic.com,joy@thejoyaesthetic.com,yes,no_peptides,https://thejoyaesthetic.com,medspa,,0
Laser Med,thelasermed.com,,,,no_email,https://thelasermed.com,vendor,,0
The Loft Spa,theloftspabozeman.com,theloftspa@gmail.com,theloftspa@gmail.com,yes,no_peptides,https://theloftspabozeman.com,medspa,,0
The Look and Co.,thelookandco.com,info@thelookandco.com,info@thelookandco.com; thelookandco@gmail.com,yes,no_peptides,https://thelookandco.com,vendor,,0
Transformative Wellness,thelotusoflongevity.org,admin@thelotusoflongevity.org,admin@thelotusoflongevity.org,yes,no_peptides,https://thelotusoflongevity.org,medspa,,0
Mediterranean Spa,themediterraneanspa.com,themediterraneanspa@yahoo.com,themediterraneanspa@yahoo.com,yes,no_peptides,https://themediterraneanspa.com,medspa,,0
The MedSpa at Galleria,themedspatx.com,,,,unreachable,,,,
The Naked Pineapple,thenakedpineapple.com,,,,no_email,https://thenakedpineapple.com,vendor,,0
Nova Skin & Body,thenovaspa.com,,,,no_email,https://thenovaspa.com,vendor,,0
The Palm Salon and Spa,thepalmsalonandspa.com,,,yes,no_email,https://thepalmsalonandspa.com,vendor,,0
The Parlour,theparlourmiami.com,,,yes,no_email,https://theparlourmiami.com,medspa,,0
The ReCenter,therecenter.com,,,yes,no_email,https://therecenter.com,medspa,bpc-157,9
Rose Spa,theroseclinic.com,,,yes,no_email,https://theroseclinic.com,medspa,,1
"Vanity Springs MedSpa, Inc",thesaintlouismedspa.com,,,yes,no_email,https://thesaintlouismedspa.com,medspa,,0
The Scalp Sanctuary,thescalpsanctuary.glossgenius.com,thescalpsanctuary24@gmail.com,thescalpsanctuary24@gmail.com,yes,no_peptides,https://thescalpsanctuary.glossgenius.com,vendor,,0
The Skin Atelier of Raleigh,theskinatelier-raleigh.com,info@theskinatelier-raleigh.com,info@theskinatelier-raleigh.com,yes,no_peptides,https://theskinatelier-raleigh.com,medspa,,0
The Skin Center,theskincentermd.com,,,yes,no_email,https://theskincentermd.com,medspa,,1
The Spa Midtown,thespamidtown.com,,,yes,no_email,https://thespamidtown.com,medspa,,0
Rejuvime Medical,thetimelessclinic.com,,,yes,no_email,https://thetimelessclinic.com,medspa,"semaglutide, tirzepatide",8
Urban Haven Massage & Spa,theurbanhaven.com,info@theurbanhaven.com,info@theurbanhaven.com,yes,no_peptides,https://theurbanhaven.com,medspa,,0
The Utah Spa,theutahspa.com,hellogorgeous@theutahspa.com,hellogorgeous@theutahspa.com,yes,no_peptides,https://theutahspa.com,medspa,,0
Ohio Valley Nutrition Steubenville,thewellnessway.com,,,,no_email,,vendor,,0
The Wild Beauty Bar (Previously,thewildbeautybar.com,,,yes,no_email,https://thewildbeautybar.com,medspa,,0
THE WKND Beauty & Esthetics,thewknd.shop,,,,no_email,https://thewknd.shop,medspa,,0
Thrive Recovery Club,thriveivclub.com,,,,no_email,https://thriveivclub.com,vendor,,0
Tigerfly Massage Therapy,tigerflymassage.com,info@tigerflymassage.com,info@tigerflymassage.com,yes,no_peptides,https://tigerflymassage.com,vendor,,0
Timeless Spa Center,timeless-spacenter.com,support@timeless-spacenter.com,support@timeless-spacenter.com,yes,no_peptides,https://timeless-spacenter.com,medspa,,0
The Wellness Center (South Ogden),timelessut.com,info@timelessut.com,info@timelessut.com,,no_peptides,https://timelessut.com,medspa,,0
Tocar Spa,tocarspa.com,sconti@tocarspa.com,sconti@tocarspa.com; massage@tocarspa.com,yes,no_peptides,https://tocarspa.com,vendor,,0
Top Nails & Spa,topnailspahattiesburg.com,,,yes,no_email,https://topnailspahattiesburg.com,vendor,,0
Total Body Laser & Med Spa,totalbodylasermedspa.com,office@totalbodylasermedspa.com,office@totalbodylasermedspa.com,yes,no_peptides,https://totalbodylasermedspa.com,medspa,,0
Total Package Health & Wellness,totalpackagehealth.com,,,,no_email,,vendor,,0
Trilogy Salon And Spa,trilogysalon.com,info@trilogysalon.com,info@trilogysalon.com,yes,no_peptides,https://trilogysalon.com,medspa,,0
True Aesthetics,trueabqnm.com,,,,no_email,https://trueabqnm.com,vendor,,0
True Medspa,truemedspacenter.com,,,,no_email,,vendor,,0
Regeneration Pittsburgh,truerest.com,,,,no_email,https://truerest.com,vendor,,0
Truly Skin Aesthetic Center,trulyskin.com,info@trulyskin.com,info@trulyskin.com,yes,no_peptides,https://trulyskin.com,medspa,,0
T&T Nails & Spa,ttnailsandspa.com,,,,no_email,,vendor,,0
Path To Wellness,tulsapath.com,,,,no_email,https://tulsapath.com,vendor,,0
Royal Salon Spa And Boutique,turnermedicalspa.com,,,yes,no_email,https://turnermedicalspa.com,medspa,,0
"Dr. Clair Hamilton, ND, LAc",twincitiesderm.com,,,yes,no_email,https://twincitiesderm.com,medspa,,0
Twin Rivers IV & Wellness Lounge,twinriversiv.com,,,yes,no_email,https://twinriversiv.com,medspa,"nad+, glutathione",5
Eden Wellness Moringa,twinriversivgoldsboro.com,,,,no_email,,vendor,,0
Ulta Beauty,ulta.com,,,,no_email,https://ulta.com,vendor,GLP-1 weight loss peptides,2
Ultimate Solutions Medical Spa,ultimatesolutionsmedicalspa.com,,,yes,no_email,https://ultimatesolutionsmedicalspa.com,medspa,,0
Undo Tattoo and Laser,undotattooandlaser.com,,,yes,no_email,https://undotattooandlaser.com,medspa,,0
Unfiltered Med Spa,unfilteredmedspa-rallymeiv.com,rallymeiv.unfiltered@gmail.com,rallymeiv.unfiltered@gmail.com,yes,already known,https://unfilteredmedspa-rallymeiv.com,medspa,"semaglutide, glutathione",5
Unity Med Spa,unitymedspa.com,,,,no_email,,vendor,,0
Uplift Aesthetics KC,uplift-aesthetics-kc.square.site,,,,no_email,,vendor,,0
Chattahoochee Valley Therapeutic Massage inside of Uptown Spa & Suites,uptownspaandsuites.com,jonpinhorn.typedesign@gmail.com,jonpinhorn.typedesign@gmail.com; amkryukov@gmail.com,,no_peptides,https://uptownspaandsuites.com,vendor,,0
Urban Oasis Aesthetics,urban-oasis-aesthetics.square.site,,,,no_email,https://urban-oasis-aesthetics.square.site,medspa,,0
Urban Nirvana Spa,urbannirvana.com,,,yes,no_email,https://urbannirvana.com,medspa,,0
Urban Village SalonSpa,urbanvillagesalon.com,urbanvillagesalonspa@gmail.com,urbanvillagesalonspa@gmail.com; whitneym.urbanvillage@gmail.com; suher059@gmail.com,yes,no_peptides,https://urbanvillagesalon.com,medspa,,0
99 Massage,usabiznova.top,,,,no_email,https://usabiznova.top,vendor,,0
Escape Nail Spa,usmaplocation.org,,,,no_email,https://usmaplocation.org,vendor,,0
Utica Square Skin Care LLC,uticaskincare.com,sales@uticaskincare.com,sales@uticaskincare.com,yes,no_peptides,https://uticaskincare.com,medspa,,0
"Valley Medical Aesthetics, LLC",valleymedicalaesthetics.com,,,,no_email,https://valleymedicalaesthetics.com,medspa,,0
Valo Wellness Spa,valowellnessspa.com,,,yes,no_email,https://valowellnessspa.com,vendor,,0
Vanguard Skin Specialists,vanguardskin.com,,,yes,no_email,https://vanguardskin.com,medspa,,0
Varua Med Spa,varuams.com,,,,unreachable,,,,
"Venus Medispa: Anjmun Sharma, MD",venusmedispa.com,anjmun@gmail.com,anjmun@gmail.com,yes,no_peptides,https://venusmedispa.com,medspa,,0
Veristic Aesthetics,veristicaesthetics.com,,,yes,no_email,https://veristicaesthetics.com,medspa,,0
Vida Wellness & Spa,vidaspawellness.com,,,yes,no_email,https://vidaspawellness.com,medspa,,0
VIP Spa 1,vipspa1.com,,,,unreachable,,,,
Revive Aesthetics & Wellness,virginia-beach-landstown-commons.thedripbar.com,,,,no_email,,vendor,,0
Virtue Aesthetics,virtueaestheticsabq.com,,,yes,no_email,https://virtueaestheticsabq.com,medspa,semaglutide,3
Vita Day Spa,vitadayspa.com,info@vitadayspa.com,info@vitadayspa.com; pwang@vitadayspa.com,yes,no_peptides,https://vitadayspa.com,medspa,,0
Confidence Salon And Spa,vital-kc.com,,,yes,no_email,https://vital-kc.com/contact-us,medspa,,0
Renew Vitality Testosterone Clinic,vitalityhrt.com,,,,no_email,,vendor,,0
Vitality Spa,vitalityspa.buildbeau.com,hz019533@gmail.com,hz019533@gmail.com,yes,no_peptides,https://vitalityspa.buildbeau.com,vendor,,0
Vitall Advanced Medicine,vitallmed.com,,,,no_email,,vendor,,0
VIVE Medical aEsthetics,vive4me.com,,,,no_email,https://vive4me.com,medspa,,0
Vogue Lashes & Spa,voguelashesandspa.com,voguelashesandspa@gmail.com,voguelashesandspa@gmail.com; voguelashesandspaoceanfront@gmail.com; voguemarinashores@gmail.com; voguelittleneck@gmail.com; voguebeautystudiovb@gmail.com; voguekempsville@gmail.com; voguegreenbrier@gmail.com; voguegreatbridge@gmail.com,yes,no_peptides,https://voguelashesandspa.com,medspa,,0
VOMO Massage & Hair Spa,vomomassagehairspa.com,joviwoooo@gmail.com,joviwoooo@gmail.com,yes,no_peptides,https://vomomassagehairspa.com,vendor,,0
Wailana Day Spa,wailanadayspa.com,info@wailanadayspa.com,info@wailanadayspa.com,yes,no_peptides,https://wailanadayspa.com,medspa,,0
Wake Health & Aesthetics (Formerly Wake Health Medical Group),wakehealthandaesthetics.com,,,yes,no_email,https://wakehealthandaesthetics.com,medspa,,2
The Waldorf Center for Plastic Surgery,waldorfcenter.com,,,yes,no_email,https://waldorfcenter.com,medspa,"semaglutide, tirzepatide",6
Wellness By Brooke,wellnessbybrooke.square.site,wellnessbybrooker@gmail.com,wellnessbybrooker@gmail.com,,no_peptides,https://wellnessbybrooke.square.site,vendor,,0
Werschler Aesthetics,werschleraesthetics.com,,,yes,no_email,https://werschleraesthetics.com,medspa,GLP-1 weight loss peptides,3
Whole Being Massage,wholebeingmassage.com,info@wholebeingmassage.com,info@wholebeingmassage.com,yes,no_peptides,https://wholebeingmassage.com,medspa,,0
wHydrate,whydrate.com,,,,no_email,https://whydrate.com,medspa,"nad+, glutathione",3
wildfire aesthetics,wildfireaesthetics.com,,,yes,no_email,https://wildfireaesthetics.com,medspa,GLP-1 weight loss peptides,4
Wild Rose Holistic Skin + Body,wildroseholistic.com,hello@wildroseholistic.com,hello@wildroseholistic.com,yes,no_peptides,https://wildroseholistic.com,medspa,,0
Willow Wood Therapeutic Massage,willowwood479.com,,,yes,no_email,https://willowwood479.com,vendor,,0
Wonder Wellness Spa,wondertwentyone.com,,,yes,no_email,https://wondertwentyone.com,medspa,,0
Woodhouse Spa,woodbury.woodhousespas.com,,,,no_email,,vendor,,0
Wrap Me Day Spa,wrapmelex.com,gregorylex@yahoo.com,gregorylex@yahoo.com,,no_peptides,https://wrapmelex.com,vendor,,0
Xage Medical Spa,xagemedicalspa.com,,,yes,no_email,https://xagemedicalspa.com,medspa,"nad+, glutathione",4
XO Skin Studio,xoskinstudio.com,xoskinstudioga@gmail.com,xoskinstudioga@gmail.com,,no_peptides,https://xoskinstudio.com,vendor,,0
yEn Aesthetics,yen-aesthetics.zoca.ai,yenaestheticsmd@gmail.com,yenaestheticsmd@gmail.com,yes,no_peptides,https://yen-aesthetics.zoca.ai,medspa,,0
Larimar Aesthetics and Wellness,yocale.com,info@yocale.com,info@yocale.com; support@yocale.com,yes,no_peptides,https://yocale.com,medspa,,0
Priority Health,yostwellnesscenter.com,info@yostwellnesscenter.com,info@yostwellnesscenter.com,yes,no_peptides,https://yostwellnesscenter.com,medspa,,0
Younique Medical Spa,youniquemedicalspa.me,,,yes,no_email,https://youniquemedicalspa.me,medspa,"semaglutide, tirzepatide, nad+, glutathione",12
Zali Aesthetics PC,zaliaesthetics.com,,,,no_email,https://zaliaesthetics.com,medspa,,0
Z & D Health,zanddhealth.com,,,yes,no_email,https://zanddhealth.com,medspa,"semaglutide, tirzepatide, sermorelin, tesamorelin, pt-141",16
Z Clinic Med Spa,zclinicmedspa.com,,,yes,no_email,https://zclinicmedspa.com/contact,medspa,GLP-1 weight loss peptides,4
Zen Beauty Spa & Body Works,zenspa-albuquerque.com,ogalaxy2000@aol.com,ogalaxy2000@aol.com,yes,no_peptides,https://zenspa-albuquerque.com,medspa,,0
Zero Gravity Massage of Fort Wayne,zerogravitymassage.net,,,,no_email,,vendor,,0
ZHENSPAS LLC,zhenspasllcin.wixstudio.com,,,,unreachable,,,,
Zia Infused Wellness,zia-infusedwellness.com,ziainfusedwellness@gmail.com,ziainfusedwellness@gmail.com,yes,already known,https://zia-infusedwellness.com/contact-us/,medspa,GLP-1 weight loss peptides,4
Ziva Aesthetics and Wellness,zivaaesthetics.com,,,,unreachable,,,,
Vitality Anti-Aging Center,zivel.com,coralgables@zivel.com,zivelbriargate@gmail.com; coralgables@zivel.com; coolsprings@zivel.com; highlandsranch@zivel.com; palmcoast@zivel.com,,no_peptides,https://zivel.com,medspa,,0
Ziyan Salon & Holistic Day Spa,ziyansalonandspa.com,,,,no_email,https://ziyansalonandspa.com,vendor,,0
