vendor,domain,email,all_emails,us_signal,status,evidence_url,audience,peptides,peptide_hits
2Beautiful Weight-Loss & Med Spa,2beautifulmedspa.com,2beautifulmedspa@gmail.com,2beautifulmedspa@gmail.com,yes,ok,https://2beautifulmedspa.com,medspa,"semaglutide, tirzepatide",4
"360 Health Integrated Medical Boutique, PLLC in Arlington, TX",360healthimb.com,tracynp@360healthimb.com,tracynp@360healthimb.com; general@360healthimb.com,yes,ok,https://360healthimb.com,medspa,,1
"Advanced Aesthetics & Wellness in Shenandoah, TX",aawtexas.com,aawbyrenata@gmail.com,aawbyrenata@gmail.com,yes,ok,https://aawtexas.com,medspa,semaglutide,3
Absolute Wellness & Beauty,absolutewellnessbeauty.com,absolutewellnessbeauty@gmail.com,absolutewellnessbeauty@gmail.com,yes,ok,https://absolutewellnessbeauty.com,medspa,"nad+, glutathione",3
"Addison Rose Aesthetics in Burlington, NC",addisonroseaesthetics.com,addisonroseaesthetics@gmail.com,addisonroseaesthetics@gmail.com,yes,ok,https://addisonroseaesthetics.com,medspa,"semaglutide, tirzepatide, nad+, glutathione",8
"Aesthetic Essentials of Augusta, LLC in Augusta, GA",aeaugusta.com,sarah@aeaugusta.com,sarah@aeaugusta.com; tammy@aeaugusta.com,yes,ok,https://aeaugusta.com,medspa,,3
Aesthetica Medspa and Wellness,aesthetica-medspa.com,aestheticamedspaandwellness@gmail.com,aestheticamedspaandwellness@gmail.com,yes,ok,https://aesthetica-medspa.com,medspa,"semaglutide, tirzepatide, retatrutide, nad+",6
Aesthetics & Medical Lasers of Colorado,aestheticsandmedicallasers.com,info@aestheticsandmedicallasers.com,info@aestheticsandmedicallasers.com,yes,ok,https://aestheticsandmedicallasers.com,medspa,GLP-1 weight loss peptides,3
Bloom Medical Aesthetics,aestheticsbybloom.com,info@aestheticsbybloom.com,info@aestheticsbybloom.com,yes,ok,https://aestheticsbybloom.com,medspa,,2
Aesthetics Lab,aestheticslabdetroit.com,hello@aestheticslabdetroit.com,hello@aestheticslabdetroit.com,yes,ok,https://aestheticslabdetroit.com,medspa,semaglutide,2
Aesthetics Medical Spa,aestheticsmedicalspa.com,aestheticsmedicalspa@gmail.com,aestheticsmedicalspa@gmail.com,yes,ok,https://aestheticsmedicalspa.com,medspa,"bpc-157, ipamorelin, tesamorelin",5
Ageless Aesthetics of Arkansas,agelessaestheticsar.com,info@agelessaestheticsar.com,info@agelessaestheticsar.com,yes,ok,https://agelessaestheticsar.com,medspa,GLP-1 weight loss peptides,3
Ageless Beauty Medspa,agelessbeautysa.com,info@agelessbeautysa.com,info@agelessbeautysa.com,yes,ok,https://agelessbeautysa.com,medspa,,1
"Ageless Medical Aesthetics in Worcester, MA",agelessinspired.com,agelessmedicalinfo@gmail.com,agelessmedicalinfo@gmail.com,yes,ok,https://agelessinspired.com,medspa,"semaglutide, nad+, sermorelin",9
Aisling Med Spa,aislingmedspa.com,info@aislingmedspa.com,info@aislingmedspa.com,yes,ok,https://aislingmedspa.com,medspa,"nad+, glutathione",3
AIVI Aesthetics,aiviaesthetics.com,info@aiviaesthetics.com,info@aiviaesthetics.com,yes,ok,https://aiviaesthetics.com,medspa,nad+,6
"Ajara Beauty in Los Angeles, CA",ajarabeauty.com,hello@ajarabeauty.com,hello@ajarabeauty.com,yes,ok,https://ajarabeauty.com,medspa,,1
À La Care MedSpa,alacaremedspa.com,info@alacaremedspa.com,infoalacare7@gmail.com; info@alacaremedspa.com; %20info@alacaremedspa.com,yes,ok,https://alacaremedspa.com,medspa,"semaglutide, glutathione",5
Alamo MD MedSpa,alamomdmedspa.net,alamomedspa@gmail.com,alamomedspa@gmail.com,yes,ok,https://alamomdmedspa.net,medspa,GLP-1 weight loss peptides,2
Alchemy Medical Aesthetics,alchemyslc.com,info@alchemyslc.com,info@alchemyslc.com,yes,ok,https://alchemyslc.com,medspa,"semaglutide, tirzepatide",4
Alea Aesthetics Medical Spa,aleamedspa.com,services@aleamedspa.com,services@aleamedspa.com,yes,ok,https://aleamedspa.com,medspa,glutathione,2
Alena Medspa Las Vegas by Alonso Medical Center,alenamedspa.com,info@alenamedspa.com,info@alenamedspa.com,yes,ok,https://alenamedspa.com,medspa,nad+,1
Align Wellness and Aesthetics,alignwellness.health,info@alignwellness.health,info@alignwellness.health,yes,ok,https://alignwellness.health,medspa,"semaglutide, tirzepatide, retatrutide, bpc-157, tb-500, nad+",19
"AliveDrip Ridgewood in Ridgewood, NJ",alivedripridgewood.com,ridgewoodiv@gmail.com,ridgewoodiv@gmail.com,yes,ok,https://alivedripridgewood.com,medspa,,1
All About You Wellness & Aesthetics,allaboutyouwellnessandaesthetics.com,info@allaboutyouwellnessandaesthetics.com,info@allaboutyouwellnessandaesthetics.com,yes,ok,https://allaboutyouwellnessandaesthetics.com,medspa,GLP-1 weight loss peptides,5
allora medspa,alloramedspatx.com,booking@alloramedspatx.com,alloramedspa1@gmail.com; booking@alloramedspatx.com,yes,ok,https://alloramedspatx.com,medspa,GLP-1 weight loss peptides,2
Allura Aesthetic,alluraesthetic.com,info@alluraesthetic.com,info@alluraesthetic.com,yes,ok,https://alluraesthetic.com,medspa,"semaglutide, tirzepatide, glutathione",6
ALMAge Wellness & MedSpa Miami,almagewellness.com,gigi@almagewellness.com,gigi@almagewellness.com,yes,ok,https://almagewellness.com,medspa,"semaglutide, tirzepatide, nad+",7
Aloha Aesthetics FL,alohaaestheticsfl.com,theteam@alohaaestheticsfl.com,theteam@alohaaestheticsfl.com,yes,ok,https://alohaaestheticsfl.com,medspa,GLP-1 weight loss peptides,3
Alyne Aesthetics & Med Spa,alyneaesthetics.com,info@alyneaesthetics.com,info@alyneaesthetics.com,yes,ok,https://alyneaesthetics.com,medspa,"semaglutide, tirzepatide, nad+, glutathione",7
Amani Med Spa,amanimedspa.com,hi@amanimedspa.com,hi@amanimedspa.com,yes,ok,https://amanimedspa.com,medspa,GLP-1 weight loss peptides,3
Amici MedSpa,amicimedspa.com,admin@amicimedspa.com,admin@amicimedspa.com,yes,ok,https://amicimedspa.com,medspa,semaglutide,1
Ananya Aesthetics,ananyaaesthetics.com,info@ananyaaesthetics.com,info@ananyaaesthetics.com; hello@ananyaaesthetics.com,yes,ok,https://ananyaaesthetics.com,medspa,glutathione,5
Anastasis Health,anastasishealth.com,info@anastasishealth.com,sujay.kumar@anastasishealth.com; amywildmon84@yahoo.com; rachel.mcarthur@anastasishealth.com; info@anastasishealth.com; dave.markowicz@anastasishealth.com,yes,ok,https://anastasishealth.com,medspa,GLP-1 weight loss peptides,5
"AnatomicL Medical Aesthetics in Cherry Hill Township, NJ",anatomicl.com,info@anatomicl.com,info@anatomicl.com,yes,ok,https://anatomicl.com,medspa,"tirzepatide, retatrutide, bpc-157, tb-500, thymosin beta-4, thymosin alpha-1",16
Anew You Medspa,anewyougi.com,anewyou716@gmail.com,anewyou716@gmail.com; %20anewyou716@gmail.com,yes,ok,https://anewyougi.com,medspa,GLP-1 weight loss peptides,8
Angileé Med Spa,angileemedspa.com,angileemedspa@gmail.com,angileemedspa@gmail.com,yes,ok,https://angileemedspa.com,medspa,"semaglutide, tirzepatide, nad+",8
"AnthroMedical Center in Omaha, NE",anthromedicalcenter.com,support@anthromedicalcenter.com,support@anthromedicalcenter.com,yes,ok,https://anthromedicalcenter.com,medspa,,2
"AquafyIV in Longmont, CO",aquafyiv.com,sales@aquafyiv.com,sales@aquafyiv.com,yes,ok,https://aquafyiv.com,medspa,nad+,3
Aria Med Spa,aria-medspa.com,info@aria-medspa.com,info@aria-medspa.com; info@ariamedspa.com,yes,ok,https://aria-medspa.com,medspa,semaglutide,1
Arlani Integrative Medicine and Medspa,arlani.com,hello@arlani.com,hello@arlani.com,yes,ok,https://arlani.com,medspa,"semaglutide, tirzepatide",10
"Artavi Med Spa- Dr. Tarina Desai, MD",artavimedspa.com,info@artavimedspa.com,info@artavimedspa.com,yes,ok,https://artavimedspa.com,medspa,,1
Artem Med Spa,artem.health,info@artem.health,info@artem.health,yes,ok,https://artem.health,medspa,,1
Art In Beauty Aesthetics,artinbeautyglendale.com,artinbeautyaesthetics@gmail.com,artinbeautyaesthetics@gmail.com,yes,ok,https://artinbeautyglendale.com,medspa,"tirzepatide, nad+",5
Arya Medical Spa,aryamedicalspa.com,aryamedspa1179@gmail.com,aryamedspa1179@gmail.com,yes,ok,https://aryamedicalspa.com,medspa,,1
Ascend Wellness Center,ascendwc.net,shea@ascendwc.net,shea@ascendwc.net,yes,ok,https://ascendwc.net,medspa,nad+,5
Asha Esthetic & Medspa,ashaesthetics.com,info@ashaesthetics.com,info@ashaesthetics.com,yes,ok,https://ashaesthetics.com,medspa,nad+,2
"April Mitchell, RN",athomeivnurses.com,info@athomeivnurses.com,info@athomeivnurses.com,yes,ok,https://athomeivnurses.com,medspa,"semaglutide, bpc-157, tb-500, nad+, ipamorelin, cjc-1295",12
Complexion Med Spa & Aesthetics,atlanticbeachmedspa.com,info@atlanticbeachmedspa.com,info@atlanticbeachmedspa.com,yes,ok,https://atlanticbeachmedspa.com,medspa,"semaglutide, tirzepatide, retatrutide, nad+, ipamorelin, sermorelin",14
"At Your Best Wellness & Aesthetics Nursing Corp in Elk Grove, CA",atyourbestwellness.com,contact@atyourbestwellness.com,contact@atyourbestwellness.com,yes,ok,https://atyourbestwellness.com,medspa,,2
AURORA MEDICAL SPA,auroramedispa.com,aurora@auroramedispa.com,aurora@auroramedispa.com,yes,ok,https://auroramedispa.com,medspa,GLP-1 weight loss peptides,3
AUSTEX Wellness and Medical Spa,austexwellness.com,info@austexwellness.com,info@austexwellness.com,yes,ok,https://austexwellness.com,medspa,GLP-1 weight loss peptides,3
Austin Aesthetics Club,austinaestheticsclub.com,info@austinaestheticsclub.com,info@austinaestheticsclub.com,yes,ok,https://austinaestheticsclub.com,medspa,GLP-1 weight loss peptides,3
Avant Medspa Irvine,avant-medspa.com,janice@avant-medspa.com,janice@avant-medspa.com,yes,ok,https://avant-medspa.com/contact,medspa,,1
Avante Aesthetics,avanteaesthetics.com,admin@avanteaesthetics.com,admin@avanteaesthetics.com,yes,ok,https://avanteaesthetics.com,medspa,glutathione,3
Avery’s Health and Wellness,averysmedspa.org,averysmedspa@hotmail.com,averysmedspa@hotmail.com,yes,ok,https://averysmedspa.org,medspa,GLP-1 weight loss peptides,3
Awazul Wellness,awazul.com,info@awazul.com,info@awazul.com,yes,ok,https://awazul.com,medspa,GLP-1 weight loss peptides,5
Azura Skin Care Center,azuraskin.com,hello@azuraskin.com,hello@azuraskin.com,yes,ok,https://azuraskin.com,medspa,,1
Azzure Med Spa Las Vegas,azzuremedspa.com,info@azzuremedspa.com,info@azzuremedspa.com,yes,ok,https://azzuremedspa.com,medspa,"nad+, glutathione",4
Balanced Beauty Collective,balancedbeautycollective.com,andi@balancedbeautycollective.com,bbbyandilayne@outlook.com; andi@balancedbeautycollective.com,yes,ok,https://balancedbeautycollective.com,medspa,GLP-1 weight loss peptides,4
BAM Wellness,bamwellness.com,info@bam-wellness.com,info@bam-wellness.com,yes,ok,https://bamwellness.com,medspa,,1
Bared Monkey Laser Spa,baredmonkey.com,care@baredmonkey.com,care@baredmonkey.com,yes,ok,https://baredmonkey.com,medspa,GLP-1 weight loss peptides,2
Beachside Aesthetics & Wellness,beachsideaestheticsandwellness.com,aloha@beachsideaestheticsandwellness.com,aloha@beachsideaestheticsandwellness.com,yes,ok,https://beachsideaestheticsandwellness.com,medspa,glutathione,2
Beautiful Orlando Spa and Cosmetic,beautifulorlando.com,bebeautifulorlando@gmail.com,bebeautifulorlando@gmail.com,yes,ok,,medspa,GLP-1 weight loss peptides,5
Beautiful You MD Aesthetics,beautifulyoumd.com,beautifulyoumd@gmail.com,beautifulyoumd@gmail.com,yes,ok,https://beautifulyoumd.com,medspa,,1
"Beautiful You Medical Aesthetics Pam Alvarez, R.N. in Bakersfield, CA",beautifulyoumedical.com,beautifulyoumedical1@gmail.com,beautifulyoumedical1@gmail.com,yes,ok,https://beautifulyoumedical.com,medspa,glutathione,4
Beautiful You Medical Spa,beautifulyoumedspa.com,info@beautifulyoumedspa.com,info@beautifulyoumedspa.com,yes,ok,https://beautifulyoumedspa.com,medspa,,1
beautiTree,beautitree.io,hello@beautitree.io,hello@beautitree.io,yes,ok,https://beautitree.io,medspa,GLP-1 weight loss peptides,2
Beautox Bar Medspa,beautoxbar.com,info@beautoxbar.com,info@beautoxbar.com,yes,ok,https://beautoxbar.com,medspa,"thymosin alpha-1, ghk-cu",3
Beauty + Grace Aesthetics,beautyandgraceaesthetics.com,contact@beautyandgraceaesthetics.com,contact@beautyandgraceaesthetics.com,yes,ok,https://beautyandgraceaesthetics.com,medspa,"semaglutide, tirzepatide",3
Beauty + Wellness Co,beautyandwellnessco.com,beautywellnesscotox@gmail.com,beautywellnesscotox@gmail.com,yes,ok,https://beautyandwellnessco.com,medspa,"semaglutide, glutathione",10
Beauty Bar Wellness & Med Spa,beautybarmedspa.com,staff@beautybarmedspa.com,staff@beautybarmedspa.com,yes,ok,https://beautybarmedspa.com,medspa,"semaglutide, tirzepatide",12
BeautyBorn MedSpa,beautybornmedspa.com,info@beautybornmedspa.com,info@beautybornmedspa.com,yes,ok,https://beautybornmedspa.com,medspa,GLP-1 weight loss peptides,2
Beauty Couture Aesthetics and Wellness,beautycouturetx.com,info@beautycouturetx.com,info@beautycouturetx.com; %20info@beautycouturetx.com,yes,ok,https://beautycouturetx.com,medspa,nad+,1
"Beauty In A Drip Studio in Springfield, MA",beautydripstudio.com,info@beautydripstudio.com,info@beautydripstudio.com,yes,ok,https://beautydripstudio.com,medspa,"nad+, glutathione",4
"Beauty Lounge Med Spa in Camarillo, CA",beautyloungemedspa.com,info@beautyloungemedspa.com,info@beautyloungemedspa.com,yes,ok,https://beautyloungemedspa.com,medspa,semaglutide,3
Beauty Medical Clinic & Spa,beautymedicalus.com,info@beautymedicalus.com,info@beautymedicalus.com; beautymedical.us@gmail.com,yes,ok,https://beautymedicalus.com,medspa,nad+,2
Beauty Ranch Medical Spa,beautyranchspa.com,info@beautyranchspa.com,info@beautyranchspa.com,yes,ok,https://beautyranchspa.com,medspa,"semaglutide, tirzepatide",6
Beauty WoRx,beautyworxwellness.com,beautyworxwellness@gmail.com,beautyworxwellness@gmail.com,yes,ok,https://beautyworxwellness.com,medspa,"nad+, glutathione",3
Begin SalonSpa,beginsalonspa.com,betsybegin@gmail.com,betsybegin@gmail.com,yes,ok,https://beginsalonspa.com,medspa,semaglutide,3
BEIAMED MEDSPA & CLINIC,beiamedispa.com,info@beiamedispa.com,info@beiamedispa.com,yes,ok,https://beiamedispa.com,medspa,,1
Believe Aesthetics & Wellness,believeaesthetics.com,info@believeaesthetics.com,info@believeaesthetics.com,yes,ok,https://believeaesthetics.com,medspa,"semaglutide, tirzepatide",3
Bella Forme Medical,bellaformemedical.com,info@bellaformemedical.com,info@bellaformemedical.com,yes,ok,https://bellaformemedical.com,medspa,"semaglutide, tirzepatide, retatrutide, bpc-157, tb-500, thymosin alpha-1",29
Bella Grey Medical Spa,bellagreymedspa.com,bellagreymedspa@gmail.com,bellagreymedspa@gmail.com,yes,ok,https://bellagreymedspa.com,medspa,semaglutide,3
Bellamedica Aesthetics,bellamedica.com,contactus@bellamedica.com,contactus@bellamedica.com,yes,ok,https://bellamedica.com,medspa,,1
Bellatas Medical Aesthetics,bellatasmedspa.com,info@bellatasmedspa.com,info@bellatasmedspa.com,yes,ok,https://bellatasmedspa.com,medspa,,1
Bel Lavi Medical Aesthetics,bellavimedicalaesthetics.com,info@bellavimedicalaesthetics.com,info@bellavimedicalaesthetics.com,yes,ok,https://bellavimedicalaesthetics.com,medspa,semaglutide,3
Belle Sante Medical Spa,belle-sante-spa.com,info@belle-sante-spa.com,info@belle-sante-spa.com,yes,ok,https://belle-sante-spa.com,medspa,glutathione,2
Bellevue Anti-Aging Medical Clinic,bellevueantiaging.com,bellevueantiaging@outlook.com,bellevueantiaging@outlook.com,yes,ok,https://bellevueantiaging.com,medspa,"nad+, glutathione",6
Belleza Spa,bellezaspasalon.com,kelly@bellezaspasalon.com,kelly@bellezaspasalon.com,yes,ok,https://bellezaspasalon.com,medspa,,1
"BELLEZZA MEDICAL AESTHETICS, PLLC",bellezza-med.com,info@bellezza-med.com,info@bellezza-med.com; bellezza.med@gmail.com,yes,ok,https://bellezza-med.com,medspa,,2
Bellissima Medical Spa,bellissimamedicalspas.com,bellissima2238@gmail.com,bellissima2238@gmail.com,yes,ok,https://bellissimamedicalspas.com,medspa,"semaglutide, retatrutide, tirzepatide",12
Belton Health Spa,beltonhealthspa.com,info@beltonhealthspa.com,info@beltonhealthspa.com; info.beltonhealthspa@gmail.com,yes,ok,https://beltonhealthspa.com,medspa,"semaglutide, tirzepatide",6
Bel Viso Day Spa and Laser Center,belvisodayspa.com,frontdesk@belvisodayspa.com,frontdesk@belvisodayspa.com,yes,ok,https://belvisodayspa.com,medspa,semaglutide,1
BeRejuved Medical Spa & Wellness Studio,berejuvednyc.zoca.com,berejuved@gmail.com,berejuved@gmail.com,yes,ok,https://berejuvednyc.zoca.com,medspa,GLP-1 weight loss peptides,4
Best You MedSpa,bestyoumedspa.com,info@bestyoumedspa.com,info@bestyoumedspa.com,yes,ok,https://bestyoumedspa.com,medspa,nad+,2
Better Off Medspa and Weight Loss,betteroff.com,info@betteroff.com,info@betteroff.com,yes,ok,https://betteroff.com,medspa,"semaglutide, tirzepatide, nad+",14
BevelUp Midtown,bevelup.com,hello@bevelup.com,hello@bevelup.com,yes,ok,https://bevelup.com,medspa,nad+,2
Beverly Hills Med Spa,beverlyhillsmedspa.com,info@beverlyhillsmedspa.com,info@beverlyhillsmedspa.com,yes,ok,https://beverlyhillsmedspa.com,medspa,,1
BE WELL Skin Space,bewellskinspace.com,amber@bewellskinspace.com,amber@bewellskinspace.com,yes,ok,https://bewellskinspace.com,medspa,glutathione,1
"Beyond Remedi in Cottage Grove, MN",beyondremedi.com,contact@beyondremedi.com,contact@beyondremedi.com,yes,ok,https://beyondremedi.com,medspa,"nad+, glutathione",3
"Beyond Wellness Little Rock in Little Rock, AR",beyondwellnessar.com,info@beyondwellnessar.com,info@beyondwellnessar.com,yes,ok,https://beyondwellnessar.com,medspa,,3
Be You Medical Spa,beyoumedicalspaky.com,beyoumedicalspa@icloud.com,beyoumedicalspa@icloud.com,yes,ok,https://beyoumedicalspaky.com,medspa,GLP-1 weight loss peptides,3
BEYOUth Medspa + Wellness,beyouthmedspa.com,info@beyouthmedspa.com,info@beyouthmedspa.com,yes,ok,https://beyouthmedspa.com,medspa,GLP-1 weight loss peptides,2
BeYouty Medical Spa,beyoutymedspa.com,beyoutymedspa@gmail.com,beyoutymedspa@gmail.com,yes,ok,https://beyoutymedspa.com,medspa,"semaglutide, nad+, glutathione",9
"BFLO Hydration in Orchard Park, NY",bfloiv.com,info@bfloiv.com,info@bfloiv.com; events@bfloiv.com; leigh@bfloiv.com; amandacab@bfloiv.com,yes,ok,https://bfloiv.com,medspa,"nad+, glutathione",5
Beverly Hills Aesthetics,bhaesthetics.com,info@bhaesthetics.com,info@bhaesthetics.com,yes,ok,https://bhaesthetics.com,medspa,"semaglutide, tirzepatide",6
Bhanot Medical Spa,bhanotmedspa.com,4bhanotmedspa@gmail.com,4bhanotmedspa@gmail.com,yes,ok,https://bhanotmedspa.com,medspa,GLP-1 weight loss peptides,4
Big Country Medical Spa,bigcountrymedspa.com,info@bigcountrymedspa.com,info@bigcountrymedspa.com,yes,ok,https://bigcountrymedspa.com,medspa,,3
Biomend Aesthetics and Wellness,biomend.com,info@biomend.com,info@biomend.com,yes,ok,https://biomend.com,medspa,"semaglutide, tirzepatide, nad+",8
"Blissfusion l San Francisco Bay Area in San Mateo, CA",blissfusionsf.com,info@blissfusionsf.com,info@blissfusionsf.com,yes,ok,https://blissfusionsf.com/contact,medspa,,1
Bliss Med Spa,blissmed-spa.com,info@blissmed-spa.com,info@blissmed-spa.com,yes,ok,https://blissmed-spa.com,medspa,"nad+, glutathione",5
"Blooming Lemon Wellness & Aesthetics, P.C",bloominglemon.com,info@bloominglemon.com,info@bloominglemon.com,yes,ok,https://bloominglemon.com,medspa,"nad+, sermorelin",4
Bloom MedSpa- Spicer,bloommedspamn.com,bloommedspa@outlook.com,bloommedspa@outlook.com,yes,ok,https://bloommedspamn.com,medspa,,1
Bloomsburg Med Spa,bloomsburgmedspa.com,shannon@bloomsburgmedspa.com,shannon@bloomsburgmedspa.com,yes,ok,https://bloomsburgmedspa.com,medspa,"semaglutide, tirzepatide",4
Blume,blumelancaster.com,bekah@blumelancaster.com,bekah@blumelancaster.com,yes,ok,https://blumelancaster.com,medspa,"semaglutide, glutathione",7
Blume Skin & Body,blumeskintreatment.com,skincare@blumeskintreatment.com,skincare@blumeskintreatment.com,yes,ok,https://blumeskintreatment.com,medspa,nad+,3
"BLÜM IV Therapy & Aesthetics in Riverside, CA",blumivaesthetics.com,blumivaesthetics@gmail.com,blumivaesthetics@gmail.com,yes,ok,https://blumivaesthetics.com,medspa,GLP-1 weight loss peptides,4
Blu Monarch Skin Studio,blumonarchskinstudio.com,info@blumonarchskinstudio.com,info@blumonarchskinstudio.com,yes,ok,https://blumonarchskinstudio.com,medspa,,1
Blush & Bliss Med Spa,blushandblissmedspa.com,bbmedspa@hotmail.com,bbmedspa@hotmail.com,yes,ok,https://blushandblissmedspa.com,medspa,"semaglutide, tirzepatide",8
Body By Chic,bodybychic.com,contact@bodybychic.com,contact@bodybychic.com,yes,ok,https://bodybychic.com,medspa,"semaglutide, tirzepatide",10
BotoxxCafe' Med Spa,botoxxcafe.com,botoxxcafe@gmail.com,botoxxcafe@gmail.com,yes,ok,https://botoxxcafe.com,medspa,GLP-1 weight loss peptides,2
"Boulder Holistic Functional Medicine in Boulder, CO",boulderholistic.com,info@boulderholistic.com,info@boulderholistic.com; %20info@boulderholistic.com,yes,ok,https://boulderholistic.com,medspa,,2
Brazilian Touch MedSpa,braziliantouchmedspa.com,info@braziliantouchmedspa.com,info@braziliantouchmedspa.com,yes,ok,https://braziliantouchmedspa.com,medspa,"semaglutide, tirzepatide, liraglutide, nad+, glutathione",10
Bright Medical Spa,bright-medical-spa.com,brightmedspa@gmail.com,brightmedspa@gmail.com; drt824@gmail.com,yes,ok,https://bright-medical-spa.com,medspa,,1
BRILLIANT GLOW MEDISPA,brilliantglowmedispa.com,info@brilliantglowmedispa.com,info@brilliantglowmedispa.com; brilliantglowmedispa@gmail.com,yes,ok,https://brilliantglowmedispa.com,medspa,,1
Brunswick Medical Aesthetics,brunswickmedicalaesthetics.com,info@brunswickmedicalaesthetics.com,info@brunswickmedicalaesthetics.com,yes,ok,https://brunswickmedicalaesthetics.com,medspa,,2
BUTEX Medical Spa and Laser Treatment,butexmedspa.com,butexmedspa@gmail.com,butexmedspa@gmail.com,yes,ok,https://butexmedspa.com,medspa,GLP-1 weight loss peptides,3
Beau Visage Aesthetics,bvaesthetics.com,info@bvaesthetics.com,info@bvaesthetics.com,yes,ok,https://bvaesthetics.com,medspa,semaglutide,1
C3 Aesthetics & Wellness,c3aesthetics.com,info@c3aesthetics.com,info@c3aesthetics.com,yes,ok,https://c3aesthetics.com,medspa,glutathione,4
Calabasas Medical and Aesthetic Center,calabasasmac.com,info@calabasasmac.com,info@calabasasmac.com,yes,ok,https://calabasasmac.com,medspa,GLP-1 weight loss peptides,4
Calabasas Med Spa,calabasasmedspa.com,info@calabasasmedspa.com,info@calabasasmedspa.com,yes,ok,https://calabasasmedspa.com,medspa,"nad+, glutathione",3
California Aesthetics,californiaaesthetics.co,contact@californiaaesthetics.co,contact@californiaaesthetics.co,yes,ok,https://californiaaesthetics.co,medspa,,3
"Capital District Advanced Infusions in Latham, NY",capitaldistrictinfusions.com,management@capitaldistrictinfusions.com,management@capitaldistrictinfusions.com,yes,ok,https://capitaldistrictinfusions.com,medspa,"nad+, glutathione",3
Care Esthetics Delaware,careestheticsdelaware.com,info@careestheticsdelaware.com,info@careestheticsdelaware.com,yes,ok,https://careestheticsdelaware.com,medspa,GLP-1 weight loss peptides,6
Catara Med Spa,cataraspa.com,info@cataraspa.com,info@cataraspa.com,yes,ok,https://cataraspa.com,medspa,"semaglutide, tirzepatide",7
Cavina Wellness,cavinawellness.com,info@cavinawellness.com,info@cavinawellness.com,yes,ok,https://cavinawellness.com,medspa,,1
Cellé Medical Aesthetics & Wellness,cellemedical.com,admin@cellemedical.com,admin@cellemedical.com,yes,ok,https://cellemedical.com,medspa,nad+,3
Central Health MedSpa,centralhealthhawaii.com,admin@centralhealthhawaii.com,admin@centralhealthhawaii.com; centralhealthhawaii@gmail.com,yes,ok,https://centralhealthhawaii.com,medspa,"semaglutide, tirzepatide",3
Central Ohio Aesthetics Clinic,centralohioaesthetics.com,info@centralohioaesthetics.com,info@centralohioaesthetics.com; jsmith@centralohioaesthetics.com,yes,ok,https://centralohioaesthetics.com,medspa,,1
Central Park Aesthetique,centralparkaesthetique.com,centralparkaesthetique@gmail.com,centralparkaesthetique@gmail.com,yes,ok,https://centralparkaesthetique.com,medspa,GLP-1 weight loss peptides,5
Center for Plastic Surgery & Medspa,cfpsfargo.com,karisa@cfpsfargo.com,karisa@cfpsfargo.com; concierge@cfpsfargo.com,yes,ok,https://cfpsfargo.com,medspa,,2
Chrysalis Day Spa & Med Spa,chrysalisdayspa.com,chrysaliswinner@gmail.com,chrysaliswinner@gmail.com,yes,ok,https://chrysalisdayspa.com,medspa,glutathione,4
Ciao Bella Skin and Wellness at the Lake Laser Lounge,ciaobellaskinandwellness.com,cbskinandwellness@gmail.com,cbskinandwellness@gmail.com,yes,ok,https://ciaobellaskinandwellness.com,medspa,semaglutide,2
"CKE Rejuvenation in Richmond, VA",ckerejuvenationrva.com,ckerejuve@ckerejuvenationrva.com,ckerejuve@ckerejuvenationrva.com,yes,ok,https://ckerejuvenationrva.com,medspa,GLP-1 weight loss peptides,5
"CleVerChick Aesthetics & Wellness in Westlake, OH",cleverchickmedspa.com,info@cleverchickmedspa.com,info@cleverchickmedspa.com; hello@cleverchickmedspa.com,yes,ok,https://cleverchickmedspa.com,medspa,GLP-1 weight loss peptides,4
Cosmetic Skin Institute,cosmeticskininstitute.net,info@cosmeticskininstitute.com,info@cosmeticskininstitute.com,yes,ok,https://cosmeticskininstitute.net,medspa,GLP-1 weight loss peptides,3
"Custom Vitality IV in Brecksville, OH",customvitalityiv.com,inquiries@customvitalityiv.com,inquiries@customvitalityiv.com,yes,ok,https://customvitalityiv.com,medspa,"nad+, glutathione",4
Dawning Tranquility Esthetics,dawningtranquility.com,findbalance@dawningtranquility.com,findbalance@dawningtranquility.com,yes,ok,https://dawningtranquility.com,vendor,glutathione,1
"Deliberate Wellness Studio in Vineyard, UT",deliberatewellnessstudio.com,connect@deliberatewellnessstudio.com,connect@deliberatewellnessstudio.com,yes,ok,https://deliberatewellnessstudio.com,medspa,"nad+, glutathione",4
Destiny Drip Bar,destinydripbar.com,hello@destinydripbar.com,hello@destinydripbar.com,yes,ok,https://destinydripbar.com,medspa,nad+,2
"District Cryo in Washington, DC",districtcryo.com,info@districtcryo.com,info@districtcryo.com; %20info@districtcryo.com,yes,ok,https://districtcryo.com,medspa,"semaglutide, tirzepatide, nad+, ipamorelin, cjc-1295",14
Diversions Medspa & Wellness,diversionsmedspa.com,beautybydiversions@icloud.com,beautybydiversions@icloud.com,yes,ok,https://diversionsmedspa.com,medspa,"nad+, glutathione",5
DMP Beauty Med Spa PLLC,dmpbeauty.com,jannell@dmpbeauty.com,jannell@dmpbeauty.com,yes,ok,https://dmpbeauty.com,medspa,semaglutide,1
"DOSE Med Spa in White Plains, NY",dosemedspa.com,info@dosemedspa.com,info@dosemedspa.com,yes,ok,https://dosemedspa.com,medspa,GLP-1 weight loss peptides,4
"Doses of Wellness-Orlando Med Aesthetics + Wellness in Orlando, FL",dosesofwellness.com,dosesofwellness@gmail.com,dosesofwellness@gmail.com,yes,ok,https://dosesofwellness.com,medspa,,1
"Dr Drip IV Hydration and Wellness in Menifee, CA",drdripsiv.com,hello@drdripsiv.com,hello@drdripsiv.com,yes,ok,https://drdripsiv.com,medspa,"semaglutide, tirzepatide, bpc-157, nad+, dsip, glutathione",16
"Drip & Glow in Lakewood, CO",dripandglow.com,dripandglowiv@gmail.com,dripandglowiv@gmail.com,yes,ok,https://dripandglow.com,medspa,,1
"Drip Deluxe IV Therapy in Rancho Cucamonga, CA",dripdeluxe.org,info@dripdeluxe.org,info@dripdeluxe.org,yes,ok,https://dripdeluxe.org,medspa,,1
"Drip Lounge IV Bar in Seattle, WA",driploungewa.com,contact@driploungewa.com,contact@driploungewa.com,yes,ok,https://driploungewa.com,medspa,nad+,2
"Drip on by the Bay, Mobile IV Hydration in Arnold, MD",driponbythebay.com,mary@driponbythebay.com,mary@driponbythebay.com,yes,ok,https://driponbythebay.com,medspa,"semaglutide, glutathione",4
"Down to Earth Wellness Club in Greenwood, IN",dteclub.com,admin@dteclub.com,admin@dteclub.com,yes,ok,https://dteclub.com,medspa,nad+,3
Arike Aesthetics,dvaplasticsurgery.com,info@dvaplasticsurgery.com,info@dvaplasticsurgery.com,yes,ok,https://dvaplasticsurgery.com,medspa,semaglutide,7
"Dove Youthology Aesthetics Institute in Greensboro, NC",dyainstitute.com,info@dyainstitute.com,info@dyainstitute.com,yes,ok,https://dyainstitute.com,medspa,"nad+, glutathione",8
"Dynamic Recovery & Restore (Mobile IV Therapy) in Radnor, PA",dynamicrecoveryrestore.com,info@dynamicrecoveryrestore.com,info@dynamicrecoveryrestore.com,yes,ok,https://dynamicrecoveryrestore.com,medspa,GLP-1 weight loss peptides,4
"Eagle Holistic Health in Eagle, ID",eagleholistichealth.com,office@eagleholistichealth.com,office@eagleholistichealth.com,yes,ok,https://eagleholistichealth.com,medspa,glutathione,3
"East Coast IV in Belcamp, MD",eastcoastiv.com,info@eastcoastiv.com,info@eastcoastiv.com,yes,ok,https://eastcoastiv.com,medspa,"semaglutide, tirzepatide, nad+, glutathione",11
"Evolve from Within Aesthetic MedSpa in Concord, CA",efwmedspa.com,evolvefromwithinesthetics@gmail.com,evolvefromwithinesthetics@gmail.com,yes,ok,https://efwmedspa.com,medspa,GLP-1 weight loss peptides,4
"EKG IV Nutrition & Aesthetics / EKG Medspa in New Lenox, IL",ekgmedspa.com,ekgmedspa@gmail.com,ekgmedspa@gmail.com,yes,ok,https://ekgmedspa.com,medspa,"semaglutide, tirzepatide, retatrutide, cagrilintide, bpc-157, tb-500",31
"Element Wellness Center in Birmingham, AL",elementwellness.me,info@elementwellness.me,info@elementwellness.me,yes,ok,https://elementwellness.me,medspa,"semaglutide, tirzepatide, nad+",5
"elevate wellness lounge in South Lake Tahoe, CA",elevate-wellness.com,info@elevate-wellness.com,info@elevate-wellness.com; janine@elevate-wellness.com; frontdesk@elevate-wellness.com,yes,ok,https://elevate-wellness.com,medspa,glutathione,2
"Elevate Healing in South San Francisco, CA",elevatehealing.com,hello@elevatehealing.com,hello@elevatehealing.com,yes,ok,https://elevatehealing.com,medspa,glutathione,2
"Elevate SKN in Austin, TX",elevateskn.com,hello@elevateskn.com,hello@elevateskn.com,yes,ok,https://elevateskn.com,medspa,GLP-1 weight loss peptides,3
"Elevate Vero Beach in Vero Beach, FL",elevateverobeach.com,info@elevateverobeach.com,info@elevateverobeach.com,yes,ok,https://elevateverobeach.com,medspa,"semaglutide, nad+",8
"Elevate Wellness & Med Spa in Houston, TX",elevatewellmedspa.com,info@elevatewellmedspa.com,info@elevatewellmedspa.com,yes,ok,https://elevatewellmedspa.com,medspa,"nad+, glutathione",8
"EliteCare IV in Edmond, OK",elitecareiv.com,admin@elitecareiv.com,admin@elitecareiv.com,yes,ok,https://elitecareiv.com,medspa,"semaglutide, tirzepatide, nad+, glutathione",7
Elite MD,elitemdlui.com,info@elitemdlui.com,info@elitemdlui.com,yes,ok,https://elitemdlui.com,medspa,,2
ELIVATE Drip Spa,elivatedripspa.com,admin@elivatedripspa.com,info_mcallen@elivatedripspa.com; info_shary@elivatedripspa.com; info_weslaco@elivatedripspa.com; info_brownsville@elivatedripspa.com; admin@elivatedripspa.com,yes,ok,https://elivatedripspa.com,medspa,"nad+, glutathione",4
"Elizalde Medspa and Wellness in Glendale Heights, IL",elizaldemedspa.com,hello@elizaldemedspa.com,hello@elizaldemedspa.com,yes,ok,https://elizaldemedspa.com,medspa,"semaglutide, tirzepatide, glutathione",8
Elle Medical Aesthetics: Boutique Injectable and Skin Care Studio,ellemedicalaesthetics.online,info@ellemedicalaesthetics.com,info@ellemedicalaesthetics.com,yes,ok,https://ellemedicalaesthetics.online,medspa,glutathione,2
Elysian Medspa & Rejuvenation Center,elysianmedirejuv.com,info@elysianmedirejuv.com,info@elysianmedirejuv.com,yes,ok,https://elysianmedirejuv.com,medspa,tirzepatide,4
"Empower Wellness in Sycamore, IL",empowerwellnessllc.com,office@empowerwellnessllc.com,office@empowerwellnessllc.com,yes,ok,https://empowerwellnessllc.com,vendor,"nad+, glutathione",4
"Energi Wellness in Allentown, PA",energiwellness.com,info@energiwellness.com,info@energiwellness.com,yes,ok,https://energiwellness.com,medspa,nad+,3
"enforma in Los Angeles, CA",enforma-venice.com,info@enforma-venice.com,info@enforma-venice.com; careers@enforma-venice.com,yes,ok,https://enforma-venice.com,medspa,nad+,2
Esprit Health Clinic & MediSpa,esprithealthclinic.com,hello@esprithealthclinic.com,hello@esprithealthclinic.com,yes,ok,https://esprithealthclinic.com/services,medspa,,1
"Essential Health, LLC in Madison, WI",essentialhealthllc.com,info@essentialhealthllc.co,info@essentialhealthllc.co; info@essentialhealthllc.com,yes,ok,https://essentialhealthllc.com,medspa,"nad+, glutathione",3
"Ever IV in San Mateo, CA",everiv.com,hello@everiv.com,hello@everiv.com,yes,ok,https://everiv.com,medspa,"nad+, glutathione",6
"Evolve Wellness in Arnold, MO",evolvearnold.com,info@evolvearnold.com,info@evolvearnold.com,yes,ok,https://evolvearnold.com,medspa,"tirzepatide, nad+, glutathione",7
Evolve Healthcare,evolvehealthcareks.com,info@evolvehealthcareks.com,info@evolvehealthcareks.com,yes,ok,https://evolvehealthcareks.com,medspa,"semaglutide, tirzepatide",8
"Evo Med Spa in Spokane, WA",evomedspa.com,info@evomedspa.com,info@evomedspa.com,yes,ok,https://evomedspa.com,medspa,sermorelin,4
"Feeling 22 Aesthetics in Lancaster, PA",feeling22aesthetics.com,feeling22aesthetics@yahoo.com,feeling22aesthetics@yahoo.com,yes,ok,https://feeling22aesthetics.com,medspa,"semaglutide, tirzepatide",11
"Five Journeys in Newton, MA",fivejourneys.com,info@fivejourneys.com,info@fivejourneys.com,yes,ok,https://fivejourneys.com,medspa,kpv,3
Flo & Glo IV Wellness Lounge,flongloivcolumbia.com,info@flongloivcolumbia.com,info@flongloivcolumbia.com,yes,ok,https://flongloivcolumbia.com/pages/contact,medspa,nad+,3
"Flow & Glow Wellness Med Spa in Stateline, NV",flowtahoe.com,maggie@flowtahoe.com,maggie@flowtahoe.com,yes,ok,https://flowtahoe.com,medspa,"nad+, glutathione",6
"FNDATN Functional Medicine & Aesthetics in Boise, ID",fndatnfunctionalmedicine.com,foundationfunctionalmed@gmail.com,foundationfunctionalmed@gmail.com,yes,ok,https://fndatnfunctionalmedicine.com,vendor,,1
The Perfect Pearl,fondrenaesthetics.com,contact@fondrenaesthetics.com,contact@fondrenaesthetics.com,yes,ok,https://fondrenaesthetics.com,medspa,,1
"Fourth Tree Health in Camp Hill, PA",fourthtreehealth.com,info@fourthtreehealth.com,support@fourthtreehealth.com; info@fourthtreehealth.com,yes,ok,https://fourthtreehealth.com,medspa,nad+,3
"Freedom Wellness and Hydration in Lake Wylie, SC",freedomwellnessandhydration.com,info@freedomwellnessandhydration.com,info@freedomwellnessandhydration.com,yes,ok,https://freedomwellnessandhydration.com,medspa,nad+,6
Fundamentals Med Spa,fundamentalsmedspa.com,info@fundamentalsmedspa.com,info@fundamentalsmedspa.com,yes,ok,https://fundamentalsmedspa.com,medspa,,1
"Fusiondrip Hydration & Wellness in New Albany, OH",fusiondriphydration.com,info@fusiondriphydration.com,info@fusiondriphydration.com; orders@fusiondriphydration.com,yes,ok,https://fusiondriphydration.com,medspa,nad+,5
Geez Louise Aesthetics,geezlouiseaesthetics.com,geezlousieaesthetics@gmail.com,geezlousieaesthetics@gmail.com,yes,ok,https://geezlouiseaesthetics.com,medspa,,2
BEAUTIFY Medical Spa,getmebeautified.com,info@getmebeautified.com,info@getmebeautified.com,yes,ok,https://getmebeautified.com,medspa,"semaglutide, glutathione",3
"Get Up and Glo Medspa in Thomasville, NC",getupandglomedspa.com,questionsatgetupandglomedspa@gmail.com,questionsatgetupandglomedspa@gmail.com,yes,ok,https://getupandglomedspa.com,medspa,,1
Gillespie Plastic Surgery,gillespiemd.com,gillespieplasticsurgery@gmail.com,gillespieplasticsurgery@gmail.com,yes,ok,https://gillespiemd.com,medspa,semaglutide,3
"Glam Lab in Riverside, CA",glamlabmedspa.com,info@glamlabmedspa.com,info@glamlabmedspa.com,yes,ok,https://glamlabmedspa.com/about-us,medspa,semaglutide,2
"Glendale Whole Health in Glendale, CA",glendalewholehealth.com,info@glendalewholehealth.com,info@glendalewholehealth.com,yes,ok,https://glendalewholehealth.com,medspa,"nad+, glutathione",7
Glo Up Med Spa,glo-upmedspawichita.com,support@glo-upmedspawichita.com,support@glo-upmedspawichita.com,yes,ok,https://glo-upmedspawichita.com,medspa,glutathione,3
"Glow By K2 Aesthetics and Beauty Bar in Louisville, KY",glowbyk2.com,glowbyk2@gmail.com,glowbyk2@gmail.com,yes,ok,https://glowbyk2.com,medspa,,3
Garden of Bloom Med Spa,gobmedspa.com,gardenofbloom.medspa@gmail.com,gardenofbloom.medspa@gmail.com,yes,ok,https://gobmedspa.com,medspa,"semaglutide, tirzepatide, liraglutide, nad+",12
"Golden Halo Concierge Nursing in Buffalo, NY",goldenhalonurse.com,goldenhalonurse@gmail.com,goldenhalonurse@gmail.com,yes,ok,https://goldenhalonurse.com,medspa,"nad+, glutathione",6
Go To Wellness Center: Southtowns Colon Hydrotherapy & More in Orchard,gotowellnesscenter.com,gotowellnesscenter@gmail.com,gotowellnesscenter@gmail.com,yes,ok,https://gotowellnesscenter.com,medspa,,2
"GOTOX Aesthetics in Wyandotte, MI",gotoxaesthetics.com,gotoxaesthetics@gmail.com,gotoxaesthetics@gmail.com,yes,ok,https://gotoxaesthetics.com,medspa,GLP-1 weight loss peptides,4
Graceful Glow Medspa,gracefulglowmedspa.org,contact@gracefulglowmedspa.org,contact@gracefulglowmedspa.org,yes,ok,https://gracefulglowmedspa.org,medspa,"semaglutide, glutathione",7
"Happy Drip IV & Wellness in Bedford, TX",happydripiv.com,info@happydripiv.com,info@happydripiv.com,yes,ok,https://happydripiv.com,medspa,"semaglutide, tirzepatide, nad+, glutathione",18
Harmony Med Spa,harmonymedspa.net,yourbestself@harmonymedspa.net,yourbestself@harmonymedspa.net,yes,ok,https://harmonymedspa.net,medspa,GLP-1 weight loss peptides,6
"Haus of Drip, Spa & Wellness in Henrico, VA",hausofdripspawellness.com,info@hausofdripspawellness.com,info@hausofdripspawellness.com,yes,ok,https://hausofdripspawellness.com,medspa,,1
"Hayat Wellness Center in Minneapolis, MN",hayatwellnesscenter.com,info@hayatwellnesscenter.com,info@hayatwellnesscenter.com,yes,ok,https://hayatwellnesscenter.com,medspa,"nad+, glutathione",4
Health Haus Beverly Hills- IV Drip Therapy,healthhausmed.com,info@healthhausmed.com,info@healthhausmed.com,yes,ok,https://healthhausmed.com,medspa,"semaglutide, tirzepatide, nad+, glutathione",6
"Healthier Wellness in Alexandria, VA",healthier-wellness.com,info@healthier-wellness.com,info@healthier-wellness.com,yes,ok,https://healthier-wellness.com,medspa,"semaglutide, tirzepatide, nad+",6
"Healthspan in Miami, FL",healthspanrecovery.com,info@healthspanrecovery.com,info@healthspanrecovery.com,yes,ok,https://healthspanrecovery.com/contact-us,medspa,,1
"Health & Vitality Clinic in Crofton, MD",healthvitalityclinic.com,info@healthvitalityclinic.com,info@healthvitalityclinic.com,yes,ok,https://healthvitalityclinic.com,medspa,glutathione,4
"Healthy Way MedSpa in Sarasota, FL",healthywaymedspa.com,healthywaymedspa@gmail.com,healthywaymedspa@gmail.com,yes,ok,https://healthywaymedspa.com,medspa,"semaglutide, tirzepatide, bpc-157, tb-500, thymosin alpha-1, sermorelin",13
Hidden Springs Wellness & Med Spa,hiddenspringsmedspa.com,info@hiddenspringsmedspa.com,info@hiddenspringsmedspa.com,yes,ok,https://hiddenspringsmedspa.com,medspa,glutathione,4
"Higher Hydration Mobile IV Wellness in Chandler, AZ",higherhydrationmobileiv.com,info@higherhydrationmobileiv.com,info@higherhydrationmobileiv.com,yes,ok,https://higherhydrationmobileiv.com,medspa,nad+,2
"Holistic Health Collective of West Michigan in Grand Rapids, MI",holistichealthwm.com,hello@holistichealthwm.com,hello@holistichealthwm.com,yes,ok,https://holistichealthwm.com,medspa,,1
"Holistique Medical Center & IV Lounge in Bellevue, WA",holistique.com,info@holistique.com,info@holistique.com,yes,ok,https://holistique.com,medspa,"nad+, glutathione",7
Hollyday Med Spa + Aesthetics,hollydayspa.com,hollydayinc@gmail.com,hollydayinc@gmail.com,yes,ok,https://hollydayspa.com,medspa,,2
"Hotshots Healthcare LLC in Sapulpa, OK",hotshotshealthcarellc.com,info@hotshotshealthcarellc.com,info@hotshotshealthcarellc.com,yes,ok,https://hotshotshealthcarellc.com,medspa,nad+,2
Hush LA Medspa,hushla.net,info@hushla.net,info@hushla.net,yes,ok,https://hushla.net,medspa,,1
"Hydr801 Infusion and Wellness in West Haven, UT",hydr801infusions.com,hydr801infusion@gmail.com,hydr801infusion@gmail.com,yes,ok,https://hydr801infusions.com,medspa,"semaglutide, tirzepatide, nad+, glutathione",11
"Hydr828 IV hydration and Aesthetics in Franklin, NC",hydr828.com,kelli@hydr828.com,kelli@hydr828.com,yes,ok,https://hydr828.com,medspa,"nad+, glutathione",2
Hydr865,hydr865.com,hello@hydr865.com,hello@hydr865.com,yes,ok,https://hydr865.com,medspa,glutathione,7
"Hydration Hub IV in Stroudsburg, PA",hydrationhubiv.com,info@hydrationhubiv.com,info@hydrationhubiv.com,yes,ok,https://hydrationhubiv.com,medspa,"semaglutide, nad+",4
Hydriglo Health and Wellness,hydriglowellness.com,info@hydriglowellness.com,info@hydriglowellness.com,yes,ok,https://hydriglowellness.com,medspa,glutathione,5
"HydroGlo in Turlock, CA",hydroglomedspa.com,hello@hydroglomedspa.com,hello@hydroglomedspa.com,yes,ok,https://hydroglomedspa.com,medspa,,1
"IGIA Wellness & MedSpa, LLC in North Royalton, OH",igiamedspa.com,hello@igiamedspa.com,hello@igiamedspa.com; igiaspa@gmail.com; mywellness@igiamedspa.com,yes,ok,https://igiamedspa.com,medspa,"nad+, sermorelin, glutathione, semaglutide, tirzepatide",9
Integrated Health Solutions,ihsindy.com,amie@ihsindy.com,amie@ihsindy.com,yes,ok,https://ihsindy.com,medspa,,1
"I IV Hydration & Wellness in Bentonville, AR",iivnwa.com,info@iivnwa.com,info@iivnwa.com,yes,ok,https://iivnwa.com,medspa,"nad+, glutathione",5
"Illume Wellbeing-Ketamine Clinic in Spokane Valley, WA",illume-wellbeing.com,d.wolff@illumewellbeing.onmicrosoft.com,d.wolff@illumewellbeing.onmicrosoft.com,yes,ok,https://illume-wellbeing.com,medspa,,1
"Ilume Aesthetics in Stoughton, WI",ilumeaesthetics.com,ilumeaesthetics@gmail.com,ilumeaesthetics@gmail.com,yes,ok,https://ilumeaesthetics.com,medspa,GLP-1 weight loss peptides,3
"Internal Medicine Partners in Naples, FL",impnaples.com,admin@impnaples.com,admin@impnaples.com,yes,ok,https://impnaples.com,medspa,nad+,2
"Indianola IV & Wellness in Indianola, IA",indianolaiv.com,hello@indianolaiv.com,hello@indianolaiv.com,yes,ok,https://indianolaiv.com,medspa,"tirzepatide, glutathione",9
"Indulge Injectables in Islip, NY",indulgeinjectables.com,ruthmendez@indulgeinjectables.com,ruthmendez@indulgeinjectables.com; gisellisorantes@indulgeinjectables.com,yes,ok,https://indulgeinjectables.com,medspa,"semaglutide, tirzepatide",3
"Infinite Hydration in Modesto, CA",infiniteivhydration.com,info@infiniteivhydration.com,info@infiniteivhydration.com,yes,ok,https://infiniteivhydration.com,medspa,"nad+, glutathione",4
Infuse IV Hydration,infuseivhydration.com,infusehydration@gmail.com,infusehydration@gmail.com,yes,ok,https://infuseivhydration.com,medspa,"nad+, glutathione",3
"Infuse Wellness in The Woodlands, TX",infusewellnesstx.com,info@infusewellnesstx.com,info@infusewellnesstx.com,yes,ok,https://infusewellnesstx.com,medspa,,1
Infusia IV Hydration and MedSpa,infusiaivhydrationmedspa.com,info@infusiaivhydrationmedspa.com,info@infusiaivhydrationmedspa.com,yes,ok,https://infusiaivhydrationmedspa.com,medspa,,1
"InfusIVe IV Hydration and Wellness in Elmira Heights, NY",infusivewellness.com,infusiveiv@gmail.com,infusiveiv@gmail.com,yes,ok,https://infusivewellness.com,medspa,"nad+, glutathione",5
"Infuzen Health in Keller, TX",infuzenhealth.com,info@infuzenhealth.com,info@infuzenhealth.com; sshadwick@infuzenhealth.com,yes,ok,https://infuzenhealth.com,medspa,"nad+, sermorelin, glutathione",5
"Innovation Hydration Wellness Center in Easley, SC",innovationhydrationiv.com,info@innovationhydrationiv.com,info@innovationhydrationiv.com,yes,ok,https://innovationhydrationiv.com,medspa,semaglutide,4
"Inspire Wellness in Rogers, AR",inspiremywellness.com,info@inspiremywellness.com,info@inspiremywellness.com,yes,ok,https://inspiremywellness.com,medspa,"semaglutide, nad+, glutathione",7
"Integrative Wellness IV in El Paso, TX",integrativewellnessiv.com,wellness.iv.admen@gmail.com,wellness.iv.admen@gmail.com; integrativewellnessiv@gmail.com,yes,ok,https://integrativewellnessiv.com,medspa,"bpc-157, thymosin beta-4, thymosin alpha-1, nad+, ipamorelin, sermorelin",21
"InVinity Wellness Center in Silver Spring, MD",invinitywellness.org,invinity@invinitywellness.org,invinity@invinitywellness.org,yes,ok,https://invinitywellness.org,medspa,,1
"IV MD in Zachary, LA",iv-md.com,info@iv-md.com,info@iv-md.com,yes,ok,https://iv-md.com,medspa,"semaglutide, tirzepatide, retatrutide, nad+, glutathione",7
"IV Boss Premier Wellness LLC in Barrington, IL",ivbosswellness.com,ivbosskristin@gmail.com,ivbosskristin@gmail.com,yes,ok,https://ivbosswellness.com,medspa,glutathione,2
"IV Boulder in Boulder, CO",ivboulder.com,bihivclinic@gmail.com,bihivclinic@gmail.com,yes,ok,https://ivboulder.com,medspa,"nad+, glutathione",3
"IV Essence & Aesthetics in San Antonio, TX",ivessence.com,staff@ivessence.com,staff@ivessence.com,yes,ok,https://ivessence.com,medspa,,1
"IV Hydration and Beyond in Paso Robles, CA",ivhab.com,askhanna@ivhab.com,askhanna@ivhab.com,yes,ok,https://ivhab.com,medspa,"semaglutide, tirzepatide, nad+, glutathione",9
"IV Infusion Lounge in Floresville, TX",ivinfusionlounge.com,ivinfusionlounge1@gmail.com,ivinfusionlounge1@gmail.com,yes,ok,https://ivinfusionlounge.com,medspa,nad+,3
"IVitality Bellevue in Bellevue, WA",ivitalitylife.com,support@ivitalitylife.com,scheduling@ivitalitylife.com; support@ivitalitylife.com,yes,ok,https://ivitalitylife.com,medspa,"semaglutide, tirzepatide, oxytocin",9
"IVMEDSPA in Albuquerque, NM",ivmedspa.com,info@ivmedspa.com,info@ivmedspa.com,yes,ok,https://ivmedspa.com,medspa,,2
"IV Therapeutics in Naples, FL",ivtherapy.health,info@ivtherapy.health,info@ivtherapy.health,yes,ok,https://ivtherapy.health,medspa,"nad+, glutathione",3
"IV Therapy & Wellness San Antonio, PLLC in San Antonio, TX",ivtherapysa.com,ivtherapy_sa@yahoo.com,ivtherapy_sa@yahoo.com,yes,ok,https://ivtherapysa.com,medspa,,2
"IV Therapy WA in Renton, WA",ivtherapywa.com,hello@ivtherapywa.com,hello@ivtherapywa.com,yes,ok,https://ivtherapywa.com,medspa,"semaglutide, nad+, glutathione",4
"IV Wellness & Beauty Spa LLC in Maplewood, MN",ivwellnessbeautyspa.com,zoualyang@gmail.com,zoualyang@gmail.com,yes,ok,https://ivwellnessbeautyspa.com,medspa,,1
"IV Wellness Lemont in Lemont, IL",ivwellnesslemont.com,ivwellnesslemont@outlook.com,ivwellnesslemont@outlook.com,yes,ok,https://ivwellnesslemont.com,medspa,"nad+, glutathione",3
"Cult Med Spa + IV Bar in Southfield, MI",jointhecultdetroit.com,info@jointhecultdetroit.com,info@jointhecultdetroit.com,yes,ok,https://jointhecultdetroit.com,medspa,,1
"Late Night Medspa, Chicago",latenightmedspa.com,info@latenightmedspa.com,info@latenightmedspa.com,yes,ok,https://latenightmedspa.com,medspa,GLP-1 weight loss peptides,5
Legacy Med Spa,legacymedspasd.com,hello@legacymedspasd.com,hello@legacymedspasd.com,yes,ok,https://legacymedspasd.com,medspa,,1
LF Medical,lf-med.com,info@lf-med.com,info@lf-med.com,yes,ok,https://lf-med.com,medspa,glutathione,3
AGS Cosmetic Injections “Ms. Botox of Idaho”,lipsandlashes.glossgenius.com,lipsandlashes.idahofalls@gmail.com,lipsandlashes.idahofalls@gmail.com,yes,ok,https://lipsandlashes.glossgenius.com,medspa,tirzepatide,2
Love Laser & Med Spa,lovelaserandmedspa.org,lovelasertoo@gmail.com,lovelasertoo@gmail.com,yes,ok,https://lovelaserandmedspa.org,medspa,tirzepatide,1
Mariposa Medical Spa,mariposamedicalspa.com,mariposamedicalspa@gmail.com,mariposamedicalspa@gmail.com,yes,ok,https://mariposamedicalspa.com,medspa,"nad+, glutathione",6
Marlana Aesthetics & Wellness,marlanaaesthetics.com,info@marlanaaesthetics.com,info@marlanaaesthetics.com; injectormama@gmail.com,yes,ok,https://marlanaaesthetics.com,medspa,GLP-1 weight loss peptides,3
MaxAesthetics,maxaesthetics.com,maxaesthetics@maxaesthetics.com,maxaesthetics@maxaesthetics.com,yes,ok,https://maxaesthetics.com,medspa,"semaglutide, tirzepatide",9
Meadow Med Spa + Aesthetics,meadowaesthetics.com,info@meadowaesthetics.com,info@meadowaesthetics.com,yes,ok,https://meadowaesthetics.com,medspa,"semaglutide, tirzepatide",4
ALCHEME Medical Spa Del Mar,medspa-delmar.alchemehealth.com,info@alchemehealth.com,info@alchemehealth.com,yes,ok,https://medspa-delmar.alchemehealth.com,medspa,nad+,7
ALCHEME Medical Spa La Jolla,medspa-lajolla.alchemehealth.com,info@alchemehealth.com,info@alchemehealth.com,yes,ok,https://medspa-lajolla.alchemehealth.com,medspa,nad+,6
Bella MedSpa,mybellamedspa.com,info@mybellamedspa.com,info@mybellamedspa.com,yes,ok,https://mybellamedspa.com,medspa,GLP-1 weight loss peptides,2
"💧DRIP in McHenry, IL",mydripclinic.com,info@mydripclinic.com,info@mydripclinic.com,yes,ok,https://mydripclinic.com,medspa,"nad+, glutathione",5
Eden MedSpa,myedenmedspa.com,frontdesk@myedenmedspa.com,frontdesk@myedenmedspa.com,yes,ok,https://myedenmedspa.com,medspa,"semaglutide, nad+, glutathione",7
Lyfe Aesthetics & MedSpa,mylyfemedspa.com,lyfemedspa@gmail.com,lyfemedspa@gmail.com,yes,ok,https://mylyfemedspa.com,medspa,semaglutide,3
New Med Spa,newmedspas.com,info@newmedspa.com,info@newmedspa.com,yes,ok,https://newmedspas.com,medspa,GLP-1 weight loss peptides,3
Oahu Med Spa,oahumedspakahala.com,info@oahumedspakahala.com,info@oahumedspakahala.com; oahumedspa@gmail.com,yes,ok,https://oahumedspakahala.com,medspa,glutathione,3
Oasis Day Spa,oasisdayspaeast.com,info@oasisdayspaeast.com,info@oasisdayspaeast.com,yes,ok,https://oasisdayspaeast.com,medspa,nad+,1
Omorfia Medical Spa,omorfiamedicalspa.com,omorfiamedicalspa@gmail.com,omorfiamedicalspa@gmail.com,yes,ok,https://omorfiamedicalspa.com,medspa,,1
"Preventive Medicine in Colchester, VT",preventivemedicinevt.com,info@preventivemedicinevt.com,info@preventivemedicinevt.com; preventivemedicinevt@gmail.com,yes,ok,https://preventivemedicinevt.com,medspa,,2
Rejuvenations Medi Spa,rejuvenationsmedispa.com,cs@rejuvenationsmedispa.com,cs@rejuvenationsmedispa.com,yes,ok,https://rejuvenationsmedispa.com,medspa,,3
ReJuvenere Medical Spa,rejuveneremedspa.com,hello@rejuveneremedspa.com,hello@rejuveneremedspa.com,yes,ok,https://rejuveneremedspa.com,medspa,,1
"High Sierra Restorative Health in Incline Village, NV",restorativehealthnv.com,info@restorativehealthnv.com,info@restorativehealthnv.com,yes,ok,https://restorativehealthnv.com,medspa,"semaglutide, tirzepatide, nad+, sermorelin, cjc-1295, pt-141",11
Sculpt Spa,sculptspalv.com,info@sculptspalv.com,info@sculptspalv.com,yes,ok,https://sculptspalv.com,medspa,"semaglutide, tirzepatide, nad+, glutathione",6
Skin Medics,skinmedicsmedicalspa.com,skinmedicsspa@gmail.com,skinmedicsspa@gmail.com,yes,ok,https://skinmedicsmedicalspa.com,medspa,,1
Smithfield Aesthetics,smithfieldaesthetics.com,smithfieldaesthetics@icloud.com,smithfieldaesthetics@icloud.com,yes,ok,https://smithfieldaesthetics.com,medspa,semaglutide,3
SoBo Aesthetics,soboaesthetics.com,erica@soboaesthetics.com,erica@soboaesthetics.com,yes,ok,https://soboaesthetics.com,medspa,,1
The Aesthetic Life Med Spa & Wellness,theaestheticlifeomaha.com,abbey@theaestheticlifeomaha.com,abbey@theaestheticlifeomaha.com,yes,ok,https://theaestheticlifeomaha.com,medspa,"semaglutide, tirzepatide, glutathione",11
The Aesthetic Method Medical Spa,theaestheticmethod.com,info@theaestheticmethod.com,info@theaestheticmethod.com; nfo@theaestheticmethod.com,yes,ok,https://theaestheticmethod.com,medspa,nad+,1
Apex Med Spa,theapexmedspa.com,info@theapexmedspa.com,info@theapexmedspa.com,yes,ok,https://theapexmedspa.com,medspa,semaglutide,3
ARA Med Spa,thearamedspa.com,info@thearamedspa.com,info@thearamedspa.com,yes,ok,https://thearamedspa.com,medspa,GLP-1 weight loss peptides,5
The Beautie Bar,thebeautiebar.com,info@thebeautiebar.com,info@thebeautiebar.com; hello@thebeautiebar.com,yes,ok,https://thebeautiebar.com,medspa,"semaglutide, tirzepatide, bpc-157, ipamorelin, sermorelin, cjc-1295",12
Cherry Creek Med Spa,thecherrycreekmedspa.com,contact@thecherrycreekmedspa.com,contact@thecherrycreekmedspa.com,yes,ok,https://thecherrycreekmedspa.com,medspa,,1
"Drenched Wellness in Greenville, SC",thedrenchedwellness.com,info@thedrenchedwellness.com,info@thedrenchedwellness.com,yes,ok,https://thedrenchedwellness.com,medspa,GLP-1 weight loss peptides,3
"Hangover IV in Las Vegas, NV",thehangoveriv.com,hangoverivsocial@gmail.com,hangoverivsocial@gmail.com,yes,ok,https://thehangoveriv.com,medspa,nad+,2
"Hydration Haven IV Therapy and Wellness in Schenectady, NY",thehydrationhaven.com,hydrationhaven23@gmail.com,hydrationhaven23@gmail.com,yes,ok,https://thehydrationhaven.com,medspa,GLP-1 weight loss peptides,4
Modern Dose Aesthetics & Wellness,themoderndose.com,hello@themoderndose.com,hello@themoderndose.com,yes,ok,https://themoderndose.com,medspa,"semaglutide, tirzepatide",4
Touch Aesthetic,touchaesthetic.com,alexish@touchaesthetic.com,alexish@touchaesthetic.com,yes,ok,https://touchaesthetic.com,medspa,"semaglutide, glutathione",4
très j Medspa,tresjmedspa.com,jj@tresjmedspa.com,jj@tresjmedspa.com,yes,ok,https://tresjmedspa.com,medspa,GLP-1 weight loss peptides,2
Unfiltered Beauty Medspa,unfilteredbeautymedspa.com,frontdesk@unfilteredbeautymedspa.com,frontdesk@unfilteredbeautymedspa.com,yes,ok,https://unfilteredbeautymedspa.com,medspa,"semaglutide, tirzepatide, nad+, glutathione",13
"Vital Flow Hydration & Wellness Hurricane in Hurricane, WV",vitalflowwv.com,vital@vitalflowwv.com,vital@vitalflowwv.com,yes,ok,https://vitalflowwv.com,medspa,"nad+, glutathione",3
Vitality Infusions,vitalityiv.com,info@vitalityiv.com,info@vitalityiv.com,yes,ok,https://vitalityiv.com,medspa,"nad+, glutathione",3
"Infusion Associates in Grand Rapids, MI",vivoinfusion.com,info@vivoinfusion.com,info@vivoinfusion.com,yes,ok,https://vivoinfusion.com,medspa,,1
Vue Medical Spa,vuemedicalspa.com,hello@vuemedicalspa.com,hello@vuemedicalspa.com,yes,ok,https://vuemedicalspa.com,medspa,"semaglutide, tirzepatide, nad+, glutathione",7
Atlantis Aesthetics,welcometoatlantis.com,info@welcometoatlantis.com,info@welcometoatlantis.com,yes,ok,https://welcometoatlantis.com,medspa,,1
White Velvet Aesthetics,whitevelvet.us,info@whitevelvet.us,info@whitevelvet.us,yes,ok,https://whitevelvet.us,medspa,,2
ZenSkin Bristol,zenskinbristol.org,info@zenskinbristol.com,info@zenskinbristol.com,yes,ok,https://zenskinbristol.org,medspa,tirzepatide,1
Bamford Wellness Spa,1hotels.com,1bb-guestexperience@1hotels.com,1bb-guestexperience@1hotels.com; anatomy.hanalei@1hotels.com; bna1hna.spa@1hotels.com; sfo1hsf.concierge@1hotels.com,yes,no_peptides,https://1hotels.com,vendor,,0
207 LASER & Integrative MED,207laser.com,,,,no_email,,vendor,,0
Aesthetica Medical Spa,406aesthetica.com,,,yes,no_email,https://406aesthetica.com,medspa,"semaglutide, tirzepatide",10
"444IV Wellness Lounge in View Park-Windsor Hills, CA",444ivwellness.com,,,,no_email,,vendor,,0
Brighter Smiles Med Spa and Laser Center,4brightersmiles.com,,,yes,no_email,https://4brightersmiles.com,medspa,glutathione,2
4Ever Young Med Spa & Wellness Center,4everyoungantiaging.com,,,yes,no_email,https://4everyoungantiaging.com,medspa,"semaglutide, tirzepatide",7
"Five One Five Wellness and Aesthetics in Grimes, IA",515wellness.com,,,yes,no_email,https://515wellness.com,medspa,"semaglutide, tirzepatide, retatrutide, nad+, glutathione",13
"719 Revive Med Spa in Colorado Springs, CO",719-revivemedspa.com,,,,unreachable,,,,
"7 Seas Medical Spa in Augusta, GA",7seasmedspa.com,,,yes,no_email,https://7seasmedspa.com,medspa,,0
816 Aesthetic Med Spa,816medspa.com,,,yes,no_email,https://816medspa.com,medspa,,1
AESTHETICS 360° Face & Body Center,a360mke.com,,,yes,no_email,https://a360mke.com/contact,medspa,,0
"Anti-Aging Centers of Connecticut in West Haven, CT",aacofct.com,,,,no_email,https://aacofct.com,medspa,,0
Angel Aesthetics Med Spa,aamedspas.com,angelaestheticsmedspa@gmail.com,angelaestheticsmedspa@gmail.com,yes,already known,https://aamedspas.com,medspa,,1
AB Aesthetics,abaestheticsspa.com,,,,unreachable,,,,
"Face Card Clinics in Honolulu, HI",abcfu.myaestheticrecord.com,,,,no_email,https://abcfu.myaestheticrecord.com,medspa,,0
Absolute Wellness Healing Spa,absolutewellnesshealingspa.com,,,yes,no_email,https://absolutewellnesshealingspa.com,vendor,,0
"Absorb IV Corporation in Bakersfield, CA",absorbiv.com,,,,no_email,https://absorbiv.com,vendor,,0
"Activate Wellness Infusions in Rockville, MD",activatewellnessco.com,hello@activatewellnessco.com,hello@activatewellnessco.com,,no_us_signal,https://activatewellnessco.com,vendor,"semaglutide, nad+, tirzepatide",9
Adeline Wellness Spa,adelinespa.com,,,yes,no_email,https://adelinespa.com,medspa,,0
Adora Day Spa,adoradayspa.com,,,yes,no_email,https://adoradayspa.com,medspa,,0
a•dore aesthetics and medspa,adoremedspaomaha.com,,,yes,no_email,https://adoremedspaomaha.com,medspa,,2
Adorn Medical Aesthetics,adornmed.com,,,yes,no_email,https://adornmed.com,medspa,GLP-1 weight loss peptides,3
Bespoke Aesthetics + Wellness,adrienneshostak.com,info@adrienneshostak.com,info@adrienneshostak.com; orders@adrienneshostak.com,yes,no_peptides,https://adrienneshostak.com,medspa,,0
"Advanced IV Health in Tucson, AZ",advancedivhealth.com,rochoji@icloud.com,rochoji@icloud.com,,no_us_signal,https://advancedivhealth.com,medspa,,1
"Advanced Hyperbaric, Wound Care & IV Infusion Clinic in Chattanooga, T",advhbot.com,advhbot@gmail.com,advhbot@gmail.com,yes,no_peptides,https://advhbot.com,medspa,,0
"Advanced Wellness Solutions in Reno, NV",advwellsolutions.com,,,yes,no_email,https://advwellsolutions.com,vendor,,0
"AERTHIQUE SKINTHETICS in Long Beach, CA",aerthique.com,aerthiquestaff@gmail.com,aerthiquestaff@gmail.com,yes,no_peptides,https://aerthique.com,medspa,,0
"Aesthé by MD in Stamford, CT",aesthect.com,,,,unreachable,,,,
Aesthete Beauty Co,aesthetebeautyco.com,,,,unreachable,,,,
Aesthetica Houston Med Spa,aestheticahoustonmedspa.com,,,yes,no_email,https://aestheticahoustonmedspa.com,medspa,,1
"Aesthetically You and Weight Loss Too in Covington, KY",aestheticallyyoumedspa.glossgenius.com,fitandsnatched2@gmail.com,fitandsnatched2@gmail.com,yes,already known,https://aestheticallyyoumedspa.glossgenius.com,medspa,"semaglutide, tirzepatide, pt-141, glutathione",7
Aesthetica MD Med Spa,aestheticamdcypress.com,info@aestheticamdcypress.com,info@aestheticamdcypress.com,,no_peptides,https://aestheticamdcypress.com,medspa,,0
Aesthetica MD Spa,aestheticamdmedspa.com,,,,unreachable,,,,
Aesthetica Medi Spa,aestheticamedi.com,questions@aestheticamedi.com,questions@aestheticamedi.com,yes,no_peptides,https://aestheticamedi.com,medspa,,0
Aesthetica Med Spa of San Diego,aestheticamedspasd.com,aestheticamedspasd@gmail.com,aestheticamedspasd@gmail.com,yes,already known,https://aestheticamedspasd.com,medspa,"bpc-157, sermorelin, epithalon, pt-141, ghk-cu, glutathione",9
Aesthetica Med Spa,aestheticamspa.com,,,,unreachable,,,,
"Aesthetica Skin Health & Wellness Clinic, Inc.",aestheticaskinhealthandwellness.com,,,yes,no_email,https://aestheticaskinhealthandwellness.com,medspa,"semaglutide, tirzepatide, retatrutide",9
Aesthetic Boutique Medspa,aestheticboutiquemedspa.com,,,,no_email,https://aestheticboutiquemedspa.com,vendor,,0
"Aesthetic Couture, PLLC in Greensboro, NC",aestheticouture.com,info@aestheticouture.com,acmedspa@gmail.com; info@aestheticouture.com,yes,no_peptides,https://aestheticouture.com,medspa,,0
Aesthetics by Eileen,aesthetics-by-eileen.com,,,,no_email,,vendor,,0
Aesthetics & Wellness of Central Florida,aestheticscentralfl.com,hello@aestheticscentralfl.com,hello@aestheticscentralfl.com,yes,no_peptides,https://aestheticscentralfl.com,medspa,,0
AestheticsMD by Jean Rhee Upper East Side,aestheticsmd.co,,,,no_email,https://aestheticsmd.co,medspa,,0
Aesthetics Med and Wellness by G,aestheticsmedbyg.com,,,yes,no_email,https://aestheticsmedbyg.com,medspa,,0
Aesthetics MedSpa,aestheticsmedspa.com,,,,unreachable,,,,
"Aesthetic Solutions in Wichita, KS",aestheticsolutionsks.com,,,yes,no_email,https://aestheticsolutionsks.com,medspa,GLP-1 weight loss peptides,4
AESTHETIQ Institute,aesthetiqinstitute.com,,,,unreachable,,,,
AesthetIQ Med Spa,aesthetiqmedspa.com,info@aesthetiqmedspa.com,info@aesthetiqmedspa.com; aesthetiqinstitute@gmail.com,yes,no_peptides,https://aesthetiqmedspa.com/contact,medspa,,0
AesthetiSpa Cosmetic Skin & Laser Center,aesthetispa.com,,,,no_email,https://aesthetispa.com,medspa,,0
Aestique Medispa,aestiquemedispa.com,,,,no_email,https://aestiquemedispa.com,medspa,,0
Aeternia Aesthetics and Wellness,aeterniaaestheticsandwellness.com,,,,unreachable,,,,
Afzal Clinics,afzalclinics.com,hello@afzalclinics.com,hello@afzalclinics.com,,no_peptides,https://afzalclinics.com,medspa,,0
Agape Medical Spa & Weight Loss Center,agapemedical.com,,,yes,no_email,https://agapemedical.com,medspa,,0
Ageless & Beautiful Medical Spa,agelessandbeautiful.com,,,yes,no_email,https://agelessandbeautiful.com,medspa,"semaglutide, tirzepatide",6
Ageless Aesthetics,agelessbyreva.com,info@agelessbyreva.com,info@agelessbyreva.com; %20info@agelessbyreva.com,yes,no_peptides,https://agelessbyreva.com,medspa,,0
"Ageless Elite in Naples, FL",agelesselite.com,,,yes,no_email,https://agelesselite.com,medspa,"semaglutide, tirzepatide, bpc-157, tb-500, nad+, ipamorelin",18
Ageless Expressions,agelessexpressionsmedspa.com,,,yes,no_email,https://agelessexpressionsmedspa.com,medspa,"semaglutide, tirzepatide, nad+",6
Ageless Aesthetics,agelessindy.com,,,yes,no_email,https://agelessindy.com,medspa,GLP-1 weight loss peptides,2
Ageless Medical Spa,agelesslaser.com,,,yes,no_email,https://agelesslaser.com,medspa,,0
Ageless Las Vegas,agelesslasvegas.com,,,,unreachable,,,,
AgeLess Medical Aesthetics,agelessmedical307.com,info@agelessmedical307.com,info@agelessmedical307.com,yes,no_peptides,https://agelessmedical307.com,medspa,,0
Ageless Aesthetics MD,agelessmedmd.com,,,yes,no_email,https://agelessmedmd.com,medspa,,0
Ageless MedSpa,agelessmedspa.com,,,,no_email,,vendor,,0
Ageless,agelessmedspaiowa.com,,,yes,no_email,https://agelessmedspaiowa.com,medspa,GLP-1 weight loss peptides,4
Ageless MedSpa Lakewood,agelesssalonandspa.com,,,,unreachable,,,,
Ageless Aesthetics,agelesssantafe.com,,,yes,no_email,https://agelesssantafe.com,medspa,GLP-1 weight loss peptides,5
Ageless Skin Co.,agelessskinco.com,info@agelessskinco.com,info@agelessskinco.com,yes,no_peptides,https://agelessskinco.com,medspa,,0
Ageless Skin Rejuvenation,agelessskinrejuvenation.com,,,,no_email,,vendor,,0
Age Management Optimal Wellness Center,agemanagementoptimalwellness.com,,,yes,no_email,https://agemanagementoptimalwellness.com,medspa,GLP-1 weight loss peptides,6
Age-less Weigh-less,ageweighless.com,,,,no_email,,vendor,,0
"A Great Massage (Asian Massage Therapy for Pain, Stress and Relaxation",agreatmassagetn.com,,,yes,no_email,https://agreatmassagetn.com,medspa,,0
Aiken Medical Aesthetics,aikenmedicalaesthetics.com,,,yes,no_email,https://aikenmedicalaesthetics.com,medspa,"semaglutide, tirzepatide, nad+, glutathione",10
Aire Medical Spa,aire-medicalspa.com,,,yes,no_email,https://aire-medicalspa.com,medspa,GLP-1 weight loss peptides,5
"Aire Nursing Mobile IV Therapy in Marina del Rey, CA",airenursing.com,,,,unreachable,,,,
Aisawan Thai Spa & Massage,aisawanspahi.com,aisawanspahi@gmail.com,aisawanspahi@gmail.com,yes,no_peptides,https://aisawanspahi.com,vendor,,0
AIYANA med Salem,aiyanaaesthetics.com,,,yes,no_email,https://aiyanaaesthetics.com,medspa,GLP-1 weight loss peptides,3
Integrated Spa & Wellness,ajkpt.myaestheticrecord.com,,,,no_email,https://ajkpt.myaestheticrecord.com,vendor,,0
Ajliss Medical Aesthetics,ajliss.com,,,,no_email,https://ajliss.com,medspa,,0
Akala Med Spa,akalamedspa.com,akala.medspa@gmail.com,akala.medspa@gmail.com,yes,no_peptides,https://akalamedspa.com,medspa,,0
AK Beautiful You Medical Spa,akbeautifulyou.com,julie@akbeautifulyou.com,julie@akbeautifulyou.com,yes,no_peptides,https://akbeautifulyou.com,medspa,,0
Begley Aesthetics,aklny.myaestheticrecord.com,,,,no_email,https://aklny.myaestheticrecord.com,medspa,,0
Alaska Med Spa & Chiropractic,akmedspa.com,,,yes,no_email,https://akmedspa.com,medspa,,1
Alabama Med Spa By Voupre,alabamaspahtx.com,alabamaspabyvoupre@gmail.com,alabamaspabyvoupre@gmail.com,yes,no_peptides,https://alabamaspahtx.com,medspa,,0
Alabama Surgical Arts,alabamasurgicalarts.com,,,,unreachable,,,,
Alaraah Haus Med Spa & Wellness,alaraahhaus.com,info@alaraahhaus.com,info@alaraahhaus.com,yes,no_peptides,https://alaraahhaus.com,medspa,,0
Alchemy Face Bar Lower Greenville,alchemyfacebar.com,alchemyshopify@gmail.com,alchemyshopify@gmail.com; u003ealchemyshopify@gmail.com,yes,no_peptides,https://alchemyfacebar.com,medspa,,0
Alchemy Med Spa,alchemymedspa.as.me,,,,no_email,https://alchemymedspa.as.me,medspa,,0
Alchemy Wellness Med Spa,alchemywellnessatx.com,,,yes,no_email,https://alchemywellnessatx.com,medspa,"semaglutide, glutathione, oxytocin",10
"Alchemy West in Greenville, SC",alchemywest.com,,,,no_email,https://alchemywest.com,vendor,,0
AleraCare Infusion Center,aleracare.com,,,,no_email,https://aleracare.com,medspa,kpv,2
Fatou Aesthetics + Wellness,alfamedspa.com,,,yes,no_email,https://alfamedspa.com,medspa,GLP-1 weight loss peptides,3
Alicia Med Spa,aliciamedspa.com,,,,no_email,https://aliciamedspa.com,vendor,,0
"Align Healing Center in Danville, CA",alignhealingcenter.com,,,,unreachable,,,,
Alinea Medical Spa Acne Scar & Laser Skin Care NYC,alineamedicalspa.com,,,yes,no_email,https://alineamedicalspa.com,medspa,,0
"Alive Med Spa & Ketamine Clinic in Kirkwood, MO",alivehealthstl.com,,,,no_email,,vendor,,0
"Alive IV Therapy Center in St. Cloud, FL",aliveivtherapy.com,,,yes,no_email,https://aliveivtherapy.com,medspa,semaglutide,2
"Alive Wellness Center in Miami, FL",alivewc.com,,,,unreachable,,,,
All About You Medical Spa,all-about-you-med-spa.com,,,yes,no_email,https://all-about-you-med-spa.com,medspa,"bpc-157, nad+, ghk-cu",6
"All About Aesthetics, P.C.",allaboutaesthetics.com,,,,unreachable,,,,
All About Me Medical Aesthetics,allaboutmeaz.com,,,yes,no_email,https://allaboutmeaz.com,medspa,"semaglutide, tirzepatide, nad+",12
"Alleviation Therapeutics and Ketamine in Franklin, MA",alleviationtherapeutics.com,,,,no_email,,vendor,,0
"All Heart Infusion in Spokane, WA",allheartinfusion.org,info@allheartinfusion.org,info@allheartinfusion.org,yes,no_peptides,https://allheartinfusion.org,medspa,,0
All-in Medical Spa,allinmedicalspa.com,info@allinmedicalspa.com,info@allinmedicalspa.com,yes,no_peptides,https://allinmedicalspa.com,medspa,,0
All Things Face Med Spa,allthingsfacemedspa.com,,,,unreachable,,,,
AlluraDerm MD Med Spa,alluraderm.com,,,yes,no_email,https://alluraderm.com,medspa,GLP-1 weight loss peptides,3
Allurant Medical Spa,allurantmedical.com,,,,no_email,,vendor,,0
"Allura Skin & Laser Center, A Golden State Dermatology Affiliate",alluraskin.com,,,yes,no_email,https://alluraskin.com,medspa,,0
Allure Aesthetics,allureaestheticstexas.com,,,yes,no_email,https://allureaestheticstexas.com,medspa,semaglutide,2
Allure Med Spa,alluremedicalofmaine.com,info@alluremedicalofmaine.com,info@alluremedicalofmaine.com,yes,no_peptides,https://alluremedicalofmaine.com,medspa,,0
Allure Aesthetics NPC,allurenpc.com,,,yes,no_email,https://allurenpc.com,medspa,GLP-1 weight loss peptides,10
"Allure Rejuvenation, Aesthetics & Wellness",allurerejuvenationcenter.com,,,yes,no_email,https://allurerejuvenationcenter.com,medspa,"semaglutide, tirzepatide, nad+, glutathione",9
Allure Medical Spa,allurewyo.com,,,,unreachable,,,,
Allvera Body Wrap & Wellness Spa,allvera.com,info@allvera.com,info@allvera.com,yes,no_peptides,https://allvera.com,medspa,,0
Allyn Aesthetics,allynaesthetics.com,,,yes,no_email,https://allynaesthetics.com,medspa,,1
AllYou Medical Spa,allyoumedspa.com,,,yes,no_email,https://allyoumedspa.com,medspa,,0
ALOderma Med Spa,alodermaspa.com,,,,unreachable,,,,
Aloha Aesthetics MD,aloha-aestheticsmd.com,,,yes,no_email,https://aloha-aestheticsmd.com,medspa,GLP-1 weight loss peptides,5
Aloha Aesthetics,alohaaestheticsatx.com,manager@alohaaestheticsatx.com,manager@alohaaestheticsatx.com; caroline@alohaaestheticsatx.com,yes,no_peptides,https://alohaaestheticsatx.com,medspa,,0
Aloha Laser Aesthetics,alohalaseraesthetics.com,,,yes,no_email,https://alohalaseraesthetics.com,medspa,,0
"Alpha IV Therapy in Tulsa, OK",alphaivtherapy.com,,,,no_email,https://alphaivtherapy.com,medspa,,2
"Alpine Aesthetics and Wellness in Reno, NV",alpine-aesthetics.com,kara@alpine-aesthetics.com,alpineaestheticsandwellness@gmail.com; kara@alpine-aesthetics.com,yes,no_peptides,https://alpine-aesthetics.com,medspa,,0
Alquimia Med Spa,alquimiamedspa.com,info@alquimiamedspa.com,info@alquimiamedspa.com,yes,no_peptides,https://alquimiamedspa.com,medspa,,0
ALTAIRE CLINIC,altaireclinic.com,,,,no_email,,vendor,,0
"Alterna Health Med Spa in Cleveland, OH",alternahealthmedspa.myaestheticrecord.com,,,,no_email,https://alternahealthmedspa.myaestheticrecord.com,medspa,,0
ALTHEYA MED SPA,altheyamedspa.com,,,,unreachable,,,,
Aluma Aesthetic Medicine,alumapdx.com,hello@alumapdx.com,hello@alumapdx.com,yes,no_peptides,https://alumapdx.com,medspa,,0
Always Friday Medical Aesthetics,alwaysfridaymedicalaesthetics.com,,,,no_email,https://alwaysfridaymedicalaesthetics.com,medspa,,0
Alyeska Aesthetics Eagle River,alyeskaaesthetics.com,,,yes,no_email,https://alyeskaaesthetics.com,medspa,,0
Amani Bath Spa: A Cleansing Place,amanibathspa.com,,,,unreachable,,,,
Amazing Hands Day Spa,amazinghandsdayspa.ms,,,yes,no_email,https://amazinghandsdayspa.ms,medspa,,0
AM Beauty & Aesthetics,ambaesthetics.com,ambeautyandaesthetics@gmail.com,ambeautyandaesthetics@gmail.com,,no_peptides,https://ambaesthetics.com,medspa,,0
Ambiance MD Medical Spa,ambiancemd.com,,,yes,no_email,https://ambiancemd.com,medspa,GLP-1 weight loss peptides,2
Ambition Medical Spa,ambitionmedspa.com,clientsupport@ambitionmedspa.com,clientsupport@ambitionmedspa.com; ambitionmedspa@gmail.com,yes,no_peptides,https://ambitionmedspa.com,medspa,,0
Andrea M Doyle MD Plastic Surgery & Aesthetics,amdplasticsurgery.com,,,yes,no_email,https://amdplasticsurgery.com,medspa,,0
Amed'or Medspa,amedormedspa.com,hola@amedormedspa.com,hola@amedormedspa.com,yes,no_peptides,https://amedormedspa.com,medspa,,0
Aesthetica Med Spa,amedspa.com,,,yes,no_email,https://amedspa.com,medspa,"semaglutide, tirzepatide, nad+, glutathione",11
Amélie Aesthetics Tigard,ameliemedspa.com,,,,unreachable,,,,
American Med Spa Association,americanmedspa.org,,,yes,no_email,https://americanmedspa.org,medspa,"semaglutide, tirzepatide, retatrutide",11
Advanced Mobile IV,amiv.com,info@amiv.com,info@amiv.com,yes,already known,https://amiv.com,medspa,"retatrutide, cagrilintide, bpc-157, tb-500, thymosin beta-4, thymosin alpha-1",43
Amora Med Spa,amoramedspa.com,,,,unreachable,,,,
Amoura Skin & Body,amoura.skin,,,yes,no_email,https://amoura.skin,medspa,,0
AmoureSkin,amoureskincare.com,,,,unreachable,,,,
Amy Adams Aesthetics,amyadamsaesthetics.com,info@amyadamsaesthetics.com,info@amyadamsaesthetics.com,yes,no_peptides,https://amyadamsaesthetics.com,medspa,,0
Amy Berisha Aesthetics,amyberishaaesthetics.com,,,yes,no_email,https://amyberishaaesthetics.com,medspa,,0
Anand Medical Spa,anandmedicalspa.com,,,,unreachable,,,,
Anda Spa,andaspa.com,info@andaspa.com,info@andaspa.com,yes,no_peptides,https://andaspa.com,vendor,,0
"Anderson Longevity Clinic Rhode Island in Johnston, RI",andersonlongevityclinic.com,,,,no_email,https://andersonlongevityclinic.com,medspa,"sermorelin, pt-141",5
Andon Aesthetics,andonaesthetics.com,andonaestheticssocial@gmail.com,andonaestheticssocial@gmail.com,yes,no_peptides,https://andonaesthetics.com,medspa,,0
ANEU Med Spa,aneumedspa.com,info@aneumedspa.com,info@aneumedspa.com,,no_peptides,https://aneumedspa.com,medspa,,0
Anew Aesthetics,anew-aesthetics.com,,,yes,no_email,https://anew-aesthetics.com,medspa,,0
Anew You Aesthetics And Med Spa,anewyoucharleston.com,,,,no_email,,vendor,,0
Angels Med Spa,angelsmedspa.com,angelsmedspa@gmail.com,angelsmedspa@gmail.com,yes,no_peptides,https://angelsmedspa.com,medspa,,0
Angels Medspa Arroyo Grande,angelsmedspaarroyogrande.com,angelsmedspa@gmail.com,angelsmedspa@gmail.com,yes,no_peptides,https://angelsmedspaarroyogrande.com,medspa,,0
Anllo Center for Aesthetics,anllocenter.com,janllo@anllocenter.com,janllo@anllocenter.com,yes,no_peptides,https://anllocenter.com,medspa,,0
Anodyne Health And Wellness,anodynepainrelief.com,,,yes,no_email,https://anodynepainrelief.com,medspa,GLP-1 weight loss peptides,5
Anova Med Spa,anovamedspa.com,,,,unreachable,,,,
Antidote Wellness Therapies,antidotewellnesstherapies.com,antidotewellnesstherapy@gmail.com,antidotewellnesstherapy@gmail.com,yes,no_peptides,https://antidotewellnesstherapies.com,medspa,,0
Anton's Salon and Medical Spa,antonssalon.com,,,yes,no_email,https://antonssalon.com,medspa,,0
AOB Med Spa,aobmedspa.com,,,yes,no_email,https://aobmedspa.com,medspa,GLP-1 weight loss peptides,2
Aoki Head Spa & Skin,aokispa.com,support@aokispa.com,support@aokispa.com; aokiheadspa@aokispa.com,yes,no_peptides,https://aokispa.com,medspa,,0
Apex Medical Spa,apexmedicalspa.com,contact@apexmedicalspa.com,contact@apexmedicalspa.com,yes,no_peptides,https://apexmedicalspa.com,medspa,,0
Aphrodite Skin Clinic 爱尚,aphroditeskinclinic.com,,,,unreachable,,,,
Aesthetically Pleasing Medical & Wellness,apmedspa.com,,,yes,no_email,https://apmedspa.com,medspa,"semaglutide, tirzepatide",9
A Pretty Penny,aprettypennyaz.com,,,,unreachable,,,,
"Aqua Infusions in Clovis, CA",aquainfusions.com,,,,unreachable,,,,
Aqua Medical Spa,aquamedicalspa.com,,,yes,no_email,https://aquamedicalspa.com,medspa,,1
"Aquarius Performance & Wellness: IV Drips, Vitamin Shots, TRT, Hormone",aquariusiv.com,,,yes,no_email,https://aquariusiv.com,medspa,"bpc-157, tb-500, nad+, ipamorelin, sermorelin, cjc-1295",19
Aquarius Skin and Body,aquariusskinandbody.com,,,,no_email,https://aquariusskinandbody.com,vendor,,0
"Aqua Vitae iVitality Spa in Mount Pleasant, SC",aquavitality.com,,,yes,no_email,https://aquavitality.com,medspa,"semaglutide, nad+, sermorelin, aod-9604, tirzepatide",17
ARA Med Spa,aramedspa.com,info@aramedspa.com,info@aramedspa.com,yes,no_peptides,https://aramedspa.com,medspa,,0
Arcadia Skin,arcadiaskin.com,,,yes,no_email,https://arcadiaskin.com,medspa,,0
Arc Beauty Lab,arcbeautylab.com,info@arcbeautylab.com,info@arcbeautylab.com,yes,no_peptides,https://arcbeautylab.com,medspa,,0
"Arctic Elevation Bellevue in Bellevue, WA",arcticelevation.com,info@arcticelevation.com,info@arcticelevation.com,,no_us_signal,https://arcticelevation.com,medspa,"semaglutide, tirzepatide, nad+, glutathione",5
ARDYN Med Spa,ardynmedspa.com,,,yes,no_email,https://ardynmedspa.com,medspa,glutathione,1
Aria Medical Aesthetics,ariamedicalaesthetics.com,,,yes,no_email,https://ariamedicalaesthetics.com,medspa,,0
Ari Blanc Medical Spa,ariblancmedspa.com,hello@ariblancmedspa.com,hello@ariblancmedspa.com,yes,no_peptides,https://ariblancmedspa.com,medspa,,0
Ariya Aesthetics,ariyamedspa.com,,,,unreachable,,,,
Arizona Medical Medspa,arizonamedicalmedspa.com,,,,unreachable,,,,
Arizona MedLaser,arizonamedlaser.com,info@arizonamedlaser.com,info@arizonamedlaser.com,yes,no_peptides,https://arizonamedlaser.com,medspa,,0
Arkansas Laser and Skin Care,arkansaslaserandskincare.com,info@arkansaslaserandskincare.com,info@arkansaslaserandskincare.com,yes,no_peptides,https://arkansaslaserandskincare.com,medspa,,0
Arkansas Progressive Medicine,arkansasprogressivemedicine.net,,,,unreachable,,,,
Arndt Aesthetics,arndtaesthetics.com,arndtaesthetics@gmail.com,arndtaesthetics@gmail.com,,no_peptides,https://arndtaesthetics.com,medspa,,0
"Arōe Health in New York, NY",aroehealth.com,,,,no_email,https://aroehealth.com,vendor,,0
Arpèl Med Spa,arpelmedspa.com,,,,no_email,https://arpelmedspa.com,medspa,,0
Arta Medical Spa,artamedicalspa.com,info@artamedicalspa.com,info@artamedicalspa.com,yes,no_peptides,https://artamedicalspa.com,medspa,,0
Art and Anatomy Medical Spa,artandanatomymedspas.com,info@artandanatomymedspas.com,info@artandanatomymedspas.com,yes,no_peptides,https://artandanatomymedspas.com,medspa,,0
Artemis Esthetics & Wellness,artemispeoria.com,,,yes,no_email,https://artemispeoria.com,medspa,"semaglutide, tirzepatide",6
Artful Aesthetics,artful-aesthetics.com,,,,unreachable,,,,
"Infusion Center of Berks County PC in Wyomissing, PA",arthritisofreading.com,,,yes,no_email,https://arthritisofreading.com,medspa,,0
Artisan Beauté,artisanplasticsurgery.com,,,yes,no_email,https://artisanplasticsurgery.com,medspa,GLP-1 weight loss peptides,6
Artisan Skin and Laser Center,artisanskinandlaser.com,,,yes,no_email,https://artisanskinandlaser.com,medspa,,0
Artisse Aesthetic Studio,artisseaestheticstudio.com,,,,no_email,https://artisseaestheticstudio.com,medspa,,0
Artistry Medspa,artistrymedspa.co,,,,no_email,https://artistrymedspa.co,medspa,,0
ART Medical Aesthetics and Wellness,artmedicalspa.com,art@artmedicalspa.com,art@artmedicalspa.com,yes,no_peptides,https://artmedicalspa.com,medspa,,0
Art of Balance Wellness Spa at Ritz Carlton Residences Baltimore,artofbalancespa.com,,,,unreachable,,,,
Arya Derm,aryaderm.com,info@aryaderm.com,info@aryaderm.com,yes,no_peptides,https://aryaderm.com,medspa,,0
Ascend Medical Spa,ascendmedicalspa.com,,,,unreachable,,,,
"Ascenta Wellness in Rocky River, OH",ascentawellness.com,info@ascentawellness.com,info@ascentawellness.com,yes,no_peptides,https://ascentawellness.com,vendor,,0
Ascent Medical Spa & Wellness,ascentmedwyo.com,,,,unreachable,,,,
Aesthetics & Holistic by Vee,asholisticbyvee.com,,,,unreachable,,,,
Amelia Aesthetics,askamelia.com,info@askamelia.com,info@askamelia.com,yes,no_peptides,https://askamelia.com,medspa,,0
Aspen Medical Aesthetics & Laser Clinic,aspenmedispa.com,,,,unreachable,,,,
Aspire Aesthetics SD,aspireestheticssd.com,,,,unreachable,,,,
Aspire MedSpa & Beauty Bar,aspiremedspas.com,,,yes,no_email,https://aspiremedspas.com,medspa,semaglutide,3
Aspire Plastic Surgery and Medical Spa,aspireplasticsurgery.com,reach@aspireplasticsurgery.com,reach@aspireplasticsurgery.com,yes,no_peptides,https://aspireplasticsurgery.com,medspa,,0
Astria Aesthetics,astriaaesthetics.com,info@astriaaesthetics.com,info@astriaaesthetics.com,,no_peptides,https://astriaaesthetics.com,medspa,,0
Atkinson Aesthetics,atkinsonaesthetics.com,,,yes,no_email,https://atkinsonaesthetics.com,medspa,,0
Atlanta MediSpa & Surgery Center,atlantamedispa.com,info.djatkinsmd@gmail.com,info.djatkinsmd@gmail.com,yes,no_peptides,https://atlantamedispa.com,medspa,,0
Atlantic Aesthetics Maine,atlanticaestheticsmaine.com,,,,no_email,,vendor,,0
Atossa Medical Spa,atossamedspa.com,atossamedspa@gmail.com,atossamedspa@gmail.com,yes,no_peptides,https://atossamedspa.com,medspa,,0
"A Touch Above Medspa in Stockton, CA",atouchabovemedspa.com,a.touch.above.medspa@gmail.com,a.touch.above.medspa@gmail.com,yes,already known,https://atouchabovemedspa.com,medspa,GLP-1 weight loss peptides,5
Attirance,attirancesf.com,info@attirancesf.com,info@attirancesf.com,yes,no_peptides,https://attirancesf.com,medspa,,0
Attitudes MediSpa,attitudesmedicalspa.com,,,,unreachable,,,,
ATX Aesthetics,atxaesthetician.com,,,,no_email,https://atxaesthetician.com,vendor,,0
Auburn Med Spa,auburnmedspa.com,info@auburnmedspa.com,info@auburnmedspa.com,yes,no_peptides,https://auburnmedspa.com,medspa,,0
Audubon Dermatology,audubondermatology.com,info@audubondermatology.com,info@audubondermatology.com; frontdeskmanager@audubondermatology.com; skincare@audubondermatology.com; skincaremanager@audubondermatology.com,yes,no_peptides,https://audubondermatology.com,medspa,,0
"Augusta Road Aesthetics in Greenville, SC",augustaroadaesthetics.com,info@augustaroadaesthetics.com,info@augustaroadaesthetics.com,yes,no_peptides,https://augustaroadaesthetics.com,medspa,,0
"Aura Longevity & Wellness in Worcester, MA",auralongevityandwellness.com,,,,unreachable,,,,
Aura Aesthetics,aurapdx.com,,,,no_email,https://aurapdx.com,medspa,,0
Aura Skin Spa,auraskinspa.com,,,yes,no_email,https://auraskinspa.com,medspa,GLP-1 weight loss peptides,4
Aurora Medical Spa,auroramedicalspa.com,,,yes,no_email,https://auroramedicalspa.com,medspa,,0
Aurora,auroraspaonline.com,info@auroraspaonline.com,rohanna@auroraspaonline.com; info@auroraspaonline.com,yes,no_peptides,https://auroraspaonline.com,medspa,,0
Aurum Health,aurumhealth.com,,,,unreachable,,,,
Aurum MediSpa,aurummedispa.com,,,,no_email,https://aurummedispa.com/about,medspa,,1
Austin Aesthetic Atelier,austinaestheticatelier.com,hi@austinaestheticatelier.com,hi@austinaestheticatelier.com,yes,no_peptides,https://austinaestheticatelier.com,medspa,,0
Austin Aesthetic Couture,austinaestheticcouture.com,angelamiller@austinaestheticcouture.com,angelamiller@austinaestheticcouture.com,yes,no_peptides,https://austinaestheticcouture.com,medspa,,0
Austin Luxury Medspa,austinluxurymedspa.com,,,yes,no_email,https://austinluxurymedspa.com,medspa,"semaglutide, tirzepatide",4
Austin Med Spa,austinmedspa.com,austinmedspa@gmail.com,austinmedspa@gmail.com,yes,already known,https://austinmedspa.com,medspa,"bpc-157, ghk-cu",7
Austin Cosmetic Medspa,austinplasticandreconstructivesurgery.com,,,yes,no_email,https://austinplasticandreconstructivesurgery.com,medspa,semaglutide,5
Austin Skin & Wellness,austinskinandwellness.com,,,yes,no_email,https://austinskinandwellness.com,medspa,GLP-1 weight loss peptides,2
Avail Aesthetics,availaesthetics.com,info@availaesthetics.com,info@availaesthetics.com,yes,no_peptides,https://availaesthetics.com,medspa,,0
AVE Aesthetics Medical Spa,ave-aesthetics.com,aveaestheticsla@gmail.com,aveaestheticsla@gmail.com,yes,no_peptides,https://ave-aesthetics.com,medspa,,0
Avena Aesthetics,avenaaesthetics.com,info.avenaesthetics@gmail.com,info.avenaesthetics@gmail.com; info.avenaaesthetics@gmail.com,yes,no_peptides,https://avenaaesthetics.com,medspa,,0
Avery Graham Aesthetics,averygraham.com,,,,no_email,https://averygraham.com,medspa,,0
Avesta Aesthetics,avestamedspa.com,,,,no_email,,vendor,,0
Avissa Skin,avissaskin.com,info@avissaskin.com,info@avissaskin.com; hello@avissaskin.com; owner@avissaskin.com,yes,no_peptides,https://avissaskin.com,medspa,,0
AYA Medical Spa Buckhead,ayaskin.com,,,yes,no_email,https://ayaskin.com,medspa,,0
AZ Vitality and Wellness,az-vitality.com,,,yes,no_email,https://az-vitality.com,medspa,nad+,8
Arizona Wellness Center,az-wellness.com,,,yes,no_email,https://az-wellness.com,medspa,"semaglutide, tirzepatide, retatrutide, nad+",9
AZ Aesthetics,azaesthetics.net,,,yes,no_email,https://azaesthetics.net,medspa,"nad+, glutathione",4
Azala Skin Clinic,azalaskinclinic.com,,,yes,no_email,https://azalaskinclinic.com,medspa,"bpc-157, nad+, ipamorelin, cjc-1295, ghk-cu, glutathione",8
Azia Medical Spa,aziamedispa.com,theaziaexperience@gmail.com,theaziaexperience@gmail.com,yes,already known,https://aziamedispa.com,medspa,,2
AZ Laser Studio & Medspa,azlaserstudiomedspa.com,,,yes,no_email,https://azlaserstudiomedspa.com,medspa,"bpc-157, tb-500, thymosin beta-4",10
AZ Med Spa 48,azmedspa48.com,,,yes,no_email,https://azmedspa48.com,medspa,"semaglutide, tirzepatide",6
Azura Medical Spa,azuramedicalspa.com,,,yes,no_email,https://azuramedicalspa.com/contact,medspa,GLP-1 weight loss peptides,4
Azure Dream Med Spa,azuredreamspa.com,,,yes,no_email,https://azuredreamspa.com,medspa,,0
Beauty to the Bone MedSpa,b2bmedspa.com,,,yes,no_email,https://b2bmedspa.com,medspa,GLP-1 weight loss peptides,4
"Badger State Hydrate & Badger Glow in Watertown, WI",badgerstatehydrate.com,badgerstatehydrate@gmail.com,badgerstatehydrate@gmail.com,yes,already known,https://badgerstatehydrate.com,medspa,"semaglutide, tirzepatide, nad+, sermorelin, glutathione",15
Bahia Clinical Aesthetics,bahiaca.com,contact.bahiaca@gmail.com,contact.bahiaca@gmail.com,yes,no_peptides,https://bahiaca.com,medspa,,0
Bair Medical Spa,bairmedicalspa.com,info@bairmedicalspa.com,info@bairmedicalspa.com,yes,no_peptides,https://bairmedicalspa.com,medspa,,0
Balance and Bliss Day Spa ( Formerly Shalee's Day Spa & Skin Care),balanceandblissdayspa.com,,,yes,no_email,https://balanceandblissdayspa.com,vendor,,0
"Balanced Drip in Denver, CO",balanceddripllc.com,,,yes,no_email,https://balanceddripllc.com,vendor,GLP-1 weight loss peptides,2
Balanced Soul Wellness,balancedsoulwellness.com,,,,no_email,,vendor,,0
"Balance Infusion & Wellness in Birmingham, AL",balanceinfusionwellness.com,,,,no_email,,vendor,,0
Balance Med Spa,balancemedspa.com,contact@balancemedspa.com,contact@balancemedspa.com,yes,no_peptides,https://balancemedspa.com,medspa,,0
"Balance MedSpa by Kathleen W. Judge, MD",balancespamd.com,,,yes,no_email,https://balancespamd.com,medspa,,0
Balboa Medical Center & Med Spa,balboamedicalcentre.com,balboamedicalcentre@gmail.com,balboamedicalcentre@gmail.com,,no_us_signal,https://balboamedicalcentre.com,vendor,GLP-1 weight loss peptides,2
"BALENCIA- Coolsculpting Elite, Morpheus8, Laser Hair Removal, & Botox",balenciamd.com,,,yes,no_email,https://balenciamd.com,medspa,,0
Balm & Bubble: Medspa,balmandbubblemedspawellness.simplybook.me,balmandbubble@gmail.com,balmandbubble@gmail.com; savannahquinn86@gmail.com,,no_peptides,https://balmandbubblemedspawellness.simplybook.me,medspa,,0
Balm n Body Health and Wellness Clinic,balmnbodyclinic.com,,,yes,no_email,https://balmnbodyclinic.com,medspa,GLP-1 weight loss peptides,4
"Balmscope Wellness in Raleigh, NC",balmscopewellness.com,,,,unreachable,,,,
Barba Skin Clinic,barbaskinclinic.com,,,yes,no_email,https://barbaskinclinic.com,medspa,,0
Bare Aesthetics Dallas,bareaestheticsdallas.com,,,,no_email,https://bareaestheticsdallas.com,medspa,,0
Bare Aesthetics NJ,bareaestheticsnj.glossgenius.com,,,,no_email,https://bareaestheticsnj.glossgenius.com,medspa,GLP-1 weight loss peptides,2
Bare Body Shop,barebodyshop.com,info@barebodyshop.com,info@barebodyshop.com,yes,no_peptides,https://barebodyshop.com,medspa,,0
Bare Medispa,baremedispa.com,baremedispa@gmail.com,baremedispa@gmail.com,yes,already known,https://baremedispa.com,medspa,"nad+, glutathione",4
Bare Med Spa,baremedspa.com,info@baremedspa.com,info@baremedspa.com,,no_peptides,https://baremedspa.com,medspa,,0
Bare Medical Spa + Laser Center,barevt.com,,,yes,no_email,https://barevt.com,medspa,semaglutide,5
Base Spa & Wellness,basespawellness.com,,,yes,no_email,https://basespawellness.com,medspa,,0
Baskin Aesthetics,baskinaesthetics.com,,,yes,no_email,https://baskinaesthetics.com,medspa,,1
"Infusion Partners, LLC in Baton Rouge, LA",batonrougeclinic.com,,,yes,no_email,https://batonrougeclinic.com,medspa,,0
B. Beauty Medical Aesthetics,bbeauty.us,,,,no_email,https://bbeauty.us,medspa,,0
"BBetter Infusions & Wellness in Bonita Springs, FL",bbetterinfusions.com,bbetterinfusions@gmail.com,bbetterinfusions@gmail.com,yes,already known,https://bbetterinfusions.com,medspa,"nad+, glutathione",3
BCRN Aesthetics MedSpa,bcrnaesthetics.com,,,yes,no_email,https://bcrnaesthetics.com,medspa,,1
Beatus Aesthetics,beatusmedspa.com,,,yes,no_email,https://beatusmedspa.com,medspa,,1
BeauTech Cosmetic,beautechcosmetic.com,,,yes,no_email,https://beautechcosmetic.com,medspa,,0
Beaute Enhanced Medical Aesthetics and wellness,beauteenhancedmedspa.com,,,yes,no_email,https://beauteenhancedmedspa.com,medspa,"semaglutide, tirzepatide",7
BeautifEYE Med Spa,beautifeyelg.com,,,,unreachable,,,,
Beautiful Med Spa,beautifulmedspa.com,kristina@beautifulmedspa.com,kristina@beautifulmedspa.com,yes,no_peptides,https://beautifulmedspa.com,medspa,,0
Beautiful Minds Medical Aesthetics,beautifulmindsmedaesthetics.com,,,,no_email,https://beautifulmindsmedaesthetics.com,medspa,,0
Beautiful Skin Denver,beautifulskindenver.com,,,yes,no_email,https://beautifulskindenver.com,medspa,,1
"Beautiful_You Spa in Hanford, CA",beautifulyou-101777.square.site,beautifulyou211@gmail.com,beautifulyou211@gmail.com,,no_peptides,https://beautifulyou-101777.square.site,vendor,,0
Beautiful You Med Spa,beautifulyoumed-spa.com,info.bypc@gmail.com,info.bypc@gmail.com,yes,no_peptides,https://beautifulyoumed-spa.com,medspa,,0
"Beautique Medical Anti-Aging in Knoxville, TN",beautiquebeautiful.com,,,,no_email,,vendor,,0
Beauty and The Best Medspa,beautyandbestmedspa.com,,,,unreachable,,,,
Beauty & Body Medlounge,beautyandbodylounge.com,,,,no_email,,vendor,,0
"Beauty & Drips Med Spa in Phoenix, AZ",beautyanddrips.myaestheticrecord.com,,,,unreachable,,,,
BEAUTY AND GLAMOUR MED SPA PLLC,beautyandglamourmedspa.com,beautyandglamourmedspa@gmail.com,beautyandglamourmedspa@gmail.com,,no_peptides,https://beautyandglamourmedspa.com,medspa,,0
Beauty & Medicine Medspa,beautyandmedicinemedspa.com,beautyandmedicine@yahoo.com,beautyandmedicine@yahoo.com,yes,no_peptides,https://beautyandmedicinemedspa.com,medspa,,0
Beauty & the Med Spa,beautyandthemedspa.com,,,yes,no_email,https://beautyandthemedspa.com,medspa,"semaglutide, tirzepatide",10
Beauty Anew Med Spa,beautyanewmedspa.com,,,,no_email,https://beautyanewmedspa.com,medspa,,1
Beauty at the Bay Medical Spa,beautyatthebay.com,,,yes,no_email,https://beautyatthebay.com,medspa,nad+,1
Beauty at the Lake,beautyatthelake.com,hello.friend@beautyatthelake.com,hello.friend@beautyatthelake.com,,no_peptides,https://beautyatthelake.com,medspa,,0
BBKR Med Spa,beautybarbykristinaruggerio.com,,,,no_email,https://beautybarbykristinaruggerio.com,medspa,,0
Aja's,beautybeginshere.com,,,,no_email,https://beautybeginshere.com/about,vendor,,0
"Beauty Blossom Med Spa, LLC in McAllen, TX",beautyblossommedspa.com,beautyblossommedspa@gmail.com,beautyblossommedspa@gmail.com,,no_peptides,https://beautyblossommedspa.com,medspa,,0
Beauty Boss Co. Aesthetics & Wellness,beautyboss.co,,,yes,no_email,https://beautyboss.co,medspa,GLP-1 weight loss peptides,5
Crystal Luxury Spa,beautybyabbyp.glossgenius.com,,,,no_email,https://beautybyabbyp.glossgenius.com,medspa,GLP-1 weight loss peptides,2
Beauty Deep MedSpa: by appointment only,beautydeep.info,beautydeepllc@icloud.com,beautydeepllc@icloud.com,yes,no_peptides,https://beautydeep.info,medspa,,0
BeautyDot,beautydotspa.com,,,,no_email,,vendor,,0
Beauty Elements,beautyelements-medspa.com,,,yes,no_email,https://beautyelements-medspa.com,medspa,"semaglutide, tirzepatide",6
Beauty Elite Med Spa,beautyelitemedspa.com,,,,no_email,,vendor,,0
Beauty Fusion Med Spa,beautyfusionmedspa.com,beautyfusionllc@gmail.com,beautyfusionllc@gmail.com,yes,no_peptides,https://beautyfusionmedspa.com,medspa,,0
Beauty & Grace Aesthetics,beautygraceaesthetics.com,beautygraceaesthetics@gmail.com,beautygraceaesthetics@gmail.com,yes,no_peptides,https://beautygraceaesthetics.com,medspa,,0
Michelle's Beauty & Wellness Center LLC,beautyhealthyskin.com,,,,no_email,,vendor,,0
Beauty Lab,beautylabnj.com,info@beautylabnj.com,info@beautylabnj.com,yes,no_peptides,https://beautylabnj.com,medspa,,0
Beauty LA Med Spa,beautylamedspa.com,,,,unreachable,,,,
Beauty Lounge Medical Spa Del Mar,beautyloungesandiego.com,,,,no_email,https://beautyloungesandiego.com,medspa,GLP-1 weight loss peptides,3
Beauty Lounge Medical Spa San Marcos,beautyloungesanmarcos.com,,,yes,no_email,https://beautyloungesanmarcos.com,medspa,"semaglutide, tirzepatide",14
Beauty Mark,beautymarkco.com,,,yes,no_email,https://beautymarkco.com,medspa,,0
Beauty Medical Aesthetics,beautymedicalaesthetics.com,,,yes,no_email,https://beautymedicalaesthetics.com,medspa,"nad+, glutathione",10
BeautyNow Med Spa,beautynowmedspa.com,,,,no_email,https://beautynowmedspa.com,medspa,,0
Beauty Now Mobile Medspa,beautynowok.com,lindsay@beautynowok.com,lindsay@beautynowok.com,,no_peptides,https://beautynowok.com,medspa,,0
Beauty Nurse NYC,beautynursenyc.com,,,,no_email,https://beautynursenyc.com,medspa,GLP-1 weight loss peptides,3
Beauty of Earth Rejuvenation Clinic,beautyofearth.us,,,yes,no_email,https://beautyofearth.us,medspa,,0
BeautyPros Permanent Cosmetic & Medspa,beautypros-us.com,,,,no_email,,vendor,,0
Beauty Rule Becoming Ette Medi,beautyrule.com,,,yes,no_email,https://beautyrule.com,medspa,,1
BeautySmart,beautysmartmd.com,info@beautysmartmd.com,info@beautysmartmd.com; beautysmartmd@gmail.com,yes,no_peptides,https://beautysmartmd.com,medspa,,0
"Beauty Solutions Medical Aesthetics by Launa Stone, R.N.",beautysolutionsmedspa.com,hello@beautysolutionsmedspa.com,hello@beautysolutionsmedspa.com,yes,no_peptides,https://beautysolutionsmedspa.com,medspa,,0
Beauty With A Mission,beautywithamission.com,,,yes,no_email,https://beautywithamission.com,medspa,,0
"IV Nutridrip in San Antonio, TX",beint.myaestheticrecord.com,,,,no_email,https://beint.myaestheticrecord.com,vendor,,0
Belcara Health,belcarahealth.com,,,yes,no_email,https://belcarahealth.com,medspa,nad+,4
Belcourt Aesthetics,belcourtaesthetics.com,,,,no_email,,vendor,,0
"Believe Image in Greenville, SC",believeimage.com,,,,no_email,https://believeimage.com,vendor,,0
Bella Bello med spa,bellabellomedspa.com,,,,unreachable,,,,
Bella Cosa Med Spa,bellacosaspa.com,,,yes,no_email,https://bellacosaspa.com,medspa,semaglutide,3
Bella Derma Beauty Center,belladermaclinic.com,info@belladermaclinic.com,info@belladermaclinic.com,yes,no_peptides,https://belladermaclinic.com,medspa,,0
Bella Derma Life Spa,belladermalifespa.com,,,yes,no_email,https://belladermalifespa.com,medspa,,0
Bellagio Med Spa Cave Creek,bellagiomedicalspa.com,cavecreek@bellagiomedicalspa.com,cavecreek@bellagiomedicalspa.com; suncity@bellagiomedicalspa.com; arcadia@bellagiomedicalspa.com; bellagiomedspa32@gmail.com,yes,no_peptides,https://bellagiomedicalspa.com,medspa,,0
Bella Medspa Arizona,bellamedicalspaarizona.com,,,,no_email,,vendor,,0
Bella Medici Medical Spa,bellamedici.com,bellamedicimedspa@gmail.com,bellamedicimedspa@gmail.com,yes,already known,https://bellamedici.com,medspa,nad+,3
Bella MediSpa,bellamedispa.com,,,,unreachable,,,,
Bella MedSpa,bellamedspadfw.com,,,yes,no_email,https://bellamedspadfw.com,medspa,"semaglutide, bpc-157, nad+, ipamorelin, sermorelin, tesamorelin",13
Bella Medspa,bellamedspaonline.com,,,yes,no_email,https://bellamedspaonline.com,medspa,,0
Bella Mobile Aesthetics,bellamobileaesthetics.com,bellamobileaesthetics@gmail.com,bellamobileaesthetics@gmail.com,,no_us_signal,https://bellamobileaesthetics.com,medspa,"semaglutide, tirzepatide, nad+, glutathione",13
Bellanova MedSpa & Salon,bellanovamedspa.com,,,yes,no_email,https://bellanovamedspa.com,medspa,,0
Bella Rose Medispa,bellarosemedispa.com,,,yes,no_email,https://bellarosemedispa.com,medspa,,1
Bella Santé Day Spa & Med Spa,bellasante.com,,,yes,no_email,https://bellasante.com,vendor,,0
Bella Skin Institute,bellaskininstitute.com,,,yes,no_email,https://bellaskininstitute.com,medspa,GLP-1 weight loss peptides,2
Bella Toscana Med Spa,bellatoscanaspa.com,,,yes,no_email,https://bellatoscanaspa.com,vendor,,0
Bella Tu Med Spa Goshen,bellatugoshen.com,,,yes,no_email,https://bellatugoshen.com,medspa,,0
Bella Tu Med Spa,bellatumedspa.com,bellatumedspa@gmail.com,bellatumedspa@gmail.com,yes,no_peptides,https://bellatumedspa.com,medspa,,0
Bella Via Medical Spa,bellaviamedicalspa.com,,,yes,no_email,https://bellaviamedicalspa.com,medspa,,0
Bella Vida Aesthetics & Wellness,bellavidaaesthetics.com,,,,no_email,,vendor,,0
Bella Vita Med Spa,bellavitamedspatx.com,info@bellavitamedspatx.com,info@bellavitamedspatx.com,yes,no_peptides,https://bellavitamedspatx.com,medspa,,0
Belle Aesthetics,belleaestheticsnola.com,,,yes,no_email,https://belleaestheticsnola.com,medspa,"semaglutide, tirzepatide",5
Belle Âme Med Spa,belleamemedspa.com,,,yes,no_email,https://belleamemedspa.com,medspa,"semaglutide, tirzepatide, nad+, glutathione",8
Belle Meade Medical Spa,bellemeademedicalspa.com,,,,no_email,https://bellemeademedicalspa.com,vendor,,0
Belle Sante Med Spa,bellesantemedspa.com,,,yes,no_email,https://bellesantemedspa.com,medspa,,0
Belle Santé Cosmetic Day Spa,bellesantespa.com,bellesante.customerservice@gmail.com,bellesante.customerservice@gmail.com,yes,no_peptides,https://bellesantespa.com,medspa,,0
Belle Vie Wellness & Medical Aesthetics,belleviemedical.com,info@belleviemedical.com,info@belleviemedical.com,yes,no_peptides,https://belleviemedical.com,medspa,,0
Belle Vie Lifestyle and Aesthetic Medicine,belleviemedspa.net,,,yes,no_email,https://belleviemedspa.net/contact,medspa,,1
BELLISIMA BEAUTY MEDI SPA,bellisima-beauty.com,,,yes,no_email,https://bellisima-beauty.com,medspa,,0
Bellora Medical Aesthetics,belloramedicalaesthetics.com,,,yes,no_email,https://belloramedicalaesthetics.com,medspa,,0
Bellus Medical,bellusmedicalnd.com,,,,no_email,https://bellusmedicalnd.com,medspa,GLP-1 weight loss peptides,4
Bel Viso Medical Spa,belvisomedicalspa.com,,,yes,no_email,https://belvisomedicalspa.com,medspa,"semaglutide, tirzepatide",5
Bengtson Center for Aesthetics & Plastic Surgery,bengtsoncenter.com,,,yes,no_email,https://bengtsoncenter.com,medspa,GLP-1 weight loss peptides,3
Bergstrom Aesthetics,bergstromaesthetics.com,info@bergstromaesthetics.com,info@bergstromaesthetics.com,yes,no_peptides,https://bergstromaesthetics.com,medspa,,0
Berry Bella Medspa,berrybella.net,,,,unreachable,,,,
Bespoke Rx,bespokerx.us,amanda@bespokerx.us,amanda@bespokerx.us,yes,no_peptides,https://bespokerx.us,medspa,,0
"Be Totally Well in East Meadow, NY",betotallywell.com,,,yes,no_email,https://betotallywell.com,vendor,GLP-1 weight loss peptides,4
"Betterclinix in Grosse Pointe, MI",betterclinix.co,,,,no_email,,vendor,,0
Better Aesthetics,bettermedsparaleigh.com,hello@bettermedsparaleigh.com,hello@bettermedsparaleigh.com,yes,no_peptides,https://bettermedsparaleigh.com,medspa,,0
Better U Skin and Body Care Medical Spa,betterumedspa.com,,,yes,no_email,https://betterumedspa.com,medspa,glutathione,2
Bevara Med Spa,bevaramedspa.com,,,,no_email,,vendor,,0
Beverly Hills Beauty & Aesthetics,beverlyhillsbeauty.com,hello@beverlyhillsbeauty.com,hello@beverlyhillsbeauty.com,yes,no_peptides,https://beverlyhillsbeauty.com,medspa,,0
Beverly Hills Wellness Center & Med Spa,beverlyhillsmedispa.com,,,,no_email,https://beverlyhillsmedispa.com,medspa,,0
Beverlys Med Spa,beverlysmedspa.com,,,,no_email,https://beverlysmedspa.com/about,medspa,,0
Be Well Massage & Skin Care,bewellde.com,kim@bewellde.com,kim@bewellde.com,yes,no_peptides,https://bewellde.com,medspa,,0
"BeWell IV, Capitola, California in Capitola, CA",bewelliv.com,bewell@bewelliv.com,bewell@bewelliv.com,,no_us_signal,https://bewelliv.com,medspa,,1
Beyond Beauty Med Spa,beyondbeautygoals.com,,,,no_email,https://beyondbeautygoals.com,vendor,,0
Beyond Beauty of Mississippi,beyondbeautyofms.com,,,,no_email,https://beyondbeautyofms.com,medspa,,0
Beyond Beauty Medspa RI,beyondbeautyri.com,beyondbeautyri@gmail.com,beyondbeautyri@gmail.com,yes,no_peptides,https://beyondbeautyri.com,medspa,,0
Beyond Esthetics Medspa,beyondestheticsmedspa.com,,,,no_email,,vendor,,0
Beyond Skin Aesthetics,beyondskinaesthetics.com,,,yes,no_email,https://beyondskinaesthetics.com,medspa,GLP-1 weight loss peptides,4
BeyondSkin MedSpa,beyondskinmedspa.com,info@beyondskinmedspa.com,info@beyondskinmedspa.com,yes,no_peptides,https://beyondskinmedspa.com,medspa,,0
Beyond Stem Cells Medical Spa,beyondstemcellsdenver.com,,,yes,no_email,https://beyondstemcellsdenver.com,medspa,"semaglutide, tirzepatide, ghk-cu, glow blend",9
Beyond The Needle MedSpa,beyondtheneedlemedspa.com,,,yes,no_email,https://beyondtheneedlemedspa.com,medspa,"semaglutide, tirzepatide",4
BG Medical Aesthetics & Beautiful Glow l A Luxury Med Spa + Beauty Spa,bgmedicalaesthetics.com,,,yes,no_email,https://bgmedicalaesthetics.com,medspa,,1
Beverly Hills Aesthetic Medics,bhaestheticmedics.com,info@bhaestheticmedics.com,info@bhaestheticmedics.com; botox@bhaestheticmedics.com,yes,no_peptides,https://bhaestheticmedics.com,medspa,,0
"Birmingham ID & Infusion in Birmingham, AL",bhminfusion.com,,,yes,no_email,https://bhminfusion.com,medspa,,0
Beverly Hills Rejuvenation Center,bhrcdominion.com,,,yes,no_email,https://bhrcdominion.com,medspa,"semaglutide, tirzepatide, retatrutide",6
Beverly Hills Rejuvenation Center Houston,bhrchoustonriveroaks.com,,,yes,no_email,https://bhrchoustonriveroaks.com,medspa,,0
Billings Dermatology & Aesthetics,billingsdermatology.com,info@billingsdermatology.com,info@billingsdermatology.com,yes,no_peptides,https://billingsdermatology.com,medspa,,0
BioDesign Clinic + MedSpa,biodesignwellness.com,,,yes,no_email,https://biodesignwellness.com,medspa,ipamorelin,4
"Biohackr Health in San Francisco, CA",biohackr.health,,,yes,no_email,https://biohackr.health,medspa,"semaglutide, nad+, sermorelin, glutathione",17
"Biomed Mobile IV and Wellness in Louisville, CO",biomedmobileiv.com,,,yes,no_email,https://biomedmobileiv.com,medspa,"nad+, glutathione",3
Biomed Spa,biomedspa.com,,,yes,no_email,https://biomedspa.com,medspa,,0
BiroVenus Medical Spa,birovenusmedicalspa.com,info@birovenusmedicalspa.com,info@birovenusmedicalspa.com,yes,no_peptides,https://birovenusmedicalspa.com,medspa,,0
Bitar Cosmetic Surgery Institute & Medspa,bitarinstitute.com,,,yes,no_email,https://bitarinstitute.com,medspa,,0
Blackledge Face Center,blackledgefacecenter.com,,,,unreachable,,,,
Blessed Beauty Boutique,blessedbeautyaz.com,,,yes,no_email,https://blessedbeautyaz.com,medspa,"semaglutide, tirzepatide, glutathione",10
Blissfusion Wellness Lounge,blissfusionencinitas.com,,,,no_email,https://blissfusionencinitas.com,vendor,,0
"Blissfusion Wellness Lounge l Kansas City in Kansas City, MO",blissfusionkc.com,,,,unreachable,,,,
"Blissfusion Wellness Lounge l Oroville in Oroville, CA",blissfusionoroville.com,,,,no_email,https://blissfusionoroville.com,vendor,,0
Bliss Health and Wellness,blisshealthmd.com,,,,no_email,,vendor,,0
Bliss Medical Spa,blissmedicalspaokc.com,,,yes,no_email,https://blissmedicalspaokc.com,medspa,,1
Bliss Medical Spa,blissmedicalspas.com,,,,no_email,,vendor,,0
Bliss Point Medical Spa,blisspointmedspa.com,blisspointmedspa@gmail.com,blisspointmedspa@gmail.com,yes,no_peptides,https://blisspointmedspa.com,medspa,,0
BloGo Salon + MedSpa,blogosalonmedspa.com,info@blogosalonmedspa.com,info@blogosalonmedspa.com,yes,no_peptides,https://blogosalonmedspa.com,medspa,,0
Bloom Medical Aesthetics,bloomaesthetics.com,,,yes,no_email,https://bloomaesthetics.com,medspa,,0
Bloom Aesthetics,bloomaestheticsfl.com,,,yes,no_email,https://bloomaestheticsfl.com,medspa,,0
Bloom Health & Wellness Kansas City,bloomhealthkc.com,,,,no_email,,vendor,,0
Blooming Moon Wellness Spa,bloomingmoonspa.com,contact@bloomingmoonspa.com,contact@bloomingmoonspa.com; events.bloomingmoonspa@gmail.com,yes,no_peptides,https://bloomingmoonspa.com,vendor,,0
"Bloom Medspa and Wellness in Sparks, NV",bloommedspaandwellness.com,,,,no_email,https://bloommedspaandwellness.com,medspa,,0
Bloom Rejuv Med Spa & Ultrasound,bloomrejuv.com,hello@bloomrejuv.com,hello@bloomrejuv.com,yes,no_peptides,https://bloomrejuv.com,medspa,,0
Blossom Med Spa Integrative Beauty & Wellness,blossom-medspa.com,hello@blossom-medspa.com,blossommedspa@gmail.com; hello@blossom-medspa.com,yes,no_peptides,https://blossom-medspa.com,medspa,,0
Blossüm Aesthetics Co. Med Spa,blossumaesthetics.com,,,,no_email,https://blossumaesthetics.com,medspa,,0
Blu Cocoon MedSpa,blucocoonmedspa.com,,,yes,no_email,https://blucocoonmedspa.com,medspa,"nad+, glutathione",6
Bluebonnet Laser Aesthetics,bluebonnetlaser.com,,,,no_email,,vendor,,0
Blue Diamond Med Spa,bluediamondmedspatx.com,,,yes,no_email,https://bluediamondmedspatx.com,medspa,"semaglutide, tirzepatide",4
Blue Haven Medical Spa Ballard,bluehavenballard.com,,,yes,no_email,https://bluehavenballard.com,medspa,,0
Blue Haven Medical Spa,bluehavenmedicalspa.com,,,yes,no_email,https://bluehavenmedicalspa.com,medspa,,0
BlueLily Medical Spa,bluelilymedicalspa.com,bluelilymedicalspa@gmail.com,bluelilymedicalspa@gmail.com,yes,already known,https://bluelilymedicalspa.com,medspa,"tirzepatide, glutathione",6
bluepoint medical spa,bluepointmedicalspa.com,,,yes,no_email,https://bluepointmedicalspa.com/contact,medspa,,0
Blu Ice Med Spa,bluicemedspa.com,,,yes,no_email,https://bluicemedspa.com/contact,medspa,,0
Blu Indigo Spa & Wellness,bluindigospa.com,,,yes,no_email,https://bluindigospa.com,medspa,,1
blür med spa,blurmedspa.com,,,yes,no_email,https://blurmedspa.com,medspa,"semaglutide, tirzepatide, bpc-157, nad+, sermorelin, glutathione",20
BLUR Aesthetics,blurwi.com,info@blurwi.com,info@blurwi.com; booking@blurwi.com,yes,no_peptides,https://blurwi.com,medspa,,0
Blush Aesthetics & Wellness,blushdallas.com,,,,unreachable,,,,
Blush Med Spa,blushmedspa.org,,,,unreachable,,,,
Blush Med Spa,blushmedspact.com,,,yes,no_email,https://blushmedspact.com,medspa,GLP-1 weight loss peptides,2
Blush Aesthetics,blushnwo.com,,,yes,no_email,https://blushnwo.com,medspa,GLP-1 weight loss peptides,6
Blush Medical Aesthetics & Wellness,blushsouthaven.com,,,,no_email,https://blushsouthaven.com,medspa,glutathione,1
Bobbi Bullock Medical Esthetics & The Mobile MedSpa Party,bobbibullock.com,,,yes,no_email,https://bobbibullock.com,medspa,semaglutide,3
Boca Med Spa & Wellness,bocamedspalv.com,,,,no_email,,vendor,,0
Bodhi Med Spa,bodhimedspa.com,,,,no_email,,vendor,,0
Body+Beauty Lab,bodyandbeautylab.com,,,yes,no_email,https://bodyandbeautylab.com,medspa,"bpc-157, thymosin alpha-1, nad+, ipamorelin, sermorelin, tesamorelin",28
Body Anew Spa and Aesthetics,bodyanewaesthetics.com,bodyanew@icloud.com,bodyanew@icloud.com,yes,no_peptides,https://bodyanewaesthetics.com,medspa,,0
"Body Boost in Caldwell, ID",bodyboostidaho.com,,,yes,no_email,https://bodyboostidaho.com,vendor,,0
BodyBrite Austin,bodybriteaustin.com,,,yes,no_email,https://bodybriteaustin.com,medspa,,0
Body Beautiful Spa,bodybspasd.com,info@bodybspasd.com,bodybspasd@gmail.com; u003ebodybspasd@gmail.com; info@bodybspasd.com,yes,no_peptides,https://bodybspasd.com,medspa,,0
Body Envy Houston,bodyenvymedspa.com,,,yes,no_email,https://bodyenvymedspa.com,medspa,,0
BodyFactory Skin Care,bodyfactoryskincare.com,hello@bodyfactoryskincare.com,hello@bodyfactoryskincare.com,yes,no_peptides,https://bodyfactoryskincare.com,medspa,,0
"Body Fix in Honolulu, HI",bodyfixhawaii.com,,,yes,no_email,https://bodyfixhawaii.com,medspa,,1
Body Image Aesthetics,bodyimageaesthetics.com,,,yes,no_email,https://bodyimageaesthetics.com,medspa,,0
Body Luxe Day Spa,bodyluxedayspa.com,,,yes,no_email,https://bodyluxedayspa.com,medspa,,0
Body Preserve Med Spa & Weight Loss,bodypreserve.com,,,,no_email,,vendor,,0
Body Sculpture of Little Rock,bodysculpturelr.com,bodysculpturelr@gmail.com,bodysculpturelr@gmail.com,yes,no_peptides,https://bodysculpturelr.com,medspa,,0
BodywoRx Aesthetics Non-Invasive Medspa Bowie,bodyworxmedspa.com,infobodyworxmedspa@gmail.com,infobodyworxmedspa@gmail.com,yes,already known,https://bodyworxmedspa.com,medspa,"bpc-157, nad+, glutathione",5
Bohemia Healing Spa,bohemiahealingspa.com,bohemiamgmt@gmail.com,bohemiamgmt@gmail.com,yes,no_peptides,https://bohemiahealingspa.com,medspa,,0
Boho Med Spa,bohomedspa.com,social@bohomedspa.com,social@bohomedspa.com,yes,no_peptides,https://bohomedspa.com,medspa,,0
Bonaldi Aesthetics,bonaldimd.com,,,yes,no_email,https://bonaldimd.com,medspa,,0
Bon Voyage Aesthetics & Body,bonvoyageaesthetic.com,,,,no_email,https://bonvoyageaesthetic.com,vendor,,0
iCRYO Wexford,booking.mangomint.com,,,,no_email,https://booking.mangomint.com,vendor,,0
Skin Alchemy,bookskinalchemy.com,,,,unreachable,,,,
Borealis Medspa,borealismedspa.com,,,yes,no_email,https://borealismedspa.com,medspa,,0
Boro Health & Wellness Spa …BHWS,borohealthwellnessspa.com,hello@borohealthwellnessspa.com,hello@borohealthwellnessspa.com,yes,no_peptides,https://borohealthwellnessspa.com/contact-us,medspa,,0
Boss Gal Beauty Bar,bossgalbeautybar.com,booking@bossgalbeautybar.com,booking@bossgalbeautybar.com,yes,no_peptides,https://bossgalbeautybar.com,medspa,,0
Botanica Beauty Studio,botanicabeautystudio.com,,,yes,no_email,https://botanicabeautystudio.com,medspa,"nad+, glutathione",3
Botox & Wellness Med Spa,botox-aesthetics-wellness.com,,,,unreachable,,,,
BotoxRN and MedSpa-Houston,botoxrn.com,,,yes,no_email,https://botoxrn.com,medspa,,2
"Botox Sisters- Laura Hertzog, NP Rebecca Ceverha, NP-C",botoxsisters.com,,,yes,no_email,https://botoxsisters.com,medspa,,0
Bounce Skincare and Injectables,bounceinjectables.com,info@bounceinjectables.com,info@bounceinjectables.com,yes,no_peptides,https://bounceinjectables.com,medspa,,0
Boutiq Medical Clinic,boutiqclinic.com,,,,no_email,,vendor,,0
Boutique Medspa Orlando,boutiquemedspaorlando.com,,,yes,no_email,https://boutiquemedspaorlando.com,medspa,,0
Bowtique Med Spa,bowtiquemedspa.com,,,,no_email,https://bowtiquemedspa.com,medspa,,0
BOYD,boydbeauty.com,,,yes,no_email,https://boydbeauty.com,medspa,,2
"BrainSync Sarasota in Sarasota, FL",brainsyncsarasota.com,,,,no_email,,vendor,,0
"Brandon IV Lounge in Brandon, FL",brandonivlounge.com,,,,no_email,,vendor,,0
"Brandon Medical Center in Brandon, FL",brandonmedicalcenter.com,,,,no_email,,vendor,,0
Brandywine Med Spa,brandywinemedspa.com,brandywinemedspa@gmail.com,brandywinemedspa@gmail.com,yes,already known,https://brandywinemedspa.com,medspa,semaglutide,2
"Breathe Medical Aesthetics, LLC",breathemedicalaesthetics.com,breathefrontdesk@gmail.com,breathefrontdesk@gmail.com,yes,no_peptides,https://breathemedicalaesthetics.com,medspa,,0
Brickell Cosmetic Center-Aesthetics & Dermatology,brickellcosmetic.com,,,yes,no_email,https://brickellcosmetic.com,medspa,,0
BrightCraft Med Spa In Burbank,brightcraftmedspa.com,,,yes,no_email,https://brightcraftmedspa.com,medspa,GLP-1 weight loss peptides,2
"Brilliance Aesthetics & Injectables Med Spa in Orchard Park, NY",brillianceorchardpark.com,office@brillianceorchardpark.com,office@brillianceorchardpark.com,yes,no_peptides,https://brillianceorchardpark.com,medspa,,0
Brilliant Massage & Skin,brilliantmassageandskin.com,info@brilliantmassageandskin.com,69192f3e5b974e7a989d90bb66ecb474@brilliantmassageandskin.com; info@brilliantmassageandskin.com; inquiries@brilliantmassageandskin.com,yes,no_peptides,https://brilliantmassageandskin.com,vendor,,0
Brookhaven MedSpa- Facial Aesthetics,brookhavenmedspa.com,,,yes,no_email,https://brookhavenmedspa.com,medspa,,0
Brownsburg Clinic & Med Spa,brownsburgclinicandmedspa.com,,,,unreachable,,,,
Brunswick Medi Spa -Laser Hair Removal Center,brunswickmedispa.com,brunswickmedispa@gmail.com,brunswickmedispa@gmail.com,yes,no_peptides,https://brunswickmedispa.com,medspa,,0
Bombshell Medspa,bsbmedspa.com,,,,no_email,https://bsbmedspa.com,medspa,"semaglutide, tirzepatide, nad+, glutathione",4
BeautyCo,btyco.com,,,yes,no_email,https://btyco.com,medspa,GLP-1 weight loss peptides,3
LUX Med Spa,buckheadplasticsurgery.com,,,yes,no_email,https://buckheadplasticsurgery.com,medspa,"semaglutide, tirzepatide, nad+",8
"Burick Center For Health in Mechanicsburg, PA",burickcenter.com,,,,no_email,,vendor,,0
Butterfly Medical Spa,butterflymedspa.com,info@butterflymedspa.com,info@butterflymedspa.com,yes,no_peptides,https://butterflymedspa.com/contact,medspa,,0
Beverly Wilshire Aesthetics Beverly Hills Medical Spa,bwaesthetics.com,,,,no_email,,vendor,,0
Beautiful You Body Spa,byoubspa.com,info@byoubspa.com,info@byoubspa.com,yes,no_peptides,https://byoubspa.com,medspa,,0
"CA Aesthetics: Bay Area Plastic Surgery Eric Li, MD",caaesthetics.com,,,yes,no_email,https://caaesthetics.com,medspa,semaglutide,3
Cabana Medical Spa,cabanamedspa.com,info@cabanamedspa.com,info@cabanamedspa.com,yes,no_peptides,https://cabanamedspa.com,medspa,,0
Cactus Beauty Medspa,cactusbeautymedspa.myaestheticrecord.com,,,,no_email,https://cactusbeautymedspa.myaestheticrecord.com,medspa,,0
Cadella Aesthetics,cadellaaesthetics.com,,,yes,no_email,https://cadellaaesthetics.com,medspa,GLP-1 weight loss peptides,3
Brilliance Dermatology,calabasasdermcenter.com,,,yes,no_email,https://calabasasdermcenter.com,medspa,"semaglutide, tirzepatide",4
California Skin Institute,californiaskininstitute.com,,,yes,no_email,https://californiaskininstitute.com,medspa,,0
CALI MedSpa,calimedspa.com,,,yes,no_email,https://calimedspa.com,medspa,,0
Calista Aesthetics,calistamedspa.com,hello@calistamedspa.com,hello@calistamedspa.com,yes,no_peptides,https://calistamedspa.com,medspa,,0
Callender Dermatology and Cosmetic Center,callenderskin.com,,,yes,no_email,https://callenderskin.com,medspa,,0
Calypso Aesthetic Lab,calypsoaestheticlab.com,calypsoaestheticlab@gmail.com,calypsoaestheticlab@gmail.com,yes,no_peptides,https://calypsoaestheticlab.com,medspa,,0
Canova Aesthetics,canovaaesthetics.com,info@canovaaesthetics.com,info@canovaaesthetics.com,yes,no_peptides,https://canovaaesthetics.com,medspa,,0
Canvas Skin,canvas-skin.co,hello@canvas-skin.co,hello@canvas-skin.co,,no_us_signal,https://canvas-skin.co,medspa,"semaglutide, tirzepatide, retatrutide, nad+, ghk-cu, glutathione",10
"Capizzi, MD Cosmetic Surgery & Med Spa in Charlotte NC",capizzimd.com,,,yes,no_email,https://capizzimd.com,medspa,,0
Capri Med Spa,caprimedspa.com,info@caprimedspa.com,info@caprimedspa.com,,no_peptides,https://caprimedspa.com,medspa,,0
Carasoin Day Spa & Skin Clinic,carasoin.com,info@carasoin.com,info@carasoin.com,yes,no_peptides,https://carasoin.com,medspa,,0
"Carbon World Health in Madison, WI",carbonworldhealth.com,,,yes,no_email,https://carbonworldhealth.com,medspa,"semaglutide, tirzepatide",9
Cardinal Wellness and Aesthetics,cardinalagemanagement.com,,,,no_email,,vendor,,0
"CAREolina Wellness and Infusion Center in Winston-Salem, NC",careolinawellness.com,,,yes,no_email,https://careolinawellness.com,medspa,"bpc-157, thymosin alpha-1, nad+, ipamorelin, cjc-1295, ghk-cu",12
"Carlino Aesthetics, Formerly The Museum Spa & Laser Center",carlinoaesthetics.com,,,yes,no_email,https://carlinoaesthetics.com,medspa,,1
"Carolina Hormone and Health in West Columbia, SC",carolinahormoneandhealth.com,,,yes,no_email,https://carolinahormoneandhealth.com,medspa,"semaglutide, tirzepatide",11
Carolina Skin Clinic,carolinaskinclinic.com,hello@carolinaskinclinic.com,hello@carolinaskinclinic.com,yes,no_peptides,https://carolinaskinclinic.com,medspa,,0
Caruna Med Spa & Laser Center,carunamedspa.com,,,,no_email,,vendor,,0
CasaGlow MedSpa,casaglow.com,,,yes,no_email,https://casaglow.com,medspa,,0
"Cassie Lane Med Spa: Richmond, VA",cassielane.com,,,yes,no_email,https://cassielane.com,medspa,"semaglutide, tirzepatide",9
Cayce Medical Spa,caycemedspa.com,,,yes,no_email,https://caycemedspa.com,medspa,,0
Century Beauty Group,cbgnyc.com,,,yes,no_email,https://cbgnyc.com,medspa,,1
C&D Medical Aesthetics,cdmedicalaesthetics.com,,,yes,no_email,https://cdmedicalaesthetics.com,medspa,"semaglutide, tirzepatide, sermorelin",12
Celebrity Med Spa,celebritymedspa.com,,,yes,no_email,https://celebritymedspa.com,medspa,"semaglutide, glutathione",9
Celebrity Skin,celebrityskinscottsdale.com,jennifer@celebrityskinscottsdale.com,jennifer@celebrityskinscottsdale.com,yes,no_peptides,https://celebrityskinscottsdale.com,medspa,,0
"Celibre Medical ; Botox, Restylane, Juvederm, Dysport Injections",celibre.com,info@celibre.com,info@celibre.com,yes,no_peptides,https://celibre.com,medspa,,0
Celine Med Spa Orlando,celinemedspa.com,,,yes,no_email,https://celinemedspa.com,medspa,,0
Celine Med Spa,celinemedspas.com,,,yes,no_email,https://celinemedspas.com,medspa,,0
Center Aesthetic & Dermatology,centeraesthetic.com,lynn@centeraesthetic.com,lynn@centeraesthetic.com; drkarcher@centeraesthetic.com,yes,no_peptides,https://centeraesthetic.com,medspa,,0
Center For Aesthetic Medicine,centerforaestheticmedicine.com,,,yes,no_email,https://centerforaestheticmedicine.com,medspa,,0
Center for Dermatology Cosmetic and Laser Surgery,centerforderm.com,,,yes,no_email,https://centerforderm.com,medspa,,0
Center for Medical Aesthetics,centerformedaesthetics.com,,,,unreachable,,,,
Center for Medical Aesthetics,centerformedicalaestheticsri.com,,,yes,no_email,https://centerformedicalaestheticsri.com,medspa,,0
"Center for Regenerative Health Med Spa in Honolulu, HI",centerforregenerativehealth.com,,,,no_email,,vendor,,0
Center MedSpa,centermedspa.com,info@centermedspa.com,info@centermedspa.com,yes,no_peptides,https://centermedspa.com,medspa,,0
Central Texas Dermatology,centexderm.com,,,,unreachable,,,,
"Infusion Clinic of Central Texas PLLC in San Marcos, TX",centraltexasneurology.com,,,yes,no_email,https://centraltexasneurology.com,medspa,,0
"Chacing Beauty Med Spa in Dayton, OH",chacingbeauty.com,,,,no_email,https://chacingbeauty.com,medspa,,0
Chameleon Medical Spa,chameleonmedspa.com,,,yes,no_email,https://chameleonmedspa.com,medspa,glutathione,6
Chandler Med Spa PLLC,chandlermedspa.com,,,,unreachable,,,,
Changes Day & Medical Spa,changesofaiken.com,,,,no_email,https://changesofaiken.com,vendor,,0
Charak Mind Body Wellness,charakmindbodywellness.com,staff@charakmindbodywellness.com,staff@charakmindbodywellness.com,yes,no_peptides,https://charakmindbodywellness.com,medspa,,0
Charleston Medical Spa,charlestonmedicalspa.com,,,yes,no_email,https://charlestonmedicalspa.com,medspa,"nad+, glutathione",5
Charli Blake's Med Spa,charliblakesmedspa.com,charliblakesmedspa1@gmail.com,charliblakesmedspa1@gmail.com,yes,already known,https://charliblakesmedspa.com,medspa,"semaglutide, nad+",4
Charlotte Skin and Laser,charlotteskinandlaser.com,,,yes,no_email,https://charlotteskinandlaser.com,medspa,,0
Charmed Medispa,charmedmedispa.com,,,,unreachable,,,,
Chelsea Skin & Laser,chelseaskincenter.com,inquiry@chelseaskincenter.com,inquiry@chelseaskincenter.com,yes,no_peptides,https://chelseaskincenter.com,medspa,,0
Che’ Nova Aesthetics,chenova.net,,,,no_email,https://chenova.net,medspa,,0
Cherry Hill Med Spa,cherryhillmedspa.zoca.com,,,,unreachable,,,,
Cherry Medical,cherrymedispa.com,reception@cherrymedispa.com,reception@cherrymedispa.com,,no_peptides,https://cherrymedispa.com,medspa,,0
Chester Skin & Wellness,chesterskinandwellness.com,,,yes,no_email,https://chesterskinandwellness.com,medspa,,1
Che'Tees Esthetics & Medspa,cheteesestheticsmedspa.as.me,,,,no_email,https://cheteesestheticsmedspa.as.me,medspa,,0
Cheyenne Skin Clinic,cheyenneskinclinic.com,,,yes,no_email,https://cheyenneskinclinic.com,medspa,,0
Chez Sylva Clinical Aesthetics and Electrolysis,chezsylva.com,,,yes,no_email,https://chezsylva.com,medspa,,0
"Chicago Integrated Health in Chicago, IL",chicagochiropracticcenteril.hibuwebsites.com,,,,unreachable,,,,
"Chill N Out Cryotherapy UTC & Wellness in San Diego, CA",chillnoututc.com,,,yes,no_email,https://chillnoututc.com,medspa,"nad+, glutathione",3
Dr. Christopher Saunders Cosmetic Surgery,chrissaundersmd.com,,,yes,no_email,https://chrissaundersmd.com/contact,medspa,,0
Chrome Aesthetics,chromeaestheticsspa.com,betweenuandmespa@gmail.com,betweenuandmespa@gmail.com,yes,no_peptides,https://chromeaestheticsspa.com,medspa,,0
Chrysolite Aesthetics,chrysoliteaesthetics.com,,,yes,no_email,https://chrysoliteaesthetics.com,medspa,,1
Bryn Mawr Skin & Cancer Institute (Bryn Mawr),cirilloinstitute.com,,,yes,no_email,https://cirilloinstitute.com,medspa,,0
Citiwellness,citiwellnesswilmington.com,,,yes,no_email,https://citiwellnesswilmington.com,medspa,,2
City Derm NYC,citydermnyc.com,,,yes,no_email,https://citydermnyc.com,medspa,,0
"City Hydration Main Line in Wayne, PA",cityhydration.com,info@cityhydration.com,info@cityhydration.com,yes,no_peptides,https://cityhydration.com,vendor,,0
CK Skin Spa,ckskinspa.com,,,yes,no_email,https://ckskinspa.com,vendor,,0
CLAREBELLA Aesthetics Medspa OKC,clarebellaokc.com,,,yes,no_email,https://clarebellaokc.com,medspa,nad+,3
Clarity Wellness,claritywellnessspa.com,,,,unreachable,,,,
"Clinic Wellness Med Spa in Long Beach, CA",clinicwellness.org,,,,unreachable,,,,
CMA,cmamedicine.com,info@cmamedicine.com,info@cmamedicine.com,yes,no_peptides,https://cmamedicine.com,medspa,,0
Rejuvaderm MediSpa,coastaldermmedispa.com,,,,unreachable,,,,
"Coastal Vitality Co. in Virginia Beach, VA",coastalvitalityco.com,heidi@coastalvitalityco.com,heidi@coastalvitalityco.com,yes,no_peptides,https://coastalvitalityco.com,medspa,,0
"Columbia Ketamine Clinic in Columbia, SC",columbiaketamineclinic.com,,,yes,no_email,https://columbiaketamineclinic.com,medspa,,0
"Come to the Well IV Hydration in Cape Coral, FL",cometothewelliv.com,,,,no_email,https://cometothewelliv.com,vendor,GLP-1 weight loss peptides,5
"Complete Wellness and Aesthetics in San Francisco, CA",completewellnessandaesthetics.com,,,,unreachable,,,,
Concord Medspa,concordmedspa.com,,,yes,no_email,https://concordmedspa.com,medspa,,0
"Core Elite Wellness Fit Cryo LLC in Solon, OH",coreelitecryo.com,,,,unreachable,,,,
"CORE Wellness & Recovery in Ridgeland, MS",corewellnessandrecovery.com,,,yes,no_email,https://corewellnessandrecovery.com,medspa,"nad+, glutathione",4
"COR Institute in Spokane, WA",corinstitute.org,,,yes,no_email,https://corinstitute.org,medspa,,1
Cosmetiq Med Spa,cosmetiqmedicine.com,cosmetiqmedicine@gmail.com,cosmetiqmedicine@gmail.com,yes,already known,https://cosmetiqmedicine.com,medspa,"tirzepatide, nad+, ghk-cu, glutathione",7
Crafted Aesthetics,craftedaestheticsmt.com,craftedacademy@gmail.com,craftedacademy@gmail.com,yes,already known,https://craftedaestheticsmt.com,medspa,semaglutide,4
"Creekside Retreat in Toledo, OH",creeksideretreatmd.com,,,,no_email,https://creeksideretreatmd.com,medspa,,0
"CRestrepo Aesthetics PLLC in Worcester, MA",crestrepoaesthetics.com,crestrepoaesthetics@gmail.com,crestrepoaesthetics@gmail.com; ncrestrepoaesthetics@gmail.com,,no_peptides,,vendor,,0
The Sanctuary Spa,crsanctuaryspa.com,spacoordinator@crsanctuaryspa.com,spacoordinator@crsanctuaryspa.com; steve.sanctuaryspa@gmail.com; dawn.sanctuaryspa@gmail.com,yes,no_peptides,https://crsanctuaryspa.com,medspa,,0
Cura Skin Therapeutics,curaskinvt.com,curaskinvt@gmail.com,curaskinvt@gmail.com; curaskivt@gmail.com,yes,no_peptides,https://curaskinvt.com,vendor,,0
"Curate MedAesthetics in Chattanooga, TN",curatemedspa.com,,,yes,no_email,https://curatemedspa.com,medspa,,0
Cure MedSpa and Wellness,curemedspaandwellness.com,,,,no_email,,vendor,,0
Custom Beauty Med Studio,custombeautymedstudio.com,info@custombeautymedstudio.com,info@custombeautymedstudio.com,yes,no_peptides,https://custombeautymedstudio.com,medspa,,0
Cynthea's Spa Vermont,cyntheaspa.com,,,yes,no_email,https://cyntheaspa.com,vendor,,0
Dam Medspa,dammedspa.com,hello@dammedspa.com,hello@dammedspa.com,yes,no_peptides,https://dammedspa.com,medspa,,0
"DC Drip in Washington, DC",dc-drip.com,,,,no_email,https://dc-drip.com,medspa,,1
"Degree Wellness in Middleton, WI",degreewellness.com,,,yes,no_email,https://degreewellness.com,medspa,nad+,2
De La Belle Wellness & Spa,delabelle.net,,,yes,no_email,https://delabelle.net,medspa,nad+,6
De La Vie Day Spa,delaviedayspa.com,info@delaviedayspa.com,info@delaviedayspa.com,yes,no_peptides,https://delaviedayspa.com,vendor,,0
Deluxe Cosmetic Center,deluxecosmeticcenter.com,info@deluxecosmeticcenter.com,info@deluxecosmeticcenter.com,yes,no_peptides,https://deluxecosmeticcenter.com,medspa,,0
"DEMI Med Spa in Chicago, IL",demimedspa.com,,,yes,no_email,https://demimedspa.com,medspa,,0
Woodhouse Spa,denver.woodhousespas.com,,,,no_email,,vendor,,0
Derma Bliss Medical Spa,dermablissmedspa.com,,,,no_email,https://dermablissmedspa.com,medspa,,0
Derma Glow Spa and Boutique,dermaglowofny.com,dgnyspaboutique@gmail.com,dgnyspaboutique@gmail.com,yes,no_peptides,https://dermaglowofny.com,medspa,,0
dermani MEDSPA® Buckhead,dermanimedspa.com,,,,no_email,https://dermanimedspa.com,medspa,,0
DesignHer Medspa,designhermedspa.com,designhermedspa@gmail.com,designhermedspa@gmail.com,yes,no_peptides,https://designhermedspa.com,medspa,,0
"The Soma Detoxx Spa in South Burlington, VT",detoxxspa.com,,,,no_email,,vendor,,0
"DGMD Medical in Omaha, NE",dgmdmedical.com,info@dgmdmedical.com,info@dgmdmedical.com,,no_us_signal,https://dgmdmedical.com,medspa,,1
MedSpa on Main,directaccessinternalmedicine.com,,,,no_email,,vendor,,0
"Divina Medical Spa in Bakersfield, CA",divinamedspa.com,divinamedspa@icloud.com,divinamedspa@icloud.com,yes,no_peptides,https://divinamedspa.com,medspa,,0
"Divinity Healthcare Clinic, LLC in Baton Rouge, LA",divinityhealthcare.net,,,,unreachable,,,,
"Susan Touma, MD",docsdermgroup.com,,,yes,no_email,https://docsdermgroup.com,medspa,,0
Dolce Vida Medical Spa,dolcevidamedspa.com,,,yes,no_email,https://dolcevidamedspa.com,medspa,GLP-1 weight loss peptides,3
Bonness MD Cosmetic Surgery,drbonness.com,,,yes,no_email,https://drbonness.com,medspa,,0
"Dream Aesthetic in Columbia, SC",dreamaestheticsc.com,,,,no_email,https://dreamaestheticsc.com,medspa,,0
"DreamWork Wellness Center in Frisco, TX",dreamworkic.com,,,,no_email,,vendor,,0
"Drenched Hydration in Augusta, GA",drenchedhydration.com,,,,no_email,,vendor,,0
"Dr. Heather Friedman ND, LAc in Portland, OR",drheatherfriedman.com,drheatherfriedman@gmail.com,drheatherfriedman@gmail.com,yes,already known,https://drheatherfriedman.com,medspa,"semaglutide, nad+",3
"DRI Greensboro in Greensboro, NC",drihealthgroup.com,,,yes,no_email,https://drihealthgroup.com,medspa,,1
"Drip Back to Life Medical Corporation in Livermore, CA",dripbacktolife.com,,,,no_email,https://dripbacktolife.com/services,medspa,,0
"Drip Drive in El Paso, TX",dripdriveiv.com,,,,unreachable,,,,
"Drip Drop Health & Wellness PLLC Trumann in Trumann, AR",dripdrophealthy.com,dripdrophealthy@gmail.com,dripdrophealthy@gmail.com; dripdrophealthynwa@gmail.com,yes,already known,https://dripdrophealthy.com,medspa,nad+,8
DRIP HAWAII (Waikiki) IV Wellness & Lifestyle Medspa,driphawaii.com,,,,no_email,,vendor,,0
"driphouse® in Pittsford, NY",driphouse.com,,,yes,no_email,https://driphouse.com,vendor,,0
"Drip Health & Wellness in Woodbridge, VA",driphw.com,driphealthwellness@gmail.com,driphealthwellness@gmail.com,,no_peptides,,vendor,,0
Drip Hydration,driphydration.com,,,,unreachable,,,,
"Drip into Wellness in Knoxville, TN",dripintowellness.com,,,,no_email,https://dripintowellness.com,vendor,,1
"Drip IV Therapies in Lafayette, LA",dripivco.com,,,yes,no_email,https://dripivco.com/contact-us/,medspa,GLP-1 weight loss peptides,4
Mangiarelli's Medspa & Fashion,dripneedlemedspade.com,,,yes,no_email,https://dripneedlemedspade.com,medspa,,0
"Dripp IV Therapy in Long Beach, CA",drippiv.com,,,yes,no_email,https://drippiv.com,medspa,,1
Drip Refresh Mobile IV Therapy,driprefreshmobileiv.com,info@driprefreshmobileiv.com,info@driprefreshmobileiv.com,,no_us_signal,https://driprefreshmobileiv.com,medspa,"semaglutide, nad+, glutathione",5
"Drip Luxury Float Spa in East Providence, RI",dripri.com,info@dripri.com,info@dripri.com,yes,no_peptides,https://dripri.com,vendor,,0
"Drips on the Glow Med Spa & Mobile IV in Dearborn Heights, MI",dripsontheglow.com,info@dripsontheglow.com,dianehazimi@yahoo.com; info@dripsontheglow.com,yes,no_peptides,https://dripsontheglow.com,medspa,,0
"Drip Therapy, LLC in Enid, OK",driptherapyenid.com,,,,unreachable,,,,
"Drip IV Therapy Trussville in Trussville, AL",driptrussville.com,,,yes,no_email,https://driptrussville.com,medspa,"semaglutide, tirzepatide, nad+, glutathione",13
"Drip Wellness Spa in Memphis, TN",dripwellnessspa.com,,,,no_email,,vendor,,0
"DrMedSpa, San Mateo, CA in San Mateo, CA",drmedspa.net,,,yes,no_email,https://drmedspa.net,medspa,,1
"IV Therapy & Weight Loss Center in McAllen, TX",drmegoemmanuelclinics.com,,,yes,no_email,https://drmegoemmanuelclinics.com,medspa,"semaglutide, tirzepatide, nad+",4
Bucay Center for Dermatology and Aesthetics,drvivianbucay.com,elizabeth@drvivianbucay.com,elizabeth@drvivianbucay.com,,no_peptides,https://drvivianbucay.com,vendor,,0
Coachlight Clinic & Spa,dsmcoachlight.com,,,yes,no_email,https://dsmcoachlight.com,medspa,GLP-1 weight loss peptides,5
"Dunham Integrative Health and Aesthetics in Schenectady, NY",dunhamintegrativefh.com,,,,unreachable,,,,
Estetica MedSpa,eamedspa.com,,,yes,no_email,https://eamedspa.com,medspa,,1
"East Bay Innovative Medicine in East Providence, RI",eastbayinnovativemedicine.com,,,yes,no_email,https://eastbayinnovativemedicine.com,medspa,,1
"East Town Salon & Medspa in Milwaukee, WI",easttownspa.com,,,yes,no_email,https://easttownspa.com,medspa,GLP-1 weight loss peptides,2
Eden Day Spa,edendetroit.com,alice@edendetroit.com,alice@edendetroit.com,yes,no_peptides,https://edendetroit.com,medspa,,0
"Eden Rose Health and Wellness in Bridgeport, CT",edenrosehealthandwellness.com,,,,unreachable,,,,
"Arctic Elevation in El Dorado Hills, CA",edh.arcticelevation.com,,,,no_email,,vendor,,0
Effortless 10,effortless10.me,,,,unreachable,,,,
"HYER Health IV + Wellness in Vancouver, WA",eknqt.myaestheticrecord.com,,,,no_email,https://eknqt.myaestheticrecord.com,vendor,,0
Elase Medical Spa,elase.com,,,,no_email,https://elase.com,medspa,"tb-500, ipamorelin, sermorelin, pt-141, glutathione, 5-amino-1mq",7
"EleMental Health & Boise Ketamine Clinic in Boise, ID",elementalhealthcenter.com,,,,no_email,,vendor,,0
"Elemental Health & Wellness in Scranton, PA",elementalinfusionnepa.com,,,,unreachable,,,,
Element MedSpa,elementmedicalspa.com,,,,no_email,,vendor,,0
Element Skin Therapy,elementskintherapy.com,info@elementskintherapy.com,info@elementskintherapy.com,yes,no_peptides,https://elementskintherapy.com,medspa,,0
"Element Wellness in Omaha, NE",elementwellness.com,,,yes,no_email,https://elementwellness.com,medspa,nad+,2
"Elevate + Co. in Milwaukee, WI",elevateandcomke.com,elevateandcollc@gmail.com,elevateandcollc@gmail.com,yes,no_peptides,https://elevateandcomke.com,medspa,,0
"Elevated Health Augusta in Evans, GA",elevatedhealthaugusta.com,,,yes,no_email,https://elevatedhealthaugusta.com,medspa,"semaglutide, tirzepatide, retatrutide, bpc-157, tb-500, nad+",28
Elevate Recovery + Medspa,elevaterecoveryandmedspa.com,,,yes,no_email,https://elevaterecoveryandmedspa.com/contact,medspa,,0
"Elevé Wellness & Aesthetics in Grand Rapids, MI",elevewellnessaesthetics.com,info@elevewellnessaesthetics.com,info@elevewellnessaesthetics.com,,no_us_signal,https://elevewellnessaesthetics.com,medspa,,2
"Elite Health Colorado in Colorado Springs, CO",elitehealthcolorado.com,,,yes,no_email,https://elitehealthcolorado.com,medspa,"semaglutide, tirzepatide, retatrutide, bpc-157, tb-500, nad+",30
"ELITE IV HYDRATION in Lakewood Ranch, FL",eliteivhydration.com,,,,no_email,,vendor,,0
Elite Wellness Body + Aesthetics,elitewellnessbodyaesthetics.com,,,,no_email,https://elitewellnessbodyaesthetics.com,medspa,,0
EDGE by ELIXR Wellness Brickell,elixrwellness.com,,,,unreachable,,,,
Elizabeth Face + Body Med Spa,elizabethmedspa.com,,,,no_email,,vendor,,0
Eliza Williams Spa,elizawilliamsdayspa.com,,,,no_email,https://elizawilliamsdayspa.com,vendor,,0
Ella Rose Aesthetics,ellaroseaesthetics.com,,,,unreachable,,,,
"Elm City Wellness on Orange in New Haven, CT",elmcitywellness.com,elmcitywellness@gmail.com,elmcitywellness@gmail.com,yes,no_peptides,https://elmcitywellness.com,medspa,,0
Elysian Med Spa & Wellness,elysianmedspalv.com,,,,no_email,https://elysianmedspalv.com,vendor,,0
Elyzium Med Spa,elyziummedspa.com,,,,unreachable,,,,
Empire Aesthetics Medical Spa,empiremedicalspa.com,,,,unreachable,,,,
Endure Thermal Spa,endurethermalspa.com,info@endurethermalspa.com,info@endurethermalspa.com,yes,no_peptides,,vendor,,0
"Enhanced Healthcare, LLC in Plant City, FL",enhancedhealthcarefl.com,,,yes,no_email,https://enhancedhealthcarefl.com,medspa,"semaglutide, tirzepatide",7
"Elite Personalized Medicine in Peachtree Corners, GA",epmlife.com,,,yes,no_email,https://epmlife.com,medspa,,2
"Essential Infusions by Elle Luxe in Pennsauken, NJ",essential-infusions.com,,,,no_email,https://essential-infusions.com,vendor,,0
Esthetiques Spa & Boutique,esthetiquesspaboutique.com,,,,unreachable,,,,
ETALON DAY SPA,etalondayspa.com,info@etalondayspa.com,info@etalondayspa.com,yes,no_peptides,https://etalondayspa.com,vendor,,0
Eternal Beauty & Wellness,eternalbeautymedspa.com,,,,unreachable,,,,
"Eternal Health and Wellness in Louisville, KY",eternalhw.com,,,yes,no_email,https://eternalhw.com,medspa,"semaglutide, bpc-157, nad+, ipamorelin, sermorelin, cjc-1295",28
Euphoria Health,euphoria.health,,,,unreachable,,,,
Euveda Medspa & Aesthetics,euveda.com,,,,no_email,,vendor,,0
East Village Spa,evdayspa.com,,,,unreachable,,,,
"EverLiv IV Therapy in Miami, FL",everlivmia.com,,,yes,no_email,https://everlivmia.com,medspa,"nad+, glutathione",3
"Evolve Hydration and Wellness in Longwood, FL",evolvehydration.com,info@evolvehydration.com,info@evolvehydration.com,yes,no_peptides,https://evolvehydration.com,vendor,,0
Evolve Med Spa,evolvemedspa.com,,,yes,no_email,https://evolvemedspa.com,medspa,,0
"Expose Wellness in Inman, SC",exposewellness.com,,,,no_email,,medspa,,1
Expressions Medspa,expressionsmedspacanton.com,natalie@expressionsmedspacanton.com,natalie@expressionsmedspacanton.com,yes,no_peptides,https://expressionsmedspacanton.com,medspa,,0
"EXTEN IV Therapy in Boise, ID",exteniv.com,,,,unreachable,,,,
Eye Candy Medspa,eyecandymedspa.com,eyecandymedspa@gmail.com,eyecandymedspa@gmail.com,yes,already known,https://eyecandymedspa.com,medspa,"semaglutide, tirzepatide",7
FACE FOUNDRIÉ,facefoundrie.com,info@facefoundrie.com,info@facefoundrie.com,,no_peptides,https://facefoundrie.com,medspa,,0
Face KC Medical Spa,facekcmedspa.com,info.facekcmedspa@gmail.com,info.facekcmedspa@gmail.com,yes,no_peptides,https://facekcmedspa.com,medspa,,0
"Faces STL in St. Louis, MO",facesstl.com,,,yes,no_email,https://facesstl.com,medspa,,1
nomiSpa,fairviewinn.com,reservations@fairviewinn.com,reservations@fairviewinn.com,yes,no_peptides,https://fairviewinn.com,medspa,,0
Fleur-De-Lis Aesthetics & Apothecary,fdlaesthetics.com,,,yes,no_email,https://fdlaesthetics.com,medspa,"semaglutide, tirzepatide, liraglutide",12
Ferrari Facial Aesthetics,ferrarifacialaesthetics.com,,,,no_email,https://ferrarifacialaesthetics.com,medspa,,0
"Functional Health of Lancaster in Lancaster, PA",fh-lancaster.com,,,yes,no_email,https://fh-lancaster.com,medspa,,1
"FIKA Infusion + Wellness in Salt Lake City, UT",fikainfusion.com,,,yes,no_email,https://fikainfusion.com,medspa,"semaglutide, tirzepatide, bpc-157, tb-500, thymosin alpha-1, nad+",27
Ageless Aesthetics & Natural Medicine,findyourageless.com,info@findyourageless.com,info@findyourageless.com,yes,no_peptides,https://findyourageless.com,medspa,,0
"Flawless Future Medical Spa (Scranton) in Scranton, PA",flawlessfuturemedspa.com,,,,no_email,https://flawlessfuturemedspa.com,vendor,,0
Flawless Laser & Medspa,flawlesslaserandmedspa.com,,,yes,no_email,https://flawlesslaserandmedspa.com,medspa,,0
Flawless Med Spa,flawlessmedspa.info,flawlessmedspaaesthetics@gmail.com,flawlessmedspaaesthetics@gmail.com,yes,no_peptides,https://flawlessmedspa.info,medspa,,0
"Flo & Glo IV Wellness Lounge in Amite City, LA",flongloiv.com,info@flongloiv.com,info@flongloiv.com,yes,no_peptides,https://flongloiv.com/pages/contact,vendor,,0
"Flourish Wellness Center in San Antonio, TX",flourishsatx.com,,,yes,no_email,https://flourishsatx.com,medspa,"semaglutide, bpc-157, thymosin beta-4, sermorelin",9
"FLUID HYDRATION & WELLNESS, PLLC in Charlotte, NC",fluidhydrationandwellness.com,,,yes,no_email,https://fluidhydrationandwellness.com,medspa,"semaglutide, tirzepatide, liraglutide, nad+",7
"Fluid Revival Mobile IV Therapy in Austin, TX",fluidrevival.com,,,,no_email,,vendor,,0
Forever Young Aesthetics,forever-young-you.com,info@forever-young-you.com,info@forever-young-you.com,yes,no_peptides,https://forever-young-you.com,medspa,,0
"Hydrate Medical, IV Hydration Fort Mill in Fort Mill, SC",fortmill.hydratemedical.com,,,,no_email,,vendor,,0
"Forward Ketamine of Wisconsin in Madison, WI",forwardketamine.com,brian@forwardketamine.com,brian@forwardketamine.com,yes,no_peptides,https://forwardketamine.com,medspa,,0
"Foundation Health and Wellness, LLC. in Albuquerque, NM",foundationhw.com,,,yes,no_email,https://foundationhw.com,medspa,"semaglutide, tirzepatide",12
Fountain Of Youth Skin Spa,fountainofyouthskinspa.com,,,,unreachable,,,,
Four Sisters Aesthetic Medicine LLC,foursistersvt.com,info@foursistersvt.com,info@foursistersvt.com,yes,no_peptides,https://foursistersvt.com,medspa,,0
"Freeze & Float Spa in Chicago, IL",freezefloatspa.com,,,,unreachable,,,,
Alchemy Skin Spa,fresha.com,,,,no_email,https://fresha.com,medspa,,0
"Fresh IV Drips-Mobile IV Therapy NYC in New York, NY",freshivdrips.com,,,,no_email,https://freshivdrips.com,medspa,,1
Ft Hunt Health and Wellness Center,fthuntmassageandspa.com,fthuntmassageandspa@gmail.com,fthuntmassageandspa@gmail.com,yes,no_peptides,https://fthuntmassageandspa.com,vendor,,0
"Fulcrum Health & Wellness in Oklahoma City, OK",fulcrum-clinic.com,,,yes,no_email,https://fulcrum-clinic.com,medspa,,1
Gateway Clinics,gateway-clinics.com,,,,no_email,,vendor,,0
"Gen 3 IV Hydration and Wellness in Blue Springs, MO",gen3iv.com,gen3iv@outlook.com,gen3iv@outlook.com,yes,already known,https://gen3iv.com,medspa,nad+,2
"Genesis Wellness & Rejuvenation Spa in Beachwood, OH",genesishealthwell.com,,,,no_email,,vendor,,0
"Genesis IV Hydration in Costa Mesa, CA",genesisivhydration.com,,,,no_email,https://genesisivhydration.com,medspa,,3
Genesis Med Spa,genesismedspa.net,,,,unreachable,,,,
Amazing Skin Laser & Aesthetics,getamazingskincare.com,amazingskin.frontdesk@gmail.com,amazingskin.frontdesk@gmail.com,yes,no_peptides,https://getamazingskincare.com,medspa,,0
DripTherapy,getdriptherapy.com,info@getdriptherapy.com,info@getdriptherapy.com,,no_peptides,,vendor,,0
"Elivate in Olympic Valley, CA",getelivated.com,,,,unreachable,,,,
Good Shots (Lower Level,getgoodshots.com,,,yes,no_email,https://getgoodshots.com,medspa,,1
G&G Med Spa at Gillespie Plastic Surgery,ggmedispa.com,ggmedspa@gmail.com,ggmedspa@gmail.com,yes,already known,https://ggmedispa.com,medspa,"semaglutide, glutathione",6
"Gigi's Glo&Go PLLC in El Paso, TX",gigismedspa4u.com,gceniceros0051@gmail.com,gceniceros0051@gmail.com,yes,no_peptides,https://gigismedspa4u.com,medspa,,0
Gleam Medical Spa,gleammedspa.com,,,,no_email,,vendor,,0
Gloasis Wellness and Aesthetics,gloasiswellnessaesthetics.com,info@gloasiswellnessaesthetics.com,info@gloasiswellnessaesthetics.com,,no_us_signal,https://gloasiswellnessaesthetics.com,medspa,"nad+, glutathione",7
Glo Boise,globoise.com,globoisespa@gmail.com,globoisespa@gmail.com,yes,no_peptides,https://globoise.com,medspa,,0
GLO DERMA Aesthetics & Wellness,gloderma.com,clientservices@gloderma.com,clientservices@gloderma.com,yes,no_peptides,https://gloderma.com,medspa,,0
"Glow Haus in Chicago, IL",glow-haus.net,,,,unreachable,,,,
"Glow and Rejuvenate Medspa in San Antonio, TX",glowandrejuvenatemedspa.glossgenius.com,,,,no_email,https://glowandrejuvenatemedspa.glossgenius.com,medspa,GLP-1 weight loss peptides,2
"Glowlight Med Spa in Bellevue, WA",glowlightmedspa.com,,,,no_email,https://glowlightmedspa.com,medspa,"semaglutide, nad+, glutathione",6
Glow Up Body and Skin Spa,glowupbodyandskinspa.com,,,,no_email,https://glowupbodyandskinspa.com,vendor,,0
After Glow aesthetics & wellness,glowwiththebest.com,,,,no_email,https://glowwiththebest.com,medspa,,0
Brivora Wellness and Medical Spa,go.booker.com,,,,no_email,https://go.booker.com,vendor,,0
"Golden Aesthetics Luxury Medspa in Bellbrook, OH",goldenaestheticsmedspa.com,,,yes,no_email,https://goldenaestheticsmedspa.com,medspa,,2
"Gorg! Wellness & Aesthetics in Austin, TX",gorglifestyle.com,,,,no_email,,vendor,,0
"Vida-Flo Decatur in Decatur, GA",govidaflo.com,,,yes,no_email,https://govidaflo.com,medspa,nad+,3
"GoVitaShot in West Hartford, CT",govitashot.com,,,,unreachable,,,,
"Grace Wellness & Med Spa in Virginia Beach, VA",gracewellnessmedspa.com,,,,unreachable,,,,
"AesthetiCare Medspa + Wellness, Lenexa",greatskinkc.com,,,yes,no_email,https://greatskinkc.com,medspa,nad+,2
"Greensboro Med Spa in Greensboro, NC",greensboromedspa.com,,,,no_email,https://greensboromedspa.com,medspa,,0
"Greensboro Rejuvenation The Center for Integrative Health & Wellness,",gsorejuvenation.com,info@gsorejuvenation.com,info@gsorejuvenation.com,yes,no_peptides,https://gsorejuvenation.com,medspa,,0
H2Hydro Medi Spa,h2hydromedispa.com,,,,unreachable,,,,
SKIN Medical Aesthetics Clinic at Hair Success,hairsuccesssalons.com,info@hairsuccesssalons.com,info@hairsuccesssalons.com,yes,no_peptides,https://hairsuccesssalons.com,medspa,,0
Halo Healing Therapies Co.,halohealingtherapies.com,alisia@halohealingtherapies.com,alisia@halohealingtherapies.com,yes,no_peptides,https://halohealingtherapies.com,vendor,,0
"Halo Wellness in Brookhaven, MS",halowellnessbrookhaven.com,,,yes,no_email,https://halowellnessbrookhaven.com,medspa,nad+,2
Hands That Relax The Body LLC,handsthatrelaxthebody.amtamembers.com,,,yes,no_email,https://handsthatrelaxthebody.amtamembers.com,medspa,,0
"Hang 10 Drips in Virginia Beach, VA",hang10drips.com,,,yes,no_email,https://hang10drips.com,medspa,"nad+, glutathione",5
"Hangover IV in San Diego, CA",hangoveriv.com,,,,unreachable,,,,
"Harlingen Total Care Clinic in Harlingen, TX",harlingenmedicalclinic.com,,,,unreachable,,,,
Harmonized Aesthetics,harmonizedaesthetics.com,,,yes,no_email,https://harmonizedaesthetics.com,medspa,,0
Haus of Aesthetics SLC,hausofaestheticsslc.com,,,,no_email,,vendor,,0
Aesthetics Hawaii: Dr Yew Botox Filler Specialist,hawaiibotox.com,,,yes,no_email,https://hawaiibotox.com,medspa,"semaglutide, tirzepatide, bpc-157, tb-500, thymosin beta-4, nad+",21
"Hawley Health Center in North Little Rock, AR",hawleyhealthcenter.com,,,,no_email,,vendor,,0
Hazel & Honey Beauty Co.,hazelhoneybeauty.com,,,yes,no_email,https://hazelhoneybeauty.com,medspa,tirzepatide,2
"Haus of Beauté Medical Spa in Visalia, CA",hbmedicalspa.com,hbmedspacorp@gmail.com,hbmedspacorp@gmail.com,yes,no_peptides,https://hbmedicalspa.com,medspa,,0
Head Spa,headspahonolulu.com,,,,no_email,https://headspahonolulu.com,vendor,,0
The Healing Point Massage Clinic,healingpointmassage.com,,,yes,no_email,https://healingpointmassage.com,vendor,,0
"Health Care Medical in Ridgeland, MS",healthcaremedicalms.com,,,yes,no_email,https://healthcaremedicalms.com,medspa,,0
"HealthE1 Medical in Naples, FL",healthe1medical.com,,,,no_email,,vendor,,0
"Health Fusion Drip Spa in Friendswood, TX",healthfusiondripspa.com,,,yes,no_email,https://healthfusiondripspa.com,medspa,"semaglutide, nad+, glutathione",5
"H2O Health in Brookfield, WI",healthhydrationoasis.com,,,yes,no_email,https://healthhydrationoasis.com,medspa,"bpc-157, tb-500, thymosin alpha-1, ipamorelin, tesamorelin, cjc-1295",13
Health Med Spa IV Therapy,healthmedspa.com,,,yes,no_email,https://healthmedspa.com,medspa,glutathione,4
Health Resonates,healthresonates.com,info@healthresonates.com,info@healthresonates.com,yes,no_peptides,https://healthresonates.com,medspa,,0
"Healthy Solutions Medspa in Ivyland, PA",healthysolutionsdr.com,,,yes,no_email,https://healthysolutionsdr.com,medspa,nad+,4
Heaven on Earth Salon & Day Spa,heavenonearthhawaii.com,,,yes,no_email,https://heavenonearthhawaii.com,medspa,,0
Hela Medical Spa,helamedicalspa.com,,,yes,no_email,https://helamedicalspa.com,medspa,,2
Hello Hydration,hellohydrationiv.com,,,,no_email,,vendor,,0
Hello Smooth Med Spa,hellosmooth.com,info@hellosmooth.com,pilar@hellosmooth.com; info@hellosmooth.com,yes,no_peptides,https://hellosmooth.com,medspa,,0
Beyond The Spa is #1 Specialized in HIFU-Ultherapy Trail: $499,hifu-ultherapy.com,,,,no_email,https://hifu-ultherapy.com,medspa,,0
"Higher Self Wellness, Family Practice in Tucson, AZ",higherselfwellnesspllc.com,,,,unreachable,,,,
"Highline Aesthetics in Boulder, CO",highlineaestheticsboulder.zoca.com,,,,no_email,https://highlineaestheticsboulder.zoca.com,medspa,,1
Honor Aesthetics and Wellness,honoraesthetics.com,hello@honoraesthetics.com,hello@honoraesthetics.com,yes,no_peptides,https://honoraesthetics.com,medspa,,0
"Hope In Health, LLC. in Cape Coral, FL",hope-in-health.com,,,,no_email,https://hope-in-health.com,vendor,,0
Horizon Med Spa and Wellness,horizonmedspaandwellness.com,info@horizonmedspaandwellness.com,info@horizonmedspaandwellness.com,,no_peptides,https://horizonmedspaandwellness.com,medspa,,0
"House of Drip & Wellness in Dearborn, MI",houseofdripandwellness.com,meganmoslimani@gmail.com,meganmoslimani@gmail.com; houseofdripandwelless@gmail.com; houseofdripandwellness@gmail.com,yes,no_peptides,https://houseofdripandwellness.com,medspa,,0
"HumanKind Health & Wellness in Buffalo, NY",humankindhealthandwellness.com,,,yes,no_email,https://humankindhealthandwellness.com,medspa,"nad+, glutathione",5
Hollywood Wellness Med Spa,hwmspa.com,hollywoodmedspa2023@gmail.com,hollywoodmedspa2023@gmail.com; hollywoodwellnesslv@gmail.com,yes,no_peptides,https://hwmspa.com,medspa,,0
HydraBeach™,hydrabeach.us,,,yes,no_email,https://hydrabeach.us,medspa,nad+,2
HydraCare IV,hydracareiv.com,,,,no_email,https://hydracareiv.com,vendor,,1
HydraFacial By Jen,hydrafacialbyjen.com,hydrafacialbyjen@gmail.com,hydrafacialbyjen@gmail.com,,no_peptides,https://hydrafacialbyjen.com,medspa,,0
Hydra Heaven,hydraheaven.com,hydraheaven@yahoo.com,hydraheaven@yahoo.com,yes,no_peptides,https://hydraheaven.com,vendor,,0
"Hydralive Therapy Madison in Madison, WI",hydralivetherapy.com,,,yes,no_email,https://hydralivetherapy.com,medspa,"nad+, ipamorelin, sermorelin, tesamorelin, mots-c, ghk-cu",13
"HydraMed Mobile IV Therapy in Denver, CO",hydramed.com,,,,no_email,,vendor,,0
"Hydrate 315, LLC in Utica, NY",hydrate315.com,hydrate315@gmail.com,hydrate315@gmail.com; cfhydrate315@gmail.com,yes,no_peptides,https://hydrate315.com,vendor,,0
"Arkansas Hydration and Wellness in Russellville, AR",hydratearkansas.com,,,yes,no_email,https://hydratearkansas.com,medspa,GLP-1 weight loss peptides,3
"Hydrate Danville in Danville, CA",hydratedanville.com,hydratedanville@gmail.com,hydratedanville@gmail.com,yes,no_peptides,https://hydratedanville.com,vendor,,0
"Hydrate2O of Exton IV Nutrient Infusions in Exton, PA",hydrateiv.com,,,yes,no_email,https://hydrateiv.com,medspa,,1
"Hydrate IV Bar at The Oxford Club and Spa in Denver, CO",hydrateivbar.com,,,,no_email,,vendor,,0
Hydrate IV Therapy,hydrateivtherapy.com,,,,no_email,,vendor,,0
"Hydrate Recovery Lounge in Seguin, TX",hydratelounge.net,hydraterecoverylounge@gmail.com,hydraterecoverylounge@gmail.com,yes,no_peptides,https://hydratelounge.net,vendor,,0
"Hydrate Medical in Charlotte, NC",hydratemedical.com,,,,no_email,,vendor,,0
Hydrate Me Medspa,hydratememedspa.com,,,yes,no_email,https://hydratememedspa.com,medspa,"semaglutide, tirzepatide, nad+, glutathione",12
"Hydrate Society in Tualatin, OR",hydratesociety.com,,,,unreachable,,,,
"Aurum Health in Carol Stream, IL",hydration4you.com,,,,no_email,https://hydration4you.com,medspa,,0
"Hydration Haven in Terrytown, LA",hydrationhavenmedspa.com,,,,no_email,https://hydrationhavenmedspa.com,vendor,,0
"Hydration Therapy & Weight Loss Center in Tucson, AZ",hydrationweightloss.com,ask@hydrationweightloss.com,ask@hydrationweightloss.com; claudia@hydration-weightloss.com,yes,no_peptides,https://hydrationweightloss.com,medspa,,0
"Hydration Well in Merced, CA",hydrationwell.com,,,yes,no_email,https://hydrationwell.com,medspa,"nad+, semaglutide, tirzepatide",9
"Hydription in Torrance, CA",hydription.com,,,yes,no_email,https://hydription.com,medspa,,1
"Hydro Flow & Glow in Easton, PA",hydroflowglow.com,,,,unreachable,,,,
Hydro Med Spa,hydromedspa.com,,,yes,no_email,https://hydromedspa.com,medspa,GLP-1 weight loss peptides,6
"Hype Hydration and Wellness in Frisco, TX",hypehydrationandwellness.com,ivnursebrandi@gmail.com,ivnursebrandi@gmail.com,yes,already known,https://hypehydrationandwellness.com,medspa,"bpc-157, ipamorelin, cjc-1295, pt-141, ghk-cu",6
"IB Drippin Mobile IV in Milford Mill, MD",ibdrippinmobileivhydration.now.site,support@now.site,support@now.site,,no_peptides,https://ibdrippinmobileivhydration.now.site,vendor,,0
"Iconic Aesthetics Nebraska in Omaha, NE",iconicaestheticsnebraska.com,iconicaestheticsnebraska@gmail.com,iconicaestheticsnebraska@gmail.com,yes,already known,https://iconicaestheticsnebraska.com,medspa,"semaglutide, tirzepatide",5
Icon MD Medical Spa + Laser Center Boston,iconmd.com,,,yes,no_email,https://iconmd.com,medspa,sermorelin,5
iCRYO Whole Body Cryotherapy + Medical Spa iV DRIP and iM Therapy in C,icryo-danielisland-sc.com,,,yes,no_email,https://icryo-danielisland-sc.com,medspa,"nad+, glutathione",7
iCRYO Cryotherapy + iV Therapy + Body Sculpting + Red Light Therapy in,icryo-mauldin-sc.com,,,yes,no_email,https://icryo-mauldin-sc.com,medspa,nad+,6
iCRYO Cryotherapy + iV Therapy + Body Sculpting + Red Light Therapy in,icryo-wichita-ks.com,,,,no_email,https://icryo-wichita-ks.com,vendor,,0
iCRYO Cryotherapy + iV Therapy + Body Sculpting + Red Light Therapy in,icryo.com,,,yes,no_email,https://icryo.com,medspa,nad+,6
iCRYO Grosse Pointe CRYOTHERAPY + iV THERAPY + BODY SCULPTING + RED LI,icryogrossepointe.com,,,yes,no_email,https://icryogrossepointe.com,medspa,nad+,5
"ICT IV in Wichita, KS",ictivhydration.com,ictivhydration@gmail.com,ictivhydration@gmail.com; elitemaleict@gmail.com,yes,already known,https://ictivhydration.com,medspa,"nad+, glutathione",5
Ideal Image Canton,idealimage.com,,,,no_email,https://idealimage.com,vendor,,0
ID Wellness,idwellnessclinic.com,,,,no_email,,vendor,,0
"Illumin Wellness in Danville, CA",illuminwellness.com,,,yes,no_email,https://illuminwellness.com,vendor,,0
Il Mulino Aesthetics,ilmulinoaesthetics.com,,,yes,no_email,https://ilmulinoaesthetics.com,medspa,semaglutide,2
ImageLab Med Spa,imagelabmedspa.com,chicagosupport@imagelabmedspa.com,chicagosupport@imagelabmedspa.com; alexandriasupport@imagelabmedspa.com; rockfordsupport@imagelabmedspa.com,yes,no_peptides,https://imagelabmedspa.com,medspa,,0
Imagine Medispa,imaginemedispas.com,,,,no_email,,vendor,,0
"Integrated Mobile Health in Houston, TX",imhealthiv.com,,,yes,no_email,https://imhealthiv.com,medspa,"nad+, glutathione",3
"Immanence Health in Seattle, WA",immanencehealth.com,,,yes,no_email,https://immanencehealth.com,medspa,,0
"Indigovia in Jacksonville Beach, FL",indigovia.com,,,,no_email,https://indigovia.com,medspa,,1
"Infinite Revival, PC in Seekonk, MA",infinite-revival.com,,,yes,no_email,https://infinite-revival.com,medspa,GLP-1 weight loss peptides,4
Infinite Skin,infiniteskinfargo.com,,,yes,no_email,https://infiniteskinfargo.com,medspa,,0
"Infinity MedSpa of Glastonbury in Glastonbury, CT",infinitymedspaglastonbury.com,,,,no_email,,vendor,,0
"Infinity Med Spa in Johnston, RI",infinitymedspari.com,,,yes,no_email,https://infinitymedspari.com,medspa,,1
"Infuse Wellness in Melbourne, FL",infuse-wellness.com,,,yes,no_email,https://infuse-wellness.com,medspa,"nad+, glutathione",6
"Infused Greenville, Greenville Ketamine Center in Greenville, SC",infusedclinics.com,,,yes,no_email,https://infusedclinics.com,medspa,,0
"Infused Health and Wellness in Oceanside, NY",infusedhealthwellness.com,,,,unreachable,,,,
"Injection and Infusion Clinic of Albuquerque, New Mexico in Albuquerqu",infusionclinicabq.com,,,,no_email,,vendor,,0
"InfusIV Hydration in Ann Arbor, MI",infusivhydration.com,info@infusivhydration.com,info@infusivhydration.com,,no_peptides,https://infusivhydration.com,vendor,,0
"Amy Davis, RN, BSN",injectintheranch.com,,,yes,no_email,https://injectintheranch.com,medspa,,0
Injection Bar,injection-bar.com,,,,unreachable,,,,
"Injectologia Aesthetics & Wellness in Woodstock, IL",injectologia.myaestheticrecord.com,,,,no_email,https://injectologia.myaestheticrecord.com,medspa,,0
Inner Beauty Concepts,innerbeautyconcepts.com,info@innerbeautyconcepts.com,info@innerbeautyconcepts.com,yes,no_peptides,https://innerbeautyconcepts.com,vendor,,0
Inner Peace Wellness Co.at Root + Restore Wellness Collective in Ashev,innerpeacewellnessco.com,rootrestorewellnessco@gmail.com,rootrestorewellnessco@gmail.com,,no_us_signal,https://innerpeacewellnessco.com,vendor,"nad+, glutathione",3
Innovative MedSpa,innovative-medspa.com,,,yes,no_email,https://innovative-medspa.com,medspa,semaglutide,6
"Innovative Wellness Centers in Worthington, OH",innovativewellnesscenters.com,,,,no_email,https://innovativewellnesscenters.com,vendor,,0
Inspire Health & Wellness Spa,inspirehealthspa.com,,,,unreachable,,,,
"IV League Hydration Therapy LLC in Tampa, FL",intravenewellnesstherapies.com,,,yes,no_email,https://intravenewellnesstherapies.com,medspa,"nad+, glutathione",4
"InVita Health and Wellness in St. Louis, MO",invitahealthandwellness.com,,,yes,no_email,https://invitahealthandwellness.com,medspa,semaglutide,2
"InVita Health & Wellness in La Vista, NE",invitahealthandwellnessomaha.com,invitawellnessomaha@outlook.com,invitawellnessomaha@outlook.com,yes,already known,https://invitahealthandwellnessomaha.com,medspa,GLP-1 weight loss peptides,8
"Infused Wellness Solutions in Oklahoma City, OK",itsnclexreview.com,dianne@itsnclexreview.com,dianne@itsnclexreview.com,yes,no_peptides,https://itsnclexreview.com,vendor,,0
"IV Pros IV Therapy in Glendale, CA",iv-pros.com,admin@iv-pros.com,admin@iv-pros.com,yes,already known,https://iv-pros.com,medspa,nad+,2
"IV-recovery in Middletown, RI",iv-recovery.com,,,,unreachable,,,,
"IV & Wellness Lounge in Long Beach, CA",ivandwellnesslounge.com,,,yes,no_email,https://ivandwellnesslounge.com,medspa,"nad+, glutathione",3
"iV Bars in Edgewater, NJ",ivbars.com,,,,no_email,,vendor,,0
"IV Beauty Bar in Derby, KS",ivbeautybarict.com,,,,unreachable,,,,
BioworX Lake Country,ivboosters.com,,,,no_email,https://ivboosters.com,vendor,,0
"IV DripBar in Warwick, RI",ivdripbar.com,,,,unreachable,,,,
"IV Effect in Tulsa, OK",iveffect.com,,,,no_email,https://iveffect.com,medspa,"nad+, glutathione",4
"IV For Wellness in San Antonio, TX",ivforwellness.com,,,yes,no_email,https://ivforwellness.com,medspa,,1
"IV GLOW Miami in Coral Gables, FL",ivglow.com,,,,unreachable,,,,
"IV Health Club in Mason, OH",ivhealthclub.com,,,,no_email,https://ivhealthclub.com,medspa,,0
"Hydr8 Wellness Center in Turlock, CA",ivhydr8.com,,,,no_email,https://ivhydr8.com,medspa,"nad+, glutathione",4
"IV Hydration Lounge & Med Spa in Thomaston, CT",ivhydrationlounge.net,,,yes,no_email,https://ivhydrationlounge.net,medspa,semax,3
"Aqua Fusion IV Hydration in Summerville, SC",ivhydrationsummerville.com,,,yes,no_email,https://ivhydrationsummerville.com,medspa,,1
"I Vie Infusions in Fresno, CA",ivieinfusions.com,,,,unreachable,,,,
"IVitamin IV Lounge in Austin, TX",ivitamintherapy.com,,,yes,no_email,https://ivitamintherapy.com,medspa,"nad+, glutathione",5
"IV League in Boston, MA",ivleaguehydrate.com,,,yes,no_email,https://ivleaguehydrate.com,medspa,"semaglutide, tirzepatide, nad+, sermorelin, glutathione",13
"IV Lounge in El Dorado Hills, CA",ivlounge-edh.com,,,,unreachable,,,,
IV Lounge Nola,ivloungenola.com,,,yes,no_email,https://ivloungenola.com,medspa,"nad+, glutathione",4
"IV Nutrition in Brookfield, WI",ivnutrition.com,,,,no_email,https://ivnutrition.com,medspa,"semaglutide, tirzepatide, nad+, sermorelin, pt-141, glutathione",12
IVolution,ivolution.health,info@ivolution.health,info@ivolution.health,yes,no_peptides,https://ivolution.health,vendor,,0
"Ivory Wellness & Aesthetics in River Forest, IL",ivorywellness.com,,,yes,no_email,https://ivorywellness.com,medspa,"bpc-157, sermorelin, pt-141, ghk-cu",11
"IV Rejuve Mobile IV Hydration and Injections in Cincinnati, OH",ivrejuvemobilehydration.com,,,,unreachable,,,,
"IntraVenous Solutions in Nashville, TN",ivsolns.com,,,yes,no_email,https://ivsolns.com,medspa,"nad+, glutathione",6
"IV Therapy LA in Glendale, CA",ivtla.com,,,,no_email,https://ivtla.com,vendor,,0
IV Vitamin Infusion,ivvitamininfusion.com,,,yes,no_email,https://ivvitamininfusion.com,medspa,"nad+, glutathione, semaglutide",9
"IV Wellness and Health in Wareham, MA",ivwellnessandhealth.com,,,,unreachable,,,,
"IVX Health Infusion Center in Knoxville, TN",ivxhealth.com,,,,unreachable,,,,
"IVy Clinic ( Vitamin IV Therapy 수액 링거) in Duluth, GA",ivyclinicusa.com,,,,unreachable,,,,
Jax-Zen Healing Arts Center,jax-zen.com,hotyoga@jax-zen.com,hotyoga@jax-zen.com,yes,no_peptides,https://jax-zen.com,vendor,,0
Jax Medi Spa LLC,jaxmedispa.com,,,yes,no_email,https://jaxmedispa.com,vendor,,0
Jeuje Aesthetics & Wellness,jeujeaesthetics.com,,,,no_email,,vendor,,0
Jiva Med Spa Columbus,jivamedspa.com,,,yes,no_email,https://jivamedspa.com,medspa,semaglutide,6
JJ DAY SPA,jjdayspanj.com,,,yes,no_email,https://jjdayspanj.com,medspa,GLP-1 weight loss peptides,2
Beauty Cult,joinbeautycult.com,info@joinbeautycult.com,info@joinbeautycult.com,yes,no_peptides,https://joinbeautycult.com,medspa,,0
Juvly Aesthetics,juvly.com,info@juvly.com,info@juvly.com,yes,already known,https://juvly.com,medspa,"semaglutide, tirzepatide, nad+",4
Kao Spa,kaospa.com,kaospahawaii@gmail.com,kaospahawaii@gmail.com,yes,no_peptides,https://kaospa.com,medspa,,0
Knot Springs,knotsprings.com,hello@knotsprings.com,hello@knotsprings.com,yes,no_peptides,https://knotsprings.com,vendor,,0
"Grow Wellness in Knoxville, TN",knoxgrowwellness.com,,,yes,no_email,https://knoxgrowwellness.com,medspa,"semaglutide, tirzepatide, glutathione",7
Kore Aesthetics,korefargo.com,,,yes,no_email,https://korefargo.com,medspa,,1
Kut Above Salon & Day Spa,kutabovesalon.com,,,,unreachable,,,,
La Bella Derma Med Spa,labelladermavt.com,,,,no_email,https://labelladermavt.com,medspa,,0
"Dr. Hanna / La Nouvelle Medical Spa & Cosmetic Surgery in Oxnard, CA",lanouvellespa.com,,,,no_email,https://lanouvellespa.com,medspa,"semaglutide, tirzepatide",9
Laser Bar & Spa,laserbarandspa.com,info@laserbarandspa.com,info@laserbarandspa.com,yes,no_peptides,https://laserbarandspa.com,medspa,,0
Laser Duet Med Spa,laserduet.com,,,yes,no_email,https://laserduet.com,medspa,semaglutide,3
Laser Skin Solutions,laserskinsolutionsportland.com,contact@laserskinsolutionsportland.com,contact@laserskinsolutionsportland.com,yes,no_peptides,https://laserskinsolutionsportland.com,medspa,,0
Luxurious Spa,lashesbydina.com,,,,unreachable,,,,
Lava Massage & Day Spa,lavadayspahawaii.com,info@lavadayspahawaii.com,info@lavadayspahawaii.com,yes,no_peptides,https://lavadayspahawaii.com,medspa,,0
Lips by Tif x District Laser,lipsbytif.com,contact@lipsbytif.com,contact@lipsbytif.com,yes,no_peptides,https://lipsbytif.com,medspa,,0
Lisa Miller Massage,lisamillermassage.com,,,yes,no_email,https://lisamillermassage.com,medspa,,0
Lissential Body Bar & Lounge,lissential.com,,,,no_email,,vendor,,0
Living Well,livingwellaesthetics.com,,,yes,no_email,https://livingwellaesthetics.com,medspa,,3
LMC Aesthetic Medspa & Wellness,lmcaesthetic.com,,,,unreachable,,,,
"Infusion Options Inc. in Brooklyn, NY",loc8nearme.com,,,yes,no_email,https://loc8nearme.com,vendor,,0
"Hydrate Medical in Charlotte, NC",loft.hydratemedical.com,,,,no_email,,vendor,,0
Look Great MD Center,lookgreatmd.com,,,,no_email,,vendor,,0
Look Lab Med Spa,looklab.com,,,yes,no_email,https://looklab.com,medspa,semaglutide,1
Lori's Salon & Day Spa,lorisdayspa.com,info@lorisdayspa.com,info@lorisdayspa.com,yes,no_peptides,https://lorisdayspa.com,medspa,,0
Lotus Head Spa,lotusheadspala.com,lotusheadspala@gmail.com,lotusheadspala@gmail.com,yes,no_peptides,https://lotusheadspala.com,vendor,,0
Lounge Aesthetics,loungeaesthetics.com,info@loungeaesthetics.com,info@loungeaesthetics.com,yes,no_peptides,https://loungeaesthetics.com,medspa,,0
Love Medical Spa,lovemedicalspa.com,,,,no_email,,vendor,,0
Lucid Day Spa,luciddayspa.com,,,,unreachable,,,,
Luminescence Aesthetic Medicine,luminescenceaz.com,luminescenceaesthetics@gmail.com,luminescenceaesthetics@gmail.com,yes,already known,https://luminescenceaz.com,medspa,"semaglutide, tirzepatide",6
Luna Medical Spa,lunamedispa.com,infolunamedispa@gmail.com,infolunamedispa@gmail.com,yes,no_peptides,https://lunamedispa.com,medspa,,0
Lush Medical Aesthetics + Wellness,lushcheyenne.com,,,yes,no_email,https://lushcheyenne.com,medspa,"semaglutide, nad+",7
LUXE SZN BEAUTY BAR,luxesznbb.com,,,,unreachable,,,,
Luxe Wellness & Aesthetics,luxewellnessandaesthetics.com,,,,no_email,https://luxewellnessandaesthetics.com,medspa,,0
"Hormones and Health Wellness in San Diego, CA",luxtelemedicineandconcierge.com,,,yes,no_email,https://luxtelemedicineandconcierge.com,vendor,,1
The Medspa @50th,m50medspa.com,,,,unreachable,,,,
Modern Aesthetic Centers,macflorida.com,,,yes,no_email,https://macflorida.com,medspa,,0
Magnolia Med Spa,magnolia-medspa.com,,,,unreachable,,,,
Maine Massage & Float,mainemassageandfloat.com,info@mainemassageandfloat.com,info@mainemassageandfloat.com,yes,no_peptides,https://mainemassageandfloat.com,medspa,,0
Malai Thai Spa,malaithaispa.com,,,,unreachable,,,,
Soul Spa studio,mandysoulspa.com,sli581924@gmail.com,sli581924@gmail.com,yes,no_peptides,https://mandysoulspa.com,medspa,,0
Manifest Station DC,manifeststationdc.com,,,yes,no_email,https://manifeststationdc.com,vendor,,0
MaryCare Skin,marycareskin.com,,,,no_email,https://marycareskin.com,medspa,,0
Massage Medicine,massagemedicine.com,maureen@massagemedicine.com,massagemedicine1@gmail.com; maureen@massagemedicine.com,yes,no_peptides,https://massagemedicine.com,vendor,,0
Maulini Esthetics Body & Skin Spa,mauliniaesthetics.com,,,,no_email,,vendor,,0
"BE Aesthetics & Wellness Clinic in Pharr, TX",mdwareonline.com,,,,unreachable,,,,
"Infinity Med-I-Spa in Birmingham, AL",med-i-spa.com,,,yes,no_email,https://med-i-spa.com,medspa,semaglutide,10
Medical Spa NP,medicalspanp.com,,,yes,no_email,https://medicalspanp.com,medspa,GLP-1 weight loss peptides,4
Medicis Medical Spa,medicismedicalspa.com,,,yes,no_email,https://medicismedicalspa.com,medspa,,0
Medispa Charlotte,medispacharlotte.com,,,,unreachable,,,,
"ABQ Medical Spa in Albuquerque, NM",medspaalbuquerque.com,,,yes,no_email,https://medspaalbuquerque.com,medspa,"semaglutide, tirzepatide",4
"Vivid Skin, Hair & Laser Center",medspaaz.com,vividskinandlaser@gmail.com,vividskinandlaser@gmail.com,yes,no_peptides,https://medspaaz.com,medspa,,0
Med Spa by Voupre,medspavp.com,medspabyvupre@gmail.com,medspabyvupre@gmail.com; spanewhope@gmail.com,yes,no_peptides,https://medspavp.com,medspa,,0
Melt Medspa,meltcheyenne.com,,,,no_email,,vendor,,0
Meridian Medical Spa,meridianmedspajax.com,info@meridianmedspajax.com,info@meridianmedspajax.com,,no_us_signal,https://meridianmedspajax.com,medspa,GLP-1 weight loss peptides,2
Med Time MedSpa,metimemedspamn.com,,,,unreachable,,,,
IMMERSE Spa,mgmgranddetroit.mgmresorts.com,,,,unreachable,,,,
Michigan Advanced Aesthetics,michiganadvancedaesthetics.com,laura@michiganadvancedaesthetics.com,laura@michiganadvancedaesthetics.com,yes,no_peptides,https://michiganadvancedaesthetics.com,medspa,,0
Midtown Day Spa,midtowndayspamd.com,midtowndayspa1014@gmail.com,midtowndayspa1014@gmail.com,yes,no_peptides,https://midtowndayspamd.com,vendor,,0
Mind & Body Medical Spa,mindandbodyaestheticcenter.com,,,yes,no_email,https://mindandbodyaestheticcenter.com,medspa,semaglutide,3
Mink Total Medical Spa & Wellness,minktotal.com,order@minktotal.com,order@minktotal.com,yes,no_peptides,https://minktotal.com,medspa,,0
The Mint Facial Bar & Med Spa,mintfacialbar.com,,,,no_email,https://mintfacialbar.com,medspa,GLP-1 weight loss peptides,3
"flow iv in Seattle, WA",mitchmarderdds.com,,,yes,no_email,https://mitchmarderdds.com,medspa,glutathione,2
Secret Garden Spa,mnsecretgardenspa.com,mnsecretgardenspa@gmail.com,mnsecretgardenspa@gmail.com,yes,no_peptides,https://mnsecretgardenspa.com,medspa,,0
Moana Lani Spa,moanalanispa.com,,,,unreachable,,,,
"Clear Stream Health Mobile IV Therapy in Washingtonville, NY",mobileivtherapyny.com,,,yes,no_email,https://mobileivtherapyny.com,medspa,"semaglutide, tirzepatide, retatrutide, bpc-157, tb-500, nad+",20
ModoGen Medical,modogen.com,,,yes,no_email,https://modogen.com,medspa,"semaglutide, tirzepatide",6
Beauty Within Med Spa,morganhillmedspa.com,,,,no_email,https://morganhillmedspa.com,medspa,,0
D.TOUR Spa,motorcitycasino.com,,,,no_email,https://motorcitycasino.com,vendor,,0
Mountain High Esthetics,mountainhighesthetics.glossgenius.com,,,yes,no_email,https://mountainhighesthetics.glossgenius.com,vendor,,0
Mountain Lake Plastic Surgery,mountainlakeplasticsurgery.com,,,yes,no_email,https://mountainlakeplasticsurgery.com,medspa,"semaglutide, tirzepatide",5
Mountain Modern Aesthetics & Wellness,mountainmodernaesthetics.com,,,yes,no_email,https://mountainmodernaesthetics.com,medspa,,1
M Spa and Skin Care,mspaandskincare.com,,,yes,no_email,https://mspaandskincare.com,medspa,,0
Lotus Med Spa,mspremierplasticsurgery.com,info@mspremierplasticsurgery.com,info@mspremierplasticsurgery.com,yes,no_peptides,https://mspremierplasticsurgery.com,medspa,,0
Munjoyous,munjoyous.com,spa@munjoyous.com,spa@munjoyous.com,yes,no_peptides,https://munjoyous.com,vendor,,0
BeautyMed,mybeautymed.com,,,yes,no_email,https://mybeautymed.com,medspa,"nad+, glutathione",4
"Bioworx in Sparks, NV",mybioworx.com,,,,no_email,https://mybioworx.com,medspa,"bpc-157, tb-500, nad+, selank, semax, ghk-cu",11
Chapter Aesthetic Studio,mychapter.com,,,yes,no_email,https://mychapter.com,medspa,,0
"Drip & Glow IV Hydration and Wellness in Marietta, GA",mydripglow.com,,,,no_email,,vendor,,0
myEvergreen MedSpa,myevergreenmedspa.com,,,yes,no_email,https://myevergreenmedspa.com,medspa,,1
Healthy Lifestyle Medicine,myhealthylifestylemedicine.com,,,yes,no_email,https://myhealthylifestylemedicine.com,medspa,GLP-1 weight loss peptides,3
"Riverside Dermatology, West Quincy Office",myriversidederm.com,myriversidederm@gmail.com,myriversidederm@gmail.com,yes,no_peptides,https://myriversidederm.com,medspa,,0
MD Wellness Center and Med Spa,mytrimmd.com,,,,no_email,,vendor,,0
"IV Vitamin Therapy Clinic in Las Vegas, NV",myvitamintherapy.com,,,,no_email,https://myvitamintherapy.com,medspa,,1
Natural Body Spa + Med Spa,naturalbody.com,,,,unreachable,,,,
NAVA Med Spa,navamedspane.hibuwebsites.com,,,,unreachable,,,,
Wax & Facial Center by Neu Spa,neuspa.online,neuspa.online@gmail.com,neuspa.online@gmail.com,yes,no_peptides,https://neuspa.online,medspa,,0
NE Wellness + SweatWorks Studio,newellnessmpls.com,info@newellnessmpls.com,info@newellnessmpls.com; hello@newellnessmpls.com; northeastwellnessnd@gmail.com,yes,no_peptides,https://newellnessmpls.com,medspa,,0
Charpentier Family Dentistry & MedSpa,newiberiasmiles.com,,,yes,no_email,https://newiberiasmiles.com,medspa,,0
New You Medical Spa AZ,newyouaestheticscenter.com,,,yes,no_email,https://newyouaestheticscenter.com,medspa,"semaglutide, tirzepatide",6
Nirvana Wellness Med Spa & Beauty,nirvanawellnessmedspa.com,,,yes,no_email,https://nirvanawellnessmedspa.com,medspa,,0
Northern Allure Aesthetics,northernallurehudson.com,,,yes,no_email,https://northernallurehudson.com,medspa,,0
Northwestern Med Spa River North,northwesternplastics.com,,,,unreachable,,,,
Nu Me Spa,numebeautyspa.com,info@numebeautyspa.com,info@numebeautyspa.com,yes,no_peptides,https://numebeautyspa.com,vendor,,0
"IV Nutritional Therapies in Lisle, IL",nutrivtherapies.com,,,yes,no_email,https://nutrivtherapies.com,medspa,nad+,4
Nuyu Medspa,nuyumedspanm.com,info@nuyumedspanm.com,maria@nuyumedspanm.com; info@nuyumedspanm.com,yes,no_peptides,https://nuyumedspanm.com,medspa,,0
Oakwell Beer Spa Denver,oakwell.com,hello@oakwell.com,denver@oakwell.com; highlandsranch@oakwell.com; hello@oakwell.com; press@oakwell.com,yes,no_peptides,https://oakwell.com,vendor,,0
Oasis Day Spa,oasisdayspavt.com,relax@oasisdayspavt.com,relax@oasisdayspavt.com; proft.solutions@gmail.com,yes,no_peptides,https://oasisdayspavt.com,vendor,,0
Oceanside Medical Aesthetics and Wellness,oceansidemedicalri.com,,,yes,no_email,https://oceansidemedicalri.com,medspa,"semaglutide, tirzepatide",8
Hydration Station,ochydrationstation.com,hydrationnp@gmail.com,hydrationnp@gmail.com,yes,already known,https://ochydrationstation.com,medspa,semaglutide,5
Reverse Med Spa OKC,okcmedspa.com,lindsayrachelle5@gmail.com,lindsayrachelle5@gmail.com,yes,no_peptides,https://okcmedspa.com,medspa,,0
Olivo Med Spa,olivomedspa.com,,,yes,no_email,https://olivomedspa.com,medspa,,1
Open Sky Day Spa,openskydayspa.com,appointments@openskydayspa.com,appointments@openskydayspa.com,yes,no_peptides,https://openskydayspa.com,vendor,,0
"BioScrip Infusion Services in Charleston, WV",optioncarehealth.com,,,yes,no_email,https://optioncarehealth.com,medspa,,0
OU Beauty,oubeauty.com,,,,no_email,,vendor,,0
B.leaf,ourbleaf.com,contact@ourbleaf.com,contact@ourbleaf.com,yes,no_peptides,https://ourbleaf.com/about,medspa,,0
"Divine Light in Cocoa Beach, FL",ourdivinelight.net,,,,unreachable,,,,
OVME,ovme.com,help@ovme.com,help@ovme.com,yes,already known,https://ovme.com,vendor,tirzepatide,4
Optimum Wellness Services,ows.massagetherapy.com,,,,no_email,,vendor,,0
"IV Drip Vitamin Therapy Lounge by Oxynergy in Beverly Hills, CA",oxynergy2.com,,,,no_email,,vendor,,0
Painted Rock Health and Wellness,paintedrockhealth.com,,,yes,no_email,https://paintedrockhealth.com,medspa,"semaglutide, tirzepatide",5
Palmetto Beauty and Balance,palmettobandb.com,,,,no_email,https://palmettobandb.com,medspa,,0
Pamper Me Pretty Aesthetics,pampermeprettyaesthetics.com,,,,unreachable,,,,
Panacea Luxury Spa,panacealuxuryspa.com,info@panacealuxuryspa.com,info@panacealuxuryspa.com,yes,no_peptides,https://panacealuxuryspa.com,vendor,,0
Pearl MedSpa,pearlmedspa.com,,,yes,no_email,https://pearlmedspa.com,medspa,,0
Peel Haus Aesthetics & Plastic Surgery,peelhaus.com,,,,no_email,,vendor,,0
Perpetuity Skin + Spa,perpetuityskin.com,info@perpetuityskin.com,info@perpetuityskin.com,yes,no_peptides,https://perpetuityskin.com,medspa,,0
WELL Spa + Salon,pfisterwellspa.com,,,yes,no_email,https://pfisterwellspa.com,vendor,,0
Pine And River Aesthetics,pineandriverar.com,,,yes,no_email,https://pineandriverar.com,medspa,,1
Pink Kandy Aesthetics,pinkkandyaesthetics.glossgenius.com,pinkkandyaesthetics@gmail.com,pinkkandyaesthetics@gmail.com,yes,no_peptides,https://pinkkandyaesthetics.glossgenius.com,medspa,,0
Plaza Aesthetics & Wellness,plazamedicalspa.com,,,yes,no_email,https://plazamedicalspa.com,medspa,GLP-1 weight loss peptides,4
Beverly Hills Plaza Medi Spa,plazamedspa.com,,,yes,no_email,https://plazamedspa.com,medspa,,1
Plush Studios & Medical Aesthetics,plushdayandmedspa.com,plushskincarestudio@gmail.com,plushskincarestudio@gmail.com,yes,no_peptides,https://plushdayandmedspa.com,medspa,,0
"Akribis Veins & Vitality: Amanda Cooper, MD",polarisveincenter.com,,,yes,no_email,https://polarisveincenter.com,medspa,GLP-1 weight loss peptides,5
Portico Longevity,porticolongevity.com,hello@porticolongevity.com,hello@porticolongevity.com,yes,no_peptides,https://porticolongevity.com,medspa,,0
Aesthetics by Heather Weltner,portraitcare.com,,,,no_email,https://portraitcare.com,medspa,GLP-1 weight loss peptides,4
Premier Aesthetics of Billings Plastic Surgery,premieraestheticsmt.com,,,yes,no_email,https://premieraestheticsmt.com,medspa,,0
Prestige Med Spa and Wellness Center,prestigemedicalspacharlotte.com,prestiegemedspacharlotte@gmail.com,prestiegemedspacharlotte@gmail.com; prestigemedspacharlotte@gmail.com,yes,no_peptides,https://prestigemedicalspacharlotte.com,medspa,,0
Prime MedSpa PDX,primemedspapdx.com,infoprimemedspa@gmail.com,infoprimemedspa@gmail.com,yes,already known,https://primemedspapdx.com,medspa,semaglutide,2
Prophecy Med Spa,prophecyidaho.com,,,yes,no_email,https://prophecyidaho.com,medspa,,0
Pure Joy Day Spa,purejoydayspa.com,information@purejoydayspa.com,information@purejoydayspa.com,yes,no_peptides,https://purejoydayspa.com,vendor,,0
PURE Medical Spa,puremedicalspaidaho.com,,,yes,no_email,https://puremedicalspaidaho.com,medspa,GLP-1 weight loss peptides,4
Quantum Wellness Med Spa Chandler,quantumwellnessmedical.com,,,yes,no_email,https://quantumwellnessmedical.com,medspa,,0
Rachels Aesthetics,rachelsaesthetics.com,,,yes,no_email,https://rachelsaesthetics.com,medspa,,0
Radiance Day Spa,radiance-dayspa.com,,,,no_email,https://radiance-dayspa.com,vendor,,0
Radiance MedSpa DC,radiancedc.com,,,,no_email,,vendor,,0
Radiance Medspa Atlanta,radiancemedspaatlanta.com,,,yes,no_email,https://radiancemedspaatlanta.com,medspa,"nad+, glutathione",3
Radiance Medical Aesthetics and Wellness Spa,radiancevt.com,,,,no_email,,vendor,,0
Radian Medical Spa,radianmedicalspa.com,,,yes,no_email,https://radianmedicalspa.com,medspa,,1
Radiant Beauty & Health Trumbull,radiantbeautyandhealth.com,,,,no_email,,vendor,,0
"CR Drip Bar (Formerly Radiantly Healthy Drip Lounge) in Indialantic, F",radiantlyhealthydriplounge.com,,,yes,no_email,https://radiantlyhealthydriplounge.com,medspa,glutathione,2
"Hydrate Medical, IV Hydration Raleigh in Raleigh, NC",raleigh.hydratemedical.com,,,,no_email,,vendor,,0
"Rapha Massage, LLC",raphamassage.com,raphamassagebpt@gmail.com,raphamassagebpt@gmail.com; raphatechnique@gmail.com,yes,no_peptides,https://raphamassage.com,vendor,,0
RAYNĒ MEDSPA,rayneaesthetics.com,,,yes,no_email,https://rayneaesthetics.com,medspa,,0
RE Wellness,re-wellness.com,clinic@re-wellness.com,clinic@re-wellness.com,yes,no_peptides,https://re-wellness.com,medspa,,0
Recovery Room,recoveryroomivbar.com,info@recoveryroomivbar.com,info@recoveryroomivbar.com,yes,no_peptides,https://recoveryroomivbar.com,medspa,,0
The Refinery,refinerympls.com,,,yes,no_email,https://refinerympls.com,medspa,,0
Reflections Center for Cosmetic Medicine,reflectionscenter.com,,,yes,no_email,https://reflectionscenter.com,medspa,,1
Timeless Med at The Refuge,refuge.timelessmed.com,,,,unreachable,,,,
Regenesis Medical Spa,regenesisspa.com,,,yes,no_email,https://regenesisspa.com,medspa,,0
REGEN,regenvt.com,,,yes,no_email,https://regenvt.com,medspa,,0
RegMar Beauty & Wellness,regmarbeauty.com,,,,no_email,https://regmarbeauty.com,medspa,,0
Rejuve Day Spa,rejuvedayspa.net,dayrejuvespa1@gmail.com,dayrejuvespa1@gmail.com,yes,no_peptides,https://rejuvedayspa.net,medspa,,0
Rejuvenate MedSpa,rejuvenatecolorado.com,,,yes,no_email,https://rejuvenatecolorado.com,medspa,,0
Rejuvenate Medical Spa,rejuvenateutah.com,,,,unreachable,,,,
Rejuvenation Day Spa & Salon,rejuvenationdayspa.com,info@rejuvenationdayspa.com,info@rejuvenationdayspa.com,yes,no_peptides,https://rejuvenationdayspa.com,medspa,,0
Releve Medical Aesthetics,relevemedicalaesthetics.com,,,,unreachable,,,,
Remedy Spa Hawaii,remedyspahawaii.com,info@remedyspahawaii.com,info@remedyspahawaii.com,yes,no_peptides,https://remedyspahawaii.com,vendor,,0
Remedy Spa,remedywichita.com,,,yes,no_email,https://remedywichita.com,medspa,,0
Renew Head Spa,renewheadspa.com,,,,unreachable,,,,
Renova Aesthetics,renovaaesthetics.com,,,yes,no_email,https://renovaaesthetics.com,medspa,GLP-1 weight loss peptides,3
Restore Hyper Wellness,restore.com,,,yes,no_email,https://restore.com,medspa,"semaglutide, tirzepatide, nad+, glutathione",7
Restore Medical Spa,restorebydukecity.com,,,,no_email,https://restorebydukecity.com,medspa,,1
Medical Massage Of Huntington.,retreattristate.com,info@retreattristate.com,info@retreattristate.com,yes,no_peptides,https://retreattristate.com,medspa,,0
"Revital Med Spa and IV Drip Bar in Naples, FL",revitalmedswfl.com,,,,unreachable,,,,
Revive at The Group Med Spa,reviveatthegroup.com,,,yes,no_email,https://reviveatthegroup.com,medspa,,0
Revive Aesthetics Medical Spa,revivemedspaokc.com,,,,unreachable,,,,
ReVive RX Med Spa,reviverxmedspa.com,reviverxmedspa@gmail.com,reviverxmedspa@gmail.com,yes,already known,https://reviverxmedspa.com,medspa,"semaglutide, tirzepatide",11
Ritual MedSpa,ritual-medspa.com,,,,no_email,https://ritual-medspa.com,vendor,,0
River Market Retreat Day Spa,rivermarketdayspa.com,,,yes,no_email,https://rivermarketdayspa.com,vendor,,0
Riverside Health Medical Clinic,riversidehealth.net,,,yes,no_email,https://riversidehealth.net,vendor,,0
Rivière Med Spa,rivierespa.com,,,yes,no_email,https://rivierespa.com,medspa,GLP-1 weight loss peptides,2
7 Med Spa,rjmedspa.com,rjmedspa07@gmail.com,rjmedspa07@gmail.com,yes,no_peptides,https://rjmedspa.com,medspa,,0
Radiance Medical Aesthetics Of Oklahoma,rmaok.com,,,yes,no_email,https://rmaok.com,medspa,,1
"Rock Star Mobile IV Therapy in Newport Beach, CA",rockstariv.com,,,yes,no_email,https://rockstariv.com,medspa,glutathione,2
Rocktown Medical Spa Lexington,rocktownmedspalexington.my.canva.site,,,,no_email,https://rocktownmedspalexington.my.canva.site,vendor,,0
Rytualist Aesthetics Bar,rytualist.com,info@rytualist.com,info@rytualist.com; nfo@rytualist.com,yes,no_peptides,https://rytualist.com,medspa,,0
"Sacramento Naturopathic Medical Center in Sacramento, CA",sacnd.com,,,yes,no_email,https://sacnd.com,medspa,,3
Saltsations Wellness Center,saltsationswellness.com,,,yes,no_email,https://saltsationswellness.com,vendor,,0
The Sanctuary Salon + Spa,sanctuarysalem.com,lindsay@sanctuarysalem.com,lindsay@sanctuarysalem.com,yes,no_peptides,https://sanctuarysalem.com,vendor,,0
SANDIA SKIN + FACE MEDICAL SPA,sandiaskinface.com,,,yes,no_email,https://sandiaskinface.com,medspa,semaglutide,1
LovelySkin Spa,schlessingermd.com,,,yes,no_email,https://schlessingermd.com,medspa,,0
Sculpt Med Spa Downtown Los Angeles,sculptdtla.com,info@sculptdtla.com,info@sculptdtla.com,yes,no_peptides,https://sculptdtla.com,medspa,,0
Sculpted Medical Spa,sculptedmedicalspa.com,,,,no_email,https://sculptedmedicalspa.com,medspa,,0
Sculpted Med Spa,sculptedmedspas.com,,,,unreachable,,,,
Kimtox Aesthetics and Wellness,seibellamedspa.net,,,yes,no_email,https://seibellamedspa.net,medspa,"semaglutide, tirzepatide, retatrutide, bpc-157, tb-500, thymosin beta-4",32
Seitz Dermatology,seitzdermatology.com,,,yes,no_email,https://seitzdermatology.com,medspa,,0
Serenity Spa,serenity-hawaii.com,,,,no_email,https://serenity-hawaii.com,vendor,,0
Serenity Spa & Facials Sioux Falls,serenityspausa.com,,,yes,no_email,https://serenityspausa.com,medspa,,0
Shine Medical Spa by Plastic Surgery of the Carolinas,shinemedspasc.com,,,yes,no_email,https://shinemedspasc.com,medspa,"semaglutide, tirzepatide",3
Silhouette Medical Spa,silhouette-medspa.com,silhouettebydavery@gmail.com,silhouettebydavery@gmail.com,yes,no_peptides,https://silhouette-medspa.com,medspa,,0
Simplicity Med Spa,simplicitymedspa.com,simplicitymedspa@gmail.com,simplicitymedspa@gmail.com,yes,no_peptides,https://simplicitymedspa.com,medspa,,0
Lazaderm,siouxfalls.lazaderm.com,,,,unreachable,,,,
SKIN BAR VII,skinbar7.com,info@skinbar7.com,info@skinbar7.com,yes,no_peptides,https://skinbar7.com,medspa,,0
"Allison Jones Stocker, MD Skin by Design Dermatology & Laser Center, S",skinbydesign.com,,,yes,no_email,https://skinbydesign.com,medspa,,0
Skin By Megan Kate,skinbymegankate.square.site,,,,unreachable,,,,
La Vie En Rose Esthetics,skinbyrose.com,,,,no_email,,vendor,,0
"Kelly Wam, NP",skinclique.com,,,yes,no_email,https://skinclique.com,medspa,GLP-1 weight loss peptides,2
Skin Deep Med Spa,skindeepmedspa.com,,,yes,no_email,https://skindeepmedspa.com,medspa,semaglutide,2
Skin Deep Medical Aesthetics,skindeepvt.com,,,yes,no_email,https://skindeepvt.com,medspa,,0
Skinfinity Spa,skinfinityspaco.com,support@skinfinityspaco.com,support@skinfinityspaco.com,yes,no_peptides,https://skinfinityspaco.com,medspa,,0
Skin Fix Med Spa,skinfixmedspa.com,,,yes,no_email,https://skinfixmedspa.com,medspa,GLP-1 weight loss peptides,2
SkinLab Laser Aesthetics & Wellness,skinlab.net,,,,no_email,,vendor,,0
SKIN Las Vegas Med Spa,skinlv.com,info@skinlv.com,info@skinlv.com,yes,no_peptides,https://skinlv.com,medspa,,0
SKIN MD Medspa,skinmdmichigan.com,skinmdmichigan@gmail.com,skinmdmichigan@gmail.com,yes,no_peptides,https://skinmdmichigan.com,medspa,,0
Berman Skin Institute,skinmds.com,,,yes,no_email,https://skinmds.com,medspa,"semaglutide, tirzepatide",5
"Balfour Dermatology Robert E. Beer, MD",skinquestion.com,inbox@skinquestion.com,inbox@skinquestion.com,yes,no_peptides,https://skinquestion.com,medspa,,0
Skin Rejuvenation Clinic PA,skinrejuvenationclinic.net,,,yes,no_email,https://skinrejuvenationclinic.net,medspa,GLP-1 weight loss peptides,3
Skin Renew Day Spa & Laser Center,skinrenewdayspa.com,,,yes,no_email,https://skinrenewdayspa.com,medspa,"semaglutide, tirzepatide",8
Skin Story Med Spa,skinstorymedspa.com,skinstorymedspa@gmail.com,skinstorymedspa@gmail.com,yes,no_peptides,https://skinstorymedspa.com,medspa,,0
Beauties and Beasts Medical Spa formerly known as Skintastic Aesthetic,skintasticco.com,,,yes,no_email,https://skintasticco.com/contact,medspa,,2
Four Seasons Dermatology,skinvt.com,contact@skinvt.com,contact@skinvt.com,yes,no_peptides,https://skinvt.com,medspa,,0
SKN at Franks Dermatology,sknatfranksderm.com,,,yes,no_email,https://sknatfranksderm.com,medspa,,0
SKNDUSTRY,skndustry.co,appointment@skndustry.co,appointment@skndustry.co,yes,no_peptides,https://skndustry.co,medspa,,0
SKN Medical Spa,sknmedicalspa.com,,,,no_email,https://sknmedicalspa.com,medspa,,0
SLC Med Spa,slcmedspa.com,,,yes,no_email,https://slcmedspa.com,medspa,tirzepatide,3
Sun's Day Spa,smdayspa.com,,,yes,no_email,https://smdayspa.com,vendor,,0
SnatchBae Esthetics,snatchbae.com,snatchbae1@gmail.com,snatchbae1@gmail.com,yes,no_peptides,https://snatchbae.com,vendor,,0
Sola Vie Skin Clinic,sola-vie.com,sola@sola-vie.com,sola@sola-vie.com,yes,no_peptides,https://sola-vie.com,medspa,,0
Solare Wellness Spa,solarewellnessspa.com,,,yes,no_email,https://solarewellnessspa.com,vendor,,0
Soleil Medical & Beauty SPA,soleilmedicalspapdx.com,,,yes,no_email,https://soleilmedicalspapdx.com,medspa,"nad+, glutathione",2
Sollay Cosmetic Medical & Laser Center,sollaylasercenter.com,,,,unreachable,,,,
Sound Shapes Med Spa,sound-shapes.com,,,,unreachable,,,,
Southside Wellness Studio,southside-wellness-studio.square.site,,,,no_email,https://southside-wellness-studio.square.site,vendor,,0
Spa No. 5,spa-five.com,info@spa-five.com,info@spa-five.com,yes,no_peptides,https://spa-five.com,medspa,,0
Spa Isbell,spa-isbell.com,,,yes,no_email,https://spa-isbell.com,medspa,,0
Spa-A-Peel,spaapeel.com,spaapeelstudio@gmail.com,spaapeelstudio@gmail.com,yes,no_peptides,https://spaapeel.com,medspa,,0
Spa Aria Hotel Monteleone,spaaria.com,,,,no_email,https://spaaria.com,medspa,,0
Spa Atlantis,spaatlantis.com,info@spaatlantis.net,info@spaatlantis.net,yes,no_peptides,https://spaatlantis.com,vendor,,0
Spa Bella Medispa,spabellamedispa.com,,,yes,no_email,https://spabellamedispa.com,medspa,,0
Tula Spa Facial and Body,spabytula.com,spabytula@gmail.com,spabytula@gmail.com; tulafritz31@gmail.com,yes,no_peptides,https://spabytula.com,medspa,,0
Citron Spa,spacitron.com,,,yes,no_email,https://spacitron.com,vendor,,0
"Beautopia Skin Studio in Houston, TX",spahoustontexas.com,info@spahoustontexas.com,info@spahoustontexas.com,yes,no_peptides,https://spahoustontexas.com,medspa,,0
Spa Hygge,spahygge.com,hello@spahygge.com,hello@spahygge.com,yes,no_peptides,https://spahygge.com,vendor,,0
Spa MD,spamd.net,,,,no_email,,vendor,,0
Spa on the Hill,spaonthehill.com,hi@spaonthehill.com,hi@spaonthehill.com,yes,no_peptides,https://spaonthehill.com,vendor,,0
Spa Urbana,spaurbana.com,community@spaurbana.com,community@spaurbana.com,yes,no_peptides,https://spaurbana.com,vendor,,0
The Spa at West Glen,spawestglen.com,,,yes,no_email,https://spawestglen.com,medspa,,0
Spring Spa,springspadanville.com,,,,unreachable,,,,
Outlaws Oasis LLC,square.site,,,yes,no_email,https://square.site/contact,medspa,,0
"Activate IV and Cryotherapy LLC in Lakeland, TN",stationhydration.com,,,yes,no_email,https://stationhydration.com,medspa,"nad+, glutathione",3
Flawless Med Spa & Wellness,stayflawless.com,,,yes,no_email,https://stayflawless.com,medspa,,0
St Croix Skincare Med Spa,stcroixskincare.com,,,,no_email,https://stcroixskincare.com,medspa,,0
Studio N,studionphilly.com,studio.n.inc@gmail.com,studio.n.inc@gmail.com,yes,no_peptides,https://studionphilly.com,medspa,,0
Stunning Med Spa,stunningmedspas.com,,,,no_email,https://stunningmedspas.com,medspa,,0
Skin Theory Medspa,summerleeskincare.com,,,,unreachable,,,,
Sundara Wellness Center,sundarawellness.com,info@sundarawellness.com,info@sundarawellness.com,yes,no_peptides,https://sundarawellness.com,vendor,,0
Nebraska Medicine Village Pointe Aesthetic Surgery,surgeryvp.com,,,,unreachable,,,,
Sveta's Skin & Body Therapy,svetas.com,svetasbodytherapy@gmail.com,svetasbodytherapy@gmail.com,yes,no_peptides,https://svetas.com,vendor,,0
Sweet Banana Spa,sweetbanana.org,,,,unreachable,,,,
SYNERGY LASER&MEDSPA,synergylasermedspa.com,synergymedicallaser@gmail.com,synergymedicallaser@gmail.com,yes,no_peptides,https://synergylasermedspa.com,medspa,,0
Tallgrass Spa,tallgrasshealth.com,,,yes,no_email,https://tallgrasshealth.com,vendor,,0
"Thai serenity spa, facial massage",thaiserenityspafacialmassage.com,thai.serenity.massageandspa@gmail.com,thai.serenity.massageandspa@gmail.com,yes,no_peptides,https://thaiserenityspafacialmassage.com,vendor,,0
The Aesthetics Lab,theaestheticslabmedspa.com,,,,unreachable,,,,
Ava Wellness and Rejuvenation Center,theavaspa.com,,,yes,no_email,https://theavaspa.com,medspa,glutathione,3
Awaken Medical Spa,theawakenspa.com,,,,unreachable,,,,
Balanced Aesthetics and Wellness,thebalancedmedspa.com,info@thebalancedmedspa.com,info@thebalancedmedspa.com,yes,no_peptides,https://thebalancedmedspa.com,medspa,,0
The Bella Medical Spa,thebellamedicalspa.com,,,,unreachable,,,,
Bella MedSpa Institute,thebellamedspa.com,,,yes,no_email,https://thebellamedspa.com,medspa,GLP-1 weight loss peptides,2
BIO MEDSPA,thebiomedspa.com,,,,no_email,https://thebiomedspa.com,medspa,"bpc-157, tb-500, sermorelin, pt-141, ghk-cu",9
Blu Med Spa,theblumedspa.com,,,,unreachable,,,,
The Bodhi Spa Providence,thebodhispa.com,newport@thebodhispa.com,newport@thebodhispa.com,yes,no_peptides,https://thebodhispa.com,vendor,,0
The Confidence Collective,theconfidencecollectivesf.com,,,yes,no_email,https://theconfidencecollectivesf.com,medspa,pt-141,4
"DeluxeBar Medical Aesthetics in Boston, MA",thedeluxebar.com,,,,no_email,,vendor,,0
"It's the Drip IV Hydration and Wellness: Weight Loss, TRT in Lilburn,",thedriphydration.com,,,,no_email,https://thedriphydration.com,vendor,,0
The Facial Center,thefacialcenter.com,,,yes,no_email,https://thefacialcenter.com,medspa,,1
Qinghai Spa,thehealerstouch.org,monique@thehealerstouch.org,monique@thehealerstouch.org,,no_peptides,https://thehealerstouch.org,vendor,,0
"Infinite Med Spa in Slidell, LA",theinfinitemedspa.com,,,yes,no_email,https://theinfinitemedspa.com,medspa,tirzepatide,4
"Boost IV in Port Washington, NY",theivboost.com,,,yes,no_email,https://theivboost.com,medspa,glutathione,2
Genesis Day Spa & Salon,thelittlehouseesthetics.com,,,,no_email,https://thelittlehouseesthetics.com,vendor,,0
The Luxe Medspa Aesthetics & Bodycare,theluxemedicalspa.com,,,yes,no_email,https://theluxemedicalspa.com,medspa,sermorelin,8
The Luxen Collective,theluxencollective.com,info@theluxencollective.com,theluxencollective@gmail.com; info@theluxencollective.com,yes,no_peptides,https://theluxencollective.com,medspa,,0
The Medspa on Broadway,themedspaonbroadway.com,themedspa.onbroadway@gmail.com,themedspa.onbroadway@gmail.com,,no_peptides,https://themedspaonbroadway.com,medspa,,0
Thrive NOLA Spa,thenolaspa.com,revivebodyflow@gmail.com,revivebodyflow@gmail.com,yes,no_peptides,https://thenolaspa.com,medspa,,0
Aesthetic Theory Medspa,theorymedspa.com,,,,no_email,https://theorymedspa.com,medspa,,0
The Refinery Functional Wellness and Aesthetics,therefineryfunctionalwellness.com,sarahmichellebrand@gmail.com,sarahmichellebrand@gmail.com,,no_us_signal,https://therefineryfunctionalwellness.com,medspa,GLP-1 weight loss peptides,3
Portland Regency Hotel & Spa,theregency.com,sales@theregency.com,conciergeprh@theregency.com; sales@theregency.com; thespa@theregency.com; hrprh@theregency.com,yes,no_peptides,https://theregency.com,vendor,,0
The Rock Med Spa,therockmedspa.com,,,,no_email,,vendor,,0
The Skincare Studio Medspa,theskincarestudioct.com,,,,no_email,https://theskincarestudioct.com,medspa,,0
The Skin Study,theskinstudy.com,hello@theskinstudy.com,hello@theskinstudy.com,yes,no_peptides,https://theskinstudy.com,medspa,,0
The Spa,thespaboise.com,thespaboise@gmail.com,thespaboise@gmail.com,yes,no_peptides,https://thespaboise.com,medspa,,0
The Spa West Ashley,thespawestashley.com,,,yes,no_email,https://thespawestashley.com,medspa,,0
"Holy Grail Wellness Mobile IV Hydration Clinic in Wauseon, OH",thestabbynurse.com,,,,unreachable,,,,
The Throne Esthetics and Spa,thethronebycrr.com,,,yes,no_email,https://thethronebycrr.com,medspa,,0
The Treatment Room,thetreatmentroomokc.com,,,,no_email,,vendor,,0
The Vault Med Spa + Body Sculpting,thevaultdavenport.com,,,yes,no_email,https://thevaultdavenport.com,medspa,,0
The Wylie Med Spa,thewyliemedspa.com,thewyliemedspa@gmail.com,thewyliemedspa@gmail.com,yes,no_peptides,https://thewyliemedspa.com,medspa,,0
Time2Drip,time2drip.com,,,,no_email,https://time2drip.com,medspa,,0
Timeless Medical Aesthetics,timelessmed.com,info@timelessmed.com,info@timelessmed.com,yes,no_peptides,https://timelessmed.com,medspa,,0
Totality Medispa,totalitymed.com,,,,no_email,https://totalitymed.com,medspa,,0
Total Skin Dermatology & Aesthetics,totalskinnd.com,,,yes,no_email,https://totalskinnd.com,medspa,,3
Tranquility Spa & Massage,tranquilityfargo.com,,,yes,no_email,https://tranquilityfargo.com,vendor,,0
Tula,tulaspa.com,organic@tulaspa.com,organic@tulaspa.com,yes,no_peptides,https://tulaspa.com,vendor,,0
Turner Medical and Almost Heaven Spa,turnermedicalspa.com,,,yes,no_email,https://turnermedicalspa.com,medspa,,0
University of Maryland Facial Plastic Surgery & Medical Spa,umms.org,,,yes,no_email,https://umms.org,medspa,,0
Universal Aesthetics,universal-aesthetics.com,,,,no_email,,vendor,,0
Unmarked Beauty and Wellness,unmarkedbeautyandwellness.com,info@unmarkedbeautyandwellness.com,info@unmarkedbeautyandwellness.com,,no_peptides,https://unmarkedbeautyandwellness.com,medspa,,0
Unveil Aesthetics,unveilaesthetics.com,,,yes,no_email,https://unveilaesthetics.com,medspa,GLP-1 weight loss peptides,4
Uptown Haven Wellness Professionals,uptownhavenwellness.com,uptownhavenwellness@gmail.com,uptownhavenwellness@gmail.com; uptownhavenwellnes@gmail.com,yes,no_peptides,https://uptownhavenwellness.com,vendor,,0
Urban Medspa & Weight Loss Center Charlotte,urbanmedspacharlotte.com,,,,no_email,,vendor,,0
Urth Holistics,urthholistics.com,,,,unreachable,,,,
Valeriya Life Medical Spa,valeriya.life,contact@valeriya.life,contact@valeriya.life,yes,no_peptides,https://valeriya.life,medspa,,0
Vanity Skin Bar,vanityskinbar.com,contact@vanityskinbar.com,contact@vanityskinbar.com,yes,no_peptides,https://vanityskinbar.com,medspa,,0
"Fountains Infusion Center in Asheville, NC",vcasheville.com,infusion@vcasheville.com,infusion@vcasheville.com,yes,no_peptides,https://vcasheville.com,medspa,,0
"Veda Hydration in Detroit, MI",vedahydration.com,,,yes,no_email,https://vedahydration.com,medspa,"nad+, glutathione",3
Venus Spa,venusbestspa.com,,,,no_email,,vendor,,0
Vermont Med spa,vermontmedspa.com,,,yes,no_email,https://vermontmedspa.com,medspa,"semaglutide, tirzepatide",10
VIA Health & Medspa,viahealthcare.com,,,yes,no_email,https://viahealthcare.com,medspa,"semaglutide, tirzepatide",12
Vibe Spa,vibespas.com,,,,unreachable,,,,
Vida Colonics SPA,vidacolonicsspa.com,,,yes,no_email,https://vidacolonicsspa.com,vendor,,0
VITAHL Medical Aesthetics,vitahl.com,,,yes,no_email,https://vitahl.com,medspa,,0
Vital Flow Infusions,vitalflowinfusions.com,,,,unreachable,,,,
"Vitality Medical Spa Inc. in Selma, CA",vitalitymspa.com,,,yes,no_email,https://vitalitymspa.com,medspa,,2
VIVE Med Spa,vivemedspadenver.com,info@vivemedspadenver.com,info@vivemedspadenver.com,yes,no_peptides,https://vivemedspadenver.com,medspa,,0
Volure,voluremedspa.com,,,,unreachable,,,,
Wanderluxe Lifestyle Aesthetics,wanderluxemt.net,,,,unreachable,,,,
Form Spa,wardinstitute.com,,,,no_email,https://wardinstitute.com,medspa,,0
Wasatch Medical Spa,wasatchmedicalspa.com,,,yes,no_email,https://wasatchmedicalspa.com/about,medspa,,2
Watershed Spa,watershedspa.com,welcome@watershedspa.com,welcome@watershedspa.com,yes,no_peptides,https://watershedspa.com,vendor,,0
Wellness Collective,wc307.com,info@wc307.com,info@wc307.com,yes,no_peptides,https://wc307.com,vendor,,0
"Aesthetics by Leslie in D'Iberville, MS",web2.myaponline.com,,,yes,no_email,https://web2.myaponline.com/contact,medspa,,0
"Anti-Aging Medical Spa, Inc in Knoxville, TN",weightogomedicalspa.com,,,yes,no_email,https://weightogomedicalspa.com,medspa,,1
"Blue Door Wellness IV Therapy- Venice in Nokomis, FL",wellnessivtherapyspa.com,,,,no_email,https://wellnessivtherapyspa.com,vendor,,0
Bay Area Cosmetic Dermatology,weloveskin.com,,,,unreachable,,,,
Woodhouse Spa,westedge.woodhousespas.com,,,,no_email,,vendor,,0
Wild Roots IV Hydration and Wellness,wildrootsivandwellness.com,wildrootshw@gmail.com,wildrootshw@gmail.com,yes,already known,https://wildrootsivandwellness.com,medspa,"nad+, glutathione",3
Wise Med Spa,wisemedspa.com,,,,unreachable,,,,
Wyoming Medical Aesthetics,wyomingmedicalaesthetics.com,,,yes,no_email,https://wyomingmedicalaesthetics.com,medspa,,0
Here You Glow Aesthetics LLC,yocale.com,info@yocale.com,info@yocale.com; support@yocale.com,yes,no_peptides,https://yocale.com,medspa,,0
BEYOND,yournashvilleplasticsurgeon.com,,,yes,no_email,https://yournashvilleplasticsurgeon.com,medspa,,0
Marlene's Clinic & Spa,zzmaps.xyz,,,,no_email,https://zzmaps.xyz,vendor,,0
