vendor,domain,email,all_emails,us_signal,status,evidence_url,audience,peptides,peptide_hits
IV Hydration,608wellnessandskinco.com,608hydrate@gmail.com,608hydrate@gmail.com,yes,ok,https://608wellnessandskinco.com,medspa,"tirzepatide, retatrutide, nad+, glutathione",7
IV Therapy Blood Withdrawal,acls123.com,support@acls123.com,support@acls123.com,yes,ok,https://acls123.com,medspa,,1
IV Therapies,advancedbraincentersofva.com,info@advancedbraincentersofva.com,info@advancedbraincentersofva.com,yes,ok,https://advancedbraincentersofva.com,medspa,"nad+, glutathione",3
Aesthetic Beauty RI,aestheticbeautyri.com,aestheticbeautyri@gmail.com,aestheticbeautyri@gmail.com,yes,ok,https://aestheticbeautyri.com,medspa,,1
Ageless Aesthetics,agelessaestheticsrva.com,contact@agelessaestheticsrva.com,contact@agelessaestheticsrva.com,yes,ok,https://agelessaestheticsrva.com,medspa,,1
Ageless Health Medicine,ahmedicine.com,hello@ahmedicine.com,hello@ahmedicine.com,yes,ok,https://ahmedicine.com,medspa,,1
AnthroMedical Center,anthromedicalcenter.com,support@anthromedicalcenter.com,support@anthromedicalcenter.com,yes,ok,https://anthromedicalcenter.com,medspa,,2
IV Drip,asmdaesthetics.com,hello@asmdaesthetics.com,hello@asmdaesthetics.com,yes,ok,https://asmdaesthetics.com,medspa,semaglutide,7
Beautiful You Medical Spa,beautifulyoumedspa.com,info@beautifulyoumedspa.com,info@beautifulyoumedspa.com,yes,ok,https://beautifulyoumedspa.com,medspa,,1
BeautyCo,beautycoraleigh.com,hello@beautycoraleigh.com,hello@beautycoraleigh.com; %20hello@beautycoraleigh.com,yes,ok,https://beautycoraleigh.com,medspa,GLP-1 weight loss peptides,3
"IV Vitamin Infusions Therapy in San Marcos, CA",bffmedical.com,info@bffmedical.com,info@bffmedical.com,yes,ok,https://bffmedical.com,medspa,"nad+, ghk-cu",9
Providence Zidell Center for Integrative Medicine,bioloungepdx.com,info@bioloungepdx.com,info@bioloungepdx.com,yes,ok,https://bioloungepdx.com,medspa,,3
VITAMIN IV THERAPY IN STATEN ISLAND,butterflyaesthetics.nyc,butterflyaestheticsinc@gmail.com,butterflyaestheticsinc@gmail.com,yes,ok,https://butterflyaesthetics.nyc,medspa,,1
"IV Therapy Colleyville, TX",calistalaser.com,info@calistalaser.com,info@calistalaser.com,yes,ok,https://calistalaser.com,medspa,"semaglutide, tirzepatide",11
Care Nashville,carenashville.com,info@carenashville.com,info@carenashville.com,yes,ok,https://carenashville.com,medspa,"nad+, glutathione",5
IV Nutritional Therapy,carolinaintegrativemedicine.com,info@carolinaintegrativemedicine.com,info@carolinaintegrativemedicine.com,yes,ok,https://carolinaintegrativemedicine.com,medspa,"semaglutide, tirzepatide, tesamorelin, cjc-1295, 5-amino-1mq",11
IV Hydration,ciaobellaaesthetic.com,ciaobellaaesthetic@gmail.com,ciaobellaaesthetic@gmail.com,yes,ok,https://ciaobellaaesthetic.com,medspa,semaglutide,2
ClinIVoy,clinivoy.com,info@clinivoy.com,info@clinivoy.com; %20info@clinivoy.com,yes,ok,https://clinivoy.com,medspa,,1
Coastalivdripbar,coastaliv.com,holsms@icloud.com,holsms@icloud.com,yes,ok,https://coastaliv.com,medspa,glutathione,2
Cosmetic Lounge,cosmeticloungemd.com,info@cosmeticloungemd.com,info@cosmeticloungemd.com,yes,ok,https://cosmeticloungemd.com,medspa,,1
"St. George IV Drip Therapy: Rejuvenate, Rehydrate, and Revitalize with",deserthealing.org,hello@deserthealing.org,hello@deserthealing.org,yes,ok,https://deserthealing.org,medspa,"semaglutide, tirzepatide, bpc-157, tb-500, thymosin beta-4, nad+",16
Diara Clinics,diaraclinics.com,info@diaraclinics.com,info@diaraclinics.com,yes,ok,https://diaraclinics.com,medspa,"nad+, glutathione",2
"IV Therapy in Laguna Beach, CA",dolcemd.com,contact@dolcemd.com,contact@dolcemd.com,yes,ok,https://dolcemd.com,medspa,"semaglutide, nad+, glutathione",8
NYC IV Hydration Therapy at Bellalaser,dripbybella.com,bellagreenpoint@gmail.com,bellagreenpoint@gmail.com,yes,ok,https://dripbybella.com,medspa,,1
Drip Vibe Wellness,dripvibewellness.com,info@dripvibewellness.com,info@dripvibewellness.com,yes,ok,https://dripvibewellness.com,medspa,,2
"IV Vitamin Infusion Therapy in Kingsport, TN",eleonmedicalaesthetics.com,info@eleonmedicalaesthetics.com,info@eleonmedicalaesthetics.com,yes,ok,https://eleonmedicalaesthetics.com,medspa,semaglutide,6
Elevated Self PLLC,elevated-self.com,contactus@elevated-self.com,contactus@elevated-self.com,yes,ok,https://elevated-self.com,medspa,GLP-1 weight loss peptides,3
Elevate IVy,elevateivynp.com,office@elevateivynp.com,office@elevateivynp.com,yes,ok,https://elevateivynp.com,medspa,glutathione,2
IV Therapy,emacolorado.com,frontdesk@emacolorado.com,frontdesk@emacolorado.com,yes,ok,https://emacolorado.com,medspa,"nad+, glutathione",4
"Med Spa in Solana Beach, CA 92075",fioraaesthetics.com,fioraaestheticssb@gmail.com,fioraaestheticssb@gmail.com,yes,ok,https://fioraaesthetics.com,medspa,"nad+, glutathione",3
Fong Precision Care Wellness & Aesthetics,fongprecisioncare.com,info@fongprecisioncare.com,info@fongprecisioncare.com,yes,ok,https://fongprecisioncare.com,medspa,"nad+, glutathione",5
St. Louis Mobile IV Therapy,freshinfusioniv.com,info@freshinfusioniv.com,info@freshinfusioniv.com,yes,ok,https://freshinfusioniv.com,medspa,"nad+, glutathione",5
FrostFit Cryo,frostfitcryo.com,frostfitcryo@gmail.com,frostfitcryo@gmail.com,yes,ok,https://frostfitcryo.com,medspa,,1
"IV Vitamin Infusions in Taylorsville, UT",geminiglowut.com,geminiglow@gmail.com,geminiglow@gmail.com,yes,ok,https://geminiglowut.com,medspa,,3
IV Hydration Therapy & Vitamin Infusion,getwelluc.org,admin@getwelluc.org,admin@getwelluc.org,yes,ok,https://getwelluc.org,medspa,GLP-1 weight loss peptides,3
Glo IV Spa,gloivspa.com,wellness@gloivspa.com,wellness@gloivspa.com,yes,ok,https://gloivspa.com,medspa,"nad+, glutathione",4
Glow Medical Aesthetics,glowmedspact.com,glowwlfd@gmail.com,glowwlfd@gmail.com,yes,ok,https://glowmedspact.com,medspa,"semaglutide, glutathione",8
Services,goldivywellness.com,info@goldivywellness.com,info@goldivywellness.com,yes,ok,https://goldivywellness.com,medspa,,3
Gravity One Studio,gravityonestudio.com,hello@gravityonestudio.com,hello@gravityonestudio.com,yes,ok,https://gravityonestudio.com,medspa,,1
"IV Therapy & Hydration Services in Waipahu, Oahu",gyfitness.org,info@gyfitness.org,info@gyfitness.org; support@gyfitness.org,yes,ok,https://gyfitness.org,medspa,bpc-157,2
HB Aesthetics,hbaestheticslou.com,hbaesthetics.lou@gmail.com,hbaesthetics.lou@gmail.com; hvincentlmt@gmail.com,yes,ok,https://hbaestheticslou.com,medspa,GLP-1 weight loss peptides,3
Healios Laser Therapy,healioslasertherapy.com,info@healioslasertherapy.com,info@healioslasertherapy.com,yes,ok,https://healioslasertherapy.com,medspa,,1
Hello Lovely Esthetique,hellolovelyesthetique.com,hellolovelyesthetique@gmail.com,hellolovelyesthetique@gmail.com,yes,ok,https://hellolovelyesthetique.com,medspa,"nad+, sermorelin",4
IV Therapy,hivetherapy.org,contact@hivetherapy.org,contact@hivetherapy.org,yes,ok,https://hivetherapy.org,vendor,GLP-1 weight loss peptides,3
"IV Therapy in Rogers, AR",holland-health.com,contactus@holland-health.com,contactus@holland-health.com,yes,ok,https://holland-health.com,medspa,GLP-1 weight loss peptides,6
HydraHealth IV,hydrahealthiv.com,info@hydrahealthiv.com,info@hydrahealthiv.com,yes,ok,https://hydrahealthiv.com,medspa,"nad+, glutathione",4
About Hydrate Cape Cod,hydratecapecod.com,lisa@hydratecapecod.com,lisa@hydratecapecod.com,yes,ok,https://hydratecapecod.com,medspa,"semaglutide, tirzepatide, nad+",10
Infinity IV Hydration,infinityivh.com,info@infinityivh.com,info@infinityivh.com,yes,ok,https://infinityivh.com,medspa,"semaglutide, glutathione",3
"IV Nutritional Therapy in Saratoga Springs, Utah",infusezenmedspa.com,info@infusezenmedspa.com,info@infusezenmedspa.com; infusezenmedspa@gmail.com,yes,ok,https://infusezenmedspa.com,medspa,semaglutide,6
Introspect Wellness,introspect-wellness.com,hello@introspect-wellness.com,hello@introspect-wellness.com; staff@introspect-wellness.com; %20staff@introspect-wellness.com,yes,ok,https://introspect-wellness.com,medspa,GLP-1 weight loss peptides,3
IV ENERGY INFUSION,ivenergyinfusion.com,info@ivenergyinfusion.com,info@ivenergyinfusion.com,yes,ok,https://ivenergyinfusion.com,medspa,"semaglutide, glutathione, tirzepatide",7
IVitalize Mobile,ivitalizemobile.com,info@ivitalizemobile.com,info@ivitalizemobile.com,yes,ok,https://ivitalizemobile.com,medspa,"semaglutide, tirzepatide, nad+, glutathione",10
JC Signature Aesthetics,jcsignatureaesthetics.com,jcsignatureaesthetics@gmail.com,jcsignatureaesthetics@gmail.com,yes,ok,https://jcsignatureaesthetics.com,medspa,GLP-1 weight loss peptides,3
JK Aesthetics,jkaesthetics.co,jklaueraesthetics@gmail.com,jklaueraesthetics@gmail.com,yes,ok,https://jkaesthetics.co,medspa,nad+,3
Home,kabafusion.com,info@kabafusion.com,info@kabafusion.com; nutrition@kabafusion.com,yes,ok,https://kabafusion.com,medspa,,1
MOBO Med Spa,lavitaebellawellnesscenter.com,april@lavitaebellawellnesscenter.com,april@lavitaebellawellnesscenter.com,yes,ok,https://lavitaebellawellnesscenter.com,medspa,GLP-1 weight loss peptides,7
Grandville Medspa,lunamichigan.com,katrina@lunamichigan.com,katrina@lunamichigan.com,yes,ok,https://lunamichigan.com,medspa,GLP-1 weight loss peptides,3
Luxe Beauty & Aesthetics LLC,luxebeautyandaesthetics.com,luxebeautyandaestheticsllc@yahoo.com,luxebeautyandaestheticsllc@yahoo.com,yes,ok,https://luxebeautyandaesthetics.com,medspa,,1
Lyte Guards Mobile Infusion Center,lyteguards.com,info@lyteguards.com,info@lyteguards.com,yes,ok,https://lyteguards.com,medspa,,1
MAE'D Aesthetics & Wellness,maedaesthetics.com,hello@maedaesthetics.com,hello@maedaesthetics.com,yes,ok,https://maedaesthetics.com,medspa,glutathione,3
Max Aesthetic,maxaestheticrn.com,contact@maxaestheticrn.com,contact@maxaestheticrn.com,yes,ok,https://maxaestheticrn.com,medspa,GLP-1 weight loss peptides,4
Refreshd Mobile IV Therapy,mobileivpalmsprings.com,info@mobileivpalmsprings.com,info@mobileivpalmsprings.com,yes,ok,https://mobileivpalmsprings.com,vendor,"nad+, glutathione, kpv",5
Modern Beauty Wellness and Aesthetics,modernbeautyct.com,modernbeautyct@gmail.com,modernbeautyct@gmail.com,yes,ok,https://modernbeautyct.com,medspa,,1
Monadnock Medical & Aesthetics,monadmed.com,contact@monadmed.com,contact@monadmed.com,yes,ok,https://monadmed.com,medspa,GLP-1 weight loss peptides,3
"IV Drip Therapy in Staten Island, NY",moneyfaceaesthetics.com,moneyfaceaesthetics@gmail.com,moneyfaceaesthetics@gmail.com,yes,ok,https://moneyfaceaesthetics.com,medspa,GLP-1 weight loss peptides,2
Moxi,moxispa.com,josh@moxispa.com,josh@moxispa.com,yes,ok,https://moxispa.com,medspa,GLP-1 weight loss peptides,4
Muscle Therapy Wellness Lounge,muscletherapyct.com,info@muscletherapyct.com,info@muscletherapyct.com,yes,ok,https://muscletherapyct.com,vendor,GLP-1 weight loss peptides,2
IV Therapy in St. George,myredrockhealth.com,info@myredrockhealth.com,info@myredrockhealth.com,yes,ok,https://myredrockhealth.com,medspa,"nad+, glutathione",6
My Vanity Aesthetics,myvanityaesthetics.com,info@myvanityaesthetics.com,info@myvanityaesthetics.com,yes,ok,https://myvanityaesthetics.com,medspa,,2
LifeXMD Bioidentical Hormone Optimization,nativestemcell.com,info@nativestemcell.com,info@nativestemcell.com,yes,ok,https://nativestemcell.com,medspa,,1
Natural Life Medicine: Naturopath,naturallifemedicine.com,contact@naturallifemedicine.com,contact@naturallifemedicine.com,yes,ok,https://naturallifemedicine.com,medspa,,1
HOME,northshorerejuvenation.com,info@northshorerejuvenation.com,info@northshorerejuvenation.com,yes,ok,https://northshorerejuvenation.com,medspa,semaglutide,5
IV Hydration & Vitamin Therapy,nowmenshealth.care,admin@nowmenshealth.care,admin@nowmenshealth.care,yes,ok,https://nowmenshealth.care,medspa,glutathione,4
Revive Med Spa,npempoweredwellness.com,np@npempoweredwellness.com,np@npempoweredwellness.com,yes,ok,https://npempoweredwellness.com,medspa,,1
BeachBanya,npondemand.net,info@npondemand.net,info@npondemand.net; hello@npondemand.net,yes,ok,https://npondemand.net,medspa,"semaglutide, tirzepatide, tesamorelin, glutathione",10
NuGeneration Medical Spa,nugenerationmedspas.com,kristi@nugenerationmedspa.com,kristi@nugenerationmedspa.com,yes,ok,https://nugenerationmedspas.com,medspa,"semaglutide, tirzepatide",5
IV Therapy,nuimagewv.com,nuimagewv@gmail.com,nuimagewv@gmail.com,yes,ok,https://nuimagewv.com,medspa,,2
Performance IV Hydration,nurturing-wellness.com,info@nurturing-wellness.com,info@nurturing-wellness.com,yes,ok,https://nurturing-wellness.com,medspa,glutathione,3
Advanced TRT Clinic,nyfacemd.com,info@nyfacemd.com,info@nyfacemd.com,yes,ok,https://nyfacemd.com,medspa,tirzepatide,4
Oncall IV,oncallmedical.net,info@oncallmedical.net,info@oncallmedical.net,yes,ok,https://oncallmedical.net,medspa,,1
One Beauty Medical,onebeautymedical.com,info@onebeautymedical.com,info@onebeautymedical.com,yes,ok,https://onebeautymedical.com,medspa,"semaglutide, tirzepatide",6
Nutrient IV Therapy in Oregon,onepeakmedical.com,info@onepeakmedical.com,albany@onepeakmedical.com; ashland@onepeakmedical.com; bend@onepeakmedical.com; centralpoint@onepeakmedical.com; eugene-cc@onepeakmedical.com; eugene-coburg@onepeakmedical.com; grantspass@onepeakmedical.com; grantspassest@onepeakmedical.com,yes,ok,https://onepeakmedical.com,medspa,,2
The Wellness Company,optimantra.com,support@optimantra.freshdesk.com,support@optimantra.freshdesk.com; support@optimantra.zendesk.com,yes,ok,https://optimantra.com,medspa,,4
"IV Therapy in Woods Cross, UT",paradigmaesthetics.com,paige@paradigmaesthetics.com,paige@paradigmaesthetics.com,yes,ok,https://paradigmaesthetics.com,medspa,GLP-1 weight loss peptides,4
IV Infusion Therapy,paradigmpnw.com,hello@paradigmpnw.com,hello@paradigmpnw.com,yes,ok,https://paradigmpnw.com,medspa,"nad+, glutathione",4
IV Hydration Therapy,parkavenuesthetics.com,info@parkavenuesthetics.com,info@parkavenuesthetics.com,yes,ok,https://parkavenuesthetics.com,medspa,"semaglutide, tirzepatide",10
PEAQ Society,peaqsociety.com,hello@peaqsociety.com,hello@peaqsociety.com,yes,ok,https://peaqsociety.com,medspa,"nad+, glutathione",7
pH Drip Lab,phdriplab.com,hello@phdriplab.com,phdriplab@gmail.com; hello@phdriplab.com,yes,ok,https://phdriplab.com,medspa,"nad+, glutathione",4
Pure Aesthetics MD,pureaestheticsmd.org,info@pureaestheticsmd.org,info@pureaestheticsmd.org,yes,ok,https://pureaestheticsmd.org,medspa,GLP-1 weight loss peptides,3
Personalized IV Treatments for Your Wellness,pureivsalem.com,pureivsalem@gmail.com,pureivsalem@gmail.com,yes,ok,https://pureivsalem.com,medspa,"nad+, glutathione",3
Mobile IV Nutrient Therapy,purelykate.org,purelykatehealth@gmail.com,purelykatehealth@gmail.com,yes,ok,https://purelykate.org,medspa,GLP-1 weight loss peptides,7
"Customized IV Therapy for Hydration & Wellness in Allen, TX",qualitycaredoc.com,office@qualitycaredoc.com,office@qualitycaredoc.com,yes,ok,https://qualitycaredoc.com,medspa,GLP-1 weight loss peptides,3
Reflection Aesthetics Co,reflectionaestheticsco.com,info@reflectionaestheticsco.com,info@reflectionaestheticsco.com,yes,ok,https://reflectionaestheticsco.com,medspa,"semaglutide, tirzepatide, bpc-157, nad+, ghk-cu, glutathione",11
Homepage,rehydratedrip.com,ivnurse@rehydratedrip.com,ivnurse@rehydratedrip.com,yes,ok,https://rehydratedrip.com,medspa,"semaglutide, tirzepatide, glutathione",9
MedSpa,renaissancemedspacos.com,info@renaissancemedspacos.com,info@renaissancemedspacos.com; renaissancemedspa@gmail.com,yes,ok,https://renaissancemedspacos.com,medspa,semaglutide,3
IV Hydration,renewpnw.com,info@renewpnw.com,info@renewpnw.com,yes,ok,https://renewpnw.com,medspa,,3
Drenched Hydration,retreatwellnessconcierge.com,info@retreatwellnessconcierge.com,info@retreatwellnessconcierge.com,yes,ok,https://retreatwellnessconcierge.com,medspa,,1
Rocky Mountain IV Medics,rockymountainivmedics.com,contact@rockymountainivmedics.com,contact@rockymountainivmedics.com,yes,ok,https://rockymountainivmedics.com,medspa,"nad+, glutathione",3
Sarah Hamilton Face,sarahhamiltonface.com,info@sarahhamiltonface.com,info@sarahhamiltonface.com,yes,ok,https://sarahhamiltonface.com,medspa,GLP-1 weight loss peptides,2
"Serenity Aesthetics and Wellness, LLC",serenityaestheticsandwellness.com,serenity@serenityaestheticsandwellness.com,serenity@serenityaestheticsandwellness.com,yes,ok,https://serenityaestheticsandwellness.com,medspa,nad+,1
Renu medspa,silhouetteskinandbodyspa.com,silhouetteskinandbodyspa@gmail.com,silhouetteskinandbodyspa@gmail.com,yes,ok,https://silhouetteskinandbodyspa.com,vendor,GLP-1 weight loss peptides,3
Simply Skin Medical Spa,simplyskinmedispa.com,skinandlegs@yahoo.com,skinandlegs@yahoo.com,yes,ok,https://simplyskinmedispa.com,medspa,glutathione,1
SOAR Wellness,soarwellness.net,info@soarwellness.net,info@soarwellness.net,yes,ok,https://soarwellness.net,medspa,,2
Soul Serene Wellness and Medspa,soulserenewellness.com,contact@soulserenewellness.com,contact@soulserenewellness.com,yes,ok,https://soulserenewellness.com,medspa,GLP-1 weight loss peptides,4
Springs Rejuvenation,springsrejuvenation.com,info@springsrejuvenation.com,info@springsrejuvenation.com; alyssa@springsrejuvenation.com,yes,ok,https://springsrejuvenation.com,medspa,,1
The Garden of Drip: Aesthetic Society,thegardenofdrip.com,hydrate@thegardenofdrip.net,hydrate@thegardenofdrip.net; thegardenofdrip@gmail.com; krystalpharmd@thegardenofdrip.net; besmooth@thegardenofdrip.net; amandanp@thegardenofdrip.net,yes,ok,https://thegardenofdrip.com,medspa,glutathione,3
Thrive Aesthetics and Wellness,thriveut.com,hello@thriveut.com,hello@thriveut.com,yes,ok,https://thriveut.com,medspa,GLP-1 weight loss peptides,3
Thrive Medical,thrivewyo.com,alison@thrivewyo.com,alison@thrivewyo.com,yes,ok,https://thrivewyo.com,medspa,"semaglutide, tirzepatide",5
Tonique MedSpa,toniquemedspa.com,info@toniquemedspa.com,hello@toniquemedspa.com; info@toniquemedspa.com,yes,ok,https://toniquemedspa.com,medspa,GLP-1 weight loss peptides,3
Tristate BANP Wellness,tristatebanpwellness.com,hello@tristatebanpwellness.com,hello@tristatebanpwellness.com,yes,ok,https://tristatebanpwellness.com,medspa,GLP-1 weight loss peptides,5
Mobile IV Therapy In NYC,vipsiv.com,info@vipsiv.com,info@vipsiv.com,yes,ok,https://vipsiv.com,medspa,glutathione,3
Vital Mobile IV,vitalmobileiv.com,hello@vitalmobileiv.com,hello@vitalmobileiv.com,yes,ok,https://vitalmobileiv.com,medspa,"semaglutide, tirzepatide, nad+, pt-141, glutathione",10
Infusion Associates,vivoinfusion.com,info@vivoinfusion.com,info@vivoinfusion.com,yes,ok,https://vivoinfusion.com,medspa,,1
The Well House at Lamson Mansion,well-house.org,office@well-house.org,office@well-house.org,yes,ok,https://well-house.org,medspa,,1
"Mobile IV Therapy Boca Raton, FL",welpalmbeach.com,hello@welpalmbeach.com,hello@welpalmbeach.com,yes,ok,https://welpalmbeach.com,medspa,nad+,3
wendycityfaces,wendycityfaces.com,wendy@wendycityfaces.com,wendy@wendycityfaces.com,yes,ok,https://wendycityfaces.com,medspa,glutathione,1
Ageless Men's Health,wholebodywa.com,office@wholebodywa.com,office@wholebodywa.com,yes,ok,https://wholebodywa.com,medspa,,1
"IV Therapy, Botox, Weight Loss, & Med Spa Services in Round Rock ...",wildflowerwellnessiv.com,admin@wildflowerwellnessiv.com,wildflowerwellnessiv@gmail.com; admin@wildflowerwellnessiv.com,yes,ok,https://wildflowerwellnessiv.com,medspa,"semaglutide, tirzepatide, bpc-157, tb-500, nad+, ipamorelin",14
"IV Therapy in Goodyear, AZ",wvncaz.com,admin@wvncaz.com,admin@wvncaz.com,yes,ok,https://wvncaz.com,medspa,,3
Younger You IV Lounge & Medspa,youngeryouivspa.com,spainfo@youngeryouivspa.com,spainfo@youngeryouivspa.com; thrivewithsoma@gmail.com,yes,ok,https://youngeryouivspa.com,medspa,glutathione,5
Zen Flow,zenflowiv.com,drip@zenflowiv.com,drip@zenflowiv.com,yes,ok,https://zenflowiv.com,medspa,,1
207 Laser & Integrative Med,207laser.com,,,,no_email,,vendor,,0
Texas Laser and Aesthetics Medspa,360jasmineacupuncture.com,,,,no_email,,vendor,,0
3D Medical Aesthetics,3dmedicalaesthetics.com,,,,unreachable,,,,
4Ever Young Med Spa & Wellness Center,4everyoungantiaging.com,,,yes,no_email,https://4everyoungantiaging.com,medspa,"semaglutide, tirzepatide",7
719 Revive Med Spa,719-revivemedspa.com,,,,unreachable,,,,
HydraMed,a.storyblok.com,,,,unreachable,,,,
ABQ Beauty Lounge,abqbeautylounge.com,rachel@abqbeautylounge.com,rachel@abqbeautylounge.com; jenna@abqbeautylounge.com; angelrmyers@gmail.com,,no_peptides,https://abqbeautylounge.com,medspa,,0
A Cut Above Salon & Spa,acasalonandspa.com,acasalon@hotmail.com,acasalon@hotmail.com; you@gmail.com,yes,no_peptides,https://acasalonandspa.com,vendor,,0
IV Vitamin Therapy Coeur d'Alene,activefamilyhealthcare.com,,,,no_email,,vendor,,0
Infusion Center in Sugar Land TX,adaptivinfusion.com,work@adaptivinfusion.com,work@adaptivinfusion.com; intake@adaptivinfusion.com,yes,no_peptides,https://adaptivinfusion.com,medspa,,0
Adora Aesthetics,adoraaestheticsmd.com,,,,no_email,https://adoraaestheticsmd.com,medspa,,0
Aesthete Aesthetics,aesthete-aesthetics.com,aesthetestudiospa@gmail.com,aesthetestudiospa@gmail.com; naesthetestudiospa@gmail.com,,no_peptides,https://aesthete-aesthetics.com,medspa,,0
Aesthetic Beauty,aestheticbeauty.info,inquire@aestheticbeauty.info,inquire@aestheticbeauty.info,yes,no_peptides,https://aestheticbeauty.info,medspa,,0
Aesthetic Center of Columbia,aestheticcenterofcolumbia.com,,,yes,no_email,https://aestheticcenterofcolumbia.com,medspa,,0
Aesthetic Haven Health & Beauty,aesthetichaven22.com,aesthetichaven22@gmail.com,aesthetichaven22@gmail.com,,no_us_signal,https://aesthetichaven22.com,medspa,"semaglutide, tirzepatide",4
Infinite Allure PLLC,aestheticouture.com,info@aestheticouture.com,acmedspa@gmail.com; info@aestheticouture.com,yes,no_peptides,https://aestheticouture.com,medspa,,0
Aesthetics by Eileen,aesthetics-by-eileen.com,,,,no_email,,vendor,,0
AesthetIQ Med Spa,aesthetiqmedspa.com,info@aesthetiqmedspa.com,info@aesthetiqmedspa.com; aesthetiqinstitute@gmail.com,yes,no_peptides,https://aesthetiqmedspa.com,medspa,,0
AesthetiSpa Cosmetic Skin & Laser Center,aesthetispa.com,,,,no_email,https://aesthetispa.com,medspa,,0
Agape Medical Spa & Weight Loss Center,agapemedical.com,,,yes,no_email,https://agapemedical.com,medspa,,0
Ageless & Beautiful Medical Spa,agelessandbeautiful.com,,,yes,no_email,https://agelessandbeautiful.com,medspa,"semaglutide, tirzepatide",6
Ageless Beauty,agelessbeautygr.com,,,,unreachable,,,,
Ageless Medical Aesthetics,agelessmedicalaesthetics.com,,,yes,no_email,https://agelessmedicalaesthetics.com,medspa,,2
Ageless Men's Health,agelessmenshealth.com,,,,unreachable,,,,
"Immunity IV Therapy in Canonsburg, PA",agelessskinandbeautypa.com,,,yes,no_email,https://agelessskinandbeautypa.com,medspa,GLP-1 weight loss peptides,3
"Bryan Medical and Wellness, PLLC",agelesstriad.com,info@agelesstriad.com,info@agelesstriad.com,yes,no_peptides,https://agelesstriad.com,medspa,,0
Ageless Wellness Medicine,agelesswellnessmedicine.com,dawn@agelesswellnessmedicine.com,dawn@agelesswellnessmedicine.com,,no_peptides,https://agelesswellnessmedicine.com,vendor,,0
Accelerate Health Clinics,ah-clinics.com,,,yes,no_email,https://ah-clinics.com,medspa,"semaglutide, tirzepatide, bpc-157, tb-500, nad+, ipamorelin",26
Allegheny Health Network Home Infusion,ahn.org,,,,no_email,https://ahn.org,medspa,,0
Ala Moana Aesthetics,alamoanaesthetics.com,jamiehong229@gmail.com,jamiehong229@gmail.com,yes,already known,https://alamoanaesthetics.com,medspa,"semaglutide, tirzepatide, glutathione",9
Alison Wellness Clinic,alisonwellnessclinic.com,,,yes,no_email,https://alisonwellnessclinic.com,medspa,sermorelin,7
Alivation Health,alivation.com,info@alivation.com,info@alivation.com,yes,no_peptides,https://alivation.com,medspa,,0
Alive Med Spa & Ketamine Clinic,alivehealthstl.com,,,,no_email,,vendor,,0
IV Infusion,alivehealthwellness.com,,,,no_email,https://alivehealthwellness.com,vendor,,0
"All About Aesthetics, P.C.",allaboutaesthetics.com,,,,unreachable,,,,
Alliance IV Therapy MD Weston,allianceivtherapymd.com,,,,no_email,,vendor,,0
Será Skin,allthingsfacemedspa.com,,,,unreachable,,,,
Allurant Medical Spa,allurantmedical.com,,,,no_email,,vendor,,0
Allure,allurebeautycr.com,,,yes,no_email,https://allurebeautycr.com,medspa,,0
Allure Contour Med Spa,allurecontourmedspa.com,allurecontourclinic@gmail.com,allurecontourclinic@gmail.com,yes,already known,https://allurecontourmedspa.com,medspa,GLP-1 weight loss peptides,6
IV Infusion Therapy,altairechohealth.com,,,,no_email,https://altairechohealth.com,vendor,,0
American Medical Wellness,americanmedicalwellness.com,,,yes,no_email,https://americanmedicalwellness.com,medspa,"nad+, ipamorelin, sermorelin, cjc-1295, pt-141",12
Amplified Beauty,amplified-beauty.com,,,yes,no_email,https://amplified-beauty.com,medspa,,0
Anatara Medicine,anataramedicine.com,,,yes,no_email,https://anataramedicine.com,medspa,,1
Anchor Spa,anchorspa.com,info@anchorspa.com,info@anchorspa.com,yes,no_peptides,https://anchorspa.com,vendor,,0
ANEU Med Spa,aneumedspa.com,info@aneumedspa.com,info@aneumedspa.com,,no_peptides,https://aneumedspa.com,medspa,,0
A New You Day Spa & Salon,anewyoulex.com,,,yes,no_email,https://anewyoulex.com,vendor,,0
Anjella Paulette Aesthetics Norfolk,anjellapaulette.com,hello@anjellapaulette.com,hello@anjellapaulette.com,yes,no_peptides,https://anjellapaulette.com,medspa,,0
Yuba City Medspa,app.joinmoxie.com,,,,no_email,https://app.joinmoxie.com,vendor,,0
Southern Skin and Wellness,appointmentrequestsapp.symplast.com,,,,no_email,https://appointmentrequestsapp.symplast.com,vendor,,0
Apsara Spa,apsaraspa.com,,,yes,no_email,https://apsaraspa.com,medspa,,0
Aqua IV Nutrition Therapy,aquaiv.com,,,yes,no_email,https://aquaiv.com,medspa,glutathione,1
Wellness Accelerated,aquavitality.com,,,yes,no_email,https://aquavitality.com,medspa,"semaglutide, nad+, sermorelin, aod-9604, tirzepatide",17
Gameday Men's Health Glen Mills,araintegrative.com,,,yes,no_email,https://araintegrative.com,medspa,GLP-1 weight loss peptides,5
The Spa at Ascend,ascendfitnessandspa.com,info@ascendfitnessandspa.com,info@ascendfitnessandspa.com; apolasky@ascendfitnessandspa.com,yes,no_peptides,https://ascendfitnessandspa.com,vendor,,0
Your Wellness Connection,aspirehealthkc.com,,,yes,no_email,https://aspirehealthkc.com,medspa,,0
Right Spot Wellness,assets.cdn.filesafe.space,,,,unreachable,,,,
"IV Therapy in Seattle, WA",assets.numeaesthetics.com,,,,unreachable,,,,
Renew Integrative Health,assets.renewinthealth.org,,,,unreachable,,,,
"IV DRIP Therapy and Mineral Therapy Winter Haven, FL",assets.zyrosite.com,,,,unreachable,,,,
Astasha's Aesthetics,astashasaesthetics.com,astasha@astashasaesthetics.com,astasha@astashasaesthetics.com,yes,no_peptides,https://astashasaesthetics.com,medspa,,0
Atlanta Mobile Aesthetics and IV Hydration Therapy Virtual,atlmobileaesthetics.com,,,yes,no_email,https://atlmobileaesthetics.com,medspa,GLP-1 weight loss peptides,5
Atossa Medical Spa,atossamedspa.com,atossamedspa@gmail.com,atossamedspa@gmail.com,yes,no_peptides,https://atossamedspa.com,medspa,,0
Augusta Facial Aesthetics,augustafa.com,,,yes,no_email,https://augustafa.com,medspa,,0
Aura Aesthetics,aura-aesthetics777.square.site,auraaesthetics777@outlook.com,auraaesthetics777@outlook.com,,no_peptides,https://aura-aesthetics777.square.site,medspa,,0
On The Go Aesthetics,auraaestheticsct.glossgenius.com,auraaestheticsct@gmail.com,auraaestheticsct@gmail.com,yes,no_peptides,https://auraaestheticsct.glossgenius.com,medspa,,0
Iv Infusions,aurummedispa.com,,,,unreachable,,,,
Austin Skin & Wellness,austinskinandwellness.com,,,yes,no_email,https://austinskinandwellness.com,medspa,GLP-1 weight loss peptides,2
Avesta Ketamine and Wellness Washington DC,avestaketaminewellness.com,,,yes,no_email,https://avestaketaminewellness.com,medspa,glutathione,1
Faces of Arkansas: The Face of Intravenous Infusion Therapy for ...,aymag.com,,,,no_email,,vendor,,0
Aqua Zen IV Lounge,azil.myaestheticrecord.com,,,,no_email,https://azil.myaestheticrecord.com,vendor,,0
Azure Day Spa,azuredayspa.net,azuredayspacarly@gmail.com,azuredayspacarly@gmail.com,yes,no_peptides,https://azuredayspa.net,medspa,,0
New Leaf Wellness,balancehormonecenter.com,,,,no_email,,vendor,,0
Bare Skin,bareskintn.com,info@bareskintn.com,info@bareskintn.com,yes,no_peptides,https://bareskintn.com,medspa,,0
BodyBrite Baton Rouge,batonrougebodybriteusa.com,,,,no_email,,vendor,,0
Coco Luxurious Retreat,beacons.ai,,,,unreachable,,,,
Beautiful One Aesthetics,beautifuloneaesthetics.com,,,yes,no_email,https://beautifuloneaesthetics.com,vendor,,0
Scottsdale Ridge MedSpa,beautifulskinaz.com,,,,unreachable,,,,
Ageless Men's Health,beautymarkwc.com,,,,no_email,,vendor,,0
IV Therapy,bedford-ma.thedripbar.com,,,,no_email,,vendor,,0
beem® Light Sauna Nashville-Green Hills,beemlightsauna.com,,,,no_email,https://beemlightsauna.com,vendor,,0
Lucy Spa,bellaluxemedicalspa.com,,,,no_email,,vendor,,0
Belle Meade AMP Nashville– Addiction Medicine & Psychiatry,bellemeadeamp.com,info@bellemeadeamp.com,bellemeadeamp@gmail.com; info@bellemeadeamp.com,yes,no_peptides,https://bellemeadeamp.com,medspa,,0
Lifestyle Medicine Maine,bellesoulaesthetics.com,,,,no_email,,vendor,,0
Belle Vie MedSpa Hamburg,belleviemedspa.net,,,yes,no_email,https://belleviemedspa.net,medspa,"semaglutide, tirzepatide, nad+",6
Lexington Bioidentical Hormones,bellevietoday.com,,,yes,no_email,https://bellevietoday.com,medspa,"semaglutide, nad+",7
Bellissimo Spa and Wellness,bellissimospaandwellness.com,,,,unreachable,,,,
Benefis Medical Aesthetics,benefis.org,,,,unreachable,,,,
Berry Bella Medspa,berrybella.net,,,,unreachable,,,,
Berry Hill Beauty,berryhillbeauty.com,hello@berryhillbeauty.com,hello@berryhillbeauty.com; concierge@berryhillbeauty.com,yes,no_peptides,https://berryhillbeauty.com,vendor,,0
Beverlys Med Spa,beverlysmedspa.com,,,,no_email,https://beverlysmedspa.com/about,medspa,,0
Fase Nova,beyondsmilesdentalspa.com,,,yes,no_email,https://beyondsmilesdentalspa.com,medspa,,0
Tribeca Spa of Tranquility,biograph.com,info@biograph.com,info@biograph.com,yes,no_peptides,https://biograph.com,medspa,,0
Biologix Mobile Wellness,biologixmobilewellness.com,,,,no_email,,vendor,,0
Birmingham Wellness Massage,birminghamwellnessmassage.com,,,yes,no_email,https://birminghamwellnessmassage.com,medspa,,0
Black Hills Salt Cave,blackhillssaltcave.com,blackhillssaltcave@gmail.com,blackhillssaltcave@gmail.com,yes,no_peptides,https://blackhillssaltcave.com,vendor,,0
"IV Therapy in Palm Harbor, FL: Feel Better NOW",blclinics.com,,,yes,no_email,https://blclinics.com,vendor,,0
Bloom Aesthetics by Zelda,bloombyzelda.com,,,yes,no_email,https://bloombyzelda.com,medspa,GLP-1 weight loss peptides,2
Bloom Health & Wellness Kansas City,bloomhealthkc.com,,,,no_email,,vendor,,0
Bluebonnet Laser Aesthetics,bluebonnetlaser.com,,,,no_email,,vendor,,0
Blue Water Spa Brier Creek,bluewaterspa.com,,,,no_email,,vendor,,0
Custom IV Drips in Woodbury,bluicemedspa.com,,,yes,no_email,https://bluicemedspa.com,medspa,,0
IV Therapy,blumcenterforhealth.com,,,yes,no_email,https://blumcenterforhealth.com,medspa,"semaglutide, tirzepatide",7
Blush Beauty Bar,blushbeautybarnwa.com,,,,unreachable,,,,
Body+Beauty Lab,bodyandbeautylab.com,,,yes,no_email,https://bodyandbeautylab.com,medspa,"bpc-157, thymosin alpha-1, nad+, ipamorelin, sermorelin, tesamorelin",28
Revitalize IV Solutions & MedSpa,booking.mangomint.com,,,,no_email,https://booking.mangomint.com,vendor,,0
BOON Holistic Aesthetics,boonholisticaesthetics.com,,,,unreachable,,,,
Borland Groover Southside Infusion Center,borlandgroover.com,,,yes,no_email,https://borlandgroover.com,medspa,,0
STEMCELL Technologies,boston.dexafit.com,boston@dexafit.com,boston@dexafit.com,yes,already known,https://boston.dexafit.com,medspa,GLP-1 weight loss peptides,2
European Touch Spa,botanicalbeautyvt.com,kristaevincent@hotmail.com,kristaevincent@hotmail.com,yes,no_peptides,https://botanicalbeautyvt.com,vendor,,0
CAREolina Wellness and Infusion Center,boutiquewellnessnc.com,,,yes,no_email,https://boutiquewellnessnc.com,medspa,semaglutide,6
The Spa at The Broadmoor,broadmoor.com,info@broadmoor.com,info@broadmoor.com,yes,no_peptides,https://broadmoor.com,vendor,,0
Pura Derma Therapies Ventura Beauty and Wellness Spa,calivingweightloss.com,,,,no_email,,vendor,,0
CaloSpa® Rejuvenation Center,calospa.com,,,yes,no_email,https://calospa.com,medspa,,0
Smithville Med Spa,calystaproemr.com,,,,unreachable,,,,
Canyon River Spa & Salon,canyonriverspa.com,info@canyonriverspa.com,info@canyonriverspa.com,yes,no_peptides,https://canyonriverspa.com,medspa,,0
Integrated Spa & Wellness,capitalchirodsm.com,,,yes,no_email,https://capitalchirodsm.com,medspa,,0
Capital City Wellness & Aesthetics,capitalcityclinic.com,,,yes,no_email,https://capitalcityclinic.com,medspa,"semaglutide, tirzepatide, glutathione",15
Caravail's Day Spa,caravailsdayspa.com,,,,no_email,,vendor,,0
CARE Esthetics,care-esthetics.com,info@care-esthetics.com,info@care-esthetics.com,yes,no_peptides,https://care-esthetics.com,medspa,,0
IV Therapy,careestheticsredbank.com,,,,no_email,https://careestheticsredbank.com,vendor,,0
Casa Blanca Esthetics,casablancaesthetics.com,,,,no_email,https://casablancaesthetics.com,medspa,,0
Passport Health,cdn.passporthealthusa.com,,,,no_email,https://cdn.passporthealthusa.com,vendor,,0
5 ⭐ Drip Drive Las Cruces in Las Cruces,cdntrust.s3.us-east-2.amazonaws.com,,,yes,no_email,,vendor,,0
Cendant Stem Cell Center,cendanthealth.com,,,yes,no_email,https://cendanthealth.com,medspa,,1
Center Aesthetic & Dermatology,centeraesthetic.com,lynn@centeraesthetic.com,lynn@centeraesthetic.com; drkarcher@centeraesthetic.com,yes,no_peptides,https://centeraesthetic.com,medspa,,0
OsteoStrong,centers.osteostrong.me,,,,no_email,https://centers.osteostrong.me,vendor,,0
Vitalive Health and Wellness,chambermaster.blob.core.windows.net,,,,unreachable,,,,
Changes City Spa,changesaregood.com,info@changesaregood.com,info@changesaregood.com,yes,no_peptides,https://changesaregood.com,medspa,,0
Kaya Esthetic,cherry-blossom-aesthetics.square.site,,,,no_email,,vendor,,0
Pinellas Med Clinic,chillnoutclearwater.com,info@chillnoutclearwater.com,info@chillnoutclearwater.com,yes,no_peptides,https://chillnoutclearwater.com,vendor,,0
Chose-N-Elegance,chose-n-elegancespa.com,,,yes,no_email,https://chose-n-elegancespa.com,vendor,,0
Christina Clinic,christinaclinic.com,info@christinaclinic.com,christinaclinic1@gmail.com; info@christinaclinic.com,yes,no_peptides,https://christinaclinic.com,medspa,,0
CHS MedSpa,chsmedspa.com,decaturhormones@gmail.com,decaturhormones@gmail.com; aragoncarecenters1@gmail.com,yes,already known,https://chsmedspa.com,medspa,"semaglutide, tirzepatide",7
Clarity Medical Spa,claritymedicalspa.com,,,yes,no_email,https://claritymedicalspa.com/contact-us,medspa,glutathione,5
Pleasant Dreams Spa,claritywellnessspa.com,,,,unreachable,,,,
Spavia Day Spa Clark Commons,clarknj.spaviadayspa.com,,,yes,no_email,https://clarknj.spaviadayspa.com,vendor,,0
Clayton Med Spa,claytonmedspa.com,,,,unreachable,,,,
Red Light Kailua,clientportal.tantrack.com,,,,no_email,,medspa,,0
CoCo Art & Spa,cocoartspa.com,hello@cocoartspa.com,hello@cocoartspa.com,yes,no_peptides,https://cocoartspa.com,vendor,,0
Community Medical Center,communitymed.org,,,yes,no_email,https://communitymed.org,medspa,,0
Complete Rural Medicine-Lincoln NE,completeruralmedicine.com,,,yes,no_email,https://completeruralmedicine.com,medspa,GLP-1 weight loss peptides,2
Contour Spa Hawaii,contourspahawaii.com,,,,unreachable,,,,
Cortina Dermatology and Aesthetics,cortinaderm.com,info@cortinaderm.com,info@cortinaderm.com,yes,no_peptides,https://cortinaderm.com,medspa,,0
Cosmetic Solutions Laser and Skin Care Center,cosmeticsolutionslaser.com,,,yes,no_email,https://cosmeticsolutionslaser.com,medspa,GLP-1 weight loss peptides,7
IV Therapy in Portland,cosmetiqmedicine.com,cosmetiqmedicine@gmail.com,cosmetiqmedicine@gmail.com,yes,already known,https://cosmetiqmedicine.com,medspa,"tirzepatide, nad+, ghk-cu, glutathione",7
Cottage Aroma Bella Day Spa,cottagearomabella.com,,,yes,no_email,https://cottagearomabella.com,medspa,,0
Crafted Beauty,craftedbeauty.com,info@craftedbeauty.com,info@craftedbeauty.com,yes,no_peptides,https://craftedbeauty.com,medspa,,0
"SERENITY Functional & Integrative Medicine, LLC",crhormonehealth.com,,,yes,no_email,https://crhormonehealth.com,medspa,,4
"Complexion Resuscitation Injectables, LLC",crinjectables.as.me,,,,no_email,https://crinjectables.as.me,vendor,,0
Cryotherapy & MedSpa,cryotherapyandmedspa.com,,,,unreachable,,,,
Regenerative Solutions,cryowave.net,,,,no_email,https://cryowave.net,vendor,,0
Crystal Aesthetics and Wellness Med Spa,crystalaestheticsandwellness.com,crystalaesthetics@yahoo.com,crystalaesthetics@yahoo.com,yes,already known,https://crystalaestheticsandwellness.com,medspa,"semaglutide, tirzepatide",4
IV Therapy in Connecticut,ctpainsolutions.com,,,yes,no_email,https://ctpainsolutions.com,medspa,,2
Advanced TRT Clinic,cupertinomedicallaser.com,,,,no_email,,vendor,,0
Dakota Herb LLC,dakota-herb.com,,,yes,no_email,https://dakota-herb.com,medspa,,0
LUMEN Optimal Wellness,dashboard.boulevard.io,,,,unreachable,,,,
Serotonin Centers Med Spa Winter Park,datocms-assets.com,,,,unreachable,,,,
Defined Skin Spa,definedgr.com,,,,unreachable,,,,
De La Belle Wellness & Spa,delabelle.net,,,yes,no_email,https://delabelle.net,medspa,nad+,6
Dermanova MedSpa,dermanovaspa.com,,,yes,no_email,https://dermanovaspa.com,medspa,,1
Derma Lab,dermawellclinic.com,,,,no_email,https://dermawellclinic.com,vendor,,0
Dew You Skin,dewyouskinwy.com,,,,no_email,,vendor,,0
IV Vitamin Therapy,dhrtv.myaestheticrecord.com,,,,no_email,https://dhrtv.myaestheticrecord.com,medspa,,0
Body Sculpting Spa LLC,dimensionalwellnesscenter.com,info@dimensionalwellnesscenter.com,info@dimensionalwellnesscenter.com,yes,no_peptides,https://dimensionalwellnesscenter.com,medspa,,0
Boise Cryotherapy/Active Health & Wellness,doc.vortala.com,,,,no_email,,vendor,,0
IV Therapy Benefits,douglasj.com,,,,no_email,,vendor,,0
Downtown City Spa,downtowncityspa.com,downtownskincare@yahoo.com,downtownskincare@yahoo.com,yes,already known,https://downtowncityspa.com,medspa,"semaglutide, tirzepatide, glutathione",6
IV Therapy Iowa City,drandrewsplasticsurgery.com,,,yes,no_email,https://drandrewsplasticsurgery.com,medspa,nad+,4
IV Hydration Therapy Near Solana Beach & North County San Diego,drdrsd.com,,,yes,no_email,https://drdrsd.com,medspa,,0
Shoots Salon & Spa,dreamhouse601.com,,,,no_email,,vendor,,0
Planet Beach,drgruenn.com,,,yes,no_email,https://drgruenn.com,medspa,GLP-1 weight loss peptides,3
Drip & Derm Luxe,dripdermluxe.com,,,yes,no_email,https://dripdermluxe.com,medspa,"nad+, glutathione",5
"Drip Drop Health & Wellness, PLLC",dripdrophealthy.com,dripdrophealthy@gmail.com,dripdrophealthy@gmail.com; dripdrophealthynwa@gmail.com,yes,already known,https://dripdrophealthy.com,medspa,nad+,8
Portland Maine Mobile IV Hydration and Weight Loss,dripdropinn.com,,,,no_email,https://dripdropinn.com,vendor,,0
Drip Hydration,driphydration.com,,,,unreachable,,,,
Drip Refresh Mobile IV Therapy,driprefreshmobileiv.com,info@driprefreshmobileiv.com,info@driprefreshmobileiv.com,,no_us_signal,https://driprefreshmobileiv.com,medspa,"semaglutide, nad+, glutathione",5
DripWell Health and Wellness,dripwell.us,,,yes,no_email,https://dripwell.us,medspa,"nad+, glutathione",4
Cryo-Therapy Northboro,drpoulos.com,,,yes,no_email,https://drpoulos.com,medspa,,0
Create Whole Body Health,drweng.com,advancedmedicine24@gmail.com,advancedmedicine24@gmail.com,yes,already known,https://drweng.com,medspa,"semaglutide, tirzepatide",5
NHD Regenerative Medicine,eagleregenerativemedicine.com,,,yes,no_email,https://eagleregenerativemedicine.com,medspa,,2
Earley Esthetics and Med Spa,earleyesthetics.com,,,yes,no_email,https://earleyesthetics.com,medspa,,0
So Healthy Spa,easkincare.com,easkincare@gmail.com,easkincare@gmail.com,yes,already known,https://easkincare.com,medspa,"semaglutide, nad+, glutathione",4
Eco Centric,ecocentricbeauty.com,,,yes,no_email,https://ecocentricbeauty.com,vendor,,0
UCSF Infusion Center,edge.sitecorecloud.io,,,,no_email,https://edge.sitecorecloud.io,vendor,,0
Elevate at Alaska Women's Health,elevateaestheticsalaska.com,,,yes,no_email,https://elevateaestheticsalaska.com,medspa,,0
Elevated Aesthetics PLLC,elevatedaestheticsllc.com,skinhealth10.km@gmail.com,skinhealth10.km@gmail.com,,no_peptides,https://elevatedaestheticsllc.com,medspa,,0
OP Skin Studio,elevatemedispa.com,info@elevatemedispa.com,info@elevatemedispa.com,yes,no_peptides,https://elevatemedispa.com,medspa,,0
Elite Asian Massage,eliteasianmassagemi.com,eliteasianmassagemi@gmail.com,eliteasianmassagemi@gmail.com,yes,no_peptides,https://eliteasianmassagemi.com,vendor,,0
Elite IV Hydration,eliteivhydration.com,,,,no_email,,vendor,,0
Elite Medicine,elitemedicineohio.com,,,yes,no_email,https://elitemedicineohio.com,medspa,"semaglutide, nad+, glutathione",7
IV Hydration & Vitamin Therapy,elysionhealth.md-hq.com,,,yes,no_email,https://elysionhealth.md-hq.com,medspa,GLP-1 weight loss peptides,3
Embrace Wellness Clinic,embracewellnessclinic.com,connect.embracewellness@gmail.com,connect.embracewellness@gmail.com; embraceinfusions@gmail.com,yes,already known,https://embracewellnessclinic.com,medspa,"nad+, glutathione",6
Spa,emilyesthetics.glossgenius.com,emilyesthetician8@gmail.com,emilyesthetician8@gmail.com,yes,no_peptides,https://emilyesthetics.glossgenius.com,medspa,,0
Emmazing Esthetics,emmazingesthetics.glossgenius.com,,,yes,no_email,https://emmazingesthetics.glossgenius.com,vendor,,0
An English Touch Day Spa,englishtouchspa.com,,,yes,no_email,https://englishtouchspa.com,medspa,,0
Enhanced Beauty,enhancedbeautyyy.glossgenius.com,enhancedbysherry@gmail.com,enhancedbysherry@gmail.com,yes,no_peptides,https://enhancedbeautyyy.glossgenius.com,medspa,,0
Enhance MD Body Hair & Skin Clinic,enhancemdbodyhairandskin.com,,,yes,no_email,https://enhancemdbodyhairandskin.com,medspa,semaglutide,1
The Ark Medspa,ennu.co,,,yes,no_email,https://ennu.co,medspa,,0
Eastern Oklahoma Wellness Center,eowc.net,,,yes,no_email,https://eowc.net,medspa,"semaglutide, bpc-157, tb-500, thymosin beta-4, thymosin alpha-1, ipamorelin",11
WholeHealth Chicago,equinox.com,concierge@equinox.com,concierge@equinox.com; pr@equinox.com; cancellations@equinox.com,yes,no_peptides,https://equinox.com,vendor,,0
Essential Massage,essentialmassagegillette.com,office@essentialmassagegillette.com,maryshoulderscmt@gmail.com; office@essentialmassagegillette.com,yes,no_peptides,https://essentialmassagegillette.com,vendor,,0
Esthetics With Love Salon and Spa,estheticswithlove.com,estheticswithlovebylisa@gmail.com,estheticswithlovebylisa@gmail.com,yes,no_peptides,https://estheticswithlove.com,vendor,,0
Eternal Dream Day Spa,eternaldreamspabozeman.com,,,,unreachable,,,,
Vancouver Wellness Studio: Waterfront Spa,etherealaestheticsllc.com,,,,unreachable,,,,
Infusion Therapy (IV Infusion) in Rhode Island,etue8xggb2c.exactdn.com,,,,no_email,,vendor,,0
EverLiv IV Therapy,everlivmia.com,,,yes,no_email,https://everlivmia.com,medspa,"nad+, glutathione",3
Ivory Wellness,evexipel.com,,,,unreachable,,,,
Evoke Esthetics Medspa,evokeesthetics.com,,,,no_email,,vendor,,0
Dr. G Anti Aging Practice,evolvemedspa.com,,,yes,no_email,https://evolvemedspa.com,medspa,,0
Eternal Youth Medical Spa,eymsnm.com,,,yes,no_email,https://eymsnm.com,medspa,,2
Face & Body Medical Aesthetics,faceandbody.net,,,yes,no_email,https://faceandbody.net,medspa,nad+,5
Face & Body MedSpa,faceandbodyspa.com,,,yes,no_email,https://faceandbodyspa.com,medspa,semaglutide,3
Faces STL,facesstl.com,,,yes,no_email,https://facesstl.com,medspa,,1
FEM Beauty VT,fembeautyvt.com,,,yes,no_email,https://fembeautyvt.com,vendor,,0
Luxe Day Spa & Salon,femmemedandspa.com,,,yes,no_email,https://femmemedandspa.com,medspa,,1
IV Therapy and Wellness Care,firstchoicecarecollierville.com,,,yes,no_email,https://firstchoicecarecollierville.com,medspa,,1
First Step Health & Wellness,firststep.weightlossbookinghub.com,,,,unreachable,,,,
FitLab Hawaii LLC,fitlabhawaii.com,,,yes,no_email,https://fitlabhawaii.com,medspa,,3
Northwest Stem Cell,flagcdn.com,,,,no_email,https://flagcdn.com,vendor,,0
Flawless Med Spa,flawlessmedspa.myaestheticrecord.com,,,,no_email,https://flawlessmedspa.myaestheticrecord.com,medspa,,0
FlexCare Infusion Centers,flexcareinfusion.com,,,,no_email,https://flexcareinfusion.com/contact-us,medspa,,0
Float Huntsville,floathuntsville.com,hello@floathuntsville.com,floathuntsville@gmail.com; hello@floathuntsville.com,yes,no_peptides,https://floathuntsville.com,vendor,,0
Contact Us,florencetherapy.com,florencetherapy@gmail.com,florencetherapy@gmail.com,yes,no_peptides,https://florencetherapy.com,medspa,,0
Med Spa & Medical Weight Loss,fluidivdriplounge.com,fluidivdriplounge@gmail.com,fluidivdriplounge@gmail.com,yes,already known,https://fluidivdriplounge.com,medspa,GLP-1 weight loss peptides,5
Fluid Water Therapy,fluidwatertherapy.com,info@fluidwatertherapy.com,info@fluidwatertherapy.com,yes,no_peptides,https://fluidwatertherapy.com,medspa,,0
FoRM Health,formhealthpdx.com,,,yes,no_email,https://formhealthpdx.com,medspa,,3
Hydrate IV Bar,fortcollins.hydrateivbar.com,,,,no_email,,vendor,,0
Spa at Four Seasons Hotel St. Louis,fourseasons.com,,,,unreachable,,,,
Elegant Day Spa,foursistersvt.com,info@foursistersvt.com,info@foursistersvt.com,yes,no_peptides,https://foursistersvt.com,medspa,,0
Happy Health and Wellness Clinic,framerusercontent.com,,,,no_email,https://framerusercontent.com,vendor,GLP-1 weight loss peptides,2
VitaGlowMD Wellness & Skin Clinic,fresha.com,,,,no_email,https://fresha.com,medspa,,0
Fresh Face Esthetix,freshfacesthetix.com,freshfacemuaa@gmail.com,freshfacemuaa@gmail.com,,no_peptides,https://freshfacesthetix.com,vendor,,0
Future Psych Solutions,futurepsychsolutions.com,,,yes,no_email,https://futurepsychsolutions.com,medspa,,0
Fyzical Therapy & Balance Centers,fyzical.com,,,,no_email,https://fyzical.com,medspa,,0
Infusion Therapy,gbmc.org,,,yes,no_email,https://gbmc.org,medspa,,0
Geaux Cryo Sculpting Spa,geauxcryo.com,,,,unreachable,,,,
Genesis Lifestyle Medicine,genesislifestylemedicine.com,,,,unreachable,,,,
Bo-Tox’D,getbotoxd.com,getbotoxd@gmail.com,getbotoxd@gmail.com,yes,already known,https://getbotoxd.com,medspa,nad+,6
Plump Cosmetics & Injectables,getplump.com,info@getplump.com,info@getplump.com,yes,no_peptides,https://getplump.com,medspa,,0
The Colorado Center for Health and Longevity,getvitawellness.com,,,yes,no_email,https://getvitawellness.com,medspa,"semaglutide, tirzepatide, glutathione",11
GIV Wellness,givwellness.co,,,,no_email,,vendor,,0
Insight Healthcare,glamourmemedspa.com,info@glamourmemedspa.com,glamourmemedspa@gmail.com; info@glamourmemedspa.com; %20info@glamourmemedspa.com,yes,no_peptides,https://glamourmemedspa.com,medspa,,0
Glitz Spa Bar,glitzspabar.com,glitzspabar@yahoo.com,glitzspabar@yahoo.com; litzspabar@yahoo.com; glitzluxuryspabar@yahoo.com; spabar@yahoo.com,yes,no_peptides,https://glitzspabar.com,vendor,,0
Glitzy MD Denver Weight Loss,glitzylashes.com,,,yes,no_email,https://glitzylashes.com,medspa,"semaglutide, tirzepatide, nad+, sermorelin",13
GLO30 St Louis Central West End,glo30.com,franchise@glo30.com,franchise@glo30.com,,no_us_signal,https://glo30.com,medspa,kpv,2
Glow Med Spa,glowmedspalumberton.com,,,,no_email,,vendor,,0
Glow Medical Spa,glowspacr.com,,,,unreachable,,,,
Vitamin & Nutrient IV Infusions,go.booker.com,,,,no_email,https://go.booker.com,vendor,,0
Vida-Flo,govidaflo.com,,,yes,no_email,https://govidaflo.com,medspa,nad+,3
Platte Valley Skin Clinic,gprmc.com,,,,unreachable,,,,
"Greater Nebraska Dermatology Clinic: Daniel Mosel, MD, FAAD",greaternedermatology.com,,,yes,no_email,https://greaternedermatology.com,medspa,,0
Hand & Stone Massage and Facial Spa,handandstone.com,,,,no_email,https://handandstone.com,medspa,,0
Harmony Aesthetics Center of Colorado Springs,harmonyaestheticscenter.com,,,yes,no_email,https://harmonyaestheticscenter.com,medspa,GLP-1 weight loss peptides,3
IV Vitamin Therapy,harmonymedicalspa.com,,,,no_email,,vendor,,0
David Yew MD: Botox Filler Specialists,hawaiibotox.com,,,yes,no_email,https://hawaiibotox.com,medspa,"semaglutide, tirzepatide, bpc-157, tb-500, thymosin beta-4, nad+",21
Perspective Health,hbotforsale.com,,,,no_email,https://hbotforsale.com,vendor,,0
"Healix Health: IV Hydration Therapy in Youngsville, NC",healixhealthclinics.com,,,,no_email,,vendor,,0
Level Up Wellness,healthylivingll.com,,,,unreachable,,,,
Healthy Renewal Spa,healthyrenewalspa.com,,,,unreachable,,,,
Heavenly Beauty Spa,heavenlybeautyspawinooski.com,kristintantrulongan@yahoo.com,kristintantrulongan@yahoo.com,yes,no_peptides,https://heavenlybeautyspawinooski.com,vendor,,0
Heavenly Spa Aesthetic Center,heavenlymedcenter.com,,,,no_email,https://heavenlymedcenter.com,vendor,,0
Hehr Aesthetics,hehraesthetics.com,,,yes,no_email,https://hehraesthetics.com,medspa,,0
HELLOMED Urgent Care,hello-med.com,jwhs@hello-med.com,jwhs@hello-med.com,yes,no_peptides,https://hello-med.com,medspa,,0
Her Med Spa,her-medspa.com,,,yes,no_email,https://her-medspa.com,medspa,,0
The Hidden Spa,hiddenspalyman.com,,,yes,no_email,https://hiddenspalyman.com,medspa,,0
Hive Recovery Collective,hiverecovery.com,,,,no_email,https://hiverecovery.com,vendor,,0
Hoda Aesthetics,hoda-aesthetics.com,,,,unreachable,,,,
Holden Timeless Beauty San Diego,holdentimelessbeauty.com,,,yes,no_email,https://holdentimelessbeauty.com,medspa,,0
Honolulu Spa And Wellness,honoluluspaandwellness.com,aloha@honoluluspaandwellness.com,aloha@honoluluspaandwellness.com,yes,no_peptides,https://honoluluspaandwellness.com,medspa,,0
Horizon Med Spa and Wellness,horizonmedspaandwellness.com,info@horizonmedspaandwellness.com,info@horizonmedspaandwellness.com,,no_peptides,https://horizonmedspaandwellness.com/contact,medspa,,0
Union St Hydration Bar,hqrsu.myaestheticrecord.com,,,,no_email,https://hqrsu.myaestheticrecord.com,vendor,,0
The Infusion Spa,hstwy.myaestheticrecord.com,,,,no_email,https://hstwy.myaestheticrecord.com,vendor,,0
"Human Longevity, Inc.",humanlongevity.com,clientservices@humanlongevity.com,clientservices@humanlongevity.com,yes,no_peptides,https://humanlongevity.com,medspa,,0
Humble Hydration & Wellness,humblehydration.com,,,yes,no_email,https://humblehydration.com,medspa,"bpc-157, tb-500, sermorelin, mots-c, ghk-cu, aod-9604",8
Hunnicomb of Wellness & Beauty,hunnicombwellnessofbeauty.org,,,,unreachable,,,,
The DRIPBaR Huntington Beach,huntington-beach.thedripbar.com,,,,no_email,,vendor,,0
Hydralive Therapy Tampa,hydralivetherapy.com,,,yes,no_email,https://hydralivetherapy.com,medspa,"nad+, ipamorelin, sermorelin, tesamorelin, mots-c, ghk-cu",13
HydraMed Mobile IV Therapy,hydramed.com,,,,no_email,,vendor,,0
Hydrate Medical,hydratemedical.com,,,,no_email,,vendor,,0
Hydrate Me Medspa,hydratememedspa.com,,,yes,no_email,https://hydratememedspa.com,medspa,"semaglutide, tirzepatide, nad+, glutathione",12
Hydrology Wellness,hydrologywellness.com,,,yes,no_email,,vendor,kpv,2
vitamin injections injectable vitamins iv therapy Troy,i.vimeocdn.com,,,,no_email,,vendor,,0
IB Drippin Mobile IV,ibdrippinmobileivhydration.now.site,support@now.site,support@now.site,,no_peptides,https://ibdrippinmobileivhydration.now.site,vendor,,0
I Care Wellness,icare-wellness.com,,,yes,no_email,https://icare-wellness.com,medspa,glutathione,3
Icebox Cryotherapy Columbia,iceboxtherapy.com,,,,no_email,https://iceboxtherapy.com,vendor,GLP-1 weight loss peptides,3
Iconic Aesthetics Nebraska,iconicaestheticsnebraska.com,iconicaestheticsnebraska@gmail.com,iconicaestheticsnebraska@gmail.com,yes,already known,https://iconicaestheticsnebraska.com,medspa,"semaglutide, tirzepatide",5
The Spa At Atrium,icryo.com,,,yes,no_email,https://icryo.com,medspa,nad+,6
"Alpine Wellness Clinic, PLLC",idahoregenerativemedicine.com,,,yes,no_email,https://idahoregenerativemedicine.com,medspa,,4
IV Therapy,idahoregenmed.intakeq.com,,,,no_email,https://idahoregenmed.intakeq.com,medspa,,0
Ideal Image Tulsa,idealimage.com,,,,no_email,https://idealimage.com,vendor,,0
Ihloff Salon & Day Spa,ihloffspa.com,,,yes,no_email,https://ihloffspa.com,medspa,,0
NuVital Infusion & Wellness,ik.imagekit.io,,,,unreachable,,,,
Imagine Medispa,imaginemedispas.com,,,,no_email,,vendor,,0
Southern Minnesota IV Bar LLC,img1.wsimg.com,,,,unreachable,,,,
"Integrated Medicine Institute, Inc.",imiclinics.com,,,yes,no_email,https://imiclinics.com,medspa,,0
Indulge Spa,indulgespa.net,spacoordinator@indulgespa.net,spacoordinator@indulgespa.net,yes,no_peptides,https://indulgespa.net,vendor,,0
DermaTouch RN,infinite-transformation.com,info@infinite-transformation.com,info@infinite-transformation.com,yes,no_peptides,https://infinite-transformation.com,vendor,,0
Urban Aesthetics,infiniteaesthetics.com,info@infiniteaesthetics.com,info@infiniteaesthetics.com,yes,no_peptides,https://infiniteaesthetics.com,medspa,,0
Infinity Crystal Shop,infinityenergyspa.com,relax@infinityenergyspa.com,relax@infinityenergyspa.com,yes,no_peptides,https://infinityenergyspa.com,medspa,,0
Infinity Health & Wellness,infinitytucson.com,,,yes,no_email,https://infinitytucson.com,vendor,,1
Infusion Skincare,infusionindy.skincaretherapy.net,,,yes,no_email,https://infusionindy.skincaretherapy.net,medspa,,0
Life Innergistics LLC,innerlifecincinnati.com,,,,no_email,,vendor,,0
Float Seattle (Bellevue),innervitalitybellevue.com,,,,no_email,,vendor,,0
Innovative Vitality,innovative-vitality.com,,,yes,no_email,https://innovative-vitality.com,medspa,"semaglutide, liraglutide, exenatide, bpc-157, tb-500, nad+",29
Atomic MindWorks,intakeq.com,,,,no_email,https://intakeq.com,medspa,,0
Advanced TRT Clinic,integrative-med.org,,,,no_email,,vendor,,0
"Infusion Center in Enid, Oklahoma",integrishealth.org,,,,unreachable,,,,
Intramed Plus Infusion & Medical Center,intramedplus.com,,,yes,no_email,https://intramedplus.com/contact,medspa,,0
Irene's Spa & Wellness,irenesspaandwellness.com,irene.popa77@gmail.com,irene.popa77@gmail.com,yes,no_peptides,https://irenesspaandwellness.com,medspa,,0
"OrganicFLow Offers IV Hydration in Atlanta, GA 30350",ivhydrationatlanta.com,,,,unreachable,,,,
Iv Hydration Chicago,ivleaguehydrates.com,info@ivleaguehydrates.com,ivleague.hydrationandwellness@gmail.com; info@ivleaguehydrates.com,yes,no_peptides,https://ivleaguehydrates.com,vendor,,0
IV ME UP,ivmeup.com,,,,no_email,https://ivmeup.com,medspa,,1
IV Minnesota,ivminnesota.com,,,,no_email,,vendor,,0
IV Therapy Center,ivtherapycenter.com,,,yes,no_email,https://ivtherapycenter.com,medspa,"nad+, glutathione",6
IV Wellness Center,ivwellnesscenter.com,info@ivwellnesscenter.com,info@ivwellnesscenter.com,yes,no_peptides,https://ivwellnesscenter.com,vendor,,0
IVX Health Infusion Center,ivxhealth.com,,,,unreachable,,,,
IVY IV Aesthetics,ivyivaesthetics.com,,,yes,no_email,https://ivyivaesthetics.com,medspa,,0
Schedule Visit,jacksonvilleivtherapy.com,,,yes,no_email,https://jacksonvilleivtherapy.com,medspa,"nad+, glutathione",4
Flawless Beauty,jadapoisson.glossgenius.com,,,,no_email,https://jadapoisson.glossgenius.com,medspa,GLP-1 weight loss peptides,2
J’ADE FACE AND BODY,jadefacebody.com,,,,no_email,https://jadefacebody.com,medspa,,0
JAG Medical Spa,jagmedicalspa.com,,,yes,no_email,https://jagmedicalspa.com,medspa,GLP-1 weight loss peptides,4
Jeffrey Miller LMT,jeffreymillerlmt.com,,,yes,no_email,https://jeffreymillerlmt.com,vendor,,0
Jen Medical Aesthetics,jenmedicalaesthetics.com,jen@jenmedicalaesthetics.com,jen@jenmedicalaesthetics.com,yes,no_peptides,https://jenmedicalaesthetics.com,medspa,,0
Revive Functional Nutrition,jlqtx.myaestheticrecord.com,,,,no_email,https://jlqtx.myaestheticrecord.com,medspa,,0
JUVIA SPA + WELLNESS,juviaspawellness.com,yk@juviaspawellness.com,yk@juviaspawellness.com,yes,no_peptides,https://juviaspawellness.com,vendor,,0
Juvly Aesthetics,juvly.com,info@juvly.com,info@juvly.com,yes,already known,https://juvly.com,medspa,"semaglutide, tirzepatide, nad+",4
K3 Neuroscience Optimized Wellness,k3nowwellness.com,,,yes,no_email,https://k3nowwellness.com,medspa,"sermorelin, ghrp-2, ghrp-6",7
DottieRx Aesthetics,kai-medspa.com,,,,no_email,,vendor,,0
Infusion Center,kanehallbarry.com,,,yes,no_email,https://kanehallbarry.com,medspa,,0
Hydrafacial and Chemical Peels by Kapri Skin,kapriskinbar.com,kapriskin2020@gmail.com,kapriskin2020@gmail.com,yes,no_peptides,https://kapriskinbar.com,medspa,,0
KDR MedSpa + Wellness,kathrynrussoaesthetics.com,kathrynrussoma@gmail.com,kathrynrussoma@gmail.com,,no_us_signal,https://kathrynrussoaesthetics.com,medspa,,4
Katie Cote Spa,katiecotespa.com,,,,unreachable,,,,
Tox & D-Tox Medical Aesthetics,kbahr.co,kristine@kbahr.co,kristine@kbahr.co,yes,no_peptides,https://kbahr.co,vendor,,0
Kelly Gorsuch Skin Care,kellygorsuch.com,kellygorsuch2@gmail.com,kellygorsuch2@gmail.com,yes,no_peptides,https://kellygorsuch.com,vendor,,0
Kelly's Laser Aesthetics,kellyslaseraesthetics.com,,,yes,no_email,https://kellyslaseraesthetics.com,medspa,,0
Ketamine Colorado Springs,ketaminecosprings.com,,,yes,no_email,https://ketaminecosprings.com,medspa,,0
KMC Dermatology & MedSpa Kansas City,kmcpa.com,,,,no_email,https://kmcpa.com,medspa,,0
Kollagen,kollagenmedspa.com,,,yes,no_email,https://kollagenmedspa.com,medspa,,0
Westside Aesthetics Med Spa,komalaestheticsandwellness.com,,,,no_email,,vendor,,0
Welcome to DRIPBaR Kailua-Kona,kona.dripbarmobile.com,,,,unreachable,,,,
KOPRIVA skin studio,koprivaskinstudio.com,alexisflanegan@outlook.com,alexisflanegan@outlook.com,yes,no_peptides,https://koprivaskinstudio.com,medspa,,0
KOSA Wellness Spa & Retreat,kosaspa.com,connect@kosaspa.com,connect@kosaspa.com,yes,no_peptides,https://kosaspa.com,medspa,,0
LaBella Aesthetic Med Spa,labellamedspa.com,,,,unreachable,,,,
La Clinica Natural,laclinicanatural.com,,,yes,no_email,https://laclinicanatural.com,medspa,"nad+, glutathione",5
Like A Lotus Hair Rehab LLC,lalhairrehab.com,lalhairrehab@gmail.com,lalhairrehab@gmail.com,yes,no_peptides,https://lalhairrehab.com,medspa,,0
Lapis & Oak Spa and Salt Lounge,lapisandoak.com,info@lapisandoak.com,hello@lapisandoak.com; concierge@lapisandoak.com; manager@lapisandoak.com; info@lapisandoak.com,yes,no_peptides,https://lapisandoak.com,vendor,,0
Youthful Theory,larimarmed.com,,,,no_email,https://larimarmed.com,vendor,,0
Laser Clear Skin MedSpa,laserclearskin.com,,,,no_email,,vendor,,0
"MH Medical Aesthetics, LLC",laserdermmedispa.com,,,,unreachable,,,,
Laser Smooth Company,lasersmoothcompany.com,,,yes,no_email,https://lasersmoothcompany.com,vendor,,0
Lasting Beauty Medi Spa,lastingbeautyne.com,,,,no_email,,vendor,,0
La Vida Sana MD,lavidasanamd.com,,,yes,no_email,https://lavidasanamd.com,medspa,semaglutide,2
Lavish Brows & Beauty LLC,lavishbrowsandbeauty.com,,,,no_email,https://lavishbrowsandbeauty.com,medspa,,0
Lavish Laser Med Spa,lavishlasermedspa.com,,,,no_email,,vendor,,0
"Vitamin IV Infusion Dartmouth, MA",le-cdn.hibuwebsites.com,,,,unreachable,,,,
iHealth Medical Weight Loss & Aesthetics,le-cdn.website-editor.net,,,,unreachable,,,,
Le Skin Med Spa,leskinmedspa.com,,,,no_email,https://leskinmedspa.com,vendor,,0
L'Evate 360 Hydration & Wellness,levate360hydration.com,,,,unreachable,,,,
Lex Facial Bar & Spa,lexfacialbar.com,info@lexfacialbar.com,info@lexfacialbar.com,yes,no_peptides,https://lexfacialbar.com,vendor,,0
Myers Cocktail IV Therapy Clinic,lifelineprimarycare.com,,,yes,no_email,https://lifelineprimarycare.com,medspa,,3
Prime IV Hydration & Wellness,liftbotoxbar.com,,,yes,no_email,https://liftbotoxbar.com,medspa,GLP-1 weight loss peptides,7
Lifted Beauty & Wellness,liftedbeautyandwellness.com,,,yes,no_email,https://liftedbeautyandwellness.com,medspa,glutathione,3
Liquid Mobile IV: Frisco Clinic & Mobile (We Come to You),liquidmobileiv.com,,,yes,no_email,https://liquidmobileiv.com/contact,medspa,"bpc-157, tb-500, thymosin beta-4, nad+, sermorelin, ghk-cu",11
Live Love Day Spa,livelovedayspa.com,info@livelovedayspa.com,info@livelovedayspa.com,,no_peptides,https://livelovedayspa.com,vendor,,0
Livly Wellness,livlywellness.com,,,,no_email,https://livlywellness.com,medspa,GLP-1 weight loss peptides,2
Love Aesthetics,lizlovesaesthetics.com,lfirestone@lizlovesaesthetics.com,lfirestone@lizlovesaesthetics.com,yes,no_peptides,https://lizlovesaesthetics.com,medspa,,0
"Prime IV Hydration Wellness Edgewater in Edgewater, MD",local.us-info.com,,,,unreachable,,,,
Massage Envy,locations.massageenvy.com,,,,no_email,https://locations.massageenvy.com,medspa,,0
PÜR Life Medical,locations.purlifemedical.com,,,,no_email,,vendor,,0
European Wax Center,locations.waxcenter.com,,,,no_email,https://locations.waxcenter.com,vendor,,0
NuWave Medical,long-island.thedripbar.com,,,,no_email,,vendor,,0
The Derm Lounge Med Spa,lookhawthorne.com,,,yes,no_email,https://lookhawthorne.com,vendor,,0
Look Lab Med Spa,looklab.com,,,yes,no_email,https://looklab.com,medspa,semaglutide,1
LOOK Med Spas,lookmission.com,,,,no_email,https://lookmission.com,medspa,GLP-1 weight loss peptides,2
Lotus Day Spa,lotusdayspafw.com,,,yes,no_email,https://lotusdayspafw.com,vendor,,0
Lotus Day Spa,lotusdayspava.com,,,,no_email,https://lotusdayspava.com,vendor,,0
Lotus Spa,lotusspaatthehyatt.com,,,yes,no_email,https://lotusspaatthehyatt.com,medspa,,0
Spruce MD Integrative Medicine,lowcountrymale.com,,,yes,no_email,https://lowcountrymale.com,medspa,"semaglutide, tirzepatide, nad+, sermorelin",15
Low T Center,lowtcenter.com,,,yes,no_email,https://lowtcenter.com,medspa,"semaglutide, tirzepatide, nad+, sermorelin, pt-141",15
Advanced/Premier Age Management,lowtohio.com,,,yes,no_email,https://lowtohio.com,medspa,GLP-1 weight loss peptides,7
LUCKY SPA,luckyspanj.wix.com,,,,unreachable,,,,
Lūm Aesthetics,lumaestheticsspa.com,,,,unreachable,,,,
Lumberton Medspa,lumbertonmedspa.com,,,,no_email,https://lumbertonmedspa.com,medspa,,1
Blue Ridge Medical Spa,lunasoleilmedspa.com,,,,unreachable,,,,
IV Hydration Therapy in At Lush Med Spa Tuscaloosa in AL,lushmedspatuscaloosa.com,,,yes,no_email,https://lushmedspatuscaloosa.com,medspa,"nad+, glutathione",6
Luxe Lounge Medspa,luxeloungemedspa.com,,,yes,no_email,https://luxeloungemedspa.com,medspa,,0
Luxe. Salon & Medspa,luxespokane.com,,,yes,no_email,https://luxespokane.com,medspa,GLP-1 weight loss peptides,5
Hormones and Health Wellness,luxtelemedicineandconcierge.com,,,yes,no_email,https://luxtelemedicineandconcierge.com,vendor,,1
Midwest Center for Dermatology & Cosmetic Surgery,macombmedicalwellness.com,,,yes,no_email,https://macombmedicalwellness.com,vendor,"glutathione, semaglutide",5
MaddMethods Skin & Body Day Spa,maddmethodsskinandbody.com,,,,no_email,https://maddmethodsskinandbody.com,vendor,,0
Madsen Massage Therapy LLC,madsenmassagetherapy.com,,,yes,no_email,https://madsenmassagetherapy.com,medspa,,0
Maine Laser Skin Care & Medi Spa,mainelaserskincare.com,,,yes,no_email,https://mainelaserskincare.com,medspa,GLP-1 weight loss peptides,3
Elite Medical Spa,mandyharrisaesthetics.com,,,,unreachable,,,,
Mango Aesthetics Co.,mangoaestheticsco.com,mangoaestheticsco@gmail.com,mangoaestheticsco@gmail.com,yes,no_peptides,https://mangoaestheticsco.com,medspa,,0
MarElyse MediSpa,marelyse.com,,,,unreachable,,,,
Mariposa Oasis Studio,mariposaoasisstudio.com,,,,no_email,https://mariposaoasisstudio.com,vendor,,0
Seraphina Spa at the JW Marriott Grand Rapids,marriott.com,,,,unreachable,,,,
"IV Infusion Therapy I Dr. Maryam Emami I Prescott, AZ",maryamemami.info,,,yes,no_email,https://maryamemami.info,medspa,GLP-1 weight loss peptides,3
Massage 101,massage101.abmp.com,,,,no_email,https://massage101.abmp.com,vendor,,0
Lucky Health Spa,massajoy.com,,,,no_email,https://massajoy.com,vendor,,0
Mateos Salon & Spa,mateosdayspa.com,,,,unreachable,,,,
Maya Medi-Spa,mayamedispa.com,,,yes,no_email,https://mayamedispa.com,medspa,,0
MDAESTHETICS,mdaestheticstulsa.com,,,yes,no_email,https://mdaestheticstulsa.com,medspa,,1
MD Boutiques Aesthetics,mdboutiques.com,,,,unreachable,,,,
Vitamin Therapy Columbia MD,mdoptimalhealthllc.com,,,yes,no_email,https://mdoptimalhealthllc.com,medspa,"semaglutide, tirzepatide",10
Md Rejuvenate,mdrejuvenateidaho.com,mdrejuvenateidaho@gmail.com,mdrejuvenateidaho@gmail.com,yes,already known,https://mdrejuvenateidaho.com,medspa,glutathione,5
ME SPA,me-spas.com,sara@me-spas.com,sara@me-spas.com; naperville@me-spas.com; pembrokepines@me-spas.com; santarosa@me-spas.com; simivalley@me-spas.com; membership@me-spas.com; guestservices@me-spas.com,,no_peptides,https://me-spas.com,medspa,,0
Medical Transformation Center,medicaltransformationcenter.com,,,yes,no_email,https://medicaltransformationcenter.com,medspa,"semaglutide, tirzepatide, ipamorelin, ghk-cu",6
Mediterra Medical,mediterramedical.com,,,,unreachable,,,,
Colorado MediSpa,medspa.albertvein.com,,,,no_email,,vendor,,0
"iCRYO, Bluffton",medspa.com,,,,unreachable,,,,
Spa Botanica,medspaalbuquerque.com,,,yes,no_email,https://medspaalbuquerque.com,medspa,"semaglutide, tirzepatide",4
Seduction Med Spa,medspaseduction.com,,,yes,no_email,https://medspaseduction.com,medspa,,0
MedStar Health: Infusion Center at MedStar Washington Hospital Center,medstarhealth.org,,,yes,no_email,https://medstarhealth.org,medspa,,0
Medical Spa Buena Park: 17MedSpa,megawellnessclinic.com,megawellnessclinic@gmail.com,megawellnessclinic@gmail.com; megawellnessclinicbp@gmail.com; megawellnessdb@gmail.com; mwckoreatown@gmail.com,yes,already known,https://megawellnessclinic.com,medspa,"tirzepatide, bpc-157, nad+, glutathione",7
Melanite Laser Suite,melanitelaser.glossgenius.com,,,,no_email,https://melanitelaser.glossgenius.com,medspa,GLP-1 weight loss peptides,2
Melody Sopa Artistry,melodysopaartistry.com,,,,no_email,https://melodysopaartistry.com,medspa,,0
Naturopathy NJ,merchantvillemedicalwellnesscenter.com,,,,unreachable,,,,
Mermade Spa,mermadespa.com,iris.mermade@gmail.com,iris.mermade@gmail.com,yes,no_peptides,https://mermadespa.com,medspa,,0
Renew Vitality Testosterone Clinic,metaglow.com,,,,unreachable,,,,
Quintessential Care Health & Wellness,metropolitanoasismedicalaesthetic.net,,,,unreachable,,,,
Milan Nail Studio,mg-esthetics-100465.square.site,,,,no_email,,vendor,,0
Michelka Beauty Lounge,michelkabeautylounge.glossgenius.com,,,,no_email,https://michelkabeautylounge.glossgenius.com,medspa,GLP-1 weight loss peptides,2
"Milori Esthetics,LLC",miloriesthetics.com,,,,unreachable,,,,
Mind & Body Medical Spa,mindandbodyaestheticcenter.com,,,yes,no_email,https://mindandbodyaestheticcenter.com,medspa,semaglutide,3
Mind & Body Renew Medical Spa,mindandbodyrenew.com,charisse@mindandbodyrenew.com,charisse@mindandbodyrenew.com,,no_peptides,https://mindandbodyrenew.com,medspa,,0
Mind & Body Wellness Center,mindbodywellnessomaha.com,,,yes,no_email,https://mindbodywellnessomaha.com,vendor,,0
Mx Spa,miningexchangehotel.com,frontdesk@miningexchangehotel.com,frontdesk@miningexchangehotel.com,yes,no_peptides,https://miningexchangehotel.com,vendor,,0
Minnesota IV Nurses,minnesotamobileivnurses.com,,,yes,no_email,https://minnesotamobileivnurses.com,medspa,,1
The IV Station,mintfacialbar.com,,,,no_email,https://mintfacialbar.com,medspa,GLP-1 weight loss peptides,3
Lush Health,mlppma1dcywa.i.optimole.com,,,,no_email,,vendor,,0
MỘC HEAD SPA,mocheadspa.com,,,yes,no_email,https://mocheadspa.com,medspa,,0
Monet's Spa,monetsspa.com,,,,no_email,https://monetsspa.com,vendor,,0
PrimeIV Montgomery,montgomeryiv.com,,,yes,no_email,https://montgomeryiv.com,medspa,"nad+, glutathione",4
Montilla Plastic Surgery,montillaplasticsurgery.com,info@montillaplasticsurgery.com,info@montillaplasticsurgery.com,yes,no_peptides,https://montillaplasticsurgery.com,medspa,,0
MOOV Health & Wellness,moov.health,,,,no_email,https://moov.health,medspa,"bpc-157, tb-500, thymosin alpha-1, nad+, ipamorelin, sermorelin",22
Mosaic wellness boutique,mosaic-massage.com,,,,unreachable,,,,
IV Therapy Alpharetta,mybodyworkswell.com,,,yes,no_email,https://mybodyworkswell.com,medspa,"semaglutide, tirzepatide, nad+",7
Chapter Aesthetic Studio,mychapter.com,,,yes,no_email,https://mychapter.com,medspa,,0
Pure Infrared Sauna Studio,myhothaven.com,support@myhothaven.com,sweat@myhothaven.com; support@myhothaven.com; jenica@myhothaven.com; sean@myhothaven.com,yes,no_peptides,https://myhothaven.com,vendor,,0
N2U Med Spa,n2umedspa.com,n2umedicalspa@gmail.com,n2umedicalspa@gmail.com,yes,no_peptides,https://n2umedspa.com,medspa,,0
Wellness on Wheels,na02.patientnow.com,,,,no_email,https://na02.patientnow.com,medspa,,0
Naomi's Day Spa Services,naomisdayspa.com,naomi60563@gmail.com,naomi60563@gmail.com,yes,no_peptides,https://naomisdayspa.com,medspa,,0
Nashville Health Pro,nashvillehealthpro.com,nashvillehealthpro@gmail.com,nashvillehealthpro@gmail.com,yes,already known,https://nashvillehealthpro.com,medspa,"semaglutide, tirzepatide, liraglutide, nad+, glutathione",16
Sherman Aesthetic Center,nashvillelidsurgery.com,,,yes,no_email,https://nashvillelidsurgery.com,medspa,,0
Nationwide Children's Hospital,nationwidechildrens.org,globalpatientservices@nationwidechildrens.org,globalpatientservices@nationwidechildrens.org; nadeem.khan@nationwidechildrens.org; aarti.chandawarkar@nationwidechildrens.org; hillary.donkin@nationwidechildrens.org; ashley.henney@nationwidechildrens.org; amy.koruna@nationwidechildrens.org; meghan.keller@nationwidechildrens.org; mohammed.jabari@nationwidechildrens.org,yes,no_peptides,https://nationwidechildrens.org,medspa,,0
Natural Drip IV Therapy and Injections,naturaldripiv.com,naturaldripiv@gmail.com,naturaldripiv@gmail.com,yes,already known,https://naturaldripiv.com,medspa,"nad+, glutathione",4
"IV Therapy Portsmouth, NH",near me|awplasticsurgery.com,,,,unreachable,,,,
Nenergy Boost,nenergyboost.com,,,yes,no_email,https://nenergyboost.com,medspa,"nad+, glutathione",6
Neos Aesthetic Academy,neosaestheticacademy.com,,,,no_email,https://neosaestheticacademy.com,medspa,,0
Neuvitality Buford,neuvitality.com,,,yes,no_email,https://neuvitality.com,medspa,"semaglutide, tirzepatide",10
New England Medical Group,newenglandmedgroup.com,,,,unreachable,,,,
Green Spa,newgreenasianspa.com,,,,unreachable,,,,
Morris County NJ Customized IV Vitamin Therapy,newjerseyfunctionalmed.com,,,yes,no_email,https://newjerseyfunctionalmed.com,medspa,"semaglutide, tirzepatide, ipamorelin, sermorelin",9
Hydration Therapy Clinic in North Bergen NJ,nexgenortho.com,,,yes,no_email,https://nexgenortho.com,medspa,,0
Infinite MedSpa & Wellness,nharmonywellness.com,,,,unreachable,,,,
Nkdskin Aesthetics,nkdskin.com,,,,unreachable,,,,
Northwood Health Systems Inc,northwoodhealth.com,,,,unreachable,,,,
NRI Integrative Health & Aesthetics,nriclinic4health.com,,,,no_email,https://nriclinic4health.com,vendor,,0
Nurse Katie Aesthetics Co.,nurse-katie-aesthetics-co.square.site,,,,no_email,,vendor,,0
Bella Dea Medspa,nursechristine.net,,,yes,no_email,https://nursechristine.net,medspa,"semaglutide, tirzepatide, nad+, sermorelin, glutathione",7
Nursify Aesthetics & Wellness Med Spa,nursifyaesthetics.com,nursifyaesthetics@gmail.com,nursifyaesthetics@gmail.com,yes,already known,https://nursifyaesthetics.com,medspa,"nad+, glutathione",3
"Laser Beauty & Skin Care, Inc",nwalaserbeauty.com,,,yes,no_email,https://nwalaserbeauty.com,medspa,,0
Ola Tropical Apothecary & Spa,olaspahilo.com,,,yes,no_email,https://olaspahilo.com,vendor,,0
Onus IV Therapy + Longevity: Denver Tech Center,onusiv.com,,,,no_email,https://onusiv.com,medspa,"nad+, sermorelin, ghk-cu, glutathione",13
The Skyn Bar,optimizeucenters.com,,,,no_email,https://optimizeucenters.com,medspa,"semaglutide, tirzepatide, liraglutide, sermorelin, tesamorelin, pt-141",18
Mobile IV of the Treasure Coast,optimumwh.com,,,,no_email,https://optimumwh.com,vendor,,0
Self-Centered Detox & Rejuvenation Spa,optimyze.me,,,,no_email,,vendor,,0
Opulent House of Aesthetics,opulenthousebr.com,info@opulenthousebr.com,jonesinkdesigns@gmail.com; info@opulenthousebr.com,yes,no_peptides,https://opulenthousebr.com,medspa,,0
Origins Massage & Wellness,originsvt.com,deanna@originsvt.com,deanna@originsvt.com,yes,no_peptides,https://originsvt.com,vendor,,0
Kathleen Hesterman,osteostronghsv.com,getstrong@osteostronghsv.com,osteostronghsv@gmail.com; getstrong@osteostronghsv.com,yes,no_peptides,https://osteostronghsv.com,vendor,,0
Ember Medical Services,p3life.com,,,yes,no_email,https://p3life.com,medspa,"semaglutide, retatrutide, bpc-157, tb-500, nad+, ipamorelin",21
Pala'Zio Salon And Day Spa,palaziosalonandspa.com,,,yes,no_email,https://palaziosalonandspa.com,vendor,,0
Infusion Therapy,paradigmhealth.net,,,,no_email,,vendor,,0
Parkway Spa,parkway-spa.com,info@parkway-spa.com,info@parkway-spa.com,yes,no_peptides,https://parkway-spa.com,medspa,,0
"IV Therapy in St. George, Utah",patientportal.advancedmd.com,,,,no_email,https://patientportal.advancedmd.com,vendor,,0
Peaceful serenity hydration & wellness,peacefulserenityhw.com,,,yes,no_email,https://peacefulserenityhw.com,medspa,nad+,1
Peaks Beauty Concierge,peaksbeautyconcierge.com,,,,unreachable,,,,
PEAKTOX,peaktox.com,,,,no_email,https://peaktox.com,medspa,,0
Pearl Medical Aesthetics,pearlboise.com,info@pearlboise.com,info@pearlboise.com,,no_peptides,https://pearlboise.com,medspa,,0
Performance Hydration,performancehydrationsrq.com,,,,no_email,https://performancehydrationsrq.com,medspa,"tirzepatide, nad+",5
Permanent Makeup & Aesthetics in Maine,permanentmakeupinmaine.com,,,,no_email,,vendor,,0
Perspire Sauna Studio,perspiresaunastudio.com,,,,no_email,https://perspiresaunastudio.com,medspa,,0
Stem Cell Cryobank Inc,pharmxhealthone.com,,,yes,no_email,https://pharmxhealthone.com,medspa,"semaglutide, tirzepatide, nad+",7
Physicians Med Spa,physiciansmedspa.com,,,yes,no_email,https://physiciansmedspa.com,medspa,,0
Pico纽约,picoclinics.com,london@picoclinics.com,london@picoclinics.com; milan@picoclinics.com; losangeles@picoclinics.com; newyork@picoclinics.com; vancouver@picoclinics.com,yes,no_peptides,https://picoclinics.com,medspa,,0
IV Drip Therapy,plantstreetacupuncture.com,,,yes,no_email,https://plantstreetacupuncture.com,medspa,,2
Dr G Med Spa,plasticsurgeryelpaso.net,,,yes,no_email,https://plasticsurgeryelpaso.net,medspa,,0
"Top Rated IV Therapy Providers in Bloomington, IN",portraitcare.com,,,,no_email,https://portraitcare.com,medspa,GLP-1 weight loss peptides,4
Reform ABQ,practice.kareo.com,,,,unreachable,,,,
Premier Aesthetics,premieraestheticsia.com,schedule@premieraestheticsia.com,schedule@premieraestheticsia.com,yes,no_peptides,https://premieraestheticsia.com,medspa,,0
Red Dragon Acupressure,premiumoutlets.com,,,,unreachable,,,,
Balm Bodi,prestigemdspa.com,,,,no_email,,vendor,,0
Primary Hydration and Wellness,primaryhydration.com,,,yes,no_email,https://primaryhydration.com,medspa,"semaglutide, tirzepatide, glutathione",5
Prime Health and Wellness,primehw.com,support@primehw.com,support@primehw.com,,no_us_signal,https://primehw.com,medspa,GLP-1 weight loss peptides,3
Mobile IV LP,primeivstg.com,,,yes,no_email,https://primeivstg.com,medspa,"bpc-157, nad+, pt-141, ghk-cu, glutathione",8
Self Body and Wellness,primemedicalspa.com,,,,no_email,,vendor,,0
"Prism Aesthetics, LLC",prismaestheticsllc.com,,,yes,no_email,https://prismaestheticsllc.com,medspa,,3
PureBeautyNP Aesthetics,purebeautynpaesthetics.com,purebeautynp@gmail.com,purebeautynp@gmail.com,yes,already known,https://purebeautynpaesthetics.com,medspa,GLP-1 weight loss peptides,7
IV Therapy,purelafayette.com,,,,no_email,,vendor,,0
QC Kinetix (Naperville),qckinetix.com,,,yes,no_email,https://qckinetix.com,medspa,,1
IV Therapy Clinic Near Me in Riverview FL,qualityurgentcare-riverview.com,,,yes,no_email,https://qualityurgentcare-riverview.com,medspa,,0
Quantum Wellness Med Spa Scottsdale,quantumwellnessmedical.com,,,yes,no_email,https://quantumwellnessmedical.com,medspa,,0
Radiance Wellness,radiance-well.com,hello@radiance-well.com,hello@radiance-well.com,yes,no_peptides,https://radiance-well.com,medspa,,0
Radiance Skin Therapy & Laser Center,radianceskintherapy.com,,,yes,no_email,https://radianceskintherapy.com,medspa,,1
Revive West,radiantwellnesscny.com,zoryana@radiantwellnesscny.com,zoryana@radiantwellnesscny.com,yes,no_peptides,https://radiantwellnesscny.com,medspa,,0
Radiate Light Mobile IV Hydration- Lincoln NE,radiatelightnebraska.com,radiatelightivhydration@gmail.com,radiatelightivhydration@gmail.com,yes,already known,https://radiatelightnebraska.com,medspa,GLP-1 weight loss peptides,7
Rainfall Medicine,rainfallmedicine.com,,,,no_email,,vendor,,0
Rain Wellness Spa,rainwellnessspa.com,,,yes,no_email,https://rainwellnessspa.com,vendor,,0
The Lotus Spa of Aesthetics,raleigh.theaestheticsloungeandspa.com,,,yes,no_email,https://raleigh.theaestheticsloungeandspa.com,medspa,"semaglutide, tirzepatide, nad+",5
Raleigh Laser and Aesthetics Medspa,raleighlaseraesthetics.com,,,yes,no_email,https://raleighlaseraesthetics.com,medspa,,0
Om Day Spa,rapidrevivewellness.com,,,,no_email,,vendor,,0
Raw Esthetics Wellness Spa,rawesthetics.com,rawesthetics@gmail.com,rawesthetics@gmail.com,yes,no_peptides,https://rawesthetics.com,medspa,,0
"IV Therapy in Tempe, AZ",realresultsmedical.com,,,yes,no_email,https://realresultsmedical.com,medspa,GLP-1 weight loss peptides,7
Rebounce IV Health and Wellness,rebounceiv.com,,,,no_email,,vendor,,0
Recharge Lab,rechargelab.myaestheticrecord.com,,,,no_email,https://rechargelab.myaestheticrecord.com,vendor,,0
Recover Restore Revive,recover-restore-revive.com,,,yes,no_email,https://recover-restore-revive.com,medspa,"sermorelin, epithalon",11
IV Therapy Oakland,refineantiaging.com,,,yes,no_email,https://refineantiaging.com,medspa,nad+,6
CHI Memorial Integrative Medicine Associates,refinedwellness.net,,,,no_email,https://refinedwellness.net,vendor,,0
Serendipity Wellness & Aesthetics,refreshedaesthetic.com,,,,no_email,,vendor,,0
Refresh Your Spirit Aesthetics,refreshyourspiritaesthetics.com,,,,unreachable,,,,
RegenCen,regencen.com,,,yes,no_email,https://regencen.com,medspa,"semaglutide, tirzepatide, nad+",13
Regenerate Medical Concierge,regeneratemedicalconcierge.com,,,yes,no_email,https://regeneratemedicalconcierge.com,medspa,"semaglutide, nad+, glutathione, oxytocin",9
The Regenerative Wellness Clinic,regenerativehealthwellnesscenter.org,regenhealthwellness@gmail.com,regenhealthwellness@gmail.com,yes,already known,https://regenerativehealthwellnesscenter.org,medspa,nad+,4
Regi Aesthetics,regiaesthetics.com,contact@regiaesthetics.com,contact@regiaesthetics.com,yes,no_peptides,https://regiaesthetics.com,medspa,,0
Rejuvenate Rx,rejuvenate-rx.com,info@rejuvenate-rx.com,info@rejuvenate-rx.com,yes,no_peptides,https://rejuvenate-rx.com,medspa,,0
NYC Rejuvenation Clinic,rejuvenationny.com,,,,no_email,,vendor,,0
Rejuvinix Richmond,rejuvinix.com,,,yes,no_email,https://rejuvinix.com,medspa,,0
Renew Day Spa,renewdayspa.net,renewdayspa2@icloud.com,renewdayspa2@icloud.com; tongxiang7895@gmail.com,yes,no_peptides,https://renewdayspa.net,vendor,,0
Renew Hair Co.,renewhairsalonandspa.com,renewsalonandspa@yahoo.com,renewsalonandspa@yahoo.com,yes,no_peptides,https://renewhairsalonandspa.com,medspa,,0
Renew Wellness Medspa,renewwellnessmedspa.life,,,,no_email,https://renewwellnessmedspa.life,medspa,,0
"Premium IV Drip Therapy in Carmel, IN",renovaaesthetics.com,,,yes,no_email,https://renovaaesthetics.com,medspa,GLP-1 weight loss peptides,3
Re:nu 180 Medspa,renu180.com,info@renu180.com,info@renu180.com; appointments@renu180.com,yes,no_peptides,https://renu180.com,medspa,,0
ShoreMED,renuehealth.com,,,,no_email,https://renuehealth.com,vendor,,1
"Boost Wellness with IM & IV Therapy in Ames, IA",renuyouaestheticsandbotox.com,renuyouamesia@gmail.com,renuyouamesia@gmail.com,,no_peptides,https://renuyouaestheticsandbotox.com,medspa,,0
Replenish Aesthetics & Wellness,replenishyourlife.net,info@replenishyourlife.net,info@replenishyourlife.net,,no_peptides,https://replenishyourlife.net,medspa,,0
Rescue Hydration,rescueivhydration.com,,,yes,no_email,https://rescueivhydration.com,medspa,"semaglutide, tirzepatide, nad+",8
Rescue Spa,rescuespa.com,shop@rescuespa.com,shop@rescuespa.com,yes,no_peptides,https://rescuespa.com,medspa,,0
Mobile Services,reston.thedripbar.com,,,,no_email,,vendor,,0
Restoration Infusions Center,restorationinfusions.com,,,,no_email,https://restorationinfusions.com,vendor,,0
Restorative Massage Clinic,restorativemassageclinic.com,,,yes,no_email,https://restorativemassageclinic.com,vendor,,0
Restore Hyper Wellness,restore.com,,,yes,no_email,https://restore.com,medspa,"semaglutide, tirzepatide, nad+, glutathione",7
Retreat Mobile IV Hydration,retreatmobileiv.com,retreatmobileiv@gmail.com,retreatmobileiv@gmail.com,yes,already known,https://retreatmobileiv.com,medspa,"sermorelin, glutathione",6
Revive Health,reviivehealth.com,,,,unreachable,,,,
REVION Aesthetics,revionaesthetics.com,,,,no_email,,vendor,,0
Revitalize Wellness PB,revitalizewellnesspb.com,,,,unreachable,,,,
Revital Retreat,revitalretreat.com,,,yes,no_email,https://revitalretreat.com,medspa,"nad+, glutathione",4
Revive Wellness,revivewellnessmn.com,,,yes,no_email,https://revivewellnessmn.com,medspa,,0
REV IV & Wellness,revwellness.life,,,,no_email,https://revwellness.life,vendor,,0
"Rhij Aesthetics, LLC",rhijaesthetics.com,rhijaesthetics@gmail.com,rhijaesthetics@gmail.com,yes,no_peptides,https://rhijaesthetics.com,medspa,,0
RISE Skin Rejuvenation & Body Sculpting,riseskinbody.glossgenius.com,tami@riseskinbody.com,tami@riseskinbody.com,yes,no_peptides,https://riseskinbody.glossgenius.com,medspa,,0
Infusion Therapy in Kankakee County,riversidehealthcare.org,,,yes,no_email,https://riversidehealthcare.org,medspa,,0
Rivers Relaxation,riversrelaxation.com,,,,unreachable,,,,
Rod Cain Massage Therapy,rodcainmassage.com,,,yes,no_email,,vendor,,0
Rooted in Wellness Holistic Spa,rootedinwellnessskin.com,,,,unreachable,,,,
Rosewater Spa and Wellness,rosewaterspaandwellness.com,rosewaterspaandwellness@gmail.com,rosewaterspaandwellness@gmail.com,yes,no_peptides,https://rosewaterspaandwellness.com,medspa,,0
Routine Tanning Studio,routinemedspa.com,,,,unreachable,,,,
Royal Skin Esthetics LLC,royalskinesthetics.glossgenius.com,royalskinesthicsllc@gmail.com,royalskinesthicsllc@gmail.com,yes,no_peptides,https://royalskinesthetics.glossgenius.com,vendor,,0
Royalty Luxury Spa,royalty-luxury-spa.com,royaltyluxuryspa@gmail.com,royaltyluxuryspa@gmail.com,yes,no_peptides,,vendor,,0
R & R IV DRIP BAR,rrivdripbar.com,rrivdripbar@gmail.com,rrivdripbar@gmail.com,yes,already known,https://rrivdripbar.com,medspa,glutathione,3
"Spiked IV Infusions in Adel, IA",s.yimg.com,,,,unreachable,,,,
Sage Beauty and Wellness,sage-beauty-and-wellness.square.site,,,,no_email,https://sage-beauty-and-wellness.square.site,vendor,,0
Ambulatory Treatment Unit /Infusion Center,saintclares.com,,,,unreachable,,,,
Business Spotlight: Just The Drip IV Infusion Therapy,salemchamber.org,,,yes,no_email,https://salemchamber.org/about,vendor,,0
Salt & Detox Oasis,saltanddetoxoasis.com,relax@saltanddetoxoasis.com,relax@saltanddetoxoasis.com,yes,no_peptides,https://saltanddetoxoasis.com,vendor,,0
Sano Longevity,sanolongevity.com,,,yes,no_email,https://sanolongevity.com,medspa,"nad+, glutathione",7
Santé Med Spa,santembb.com,,,yes,no_email,https://santembb.com,medspa,oxytocin,10
Sarasota IV Doctors,sarasotaivdoctors.com,,,,unreachable,,,,
Mobile IV Therapy Service in Sarasota,sarasotamobileivtherapy.com,,,yes,no_email,https://sarasotamobileivtherapy.com,medspa,"nad+, glutathione",3
Prime IV Hydration & wellness,savyhealth.com,,,,unreachable,,,,
Scottsdale Sculpt,scottsdalesculpt.com,,,,unreachable,,,,
SDIM & Spa,sdimspa.com,,,yes,no_email,https://sdimspa.com,medspa,,0
SELAH,selahtucson.com,selahtucson@gmail.com,selahtucson@gmail.com,yes,no_peptides,https://selahtucson.com,medspa,,0
Seli Mind and Sole Sanctuary and Boutique,selispa.com,booking@selispa.com,booking@selispa.com,yes,no_peptides,https://selispa.com,vendor,,0
Sente Bella MedSpa,sentebellaspa.com,appointments@sentebellaspa.com,appointments@sentebellaspa.com,yes,no_peptides,https://sentebellaspa.com/pages/contact,medspa,,0
Seoule K-Beauty Skin Lab,seoulekbeauty.com,nutricellmedspa@gmail.com,nutricellmedspa@gmail.com,yes,already known,https://seoulekbeauty.com,medspa,GLP-1 weight loss peptides,4
Serene Skin By Jen LLC,sereneskinbyjen.com,jen@sereneskinbyjen.com,jen@sereneskinbyjen.com,,no_peptides,https://sereneskinbyjen.com,vendor,,0
Serenity Massage,serenitymassagemn.com,,,,no_email,https://serenitymassagemn.com,vendor,,0
Serenity Med Spa,serenitymedspawv.com,,,,no_email,,vendor,,0
"Serenity Wellness Evans GA, LLC",serenitywellness-evans.net,,,yes,no_email,https://serenitywellness-evans.net,vendor,,0
Kevin H. Cook Infusion Center at Sharp Memorial Hospital,sharp.com,shc.records@sharp.com,shc.records@sharp.com; srsforms@sharp.com; research@sharp.com,yes,no_peptides,https://sharp.com,medspa,,0
Shay Medical Aesthetics,shaymedicalaesthetics.com,,,,no_email,,vendor,,0
Revitalize LLC,shekinaclinicalspa.org,,,yes,no_email,https://shekinaclinicalspa.org,medspa,GLP-1 weight loss peptides,2
Silicon Valley Medical Spa,siliconvalleymedspa.com,,,yes,no_email,https://siliconvalleymedspa.com,medspa,,0
Simply You Wellness,simplyyouclinic.com,,,yes,no_email,https://simplyyouclinic.com,medspa,nad+,3
Seamless Medspa,skinbyrose.com,,,,no_email,,vendor,,0
Studio Aesthetics at Old Town,skincare4everybody.com,skincare4everybody@gmail.com,skincare4everybody@gmail.com,yes,no_peptides,https://skincare4everybody.com,medspa,,0
Dynamic 3 Med Spa,skincareclinicatlanta.com,,,yes,no_email,https://skincareclinicatlanta.com,medspa,,1
Skin Chic,skinchic.com,,,yes,no_email,https://skinchic.com,medspa,,0
"Skin Deep Beauty, Inc",skindeepbeautyinc.com,,,,no_email,,vendor,,0
Skindripity Medspa and Aesthetics,skindripity.com,,,,no_email,https://skindripity.com,vendor,,0
Skin Fuzion,skinfuzion.com,,,,no_email,,vendor,,0
SkinCeuticals SkinLab Charleston,skinlabchs.com,,,yes,no_email,https://skinlabchs.com,medspa,,0
SKINLUXE Cleveland,skinluxecle.com,asiaskinluxe@yahoo.com,asiaskinluxe@yahoo.com,yes,no_peptides,https://skinluxecle.com,medspa,,0
SkinMD Shrewsbury,skinmd1.com,,,yes,no_email,https://skinmd1.com,medspa,"nad+, sermorelin, glutathione",10
Skin Sense A Day Spa,skinsense.com,info@skinsense.com,info@skinsense.com,yes,no_peptides,https://skinsense.com,vendor,,0
Midwest Laser,skinsideoutmedspa.org,skinsideoutllc@gmail.com,skinsideoutllc@gmail.com,yes,no_peptides,https://skinsideoutmedspa.org,medspa,,0
Skin Spells Esthetics,skinspellsnwa.com,,,,unreachable,,,,
Skyn by Nora,skynbynora.com,,,,unreachable,,,,
Skyy Med Spa,skyymedspa.net,,,,unreachable,,,,
SLK ESSENTIALS,slkessential.com,slkessential@gmail.com,slkessential@gmail.com; %20%20slkessential@gmail.com,yes,already known,https://slkessential.com,medspa,"semaglutide, tirzepatide, retatrutide, nad+, glutathione",10
Snatural Medspa,snaturalmedspa.com,araceli@snaturalmedspa.com,araceli.sanjuan@yahoo.com; araceli@snaturalmedspa.com,yes,no_peptides,https://snaturalmedspa.com,medspa,,0
Capitol Cryo,soakfloatcenter.com,info@soakfloatcenter.com,info@soakfloatcenter.com,yes,no_peptides,https://soakfloatcenter.com,vendor,,0
So Elegant Esthetics,soelegantesthetics.glossgenius.com,soelegantesthetics@gmail.com,soelegantesthetics@gmail.com,yes,no_peptides,https://soelegantesthetics.glossgenius.com,medspa,,0
Replenish Wellness Infusions. IV vitamin drip bar and Vitamin shots ..,solasalonstudios.s3.amazonaws.com,,,,unreachable,,,,
SolRae Wellness Spa,solraewellness.com,,,,no_email,https://solraewellness.com,vendor,,0
Sopra Salon & Med Spa,soprasalon.com,,,yes,no_email,https://soprasalon.com,medspa,semaglutide,3
IV Therapy / Vitamin Shots in Sioux Falls,sozowellnessco.as.me,,,,no_email,https://sozowellnessco.as.me,vendor,,0
Metro Infusion Center,sp-ao.shortpixel.ai,,,,no_email,https://sp-ao.shortpixel.ai,vendor,,0
Spa Pavone,spa-pavone.com,,,yes,no_email,https://spa-pavone.com,medspa,,0
The Spa & Laser Center LLC,spaandlasercenter.com,,,,no_email,,vendor,,0
"Leone Elliott Jr., MD, MBA",spabatonrouge.com,,,yes,no_email,https://spabatonrouge.com,medspa,"semaglutide, tirzepatide",5
The Spa Elysian,spaelysian.com,jennifer.bruner24@gmail.com,jennifer.bruner24@gmail.com; spaelysian.info@gmail.com,yes,no_peptides,https://spaelysian.com,vendor,,0
Spring Street Dermatology,springstderm.com,,,yes,no_email,https://springstderm.com,medspa,,0
About,static.glossgenius.com,,,,unreachable,,,,
Infuze Aesthetics & Wellness Center,static.parastorage.com,,,,no_email,,vendor,,0
IV Nutrient and Hydration Therapy,static.showit.co,,,,unreachable,,,,
St. Louis Cosmetic Surgery,stlcosmeticsurgery.com,info@stlcosmeticsurgery.com,info@stlcosmeticsurgery.com,yes,no_peptides,https://stlcosmeticsurgery.com,medspa,,0
"STL Hydration, LLC",stlhydration.com,,,,unreachable,,,,
StrIVeMD Wellness and Ketamine,strivemdketamine.com,,,yes,no_email,https://strivemdketamine.com,medspa,"semaglutide, tirzepatide, liraglutide, nad+",11
Studio B Esthetic Center,studiobcenter.com,,,,no_email,https://studiobcenter.com,medspa,,0
Studio Montage Salon & Day Spa,studiomontage.net,,,yes,no_email,https://studiomontage.net,medspa,,0
Studio Stiles Spa,studiostilesandtotalfitness.com,,,,no_email,https://studiostilesandtotalfitness.com,vendor,,0
Anti-aging and Weight loss,stunningmedspas.com,,,,no_email,https://stunningmedspas.com,medspa,,0
Succulent Skin Day Spa LLC,succulentskindayspa.com,michelle@succulentskindayspa.com,michelle@succulentskindayspa.com,,no_peptides,https://succulentskindayspa.com,vendor,,0
sugaringLA,sugaringla.com,,,,no_email,https://sugaringla.com,vendor,,0
Sundays Ultimate Day Spa,sundaysdayspa.com,customerservice@sundaysdayspa.com,customerservice@sundaysdayspa.com,yes,no_peptides,https://sundaysdayspa.com,medspa,,0
Sunshine Medical Aesthetics,sunshinemedaesthetics.com,hello@sunshinemedaesthetics.com,phoebe@sunshinemedaesthetics.com; hello@sunshinemedaesthetics.com,yes,no_peptides,https://sunshinemedaesthetics.com,medspa,,0
Sunsational Tanning Inc,suntaninc.com,suntaninc@gmail.com,suntaninc@gmail.com,yes,no_peptides,https://suntaninc.com,vendor,,0
Supportiv Wellness & Aesthetics,supportivwellness.com,,,yes,no_email,https://supportivwellness.com,medspa,"semaglutide, tirzepatide, nad+",7
Dr. Arthur Cambeiro: SurgiSpa Cosmetic and Plastic Surgery,surgispa.net,,,yes,no_email,https://surgispa.net,medspa,,0
SweatWorks Studio,sweatworksstudio.com,,,,no_email,https://sweatworksstudio.com,vendor,,0
The MedSpa at Southwest Plastic Surgery West,swplasticsurgery.com,,,yes,no_email,https://swplasticsurgery.com,medspa,"bpc-157, tb-500, nad+, ghk-cu, glutathione, kpv",14
Aurora Aesthetics,synapserenew.com,,,,no_email,,vendor,,0
"Synergy Wellness at MidCity: Walk-In Clinic, Primary Care, MAT, and Ke",synergywellnessal.com,,,,no_email,,vendor,,0
Javan Wellness,t2t2k4n3.delivery.rocketcdn.me,,,yes,no_email,https://t2t2k4n3.delivery.rocketcdn.me/contact-us,medspa,GLP-1 weight loss peptides,7
Luxe Laser Center,tamaratcm.com,wellness@tamaratcm.com,wellness@tamaratcm.com,yes,no_peptides,https://tamaratcm.com,medspa,,0
The Beauty Elite,thebeautyelpasotx.com,,,,unreachable,,,,
Medical Massage of Delaware,thebodyspas.com,info@thebodyspas.com,info@thebodyspas.com,yes,no_peptides,https://thebodyspas.com,medspa,,0
The Cleveland Headspa,theclevelandheadspa.com,,,,no_email,https://theclevelandheadspa.com,vendor,,0
Cole Facial Clinic and Skin Care,thecovery.com,,,,no_email,https://thecovery.com,medspa,"semaglutide, tirzepatide",13
DeluxeBar Medical Aesthetics,thedeluxebar.com,,,,no_email,,vendor,,0
IV Hydration Therapy,thediamondmedspa.com,,,,no_email,,vendor,,0
The DRIPBaR Grand Rapids IV Therapy & Medical Weight Loss,thedripbar.com,,,,no_email,,vendor,,0
The DRIPBaR,thedripbarftl.com,,,yes,no_email,https://thedripbarftl.com,medspa,,1
The Hague Medi-Spa,thehaguecenter.com,,,,unreachable,,,,
The Health Spa by Vive Cedar Rapids,thehealthspa.com,,,,no_email,,vendor,,0
The IV Hub Wellness Stoneham MA,theivhubwellness.com,,,yes,no_email,https://theivhubwellness.com,medspa,"nad+, sermorelin, glutathione",12
Hydrate Medical Opens New Fort Mill Location,themillmagazine.com,,,,unreachable,,,,
The Nice Needle Nurse,theniceneedlenurse.com,info@theniceneedlenurse.com,info@theniceneedlenurse.com; theniceneedlenurse@gmail.com,yes,no_peptides,https://theniceneedlenurse.com,medspa,,0
IV Drip & Hydration Therapy,theplasticsclinic.com,,,yes,no_email,https://theplasticsclinic.com,medspa,semaglutide,5
The Saint Louis Med Spa,thesaintlouismedspa.com,,,yes,no_email,https://thesaintlouismedspa.com,medspa,,0
The Sanctuary Spa,thesanctuaryspas.com,steve.sanctuaryspa@gmail.com,steve.sanctuaryspa@gmail.com; dawn.sanctuaryspa@gmail.com,yes,no_peptides,https://thesanctuaryspas.com,medspa,,0
The Spa at Marshall,thespaatmarshall.com,,,yes,no_email,https://thespaatmarshall.com,medspa,,2
Vitality RN,thevitalityrn.com,,,yes,no_email,https://thevitalityrn.com,medspa,,1
The Wax House Nashville,thewaxhouse.net,,,,unreachable,,,,
The WooSkin,thewooskin.com,info@thewooskin.com,info@thewooskin.com,yes,no_peptides,https://thewooskin.com,medspa,,0
IV Therapy & Vitamin Injections Available from Thrive Healthcare in ..,thrivehealthcare.net,,,,no_email,,vendor,,0
THRYV Collective San Diego,thryvcollective.com,,,,no_email,https://thryvcollective.com,medspa,,3
"Timeless Aesthetics, LLC",timelessaestheticsllc.com,,,,unreachable,,,,
TimeOut Head Spa & Beauty Salon,timeoutheadspa.com,yourtimeoutspa@gmail.com,yourtimeoutspa@gmail.com,yes,no_peptides,https://timeoutheadspa.com,vendor,,0
Top Rated Medical,topratedmedical.com,,,yes,no_email,https://topratedmedical.com,medspa,GLP-1 weight loss peptides,8
Total Rejuvenation,totalrejuvenation.floathelm.com,,,yes,no_email,https://totalrejuvenation.floathelm.com,vendor,,0
Touch and Glow Skin Spa,touchandglowskinspa.square.site,touchandglowskinspa@gmail.com,touchandglowskinspa@gmail.com,,no_peptides,,vendor,,0
The DRIPBaR Town and Country,town-and-country-crossing.thedripbar.com,,,,no_email,,vendor,,0
Prime IV Hydration & Wellness,townepost.com,tom@townepost.com,tom@townepost.com,yes,no_peptides,https://townepost.com,vendor,,0
Tox medspa,toxmedspa.com,,,,no_email,,vendor,,0
The Ivie Nurse,tr.ee,,,yes,no_email,https://tr.ee,medspa,,0
Trap Esthetics,trapesthetics.glossgenius.com,,,,no_email,https://trapesthetics.glossgenius.com,medspa,GLP-1 weight loss peptides,2
"Contact Us for Mobile IV Hydration & Vitamin Therapy in Great Falls, M",treasurestatehydrate406.com,,,yes,no_email,https://treasurestatehydrate406.com,medspa,"nad+, glutathione",3
Trillion Health & Hormone Clinic,trillionhealthandhormone.com,,,yes,no_email,https://trillionhealthandhormone.com/contact,medspa,"semaglutide, tirzepatide, nad+",4
IV Infusion Therapy,trucarehomehealth.net,trucarehh@outlook.com,trucarehh@outlook.com,yes,no_peptides,https://trucarehomehealth.net,medspa,,0
True Beauty Esthetics Spa,truebeautybyteya.glossgenius.com,teyaluther353@gmail.com,teyaluther353@gmail.com,yes,no_peptides,https://truebeautybyteya.glossgenius.com,medspa,,0
True REST Float Spa,truerest.com,,,,no_email,https://truerest.com,vendor,,0
Prime Men's Health,twincitiesderm.com,,,yes,no_email,https://twincitiesderm.com,medspa,,0
Core Care Life,twinriversivgoldsboro.com,,,,no_email,,vendor,,0
UnityPoint Health,unitypoint.org,myunitypointsupport@unitypoint.org,myunitypointsupport@unitypoint.org,yes,no_peptides,https://unitypoint.org,medspa,,0
Upgrade Labs Park City,upgradelabs.com,hello@upgradelabs.com,hello@upgradelabs.com,yes,no_peptides,https://upgradelabs.com,medspa,,0
Vibrant Vitalité Health & Wellness,uphoriavit.com,christinawillsnp@uphoriavit.com,christinawillsnp@uphoriavit.com,yes,no_peptides,https://uphoriavit.com,vendor,,0
Upstate Drip Bar,upstatedripbar.com,hydration@upstatedripbar.com,hydration@upstatedripbar.com,yes,no_peptides,https://upstatedripbar.com,vendor,,0
Signature Spa,usmaplocation.org,,,,no_email,https://usmaplocation.org,vendor,,0
University of Vermont Medical Center,uvmhealth.org,,,yes,no_email,https://uvmhealth.org,medspa,,0
SPA Valerie Estética,valerieestetica.com,valeriesteticaybelleza@gmail.com,valeriesteticaybelleza@gmail.com,yes,no_peptides,https://valerieestetica.com,vendor,,0
Vela Wellness Clinic,velawellnessclinic.com,,,yes,no_email,https://velawellnessclinic.com,medspa,"semaglutide, tirzepatide, nad+, sermorelin, pt-141, ghk-cu",22
Velvaere Nordic Plunge and Medspa,velvaeremedspa.com,,,,no_email,,vendor,,0
Menomonee Falls Medspa,versatile-aesthetics.com,lj@versatile-aesthetics.com,lj@versatile-aesthetics.com,yes,no_peptides,https://versatile-aesthetics.com,medspa,,0
Vici Aesthetics & Wellness,viciaestheticsandwellness.com,,,yes,no_email,https://viciaestheticsandwellness.com,medspa,"nad+, sermorelin, glutathione",9
"Victory healthcare and mobile iv infusion clinic, llc",victoryhealthcareandinfusions.com,info@victoryhealthcareandinfusions.com,info@victoryhealthcareandinfusions.com,,no_peptides,https://victoryhealthcareandinfusions.com,vendor,,0
Vida pura I.V therapy,vidapuraatx.as.me,,,,no_email,https://vidapuraatx.as.me,vendor,,0
Village Medicine Seattle,villagemedicineseattle.com,,,yes,no_email,https://villagemedicineseattle.com,medspa,,3
Village Salon & Day Spa,villagesalondayspa.com,villagesalondayspa@yahoo.com,villagesalondayspa@yahoo.com,yes,no_peptides,https://villagesalondayspa.com,vendor,,0
VIP Medispa,vipmedispa.com,,,yes,no_email,https://vipmedispa.com,medspa,glutathione,7
The DRIPBaR,virginia-beach-landstown-commons.thedripbar.com,,,,no_email,,vendor,,0
V&C Medical Spa,visoecorpomedical.com,,,,no_email,https://visoecorpomedical.com,vendor,,0
VitaCore Spa,vitacorespa.com,,,yes,no_email,https://vitacorespa.com,medspa,"nad+, glutathione",3
Vitafusions,vitafusionsiv.com,,,yes,no_email,https://vitafusionsiv.com,medspa,"semaglutide, tirzepatide",5
VitaHealth Infusions,vitahealthinfusions.com,,,yes,no_email,https://vitahealthinfusions.com,medspa,"semaglutide, tirzepatide, nad+, glutathione",10
Vital Aesthetics & Wellness PA,vital-kc.com,,,,unreachable,,,,
Vitality Health Regeneration,vitalityhealthregeneration.com,,,,no_email,https://vitalityhealthregeneration.com,vendor,,1
Renew Vitality Testosterone Clinic,vitalityhrt.com,,,,no_email,,vendor,,0
Arden Salt Room & Sauna,vitalityinfusion.net,,,,no_email,https://vitalityinfusion.net,medspa,,0
Vermont Full Body Wellness,vtfbwellness.com,kneadinglainey@gmail.com,kneadinglainey@gmail.com,yes,no_peptides,https://vtfbwellness.com,vendor,,0
Vyve Spa,vyvespa.com,desk@vyvespa.com,desk@vyvespa.com,yes,no_peptides,https://vyvespa.com,vendor,,0
WakeMed Raleigh Campus,wakemed.org,,,yes,no_email,https://wakemed.org,medspa,GLP-1 weight loss peptides,2
Washington Medical Center,washingtonmedcenter.com,info@washingtonmedcenter.com,info@washingtonmedcenter.com,yes,no_peptides,https://washingtonmedcenter.com,medspa,,0
Water and Leaf Skincare,waterandleafskincare.com,cindy@waterandleafskincare.com,cindy@waterandleafskincare.com,yes,no_peptides,https://waterandleafskincare.com,medspa,,0
Wellbeing on Main,wellbeingonmain.com,,,,no_email,https://wellbeingonmain.com,vendor,,0
Well Life ABQ,welllifeabq.com,,,,no_email,,vendor,,0
Glutathione NAD+ Therapy Reston VA,wellmedica.com,,,,no_email,,vendor,,0
Wellness Center of Greater Cleveland,wellnesscentercleveland.com,wellnesscentercleveland@gmail.com,wellnesscentercleveland@gmail.com,yes,already known,https://wellnesscentercleveland.com,medspa,"semaglutide, tirzepatide",10
Wellness Docs,wellnessdocs.com,,,yes,no_email,https://wellnessdocs.com,medspa,"semaglutide, nad+, glutathione",4
Wellness Minneapolis,wellnessminneapolis.com,,,yes,no_email,https://wellnessminneapolis.com,medspa,,0
Wellness Theory MI,wellnesstheorymi.com,hello@wellnesstheorymi.com,hello@wellnesstheorymi.com,yes,no_peptides,https://wellnesstheorymi.com,medspa,,0
Wellspring Esthetics,wellspringesthetics.com,,,yes,no_email,https://wellspringesthetics.com,medspa,"semaglutide, tirzepatide",6
Ohio State Infusion Martha Morehouse Outpatient Care,wexnermedical.osu.edu,,,yes,no_email,https://wexnermedical.osu.edu,medspa,,0
IV Hydration Vitamin Bar,wisdomandyouthaesthetics.myaestheticrecord.com,,,,no_email,https://wisdomandyouthaesthetics.myaestheticrecord.com,medspa,,0
Wyoming Medical Wellness Center,wyomingmedicalwellnesscenter.com,,,yes,no_email,https://wyomingmedicalwellnesscenter.com,medspa,,0
Priority Health,yostwellnesscenter.com,info@yostwellnesscenter.com,info@yostwellnesscenter.com,yes,no_peptides,https://yostwellnesscenter.com,medspa,,0
Aesthetica,youraesthetica.net,aestheticaforall@gmail.com,aestheticaforall@gmail.com,yes,already known,https://youraesthetica.net,medspa,semaglutide,5
Center For Health,yourcenterforhealth.com,,,,unreachable,,,,
"Youthful Glow Med Spa, LLC",youthfulglowmedspa.net,,,,no_email,,vendor,,0
IV Therapy Atlanta,yplasticsurgery.com,,,yes,no_email,https://yplasticsurgery.com,medspa,glutathione,1
ZEN INFUSION,zeninfusionivtherapy.com,zeninfusionivtherapy@gmail.com,zeninfusionivtherapy@gmail.com,yes,already known,https://zeninfusionivtherapy.com,medspa,glutathione,2
Zen Med Spa Aesthetics & Regenerative Medicine,zenmedspanyc.com,,,,no_email,https://zenmedspanyc.com,vendor,,0
Zero Gravity,zerogravitysd.com,,,,unreachable,,,,
Zivel,zivel.com,contact@zivel.com,zivelbriargate@gmail.com; coralgables@zivel.com; coolsprings@zivel.com; highlandsranch@zivel.com; palmcoast@zivel.com; contact@zivel.com,,no_peptides,https://zivel.com,medspa,,0
