Phone,Name,Category,Website,Address,Emails,First Name,Last Name,Position,Email_Code,Email_Message,Email_MX
+1 843-619-3578,Dew Skin Studio,Wellness program,dewskinstudio.com,"1 Cool Blow St Ste 122, Charleston, SC 29403, United States",meagan@dewskinstudio.com,Meagan,Turner,Founder,mb,Catch-All,aspmx.l.google.com
+1 415-441-1888,"Albert W. Chow, M.D.",Plastic surgeon,beautyplasticsurgery.com,"1 Daniel Burnham Ct ste 368c, San Francisco, CA 94109, United States",albert@beautyplasticsurgery.com,Albert,Chow,Owner,mb,Catch-All,beautyplasticsurgery-com.mail.protection.outlook.com
+1 312-549-8691,Bloom Plastic Surgery,Plastic surgeon,bloomplasticsurgery.com,"1 E Delaware Pl Suite 501, Chicago, IL 60611, United States",jacob@bloomplasticsurgery.com,Jacob,Bloom,Founder,mb,Catch-All,aspmx.l.google.com
+1 808-304-3346,"Mitchell Stotland, M.D.",Plastic surgeon,dartmed.dartmouth.edu,"1 Medical Center Dr, Lebanon, NH 03766, United States",derik.hertel@dartmouth.edu,Derik,Hertel,Editor,mb,Catch-All,dartmouth-edu.mail.protection.outlook.com
+1 317-325-2699,Amde Plastic Surgery: Dr. Sewit Amde,Plastic surgeon,amdeplasticsurgery.com,"1 Memorial Square #205, Greenfield, IN 46140, United States",sewit@amdeplasticsurgery.com,Sewit,Amde,Founder,mb,Catch-All,smtp.google.com
+1 904-686-7771,"DERMAGNIFY: Mark Cappel, MD",Dermatologist,dermagnify.com,"100 Executive Way #114, Ponte Vedra Beach, FL 32082, United States",mark@dermagnify.com,Mark,Cappel,Founder,mb,Catch-All,mx.paubox.com
+1 207-523-3900,Galeckas Kenneth J MD,Dermatologist,intermed.com,"100 Foden Rd, South Portland, ME 04106, United States",rpoitras@intermed.com,Roger,Poitras,Chief Executive Officer,mb,Catch-All,d323094a.ess.barracudanetworks.com
+1 317-718-7980,Hendricks Plastic & Reconstructive Surgery,Plastic surgeon,hendricksplasticsurgery.com,"100 Hospital Ln #325, Danville, IN 46122, United States",rachel.scott@hendricks.org,Rachel,Scott,Plastic Surgeon / Provider,mb,Catch-All,mxb-00ad4c01.gslb.pphosted.com
+1 620-253-7105,Fresh Start Body,Health spa,freshstartbodyllc.com,"100 Military Ave Suite 205, Dodge City, KS 67801, United States",freshstartwithkiesha@yahoo.com,Kiesha,Carmona,Owner,mb,Catch-All,mta5.am0.yahoodns.net
+1 816-506-1777,The Health Lounge,Health spa,thehealthlounge.org,"100 NE Tudor Rd #108, Lee's Summit, MO 64086, United States",micah@thehealthlounge.org,Micah,Flint,Executive,mb,Catch-All,aspmx.l.google.com
+1 912-457-8567,Iv Savannah,Health spa,ivsavannah.com,"1000 Eisenhower Dr # K, Savannah, GA 31406, United States",rhonda@ivsavannah.com,Rhonda,Jones,Owner,mb,Catch-All,aspmx.l.google.com
+1 707-448-3436,"Matthew R. Zeiderman, M.D.",Plastic surgeon,napasolanoplasticsurgery.com,"1001 Nut Tree Rd STE 130, Vacaville, CA 95687, United States",linda.savage@napasolanoplasticsurgery.com,Linda,Savage,Practice Manager,mb,Catch-All,napasolanoplasticsurgery-com.mail.protection.outlook.com
+1 707-448-3436,"Matthew R. Zeiderman, M.D.",Plastic surgeon,napasolanoplasticsurgery.com,"1001 Nut Tree Rd STE 130, Vacaville, CA 95687, United States",wmccluremd@sbcglobal.net,William,McClure,President,mb,Catch-All,mx-att.mail.am0.yahoodns.net
+1 337-520-2505,Covenant Wellness Center,Wellness center,covenantwellnesscenter.com,"101 E St Peter St, Carencro, LA 70520, United States",alyssaleelmt@yahoo.com,Alyssa,Lee,Founder,mb,Catch-All,mta7.am0.yahoodns.net
+1 973-775-9248,"Renee Comizio, MD",Plastic surgeon,drreneecomizio.com,"101 Madison Ave #200, Morristown, NJ 07960, United States",drrenee@drreneecomizio.com,Renee,Comizio,Owner,mb,Catch-All,drreneecomizio-com.mail.protection.outlook.com
+1 315-254-2030,Facial Plastics Center: Lindsey Goyal MD,Plastic surgeon,nosefacemd.com,"101 Richmond Ave Ste 320, Syracuse, NY 13204, United States",lindsey@nosefacemd.com,Lindsey,Goyal,Founder & Owner,mb,Catch-All,aspmx.l.google.com
+1 337-385-5861,"Teche Dermatologic Surgery Centre, John C. Chapman, MD",Dermatologist,techedermsurgery.com,"101 Rue Fontaine Bldg 4, Lafayette, LA 70508, United States",john@techedermsurgery.com,John,Chapman,Owner,mb,Catch-All,aspmx.l.google.com
+1 512-459-4405,Premier Health and Wellness -Medical and Medspa,Wellness program,austinhormonedoctor.com,"1010 W 9th St, Austin, TX 78703, United States",screven61@yahoo.com,Screven,Edgerton,Owner,mb,Catch-All,mta6.am0.yahoodns.net
+1 310-393-9359,Intimate Health Center,Plastic surgeon,intimatehealthcenter.com,"1010 W La Veta Ave #675, Orange, CA 92868, United States",david@intimatehealthcenter.com,David,Ghozland,Owner,mb,Catch-All,aspmx.l.google.com
+1 573-214-2616,Element Wellness + Cryotherapy,Wellness center,elementcryo.com,"1020 Grn Mdws Rd Suite 112, Columbia, MO 65201, United States",claire@elementcryo.com,Claire,Taylor,Owner,mb,Catch-All,aspmx.l.google.com
+1 865-503-5255,Foothills Refinery,Wellness center,foothillsrefinery.com,"1022 W Broadway Ave, Maryville, TN 37801, United States",liz@foothillsrefinery.com,Liz,Schaumburg,Founder & Owner,mb,Catch-All,aspmx.l.google.com
+1 321-477-0700,Pausitive Women's Care,Women's health clinic,pausitivewomenscare.com,"1027 Pathfinder Way #110, Rockledge, FL 32955, United States",info@pausitivewomenscare.com,Ashleigh,Auth,Business Owner,mb,Catch-All,mx3-usg1.ppe-hosted.com
+1 432-348-4931,Restoration Health and Wellness,Wellness program,restorationhealthnp.com,"1030 Andrews Hwy Suite 104, Midland, TX 79701, United States",kaci@restorationhealthnp.com,Kaci,McDaniel,Owner,mb,Catch-All,restorationhealthnp-com.mail.protection.outlook.com
+1 954-310-3436,Melanated Beauty Spa Pembroke Pines,Spa and health club,melanatedbeautyspa.com,"10350 Pines Blvd suite, Pembroke Pines, FL 33025, United States",maghan@melanatedbeautyspa.com,Maghan,Morin,CEO & Founder,mb,Catch-All,melanatedbeautyspa-com.mail.protection.outlook.com
+1 618-900-7638,NFuze Wellness,Health spa,nfuzewellness.com,"104 S Buchanan St, Edwardsville, IL 62025, United States",jen@nfuzewellness.com,Jennifer,McCormick,Founder,mb,Catch-All,aspmx.l.google.com
+1 618-900-7638,NFuze Wellness,Health spa,nfuzewellness.com,"104 S Buchanan St, Edwardsville, IL 62025, United States",angela@nfuzewellness.com,Angela,,Manager,mb,Catch-All,aspmx.l.google.com
+1 704-549-9550,TNT Wellness (Total Nutrition Technology),Wellness center,tnt-wellness.com,"10400 Mallard Creek Rd #340, Charlotte, NC 28262, United States",rick.belden@tntgetfit.com,Rick,Belden,Owner,mb,Catch-All,aspmx.l.google.com
+1 704-549-9550,TNT Wellness Hormone Therapy Clinic,Reproductive health clinic,tnthealthyhormones.com,"10400 Mallard Creek Rd, Charlotte, NC 28262, United States",angela@tntgetfit.com,Angela,Wilkinson,Founder,mb,Catch-All,aspmx.l.google.com
+1 516-482-8008,"Joel Studin, MD, FACS Plastic Surgery",Plastic surgeon,drstudin.com,"1045 Northern Blvd, Roslyn, NY 11576, United States",drs@drstudin.com,Joel,Studin,Owner,mb,Catch-All,aspmx.l.google.com
+1 561-475-3508,Palm Beach HealthWorks - Hair Replacement | Joint Paint | Wellness & Weight Loss | TRT Therapy,Health spa,palmbeachhealthworks.com,"10471 Southern Blvd, Royal Palm Beach, FL 33411, United States",lauren@palmbeachhealthworks.com,Lauren,Dal Farra,Founder & CEO,mb,Catch-All,aspmx.l.google.com
+1 702-850-0977,Welby Wellness & Aesthetics,Wellness center,welbywellness.com,"10521 Jeffreys St, Henderson, NV 89052, United States",amber@welbywellness.com,Amber,Welby,Owner,mb,Catch-All,smtp.google.com
+1 941-278-2164,BioLIT Spa,Spa and health club,biolitspa.com,"1058 N Tamiami Trl #111, Sarasota, FL 34236, United States",karen@biolitspa.com,Karen,Ricci,Owner,mb,Catch-All,aspmx.l.google.com
+1 772-481-9355,The Wellness Spot at Vero Fitness,Wellness center,twsvero.com,"1060 6th Ave, Vero Beach, FL 32960, United States",eric@twsvero.com,Eric,Smith,CEO and Founder,mb,Catch-All,aspmx.l.google.com
+1 858-621-6000,"Abhay Gupta, MD",Plastic surgeon,sharp.com,"10672 Wexford St Unit 275, San Diego, CA 92131, United States",jennifer.chatfield@sharp.com,Jennifer,Chatfield,"Director, Public Relations and Communications",mb,Catch-All,mx0b-001c3f02.pphosted.com
+1 858-621-6000,"Abhay Gupta, MD",Plastic surgeon,sharp.com,"10672 Wexford St Unit 275, San Diego, CA 92131, United States",chris.howard@sharp.com,Chris,Howard,President and CEO,mb,Catch-All,mx0a-001c3f02.pphosted.com
+1 732-460-9566,Central Jersey Plastic Surgery,Plastic surgeon,plasticsurgerynewjersey.org,"107 Monmouth Rd Ste 102, West Long Branch, NJ 07764, United States",jen_plasticsurgerynewjersey@aol.com,Jen,,Clinical Practice Manager,mb,Catch-All,mx-aol.mail.gm0.yahoodns.net
+1 732-655-2412,New Jersey Breast Reconstruction Center,Plastic surgeon,breastreconstructionnewjersey.com,"107 Monmouth Rd STE 201, West Long Branch, NJ 07764, United States",rvemula@doctorvnj.com,Rahul,Vemula,Founder,mb,Catch-All,aspmx.l.google.com
+1 612-308-4300,"evoyouthful: Elizabeth Vogstrom, PA-C",Wellness center,evoyouthful.com,"109 Bushaway Rd #100, Wayzata, MN 55391, United States",elizabeth@evoyouthful.com,Elizabeth,Vogstrom,Founder,mb,Catch-All,evoyouthful-com.mail.protection.outlook.com
+1 618-727-5532,Peak Performance Health & Wellness,Wellness center,peakperformancehw.com,"109 Lou Ann Dr, Herrin, IL 62948, United States",jacklynn@peakperformancehw.com,Lea Ann,,Patient Care Coordinator,mb,Catch-All,aspmx.l.google.com
+1 208-278-8203,Symmetry Sauna studio,Wellness center,symmetrysaunastudio.com,"1090 E Lakeshore Dr, Coeur d'Alene, ID 83814, United States",steve@symmetrysaunastudio.com,Steve,Simar,Founder,mb,Catch-All,mx2.mailchannels.net
+1 208-278-8203,Symmetry Sauna studio,Wellness center,symmetrysaunastudio.com,"1090 E Lakeshore Dr, Coeur d'Alene, ID 83814, United States",heather@symmetrysaunastudio.com,Heather,,Manager,mb,Catch-All,mx1.mailchannels.net
+1 610-918-2500,Dr. Jeffrey Hurley,Dermatologist,hurleyderm.net,"1101 Paoli Pike, West Chester, PA 19380, United States",jeffrey@hurleyderm.net,Jeffrey,Hurley,Director,mb,Catch-All,ASPMX.L.GOOGLE.COM
+1 916-366-0999,Detoxination Wellness Centers,Wellness program,getdetoxinated.com,"11015-9 Olson Drive [Appt. Only, Rancho Cordova, CA 95670, United States",dan@getdetoxinated.com,Daniel,Root,CEO,mb,Catch-All,getdetoxinated-com.mail.protection.outlook.com
+1 323-351-8560,Love Your Body West Hollywood,Wellness center,loveyourbodystudios.com,"1106 N La Cienega Blvd #207, West Hollywood, CA 90069, United States",octavia@loveyourbodystudios.com,Octavia,,Business Owner,mb,Catch-All,mx1.hostinger.com
+1 202-476-5000,Children's National Med Center: Rogers Gary F MD,Plastic surgeon,childrensnational.org,"111 Michigan Ave NW, Washington, DC 20010, United States",mbatshaw@childrensnational.org,Mark,Batshaw,LEND Director,mb,Catch-All,mxb-000f5f01.gslb.pphosted.com
+1 202-476-5000,Children's National Med Center: Rogers Gary F MD,Plastic surgeon,childrensnational.org,"111 Michigan Ave NW, Washington, DC 20010, United States",michelle.riley-brown@childrensnational.org,Michelle,Riley-Brown,President and Chief Executive Officer,mb,Catch-All,mxa-000f5f01.gslb.pphosted.com
+1 309-509-2422,"Simple Manna, LLC",Wellness center,standardprocess.com,"111 N Market St Suite B, Knoxville, IL 61448, United States",nmcswain@standardprocess.com,Nicole,McSwain,Communications Specialist,mb,Catch-All,standardprocess-com.mail.protection.outlook.com
+1 309-509-2422,"Simple Manna, LLC",Wellness center,standardprocess.com,"111 N Market St Suite B, Knoxville, IL 61448, United States",cdubois@standardprocess.com,Charles,DuBois,President & CEO,mb,Catch-All,standardprocess-com.mail.protection.outlook.com
+1 812-454-7000,Let Go & Lift,Wellness center,letgoandlift.com,"111 S Green River Rd # G, Evansville, IN 47715, United States",dedcosby@letgoandlift.com,Dedrick,Cosby,Founder,mb,Catch-All,aspmx.l.google.com
+1 309-263-1116,Dimensional Health,Wellness center,mydimensionalhealth.com,"112 E Queenwood Rd, Morton, IL 61550, United States",kurt@mydimensionalhealth.com,Kurt,Ehling,Owner,mb,Catch-All,mx1-usg1.ppe-hosted.com
+1 610-595-9811,Wingate Plastic Surgery,Plastic surgeon,wingateplasticsurgery.com,"1125 Lancaster Ave Ste 2b, Berwyn, PA 19312, United States",nicholas@wingateplasticsurgery.com,Nicholas,Wingate,Founder,mb,Catch-All,aspmx.l.google.com
+1 480-676-2843,Universal Healing and Wellness (Scottsdale),Wellness center,universalhealingaz.com,"1126 S Gilbert Rd, Mesa, AZ 85204, United States",ana@universalhealingaz.com,Ana,Sierra de Aragon,Founder,mb,Catch-All,SMTP.GOOGLE.com
+1 301-810-3600,ICON Dermatology and Aesthetics,Dermatologist,icondermatology.com,"11300 Rockville Pike Ste 911, North Bethesda, MD 20852, United States",brenda@icondermatology.com,Brenda,Pellicane,Founder,mb,Catch-All,aspmx.l.google.com
+1 904-712-1264,"Walk by Faith Wellness, LLC",Wellness center,wbfwellness.com,"11555 Central Pkwy STE 503, Jacksonville, FL 32224, United States",scott@wbfwellness.com,Scott,Revels,CEO,mb,Catch-All,wbfwellness-com.mail.protection.outlook.com
+1 201-987-9886,Wellgevity Center,Wellness center,wellgevitycenter.com,"1156 E Ridgewood Ave Ste 3, Ridgewood, NJ 07450, United States",tatiana@wellgevitycenter.com,Tatiana,Sharahy,Medical Director,mb,Catch-All,aspmx.l.google.com
+1 412-498-0020,"Donald Groves, MD",Plastic surgeon,linqapp.com,"11600 W Pico Blvd, Los Angeles, CA 90064, United States",elliott@linqapp.com,Elliott,Potter,CEO,mb,Catch-All,aspmx.l.google.com
+1 858-261-4279,Melita ReGen Lab + Performance Center,Wellness center,melitaregenlab.com,"11689 Sorrento Valley Rd Ste q, San Diego, CA 92121, United States",daniel@melitaregenlab.com,Daniel,Melita,"Owner, Founder & CEO",mb,Catch-All,aspmx.l.google.com
+1 310-990-3696,South Bay Body,Health spa,southbay-body.com,"117 Main St Unit B, El Segundo, CA 90245, United States",ines@southbay-body.com,Ines,Kopitar,Owner,mb,Catch-All,southbaybody-com02b.mail.protection.outlook.com
+1 502-882-4252,Renew Innovative Health & Wellness,Wellness program,renewyoulou.com,"11700 Commonwealth Dr Suite 605, Louisville, KY 40299, United States",katherine@renewyoulou.com,Katherine,,Owner,mb,Catch-All,aspmx.l.google.com
+1 239-594-9100,"Dr. Richard W. Maloney, MD",Plastic surgeon,aestheticsurgerycenter.com,"1175 Creekside Pkwy Suite 100, Naples, FL 34108, United States",dragarwal@aestheticsurgerycenter.com,Anurag,Agarwal,Owner and Medical Director,mb,Catch-All,aestheticsurgerycenter-com.mail.protection.outlook.com
+1 305-480-6690,Dr. Joseph Michienzi,Plastic surgeon,kendallmed.com,"11750 SW 40th St, Miami, FL 33175, United States",ben.harris@hcahealthcare.com,Ben,Harris,CEO,mb,Catch-All,mxa-00039202.gslb.pphosted.com
+1 786-631-4928,"Ezy Wellness, LLC.",Wellness center,ezy-wellness.com,"11760 SW 40th St #416, Miami, FL 33175, United States",priscilla@ezy-wellness.com,Priscilla,Hernandez,Founder,mb,Catch-All,ezywellness-com0i.mail.protection.outlook.com
+1 305-480-6693,Haaris Mir MD FACS,Plastic surgeon,hcafloridahealthcare.com,"11760 SW 40th St, Miami, FL 33175, United States",charles.gressle@hcahealthcare.com,Charles,Gressle,Division President,mb,Catch-All,mxb-00039202.gslb.pphosted.com
+1 801-571-2020,Watterson Plastic Surgery,Plastic surgeon,wattersonplasticsurgery.com,"11762 State St Ste 220, Draper, UT 84020, United States",drwatterson@premierplasticsurgerygroup.com,Paul,Watterson,Owner,mb,Catch-All,aspmx.l.google.com
+1 512-948-5314,Hearts For Wellness,Wellness center,heartsforwellness.com,"119 E Leona St, Uvalde, TX 78801, United States",heartsforwellness@yahoo.com,Jennifer,McCarley,Board Certified Integrative Coach,mb,Catch-All,mta7.am0.yahoodns.net
+1 586-574-2800,"Stuart Gildenberg, MD| Midwest Center for Dermatology & Cosmetic Surgery (Warren)",Dermatologist,mwdermatology.com,"11900 12 Mile Rd #201, Warren, MI 48093, United States",stuart.gildenberg@mwdermatology.com,Stuart,Gildenberg,Partner,mb,Catch-All,mx2.mailchannels.net
+1 402-884-8836,Dr. Brian Biggerstaff,Plastic surgeon,elysianomaha.com,"11902 W Center Rd Suite 101, Omaha, NE 68144, United States",brian@elysianomaha.com,Brian,Biggerstaff,Founder,mb,Catch-All,smtp.google.com
+1 469-833-4580,North Texas Facial Plastic Surgery,Plastic surgeon,drpero.com,"11970 N Central Expy Suite 410, Dallas, TX 75243, United States",helens@northdallasent.com,Helen,S,Manager,mb,Catch-All,d179771a.ess.barracudanetworks.com
+1 469-833-4580,North Texas Facial Plastic Surgery,Plastic surgeon,drpero.com,"11970 N Central Expy Suite 410, Dallas, TX 75243, United States",colin@drpero.com,Colin,Pero,Owner,mb,Catch-All,aspmx.l.google.com
+1 615-576-3232,"Ramin A. Behmand, MD, FACS",Plastic surgeon,drbehmand.com,"1200 Old Hillsboro Rd, Franklin, TN 37069, United States",ramin@drbehmand.com,Ramin,Behmand,Founder,mb,Catch-All,drbehmand-com.mx1.arsmtp.com
+1 630-929-6565,"Dr. Michael Salvino, MD",Plastic surgeon,salvinoplasticsurgery.com,"1200 S York St, Elmhurst, IL 60126, United States",michael@salvinoplasticsurgery.com,Michael,Salvino,Founder,mb,Catch-All,salvinoplasticsurgery-com.mail.protection.outlook.com
+1 615-614-3461,sēk Sauna Studio,Health spa,seksauna.com,"1201 Liberty Pike #121, Franklin, TN 37067, United States",cat@seksauna.com,Cat,Bryson,Co-Founder,mb,Catch-All,seksauna-com.mail.protection.outlook.com
+1 516-928-4480,Rhinoplasty Center of Long Island,Plastic surgeon,rhinoplastycenterlongisland.com,"1201 Northern Blvd #2a, Manhasset, NY 11030, United States",ari@rhinoplastycenterlongisland.com,Ari,Hoschander,Head Plastic Surgeon,mb,Catch-All,mail.rhinoplastycenterlongisland.com
+1 410-832-7350,Women's Care Lutherville at York Place,Women's health clinic,medstarfranklin.org,"1205 York Rd Ste 36, Lutherville, MD 21093, United States",stuart.levine@medstar.net,Stuart,Levine,President,mb,Catch-All,mxa-0023ef01.gslb.pphosted.com
+1 410-832-7350,Women's Care Lutherville at York Place,Women's health clinic,medstarfranklin.org,"1205 York Rd Ste 36, Lutherville, MD 21093, United States",debra.schindler@medstar.net,Debra,Schindler,"Regional Director, Media & Public Relations",mb,Catch-All,mxa-0023ef01.gslb.pphosted.com
+1 206-542-4325,Nutima Integrative Medicine,Naturopathic practitioner,nutimahealth.com,"1207 N 200th St #210, Shoreline, WA 98133, United States",danielle@nutimahealth.com,Danielle,Miller,Founder,mb,Catch-All,aspmx.l.google.com
+1 512-901-9180,Clear Path Skin Care & Acne Clinic,Dermatologist,clearpathacneclinic.com,"1210 Cottonwood Creek Trail Suite 200, Cedar Park, TX 78613, United States",kimberly@clearpathacneclinic.com,Kimberly,Lovato,Business Owner,mb,Catch-All,ASPMX.L.GOOGLE.com
+1 614-262-4263,"James F Nappi, MD",Plastic surgeon,handandmicro.com,"1210 Gemini Pl # 200, Columbus, OH 43240, United States",dwinegarner@handandmicro.com,Dana,Winegarner,CEO/CFO,mb,Catch-All,handandmicro-com.relay1g.spamh.com
+1 307-670-9410,Strength Training of Wyoming,Sports medicine clinic,roytbuchanan.com,"1211 S Douglas Hwy #110, Gillette, WY 82716, United States",roybuchanan@htwyo.com,Roy,Buchanan,Owner,mb,Catch-All,mxa-000fe001.gslb.pphosted.com
+1 360-953-2582,Core Life,Wellness program,corelife.health,"1218 NE 88th St, Vancouver, WA 98665, United States",aaron@corelife.health,Aaron,Gillespie,Founder,mb,Catch-All,mxa.mailgun.org
+1 856-559-3376,Meta Dermatology,Dermatologist,metadermgroup.com,"1221 N Church St Ste 204, Moorestown, NJ 08057, United States",parmvir@metadermgroup.com,Parmvir,Singh,CEO,mb,Catch-All,ASPMX.L.GOOGLE.com
+1 206-320-6138,"Alexander Gougoutas, MD",Plastic surgeon,pugetplasticsurgery.com,"1229 Madison St Ste 1600, Seattle, WA 98104, United States",alexander.gougoutas@pugetplasticsurgery.com,Alexander,Gougoutas,Owner,mb,Catch-All,aspmx.l.google.com
+1 865-546-7521,"Dr. Lawrence L. Bushkell Jr, MD",Dermatologist,knoxderm.com,"123 Fox Rd, Knoxville, TN 37922, United States",matthew.hanggi@knoxderm.com,Matthew,Hanggi,Owner,mb,Catch-All,my-mx.email-protect.gosecure.net
+1 626-799-6868,Bella Mia Plastic Surgery,Plastic surgeon,bellamiaplasticsurgery.com,"123 N Garfield Ave # A, Alhambra, CA 91801, United States",julia@bellamiaplasticsurgery.com,Julia,Lee,Owner,mb,Catch-All,mx2.mailchannels.net
+1 321-972-8362,M Med Spa and Beauty,Health spa,mspaandbeautysecrets.co,"12301 Lake Underhill Rd Ste 14, Orlando, FL 32828, United States",meryluz.martir@salonlofts.com,Meryluz,Martir,Founder,mb,Catch-All,inbound-smtp.us-east-1.amazonaws.com
+1 801-953-4612,Paola Fongaro post-op lymphatic drainage and Aesthetic treatment,Health spa,pfmethod.com,"12340 S 450 E Ste A, Draper, UT 84020, United States",paola@paolafongaro.com,Paola,Fongaro,Founder,mb,Catch-All,aspmx.l.google.com
+1 657-703-5974,AlphaPed Pediatric Wellness,Naturopathic practitioner,alphaped.com,"12395 S Lewis St #103, Garden Grove, CA 92840, United States",dr.gshek@alphaped.com,Gianina,Shek,Founder,mb,Catch-All,aspmx.l.google.com
+1 850-865-2294,Felicity Plastic Surgery,Plastic surgeon,felicityplasticsurgery.com,"1241 Airport Rd 1st floor, Destin, FL 32541, United States",felicityplasticsurgery@yahoo.com,Elizabeth,Sager,President,mb,Catch-All,mta7.am0.yahoodns.net
+1 617-676-2701,Tyde Wellness & Weight Loss,Wellness center,tydewellness.com,"125 Church St unit 90-127, Pembroke, MA 02359, United States",andrew@tydewellness.com,Andrew,Gerhart,Co-Founder,mb,Catch-All,aspmx.l.google.com
+1 617-676-2701,Tyde Wellness & Weight Loss,Wellness center,tydewellness.com,"125 Church St unit 90-127, Pembroke, MA 02359, United States",beth@tydewellness.com,Beth,Gerhart,Co-Founder,mb,Catch-All,aspmx.l.google.com
+1 516-996-4810,SUITE SKIN,Wellness center,suiteskin.com,"125 Forest Ave, Locust Valley, NY 11560, United States",jillian@suiteskin.com,Jillian,Sarcona,Owner,mb,Catch-All,aspmx.l.google.com
+1 704-275-8298,Dream Wellness PLLC - Wellness Clinic in Charlotte,Wellness center,dreamwellnesspllc.com,"1251 Arrow Pine Dr Suite 231, Charlotte, NC 28273, United States",shakeila@dreamwellnesspllc.com,Shakeila,Bell,Owner,mb,Catch-All,dreamwellnesspllc-com.mail.protection.outlook.com
+1 425-286-8078,Bellevue Body Queen MD,Cosmetic surgeon,bellevuebodyqueen.com,"1260 116th Ave NE Ste 210, Bellevue, WA 98004, United States",susan@bellevuebodyqueen.com,Susan,Yang,Cosmetic Surgeon & Owner,mb,Catch-All,aspmx.l.google.com
+1 310-917-4433,Sebastian Quynh MD,Dermatologist,sebastianmd.com,"1260 15th St #709, Santa Monica, CA 90404, United States",quynh@sebastianmd.com,Quynh,Sebastian,Co-Founder,mb,Catch-All,sebastianmd-com.mail.protection.outlook.com
+1 801-422-4494,Y Be Fit,Wellness center,ybefit.byu.edu,"127 Richards Building, N University Ave, Provo, UT 84602, United States",elizabeth.fosson@byu.edu,Elizabeth,Fosson,Graduate Co-director,mb,Catch-All,byu-edu.mail.protection.outlook.com
+1 425-316-5080,"Jeffrey R. Scott, MD",Plastic surgeon,swedish.org,"12800 Bothell Everett Hwy, Everett, WA 98208, United States",elizabeth.wako@swedish.org,Elizabeth,Wako,President and Chief Executive Officer,mb,Catch-All,mxa-00003207.gslb.pphosted.com
+1 425-316-5080,"Jeffrey R. Scott, MD",Plastic surgeon,swedish.org,"12800 Bothell Everett Hwy, Everett, WA 98208, United States",julie.baxter@swedish.org,Julie,Baxter,"Program Manager, Academic Services",mb,Catch-All,mxb-00003207.gslb.pphosted.com
+1 914-594-5610,"Jason Clain, MD",Plastic surgeon,drclainplasticsurgery.com,"1290 Summer St #3600, Stamford, CT 06905, United States",jclain@nyplasticsurgical.com,Jason,Clain,Founder,mb,Catch-All,d292494a.ess.barracudanetworks.com
+1 407-529-7780,Balance Wellness Spa,Spa and health club,balanceeastorlando.com,"12913 E Colonial Dr, Orlando, FL 32826, United States",hilda@balanceeastorlando.com,Hilda,Roncal,Owner,mb,Catch-All,aspmx.l.google.com
+1 786-670-9457,Nuvida - IV Hydration & Wellness,Health spa,nuvidahealth.org,"12955 Biscayne Blvd Ste 200, Miami, FL 33181, United States",teena@nuvidahealth.org,Teena,Scott,CEO,mb,Catch-All,SMTP.GOOGLE.COM
+1 703-349-7803,"Justin Cohen, M.D., F.A.C.S",Plastic surgeon,cohenclinicdc.com,"1300 Chain Bridge Rd 2nd Floor, McLean, VA 22101, United States",justin@cohenclinicdc.com,Justin,Cohen,Founder,mb,Catch-All,aspmx.l.google.com
+1 504-354-1929,Elemental Balance Spa,Spa and health club,myelementalbalance.com,"1301 Whitney Ave., Gretna, LA 70056, United States",draymondaka@yahoo.com,Danita,Raymond,Owner,mb,Catch-All,mta6.am0.yahoodns.net
+1 856-784-2639,South Shore Plastic Surgery,Plastic surgeon,drvasisht.com,"1307 White Horse Rd E501, Voorhees Township, NJ 08043, United States",bhupesh.vasisht@drvasisht.com,Bhupesh,Vasisht,Owner,mb,Catch-All,aspmx.l.google.com
+1 425-830-7431,Cryo Sanctuary,Wellness center,cryosanctuary.com,"1322 Lake Washington Blvd N Suite1, Renton, WA 98056, United States",shelley@cryosanctuary.com,Shelley,Stroeve,Founder,mb,Catch-All,ASPMX.L.GOOGLE.com
+1 208-735-3730,North Canyon Cosmetic Surgery,Cosmetic surgeon,northcanyon.org,"1341 Fillmore St Ste 200, Twin Falls, ID 83301, United States",jdee.adams@northcanyon.org,J'Dee,Adams,Chief Executive Officer,mb,Catch-All,d218050a.ess.barracudanetworks.com
+1 208-735-3730,North Canyon Cosmetic Surgery,Cosmetic surgeon,northcanyon.org,"1341 Fillmore St Ste 200, Twin Falls, ID 83301, United States",kelly.herrgesell@northcanyon.org,Kelly,Herrgesell,Compliance and Risk Director,mb,Catch-All,d218050a.ess.barracudanetworks.com
+1 212-475-8100,Ferzli Facial Plastic Surgery,Plastic surgeon,ferzlifacialplasticsurgery.com,"135 E 74th St, New York, NY 10021, United States",drferzli@ferzlifacialplasticsurgery.com,George,Ferzli,Founder,mb,Catch-All,aspmx.l.google.com
+1 858-692-1515,Skin & Soul Wellness,Health spa,skin-soulwellness.com,"135 Liverpool Dr, Cardiff, CA 92007, United States",pia@skin-soulwellness.com,Pia,Holz,Founder,mb,Catch-All,skinsoulwellness-com01b.mail.protection.outlook.com
+1 720-464-8744,"Aura Functional Medicine, Dr. Alison Egeland",Naturopathic practitioner,aurafunctionalmed.com,"1365 Forest Park Cir Suite 102, Lafayette, CO 80026, United States",alison@aurafunctionalmed.com,Alison,Egeland,Founder,mb,Catch-All,smtp.google.com
+1 801-888-5911,Evolution Mentoring Wellness,Wellness center,evolutionmentoring.net,"1369 E Hindley Ln, Eagle Mountain, UT 84005, United States",beth@evolutionmentoring.net,Beth,Lindhardt,Owner,mb,Catch-All,mx.evolutionmentoring.net
+1 720-615-3665,Suterra Wellness & Aesthetics (formerly Beauty Oasis by Suterra),Wellness center,beautyoasisbysuterra.com,"13758 Grant St Ste 113, Thornton, CO 80023, United States",tara@oasis-sisters.com,Tara,Rechtenbaugh,Founder,mb,Catch-All,aspmx.l.google.com
+1 239-500-7546,SWFL Dermatology Plastic Surgery & Laser Center,Dermatologist,swfldermatology.com,"13800 Tamiami Trl N Apt 112, Naples, FL 34110, United States",joseph@swfldermatology.com,Joseph,Onorato,Founder & Owner,mb,Catch-All,d212157a.ess.barracudanetworks.com
+1 405-704-6673,"Dr. Robert Rhodes, MD",Plastic surgeon,refinedokc.com,"13820 Wireless Way, Oklahoma City, OK 73134, United States",drrhodes@refinedokc.com,Robert,Rhodes,Founder,mb,Catch-All,refinedokc-com.mail.protection.outlook.com
+1 801-224-5200,Dermatology Center,Dermatologist,oremdermcenter.com,"1385 E 750 N St, Orem, UT 84097, United States",devin@oremdermcenter.com,Devin,Burr,Dermatologist,mb,Catch-All,aspmx.l.google.com
+1 510-483-9007,"Homayoun Attaran, MD",Plastic surgeon,drattaran.com,"13851 E 14th St #101, San Leandro, CA 94578, United States",homayounattaranmd@yahoo.com,Homayoun,Attaran,Owner,mb,Catch-All,mta7.am0.yahoodns.net
+1 919-933-9522,"Dr. Justin C. Sowder, MD",Plastic surgeon,finnplasticsurgery.com,"1390 Environ Way Bldg 1000, 3rd floor, Chapel Hill, NC 27517, United States",charles@finnplasticsurgery.com,J.,Finn,Founder,mb,Catch-All,SMTP.GOOGLE.com
+1 877-756-7363,Koreme Anti-aging & Aesthetics Medical Group (Virtual Telemedicine Antiaging & Weight loss Clinic),Wellness center,koremeantiaging.com,"1395 Brickell Ave, Miami, FL 33131, United States",dimitri@koremeantiaging.com,Dimitri,Fragoulias,Company Owner,mb,Catch-All,koremeantiaging-com.mail.protection.outlook.com
+1 802-447-5060,"Gerald A. Drabyn, MD, FACS",Plastic surgeon,svhealthcare.org,"140 Hospital Dr #205, Bennington, VT 05201, United States",estevan.garcia@svhealthcare.org,Estevan,Garcia,President & CEO,mb,Catch-All,mxb-00396101.gslb.pphosted.com
+1 802-447-5060,"Gerald A. Drabyn, MD, FACS",Plastic surgeon,svhealthcare.org,"140 Hospital Dr #205, Bennington, VT 05201, United States",leslie.keefe@svhealthcare.org,Leslie,Keefe,Vice President of Corporate Development,mb,Catch-All,mxa-00396101.gslb.pphosted.com
+1 360-814-2586,Skagit Regional Clinics - Mount Vernon Plastic and Reconstructive Surgery,Plastic surgeon,skagitregionalhealth.org,"1400 E Kincaid St Suite 202, Mount Vernon, WA 98274, United States",bivie@skagitregionalhealth.org,Brian,Ivie,President and Chief Executive Officer,mb,Catch-All,skagitregionalhealth-org.mail.protection.outlook.com
+1 718-918-5000,"Liebling, Ralph, MD",Plastic surgeon,nychealthandhospitals.org,"1400 Pelham Pkwy S, Bronx, NY 10461, United States",mitchell.katz@nychealthandhospitals.org,Mitchell,Katz,President and CEO,mb,Catch-All,mailgw.wip-ext.nychhc.org
,Xynwell Oculofacial Plastic Surgery + Facial Aesthetics,Plastic surgeon,xynwell.com,"14001 N 7th St # E110, Phoenix, AZ 85022, United States",roya@xynwell.com,Roya,Safari,CEO,mb,Catch-All,smtp.google.com
+1 949-759-8700,Thomas Toohey M.D.,Plastic surgeon,tooheyplasticsurgery.md,"1401 Avocado Ave #100, Newport Beach, CA 92660, United States",thomas@tooheyplasticsurgery.md,Thomas,Toohey,Owner,mb,Catch-All,mx2.mailchannels.net
+1 475-289-4991,Guiding Light Wellness LLC,Wellness center,guidinglightwellness.com,"143 West St, New Milford, CT 06776, United States",laurie@guidinglightwellness.com,Laurie,Antonacci,Owner,mb,Catch-All,guidinglightwellness-com.mail.protection.outlook.com
+1 937-903-5576,Meridian180,Wellness program,meridian180.com,"1430 Oak Ct Ste 211, Beavercreek, OH 45430, United States",doug@meridian180.com,Gary,Akerman,Owner,mb,Catch-All,meridian180-com.mail.protection.outlook.com
+1 713-523-0300,Kronowitz Plastic Surgery | KronoGlow,Plastic surgeon,kronowitzplasticsurgery.com,"1431 Studemont St Suite 600, Houston, TX 77007, United States",steven@kronowitzplasticsurgery.com,Steven,Kronowitz,Founder,mb,Catch-All,mx1-us1.ppe-hosted.com
+1 443-640-5711,MedLuxe Wellness,Wellness center,medluxewell.com,"14346 Jarrettsville Pike Suite 300, Phoenix, MD 21131, United States",joseph@medluxewell.com,Joseph,Krecz,Chief Medical Officer,mb,Catch-All,aspmx.l.google.com
+1 970-682-3969,NewU Wellness Center,Wellness center,newuwellnesscenter.com,"1435 W 29th St, Loveland, CO 80538, United States",mellyna@newuwellnesscenter.com,Mellyna,McGlothlin,Co-Founder,mb,Catch-All,mxa.mailgun.org
+1 952-891-3019,Whole Life Clinic,Naturopathic practitioner,wholelifeclinic.com,"14450 S Robert Trail #202, Rosemount, MN 55068, United States",jeff@wholelifeclinic.com,Jeff,Essen,CEO,mb,Catch-All,smtp.google.com
+1 360-878-9300,Nichols Christopher M MD,Plastic surgeon,pearlplasticsurgery.com,"145 Lilly Rd NE, Olympia, WA 98506, United States",chris@pearlplasticsurgery.com,Chris,Nichols,Founder,mb,Catch-All,ASPMX.L.GOOGLE.com
+1 310-614-9701,"Amir Tahernia, M.D.",Plastic surgeon,amirtaherniamd.com,"145 N Robertson Blvd, Beverly Hills, CA 90211, United States",amir.tahernia@amirtaherniamd.com,Amir,Tahernia,Owner,mb,Catch-All,aspmx.l.google.com
+1 317-764-2141,Farthing Dermatology Partners,Dermatologist,farthingdermatology.com,"14540 Prairie Lakes Blvd N Ste 101, Noblesville, IN 46060, United States",ben@farthingdermatology.com,Ben,Farthing,Founder,mb,Catch-All,farthingdermatology-com.mail.protection.outlook.com
+1 210-993-5644,Zerona of San Antonio,Wellness program,zeronaofsa.com,"147 W Sunset Rd #101, San Antonio, TX 78209, United States",puhlgolf@aol.com,Tripp,Puhl,Owner,mb,Catch-All,mx-aol.mail.gm0.yahoodns.net
+1 916-232-4975,Arctic Elevation Roseville,Wellness center,arcticelevation.com,"1470 Eureka Rd #150, Roseville, CA 95661, United States",david@arcticelevation.com,David,Kostroub,CEO,mb,Catch-All,aspmx.l.google.com
+1 385-336-7461,Vita Skin MD,Dermatologist,vitaskin.clinic,"148 S 1100 E, American Fork, UT 84003, United States",blake@vitaskin.clinic,R. Blake,Steele,Founder and Owner,mb,Catch-All,smtp.google.com
+1 408-317-3777,Maan Plastic Surgery,Plastic surgeon,maanplasticsurgery.com,"14830 Los Gatos Blvd #300, Los Gatos, CA 95032, United States",audrey@maanplasticsurgery.com,Audrey,,Practice Manager,mb,Catch-All,aspmx.l.google.com
+1 805-680-3357,Soma Skin Spa LLC,Wellness center,somaskinspa.com,"1485 E Valley Rd #6, Montecito, CA 93108, United States",irina@somaskinspa.com,Irina,Petrova,Owner,mb,Catch-All,aspmx.l.google.com
+1 951-534-9584,Good Skin and Body wellness,Health spa,goodskinandwellness.com,"14910 Summit Ave, Fontana, CA 92336, United States",alexa@goodskinandwellness.com,Alexa,Johnson,Owner,mb,Catch-All,route1.mx.cloudflare.net
+1 631-836-2720,Nutrition Coaching with FuelMoore,Wellness program,fuelmoore.com,"15 Echo Ave, Mt Sinai, NY 11766, United States",sara@fuelmoore.com,Sara,Jensen,CEO,mb,Catch-All,mx1-us1.ppe-hosted.com
+1 631-836-2720,Nutrition Coaching with FuelMoore,Wellness program,fuelmoore.com,"15 Echo Ave, Mt Sinai, NY 11766, United States",annmarie@fuelmoore.com,Ann Marie,Moore,Founder and Coach,mb,Catch-All,mx1-us1.ppe-hosted.com
+1 718-605-4093,Gullo Wellness,Wellness center,gullowellness.com,"15 Hospital Center Commons #200f, Hilton Head Island, SC 29926, United States",nicole@gullowellness.com,Nicole,Gullo,Founder,mb,Catch-All,aspmx.l.google.com
+1 224-215-0232,AstraMed Wellness,Wellness center,astramedwellness.com,"150 Half Day Rd Ste 204, Buffalo Grove, IL 60089, United States",erin@astramedwellness.com,Erin,Vist,Founder,mb,Catch-All,SMTP.GOOGLE.com
+1 203-428-4554,The Vital Stretch,Wellness center,thevitalstretch.com,"150 Washington Blvd, Stamford, CT 06902, United States",melissa@thevitalstretch.com,Melissa,Goldring,CEO,mb,Catch-All,aspmx.l.google.com
+1 203-428-4554,The Vital Stretch,Wellness center,thevitalstretch.com,"150 Washington Blvd, Stamford, CT 06902, United States",jacob@thevitalstretch.com,Jacob,Mani,Manager,mb,Catch-All,aspmx.l.google.com
+1 682-885-7770,Dr. Eric Hubli,Plastic surgeon,cookchildrens.org,"1500 Cooper St, Fort Worth, TX 76104, United States",kim.brown3@cookchildrens.org,Kim,Brown,"Director, Public Relations",mb,Catch-All,mx0a-00272901.pphosted.com
+1 682-885-7770,Dr. Eric Hubli,Plastic surgeon,cookchildrens.org,"1500 Cooper St, Fort Worth, TX 76104, United States",rick.merrill@cookchildrens.org,Rick,Merrill,President and CEO,mb,Catch-All,mx0a-00272901.pphosted.com
+1 714-844-6334,"Daniel Urias, M.D. - Dr. Orange County",Plastic surgeon,drurias.com,"1500 E Katella Ave p, Orange, CA 92867, United States",daniel@drurias.com,Daniel,Urias,Owner,mb,Catch-All,aspmx.l.google.com
+1 304-966-5770,Summit IV & Wellness,Wellness center,summitivwellness.com,"1500 Grand Central Ave #106, Vienna, WV 26105, United States",daniel@summitivwellness.com,Daniel,Shank,Founder,mb,Catch-All,mxa.mailgun.org
+1 417-326-6000,Reynolds William R MD,Cosmetic surgeon,citizensmemorial.com,"1500 N Oakland Ave, Bolivar, MO 65613, United States",mike.calhoun@citizensmemorial.com,Michael,Calhoun,Chief Executive Officer,mb,Catch-All,d255908a.ess.barracudanetworks.com
+1 516-605-6101,Boost Health And Wellness,Wellness center,boosthealthny.com,"1500 Old Northern Blvd Unit 1504, Roslyn, NY 11576, United States",leor@boost-wellness.co,Leor,Azizian,Co-Founder,mb,Catch-All,mx156.hostedmxserver.com
+1 317-873-1200,"Chris Lowery, D.O.",Cosmetic surgeon,witham.org,"1503 W Oak St, Zionsville, IN 46077, United States",kbraverman@witham.org,Kelly,Braverman,President & CEO,mb,Catch-All,mail.witham.org
+1 405-310-6000,EVI Dermatology - Oklahoma City,Dermatologist,evidermatology.com,"1512 SW 119th St, Oklahoma City, OK 73170, United States",drpham@evidermatology.com,Quy,Pham,Founder,mb,Catch-All,smtp.google.com
+1 630-300-0015,"Orsini Surgical Dermatology: Amy Orsini, MD & Maria J. Quintanilla-Dieck, MD",Dermatologist,orsinidermatology.com,"1519 Legacy Cir, Naperville, IL 60563, United States",amy@orsinidermatology.com,Amy,Orsini,Founder & Owner,mb,Catch-All,orsinidermatology-com.mail.protection.outlook.com
+1 636-226-4444,Willis Cosmetic Surgery & MedSpa,Cosmetic surgeon,williscosmeticsurgery.com,"15322 Manchester Rd, Ellisville, MO 63011, United States",brooke@williscosmeticsurgery.com,Brooke,Miller,Administrator,mb,Catch-All,williscosmeticsurgery-com.mail.protection.outlook.com
+1 305-446-7700,Dr. Jacob Carlson,Plastic surgeon,aeris.co,"1537 San Remo Ave, Coral Gables, FL 33146, United States",drghersi@aeris.co,Marcelo,Ghersi,Founder,mb,Catch-All,d358851a.ess.barracudanetworks.com
+1 430-233-5946,Helix Physical Therapy and Chiropractic- Lakeway,Sports medicine clinic,helixsportsmed.com,"15401 Debba Dr, Lakeway, TX 78734, United States",jimmy@helixsportsmed.com,Jimmy,Rowland,Co-Owner,mb,Catch-All,aspmx.l.google.com
+1 708-614-6600,Dr. Samir R Shah M.D.,Plastic surgeon,anewyouplasticsurgery.com,"15432 S Harlem Ave, Orland Park, IL 60462, United States",rajendra@anewyouplasticsurgery.com,Rajendra,Shah,Owner,mb,Catch-All,aspmx.l.google.com
+1 858-345-4190,Maven Wellness,Naturopathic practitioner,mavwellness.com,"15525 Pomerado Rd Building C-1b, Poway, CA 92064, United States",noelani@mavwellness.com,Noelani,Rodriguez,Owner,mb,Catch-All,aspmx.l.google.com
+1 281-673-4156,Dr. Stan Plastic Surgery & Med Spa,Plastic surgeon,drstanplasticsurgery.com,"15591 Creekbend Dr Ste 100, Sugar Land, TX 77478, United States",stanley@drstanplasticsurgery.com,Stanley,Ogu,Founder,mb,Catch-All,aspmx.l.google.com
+1 216-329-3551,Mae Bella Hydration Aesthetics Wellness,Wellness center,iammaebella.com,"15644 Madison Ave #215, Lakewood, OH 44107, United States",fratina@iammaebella.com,Fratina,Boatman,Founder,mb,Catch-All,aspmx.l.google.com
+1 551-201-1110,New Jersey Gynecomastia Center,Plastic surgeon,newjerseygynecomastiacenter.com,"1567 Palisade Ave #3A, Fort Lee, NJ 07024, United States",paul@newjerseygynecomastiacenter.com,Paul,Rosenberg,Head Plastic Surgeon,mb,Catch-All,mail.newjerseygynecomastiacenter.com
+1 732-705-6226,Powerful Women's Health,Women's health clinic,powerfulwomenshealth.com,"157 Broad St Suite 312, Red Bank, NJ 07701, United States",kim@powerfulwomenshealth.com,Kim,Breslin,Founder,mb,Catch-All,smtp.google.com
+1 919-617-0717,"Zain Husain, MD",Dermatologist,noorderm.com,"160 Macgregor Pines Dr Suite 100, Cary, NC 27511, United States",zain@noorderm.com,Zain,Husain,Founder,mb,Catch-All,aspmx.l.google.com
+1 360-428-4200,Fowler Amber MD,Dermatologist,rosarioskinclinic.com,"1600 Continental Pl #101, Mount Vernon, WA 98273, United States",amber@rosarioskinclinic.com,Amber,Fowler,Owner,mb,Catch-All,mx156.hostedmxserver.com
+1 651-241-6800,"Neel S. Joshi, MD",Plastic surgeon,stfrancis-shakopee.com,"1601 St Francis Ave Suite 200, Shakopee, MN 55379, United States",michelle.enderson@allina.com,Michelle,Enderson,Manager,mb,Catch-All,allina-com.mail.protection.outlook.com
+1 651-241-6800,"Neel S. Joshi, MD",Plastic surgeon,stfrancis-shakopee.com,"1601 St Francis Ave Suite 200, Shakopee, MN 55379, United States",amy.jerdee@allina.com,Amy,Jerdee,President,mb,Catch-All,allina-com.mail.protection.outlook.com
+1 770-779-7177,Cellular Health - Newnan,Wellness center,cellular.health,"1605 GA-34 Ste c, Newnan, GA 30265, United States",joe@cellular.health,Joe,Skipper,Founder,mb,Catch-All,aspmx.l.google.com
+1 954-266-0017,Thera P Hormone Replacement,Reproductive health clinic,biohormonecenter.com,"1605 Town Center Blvd Ste A, Weston, FL 33326, United States",michael@biohormonecenter.com,Michael,Augustino,Owner,mb,Catch-All,aspmx.l.google.com
+1 303-917-9346,Omni Longevity (formerly Cherry Hills Cryo),Health spa,omni-longevity.com,"1610 E Girard Pl F, Englewood, CO 80113, United States",justin@omni-longevity.com,Justin,Wilson,Owner,mb,Catch-All,aspmx.l.google.com
+1 208-337-7728,"Dr. Joel Noland, NMD & HealthSpan Institute",Naturopathic practitioner,drjoelnoland.com,"1617 N 3rd St Suite 1000, Coeur d'Alene, ID 83814, United States",drjoel@sequoiamedicine.com,Joel,Noland,Owner,mb,Catch-All,mail.protonmail.ch
+1 407-614-2222,The Vault Performance,Wellness center,thevaultperformance.com,"16349 Phil Ritson Way Ste #3, Winter Garden, FL 34787, United States",craig@thevaultperformance.com,Craig,Davies,Founder,mb,Catch-All,thevaultperformance-com.mail.protection.outlook.com
+1 949-877-8330,"Whitney Florin, M.D.",Cosmetic surgeon,drwhitneyflorin.com,"1640 Newport Blvd Suite 370, Costa Mesa, CA 92627, United States",whitney@drwhitneyflorin.com,Whitney,Florin,Owner,mb,Catch-All,mxb.mailgun.org
+1 408-358-5757,"Patrick Bitter Jr, MD",Dermatologist,patrickbitterjrmd.com,"16400 Lark Ave #300, Los Gatos, CA 95032, United States",patrick@patrickbitterjrmd.com,Patrick,Bitter,CEO,mb,Catch-All,patrickbitterjrmd.com.1.0001.arsmtp.com
+1 408-358-5757,"Patrick Bitter Jr, MD",Dermatologist,patrickbitterjrmd.com,"16400 Lark Ave #300, Los Gatos, CA 95032, United States",abla@patrickbitterjrmd.com,Abla,Bitter,Director,mb,Catch-All,patrickbitterjrmd.com.1.0001.arsmtp.com
+1 847-970-1706,Body Life LUXE Co.,Wellness center,bodylifeluxe.com,"165 S Rand Rd, Lake Zurich, IL 60047, United States",natile@bodylifeluxe.com,Natile,Barsella,Owner,mb,Catch-All,aspmx.l.google.com
+1 718-579-3979,Susan Chung,Plastic surgeon,bronxcare.org,"1650 Grand Concourse Fl 3, Bronx, NY 10457, United States",anthomas@bronxcare.org,Angeline,Thomas,Director Non-Clinical Services,mb,Catch-All,bronxcare-org.mail.protection.outlook.com
+1 718-579-3979,Susan Chung,Plastic surgeon,bronxcare.org,"1650 Grand Concourse Fl 3, Bronx, NY 10457, United States",mfuentes@bronxcare.org,Miguel,Fuentes,President and Chief Executive Officer,mb,Catch-All,bronxcare-org.mail.protection.outlook.com
+1 317-973-4550,"Emily Hrisomalos MD, Facial Plastic Surgery",Plastic surgeon,dremilyhrisomalos.com,"1650 W Oak St Ste 107, Zionsville, IN 46077, United States",emily@dremilyhrisomalos.com,Emily,Hrisomalos,Owner,mb,Catch-All,dremilyhrisomalos-com.mail.protection.outlook.com
+1 949-514-8614,Dr. Moore Plastic Surgery,Plastic surgeon,drmooreplasticsurgery.com,"16520 Bake Pkwy Ste 115, Irvine, CA 92618, United States",ryan@drmooreplasticsurgery.com,Ryan,Moore,Owner,mb,Catch-All,aspmx.l.google.com
+1 480-208-7234,Angel Presence Healing Center,Wellness center,angelpresence.net,"16743 E Palisades Blvd #203, Fountain Hills, AZ 85268, United States",angelsheal4u@yahoo.com,Suzannah,Nickell,Owner,mb,Catch-All,mta5.am0.yahoodns.net
+1 808-445-6800,"Walter W. Tom, MD, FACS Maui Cosmetic Surgery",Cosmetic surgeon,mauicosmeticsurgery.com,"169 Ma'a St, Wailuku, HI 96793, United States",drtom@mauicosmeticsurgery.com,Walter,Tom,Owner,mb,Catch-All,mauicosmeticsurgery-com.mail.protection.outlook.com
+1 212-583-1200,"Robert M. Freund, MD",Plastic surgeon,robertfreundmd.com,"170 East End Ave Ste CS, New York, NY 10128, United States",robert.freund@robertfreundmd.com,Robert,Freund,Owner,mb,Catch-All,aspmx.l.google.com
+1 781-739-3354,Gynecomastia Center of Boston,Plastic surgeon,gynecomastiacenterofboston.com,"170 Worcester St #1, Wellesley, MA 02481, United States",arthur@gynecomastiacenterofboston.com,Arthur,Shektman,Founder,mb,Catch-All,mail.gynecomastiacenterofboston.com
+1 843-714-0709,Three Seeds Wellness Studios,Wellness center,threeseedswellnessstudios.com,"1700 Ashley River Rd Suite B, Charleston, SC 29407, United States",becca@threeseedswellnessstudios.com,Becca,Roberts,Owner,mb,Catch-All,threeseedswellnessstudios-com.mail.protection.outlook.com
+1 805-981-1898,"Lynn Jeffers, MD - Board Certified Plastic Surgeon of the Breast, Body, and Face",Plastic surgeon,drlynnjeffers.com,"1700 N Rose Ave, Oxnard, CA 93030, United States",plasticsurgerydoctor@yahoo.com,Lynn,Jeffers,Owner,mb,Catch-All,mta6.am0.yahoodns.net
+1 972-227-6264,Armani Medical,Hair transplantation clinic,armanimedical.com,"17000 Preston Rd Ste 120, Dallas, TX 75248, United States",abraham@armanimedical.com,Abraham,Armani,Founder,mb,Catch-All,aspmx.l.google.com
+1 850-877-4134,Dr. William Green,Dermatologist,datfl.com,"1707 Riggins Rd, Tallahassee, FL 32308, United States",kseymore@datfl.com,Ken,Seymore,Chief Operating Officer,mb,Catch-All,dermsoutheast-mx1.titanhq.com
+1 435-800-6969,WOW Clinic,Wellness center,wowclinic.com,"1716 US-40 Ste 200, Heber City, UT 84032, United States",bryant@wowclinic.com,Bryant,Salmon,CEO,mb,Catch-All,aspmx.l.google.com
,Santa Barbara's Center for Aesthetic Breast Surgery,Plastic surgeon,sbplasticsurgeon.com,"1722 State St STE 101, Santa Barbara, CA 93101, United States",adam@sbplasticsurgeon.com,Adam,Lowenstein,Founder,mb,Catch-All,aspmx.l.google.com
+1 682-332-7588,Pinnacle Performance Care,Wellness center,pinnacleperformancecare.com,"1725 Fort Worth Hwy Ste 1, Weatherford, TX 76086, United States",shaun@pinnacleperformancecare.com,Shaun,Carlton,Founder,mb,Catch-All,smtp.google.com
+1 626-600-0375,Soluna Spa Facials & Wellness,Spa and health club,solunaspawellness.com,"1730 Huntington Dr #101, South Pasadena, CA 91030, United States",elizabeth@solunaspawellness.com,Elizabeth,Lancaster,Practice Manager,mb,Catch-All,smtp.google.com
+1 512-666-7298,Revitalize,Wellness center,revitalme.com,"17317 RM 1431 building a, Leander, TX 78641, United States",esraeltilib@yahoo.com,Esra,Eltilib,Pharmacist & Wellness Consultant,mb,Catch-All,mta7.am0.yahoodns.net
+1 801-379-2900,Excel Cosmetic Surgery Center,Plastic surgeon,exceleyecenter.com,"1735 N State St Suite 201, Provo, UT 84604, United States",bwachter@exceleyecenter.com,Brittney,Wachter,Chief Executive Officer,mb,Catch-All,d268673a.ess.barracudanetworks.com
+1 941-340-3636,Straight2U Medical & Beauty Institute,Wellness center,straight2uhealth.com,"17835 Murdock Cir a, Port Charlotte, FL 33948, United States",edgar@straight2uhealth.com,Edgar,Cruz,Owner,mb,Catch-All,straight2uhealth-com.mail.protection.outlook.com
+1 954-870-5813,The Biohack Lab | FLL,Wellness center,thebiohacklab.com,"1785 SE 17th St, Fort Lauderdale, FL 33316, United States",stephan.coles@thebiohacklab.com,Stephan,Coles,Investor and Entrepreneur,mb,Catch-All,aspmx.l.google.com
+1 425-947-9485,Root Hair Institute | Hair Transplant & Restoration,Hair transplantation clinic,roothair.com,"1800 116th Ave NE #102, Bellevue, WA 98004, United States",natalie@roothair.com,Natalie,Kash,President & Chief Medical Officer,mb,Catch-All,aspmx.l.google.com
+1 928-962-6444,ROHCT Wellness Bar,Spa and health club,rohct.com,"1800 S Milton Rd Ste 26, Flagstaff, AZ 86001, United States",casey@rohct.com,Casey,Dubravcic,Founder and CEO,mb,Catch-All,aspmx.l.google.com
+1 661-326-7500,Silhouette Plastic Surgery Institute,Plastic surgeon,silhouetteplasticsurgery.com,"1801 16th St A, Bakersfield, CA 93301, United States",hootan@silhouetteplasticsurgery.com,Hootan,Daneshmand,Owner,mb,Catch-All,mx.silhouetteplasticsurgery.com
+1 660-951-1020,Chill Cryotherapy & Wellness,Wellness center,chillcryowellness.com,"1806 W 5th St, Sedalia, MO 65301, United States",angie@chillcryowellness.com,Angie,Howard,Owner,mb,Catch-All,mx1-us1.ppe-hosted.com
+1 954-754-4877,Red Rose Cosmetic and Surgical Arts,Plastic surgeon,redrosesurgical.com,"18260 NE 19th Ave Ste 104, North Miami Beach, FL 33162, United States",kyle@redrosesurgical.com,Kyle,Lehman,Co-owner,mb,Catch-All,smtp.google.com
+1 727-435-7394,The Confidence Clinic,Wellness center,myconfidenceclinic.com,"1831 N Belcher Rd. Ste C2, Clearwater, FL 33765, United States",allison@myconfidenceclinic.com,Allison,Cale,Founder,mb,Catch-All,myconfidenceclinic-com.mail.protection.outlook.com
+1 425-492-0082,ISM Health - Integrative Naturopathic Clinic,Naturopathic practitioner,ismhealth.org,"18404 102nd Ave NE, Bothell, WA 98011, United States",dra@ismhealth.org,Jamie,Agisheva,Owner,mb,Catch-All,aspmx.l.google.com
+1 916-983-9895,"Dr. Lauren Daly, MD",Plastic surgeon,laurendalyplasticsurgery.com,"1841 Iron Point Rd, Folsom, CA 95630, United States",lauren@laurendalyplasticsurgery.com,Lauren,Daly,Owner,mb,Catch-All,aspmx.l.google.com
+1 352-742-0079,Marzek Peter A MD,Plastic surgeon,bosshardtandmarzek.com,"1879 Nightingale Ln Ste A2, Tavares, FL 32778, United States",rtbosshardt@aol.com,Richard,Bosshardt,Owner,mb,Catch-All,mx-aol.mail.gm0.yahoodns.net
+1 302-643-2900,Pellegrino Plastic Surgery,Plastic surgeon,pellegrinoplasticsurgery.com,"18947 John J. Williams Hwy #215, Rehoboth Beach, DE 19971, United States",christopher@pellegrinoplasticsurgery.com,Christopher,Pellegrino,Owner,mb,Catch-All,pellegrinoplasticsurgery-com.mail.protection.outlook.com
+1 262-910-8997,"Lucas M. Boehm, MD",Plastic surgeon,consonamd.com,"19 Crossroads Ct Ste 201, Delafield, WI 53018, United States",drboehm@consonamd.com,Lucas,Boehm,Founder,mb,Catch-All,smtp.google.com
+1 850-769-7546,"Dr. Christopher Wolfe, DO, FACMS- Dermatology Associates Skin & Cancer Center Mohs Micrographic & Reconstructive Surgeon",Dermatologist,769skin.com,"1900 Harrison Ave, Panama City, FL 32405, United States",manager@769skin.com,,,Manager,mb,Catch-All,smtp.google.com
+1 850-769-7546,"Dr. Christopher Wolfe, DO, FACMS- Dermatology Associates Skin & Cancer Center Mohs Micrographic & Reconstructive Surgeon",Dermatologist,769skin.com,"1900 Harrison Ave, Panama City, FL 32405, United States",derm1@769skin.com,Christopher,Wolfe,Owner,mb,Catch-All,smtp.google.com
+1 575-652-1133,Satori Wellness NP,Wellness program,satorirenew.com,"1900 S Telshor Blvd C, Las Cruces, NM 88011, United States",naomi@satorirenew.com,Naomi,Suazo,CEO,mb,Catch-All,aspmx.l.google.com
+1 727-820-3223,"Anthony Aesthetics Facial Plastic Surgery: Charles Anthony II, MD",Plastic surgeon,charlesanthonymd.com,"1901 Dr M.L.K. Jr St N Ste B, St. Petersburg, FL 33704, United States",dranthony@charlesanthonymd.com,Charles,Anthony,Founder,mb,Catch-All,aspmx.l.google.com
+1 480-636-7676,Pure Sweat Spa,Health spa,puresweatspa.com,"1907 E Williams Field Rd #105, Gilbert, AZ 85295, United States",claudia@puresweatspa.com,Claudia,,Owner,mb,Catch-All,aspmx.l.google.com
+1 541-200-2022,Summit Dermatology and Aesthetics - Mariana Cooper PA-C; Abby Coats PA-C,Dermatologist,summitderm.com,"1910 E Barnett Rd Aesthetics Suite 101 Dermatology Suite 102, Medford, OR 97504, United States",jduenas@summitderm.com,Jasmine,Duenas,Clinic Manager,mb,Catch-All,summitderm-com.mail.protection.outlook.com
+1 618-470-9084,Livido Wellness,Wellness center,lividowellness.com,"1911 Frank Scott Pkwy E suite 4, Shiloh, IL 62269, United States",malissa@lividowellness.com,Malissa,Miller,Owner,mb,Catch-All,lividowellness-com.mail.protection.outlook.com
,Dr. Melissa Boyette,Plastic surgeon,coastalorthopedics.com,"1917 Worth Ct, Bradenton, FL 34211, United States",plemay@coastalorthopedics.com,Paige,LeMay,Chief Executive Officer,mb,Catch-All,coastalorthopedics-com.mx1.arsmtp.com
+1 602-933-0500,Phoenix Children's Hospital Thomas Campus - Plastic Surgery,Plastic surgeon,phoenixchildrens.org,"1919 E Thomas Rd Floor 2, Phoenix, AZ 85016, United States",jnickens@phoenixchildrens.org,John,Nickens,President and CEO,mb,Catch-All,mxb-00273b01.gslb.pphosted.com
+1 317-932-9355,"Mission Health & Wellness, LLC",Wellness center,missionhw.com,"192 N Avon Ave #300, Avon, IN 46123, United States",tara@missionhw.com,Tara,Kegeris,Owner,mb,Catch-All,mx1-us1.ppe-hosted.com
+1 352-559-8034,GLO Aesthetics + Wellness Lounge,Wellness center,gloocala.com,"1925 SW 18th Ct Ste 109, Ocala, FL 34471, United States",renee@gloocala.com,Renee,Porter,Co-Owner,mb,Catch-All,gloocala-com.mail.protection.outlook.com
+1 928-256-3051,Vida Holistic Healing Inc,Wellness center,vidaholistichealing.com,"1940 S 3rd Ave, Yuma, AZ 85364, United States",amandelyn@vidaholistichealing.com,Amandelyn,Taylor,Owner,mb,Catch-All,vidaholistichealing-com.mail.protection.outlook.com
+1 571-252-9237,Brawley Facial Plastic Surgery - Dr. C. Cameron Brawley,Plastic surgeon,brawleyfacialplasticsurgery.com,"19490 Sandridge Way Ste 70, Leesburg, VA 20176, United States",cameron@brawleyfacialplasticsurgery.com,Cameron,Brawley,Founder,mb,Catch-All,aspmx.l.google.com
+1 928-344-6263,Empower Wellness,Wellness center,empowerwellnessaz.com,"1951 W 25th St Ste D-2, Yuma, AZ 85364, United States",kellie@empowerwellnessaz.com,Kellie,Brooksher,Owner,mb,Catch-All,smtp.google.com
+1 770-407-2009,Dr. Joseph Walrath,Plastic surgeon,woolfsoneye.com,"1980 Riverside Pkwy Ste 103, Lawrenceville, GA 30043, United States",tom@woolfsoneye.com,Tom,Spetalnick,Clinical Director,mb,Catch-All,woolfsoneye.com.1.0001.arsmtp.com
+1 770-407-2009,Dr. Joseph Walrath,Plastic surgeon,woolfsoneye.com,"1980 Riverside Pkwy Ste 103, Lawrenceville, GA 30043, United States",jwoolfson@woolfsoneye.com,Jonathan,Woolfson,Founder,mb,Catch-All,woolfsoneye.com.1.0001.arsmtp.com
+1 618-391-0605,Live In Wellness,Naturopathic practitioner,iliveinwellness.com,"2 Clb Ctr Ct #3, Edwardsville, IL 62025, United States",amber@iliveinwellness.com,Amber,Boyles-Pellock,Owner,mb,Catch-All,mx1-us1.ppe-hosted.com
+1 774-264-9600,Ageless Wellness Medicine,Wellness center,agelesswellnessmedicine.com,"2 Crandall Rd Suite B, Tiverton, RI 02878, United States",dawn@agelesswellnessmedicine.com,Dawn,Wagner-Trudeau,Owner,mb,Catch-All,aspmx.l.google.com
+1 704-885-5524,Peak Wellness & Aesthetics,Health spa,peakmobileiv.com,"2 Doctors Park Ste C, Asheville, NC 28801, United States",amysteele@peakmobileiv.com,Amy,Steele,Founder & CEO,mb,Catch-All,aspmx.l.google.com
+1 949-482-1752,"Timothy R. Miller, MD: Refreshed Aesthetic Surgery",Plastic surgeon,lookrefreshed.com,"2 Journey #208, Aliso Viejo, CA 92656, United States",timothy@lookrefreshed.com,Timothy,Miller,Founder,mb,Catch-All,lookrefreshed.com.1.0001.arsmtp.com
+1 516-636-2131,Dr. Michelle S. Yusupov,Naturopathic practitioner,drmichnd.com,"2 Main St Ste 10, Roslyn, NY 11576, United States",michelle@drmichnd.com,Michelle,Yusupov,Founder,mb,Catch-All,aspmx.l.google.com
+1 631-888-3168,Renewed Wellness & Aesthetics,Wellness center,renewedwellnessaesthetics.com,"20 Gilbert Ave Ste 102A, Smithtown, NY 11787, United States",jamielynn@renewedwellnessaesthetics.com,Jamielynn,Pellegrino,Co-Founder,mb,Catch-All,smtp.google.com
+1 516-709-0614,Revivaluxe,Health spa,revivaluxe.com,"20 Nassau Blvd, Garden City, NY 11530, United States",jozelle@revivaluxe.com,Jozelle,Diaz Ortiz,Founder,mb,Catch-All,revivaluxe-com.mail.protection.outlook.com
+1 201-342-7333,Ritota Perry C MD,Plastic surgeon,ritota.com,"20 Prospect Ave #700, Hackensack, NJ 07601, United States",perry@ritota.com,Perry,Ritota,Owner,mb,Catch-All,postoffice.chpros.com
+1 201-596-6600,MyND by SC.N Dermatology,Dermatologist,myndbyscn.com,"200 Grand Ave #201, Englewood, NJ 07631, United States",info@myndbyscn.com,Chang,Son,Founder,mb,Catch-All,ASPMX.L.GOOGLE.com
+1 412-942-5725,St. Clair Medical Group Plastic Surgery,Plastic surgeon,stclair.org,"2000 Oxford Dr Suite 410, Bethel Park, PA 15102, United States",michael.flanagan@stclair.org,Michael,Flanagan,President and Chief Executive Officer,mb,Catch-All,mxb-00402c01.gslb.pphosted.com
+1 412-942-5725,St. Clair Medical Group Plastic Surgery,Plastic surgeon,stclair.org,"2000 Oxford Dr Suite 410, Bethel Park, PA 15102, United States",lindsay.meucci@stclair.org,Lindsay,Meucci,"Vice President, Marketing, Communications & Advocacy",mb,Catch-All,mxa-00402c01.gslb.pphosted.com
+1 310-829-5550,"Charlotta La Via, M.D.",Plastic surgeon,charlottalavia.com,"2001 Santa Monica Blvd #1180, Santa Monica, CA 90404, United States",charlotta@charlottalavia.com,Charlotta,La Via,Owner,mb,Catch-All,aspmx.l.google.com
+1 682-248-3112,The Office Wellness Spa,Wellness center,theofficewellnessspa.com,"2005 NE Green Oaks Blvd Suite 150, Arlington, TX 76006, United States",analisa@theofficewellnessspa.com,Analisa,Garcia,Office Manager,mb,Catch-All,mxb.mailgun.org
+1 682-248-3112,The Office Wellness Spa,Wellness center,theofficewellnessspa.com,"2005 NE Green Oaks Blvd Suite 150, Arlington, TX 76006, United States",medspamichelle@theofficewellnessspa.com,Michelle,Valdez,Owner,mb,Catch-All,mxb.mailgun.org
,"Noel Natoli, MD, FACS",Plastic surgeon,drnoelnatoli.com,"200A W Main St Building A Ste 101, Babylon, NY 11702, United States",nnatoli@lipsg.com,Noël,Natoli,Owner,mb,Catch-All,d138559a.ess.barracudanetworks.com
+1 910-537-5537,"Donald Sudy, MD - Wilmington Cosmetic Injectables Specialist",Plastic surgeon,evolvemetoday.com,"201 N Front St STE 501, Wilmington, NC 28401, United States",donald@evolvemetoday.com,Donald,Sudy,Founder & Owner,mb,Catch-All,smtp.google.com
+1 818-906-4404,Immunity Center,Wellness center,immunitycenter.io,"2010 N Glenoaks Blvd, Burbank, CA 91504, United States",david@immunitycenter.io,David,Nersisian,CEO,mb,Catch-All,aspmx.l.google.com
+1 248-759-5152,GLO Aesthetics,Health spa,gloaesthetics.com,"202 Walnut Blvd # A, Rochester, MI 48307, United States",diana@gloaesthetics.com,Diana,Adams,Founder & Owner,mb,Catch-All,aspmx.l.google.com
+1 602-595-7836,Revive Wellness & Rejuvenation,Wellness center,reviveaz.com,"20229 N 67th Ave C1A, Glendale, AZ 85308, United States",robert@reviveaz.com,Robert,Graham,Co-Owner,mb,Catch-All,aspmx.l.google.com
+1 225-654-1124,Renaissance Dermatology & Aesthetics,Dermatologist,ren-skin.com,"20474 Old Scenic Hwy, Zachary, LA 70791, United States",dani@ren-skin.com,Dani,Stockstill,Office Manager,mb,Catch-All,d288864a.ess.barracudanetworks.com
+1 225-654-1124,Renaissance Dermatology & Aesthetics,Dermatologist,ren-skin.com,"20474 Old Scenic Hwy, Zachary, LA 70791, United States",justin@ren-skin.com,Justin,Creel,Owner,mb,Catch-All,d288864a.ess.barracudanetworks.com
+1 386-280-4877,"Transformative Wellness, Red Light Therapy & Infrared Sauna",Wellness center,transformativewellnesshub.com,"208 Booth Rd Ste B, Ormond Beach, FL 32174, United States",casie@transformativewellnesshub.com,Casie,McCallister,Owner,mb,Catch-All,SMTP.GOOGLE.com
+1 304-940-3101,The Spa on Main,Health spa,thespaonmainwv.com,"208 E Main St, Bridgeport, WV 26330, United States",abbyredding@yahoo.com,Abby,Redding,Owner,mb,Catch-All,mta6.am0.yahoodns.net
+1 732-858-5770,Integrative Wellness and Aesthetics,Wellness center,iwaholmdel.com,"2080 NJ-35 #1, Holmdel, NJ 07733, United States",nicole@iwaholmdel.com,Nicole,Winterhalter,Founder,mb,Catch-All,iwaholmdel-com.mail.protection.outlook.com
+1 415-766-7266,Zaré Medical Naturopathic Group,Naturopathic practitioner,zaremedicalsf.com,"2087 Union St #1, San Francisco, CA 94123, United States",sara@zaremedicalsf.com,Sara,Zare,Owner,mb,Catch-All,aspmx.l.google.com
+1 805-888-8127,Santa Barbara Longevity Center,Wellness center,santabarbaralongevitycenter.com,"209 E Anapamu St, Santa Barbara, CA 93101, United States",drvalle@biomedlifesb.com,Leslie,Valle-Montoya,Founder,mb,Catch-All,aspmx.l.google.com
+1 480-931-3300,Keystone Natural Family Medicine - Chandler,Naturopathic practitioner,keystonemedicine.com,"2095 W Pecos Rd Suite A8, Chandler, AZ 85224, United States",kristen@keystonemedicine.com,Kristen,Bishop,Founder & CEO,mb,Catch-All,aspmx.l.google.com
+1 860-679-7546,"Dr. Hao Feng, MD",Dermatologist,haofengmd.com,"21 South Rd 2nd Floor, Farmington, CT 06032, United States",hfeng@uchc.edu,Hao,Feng,Owner,mb,Catch-All,mxa-001a4a02.gslb.pphosted.com
+1 714-890-4000,"Dr. Thanh N. Nguyen, M.D., F.A.C.S.",Plastic surgeon,tnnplasticsurgeon.com,"210 Hospital Cir G, Westminster, CA 92683, United States",thanh@tnnplasticsurgeon.com,Thanh,Nguyen,Owner,mb,Catch-All,aspmx.l.google.com
+1 415-981-3911,"Audrey B. Nguyen, MD",Plastic surgeon,draudreynguyen.com,"2100 Webster St #412, San Francisco, CA 94115, United States",audrey@draudreynguyen.com,Audrey,Nguyen,Owner,mb,Catch-All,aspmx.l.google.com
+1 415-923-3070,"Carolyn C Chang, MD, FACS",Plastic surgeon,drcarolynchang.com,"2100 Webster St Unit 508, San Francisco, CA 94115, United States",carolyncchang@yahoo.com,Carolyn,Chang,Owner,mb,Catch-All,mta7.am0.yahoodns.net
+1 229-889-1021,Albany Regional Plastic Surgery,Plastic surgeon,albanyregionalplasticsurgery.com,"2101 Palmyra Rd, Albany, GA 31701, United States",stanley@albanyregionalplasticsurgery.com,Stanley,Moye,Owner,mb,Catch-All,albanyregionalplasticsurgery-com.mail.protection.outlook.com
+1 512-376-2877,MED Solutions Hebrew Health Solutions,Wellness center,myo2meds.com,"2112 S Colorado St Unit C, Lockhart, TX 78644, United States",dmaher@myo2meds.com,Donald,Maher,Founder,mb,Catch-All,mx003.netsol.xion.oxcs.net
+1 432-310-8877,ThrIVe & RevIVe Wellness Spa,Health spa,thrive-revivewellness.com,"2121 E 42nd St, Odessa, TX 79762, United States",marie@thrive-revivewellness.com,Marie,Bittinger,Owner,mb,Catch-All,mx1-us1.ppe-hosted.com
+1 682-267-3600,Tranquility Hydration Wellness Aesthetics,Wellness center,tranquilitybar.com,"214 N Walnut Creek Dr, Mansfield, TX 76063, United States",info@tranquilitybar.com,Sade,Briscoe,Owner,mb,Catch-All,aspmx.l.google.com
+1 561-313-1230,Aloupis Dermatology,Dermatologist,aloupisdermatology.com,"2141 South Alternate A1A Ste 430, Jupiter, FL 33477, United States",kristen@aloupisdermatology.com,Kristen,Aloupis,Owner,mb,Catch-All,aloupisdermatology-com.mail.protection.outlook.com
+1 650-743-0538,Kelly Scott Fitness,Wellness program,kellyscottfitness.com,"215 Bay Rd, Menlo Park, CA 94025, United States",kelly@kellyscottfitness.com,Kelly,Scott,Founder & CEO,mb,Catch-All,aspmx.l.google.com
+1 310-967-3050,Beverly Hills- Wilshire Cosmetic Institute,Plastic surgeon,bhwcosmetic.com,"215 S La Cienega Blvd Suite 207, Beverly Hills, CA 90211, United States",mehrdadhassid@bhwcosmetic.com,Mehrdad,Hassid,Owner,mb,Catch-All,mx-biz.mail.am0.yahoodns.net
+1 925-322-5460,"Medical Aesthetics & Laser: Safoora Zaka, MD",Cosmetic surgeon,drzaka.com,"2161 Ygnacio Valley Rd #220, Walnut Creek, CA 94598, United States",drzaka@yahoo.com,Safoora,Zaka,Owner,mb,Catch-All,mta6.am0.yahoodns.net
+1 206-850-1485,Life In Balance Ayurvedic Rejuvenation Center,Wellness center,ayurvedaseattle.com,"21626 Vashon Hwy SW, Vashon, WA 98070, United States",info@ayurvedaseattle.com,Kael,Balizer,Owner,mb,Catch-All,ayurvedaseattle-com.mail.protection.outlook.com
+1 509-508-3396,Inner Waters IV,Wellness program,innerwatersiv.com,"217 14th St, Leavenworth, WA 98826, United States",morgan@innerwatersiv.com,Morgan,Cassidy,Founder,mb,Catch-All,aspmx.l.google.com
+1 860-678-1800,"MD Renewal: Colleen J Jambor, MD",Plastic surgeon,mdrenewal.com,"22 Dale Rd, Avon, CT 06001, United States",colleen@mdrenewal.com,Colleen,Jambor,Founder,mb,Catch-All,d282102a.ess.barracudanetworks.com
+1 603-498-2118,Holistic Alignment Healing Center,Wellness center,hahealingcenter.com,"22 Interstate Dr, Somersworth, NH 03878, United States",denise@restorealignmentenergies.com,Denise,McGrath,Owner,mb,Catch-All,smtp.google.com
+1 501-313-0833,NJ Health Now,Wellness center,njhealthnow.com,"220 E Sevier St, Benton, AR 72015, United States",lexi@njhealthnow.com,Lexi,Wells-Hollingshead,Owner,mb,Catch-All,aspmx.l.google.com
+1 940-264-2600,Texoma Plastic Surgery PA,Plastic surgeon,drphilstephan.com,"2200 Kell W Blvd, Wichita Falls, TX 76309, United States",christi@drphilstephan.com,Christi,,Manager,mb,Catch-All,ASPMX.L.GOOGLE.com
+1 940-264-2600,Texoma Plastic Surgery PA,Plastic surgeon,drphilstephan.com,"2200 Kell W Blvd, Wichita Falls, TX 76309, United States",phil@drphilstephan.com,Phillip,Stephan,Owner,mb,Catch-All,ASPMX.L.GOOGLE.com
+1 913-423-9908,Body Balance KC,Wellness center,bodybalancekc.com,"2200 W 47th Pl suite 104, Westwood, KS 66205, United States",heybrock@bodybalancekc.com,,Heybrock,Owner,mb,Catch-All,alt4.aspmx.l.google.com
+1 712-432-8129,Biobody Mind and Soul,Wellness center,biobodymbs.com,"222 S Market St, Lake Park, IA 51347, United States",info@biobodymbs.com,Billi,Niemeier,Founder,mb,Catch-All,aspmx.l.google.com
+1 940-514-1004,"Health & Wellness Alternative Solutions, PLLC",Wellness program,hwaspllc.org,"2220 San Jacinto Blvd #225, Denton, TX 76205, United States",mt@hwaspllc.com,Maria,Ratliff,Owner,mb,Catch-All,aspmx.l.google.com
+1 858-215-2159,Bright Eyes MD,Cosmetic surgeon,brighteyesmd.com,"2221 Camino del Rio S Ste 107, San Diego, CA 92108, United States",dr@brighteyesmd.com,Mark,Garbutt,Owner,mb,Catch-All,smtp.google.com
+1 209-622-3933,Mantra Health and Wellness,Health spa,mantrahealthandwellness.com,"2222 E Orangeburg Ave Ste A3, Modesto, CA 95355, United States",susan@mantrahealthandwellness.com,Susan,Galante,Owner,mb,Catch-All,mantrahealthandwellness-com.mail.protection.outlook.com
+1 313-900-7227,Beauty in Science,Wellness center,beautyinsciencemedspa.com,"22221 Greater Mack Ave Suite 622, St Clair Shores, MI 48080, United States",laura@beautyinsciencemedspa.com,Laura,Hala,Founder,mb,Catch-All,aspmx.l.google.com
+1 763-272-1500,Forever Young Two,Wellness center,fy2.us,"223 3rd St NE, Waite Park, MN 56387, United States",allen@fy2.us,Allen,Brinkman,Owner,mb,Catch-All,fy2-us.mail.protection.outlook.com
+1 954-472-8355,Fuze Vitality,Health spa,fuzevitality.com,"2235 N Commerce Pkwy # 2, Weston, FL 33326, United States",tatyana@fuzevitality.com,Tatyana,Borisiak,Founder,mb,Catch-All,fuzevitality-com.mail.protection.outlook.com
+1 415-668-3200,Pacific Laparoscopy,Walk-in clinic,paclap.com,"2250 Hayes St #300, San Francisco, CA 94117, United States",jrabkin@paclap.com,John,Rabkin,Director,mb,Catch-All,paclap-com.mail.protection.outlook.com
+1 907-745-7546,Mat-Su Dermatology,Dermatologist,matsudermatology.com,"2250 S Woodworth Loop #101, Palmer, AK 99645, United States",robert@matsudermatology.com,Robert,Sorensen,Co-Founder,mb,Catch-All,matsudermatology-com.mx1.arsmtp.com
+1 231-499-6767,Better Balance Wellness,Wellness center,betterbalance-wellness.com,"226 E Sixteenth St Ste B, Traverse City, MI 49684, United States",sarah_betterbalance@yahoo.com,Sarah,Orth,Founder,mb,Catch-All,mta7.am0.yahoodns.net
+1 816-287-0078,Vera Functional Medicine,Wellness center,modernhealthkc.com,"226 SE Douglas St, Lee's Summit, MO 64063, United States",drkerri@modernhealthkc.com,Kerri,Howerton,Owner,mb,Catch-All,modernhealthkc-com.mail.protection.outlook.com
+1 435-640-5020,Rising Sun Renewal,Wellness program,risingsunrenewal.com,"228 W. 200 S. | Suite 2B, Kamas, UT 84036, United States",denise@risingsunrenewal.com,Denise,Walz,Owner,mb,Catch-All,mx.risingsunrenewal.com
+1 732-214-8711,MD Wellness and Aesthetics,Wellness program,mdwellnessmd.com,"230 NJ-18, East Brunswick, NJ 08816, United States",delma@mdwellnessmd.com,Delma,Benvenuti-Rothman,Co-Owner,mb,Catch-All,aspmx.l.google.com
+1 732-214-8711,MD Wellness and Aesthetics,Wellness program,mdwellnessmd.com,"230 NJ-18, East Brunswick, NJ 08816, United States",michael@mdwellnessmd.com,Michael,Rothman,Founder and Medical Director,mb,Catch-All,aspmx.l.google.com
+1 813-771-5500,TB Derm - Tampa Bay Dermatology,Dermatologist,tbderm.com,"2301 W M.L.K. Jr Blvd Ste 100, Tampa, FL 33607, United States",joshua@tbderm.com,Joshua,Brady,Owner,mb,Catch-All,aspmx.l.google.com
+1 828-483-4863,Wholistically You,Wellness center,wholisticallyyou.health,"231 13th Ave Pl NW Suite D, Hickory, NC 28601, United States",melody@wholisticallyyou.health,Melody,Pardon,Owner,mb,Catch-All,alt2.aspmx.l.google.com
+1 305-860-0717,4 Beauty Aesthetics Institute for Plastic Surgery: Dr. Constantino Mendieta,Plastic surgeon,4beauty.net,"2310 S Dixie Hwy #2, Miami, FL 33133, United States",drmendieta@4beauty.net,Constantino,Mendieta,Founder,mb,Catch-All,d247146a.ess.barracudanetworks.com
+1 530-240-4848,Medspa Redding Medical Corporation,Wellness center,medsparedding.com,"2335 Athens Ave, Redding, CA 96001, United States",kayla@medsparedding.com,Kayla,Park,Owner,mb,Catch-All,aspmx.l.google.com
+1 404-300-3491,Balanced Bodies Wellness Clinic Decatur,Wellness center,balancedbodiesdecatur.com,"235 E Ponce de Leon Ave #100, Decatur, GA 30030, United States",kent@balancedbodiesdecatur.com,Kent,Cohen,Owner,mb,Catch-All,balancedbodiesdecatur-com.mail.protection.outlook.com
+1 970-822-0028,Go Vasectomy,Reproductive health clinic,govasectomy.com,"235 N 7th St, Grand Junction, CO 81501, United States",christopher@govasectomy.com,Christopher,Tonozzi,Founder,mb,Catch-All,aspmx.l.google.com
+1 248-800-1177,Kahana Oculoplastic & Orbital Surgery,Cosmetic surgeon,drkahana.com,"2350 E Stadium Blvd #10, Ann Arbor, MI 48104, United States",alon@drkahana.com,Alon,Kahana,Owner,mb,Catch-All,aspmx.l.google.com
+1 818-823-0655,"Dr. Shawn Moshrefi, M.D.",Plastic surgeon,modernplasticsurgeryla.com,"23945 Calabasas Rd Unit 116, Calabasas, CA 91302, United States",shawn@modernplasticsurgeryla.com,Shawn,Moshrefi,Owner,mb,Catch-All,aspmx.l.google.com
+1 949-855-3376,Laguna Woods Dermatology,Dermatologist,lagunawoodsderm.com,"23961 Calle De La Magdalena suite 520, Laguna Hills, CA 92653, United States",karl@lagunawoodsderm.com,Karl,Bassler,Owner,mb,Catch-All,smtp.google.com
+1 212-597-2257,Saman Facial Plastic Surgery,Plastic surgeon,samanmd.com,"240 Central Park S #2h, New York, NY 10019, United States",masoud@samanmd.com,Masoud,Saman,Founder,mb,Catch-All,aspmx.l.google.com
+1 949-209-1622,"Daines Plastic Surgery: Steven M. Daines, MD FACS",Plastic surgeon,dainesplasticsurgery.com,"240 Newport Center Dr #105, Newport Beach, CA 92660, United States",steven@dainesplasticsurgery.com,Steven,Daines,Founder,mb,Catch-All,dainesplasticsurgery-com.mx1.arsmtp.com
+1 415-300-0769,"Vital Ice SF Wellness Studio | Contrast Therapy, Sauna, Cold Water & Red Light Therapy",Wellness center,vitalicesf.com,"2400 Chestnut St, San Francisco, CA 94123, United States",sean@vitalicesf.com,Sean,O'Donoghue,Founder,mb,Catch-All,smtp.google.com
+1 325-216-7201,Ideal Wellness at San Marcos Family Medicine,Wellness center,smfm.net,"2406 Hunter Rd Ste 100, San Marcos, TX 78666, United States",alan.lee@smfm.net,Alan,Lee,Founder & Managing Partner,mb,Catch-All,mxb-00188301.gslb.pphosted.com
+1 325-216-7201,Ideal Wellness at San Marcos Family Medicine,Wellness center,smfm.net,"2406 Hunter Rd Ste 100, San Marcos, TX 78666, United States",tiffany.lee@smfm.net,Tiffany,Lee,Manager,mb,Catch-All,mxb-00188301.gslb.pphosted.com
+1 229-333-1711,Vandemark Plastic Surgery,Plastic surgeon,sgmc.org,"2409 N Patterson St, Valdosta, GA 31602, United States",ronald.dean@sgmc.org,Ronald,Dean,President and Chief Executive Officer,mb,Catch-All,sgmc-org.mail.protection.outlook.com
+1 541-452-0180,Fair Winds Dermatology,Dermatologist,fairwindsderm.com,"2430 NW Professional Dr, Corvallis, OR 97330, United States",cburns@fairwindsderm.com,Carrick,Burns,Founder,mb,Catch-All,fairwindsderm-com.mail.protection.outlook.com
+1 949-232-1393,Laguna Health & Wellness Center,Wellness center,lagunahwc.com,"24351 Moulton Pkwy, Laguna Woods, CA 92637, United States",darla@lagunahwc.com,Darla,LeVeque,Founder & Owner,mb,Catch-All,mx1-usg1.ppe-hosted.com
+1 918-970-4146,"Tulsa Oklahoma Plastic Surgery: Kevin Paul Kunkel, MD",Plastic surgeon,topsmd.com,"2448 E 81st St 10th Floor Suite 1000, Tulsa, OK 74137, United States",drkunkel@topsmd.com,Kevin,Kunkel,Owner,mb,Catch-All,aspmx.l.google.com
+1 313-631-3550,Dermatology Institute of Detroit,Dermatologist,derminstitutedetroit.com,"24924 Michigan Ave, Dearborn, MI 48124, United States",aabdulhak@derminstitutedetroit.com,Abraham,Abdulhak,Founder,mb,Catch-All,aspmx.l.google.com
+1 617-793-7272,Clareo Plastic Surgery,Plastic surgeon,clareoplasticsurgery.com,"25 Boylston St #304, Chestnut Hill, MA 02467, United States",michael@clareoplasticsurgery.com,Michael,Tantillo,Founder,mb,Catch-All,clareoplasticsurgery-com.mx1.arsmtp.com
+1 208-354-3796,Bodywise Wellness,Wellness center,bodywiseidaho.com,"25 E Wallace Ave, Driggs, ID 83422, United States",amy@bodywiseidaho.com,Amy,Jennings,Owner,mb,Catch-All,aspmx.l.google.com
+1 307-364-3065,Expansion Health,Wellness center,expansionhealthjh.com,"250 Scott Ln Ste 105, Jackson, WY 83001, United States",adair@expansionhealthjh.com,Adair,Flynt,Owner,mb,Catch-All,aspmx.l.google.com
+1 954-807-4127,AMAPURE LLC,Wellness center,amapurellc.com,"2500 E Hallandale Beach Blvd STE 705-3, Hallandale Beach, FL 33009, United States",cdawes@amapurellc.com,Carlton,Dawes,Founder,mb,Catch-All,amapurellc-com.mail.protection.outlook.com
+1 888-815-2005,University Of Mississippi Department of Plastic Surgery,Plastic surgeon,umc.edu,"2500 N State St l222, Jackson, MS 39216, United States",lwoodward@umc.edu,LouAnn,Woodward,Vice Chancellor,mb,Catch-All,umc-edu.mail.protection.outlook.com
+1 888-815-2005,University Of Mississippi Department of Plastic Surgery,Plastic surgeon,umc.edu,"2500 N State St l222, Jackson, MS 39216, United States",ljackson@umc.edu,Loretta,Jackson-Williams,Vice Dean,mb,Catch-All,umc-edu.mail.protection.outlook.com
+1 407-303-1373,Plastic Surgery Specialists,Plastic surgeon,floridahospital.com,"2501 N Orange Ave # 411, Orlando, FL 32804, United States",rob.deininger@adventhealth.com,Rob,Deininger,EVP and CEO East Florida Division,mb,Catch-All,mxb-003b9901.gslb.pphosted.com
+1 910-239-4980,JosephCareRX,Wellness center,josephcarerx.com,"2504 Raeford Rd #101, Fayetteville, NC 28305, United States",leah@josephcarerx.com,Leah,Joseph,Founder,mb,Catch-All,josephcarerx-com.mail.protection.outlook.com
+1 231-519-0808,True Balance Life,Wellness program,truebalancelife.com,"2506 Crossing Cir Ste B, Traverse City, MI 49684, United States",coachcorissa@truebalancelife.com,Corissa,Geer,Owner,mb,Catch-All,truebalancelife-com.mail.protection.outlook.com
+1 347-476-7331,EMS Health Miami,Wellness center,myemshealth.com,"252 Sunny Isles Blvd suite 101, Sunny Isles Beach, FL 33160, United States",evgenia@myemshealth.com,Evgenia,Huldisch,Founder,mb,Catch-All,myemshealth-com.mail.protection.outlook.com
+1 832-900-7070,"Nandi Wijay, MD",Plastic surgeon,theoaksplasticsurgery.com,"2571 Kirby Dr, Houston, TX 77019, United States",drwijay@theoaksplasticsurgery.com,Nandi,Wijay,Founder,mb,Catch-All,aspmx.l.google.com
+1 832-900-7070,"Nandi Wijay, MD",Plastic surgeon,theoaksplasticsurgery.com,"2571 Kirby Dr, Houston, TX 77019, United States",bessie@theoaksplasticsurgery.com,Bessie,,Office Manager,mb,Catch-All,aspmx.l.google.com
+1 352-801-1523,Impact BodyWorx,Health spa,impactbodyworx.com,"2575 Kurt St Suite 103, Eustis, FL 32726, United States",chad@impactbodyworx.com,Chad,Gunter,Owner,mb,Catch-All,aspmx.l.google.com
+1 832-746-0360,Skin Deep,Wellness center,skindeephouston.com,"25915 Budde Rd Suite 300, Spring, TX 77380, United States",rebecca@skindeephouston.com,Rebecca,Morrison,Owner,mb,Catch-All,mx-biz.mail.am0.yahoodns.net
+1 321-444-6750,Restoring Health Wellness Center,Wellness center,restoringhealth.center,"260 Lookout Pl Ste 107, Maitland, FL 32751, United States",dana@restoringhealth.center,Dana,O'Keefe,Owner,mb,Catch-All,smtp.google.com
+1 786-981-1811,Dr. Sarah Avila MD,Plastic surgeon,drsarahavila.com,"2601 SW 37th Ave #806, Miami, FL 33133, United States",sarah@drsarahavila.com,Sarah,Avila,Owner,mb,Catch-All,aspmx.l.google.com
+1 747-227-7523,Re Wellness Hub,Wellness center,rewellnesshub.com,"2655 First St Suite 250, Simi Valley, CA 93065, United States",kristine@rewellness-hub.com,Kristine,Hays,Founder & Lead Practitioner,mb,Catch-All,rewellnesshub-com02e.mail.protection.outlook.com
+1 949-542-8007,Mission Heritage Medical Group Mission Viejo - Dermatology,Dermatologist,psjhmedgroups.org,"26800 Crown Valley Pkwy Suite 250, Mission Viejo, CA 92691, United States",bob.just@providence.org,Bob,Just,Chief Executive,mb,Catch-All,mxb-00003207.gslb.pphosted.com
+1 602-878-4574,LifeWater IV Therapy Clinic,Wellness center,lifewaterivtherapy.com,"26900 N Lake Pleasant Pkwy suite 202, Peoria, AZ 85383, United States",alfredo@lifewaterivtherapy.com,Alfredo,Flores,Owner,mb,Catch-All,aspmx.l.google.com
+1 770-534-5255,Greco III Joseph a MD,Plastic surgeon,pediassoc.com,"2695 Old Winder Hwy, Braselton, GA 30517, United States",julie@pediassoc.com,Julie,McIntyre,Clinical Manager,mb,Catch-All,pediassoc.com.1.0001.arsmtp.com
+1 727-916-0636,Hydration Hive & Wellness,Wellness center,hydrationhive.com,"27 N Ring Ave Suite B, Tarpon Springs, FL 34689, United States",kelly@hydrationhive.com,Kelly,Peterson,Owner,mb,Catch-All,hydrationhive-com.mail.protection.outlook.com
+1 949-601-6220,Hyperbaric Lab,Wellness center,hyperbariclab.com,"27071 Cabot Rd Suite 111, Laguna Hills, CA 92653, United States",carol@hyperbariclab.com,Carol,Manning,Founder,mb,Catch-All,aspmx.l.google.com
+1 631-495-1144,Root Cause Wellness,Wellness center,rootcausewellnessny.com,"271 NY-25A Suite 1, Mt Sinai, NY 11766, United States",traci@rootcausewellnessny.com,Traci,Zizza,Owner,mb,Catch-All,aspmx.l.google.com
+1 770-495-1477,Dr. Aniket Sakharpe,Plastic surgeon,primacenter.com,"2717 S 74th St, Fort Smith, AR 72903, United States",jzwiren@primacenter.com,Jeffrey,Zwiren,Owner,mb,Catch-All,d339465a.ess.barracudanetworks.com
+1 770-495-1477,Dr. Aniket Sakharpe,Plastic surgeon,primacenter.com,"2717 S 74th St, Fort Smith, AR 72903, United States",carolyn@primacenter.com,Carolyn,Morey,Practice Manager,mb,Catch-All,d339465a.ess.barracudanetworks.com
+1 813-867-6200,Tampa Mohs Surgery - Dr. Jonathan Lopez,Dermatologist,tampamohs.com,"2727 W Dr Martin Luther King Jr Blvd #570, Tampa, FL 33607, United States",contact@tampamohs.com,Jonathan,Lopez,Founder,mb,Catch-All,aspmx.l.google.com
+1 414-331-8626,Renew Holistic Wellness LLC,Wellness center,renewholisticwellness.com,"2745 W Layton Ave #102, Greenfield, WI 53221, United States",kelly@renewholisticwellness.com,Kelly,Kolodzinski,Owner,mb,Catch-All,mx1-us1.ppe-hosted.com
+1 404-292-4223,"Dr. Joseph M. Woods IV, MD",Plastic surgeon,drjosephwoods.com,"275 Collier Rd NW Ste 200, Atlanta, GA 30309, United States",joseph@drjosephwoods.com,Joseph,Woods,Owner,mb,Catch-All,aspmx.l.google.com
+1 845-398-2343,"Dr. Wendy A. Epstein, MD",Dermatologist,wendyepstein.com,"276 River Rd, Grand View-On-Hudson, NY 10960, United States",annamariedd@aol.com,AnnaMarie,DeRosa,Care Coordinator,mb,Catch-All,mx-aol.mail.gm0.yahoodns.net
+1 407-483-3571,Alive IV Therapy Center,Wellness center,aliveivtherapy.com,"2801 13th St, St Cloud, FL 34769, United States",sheeja@aliveivtherapy.com,Sheeja,Jacob,Founder,mb,Catch-All,mx.aliveivtherapy.com
+1 901-245-1975,"Genesis Wellness, Weight loss and Aesthetics LLC.",Health spa,genwellness901.com,"2851 Stage Village Cove #1, Bartlett, TN 38134, United States",sophia@genwellness901.com,Sophia,Noble-Starks,Owner,mb,Catch-All,mxa.mailgun.org
+1 952-303-2100,Jacobson Plastic Surgery - Plymouth,Plastic surgeon,jacobsonplasticsurgery.com,"2855 Campus Dr # 520, Minneapolis, MN 55441, United States",lacy@jacobsonplasticsurgery.com,Lacy,Plemel,Director of Business Operations,mb,Catch-All,aspmx.l.google.com
+1 561-705-0044,"Justin Bellamy, MD",Plastic surgeon,bellamy.md,"2865 PGA Blvd Ste 100-A, Palm Beach Gardens, FL 33410, United States",justin@bellamy.md,Justin,Bellamy,Owner,mb,Catch-All,aspmx.l.google.com
+1 804-689-2200,Red Light Freedom,Wellness center,redlightfreedom.com,"2903 Boulevard Ste b, Colonial Heights, VA 23834, United States",ryan@redlightfreedom.com,Ryan,Miller,Co-Founder,mb,Catch-All,aspmx.l.google.com
+1 786-530-4823,Vitality Restoration Medical,Wellness center,vitalityrestorationmedical.com,"2915 Biscayne Blvd Ste 300, Miami, FL 33137, United States",daniel@vitalityrestorationmedical.com,Daniel,Krause,Owner,mb,Catch-All,vitalityrestorationmedical-com.mail.protection.outlook.com
+1 727-606-9139,Allori Wellness,Wellness center,alloriwellness.com,"2917 W Bay Dr, Belleair Bluffs, FL 33770, United States",lori@alloriwellness.com,Lori,Lenhart,Owner,mb,Catch-All,alloriwellness-com.mail.protection.outlook.com
+1 608-867-6959,Fathers for Christ,Wellness program,fathersforchrist.com,"2921 Landmark Pl Suite 420, Madison, WI 53713, United States",daniel@fathersforchrist.com,Daniel,Tataje,Founder,mb,Catch-All,aspmx.l.google.com
+1 954-866-5885,Serene Life Wellness Center,Wellness center,serenelifemedspa.com,"2929 N University Dr # 201, Coral Springs, FL 33065, United States",neng@serenelifemedspa.com,Neng,Zhong,Founder & Owner,mb,Catch-All,SMTP.GOOGLE.com
+1 360-678-1515,Island Aesthetics & Dermatology,Dermatologist,ifamedicalspa.com,"30 NW Birch St, Coupeville, WA 98239, United States",kristy@ifamedicalspa.com,Kristy,Anderson,Owner,mb,Catch-All,ifamedicalspa-com.mail.protection.outlook.com
+1 212-935-4100,The Dr. O Method,Sports medicine physician,thedromethod.com,"300 East 56th Street Ground floor, 300 E 56th St Ground Floor, New York, NY 10022, United States",ifeoma@thedromethod.com,Ifeoma,Okoronkwo,Founder,mb,Catch-All,aspmx.l.google.com
+1 772-617-4277,Treasure Coast Plastic Surgery,Plastic surgeon,treasurecoastplasticsurgery.net,"300 SE Detroit Ave, Stuart, FL 34994, United States",drchampigny@treasurecoastplasticsurgery.net,Michele,Champigny,Owner,mb,Catch-All,treasurecoastplasticsurgery-net.mail.protection.outlook.com
+1 650-969-5600,Greg S Morganroth MD,Dermatologist,paloaltoderm.com,"301 High St, Palo Alto, CA 94301, United States",darien@paloaltoderm.com,Darien,Whang,Compliance Officer,mb,Catch-All,d355106a.ess.barracudanetworks.com
+1 650-969-5600,Greg S Morganroth MD,Dermatologist,paloaltoderm.com,"301 High St, Palo Alto, CA 94301, United States",greg@paloaltoderm.com,Greg,Morganroth,Founder & CEO,mb,Catch-All,d355106a.ess.barracudanetworks.com
+1 919-240-5330,Chapel Hill Wellness Collective,Wellness program,chapelhillwellness.com,"301 Kildaire Rd #100, Chapel Hill, NC 27516, United States",julia@chapelhillwellness.com,Julia,Fox,Founder,mb,Catch-All,chapelhillwellness-com.mail.protection.outlook.com
+1 980-288-4783,"Empowered Health Solutions, PLLC",Wellness center,emphs.org,"302 Church St N, Concord, NC 28025, United States",empoweredhealth@emphs.org,Kia,Colleton-Livingston,Owner,mb,Catch-All,emphs-org.mail.protection.outlook.com
+1 704-372-5685,Queen City Plastic Surgery,Plastic surgeon,qcplasticsurgeons.com,"3025 Springbank Ln #240, Charlotte, NC 28226, United States",enam@qcplasticsurgeons.com,Enam,Haque,Founder,mb,Catch-All,aspmx.l.google.com
+1 949-545-6116,"Harmony Wellness Clinic, Inc.",Wellness center,harmonywc.com,"30270 Rancho Viejo Rd Ste G, San Juan Capistrano, CA 92675, United States",kaisa@harmonywc.com,Kaisa,Coppola,Founder,mb,Catch-All,aspmx.l.google.com
+1 281-665-2626,Dr. Mirtha Gonzalez Plastic Surgery,Plastic surgeon,allurebydrg.com,"3030 S Mason Rd, Katy, TX 77450, United States",drgonzalez@beautybecomesyou.com,Mirtha,Gonzalez,Owner,mb,Catch-All,aspmx.l.google.com
+1 844-666-4546,OmniKinetics,Sports medicine clinic,omnikinetics.com,"30371 Woodward Ave, Royal Oak, MI 48073, United States",graham@omnikinetics.com,Graham,Polakoff,Owner and Operator,mb,Catch-All,aspmx.l.google.com
+1 212-753-1820,Arthur W. Perry MD,Plastic surgeon,perryplasticsurgery.com,"3055 NJ-27, Franklin Park, NJ 08823, United States",md@doctorperrys.com,Arthur,Perry,Founder,mb,Catch-All,mx1-us1.ppe-hosted.com
+1 727-342-0155,"Vernillo Health & Wellness, LLC",Wellness center,vernillowellness.com,"3060 US-19 ALT Ste B-4, Palm Harbor, FL 34683, United States",heather@vernillowellness.com,Heather,Vernillo,Owner,mb,Catch-All,vernillowellness-com.mail.protection.outlook.com
+1 305-278-5951,"Jordan Philip Steinberg, MD, PHD",Plastic surgeon,nicklauschildrens.org,"3100 SW 62nd Ave ACB #2230, Miami, FL 33155, United States",matthew.love@nicklaushealth.org,Matthew,Love,President & CEO,mb,Catch-All,mx0a-006aa601.pphosted.com
+1 203-336-9862,Bella Mae Plastic Surgery,Plastic surgeon,bellamaeplasticsurgery.com,"311 North St #403, White Plains, NY 10605, United States",nevangelista@bellamaeplasticsurgery.com,Nanette,Evangelista,Office Administrator,mb,Catch-All,aspmx.l.google.com
+1 203-336-9862,Bella Mae Plastic Surgery,Plastic surgeon,bellamaeplasticsurgery.com,"311 North St #403, White Plains, NY 10605, United States",drsofer@bellamaeplasticsurgery.com,Alfred,Sofer,Owner,mb,Catch-All,aspmx.l.google.com
+1 914-288-8017,Aydin Plastic Surgery,Plastic surgeon,aydinplasticsurgery.com,"311 North St, White Plains, NY 10605, United States",dr@aydinplasticsurgery.com,Nebil Bill,Aydin,Founder & Owner,mb,Catch-All,east.smtp.mx.o365.serverdata.net
+1 916-206-5507,Gentle Colon Hydrotherapy,Wellness center,gentlecolonhydrotherapy.com,"3117 Dwight Rd Suite #200, Elk Grove, CA 95758, United States",mandy@gentlecolonhydrotherapy.com,Mandy,Nguyen,Business Owner,mb,Catch-All,gentlecolonhydrotherapy-com.mail.protection.outlook.com
+1 765-237-9401,The Wellness Spot,Wellness center,tws-health.com,"3135 Concord Rd Suite 3, Lafayette, IN 47909, United States",shana@tws-health.com,Shana,Moreno,Founder,mb,Catch-All,twshealth-com0i.mail.protection.outlook.com
+1 208-788-7700,"Tom Crais, MD, FACS",Plastic surgeon,tomcraismd.com,"315 S River St, Hailey, ID 83333, United States",craisoffice@yahoo.com,Thomas,Crais,Owner,mb,Catch-All,mta5.am0.yahoodns.net
+1 212-593-1818,Dr Ron Shelton,Plastic surgeon,thenyac.com,"317 E 34th St, New York, NY 10016, United States",rshelton@laserskinsurgery.com,Ron,Shelton,Owner,mb,Catch-All,mail.constructuretech.com
+1 951-291-8849,Serenity Wellness Center,Wellness center,serenitywellnesscenter.net,"31735 Riverside Dr Suite I, Lake Elsinore, CA 92530, United States",kymberli@serenitywellnesscenter.net,Kymberli,Boynton,Founder and CEO,mb,Catch-All,mx2-usg1.ppe-hosted.com
+1 262-293-5344,MDRN Wellness Medical Spa,Health spa,mdrnwellnessmedical.com,"318 E Silver Spring Dr, Whitefish Bay, WI 53217, United States",morgan@mdrnwellnessmedical.com,Morgan,Ellingson,Founder,mb,Catch-All,aspmx.l.google.com
+1 470-381-3610,"Sarah Kennedy, MD",Plastic surgeon,northatlplasticsurgery.com,"3180 North Point Pkwy Ste 530, Alpharetta, GA 30005, United States",dr.amy@northatlplasticsurgery.com,Amy,Alderman,Founder,mb,Catch-All,northatlplasticsurgery.com.1.0001.arsmtp.com
+1 470-381-3610,"Sarah Kennedy, MD",Plastic surgeon,northatlplasticsurgery.com,"3180 North Point Pkwy Ste 530, Alpharetta, GA 30005, United States",dr.sarah@northatlplasticsurgery.com,Sarah,Kennedy,Plastic Surgeon,mb,Catch-All,northatlplasticsurgery.com.1.0001.arsmtp.com
+1 432-237-3072,"Natural Skin Health by Nicole Stennett, PA-C",Dermatologist,naturalskinhealthtexas.com,"3200 Mockingbird Ln Building 7, Suite 202, Midland, TX 79705, United States",nicole@naturalskinhealthtexas.com,Nicole,Stennett,Founder,mb,Catch-All,aspmx.l.google.com
+1 385-476-1003,Para Bellum Health & Wellness,Health spa,parabellumhw.com,"321 N 1100 E Ste c, American Fork, UT 84003, United States",casey@parabellumhw.com,Casey,Baird,Owner and Founder,mb,Catch-All,aspmx.l.google.com
+1 718-549-0411,"Gary S Berger, MD, FACS",Plastic surgeon,garysbergermd.com,"3220 Fairfield Ave, Bronx, NY 10463, United States",drberger@garysbergermd.com,Gary,Berger,Owner,mb,Catch-All,garysbergermd.com.1.0001.arsmtp.com
+1 480-219-6354,Downtown Gilbert Healthcare,Wellness center,downtowngilberthealthcare.com,"323 S Gilbert Rd Suites 105, Gilbert, AZ 85296, United States",dan@downtowngilberthealthcare.com,Dan,Graham,Owner,mb,Catch-All,downtowngilberthealthcare-com.mail.protection.outlook.com
+1 864-430-8287,NulifeHRT,Wellness center,nulifehrt.com,"3230 Parris Bridge Rd, Boiling Springs, SC 29316, United States",kim.miller@nulifehrt.com,Kimberly,Miller,Owner and Operator,mb,Catch-All,aspmx.l.google.com
+1 716-630-1447,"Kamaljot Singh, MD",Plastic surgeon,buffalomedicalgroup.com,"325 Essjay Rd, Williamsville, NY 14221, United States",dscully@buffalomedicalgroup.com,Daniel,Scully,Chief Executive Officer,mb,Catch-All,mxb-00239801.gslb.pphosted.com
+1 707-622-0481,Caroline Campbell Dermatology,Dermatologist,napaderm.com,"3260 Beard Rd Suite 1, Napa, CA 94558, United States",caroline@napaderm.com,Caroline,Campbell,CEO,mb,Catch-All,smtp.google.com
+1 305-509-0919,IV Hydration Stations,Health spa,ivhydrationstations.com,"328 Simonton St, Key West, FL 33040, United States",jason@ivhydrationstations.com,Jason,Campbell,Owner,mb,Catch-All,mx.ivhydrationstations.com
+1 575-247-6990,Clinica Hispana Rubymed - Hobbs,Walk-in clinic,clinicahispanarubymed.com,"3313 N Grimes St, Hobbs, NM 88240, United States",mantunez@clinicahispanarubymed.com,Mónica,Antunez,Operations Manager,mb,Catch-All,smtp.google.com
+1 678-403-6642,"Paul P. Daraei, MD",Plastic surgeon,drpauldaraei.com,"3330 Preston Ridge Rd #380, Alpharetta, GA 30005, United States",paul@drpauldaraei.com,Paul,Daraei,Founder,mb,Catch-All,aspmx.l.google.com
+1 928-897-1699,Salon Picturesque & Day Spa,Health spa,salonpicturesque.com,"3355 N Bank St # B, Kingman, AZ 86409, United States",tracie@salonpicturesque.com,Tracie,Poole,Owner,mb,Catch-All,salonpicturesque-com.mail.protection.outlook.com
+1 323-794-5223,CLR You,Wellness center,clryou.com,"3381 Robertson Pl, Los Angeles, CA 90034, United States",czarina@clryou.com,Czarina,Russell,Founder,mb,Catch-All,mx1-us1.ppe-hosted.com
+1 314-375-5911,Total Care & Weight Loss,Wellness center,totalcareweightloss.com,"3394 McKelvey Rd Ste 102, Bridgeton, MO 63044, United States",bcook_0000@yahoo.com,Brandy,Cook,Owner,mb,Catch-All,mta7.am0.yahoodns.net
+1 717-417-8843,The Other 23 Camp Hill,Wellness center,other23wellness.com,"3401 Hartzdale Dr Ste 101, Camp Hill, PA 17011, United States",matthew@other23wellness.com,Matthew,Brosius,Founder and Owner,mb,Catch-All,aspmx.l.google.com
+1 321-751-0030,Wellness Without Limits,Wellness center,wellnesswithoutlimits.com,"345 Stan Dr, Melbourne, FL 32904, United States",david@wellnesswithoutlimits.com,David,Ring,Manager,mb,Catch-All,smtp.google.com
+1 844-348-6348,AthleticsMD® Wellness & Prehab,Wellness center,athleticsmd.org,"3450 Fort Meade Rd #110, Laurel, MD 20724, United States",ifeanyi@athleticsmd.org,Ifeanyi,Chinedozi,Founding CEO,mb,Catch-All,mx.athleticsmd.org
+1 248-307-7181,SKN UNI wellness club,Wellness center,sknuni.com,"3462 Greenfield Rd #105, Berkley, MI 48072, United States",safiyah@sknuni.com,Safiyah,Hayden,Founder,mb,Catch-All,aspmx.l.google.com
+1 217-670-1415,Salt & Light Wellness,Wellness center,saltandlightspringfield.com,"3471 Freedom Dr, Springfield, IL 62704, United States",peter@saltandlightspringfield.com,Peter,Thirunelli,Co-Founder & CEO,mb,Catch-All,saltandlightspringfield-com.mail.protection.outlook.com
+1 217-670-1415,Salt & Light Wellness,Wellness center,saltandlightspringfield.com,"3471 Freedom Dr, Springfield, IL 62704, United States",andrew@saltandlightspringfield.com,Andrew,McCollum,Co-owner,mb,Catch-All,saltandlightspringfield-com.mail.protection.outlook.com
+1 936-230-4419,TLD Nutrition & Wellness,Wellness center,tldonline.us,"350 Nursery Rd Ste 1101, The Woodlands, TX 77380, United States",vikki@texaslastdiet.com,Vikki,LeBeau,Owner,mb,Catch-All,texaslastdiet-com.mail.protection.outlook.com
+1 772-200-4107,"Alexander D. Blandford, MD",Plastic surgeon,caec.info,"3500 US-1, Vero Beach, FL 32960, United States",wmallon@caec.info,William,Mallon,Owner,mb,Catch-All,caec-info.mail.protection.outlook.com
+1 802-864-6819,"Innovative Wellness, LLC",Wellness program,innovative-wellness.org,"354 Mountain View Dr #200, Colchester, VT 05446, United States",hubscher_maria@nlgroupmail.com,Maria,Hubscher,Chief Wellness Officer and Nutritionist,mb,Catch-All,mxb-00043401.gslb.pphosted.com
+1 802-864-6819,"Innovative Wellness, LLC",Wellness program,innovative-wellness.org,"354 Mountain View Dr #200, Colchester, VT 05446, United States",bergeron_angie@nlgroupmail.com,Angie,Bergeron,Client Relations Advocate,mb,Catch-All,mxb-00043401.gslb.pphosted.com
+1 802-864-6819,"Innovative Wellness, LLC",Wellness program,innovative-wellness.org,"354 Mountain View Dr #200, Colchester, VT 05446, United States",raner_randall@nlgroupmail.com,Randall,Raner,Founder,mb,Catch-All,mxa-00043401.gslb.pphosted.com
+1 760-462-2034,Renew Rancho Mirage,Wellness center,renewranchomirage.com,"35400 Bob Hope Dr Ste 107, Rancho Mirage, CA 92270, United States",valerie@renewranchomirage.com,Valerie,Ramirez,Owner,mb,Catch-All,smtp.google.com
+1 800-416-9907,Softwave Therapies Ohio,Orthopedic clinic,softwavetherapiesohio.com,"3544 S Cleveland Massillon Rd, Barberton, OH 44203, United States",mgronowski@aol.com,Mark,Gronowski,Founder,mb,Catch-All,mx-aol.mail.gm0.yahoodns.net
+1 254-727-7346,Southwest Laser and Aesthetics,Health spa,southwestlaser.com,"3550 S General Bruce Dr, Temple, TX 76504, United States",pauline@southwestlaser.com,Pauline,Winston,Owner,mb,Catch-All,mx1-us1.ppe-hosted.com
+1 631-600-0306,North Shore Family Acupuncture & Naturopathy,Naturopathic practitioner,mynaturecure.org,"356 Veterans Memorial Hwy #7, Commack, NY 11725, United States",randall@mynaturecure.org,Randall,Block,Naturopathic Doctor & Owner,mb,Catch-All,aspmx.l.google.com
+1 904-867-7335,Lipo Lounge Jax,Health spa,lipoloungejax.com,"3560 Cardinal Point Dr suite 103, Jacksonville, FL 32257, United States",sarah@lipoloungejax.com,Sarah,Boyd,Owner,mb,Catch-All,mx2.privateemail.com
+1 949-688-7334,"Giriraj K. Sharma, MD - Facial Plastic Surgery",Plastic surgeon,sharmacosmetic.com,"360 San Miguel Dr Ste 409, Newport Beach, CA 92660, United States",giriraj@sharmacosmetic.com,Giriraj,Sharma,Owner,mb,Catch-All,aspmx.l.google.com
+1 956-686-6346,IV Therapy & Weight Loss Center,Health spa,drmegoemmanuelclinics.com,"3601 Buddy Owens Blvd ste 160, McAllen, TX 78504, United States",manager@drmegoemmanuelclinics.com,,,Manager,mb,Catch-All,aspmx.l.google.com
+1 850-363-3200,Moderne Aesthetic Plastic Surgery Inc.,Plastic surgeon,moderneaesthetic.com,"3606 Maclay Blvd #104, Tallahassee, FL 32312, United States",paul@moderneaesthetic.com,Paul Ray,Clark,Founder,mb,Catch-All,smtp.google.com
+1 216-778-4450,"Bram Kaufman MD, Plastic Surgery",Plastic surgeon,drbramkaufman.com,"3609 Park East Drive North Building Suite 206, 3609 Park E Dr Bldg N, Beachwood, OH 44122, United States",bramkaufman@case.edu,Bram,Kaufman,Owner,mb,Catch-All,smtp.lb.cwru.edu
+1 949-432-9548,"Renaissance Plastic Surgery: Richard H. Lee, MD",Plastic surgeon,newportbody.com,"361 Hospital Rd St. 424, Newport Beach, CA 92663, United States",drrichardhlee@yahoo.com,Richard,Lee,Owner,mb,Catch-All,mta6.am0.yahoodns.net
+1 605-343-7208,"Mary Snyder, MD",Plastic surgeon,blackhillsplasticsurgery.com,"3615 5th St #101, Rapid City, SD 57701, United States",jay.crossland@blackhillsplasticsurgery.com,Jay,Crossland,President,mb,Catch-All,aspmx.l.google.com
+1 850-842-3296,Aqua Vitae-IV Drip Bar,Health spa,aquavitaeiv.com,"36150 Emerald Coast Pkwy Suite 103, Destin, FL 32541, United States",george@aquavitaeiv.com,George,Dockendorf,Owner,mb,Catch-All,aspmx.l.google.com
+1 602-848-3352,"Verdure Wellness AZ, LLC",Wellness center,verdurewellnessaz.com,"3654 W Anthem Way suite b-106, Anthem, AZ 85086, United States",paula@verdurewellnessaz.com,Paula,Rauschkolb,Owner,mb,Catch-All,verdurewellnessaz-com.mail.protection.outlook.com
+1 912-398-4906,Moon River Hypnosis,Wellness program,moonriverhypnosis.com,"37 W Fairmont Ave Ste 320, Savannah, GA 31406, United States",diane@moonriverhypnosis.com,Diane,Parker,Owner,mb,Catch-All,moonriverhypnosis-com.mail.protection.outlook.com
+1 303-969-3052,Tree Of Life Naturopathics | Functional & Holistic Medicine,Naturopathic practitioner,tolnaturopathics.com,"371 Eisenhower Dr, Louisville, CO 80027, United States",todd@tolnaturopathics.com,Todd,Nelson,Naturopath & Owner,mb,Catch-All,aspmx.l.google.com
+1 302-772-2012,"Enlightened Elements, LLC",Health spa,theenlightenedelements.com,"38 Clinton St, Delaware City, DE 19706, United States",winvenia@theenlightenedelements.com,Winvenia,Graham,Owner,mb,Catch-All,theenlightenedelements-com.mail.protection.outlook.com
+1 785-865-8865,Regener8 Yourself,Wellness center,regener8yourself.com,"3801 W 6th St, Lawrence, KS 66049, United States",ali@regener8yourself.com,Ali,Currie,Co-Founder,mb,Catch-All,regener8yourself-com.mail.protection.outlook.com
+1 440-571-4015,Mood By Meg,Wellness center,moodbymeg.com,"38230 Glenn Ave, Willoughby, OH 44094, United States",meg@moodbymeg.com,Meg,Coleman,Founder,mb,Catch-All,moodbymeg-com.mail.protection.outlook.com
+1 908-879-2222,Urban Facial Plastics,Plastic surgeon,urbanfacialplastics.com,"385 Rte 24 #3k, Chester, NJ 07930, United States",matthew@urbanfacialplastics.com,Matthew,Urban,CEO and Facial Plastic Surgeon,mb,Catch-All,aspmx.l.google.com
+1 315-713-9142,North Star Reconstructive and Cosmetic Surgery Center,Plastic surgeon,claxtonhepburn.org,"39 W Main St, Canton, NY 13617, United States",jbowline@nshany.org,Jessica,Bowline,Director of Marketing and Public Relations,mb,Catch-All,aspmx.l.google.com
+1 315-713-9142,North Star Reconstructive and Cosmetic Surgery Center,Plastic surgeon,claxtonhepburn.org,"39 W Main St, Canton, NY 13617, United States",lshea@chmed.org,Laura,Shea,Marketing Director,mb,Catch-All,aspmx.l.google.com
+1 315-713-9142,North Star Reconstructive and Cosmetic Surgery Center,Plastic surgeon,claxtonhepburn.org,"39 W Main St, Canton, NY 13617, United States",rduvall@chmed.org,Rich,Duvall,President and CEO,mb,Catch-All,aspmx.l.google.com
+1 716-204-6461,MBS Wellness Center,Health spa,mbswellnessop.com,"3911 N Buffalo St, Orchard Park, NY 14127, United States",jessica@mbswellnessop.com,Jessica,Hughes,CEO,mb,Catch-All,aspmx.l.google.com
+1 480-482-7055,Medlink Health Solutions | Naturopathic & Functional Medicine Clinic Phoenix,Naturopathic practitioner,medlinkhs.com,"3930 E Ray Rd Suite #150, Phoenix, AZ 85044, United States",samantha.ramanan@medlinkhs.com,Samantha,Ramanan,Founder & Owner,mb,Catch-All,aspmx.l.google.com
+1 720-765-7214,Flourish Surgical Arts,Cosmetic surgeon,flourishsurgicalarts.com,"3955 E Exposition Ave Ste 520B, Denver, CO 80209, United States",john@flourishsurgicalarts.com,John,Nesiba,Founder and Surgeon,mb,Catch-All,aspmx.l.google.com
+1 770-545-8373,Mendoza Plastic Surgery,Plastic surgeon,mendozaplasticsurgery.com,"3970 Rogers Bridge Rd, Duluth, GA 30097, United States",delquis.mendoza@mendozaplasticsurgery.com,Delquis,Mendoza,Founder,mb,Catch-All,mx3-usg1.ppe-hosted.com
+1 601-296-3405,"William L. Reno, MD",Plastic surgeon,forresthealth.org,"40 Franklin Rd, Hattiesburg, MS 39402, United States",jmitchell@forrestgeneral.com,Janet,Mitchell,Director of Risk Management Services,mb,Catch-All,mxa-0035c801.gslb.pphosted.com
+1 601-296-3405,"William L. Reno, MD",Plastic surgeon,forresthealth.org,"40 Franklin Rd, Hattiesburg, MS 39402, United States",jcook@forrestgeneral.com,Jeff,Cook,President & CEO,mb,Catch-All,mxa-0035c801.gslb.pphosted.com
+1 413-584-0044,"Mass General Brigham (Florence, 40 Main Street)",Plastic surgeon,massgeneralbrigham.org,"40 Main St, Florence, MA 01062, United States",aklibanski@massgeneralbrigham.org,Anne,Klibanski,President and Chief Executive Officer,mb,Catch-All,mgbmx.partners.org
+1 413-584-0044,"Mass General Brigham (Florence, 40 Main Street)",Plastic surgeon,massgeneralbrigham.org,"40 Main St, Florence, MA 01062, United States",mfreni@mgb.org,Mike,Freni,"Vice President, Business Development",mb,Catch-All,mx1.hc4087-85.iphmx.com
+1 925-837-8848,Wallach Derma Center,Dermatologist,wallachdermacenter.com,"400 El Cerro Blvd #204, Danville, CA 94526, United States",wallachdermacenter@yahoo.com,Adam,Wallach,Owner,mb,Catch-All,mta7.am0.yahoodns.net
+1 386-677-9044,Dr. Noah Prince,Plastic surgeon,parksdermatology.com,"400 Lakebridge Plaza Dr, Ormond Beach, FL 32174, United States",jeffrey@parksdermatology.com,Jeffrey,Parks,Founder,mb,Catch-All,parksdermatology.com.1.0001.arsmtp.com
+1 979-315-1007,The Terra Wellness,Wellness program,theterrawellness.com,"400 N Ashley Dr Ste 1917, Tampa, FL 33602, United States",drastor@theterrawellness.com,Juliette,Astor,Owner,mb,Catch-All,aspmx.l.google.com
+1 425-466-7942,Sanderson Aysel MD,Plastic surgeon,drayselsanderson.com,"400 Urban Plz Suite 100 Studio 3, Kirkland, WA 98033, United States",aysel@drayselsanderson.com,Aysel,Sanderson,Owner,mb,Catch-All,mx.drayselsanderson.com
+1 415-925-8963,"Arman T. Serebrakian, MD, MS",Plastic surgeon,mymarinhealth.org,"4000 Civic Center Dr #209, San Rafael, CA 94903, United States",david.klein@mymarinhealth.org,David,Klein,Chief Executive Officer,mb,Catch-All,mxb-009a3101.gslb.pphosted.com
+1 973-520-0302,Onyx Aesthetics & Sports Medicine,Sports medicine physician,onyxaasm.com,"405 Northfield Ave #102, West Orange, NJ 07052, United States",doctor@onyxdirectcare.com,Christina,Hector,Founder,mb,Catch-All,aspmx.l.google.com
+1 520-600-0211,Wild Wellness,Naturopathic practitioner,wild-wellness.com,"405 W Cool Dr. #105, Oro Valley, AZ 85704, United States",docjoshreilly@wild-wellness.com,Joshua,Reilly,Owner,mb,Catch-All,aspmx.l.google.com
+1 903-753-0700,Longview Regeneration and Wellness Center,Wellness center,longview-regen.com,"407 Gilmer Rd, Longview, TX 75604, United States",gmcbrideinc@yahoo.com,Gail,McBride,Owner,mb,Catch-All,mta7.am0.yahoodns.net
+1 267-498-7000,"PURE by Alpha Dermatology, LLC",Dermatologist,purebyalphaderm.com,"408 Lower York Rd, New Hope, PA 18938, United States",carly@purebyalphaderm.com,Carly,Overland,Co-Founder,mb,Catch-All,aspmx.l.google.com
+1 434-260-3306,Longevity Health Clinic,Wellness center,longevitycville.com,"4100 Olympia Cir Ste 106, Charlottesville, VA 22911, United States",jason@longevitycville.com,Jason,Itri,Founder and Medical Director,mb,Catch-All,aspmx.l.google.com
+1 407-260-2606,Altamonte Dermatology,Dermatologist,altamontedermatology.com,"411 Maitland Ave #1001, Altamonte Springs, FL 32701, United States",richard.telleria@altamontedermatology.com,Richard,Telleria,Owner,mb,Catch-All,aspmx.l.google.com
+1 239-641-0601,Hebe Hormone and Wellness,Wellness center,hebehormoneandwellness.com,"412 Bayfront Pl Ste 104, Naples, FL 34102, United States",felnaples1@aol.com,Estella,Lopez-McLean,Owner,mb,Catch-All,mx-aol.mail.gm0.yahoodns.net
+1 941-231-0611,Kenshō Studio,Wellness center,kenshostudio.us,"4141 S Tamiami Trl Ste 6, Sarasota, FL 34231, United States",shannon@kenshostudio.us,Shannon,Cannon,Co-Founder,mb,Catch-All,aspmx.l.google.com
+1 941-231-0611,Kenshō Studio,Wellness center,kenshostudio.us,"4141 S Tamiami Trl Ste 6, Sarasota, FL 34231, United States",chris@kenshostudio.us,Chris,Lewis,Owner-Operator,mb,Catch-All,aspmx.l.google.com
+1 310-403-3514,Lahar Plastic Surgery,Plastic surgeon,laharplasticsurgery.com,"416 N Bedford Dr Unit 206, Beverly Hills, CA 90210, United States",nicholas@laharplasticsurgery.com,Nicholas,Lahar,Owner,mb,Catch-All,aspmx.l.google.com
+1 760-944-9300,Ocean Pacific Integrative Health Center,Naturopathic practitioner,opintegrativecenter.com,"41769 Enterprise Cir N Ste 203, Temecula, CA 92590, United States",abida@opintegrativecenter.com,Abida,Wali,Owner,mb,Catch-All,SMTP.GOOGLE.com
+1 215-871-6000,Center for Plastic and Reconstructive Surgery,Plastic surgeon,dropokuplastics.com,"4190 City Ave, Philadelphia, PA 19131, United States",dropoku@phillycenterforplasticsurgery.com,Jude,Opoku-Agyeman,Owner,mb,Catch-All,mx1-us1.ppe-hosted.com
+1 310-571-8435,Salar Hazany MD,Dermatologist,hazanyderm.com,"421 N Rodeo Dr Ste T-13, Beverly Hills, CA 90210, United States",drsalar@hazanyderm.com,Salar,Hazany,Founder,mb,Catch-All,aspmx.l.google.com
+1 216-702-9801,FitDrip Vitamin Therapy,Health spa,fitdripvitamintherapy.com,"4225 Mayfield Rd Suite 105B, South Euclid, OH 44121, United States",aaliyah@fitdripvitamintherapy.com,Aaliyah,Fields,CEO,mb,Catch-All,mx1-usg2.ppe-hosted.com
+1 661-475-6775,Revive Wellness Place,Wellness center,revivewellnessplace.com,"42458 60th St W #111, Quartz Hill, CA 93536, United States",kristi@help.revivewellnessplace.com,Kristi,Ferree,Owner,mb,Catch-All,mxa.mailgun.org
+1 916-456-8756,Charles T Longo Md,Plastic surgeon,charleslongomd.com,"4250 H St #3, Sacramento, CA 95819, United States",charles.longo@charleslongomd.com,Charles,Longo,Owner,mb,Catch-All,mx.charleslongomd.com
+1 330-239-4350,"Dermatology, Surgery, Cosmetics of Northeast Ohio - Canton",Dermatologist,akronmohs.com,"4256 Fulton Dr NW, Canton, OH 44718, United States",jpopovsky@aol.com,Jennifer,Popovsky,Owner,mb,Catch-All,mx-aol.mail.gm0.yahoodns.net
+1 561-659-9766,Palm Beach Facial Plastic Surgery,Plastic surgeon,palmbeachfacialplastic.com,"4280 Professional Center Dr Ste 310, Palm Beach Gardens, FL 33410, United States",drmurphy@palmbeachfacialplastic.com,Mark,Murphy,Founder,mb,Catch-All,d271803a.ess.barracudanetworks.com
+1 786-637-3332,Dr. Benjamin J. Cousins M.D. P.A.,Plastic surgeon,benjamincousinsmd.com,"4308 Alton Rd Ste #720, Miami Beach, FL 33140, United States",benjamin@benjamincousinsmd.com,Benjamin,Cousins,Owner,mb,Catch-All,mx2.paubox.com
+1 248-880-3137,SOURCE Wellness Practice,Wellness center,sourcewellnesspractice.com,"43227 Crescent Blvd Suite 42, Novi, MI 48375, United States",bb@sourcewellnesspractice.com,Brienne,Bastianelli,Founder,mb,Catch-All,smtp.google.com
+1 310-271-3333,"Dr. Urmen Desai, MD MPH FACS FICS | Desai Plastic Surgery of Beverly Hills",Plastic surgeon,desaiplasticsurgery.com,"433 N Camden Dr #1111, Beverly Hills, CA 90210, United States",drdesai@desaiplasticsurgery.com,Urmen,Desai,Owner,mb,Catch-All,ASPMX.L.GOOGLE.com
+1 213-468-0942,Dr. Ariel Ourian | Ourian Plastic Surgery,Plastic surgeon,drourian.com,"434 N Bedford Dr, Beverly Hills, CA 90210, United States",ariel@drourian.com,Ariel,Ourian,Founder,mb,Catch-All,aspmx.l.google.com
+1 425-223-3388,Evolve Menopause & Cardiometabolic Clinic,Wellness center,evolvelifeclinic.com,"435 E Sunset Way, Issaquah, WA 98027, United States",mahkala@evolvelifeclinic.com,Mahkala,Perkins,Clinic Manager,mb,Catch-All,smtp.google.com
+1 425-223-3388,Evolve Menopause & Cardiometabolic Clinic,Wellness center,evolvelifeclinic.com,"435 E Sunset Way, Issaquah, WA 98027, United States",stephanie@evolvelifeclinic.com,Stephanie,Elder,Founder,mb,Catch-All,smtp.google.com
+1 206-966-4894,Island Women's Health,Women's health clinic,islandwomenshealth.com,"435 Ericksen Ave NE Ste 300, Bainbridge Island, WA 98110, United States",mallory@islandwomenshealth.com,Mallory,,Founder,mb,Catch-All,aspmx.l.google.com
+1 470-227-1577,ThriveMD,Wellness center,thethrivemd.com,"440 Newnan Crossing Bypass Suite 203, Newnan, GA 30265, United States",armond@thethrivemd.com,Armond,Hernandez,Co-Owner,mb,Catch-All,SMTP.GOOGLE.com
+1 703-687-3601,Penuma Implant Center - Spartan Men’s Health. Male Enhancement. Washington DC,Urology clinic,betterbodymd.com,"44055 Riverside Pkwy Suite 208, Leesburg, VA 20176, United States",kambiz@tajkarimiurology.com,Kambiz,Tajkarimi,Founder,mb,Catch-All,tajkarimiurology-com.mail.protection.outlook.com
+1 843-800-8110,Renew Medical IV Spa and Wellness,Wellness center,renewmedicalcare.com,"442 King St 2nd Floor, Charleston, SC 29403, United States",kirsten@renewmedicalcare.com,Kirsten,Patterson,Owner,mb,Catch-All,aspmx.l.google.com
+1 513-564-1325,"Jennifer A Cafardi, MD",Dermatologist,thechristhospital.com,"4440 Red Bank Expy Suite 220, Cincinnati, OH 45227, United States",lauren.wilson@thechristhospital.com,Lauren,Wilson,Manager of Wellness Services,mb,Catch-All,thechristhospital-com.mx1.arsmtp.com
+1 513-564-1325,"Jennifer A Cafardi, MD",Dermatologist,thechristhospital.com,"4440 Red Bank Expy Suite 220, Cincinnati, OH 45227, United States",deborah.hayes@thechristhospital.com,Deborah,Hayes,President and CEO,mb,Catch-All,thechristhospital-com.mx1.arsmtp.com
+1 904-737-0111,Lutz Michael E MD,Dermatologist,jaxskincancer.com,"4465 Baymeadows Rd Ste 5, Jacksonville, FL 32217, United States",lutzmichael@bellsouth.net,Michael,Lutz,Founder,mb,Catch-All,mx-att.mail.am0.yahoodns.net
+1 850-279-4145,CRYO850 Performance & Recovery,Health spa,cryo850.com,"4495 Furling Ln Ste 10, Destin, FL 32541, United States",amy@cryo850.com,Amy,Milligan,Owner,mb,Catch-All,mx1-us1.ppe-hosted.com
+1 415-565-6136,"Gregory M. Buncke, M.D.",Plastic surgeon,buncke.org,"45 Castro St #121, San Francisco, CA 94114, United States",colleen@buncke.org,Colleen,Fuller,Office Manager,mb,Catch-All,mx-biz.mail.am0.yahoodns.net
+1 415-565-6136,"Gregory M. Buncke, M.D.",Plastic surgeon,buncke.org,"45 Castro St #121, San Francisco, CA 94114, United States",gbuncke@buncke.org,Gregory,Buncke,President,mb,Catch-All,mx-biz.mail.am0.yahoodns.net
+1 223-369-7491,VitaHealth Infusions,Wellness center,vitahealthinfusions.com,"45 E Afton Ave Ste B, Yardley, PA 19067, United States",julie@vitahealthinfusions.com,Julie,Greenfield,Owner,mb,Catch-All,mx1-us1.ppe-hosted.com
+1 415-362-1221,Barnett Andrew MD PC,Plastic surgeon,drbarnett.com,"450 Sutter St #1123, San Francisco, CA 94108, United States",andrew@drbarnett.com,Andrew,Barnett,Owner,mb,Catch-All,aspmx.l.google.com
+1 415-993-3682,Wes Plastic Surgery - Ari Wes M.D.,Plastic surgeon,wesplasticsurgery.com,"450 Sutter St #1610, San Francisco, CA 94108, United States",ari@wesplasticsurgery.com,Ari,Wes,Owner,mb,Catch-All,aspmx.l.google.com
+1 281-351-9823,Anson Nguyen,Plastic surgeon,advanceddermtx.com,"455 School St Ste 49, Tomball, TX 773754688, United States",anh@advanceddermtx.com,Anh,Nguyen,Founder,mb,Catch-All,aspmx.l.google.com
+1 281-351-9823,AVN Plastic Surgery,Plastic surgeon,avnplasticsurgery.com,"455 School St Suite 49, Tomball, TX 77375, United States",anson@avnplasticsurgery.com,Anson,Nguyen,Founder,mb,Catch-All,aspmx.l.google.com
+1 610-290-7100,"Core Clinic - Chiropractic, Wellness and Spa",Wellness center,coreclinicmainline.com,"459 Sproul Rd, Villanova, PA 19085, United States",sarah@coreclinicmainline.com,Sarah,Mann,Owner,mb,Catch-All,aspmx.l.google.com
+1 607-353-7117,Providence Medical and Infusion Center,Health spa,providencemedandinfusion.com,"460 Main St #1, Oneonta, NY 13820, United States",patrick@provmic.com,Patrick,Ranasinghe,Medical Director,mb,Catch-All,mx1-us1.ppe-hosted.com
+1 949-387-1404,Signature Plastic Surgery,Plastic surgeon,spsaa.com,"4605 Barranca Pkwy Ste 205, Irvine, CA 92604, United States",eleonore@spsaa.com,Eleonore,Zetrenne,Founder,mb,Catch-All,aspmx.l.google.com
+1 212-430-2129,Plastic Surgery Group of NYC,Plastic surgeon,plasticsurgerygroupnyc.com,"461 Park Ave S #7H, New York, NY 10016, United States",f.huettner@plasticsurgerygroupnyc.com,Franziska,Huettner,Owner,mb,Catch-All,mx.paubox.com
+1 212-481-3555,Labiaplasty Center NYC,Plastic surgeon,labiaplastycenternyc.com,"461 Park Ave S #7L, New York, NY 10016, United States",jgh2001@nyp.org,John,Hunter,Medical Director and Plastic Surgeon,mb,Catch-All,mxa-00227301.gslb.pphosted.com
+1 801-871-9446,Enliven Medical,Wellness center,enlivenyourself.com,"4646 S Highland Dr #100, Millcreek, UT 84117, United States",busch.deana@yahoo.com,Deana,Busch,Founder,mb,Catch-All,mta5.am0.yahoodns.net
+1 903-213-2216,Wacha's Wellness PLLC,Wellness center,wachaswellness.com,"4659 FM 1990, Palestine, TX 75801, United States",travis@wachaswellness.com,Travis,Wacha,Owner,mb,Catch-All,aspmx.l.google.com
+1 913-499-7744,Red Spectrum Health - Red Light Therapy in Leawood - Kansas City,Wellness center,redspectrumhealth.com,"4707 College Blvd Suite 109, Leawood, KS 66211, United States",jessica@redspectrumhealth.com,Jessica,Schifman,Owner,mb,Catch-All,mx.redspectrumhealth.com
+1 208-309-6868,Monarch Sun Valley,Wellness center,monarchlongevity.us,"471 N Leadville Ave #3, Ketchum, ID 83340, United States",blair@monarchlongevity.us,Blair,Brown,Founder,mb,Catch-All,aspmx.l.google.com
+1 813-777-5850,Dr Rigo Mendoza - Tampa Plastic Surgeon,Plastic surgeon,embodimentmedspa.com,"4710 N Habana Ave, Tampa, FL 33614, United States",michelle@embodimentmedspa.com,Michelle,,Marketing Manager,mb,Catch-All,embodimentmedspa-com.mail.protection.outlook.com
+1 813-777-5850,Dr Rigo Mendoza - Tampa Plastic Surgeon,Plastic surgeon,embodimentmedspa.com,"4710 N Habana Ave, Tampa, FL 33614, United States",rigo@embodimentmedspa.com,Rigo,Mendoza,Owner,mb,Catch-All,embodimentmedspa-com.mail.protection.outlook.com
+1 718-226-9000,Cooper Michael L MD,Plastic surgeon,siuh.edu,"475 Seaview Ave, Staten Island, NY 10305, United States",bardolic@northwell.edu,Brahim,Ardolic,Executive Vice President,mb,Catch-All,mxb-001a2801.gslb.pphosted.com
+1 858-461-0383,"La Jolla Facial Plastic Surgery: Victor Chung, MD",Plastic surgeon,lajollafacialplasticsurgery.com,"4765 Carmel Mountain Rd #103, San Diego, CA 92130, United States",victor@lajollafacialplasticsurgery.com,Victor,Chung,Founder,mb,Catch-All,lajollafacialplasticsurgery-com.mail.protection.outlook.com
+1 858-977-6367,Pulse 360° Health - Executive Health and Wellness,Plastic surgeon,pulse360health.com,"4765 Carmel Mountain Rd #103, San Diego, CA 92130, United States",anahita@pulse360health.com,Anahita,Kemp,Founder,mb,Catch-All,aspmx.l.google.com
+1 732-856-2247,Champagne Smiles MediSpa,Health spa,champagnesmilesmedispa.com,"480 Hwy 79, Morganville, NJ 07751, United States",richard@champagnesmilesmedispa.com,Richard,Champagne,Owner,mb,Catch-All,champagnesmilesmedispa-com.mail.protection.outlook.com
+1 954-688-7269,"GK Plastic Surgery: George Kamel, MD",Plastic surgeon,gkplasticsurgery.com,"4800 N Federal Hwy #200, Fort Lauderdale, FL 33308, United States",george.kamel@gkplasticsurgery.com,George,Kamel,Founder,mb,Catch-All,mx2-usg1.ppe-hosted.com
+1 414-345-8237,Milluminate Holistic Wellness Center,Wellness center,milluminate.me,"4813 W National Ave, West Milwaukee, WI 53214, United States",betsy@milluminate.me,Betsy,Herden,Founder,mb,Catch-All,aspmx.l.google.com
+1 763-545-0443,Dr. Kuldeep Singh,Plastic surgeon,singhsurgicalarts.com,"4825 Olson Mem Hwy, Minneapolis, MN 55422, United States",kuldeep@singhsurgicalarts.com,Kuldeep,Singh,Founder,mb,Catch-All,singhsurgicalarts-com.mail.protection.outlook.com
+1 904-916-3617,Cosmetic Gynecology Florida,Cosmetic surgeon,cosmeticgynecologyfl.com,"486 Town Plaza Ave Ste 440, Ponte Vedra Beach, FL 32081, United States",suny@cosmeticgynecologyfl.com,Suny,Caminero,Owner & Gynecologist,mb,Catch-All,cosmeticgynecologyfl-com.mail.protection.outlook.com
+1 913-353-5757,Joy Health and Wellness,Wellness center,joyhealthkc.com,"4914 Johnson Dr, Roeland Park, KS 66205, United States",paul@joyhealthkc.com,Paul,Joy,Owner,mb,Catch-All,aspmx.l.google.com
+1 518-265-6358,Thrive Integrative Holistic Practices,Wellness center,thriveintegrativeholisticpractices.com,"498 Glen St, Glens Falls, NY 12801, United States",reiki22ltc@aol.com,Janet,Orzano,Practitioner,mb,Catch-All,mx-aol.mail.gm0.yahoodns.net
+1 916-659-7474,Upsize Penis Enlargement,Plastic surgeon,upsizematters.com,"5 Medical Plaza Dr Ste 150, Roseville, CA 95661, United States",joel@upsizematters.com,Joel,Pash,Co-Founder,mb,Catch-All,aspmx.l.google.com
+1 262-891-8977,The Well Integrative Health,Wellness center,thewellnp.com,"5 Ridgway Ct Suite D, Elkhorn, WI 53121, United States",kriffel@thewellnp.com,Kelly,Riffel,Owner,mb,Catch-All,smtp.google.com
+1 408-851-8200,"Raghu Nandan, MD, MPH, FACS",Plastic surgeon,nandanmd.com,"50 E Hamilton Ave #100, Campbell, CA 95008, United States",raghu@nandanmd.com,Raghu,Nandan,Owner,mb,Catch-All,mxa.mailgun.org
+1 630-325-6647,Goulder MD,Dermatologist,drgoulder.com,"500 E Ogden Ave, Hinsdale, IL 60521, United States",steven@drgoulder.com,Steven,Goulder,Owner,mb,Catch-All,drgoulder-com.mail.protection.outlook.com
+1 503-400-3434,Mattison Plastic Surgery,Plastic surgeon,areteplasticsurgery.com,"500 Liberty St SE Unit 400, Salem, OR 97301, United States",gennaya@areteplasticsurgery.com,Gennaya,Mattison,Owner,mb,Catch-All,aspmx.l.google.com
+1 585-617-3388,driphouse®,Wellness center,driphouse.com,"500 S Union St Ste F, Spencerport, NY 14559, United States",stephanie@driphouse.com,Stephanie,Lisi,Owner,mb,Catch-All,smtp.google.com
+1 315-766-1101,"Crouse Medical Practice Plastic and Reconstructive Surgery - Stephan Barrientos, MD",Plastic surgeon,crousemed.com,"5000 Brittonfield Pkwy Suite A125, East Syracuse, NY 13057, United States",sethkronenberg@crousemed.com,Seth,Kronenberg,President and Medical Director,mb,Catch-All,mail2.crouse.org
+1 718-758-4003,Health & Wellness Club,Wellness program,healthandwellnessinternational.com,"5006 Avenue L, Brooklyn, NY 11234, United States",carlyndyarde@yahoo.com,Carlyn,Yarde,Owner,mb,Catch-All,mta6.am0.yahoodns.net
+1 318-442-5800,Herbert Maguire,Plastic surgeon,rapidesregional.com,"501 Medical Center Dr #4a, Alexandria, LA 71301, United States",charla.ducote@hcahealthcare.com,Charla,Ducote,Vice President,mb,Catch-All,mxa-00039202.gslb.pphosted.com
+1 318-655-8525,Premier Medicine,Health spa,premiermedicinellc.com,"5015 Shed Rd Suite 400, Bossier City, LA 71111, United States",rachael@premiermedicinellc.com,Rachael,Deere,Owner and Founder,mb,Catch-All,aspmx.l.google.com
+1 509-970-6974,Elevate Social Wellness,Wellness center,elevatechelan.com,"502 E Woodin Ave B, Chelan, WA 98816, United States",steph@elevatechelan.com,Stephanie,Brown,Owner,mb,Catch-All,aspmx.l.google.com
+1 509-970-6974,Elevate Social Wellness,Wellness center,elevatechelan.com,"502 E Woodin Ave B, Chelan, WA 98816, United States",brandie@elevatechelan.com,Brandie,Martin,Spa Director,mb,Catch-All,aspmx.l.google.com
+1 786-559-7005,EMDI Health,Wellness center,myemdihealth.com,"507 S 21st Ave, Hollywood, FL 33020, United States",jennifer@myemdihealth.com,Jennifer,Mbianda,Founder,mb,Catch-All,aspmx.l.google.com
+1 432-557-7656,Vitality Lifestyle & Wellness,Wellness center,vitalitylifestyle.net,"5105 Sunmore Cir Suite A, Midland, TX 79707, United States",martha@vitalitylifestyle.net,Martha,Ramos,Owner and Founder,mb,Catch-All,vitalitylifestyle-net.mail.protection.outlook.com
+1 863-900-2081,Serenity Mind and Body Solutions | MedSpa and Wellness Clinic Lakeland FL,Wellness center,medspaandwellnesscliniclakelandfl.com,"5143 S Lakeland Dr #2, Lakeland, FL 33813, United States",oneidaserrano@yahoo.com,Oneida,Cadavid,Owner,mb,Catch-All,mta6.am0.yahoodns.net
+1 919-690-9005,The Happy Sol,Wellness center,thehappysol.live,"515 Carver Dr, Roxboro, NC 27573, United States",thehappysol@thehappysol.live,Teresa,Partridge,Founder,mb,Catch-All,aspmx.l.google.com
+1 912-283-5729,South Georgia Center for Optimal Wellness,Wellness program,hormoneandwellnesssolutions.com,"515 Riverside Dr, Waycross, GA 31501, United States",janelle@flowwell.org,Janelle,Solomon,Founder of Radiant Thermography & Wellness,mb,Catch-All,aspmx.l.google.com
+1 410-747-2020,"Kerry Owens, MD",Plastic surgeon,avalonplasticsurgery.com,"516 N Rolling Rd Ste 107, Catonsville, MD 21228, United States",kerry@avalonplasticsurgery.com,Kerry,Owens,Owner,mb,Catch-All,mx1-us1.ppe-hosted.com
+1 650-800-3424,SummaUp,Wellness center,summaup.com,"519 W 22nd St Ste 300-59742, Sioux Falls, SD 57105, United States",paul@summaup.com,Paul,Guevarra,Head of Supply Chain,mb,Catch-All,mxb.mailgun.org
+1 913-381-4900,Plastic Surgery KS: Vargas Face & Skin Center,Plastic surgeon,vargasfaceandskin.com,"5200 W 95th St, Prairie Village, KS 66207, United States",hannah@vargasfaceandskin.com,Hannah,Vargas,Owner,mb,Catch-All,vargasfaceandskin-com.mail.protection.outlook.com
+1 913-381-4900,Plastic Surgery KS: Vargas Face & Skin Center,Plastic surgeon,vargasfaceandskin.com,"5200 W 95th St, Prairie Village, KS 66207, United States",jessica@vargascenter.com,Jessica,,Practice Manager,mb,Catch-All,vargascenter-com.mail.protection.outlook.com
+1 631-268-2724,Non-Surgical Rhinoplasty Hamptons,Plastic surgeon,drhamptons.com,"53 Newtown Ln 2nd Floor, East Hampton, NY 11937, United States",info@drhamptons.com,Alexander,GolBerg,Owner,mb,Catch-All,aspmx.l.google.com
+1 414-249-4420,Wisco Lactation - Milwaukee,Women's health clinic,wiscolactation.com,"530 N 108th Pl #203, Wauwatosa, WI 53226, United States",ashleigh@wiscolactation.com,Ashleigh,Richmond,Co-Owner,mb,Catch-All,aspmx.l.google.com
+1 414-249-4420,Wisco Lactation - Milwaukee,Women's health clinic,wiscolactation.com,"530 N 108th Pl #203, Wauwatosa, WI 53226, United States",molly@wiscolactation.com,Molly,Peterson,Owner,mb,Catch-All,aspmx.l.google.com
+1 858-800-2555,Nature & Science Medicine,Wellness center,nsmedicine.com,"531 Encinitas Blvd Ste 121, Encinitas, CA 92024, United States",nikodemas@nsmedicine.com,Nikodemas,McNulty,Founder,mb,Catch-All,aspmx.l.google.com
+1 516-200-4519,NY 360 Wellness Medicine,Wellness center,ny360wellness.com,"535 Clinton Ave, Brooklyn, NY 11238, United States",adeeti@ny360wellness.com,Adeeti,Gupta,Founder,mb,Catch-All,aspmx.l.google.com
+1 516-231-1097,"Antonio Uria, MD, FACS",Plastic surgeon,allislanddermatology.com,"54 New Hyde Park Rd, Garden City, NY 11530, United States",jonorato@allislanddermatology.com,Joseph,Onorato,Founder & President,mb,Catch-All,d166308a.ess.barracudanetworks.com
+1 430-333-5969,WOW Cosmetic Surgery,Cosmetic surgeon,wowcosmeticsurgery.com,"5400 Hwy 121 Ste 102, Colleyville, TX 76034, United States",prem@wowcosmeticsurgery.com,Prem,Patel,Founder,mb,Catch-All,aspmx.l.google.com
+1 360-226-0086,Lacey Wellness,Wellness center,laceywellness.com,"5401 Corporate Center Loop SE suite k, Lacey, WA 98503, United States",lwmanager@laceythrive.com,,,Manager,mb,Catch-All,aspmx.l.google.com
+1 480-634-7800,Dr. Mark Plastic Surgery,Plastic surgeon,drmarkplasticsurgery.com,"5410 N Scottsdale Rd a200, Paradise Valley, AZ 85253, United States",mark@drmarkplasticsurgery.com,Mark,Gruszynski,Founder,mb,Catch-All,drmarkplasticsurgery-com.mail.protection.outlook.com
+1 480-680-9430,Phoenix Gynecomastia Center,Plastic surgeon,phoenixgynecomastia.com,"5410 N Scottsdale Rd, Scottsdale, AZ 85253, United States",mark@phoenixgynecomastia.com,Mark,Gruszynski,Owner,mb,Catch-All,mail.phoenixgynecomastia.com
+1 727-645-5070,Amazing Grace Health and Wellness Center,Wellness center,amazinggracehealthandwellnesscenter.org,"5438 Trouble Creek Rd, New Port Richey, FL 34652, United States",josephine@amazinggracehealthandwellnesscenter.org,Josephine,Adelufosi,Owner,mb,Catch-All,eforward2.registrar-servers.com
+1 913-263-2466,NewLife Health and Wellness,Wellness center,nlhealthandwellness.com,"5440 W 110th St Ste 3015, Overland Park, KS 66211, United States",nsmith@nlhealthandwellness.com,Nick,Smith,Founder,mb,Catch-All,smtp.google.com
+1 317-944-3636,University Plastic Surgeons,Plastic surgeon,universityplasticsurgeons.com,"545 Barnhill Dr, Indianapolis, IN 46202, United States",devra.becker@uthsc.edu,Devra,Becker,Division Chief,mb,Catch-All,uthsc-edu.mail.protection.outlook.com
+1 657-468-2099,Priority Wellness,Wellness center,prioritywellnesshealth.com,"550 N Golden Cir Dr Suite B, Santa Ana, CA 92705, United States",crystal@prioritywellnesshealth.com,Crystal,,Manager,mb,Catch-All,aspmx.l.google.com
+1 972-737-7361,LifeCycle Nutrition,Wellness center,lifecycle-nutrition.com,"550 S Watters Rd #273, Allen, TX 75013, United States",maria-paula@lifecycle-nutrition.com,Maria-Paula,Carrillo,Founder and Owner,mb,Catch-All,aspmx.l.google.com
+1 336-355-9006,One Wellness Center,Wellness center,onewellnesscenter.org,"5500 Adams Farm Ln STE 110, Greensboro, NC 27407, United States",amber@onewellnesscenter.org,Amber,Booker,Founder,mb,Catch-All,aspmx.l.google.com
+1 925-966-4241,Sculptsations,Wellness center,sculptsations.com,"560 Main St, Pleasanton, CA 94566, United States",erica@sculptsations.com,Erica,Jasso,Owner,mb,Catch-All,mx1.privateemail.com
+1 516-804-3332,Hydrate Health and Wellness,Wellness center,hydrateli.com,"5610 Merrick Rd, Massapequa, NY 11758, United States",alyse@hydrateli.com,Alyse,De Stefano,Co-Owner,mb,Catch-All,aspmx.l.google.com
+1 865-599-3786,Stretch Fusion,Health spa,stretchfusion.com,"5614 Kingston Pike, Knoxville, TN 37919, United States",shane@stretchfusion.com,Shane,Cox,Founder and Owner,mb,Catch-All,aspmx.l.google.com
+1 360-915-7944,Yonic V-Spa,Health spa,yonicvspa.com,"5622 Pacific Ave SE #6, Lacey, WA 98503, United States",ebony@yonicvspa.com,Ebony,Washington,Owner,mb,Catch-All,mail.yonicvspa.com
+1 516-951-1929,Bass Plastic Surgery - Manhattan Location,Plastic surgeon,drbass.net,"568 Park Ave, New York, NY 10065, United States",drbass@drbass.net,Lawrence,Bass,Founder,mb,Catch-All,drbass-net.mail.protection.outlook.com
+1 859-801-1740,Vitality Health of NKY,Wellness center,vitalityhealthnky.com,"570 Buttermilk Pike, Crescent Springs, KY 41017, United States",stephen.schutzman@vitalityhealthnky.com,Stephen,Schutzman,Owner,mb,Catch-All,aspmx.l.google.com
+1 970-259-2202,"Anna Kupcha, M.D",Plastic surgeon,fourcornerseye.com,"575 Rivergate Ln #212, Durango, CO 81301, United States",emeyer@fourcornerseye.com,Eric,Meyer,Owner,mb,Catch-All,fourcornerseye.com.1.0001.arsmtp.com
+1 970-259-2202,"Anna Kupcha, M.D",Plastic surgeon,fourcornerseye.com,"575 Rivergate Ln #212, Durango, CO 81301, United States",jtheine@fourcornerseye.com,Joe,Theine,Practice Administrator,mb,Catch-All,fourcornerseye.com.1.0001.arsmtp.com
+1 916-791-7088,Centre for Plastic Surgery,Plastic surgeon,centreforplasticsurgery.com,"576 N Sunrise Ave Suite 120, Roseville, CA 95661, United States",granger@centreforplasticsurgery.com,Granger,Wong,Owner,mb,Catch-All,centreforplasticsurgery-com.mail.protection.outlook.com
+1 480-802-8511,Dr Sean F. Wolfort,Plastic surgeon,ppnsurgery.com,"5801 S McClintock Dr STE 104, Tempe, AZ 85283, United States",sean@ppnsurgery.com,Sean,Wolfort,President & Chief Executive Officer,mb,Catch-All,mail.ppnsurgery.com
+1 253-525-4100,"The Elston Clinic, PLLC",Plastic surgeon,elston.clinic,"5801 Soundview Dr #201, Gig Harbor, WA 98335, United States",joshua@elston.clinic,Joshua,Elston,Owner,mb,Catch-All,aspmx.l.google.com
+1 216-716-7762,"James R. Parry, DO INC",Plastic surgeon,thejparryclinic.com,"5885 Landerbrook Dr #306, Cleveland, OH 44124, United States",drjimparry@jparryclinic.com,James,Parry,Founder,mb,Catch-All,aspmx.l.google.com
+1 973-307-0125,Randall Facial Plastic Surgery,Plastic surgeon,randallplasticsurgery.com,"59 Franklin St, Morristown, NJ 07960, United States",michael@randallplasticsurgery.com,Michael,Randall,Owner,mb,Catch-All,aspmx.l.google.com
+1 646-350-1675,Breast Reconstruction Center of NYC,Plastic surgeon,breastreconstructioncenternyc.com,"590 5th Ave Ste 1124, New York, NY 10036, United States",keith.blechman@breastreconstructioncenternyc.com,Keith,Blechman,Owner,mb,Catch-All,mx.paubox.com
+1 646-698-8253,NYC Liposuction Surgery Specialists,Plastic surgeon,nycliposuctionsurgeryspecialists.com,"590 5th Ave Suite 1144, New York, NY 10036, United States",drdelmauro@bodysculptingcenternyc.com,Matthew,DelMauro,Director,mb,Catch-All,mx.paubox.com
+1 727-209-7491,Amplify Wellness,Wellness center,amplifymywellness.com,"5985 49th Street N, St. Petersburg, FL 33709, United States",jon@amplifymywellness.com,Jon,Clark,Advanced Practice Registered Nurse,mb,Catch-All,smtp.google.com
+1 561-296-5222,Genesis Dermatology,Dermatologist,genesisderm.com,"600 Heritage Dr #101, Jupiter, FL 33458, United States",shawna@genesisderm.com,Shawna,Flanagan,Founder,mb,Catch-All,genesisderm-com.mx1.arsmtp.com
+1 909-377-5000,"Dr. Maria Diaz, MD",Cosmetic surgeon,drmariadiaz.com,"600 N Mountain Ave B100, Upland, CA 91786, United States",maria@drmariadiaz.com,Maria,Diaz,Owner,mb,Catch-All,aspmx.l.google.com
+1 516-321-8900,"Neil Tanna, MD, FACS",Plastic surgeon,neiltanna.com,"600 Northern Blvd Ste 310, Great Neck, NY 11021, United States",ntanna@northwell.edu,Neil,Tanna,Owner,mb,Catch-All,mxb-001a2801.gslb.pphosted.com
+1 707-633-2503,TruFusion Clinics,Wellness center,trufusionclinics.com,"600 Nut Tree Rd Suite 220, Vacaville, CA 95687, United States",lyn@trufusionclinics.com,Lyn,Green,Clinic Director,mb,Catch-All,aspmx.l.google.com
+1 925-838-4900,"Dr. Samantha Ellis, M.D.",Dermatologist,potozkinellis.com,"600 San Ramon Valley Blvd Suite 102, Danville, CA 94526, United States",drjp@drjeromepotozkin.com,Jerome,Potozkin,Founder & CEO,mb,Catch-All,drjeromepotozkin-com.mail.protection.outlook.com
+1 303-788-6466,Benson J. Pulikkottil MD,Plastic surgeon,healthonecares.com,"601 E Hampden Ave Ste 310, Englewood, CO 80113, United States",chad.christianson@hcahealthcare.com,Chad,Christianson,President and CEO,mb,Catch-All,mxa-00039202.gslb.pphosted.com
+1 754-288-3171,Hairthetics,Hair transplantation clinic,hairthetics.org,"601 N Federal Hwy Ste 411, Hallandale Beach, FL 33009, United States",shan@hairthetics.org,Shiwei,Han,Founder,mb,Catch-All,ASPMX.L.GOOGLE.COM
,Viva Dermatology,Dermatologist,vivadermatology.com,"601 Westpark Wy Ste 100, Euless, TX 76040, United States",jeannette@vivadermatology.com,Jeannette,Olazagasti,Founder,mb,Catch-All,aspmx.l.google.com
+1 956-508-2206,Optimal Wellness & Recovery,Health spa,optimalwellnesslaredo.com,"6019 McPherson Rd Ste 1, Laredo, TX 78041, United States",edward@optimalwellnesslaredo.com,Edward,Donahue,Owner,mb,Catch-All,aspmx.l.google.com
+1 612-874-1292,Children's Minnesota ENT & Facial Plastic Surgery - Minnetonka,Plastic surgeon,childrensmn.org,"6060 Clearwater Dr # 100, Minnetonka, MN 55343, United States",nick.lafave@childrensmn.org,Nick,LaFave,"Director, Communications",mb,Catch-All,mx1.childrensmn.org
+1 612-874-1292,Children's Minnesota ENT & Facial Plastic Surgery - Minnetonka,Plastic surgeon,childrensmn.org,"6060 Clearwater Dr # 100, Minnetonka, MN 55343, United States",marc.gorelick@childrensmn.org,Marc,Gorelick,President and CEO,mb,Catch-All,mx1.childrensmn.org
+1 732-945-6555,Parcells Plastic Surgery,Plastic surgeon,parcellsplasticsurgery.com,"61 East 86th St Apt 1, New York, NY 10028, United States",alexis@parcellsplasticsurgery.com,Alexis,Parcells,CEO,mb,Catch-All,aspmx.l.google.com
+1 828-550-3344,Wenzel Facial Plastic Surgery,Plastic surgeon,wenzelfacialsurgery.com,"61-B Haywood Park Dr, Clyde, NC 28721, United States",drwenzel@wenzelfacialsurgery.com,Christopher,Wenzel,Owner,mb,Catch-All,aspmx.l.google.com
+1 562-342-9066,SoCal Pro Health & Imaging,Wellness center,socalprohealth.com,"610 CA-1 #205, Seal Beach, CA 90740, United States",yaseng.yann@socalprohealth.com,Yaseng,Yann,Owner,mb,Catch-All,mx1-us1.ppe-hosted.com
+1 407-693-0541,Ravissante Health,Wellness center,ravissantehealthcare.com,"6100 Lake Ellenor Dr Suite 206, Orlando, FL 32809, United States",choisette@ravissantehealthcare.com,Choisette,Damus,Founder,mb,Catch-All,smtp.google.com
+1 404-857-4242,"Élevé Plastic & Reconstructive Surgery; Dr. Olatomide (Tomi) Familusi,",Plastic surgeon,eleveplastics.com,"6105 Peachtree Dunwoody Rd NE Building C, Suite 250, Atlanta, GA 30328, United States",olatomide@eleveplastics.com,Olatomide,Familusi,Founder,mb,Catch-All,eleveplastics.com.1.0001.arsmtp.com
+1 480-809-6513,AZ Dietitians,Wellness center,azdietitians.com,"6124 E Brown Rd #102, Mesa, AZ 85205, United States",wgreen@azdietitians.com,Wendy,Green,Founder,mb,Catch-All,azdietitians-com.mail.protection.outlook.com
+1 480-809-6513,AZ Dietitians,Wellness center,azdietitians.com,"6124 E Brown Rd #102, Mesa, AZ 85205, United States",pnarducci@azdietitians.com,Patty,Narducci,Head of Menu Writing,mb,Catch-All,azdietitians-com.mail.protection.outlook.com
+1 903-747-8107,Tyler Wellness Clinic,Wellness center,tylerwellnessclinic.com,"621 Shelley Park Plaza, Tyler, TX 75701, United States",stacie@tylerwellnessclinic.com,Stacie,Cameron,Owner,mb,Catch-All,tylerwellnessclinic-com.mail.protection.outlook.com
+1 561-536-7337,Patrick Cleveland Facial Plastic Surgery,Plastic surgeon,drpatrickcleveland.com,"625 N Flagler Dr Ste 507, West Palm Beach, FL 33401, United States",drpatrick@drpatrickcleveland.com,Patrick,Cleveland,Founder,mb,Catch-All,aspmx.l.google.com
+1 503-757-8883,PNW Wellness,Health spa,pnwwellness.com,"630 B Ave Ste 4, Lake Oswego, OR 97034, United States",marian@pnwwellness.com,Marian,Lemire,Owner,mb,Catch-All,pnwwellness-com.mail.protection.outlook.com
+1 972-761-5464,Stewart Center for Plastic Surgery and Hand,Plastic surgeon,stewartcenterdallas.com,"6300 W Parker Rd Suite 427 Medical Office Building 2, Plano, TX 75093, United States",christopher@stewartcenterdallas.com,Christopher,Stewart,Owner,mb,Catch-All,aspmx.l.google.com
+1 651-504-0321,Eye Plastic Surgery of Minnesota - Dr. Mohit Dewan,Plastic surgeon,eyeplasticsmn.com,"635 Bielenberg Dr #220, St Paul, MN 55125, United States",mohit@eyeplasticsmn.com,Mohit,Dewan,President,mb,Catch-All,aspmx.l.google.com
+1 929-388-1419,"Karan Mehta, MD",Plastic surgeon,karanmehtamd.com,"635 Madison Ave 17th floor, New York, NY 10022, United States",drmehta@karanmehtamd.com,Karan,Mehta,Owner,mb,Catch-All,karanmehtamd-com.mail.protection.outlook.com
+1 346-456-0060,LOMA Health & Wellness,Wellness center,lomahealthtx.com,"640 Baker Dr Unit D, Tomball, TX 77375, United States",christina@lomahealthtx.com,Christina,Mapes,President,mb,Catch-All,lomahealthtx-com.mail.protection.outlook.com
+1 707-962-3145,Whole Body Wellness~An Integrative Medical Center,Naturopathic practitioner,wbwcenter.com,"647 N Main St, Fort Bragg, CA 95437, United States",drlisa@wbwcenter.com,Lisa,Edens-Tan,Naturopathic Doctor,mb,Catch-All,aspmx.l.google.com
+1 720-230-3875,Locketz Facial Plastic Surgery,Plastic surgeon,locketzfacialplastics.com,"6501 E Belleview Ave Ste 350, Centennial, CO 80111, United States",garrett@locketzfacialplastics.com,Garrett,Locketz,Founder,mb,Catch-All,locketzfacialplastics-com.mail.protection.outlook.com
+1 703-578-1770,"Brittany Smirnov, D.O.",Dermatologist,fuchsdermatology.com,"6565 Arlington Blvd Suite 102, Falls Church, VA 22042, United States",glenn@fuchsdermatology.com,Glenn,Fuchs,President,mb,Catch-All,_dc-mx.0c8e0d4f8247.fuchsdermatology.com
+1 631-481-7470,Elevate Dermatology,Dermatologist,elevatedermny.com,"66 Commack Rd #200, Commack, NY 11725, United States",tamara@elevatedermny.com,Tamara,Koss,Founder,mb,Catch-All,smtp.google.com
+1 312-625-0097,Ogilvie Plastic Surgery,Plastic surgeon,ogilvieplasticsurgery.com,"663 N Wells St, Chicago, IL 60654, United States",michael@ogilvieplasticsurgery.com,Michael,Ogilvie,Founder and Owner,mb,Catch-All,aspmx.l.google.com
+1 708-781-3007,Wicked Wellness Spa,Health spa,thewickedexperience.com,"6700 167th St Ste 4 & 5, Tinley Park, IL 60477, United States",phylia@thewickedexperience.com,Phylia,Bolls,Owner,mb,Catch-All,aspmx.l.google.com
+1 704-200-2493,May Plastic Surgery,Plastic surgeon,mayplasticsurgery.com,"6700 Fairview Rd #340, Charlotte, NC 28210, United States",drbrianmay@mayplasticsurgery.com,Brian,May,Owner,mb,Catch-All,aspmx.l.google.com
+1 559-201-7100,Anara Wellness,Wellness center,anarawellness.com,"6721 N Willow Ave #101, Fresno, CA 93710, United States",kelly@anarawellness.com,Kelly,Macholz,Owner,mb,Catch-All,aspmx.l.google.com
+1 401-599-0100,Cardi Aesthetics and Wellness,Wellness center,cardiaesthetics.com,"673 Atwood Ave, Cranston, RI 02920, United States",james@cardiaesthetics.com,James,Cardi,Medical Director,mb,Catch-All,aspmx.l.google.com
+1 713-775-4234,Infusion Body and Skincare,Wellness center,infusionbodyandskincare.com,"6730 Hwy 6, Missouri City, TX 77459, United States",george@infusionbodyandskincare.com,George,Miller,Medical Director,mb,Catch-All,aspmx.l.google.com
+1 626-425-3158,Dr Wai-Yee LI MD PhD FACS,Plastic surgeon,labreastandbody.com,"675 S Arroyo Pkwy Ste 310 B, Pasadena, CA 91105, United States",waiyee@labreastandbody.com,Wai-Yee,Li,CEO & Founder,mb,Catch-All,smtp.google.com
+1 617-313-2254,Dr. Sanan MD Facial Plastic Surgery,Plastic surgeon,drsanan.com,"69 Newbury St 5th floor, Boston, MA 02116, United States",akshay@drsanan.com,Akshay,Sanan,Owner,mb,Catch-All,aspmx.l.google.com
+1 617-463-9686,Dr. Vickram Tandon | Tandon Plastic Surgery,Plastic surgeon,doctortandon.com,"69 Newbury St 5th floor, Boston, MA 02116, United States",vickram@doctortandon.com,Vickram,Tandon,Owner,mb,Catch-All,aspmx.l.google.com
+1 214-965-9885,"Shikhar Tomur, M.D.",Plastic surgeon,drtomur.com,"6901 Snider Plaza, Dallas, TX 75205, United States",shikhar@drtomur.com,Shikhar,Tomur,Owner,mb,Catch-All,drtomur-com.mail.protection.outlook.com
+1 201-702-8264,VAM Med Spa,Health spa,v-am.com,"695 Anderson Ave, Cliffside Park, NJ 07010, United States",rlsr@v-am.com,Roger,Lallemand,CEO,mb,Catch-All,vam-com0c.mail.protection.outlook.com
+1 914-472-7023,Westchester Dermatology Center: Kaporis Athena G MD,Dermatologist,westchesterderm.com,"700 Post Rd #34, Scarsdale, NY 10583, United States",amulroy@westchesterhealth.com,Angela,Mulroy,Privacy Officer,mb,Catch-All,mxb-001a2801.gslb.pphosted.com
+1 757-720-2544,"D'NuVi Wellness & Hydration, PLLC",Wellness center,dnuviwellness.com,"700 Tech Center Pkwy #200, Newport News, VA 23606, United States",danita@dnuviwellness.com,Danita,Mitchell,Founder,mb,Catch-All,mxa.mailgun.org
+1 561-783-3376,"DermWorks - Dr. Jenna Queller, MD",Dermatologist,dermworks.com,"7000 W Palmetto Park Rd #105, Boca Raton, FL 33433, United States",jenna@dermworks.com,Jenna,Queller,Founder,mb,Catch-All,aspmx.l.google.com
+1 757-372-4446,Aqua Relief Wellness Center,Health spa,aquareliefwellness.com,"701 Battlefield Blvd N J, Chesapeake, VA 23320, United States",laura@aquareliefwellness.com,Laura,Jehoich,Owner,mb,Catch-All,aspmx.l.google.com
+1 706-760-3470,Elevated Health Augusta,Wellness center,elevatedhealthaugusta.com,"7013 Evans Town Center Blvd Ste 203, Evans, GA 30809, United States",lauren@elevatedhealthaugusta.com,Lauren,Bursey,Manager and Partner,mb,Catch-All,smtp.google.com
+1 941-748-4747,Berkes Beatrice,Dermatologist,bayareaderm.com,"702 Manatee Ave W, Bradenton, FL 34205, United States",bayareaskincancer@verizon.net,Beatrice,Berkes,Owner,mb,Catch-All,mx-aol.mail.gm0.yahoodns.net
+1 360-346-9958,Allen Gabriel MD | AG Aesthetic Center,Plastic surgeon,allengabrielmd.com,"703 Broadway St Ste 700, Vancouver, WA 98660, United States",melissa@allengabrielmd.com,Melissa,Mohr,Director of Operations,mb,Catch-All,d163775a.ess.barracudanetworks.com
+1 360-346-9958,Allen Gabriel MD | AG Aesthetic Center,Plastic surgeon,allengabrielmd.com,"703 Broadway St Ste 700, Vancouver, WA 98660, United States",ag@allengabrielmd.com,Allen,Gabriel,Plastic Surgeon & Founder,mb,Catch-All,d163775a.ess.barracudanetworks.com
+1 407-205-9070,ThrIVe Hydration & Spa,Wellness center,thrivehydraspa.com,"7067 Narcoossee Rd Suite B, Loft #12, Orlando, FL 32822, United States",patricia@thrivehydraspa.com,Patricia,Miller,Founder,mb,Catch-All,smtp.google.com
+1 615-908-4404,N of 1 Wellness,Wellness center,nof1wellness.com,"7127 Crossroads Blvd #102, Brentwood, TN 37027, United States",kevin@nof1wellness.com,Kevin,Grass,President & Owner,mb,Catch-All,mx1-us1.ppe-hosted.com
+1 484-823-9004,Core Medical Weight-Loss & Wellness,Wellness program,cmw2.com,"717 Constitution Dr Suite 107, Exton, PA 19341, United States",jocelynshinnen@cmw2.com,Jocelyn,Shinnen,Owner,mb,Catch-All,cmw2-com.mail.protection.outlook.com
+1 954-707-5158,Himmarshee Plastic Surgery,Plastic surgeon,himmarsheeplasticsurgery.com,"717 SE 2nd St Suite 100, Fort Lauderdale, FL 33301, United States",savannah@himmarsheeplasticsurgery.com,Savannah,Moon,Co-owner,mb,Catch-All,aspmx.l.google.com
+1 305-448-8900,"Onelio Garcia JR., M.D.",Plastic surgeon,ogarciamd.com,"7190 SW 87th Ave Suite 407, Miami, FL 33173, United States",oni@ogarciamd.com,Onelio,Garcia,Founder,mb,Catch-All,aspmx.l.google.com
+1 800-715-6299,Eurolift,Plastic surgeon,euroliftmd.com,"72-301 Country Club Dr STE 107, Rancho Mirage, CA 92270, United States",rim@euroliftmd.com,Rim,Marcinkus,Owner,mb,Catch-All,euroliftmd-com.mail.protection.outlook.com
+1 301-235-1900,"Landford Plastic Surgery - Wilmina Landford, M.D.",Plastic surgeon,landfordplasticsurgery.com,"7201 Wisconsin Ave #515, Bethesda, MD 20814, United States",wilmina.landford@landfordplasticsurgery.com,Wilmina,Landford,Founder,mb,Catch-All,landfordplasticsurgery-com.mail.protection.outlook.com
+1 318-290-2122,"RevIV Health & Wellness, LLC",Health spa,revivhealthandwellness.com,"7225 Fern Ave Ste 600, Shreveport, LA 71105, United States",msullivan@revivhealthandwellness.com,Melissa,Sullivan,Owner,mb,Catch-All,revivhealthandwellness-com.mail.protection.outlook.com
+1 863-385-7183,Lakeside Dermatology - Sebring,Dermatologist,lakesidedermatology.com,"723 U.S. Hwy 27 S, Sebring, FL 33870, United States",rogers@lakesidedermatology.com,Michael,Rogers,Founder,mb,Catch-All,LAKESIDEDERMATOLOGY-COM.mail.protection.outlook.com
+1 760-898-7300,Juventas Rejuvenation Retreat,Wellness center,juventascorporation.com,"72780 Country Club Dr Ste 102, Rancho Mirage, CA 92270, United States",chase@juventascorporation.com,Chase,Baker,Director,mb,Catch-All,aspmx.l.google.com
+1 760-898-7300,Juventas Rejuvenation Retreat,Wellness center,juventascorporation.com,"72780 Country Club Dr Ste 102, Rancho Mirage, CA 92270, United States",enrique@juventascorporation.com,Enrique,Jacome,Founder & CEO,mb,Catch-All,aspmx.l.google.com
+1 480-996-1757,Plastic Surgery Scottsdale/Dr. Alexander Golger,Plastic surgeon,plasticsurgeryscottsdale.com,"7301 E 2nd St Unit 300, Scottsdale, AZ 85251, United States",alexander@plasticsurgeryscottsdale.com,Alexander,Golger,Owner,mb,Catch-All,smtp.google.com
+1 405-708-7876,Diana Tamboli M.D.,Plastic surgeon,drtamboli.com,"7316 N Western Ave, Oklahoma City, OK 73116, United States",diana@drtamboli.com,Diana,Tamboli,Founder,mb,Catch-All,aspmx.l.google.com
+1 720-230-6515,"Nourish Naturopathic Healing Arts & Charley Cropley, N.D.",Naturopathic practitioner,charleycropley.com,"732 Hubbard Dr, Longmont, CO 80504, United States",charley@charleycropley.com,Charley,Cropley,Owner,mb,Catch-All,aspmx.l.google.com
+1 602-517-0401,Infinite Wellness Hormone Specialists: Dr. Vanessa Mack (Dean),Wellness center,infinitewellness-az.com,"7373 N Scottsdale Rd Ste c 140, Scottsdale, AZ 85253, United States",vanessa@infinitewellness-az.com,Vanessa,Mack,Founder,mb,Catch-All,aspmx.l.google.com
+1 775-552-3511,REV Health Revolution,Health spa,revhealthrevolution.com,"7400 Rancharrah Pkwy Ste 120, Reno, NV 89511, United States",kerri@revhealthrevolution.com,Kerri,,Owner,mb,Catch-All,aspmx.l.google.com
+1 815-246-2822,The Functional Wellness Clinic,Wellness center,thefunctionalwellnessclinic.com,"741 McHenry Ave g, Crystal Lake, IL 60014, United States",drsebby@thefunctionalwellnessclinic.com,Brittany,Parisot-Sebby,Owner & Founder,mb,Catch-All,aspmx.l.google.com
+1 646-798-1711,Dr. Joshua B. Hyman MD,Plastic surgeon,joshuabhymanmd.com,"742 Park Ave, New York, NY 10021, United States",joshua@joshuabhymanmd.com,Joshua,Hyman,Owner,mb,Catch-All,aspmx.l.google.com
+1 954-854-2018,Why Weight Wellness,Wellness center,coachalisongold.com,"7457 NW 4th St, Plantation, FL 33317, United States",alison@coachalisongold.com,Alison,Gold,Owner,mb,Catch-All,coachalisongold-com.mail.protection.outlook.com
+1 808-494-6719,Kona Cryo Wellness & Aesthetics,Wellness center,konacryo.com,"75-127 Lunapule Rd Ste 14, Kailua-Kona, HI 96740, United States",nicholl@konacryo.com,Nicholl,Paoli-Schuetter,Owner,mb,Catch-All,mxb.mailgun.org
+1 828-412-0688,Beacon Dermatology,Dermatologist,beacondermatologymd.com,"76 Peachtree Rd #300, Asheville, NC 28803, United States",emily@beacondermatologymd.com,Emily,Stanley,Clinical Director,mb,Catch-All,aspmx.l.google.com
+1 323-200-9170,Pulsed Self Healing,Wellness center,pulsedselfhealing.com,"760 N La Cienega Blvd 3rd floor, Los Angeles, CA 90069, United States",brian@pulsedselfhealing.com,Brian,Birdwell,Owner,mb,Catch-All,pulsedselfhealing-com.mail.protection.outlook.com
+1 720-594-5634,Dr. Laura Anne Roider,Plastic surgeon,coloradoplasticsurgery.com,"761 Southpark Dr, Littleton, CO 80120, United States",nick@coloradoplasticsurgery.com,Nick,Slenkovich,Director,mb,Catch-All,d363913a.ess.barracudanetworks.com
+1 843-873-6004,Charleston REDBED: Anti-aging Skin Treatment,Health spa,spaweek.com,"761 St Andrews Blvd, Charleston, SC 29407, United States",cheryl@spaweek.com,Cheryl,Reid,President and CEO,mb,Catch-All,aspmx.l.google.com
+1 770-341-2965,Stonecrest Wellness & Weight Loss Center,Wellness center,stonecrestweightlosscenter.net,"7655 Mall Pkwy I, Stonecrest, GA 30038, United States",rachelle@stonecrestweightlosscenter.net,Rachelle,Riley,Owner,mb,Catch-All,aspmx.l.google.com
+1 949-415-4530,"DermaSmooth Clinic, Inc.",Dermatologist,dermasmooth.clinic,"7700 Irvine Center Dr #800, Irvine, CA 92618, United States",susan@dermasmooth.clinic,Susan,Davoodifar,Owner,mb,Catch-All,dermasmooth-clinic.mail.protection.outlook.com
+1 281-318-6415,Dr. Erica Bartlett | Enchanted Beauty Plastic Surgery,Plastic surgeon,enchantedbeautyplasticsurgery.com,"777 S Fry Rd #102, Katy, TX 77450, United States",erica@enchantedbeautyplasticsurgery.com,Erica,Bartlett,Founder,mb,Catch-All,enchantedbeautyplasticsurgery-com.mail.protection.outlook.com
+1 972-566-6565,Conlon Plastic Surgery,Plastic surgeon,conlon.md,"7777 Forest Ln B434, Dallas, TX 75230, United States",christopher@conlon.md,Christopher,Conlon,Owner,mb,Catch-All,smtp.google.com
+1 828-662-8647,Carolina Health & Wellness,Wellness center,carolinahnw.com,"789 Patton Ave Ste A, Asheville, NC 28806, United States",cameron@carolinahnw.com,Cameron,Ackerson,Founder,mb,Catch-All,smtp.google.com
+1 321-399-2486,Primary Pathway Health PLLC,Women's health clinic,primarypathwayhealth.com,"7901 4th St N Ste 300, St. Petersburg, FL 33702, United States",mimi@primarypathwayhealth.com,Mimi,Bartine,Founder,mb,Catch-All,primarypathwayhealth-com.mail.protection.outlook.com
+1 516-704-7447,Refined Medical,Wellness center,refinedmedicalny.com,"8 Technology Dr, Setauket- East Setauket, NY 11733, United States",ckoch@refinedmedicalny.com,Chris,Koch,CEO and Owner,mb,Catch-All,refinedmedicalny-com.mail.protection.outlook.com
+1 516-704-7447,Refined Medical,Wellness center,refinedmedicalny.com,"8 Technology Dr, Setauket- East Setauket, NY 11733, United States",tkoch@refinedmedicalny.com,Tara,Koch,Owner,mb,Catch-All,refinedmedicalny-com.mail.protection.outlook.com
+1 561-834-6682,BellaNova Palm Beach,Cosmetic surgeon,bellanovasurgery.com,"805 E Broward Blvd Ste 301-A3, Fort Lauderdale, FL 33301, United States",albert@bellanovasurgery.com,Albert,Carlotti,Founder,mb,Catch-All,bellanovasurgery-com.mail.protection.outlook.com
+1 410-384-3045,Current Dermatology and Cosmetic Center,Dermatologist,currentderm.com,"810 Bestgate Rd Ste 450, Annapolis, MD 21401, United States",molly@currentderm.com,Molly,Walterhoefer,Founder,mb,Catch-All,aspmx.l.google.com
+1 703-832-4000,Slamin Plastic Surgery,Plastic surgeon,slaminplasticsurgery.com,"8100 Boone Blvd Ste 250, Vienna, VA 22182, United States",robert@slaminplasticsurgery.com,Robert,Slamin,Founder,mb,Catch-All,slaminplasticsurgery-com.mail.protection.outlook.com
+1 229-231-5336,New Genesis Center,Wellness center,newgen.center,"814 Gordon Ave, Thomasville, GA 31792, United States",patrice@ngchealthcare.com,Patrice,Bullock,Founder,mb,Catch-All,aspmx.l.google.com
+1 346-771-3990,Harrison Dermatology,Dermatologist,harrisonderm.com,"8145 Hwy 6 Bldg B Suite 100, Missouri City, TX 77459, United States",harrison@harrisonderm.com,Harrison,Nguyen,Founder,mb,Catch-All,harrisonderm-com.mail.protection.outlook.com
+1 303-418-2277,"Leela Mundra, MD",Plastic surgeon,leelamundramd.com,"8158 E 5th Ave Ste 200, Denver, CO 80230, United States",leela@leelamundramd.com,Leela,Mundra,Founder,mb,Catch-All,leelamundramd-com.mail.protection.outlook.com
+1 201-969-9900,"Jeffry L. Jacobs, DO, FACOS - Personal Image, PC",Plastic surgeon,personalimagepc.com,"82 E Allendale Rd #1a, Saddle River, NJ 07458, United States",jeffry@personalimagepc.com,Jeffry,Jacobs,Owner,mb,Catch-All,mx-biz.mail.am0.yahoodns.net
+1 402-955-7450,"James Vargo, MD",Plastic surgeon,childrensnebraska.org,"8200 Dodge St, Omaha, NE 68114, United States",cchacon@childrensnebraska.org,Chanda,Chacón,President and Chief Executive Officer,mb,Catch-All,mxa-0025b101.gslb.pphosted.com
+1 402-955-7450,"James Vargo, MD",Plastic surgeon,childrensnebraska.org,"8200 Dodge St, Omaha, NE 68114, United States",maboyd@childrensnebraska.org,Matthew,Boyd,Sr. Vice President and Executive Director,mb,Catch-All,mxb-0025b101.gslb.pphosted.com
+1 970-616-0059,AMA Laser and Health Spa,Health spa,infrasculpt.com,"8201 W 20th St, Greeley, CO 80634, United States",bryche@infrasculpt.com,Bryche,Taylor,CEO & Founder,mb,Catch-All,infrasculpt-com.mail.protection.outlook.com
+1 706-740-7299,Legacy Reveal Wellness DBA IVolution - Dalton,Wellness center,ivolution.health,"825 Chattanooga Ave, Dalton, GA 30720, United States",hannah@ivolution.health,Hannah,Jones,Co-owner,mb,Catch-All,aspmx.l.google.com
+1 210-878-5881,Lumina Wellness & Aesthetics,Wellness center,luminawellnesscenter.com,"8257 Fredericksburg Rd, San Antonio, TX 78229, United States",aurorasaavedra@luminawellnesscenter.com,Aurora,Saavedra,Manager,mb,Catch-All,aspmx.l.google.com
+1 610-983-1980,Tower Health Medical Group Breast Surgery - Phoenixville,Women's health clinic,mytowerhealth.org,"826 S Main St Suite 203, Phoenixville, PA 19460, United States",michael.stern@towerhealth.org,Michael,Stern,President & Chief Executive Officer,mb,Catch-All,mxb-000c3702.gslb.pphosted.com
+1 908-617-1140,CORE Sports Medicine & Lifestyle Medicine,Sports medicine physician,coresportsmedicine.com,"83 Princeton Ave #1D, Hopewell, NJ 08525, United States",sarah@coresportsmedicine.com,Sarah,Weinstein,Founder,mb,Catch-All,SMTP.GOOGLE.com
+1 470-961-9950,Stephanie Farber Plastic Surgery,Plastic surgeon,stephaniefarbermd.com,"850 Mayfield Rd Ste 202, Milton, GA 30009, United States",stephanie@stephaniefarbermd.com,Stephanie,Farber,Owner,mb,Catch-All,stephaniefarbermd-com.mail.protection.outlook.com
+1 301-288-5976,GLOW Skin Lounge,Spa and health club,glowskinlounge.com,"8507 Oxon Hill Rd Suite 200-S5, Fort Washington, MD 20744, United States",monique@glowskinlounge.com,Monique,Greenwood,Owner,mb,Catch-All,glowskinlounge-com.mail.protection.outlook.com
+1 831-372-0200,"Douglas Sunde, M.D., F. A.C.S.",Plastic surgeon,drsunde.com,"856 Munras Ave, Monterey, CA 93940, United States",douglassunde@aol.com,Douglas,Sunde,Owner,mb,Catch-All,mx-aol.mail.gm0.yahoodns.net
+1 831-372-0200,"Douglas Sunde, M.D., F. A.C.S.",Plastic surgeon,drsunde.com,"856 Munras Ave, Monterey, CA 93940, United States",megan.drsunde@yahoo.com,Megan,,Patient Coordinator,mb,Catch-All,mta7.am0.yahoodns.net
+1 786-952-6821,Miami Hair Transplant,Hair transplantation clinic,miahairtransplant.com,"860 NW 42nd Ave Ste 402, Miami, FL 33126, United States",jose@miahairtransplant.com,José,Iglesias,Chief Executive Officer,mb,Catch-All,smtp.google.com
+1 813-463-9245,"Richard D. Castellano, MD, PA",Plastic surgeon,imagelift.com,"8630 E County Rd 466, The Villages, FL 32161, United States",rich@imagelift.com,Richard,Castellano,CEO & Founder,mb,Catch-All,aspmx.l.google.com
+1 310-896-4349,Justin Houman MD l Cedars-Sinai Urology l Erectile Dysfunction l Male Fertility l Vasectomy l Varicocele l Low Testosterone,Urologist,houmanmd.com,"8635 W 3rd St #1W, Los Angeles, CA 90048, United States",drjustin@houmanmd.com,Justin,Houman,Owner,mb,Catch-All,smtp.google.com
,Renew Health and Wellness,Wellness program,renewhealthwellness.net,"8641 W 13th St N Bldg 117 Suite 106, Wichita, KS 67212, United States",dearsisterboutique@yahoo.com,Shelia,Ford,Owner,mb,Catch-All,mta6.am0.yahoodns.net
+1 858-452-1981,Facial Plastic Surgery,Plastic surgeon,wheelermd.com,"8690 Center Dr, La Mesa, CA 91942, United States",ervin@wheelermd.com,Ervin,Wheeler,Owner,mb,Catch-All,mx004.netsol.xion.oxcs.net
+1 786-254-7701,Certified Cosmetics Dermatology and Laser,Dermatologist,certifiedcosmeticsmiami.com,"8765 SW 165th Ave #107, Miami, FL 33193, United States",sergio@certifiedcosmeticsmiami.com,Sergio,Gaitan,CEO and Founder,mb,Catch-All,aspmx.l.google.com
+1 515-630-8637,Luxe Medical Spa and Aesthetics,Health spa,luxemedicalspa.net,"88 Paine Cir SE #7, Bondurant, IA 50035, United States",tricia@luxemedicalspa.net,Tricia,Heberer,Owner,mb,Catch-All,aspmx.l.google.com
+1 208-417-3775,InReach Wellness,Wellness center,inreachwellness.com,"8849 s Grizzly Ln, Nampa, ID 83686, United States",danielle@inreachwellness.com,Danielle,Hynds,Owner,mb,Catch-All,aspmx.l.google.com
+1 801-609-5656,RestoreLife Hormone & Regenerative Medicine,Wellness center,restorelifeclinic.com,"887 W Center St Suit 103, Orem, UT 84057, United States",jet@restorelifeclinic.com,Jeanette,Holladay,Owner,mb,Catch-All,aspmx.l.google.com
+1 424-383-8111,Dr. Samuel Golpanian,Plastic surgeon,drsamuelgolpanian.com,"8929 Wilshire Blvd #400, Beverly Hills, CA 90211, United States",samuel@drsamuelgolpanian.com,Samuel,Golpanian,Owner,mb,Catch-All,aspmx.l.google.com
+1 561-394-7494,Pamela J Loftus MD,Plastic surgeon,bocaratonplasticsurgery.net,"900 NW 13th St Ste 103, Boca Raton, FL 33486, United States",dena@drman.com,Daniel,Man,Owner,mb,Catch-All,drman-com.mail.protection.outlook.com
+1 949-229-7971,SoCal OncoPlastic Surgery,Plastic surgeon,socaloncoplastic.com,"901 Dover Dr Suite 214, Newport Beach, CA 92660, United States",brock@socaloncoplastic.com,Brock,Lanier,Owner,mb,Catch-All,aspmx.l.google.com
+1 310-275-1662,California Surgical Institute,Plastic surgeon,californiasurgicalinstitute.com,"9025 Wilshire Blvd # 411, Beverly Hills, CA 90211, United States",tarick@californiasurgicalinstitute.com,Tarick,Smaili,CEO and Owner,mb,Catch-All,aspmx.l.google.com
+1 646-233-4175,Facial Plastic Surgery Group of NYC,Plastic surgeon,facialplasticsurgerygroupnyc.com,"905 5th Ave Fl 1, New York, NY 10021, United States",mansher@facialplasticsurgerygroupnyc.com,Mansher,Singh,Founder and Medical Director,mb,Catch-All,mx156.hostedmxserver.com
+1 720-417-3460,NuVida Medical and Aesthetics,Wellness center,nuvidameda.com,"9137 Ridgeline Blvd #135, Highlands Ranch, CO 80129, United States",mark@nuvidameda.com,Mark,Paz,Founder & Medical Director,mb,Catch-All,aspmx.l.google.com
+1 352-343-9275,Tavares Health and Wellness Center,Wellness center,tavareshealth.com,"915 E Alfred St, Tavares, FL 32778, United States",david@tavareshealth.com,David,Frerking,Chiropractic Physician,mb,Catch-All,aspmx.l.google.com
+1 714-769-8292,Mira Aesthetic Cosmetic Surgery Center - Dr. Mirrafati,Plastic surgeon,youngerlook.com,"9197 Central Ave Ste H, Montclair, CA 91763, United States",sidney@youngerlook.com,Sidney,Mirrafati,Owner,mb,Catch-All,youngerlook-com.mail.protection.outlook.com
+1 480-799-7999,NovaVita Wellness & Aesthetics,Health spa,novavitascottsdale.com,"9200 E Raintree Dr UNIT 100, Scottsdale, AZ 85260, United States",mary@novavitascottsdale.com,Mary,Tovmasyan,Founder,mb,Catch-All,aspmx.l.google.com
+1 310-987-4511,William Bruno Plastic Surgery,Plastic surgeon,williambrunomd.com,"9201 Sunset Blvd Ste 707, West Hollywood, CA 90069, United States",wb@williambrunomd.com,William,Bruno,Owner,mb,Catch-All,aspmx.l.google.com
+1 818-489-3532,Body Care Professionals Endermologie,Plastic surgeon,cellulitepro.com,"9201 Sunset Blvd, Los Angeles, CA 90069, United States",plaucello@aol.com,Pamela,Lee,Owner,mb,Catch-All,mx-aol.mail.gm0.yahoodns.net
+1 310-248-5451,Lesavoy Plastic Surgery,Plastic surgeon,lesavoyplasticsurgery.com,"9301 Wilshire Blvd Suite 410, Beverly Hills, CA 90210, United States",drlesavoy@aol.com,Malcolm,Lesavoy,Owner,mb,Catch-All,mx-aol.mail.gm0.yahoodns.net
+1 650-233-7327,Wellness Architecture - Naturopathic Medicine - Samia McCully ND,Naturopathic practitioner,wellnessarchitecture.com,"932 B1 Santa Cruz Ave, Menlo Park, CA 94025, United States",drmccully@wellnessarchitecture.com,Samia,McCully,Founder,mb,Catch-All,mx2.mailchannels.net
+1 209-613-0207,York Orthopedic Recovery,Sports medicine clinic,yorkorthopedicrecovery.com,"937 Coffee Rd #500, Modesto, CA 95355, United States",danielle@yorkorthopedicrecovery.com,Danielle,York,Owner,mb,Catch-All,mx1-us1.ppe-hosted.com
+1 718-575-9595,"Mohamed K. Barry, MD",Plastic surgeon,northwell.edu,"95-25 Queens Blvd Ste 503, Rego Park, NY 11374, United States",jdangelo@northwell.edu,John,D'Angelo,President and CEO,mb,Catch-All,mxb-001a2801.gslb.pphosted.com
+1 718-575-9595,"Mohamed K. Barry, MD",Plastic surgeon,northwell.edu,"95-25 Queens Blvd Ste 503, Rego Park, NY 11374, United States",msolazzo@northwell.edu,Mark,Solazzo,President of Strategic Initiatives and COO,mb,Catch-All,mxb-001a2801.gslb.pphosted.com
+1 561-368-9455,Georgina Nichols MD,Plastic surgeon,drgeorginanichols.com,"950 Glades Rd STE 3, Boca Raton, FL 33431, United States",info@drgeorginanichols.com,Georgina,Nichols,Owner,mb,Catch-All,drgeorginanichols-com.mail.protection.outlook.com
+1 480-264-6428,Oasis Plastic Surgery,Plastic surgeon,oasisplastics.com,"9500 E Ironwood Square Dr #110, Scottsdale, AZ 85258, United States",jennifer@oasisplastics.com,Jennifer,Geoghegan,Owner,mb,Catch-All,oasisplastics-com.mail.protection.outlook.com
+1 310-921-8900,THE FIX WELLNESS LOUNGE,Wellness center,thefixwellnesslounge.com,"960 Artesia Blvd, Hermosa Beach, CA 90254, United States",lisette@thefixwellnesslounge.com,Lisette,Beam,Founder,mb,Catch-All,thefixwellnesslounge-com.mail.protection.outlook.com
+1 808-226-9220,"Frank Fang, MD. Plastic & Reconstructive Surgery",Plastic surgeon,frankfangmd.com,"970 N Kalaheo Ave #C-108, Kailua, HI 96734, United States",frank@frankfangmd.com,Frank,Fang,Owner,mb,Catch-All,aspmx.l.google.com
+1 480-712-0990,Optimal Health Medical Center,Wellness center,optimalmedicalhealth.com,"9700 N 91st St suite a 115, Scottsdale, AZ 85258, United States",penney@optimalmedicalhealth.com,Penney,Stringer,Medical Director,mb,Catch-All,optimalmedicalhealth-com.mail.protection.outlook.com
+1 601-308-3900,"G. Eli Howell II, MD, FACS",Plastic surgeon,stdom.com,"971 Lakeland Dr #225, Jackson, MS 39216, United States",jtinnerello@stdom.com,Jeremy,Tinnerello,CEO/Market President,mb,Catch-All,mxa-0017da02.gslb.pphosted.com
+1 954-610-9990,Signature Rejuvenation MD,Wellness program,signaturerejuvenationmd.com,"9722 W Sample Rd, Coral Springs, FL 33065, United States",jim@signaturerejuvenationmd.com,Jim,Omatseye,Founder,mb,Catch-All,signaturerejuvenationmd-com.mail.protection.outlook.com
+1 310-269-7173,Dr. Sean Plastic Surgery,Plastic surgeon,drseanplasticsurgery.com,"9730 Wilshire Blvd # 200, Beverly Hills, CA 90212, United States",sean@drseanplasticsurgery.com,Sean,Saadat,Founder,mb,Catch-All,aspmx.l.google.com
+1 213-732-3304,Dr. Catherine Chang | Privé Beverly Hills,Plastic surgeon,privebevhills.com,"9735 Wilshire Blvd #350, Beverly Hills, CA 90212, United States",catherine@privebevhills.com,Catherine,Chang,Founder,mb,Catch-All,aspmx.l.google.com
+1 404-256-1311,"James D. Namnoum, MD, FACS",Plastic surgeon,drnamnoum.com,"975 Johnson Ferry Rd NE #100, Atlanta, GA 30342, United States",jnamnoum@atlplastic.com,James,Namnoum,Founder,mb,Catch-All,atlplastic.com.1.arsmtp.com
+1 404-256-1311,"Dr. Jonathan Nguyen, MD, FACS",Plastic surgeon,jtnplasticsurgery.com,"975 Johnson Ferry Rd NE #100, Atlanta, GA 30342, United States",jnguyen@atlplastic.com,Jonathan,Nguyen,Owner,mb,Catch-All,atlplastic.com.1.arsmtp.com
+1 623-294-5253,IVOLV Super Human Wellness,Health spa,ivolvsuperhuman.com,"9772 W Yearling Rd Suite A-1640, Peoria, AZ 85383, United States",alvin@ivolvsuperhuman.com,Alvin,Harbour,Founder,mb,Catch-All,aspmx.l.google.com
+1 617-632-7827,"Samuel Lin, MD, FACS",Plastic surgeon,linplasticsurgery.com,"98 Binney St Ground Floor, Boston, MA 02215, United States",sjlin@bidmc.harvard.edu,Samuel,Lin,Owner,mb,Catch-All,mxa-0016f601.gslb.pphosted.com
+1 615-967-4730,Findi Longevity & Wellness,Wellness center,findilongevity.org,"99 E Main St 110 Room 23, Franklin, TN 37064, United States",kayla@findilongevity.org,Kayla,Huffman,Owner,mb,Catch-All,smtp.google.com
+1 561-477-9771,"Dr. Renato V. Ocampo Jr, MD",Plastic surgeon,ocampoplasticsurgery.org,"9980 N Central Park Blvd Ste 108, Boca Raton, FL 33428, United States",drocampo@bellsouth.net,Renato,Ocampo,Owner,mb,Catch-All,mx-att.mail.am0.yahoodns.net
+1 323-259-8939,Rejuvenate with Jan Holistic Detox Cleanse Juice Fasting California Retreat,Health spa,rejuvenatewithjan.com,"Azure Palm Hot Springs Resort, 67589 Hacienda Ave, Desert Hot Springs, CA 92240, United States",lovelifewithjan@yahoo.com,Jan,Minter,Founder,mb,Catch-All,mta6.am0.yahoodns.net
+1 718-405-7500,"Dr. Heather A. Erhard, MD",Plastic surgeon,tprsg.com,"Eastchester Medical Building, 2425 Eastchester Rd #2, Bronx, NY 10469, United States",dg@tprsg.com,David,Greenspun,Founder,mb,Catch-All,aspmx.l.google.com
+1 612-226-4907,Vida Naturopathics,Naturopathic practitioner,vidanaturopathics.com,"Grand Oak Business Park, 860 Blue Gentian Rd Suite 125, Eagan, MN 55121, United States",beth@vidanaturopathics.com,Beth,Joscelyne,Founder,mb,Catch-All,mx1-us1.ppe-hosted.com
+1 551-355-1450,Linea Wellness and Beauty Lounge,Wellness center,linealounge.com,"Inside The Gym facility, 20 Nordhoff Pl Suite #17, Englewood, NJ 07631, United States",tatiana@linealounge.com,Tatiana,Valderrama,Founder,mb,Catch-All,linealounge-com.mail.protection.outlook.com
+1 864-458-3900,"Garrison Wier, MD - Oculoplastic Surgeon - Jervey Eye Group",Plastic surgeon,jervey.com,"Jervey Eye Group, PA - Stevens St, 5 Stevens St, Greenville, SC 29605, United States",ldenaro@jervey.com,Leonardo,Denaro,Chief Executive Officer,mb,Catch-All,d126206a.ess.barracudanetworks.com
+1 919-655-3929,CLARA Dermatology,Dermatologist,claradermatology.com,"Just behind All Starz Academy, 7250 O'Kelly Chapel Rd Ste 101, Cary, NC 27519, United States",joanna@claradermatology.com,Joanna,Hooten,Co-Founder,mb,Catch-All,aspmx.l.google.com
+1 505-510-2880,Vitality Wellness LLC,Wellness center,vitalitywellness.co,"Located Inside Runway Hair Studio, 10200 Golf Course Rd NW ste e, Albuquerque, NM 87114, United States",veronica@vitalitywellness.co,Veronica,Lopez,Owner,mb,Catch-All,vitalitywellness-co.mail.protection.outlook.com
+1 689-295-3040,Drip Vibe Wellness,Wellness center,dripvibewellness.com,"Located inside the, 1400 S Orlando Ave #205, Winter Park, FL 32789, United States",tara@dripvibewellness.com,Tara,Parker,Founder & Owner,mb,Catch-All,aspmx.l.google.com
+1 805-777-7003,Mortensen Medical,Sports medicine clinic,mortensenmedical.com,"Mortensen Medical, 101 Hodencamp Rd #103B, Thousand Oaks, CA 91360, United States",michael@mortensenmedical.com,Michael,Mortensen,Founder,mb,Catch-All,mx10.antispam.mailspamprotection.com
+1 850-990-4268,Next Level Oxygen Hyperbarics,Wellness program,nextleveloxygen.com,"Pensacola, FL 32503, United States",aimee@nextleveloxygen.com,Aimee,Allenback,Owner,mb,Catch-All,aspmx.l.google.com
+1 530-582-3500,"Watson, Jeffrey MD",Plastic surgeon,tfhd.com,"Plastic Surgery, MultiSpecialty Clinic, Tahoe Forest, 12313 Soaring Way Unit 2B, Truckee, CA 96161, United States",louis.ward@tfhd.com,Louis,Ward,Chief Operating Officer,mb,Catch-All,mx1.hc5783-39.iphmx.com
+1 530-582-3500,"Watson, Jeffrey MD",Plastic surgeon,tfhd.com,"Plastic Surgery, MultiSpecialty Clinic, Tahoe Forest, 12313 Soaring Way Unit 2B, Truckee, CA 96161, United States",aroth@tfhd.com,Anna,Roth,President & Chief Executive Officer,mb,Catch-All,mx1.hc5783-39.iphmx.com
+1 386-283-4180,Amethyst Wellness,Wellness center,amethystwellness.com,"Suite B1+B2, 50 Cypress Point Pkwy, Palm Coast, FL 32164, United States",amycoopersmith@yahoo.com,Amy,Coopersmith,Founder,mb,Catch-All,mta7.am0.yahoodns.net
+1 949-281-8441,The Wellness Commons,Wellness center,thewellnesscommons.com,"The Wellness Commons, 654 N Coast Hwy, Laguna Beach, CA 92651, United States",alana@thewellnesscommons.com,Alana,Keith,Founder,mb,Catch-All,alt3.aspmx.l.google.com
+1 248-643-7374,"Dr Jefrey Fishman, MD, Cosmetic & Plastic Surgery",Plastic surgeon,jfishmanmd.com,"Troy Medical Plaza, 1777 Axtell Dr #200, Troy, MI 48084, United States",jefrey.fishman@corewellhealth.org,Jefrey,Fishman,Owner,mb,Catch-All,mxa-001e1201.gslb.pphosted.com
+1 646-943-6042,Magana Plastic Surgery,Plastic surgeon,maganaplasticsurgery.com,"VALLEYWOOD MEDICAL BUILDING, 40 E Putnam Ave Suites A and B, Cos Cob, CT 06807, United States",rafael@maganaplasticsurgery.com,Rafael,Magana,Plastic Surgeon,mb,Catch-All,aspmx.l.google.com
+1 720-460-6214,Fire & Ice Wellness Cryotherapy,Wellness center,fireandicelongmont.com,"Village at the Peaks, 1230 S Hover St Suite B-200, Longmont, CO 80501, United States",james@fireandicelongmont.com,Jim,Davis,Founder,mb,Catch-All,smtp.google.com
+1 337-269-4949,"Delatte Plastic Surgery, Skin Care and Wellness",Plastic surgeon,drdelatte.com,"100 Drury Ln, Lafayette, LA 70508, United States",stephen@drdelatte.com,Stephen,Delatte,Owner,mb,Catch-All,drdelatte-com.mx2.arsmtp.com
+1 631-935-0303,"Vandegrift Plastic Surgery: Meredith Vandegrift, MD, FACS Plastic & Reconstructive Surgeon",Plastic surgeon,vandegriftplasticsurgery.com,"100 E Main St, Huntington, NY 11743, United States",meredith@vandegriftplasticsurgery.com,Meredith,Vandegrift,Owner,mb,Catch-All,aspmx.l.google.com
+1 860-714-6574,Buonocore Samuel D MD,Plastic surgeon,stfranciscare.org,"1000 Asylum Ave # 3207, Hartford, CT 06105, United States",tburke@stfranciscare.org,Thomas,Burke,President,mb,Catch-All,mx1.hc2802-61.iphmx.com
+1 702-260-7707,Desert Hills Plastic Surgery Center,Plastic surgeon,deserthillsplasticsurgery.com,"10001 S Eastern Ave #406, Henderson, NV 89052, United States",hayley@deserthillsplasticsurgery.com,Hayley,Brown,Owner,mb,Catch-All,mx.paubox.com
+1 601-939-0005,Mississippi Dermatology Associates,Dermatologist,msderm.net,"1006 Treetops Blvd, Flowood, MS 39232, United States",william@msderm.net,William,Burrow,Founder,mb,Catch-All,msderm-net.mail.protection.outlook.com
+1 479-935-3227,Kelamis Plastic Surgery & Aesthetics,Plastic surgeon,kelamisplasticsurgery.com,"101 Grant Pl A, Lowell, AR 72745, United States",alex@kelamisplasticsurgery.com,Alex,Kelamis,Founder & Owner,mb,Catch-All,aspmx.l.google.com
+1 906-362-7546,Lilly Dermatology Marquette,Dermatologist,lillydermmd.com,"101 W Washington St, 3R Elevator, 101 W Washington St, Marquette, MI 49855, United States",tony@lillydermmd.com,Tony,Jackson,Chief Operator and Co-Founder,mb,Catch-All,aspmx.l.google.com
+1 906-362-7546,Lilly Dermatology Marquette,Dermatologist,lillydermmd.com,"101 W Washington St, 3R Elevator, 101 W Washington St, Marquette, MI 49855, United States",mercy@lillydermmd.com,Mercy,Odueyungbo,Owner and Founder,mb,Catch-All,aspmx.l.google.com
+1 816-943-8004,"Dr. Joseph R. Barnthouse, MD",Plastic surgeon,jbarnthousemd.com,"1010 Carondelet Dr Ste 401, Kansas City, MO 64114, United States",joe@jbarnthousemd.com,Joseph,Barnthouse,Physician & Owner,mb,Catch-All,jbarnthousemd-com.mail.protection.outlook.com
,Gutality,Wellness program,gutality.com,"10105 E Vía Linda, Scottsdale, AZ 85258, United States",audra@gutality.com,Audra,Krell,Owner,mb,Catch-All,smtp.google.com
+1 660-263-1033,Aroma Spa Wellness Center,Naturopathic practitioner,wisewomenbotanicals.net,"1011B US-24, Moberly, MO 65270, United States",wisewomenbotanicals@yahoo.com,Connie,Jacoby,Owner,mb,Catch-All,mta7.am0.yahoodns.net
+1 239-300-9767,Kirsch Dermatology,Dermatologist,kirschderm.com,"1012 Goodlette-Frank Rd Ste 100, Naples, FL 34102, United States",brandon.kirsch@kirschderm.com,Brandon,Kirsch,Founder,mb,Catch-All,ASPMX.L.GOOGLE.com
+1 225-283-1211,Flourish Hormone Replacement & Wellness Centers,Health spa,flourishhormonereplacement.com,"10129 Crossing Wy Ste D404, Denham Springs, LA 70726, United States",miranda@flourishhormonereplacement.com,Miranda,Hebert,Owner,mb,Catch-All,ASPMX.L.GOOGLE.com
+1 918-340-6539,VibrantSkin Dermatology and Laser,Dermatologist,vibrantskintulsa.com,"10131 S Yale Ave Ste B, Tulsa, OK 74137, United States",drbuster@vibrantskintulsa.com,Kesha,Buster,Founder,mb,Catch-All,mx1-us1.ppe-hosted.com
+1 407-593-0006,Wellness Hydration Bar & Spa,Wellness center,wellnesshydrationbar.com,"1031 Exchange Pl Unit 104, St Cloud, FL 34769, United States",yvonne@wellnesshydrationbar.com,Yvonne,Boston,Founder and Co-Owner,mb,Catch-All,aspmx.l.google.com
+1 804-446-0338,Nartista Beauty and Wellness,Health spa,nartistawellness.com,"10310 Midlothian Tpke, Richmond, VA 23235, United States",nartis@nartistawellness.com,N'Deevaw,Artis,Owner,mb,Catch-All,nartistawellness-com.mail.protection.outlook.com
+1 203-635-0770,Dr. Deanne Mraz,Dermatologist,moderndermct.com,"1032 Post Rd E, Westport, CT 06880, United States",rklein@moderndermct.com,Rhonda,Klein,Co-Founder + VP/Treasurer,mb,Catch-All,moderndermct.com.1.0001.arsmtp.com
+1 203-635-0770,Dr. Deanne Mraz,Dermatologist,moderndermct.com,"1032 Post Rd E, Westport, CT 06880, United States",brooks@moderndermct.com,Brooks,,Marketing Director,mb,Catch-All,moderndermct.com.1.0001.arsmtp.com
+1 270-745-9399,Suite Zen Medical Massage and Spa / Level Up Wellness,Wellness center,suitezen.com,"1039 College St Fl 3, Bowling Green, KY 42101, United States",cassie@suitezen.com,Cassie,Henry,Owner,mb,Catch-All,mx1-us1.ppe-hosted.com
+1 919-469-0771,"Peak Health Center in Apex, NC",Wellness center,peakhealthylife.com,"1040 Darrington Dr #102, Cary, NC 27513, United States",drkladue@peakhealthylife.com,Kenneth,LaDue,Founder,mb,Catch-All,aspmx.l.google.com
+1 919-469-0771,"Peak Health Center in Apex, NC",Wellness center,peakhealthylife.com,"1040 Darrington Dr #102, Cary, NC 27513, United States",deanna@peakhealthylife.com,Deanna,Paschall,Manager,mb,Catch-All,aspmx.l.google.com
+1 720-738-4443,Weber Facial Plastic Surgery,Plastic surgeon,weberfps.com,"10463 Park Meadows Dr STE 110, Lone Tree, CO 80124, United States",stephen@weberfps.com,Stephen,Weber,Owner,mb,Catch-All,aspmx.l.google.com
+1 732-538-8817,"V Plastic Surgery of Monmouth County | Rahul Vemula, MD, FACS Board Certified Plastic Surgeon",Plastic surgeon,doctorvnj.com,"107 Monmouth Rd Bldg C Suite 201, West Long Branch, NJ 07764, United States",paige@doctorvnj.com,Paige,Dalton,Medical Intern,mb,Catch-All,aspmx.l.google.com
+1 914-722-3000,Amari Health Functional & Integrative Medicine,Wellness center,amarihealth.com,"1075 Central Park Ave Ste 100, Scarsdale, NY 10583, United States",sjshah@amarihealth.com,S.J.,Shah,Co-Founder & CEO,mb,Catch-All,aspmx.l.google.com
+1 914-722-3000,Amari Health Functional & Integrative Medicine,Wellness center,amarihealth.com,"1075 Central Park Ave Ste 100, Scarsdale, NY 10583, United States",lorna@amarihealth.com,Lorna,Ninan,Director of Clinical Care,mb,Catch-All,aspmx.l.google.com
+1 775-826-4477,"Phillip Dahan, MD, FACS",Plastic surgeon,cosmeticsurgeryinreno.com,"10755 Double R Blvd, Reno, NV 89521, United States",drdahan@cosmeticsurgeryinreno.com,Phillip,Dahan,Owner,mb,Catch-All,cosmeticsurgeryinreno-com.mail.protection.outlook.com
+1 866-426-7348,Core IV Therapy,Health spa,coreivtherapy.com,"108 Elden St #15A, Herndon, VA 20170, United States",ginger@coreivtherapy.com,Ginger,Delph,Founder & Chief Executive Officer,mb,Catch-All,coreivtherapy-com.mail.protection.outlook.com
+1 516-593-5167,Nutrition Wellness Center of Nassau County,Wellness center,nutritionwellnesscenter.com,"1091 Rockaway Ave, Valley Stream, NY 11581, United States",juliana@nutritionwellnesscenter.com,Juliana,Mazzeo,Business Owner,mb,Catch-All,route2.mx.cloudflare.net
+1 212-828-9906,"Dr. Richard Swift, MD: Plastic Surgeon NYC, Buccal Fat Removal, Deep Plane Facelift and Chin Liposuction",Plastic surgeon,plasticsurgeonnyc.com,"110 E 87th St, New York, NY 10128, United States",stefanie@richardswiftmd.com,Stefanie,,Manager,mb,Catch-All,ASPMX.L.GOOGLE.com
+1 212-828-9906,"Dr. Richard Swift, MD: Plastic Surgeon NYC, Buccal Fat Removal, Deep Plane Facelift and Chin Liposuction",Plastic surgeon,plasticsurgeonnyc.com,"110 E 87th St, New York, NY 10128, United States",richard@richardswiftmd.com,Richard,Swift,Owner,mb,Catch-All,ASPMX.L.GOOGLE.com
+1 563-419-9063,Salú Sauna + Wellness Studio,Wellness center,saluwellness.com,"110 Washington St Ste 9, Decorah, IA 52101, United States",katie@saluwellness.com,Katie,Schweinefus,Owner,mb,Catch-All,aspmx.l.google.com
+1 914-401-8552,Rescu Wellness,Wellness center,rescu.life,"111 Brook St Ste 106, Scarsdale, NY 10583, United States",mbrady@resculife.com,Myrna,Brady,Co-Founder,mb,Catch-All,aspmx.l.google.com
+1 843-712-1897,Natasha Thomas MD,Wellness center,natashathomasmd.com,"1111 48th Ave N #115, Myrtle Beach, SC 29577, United States",natasha@natashathomasmd.com,Natasha,Thomas,Owner,mb,Catch-All,aspmx.l.google.com
+1 832-532-7100,"George Washington, M.D.",Plastic surgeon,drgeorgewashington.com,"1111 Hwy 6 Ste 10, Sugar Land, TX 77478, United States",george@drgeorgewashington.com,George,Washington,Owner,mb,Catch-All,drgeorgewashington-com.mail.protection.outlook.com
+1 305-692-9154,Biotech Cosmetic Surgery and Medical Spa,Cosmetic surgeon,biotechwellnesscenter.com,"1111 Kane Concourse Ste 111, Bay Harbor Islands, FL 33154, United States",vegatrini@yahoo.com,Trini,Vega,CEO,mb,Catch-All,mta7.am0.yahoodns.net
+1 616-459-7101,"Viet Do, MD",Plastic surgeon,oamichigan.com,"1111 Leffingwell Ave NE, Grand Rapids, MI 49525, United States",jessica.rodriguez@oamichigan.com,Jessica,Rodriguez,Executive Director,mb,Catch-All,mx.paubox.com
+1 616-459-7101,"Viet Do, MD",Plastic surgeon,oamichigan.com,"1111 Leffingwell Ave NE, Grand Rapids, MI 49525, United States",tina.deglopper@oamichigan.com,Tina,DeGlopper,Patient Employers Coordinator,mb,Catch-All,mx.paubox.com
+1 833-242-3224,Beach Wellness Center,Health spa,beachwellnesscenter.com,"11125 Park Blvd #106, Seminole, FL 33772, United States",irina@beachwellnesscenter.com,Irina,,Owner,mb,Catch-All,SMTP.GOOGLE.com
+1 301-753-8836,"Dermatology and Skin Cancer Center: Eleanor Ford, MD",Dermatologist,skinproblemssolved.com,"11161 New Hampshire Ave Ste 307, Silver Spring, MD 20904, United States",dermford@yahoo.com,Eleanor,Ford,Owner,mb,Catch-All,mta7.am0.yahoodns.net
+1 704-543-1110,Dr. Sean Freeman - Facial Plastic Surgeon,Plastic surgeon,onlyfaces.com,"11220 Elm Ln Ste 101, Charlotte, NC 28277, United States",drfreeman@onlyfaces.com,M. Sean,Freeman,Founder,mb,Catch-All,onlyfaces-com.mail.protection.outlook.com
+1 843-371-1610,"Sarah J. Novis, MD",Plastic surgeon,currentfacialplasticsurgery.com,"1124-1 Sea Mountain Hwy, North Myrtle Beach, SC 29582, United States",sarah@currentfacialplasticsurgery.com,Sarah,Novis,Surgeon & Medical Director,mb,Catch-All,aspmx.l.google.com
+1 949-996-3274,SoCal Aesthetic Surgery,Plastic surgeon,socalaestheticsurgery.com,"113 Waterworks Way Ste 100, Irvine, CA 92618, United States",homer@socalaestheticsurgery.com,Homer,Hojjat,Founder,mb,Catch-All,aspmx.l.google.com
+1 832-755-1211,I FOR NEW U CLINIC IMAN Al-Haj MD,Cosmetic surgeon,iman-alhajmd.com,"1140 Enclave Pkwy Suite 150, Houston, TX 77077, United States",iman@iman-alhajmd.com,Iman,Al-Haj,Owner,mb,Catch-All,iman-alhajmd.com
+1 888-270-4305,Bliss Aesthetics,Cosmetic surgeon,bliss.me,"1140 Kane Concourse, Bay Harbor Islands, FL 33154, United States",gal@bliss.me,Gal,Yosef,Co-Founder and CEO,mb,Catch-All,aspmx.l.google.com
+1 763-754-1482,Total Health and Healing Center,Wellness center,totalhealthandhealing.com,"11417 Hanson Blvd NW, Coon Rapids, MN 55433, United States",shanna@totalhealthandhealing.com,Shanna,Ghizoni,Owner,mb,Catch-All,totalhealthandhealing-com.mail.protection.outlook.com
+1 317-848-5512,My Plastic Surgery Group,Plastic surgeon,myplasticsurgerygroup.com,"11450 N Meridian St #225, Carmel, IN 46032, United States",john@myplasticsurgerygroup.com,John,Aker,Owner,mb,Catch-All,myplasticsurgerygroup-com.mail.protection.outlook.com
+1 808-636-9084,Hawaii Facial Plastic Surgery,Plastic surgeon,hawaiifacialplasticsurgery.com,"1150 S King St Ste 504, Honolulu, HI 96814, United States",susan@hawaiifacialplasticsurgery.com,Susan,Tan,Founder,mb,Catch-All,hawaiifacialplasticsurgery-com.mail.protection.outlook.com
+1 516-597-8753,Gynecomastia Center of Long Island,Plastic surgeon,gynecomastiacenteroflongisland.com,"1155 Northern Blvd #110B, Manhasset, NY 11030, United States",arnold.breitbart@gynecomastiacenteroflongisland.com,Arnold,Breitbart,Founder & Medical Director,mb,Catch-All,gynecomastiacenteroflongisland-com.mail.protection.outlook.com
+1 858-284-0608,"Dr. Kellie Satterfield, MD",Plastic surgeon,sdeyeface.com,"116 Plaza St A, Solana Beach, CA 92075, United States",kellie@sdeyeface.com,Kellie,Satterfield,Owner,mb,Catch-All,aspmx.l.google.com
+1 801-572-8043,Lone Peak Dermatology,Dermatologist,lonepeakdermatology.com,"11760 S 700 E, Draper, UT 84020, United States",christopher@lonepeakdermatology.com,Christopher,Moreno,Owner,mb,Catch-All,smtp.google.com
+1 801-571-2020,Premier Plastic Surgery Group,Plastic surgeon,premierplasticsurgerygroup.com,"11762 State St Ste 220, Draper, UT 84020, United States",brittany@premierplasticsurgerygroup.com,Brittany,Umi,Practice Manager,mb,Catch-All,aspmx.l.google.com
+1 908-766-7546,Choice Dermatology,Dermatologist,choicedermatology.com,"12 Ridge St, Basking Ridge, NJ 07920, United States",amanda@choicedermatology.com,Amanda,Day,Office Manager,mb,Catch-All,smtp.google.com
+1 424-225-1280,"Leslie Irvine, M.D.",Plastic surgeon,drleslieirvine.com,"1200 Rosecrans Ave #110, Manhattan Beach, CA 90266, United States",leslie@drleslieirvine.com,Leslie,Irvine,Owner,mb,Catch-All,drleslieirvine.com
+1 954-256-1184,"Brooks Plastic Surgery: Christopher Brooks, MD",Plastic surgeon,brooksplasticsurgery.com,"1201 N 35th Ave Suite 200, Hollywood, FL 33021, United States",jessica@brooksplasticsurgery.com,Jessica,,Manager,mb,Catch-All,aspmx.l.google.com
+1 954-256-1184,"Brooks Plastic Surgery: Christopher Brooks, MD",Plastic surgeon,brooksplasticsurgery.com,"1201 N 35th Ave Suite 200, Hollywood, FL 33021, United States",brooks@brooksplasticsurgery.com,Christopher,Brooks,Owner,mb,Catch-All,aspmx.l.google.com
+1 850-474-4775,Henghold Dermatology,Dermatologist,henghold.com,"121 Baptist Wy Ste 2200, Pensacola, FL 32503, United States",whenghold@henghold.com,William,Henghold,President,mb,Catch-All,henghold.com.1.0001.arsmtp.com
+1 212-518-1036,"Gregory S. Dibelius, MD PLLC",Plastic surgeon,rhinoplastymanhattan.com,"121 E 60th St #4d, New York, NY 10022, United States",drdibelius@rhinoplastymanhattan.com,Gregory,Dibelius,Facial Plastic Surgeon,mb,Catch-All,aspmx.l.google.com
+1 503-693-1118,Gabel Hair Restoration Center,Hair transplantation clinic,gabelcenter.com,"12115 SW 70th Ave #200, Portland, OR 97223, United States",drgabel@gabelcenter.com,Steven,Gabel,Owner,mb,Catch-All,aspmx.l.google.com
+1 425-200-5890,Yirae Ort MD Facial Aesthetic Surgery,Plastic surgeon,ortmdsurgery.com,"1220 116th Ave NE #101, Bellevue, WA 98004, United States",yirae@ortmdsurgery.com,Yirae,Ort,Medical Director,mb,Catch-All,aspmx.l.google.com
+1 516-295-2100,Dr. Zachary Gerut,Plastic surgeon,drgerut.com,"1245 Colonial Rd Top Floor, Hewlett, NY 11557, United States",drgerut@drgerut.com,Zachary,Gerut,Owner,mb,Catch-All,aspmx.l.google.com
+1 720-443-2235,Dr. Jeffrey L. Schmidt,Plastic surgeon,schmidtplasticsurgery.com,"125 Inverness Dr E #250, Englewood, CO 80112, United States",jeffrey@schmidtplasticsurgery.com,Jeffrey,Schmidt,Owner,mb,Catch-All,aspmx.l.google.com
+1 346-813-2547,Body Contouring Doll,Health spa,bodycontouringdoll.com,"12519 N Lake Houston Pkwy D, Houston, TX 77044, United States",edith@bodycontouringdoll.com,Edith,,Owner,mb,Catch-All,mx1-us1.ppe-hosted.com
+1 714-508-2105,"Dr. James F. Coleman, MD",Plastic surgeon,colemanplasticsurgery.com,"12791 Newport Ave, Tustin, CA 92780, United States",james@colemanplasticsurgery.com,James,Coleman,Owner,mb,Catch-All,aspmx.l.google.com
+1 440-409-7258,Holistic Halo Salt Spa,Health spa,hhsaltspa.com,"12901 State Rd, North Royalton, OH 44133, United States",lisa@hhsaltspa.com,Lisa,Bargmann,Owner,mb,Catch-All,aspmx.l.google.com
+1 813-491-7453,Hair Transplant Design,Hair transplantation clinic,hairtransplantdesign.com,"13021 W Linebaugh Ave Ste 102, Tampa, FL 33626, United States",latiqua@hairtransplantdesign.com,Latiqua,Williams,Lead Technician,mb,Catch-All,smtp.google.com
+1 904-339-0045,Total Body Wellness Spa,Wellness center,totalbodywellnessjax.com,"1323 3rd St S, Jacksonville Beach, FL 32250, United States",donna@totalbodywellnessjax.com,Donna,Phitides,Owner,mb,Catch-All,smtp.google.com
+1 769-348-3330,Vita Tempus,Wellness center,rxnt.com,"134 Fairmont St Suite C, Clinton, MS 39056, United States",randy@rxnt.com,Randy,Boldyga,"CEO, President, & Founder",mb,Catch-All,mx.paubox.com
+1 769-348-3330,Vita Tempus,Wellness center,rxnt.com,"134 Fairmont St Suite C, Clinton, MS 39056, United States",johnmalamphy@rxnt.com,John,Malamphy,"Executive Vice President, Media",mb,Catch-All,mx.paubox.com
+1 936-242-1437,Woodlands Center For Special Surgery,Orthopedic clinic,wcfspecialsurgery.com,"134 Vision Park Blvd Ste 100, The Woodlands, TX 77384, United States",aguerrero@wcfspecialsurgery.com,Adriana,Guerrero,Office Manager,mb,Catch-All,wcfspecialsurgery-com.mail.protection.outlook.com
+1 281-419-9119,The Woodlands Plastic Surgery,Plastic surgeon,thewoodlandsplasticsurgery.co,"134 Vision Park Blvd Ste 150, Shenandoah, TX 77384, United States",gabrielle@thewoodlandsplasticsurgery.co,Gabrielle,Frehe,Manager,mb,Catch-All,aspmx.l.google.com
+1 281-419-9119,The Woodlands Plastic Surgery,Plastic surgeon,thewoodlandsplasticsurgery.co,"134 Vision Park Blvd Ste 150, Shenandoah, TX 77384, United States",drcorrea@correaplasticsurgery.com,Bryan,Correa,Owner,mb,Catch-All,aspmx.l.google.com
+1 210-951-5530,"Dynamic Dermatology - Sarah Groff, MD",Dermatologist,dynamicdermatology.com,"13535 Hausman Pass #104, San Antonio, TX 78249, United States",sarah@dynamicdermatology.com,Sarah,Groff,Founder,mb,Catch-All,aspmx.l.google.com
+1 262-430-0655,Quintessa Aesthetic Center,Plastic surgeon,myquintessa.com,"13785 W North Ave, Brookfield, WI 53005, United States",andrewc@myquintessa.com,Andrew,Campbell,Founder,mb,Catch-All,aspmx.l.google.com
+1 239-880-2273,Amazing Wellness,Wellness center,amazingwellness.com,"13800 Tamiami Trl N Ste 113, Naples, FL 34110, United States",scott@amazingwellness.com,Scott,Walters,Co-Owner,mb,Catch-All,amazingwellness.com
+1 540-212-4552,Master's Design Holistic Health Solutions,Wellness program,mastersdesignforus.com,"14115 Lovers Ln # 100, Culpeper, VA 22701, United States",sandy@mastersdesignforus.com,Sandy,Combs,Founder,mb,Catch-All,aspmx.l.google.com
+1 847-367-5575,Lakeside Dermatology,Dermatologist,dermatlakeside.com,"1425 Hunt Club Rd Ste 202, Gurnee, IL 60031, United States",marroyo@dermatlakeside.com,Martha,Arroyo,Owner/Founder,mb,Catch-All,aspmx.l.google.com
+1 812-920-0408,Baptist Health Louisville Orthopedic Clinic - New Albany,Orthopedic clinic,louortho.com,"1425 State St Suite 100, New Albany, IN 47150, United States",dm@louortho.com,Deborah,Martin,Administrator,mb,Catch-All,d220729a.ess.barracudanetworks.com
+1 480-223-9500,"Clay Forsberg, MD - Board Certified Plastic Surgeon",Plastic surgeon,instagram.com,"14275 N 87th St Ste 110, Scottsdale, AZ 85260, United States",adam.mosseri@meta.com,Adam,Mosseri,Head of Instagram,mb,Catch-All,mxb-00082601.gslb.pphosted.com
+1 808-232-5626,Honolulu Spa And Wellness - Oahu,Spa and health club,honoluluspaandwellness.com,"1441 Kapiolani Blvd 14th floor, suite 1401, Honolulu, HI 96814, United States",grace@honoluluspaandwellness.com,Grace,Stachowski,Owner & Founder,mb,Catch-All,honoluluspaandwellness-com.mail.protection.outlook.com
+1 210-263-9878,Male Medical Group,Wellness center,malemedicalgroup.com,"14607 San Pedro Ave #190, San Antonio, TX 78232, United States",brandon@malemedicalgroup.com,Brandon,Heath,Owner,mb,Catch-All,aspmx.l.google.com
+1 310-584-9990,Dr. Michael Zarrabi,Plastic surgeon,drzarrabi.com,"150 S Rodeo Dr Ste 200, Beverly Hills, CA 90212, United States",michael@drzarrabi.com,Michael,Zarrabi,Owner,mb,Catch-All,aspmx.l.google.com
+1 517-332-0100,"Ahmed Sufyan, MD",Plastic surgeon,eastlansingplasticsurgery.com,"1500 Abbot Rd #400, East Lansing, MI 48823, United States",ahmed@eastlansingplasticsurgery.com,Ahmed,Sufyan,Owner,mb,Catch-All,mail.eye-mail.net
+1 832-562-3390,Vitality Hormones & IV Bar,Wellness center,vitalityclinics.com,"1501 W Parkwood Ave Unit 107, Friendswood, TX 77546, United States",nicole@vitalityclinics.com,Nicole,Crosby,Founder,mb,Catch-All,aspmx.l.google.com
+1 251-625-2663,"Keith Spain, M.D.",Sports medicine physician,baldwinboneandjoint.com,"1505 Daphne Ave, Daphne, AL 36526, United States",wwiggins@baldwinboneandjoint.com,Will,Wiggins,CEO,mb,Catch-All,baldwinboneandjoint.com.1.0001.arsmtp.com
+1 251-625-2663,"Keith Spain, M.D.",Sports medicine physician,baldwinboneandjoint.com,"1505 Daphne Ave, Daphne, AL 36526, United States",rhartman@baldwinboneandjoint.com,Rachael,Hartman,Director of PT Services,mb,Catch-All,baldwinboneandjoint.com.1.0001.arsmtp.com
+1 209-900-4366,"Keliang (Kevin) Xiao, MD",Plastic surgeon,cvphysiciangroup.com,"1541 Florida Ave Ste. 103, Modesto, CA 95350, United States",jay.krishnaswamy@tenethealth.com,Jay,Krishnaswamy,CEO,mb,Catch-All,tenethealth-com.mail.protection.outlook.com
+1 612-756-8008,Kayan Plastic Surgery - Dr. Tracy Kayan,Plastic surgeon,kayanplasticsurgery.com,"15450 MN-7 #225, Minnetonka, MN 55345, United States",kristina@kayanplasticsurgery.com,Kristina,,Office Manager,mb,Catch-All,aspmx.l.google.com
+1 612-756-8008,Kayan Plastic Surgery - Dr. Tracy Kayan,Plastic surgeon,kayanplasticsurgery.com,"15450 MN-7 #225, Minnetonka, MN 55345, United States",t@kayanplasticsurgery.com,Tracy,Kayan,Owner,mb,Catch-All,aspmx.l.google.com
+1 310-361-2517,Dr. Steven J. Varkony,Plastic surgeon,drvarkony.com,"15503 Ventura Blvd #370, Encino, CA 91436, United States",steven@drvarkony.com,Steven,Varkony,Owner,mb,Catch-All,drvarkony-com.mail.protection.outlook.com
+1 718-720-9400,"Louis C. Cutolo, Jr., M.D., F.A.C.S",Plastic surgeon,drcutolo.com,"1557 Victory Blvd, Staten Island, NY 10314, United States",drcutolo@drcutolo.com,Louis,Cutolo,Owner,mb,Catch-All,drcutolo-com.mail.protection.outlook.com
+1 385-333-3376,Deseret Dermatology Saratoga Springs,Dermatologist,desderm.com,"1593 N Redwood Rd, Saratoga Springs, UT 84045, United States",tbarlow@desderm.com,Thomas,Barlow,Owner and Lead Physician,mb,Catch-All,aspmx.l.google.com
+1 512-764-9076,Pearce Plastic Surgery,Plastic surgeon,pearceplasticsurgery.com,"1600 W 38th St Ste 300, Austin, TX 78731, United States",pearce@pearceplasticsurgery.com,Paul,Pearce,Founder,mb,Catch-All,aspmx.l.google.com
+1 512-764-9076,Pearce Plastic Surgery,Plastic surgeon,pearceplasticsurgery.com,"1600 W 38th St Ste 300, Austin, TX 78731, United States",amy@pearceplasticsurgery.com,Amy,Morris,Practice Manager,mb,Catch-All,aspmx.l.google.com
+1 714-549-4435,Natural Healing Center l Naturopaths,Naturopathic practitioner,naturalhealingcenter.us,"1601 Dove St #110, Newport Beach, CA 92660, United States",renee@naturalhealingcenter.us,Renee,Ascencio,CEO,mb,Catch-All,naturalhealingcenter-us.mail.protection.outlook.com
+1 714-549-4435,Natural Healing Center l Naturopaths,Naturopathic practitioner,naturalhealingcenter.us,"1601 Dove St #110, Newport Beach, CA 92660, United States",shannon@naturalhealingcenter.us,Shannon,Eggleston,Founder,mb,Catch-All,naturalhealingcenter-us.mail.protection.outlook.com
+1 763-299-6958,Koa Health & Wellness Center,Wellness center,koahealthmn.com,"16015 Central Ave NE Ste A, Ham Lake, MN 55304, United States",rebecca@koahealthmn.com,Rebecca,Brittain,Owner,mb,Catch-All,koahealthmn-com.mail.protection.outlook.com
+1 509-794-1434,Integrative Dermatology,Dermatologist,integrativedermatology.co,"1607 Creekside Loop #140, Yakima, WA 98902, United States",jennifer@integrativedermatology.co,Jennifer,Martin,Co-Founder,mb,Catch-All,integrativedermatology-co.mail.protection.outlook.com
+1 320-287-5060,Element Dermatology,Dermatologist,elementderm.com,"161 19th St S Suite 106, Sartell, MN 56377, United States",sam.labine@elementderm.com,Sam,LaBine,Chief Operating Officer,mb,Catch-All,d348154a.ess.barracudanetworks.com
+1 865-545-0900,Refine Dermatology,Dermatologist,refinederm.com,"161 Capital Dr Ste 202, Knoxville, TN 37922, United States",andy@refinederm.com,Andy,Salyards,Co-Founder,mb,Catch-All,refinederm.com.1.0001.arsmtp.com
+1 865-545-0900,Refine Dermatology,Dermatologist,refinederm.com,"161 Capital Dr Ste 202, Knoxville, TN 37922, United States",jill@refinederm.com,Jill,Salyards,Founder,mb,Catch-All,refinederm.com.1.0001.arsmtp.com
+1 714-880-9313,Healing Waters Wellness,Wellness center,healingwaterswellness.org,"16111 Bolsa Chica St Suite B, Huntington Beach, CA 92649, United States",desiree@healingwaterswellness.org,Desiree,,Co-Owner,mb,Catch-All,aspmx.l.google.com
+1 714-880-9313,Healing Waters Wellness,Wellness center,healingwaterswellness.org,"16111 Bolsa Chica St Suite B, Huntington Beach, CA 92649, United States",timiree@healingwaterswellness.org,Timiree,Wilson,Co-Owner,mb,Catch-All,aspmx.l.google.com
+1 717-807-7294,Dermatology Physicians Laser & Skincare Center,Dermatologist,dermphys.com,"1613 Oregon Pike, Lancaster, PA 17601, United States",robert@dermphys.com,Robert,Roschel,CEO,mb,Catch-All,dermphys-com.mail.protection.outlook.com
+1 717-807-7294,Dermatology Physicians Laser & Skincare Center,Dermatologist,dermphys.com,"1613 Oregon Pike, Lancaster, PA 17601, United States",donna@dermphys.com,Donna,Patterson,Practice Administrator/Financial Controller,mb,Catch-All,dermphys-com.mail.protection.outlook.com
+1 225-310-0025,The Covery - Perkins 8,Wellness center,thecovery.com,"16177 Perkins Rd Ste C, Baton Rouge, LA 70810, United States",daniel@thecovery.com,Daniel,Stickler,Chief Executive Officer,mb,Catch-All,aspmx.l.google.com
+1 225-310-0025,The Covery - Perkins 8,Wellness center,thecovery.com,"16177 Perkins Rd Ste C, Baton Rouge, LA 70810, United States",jphillips@thecovery.com,Julie,Phillips,Director of Operations & Franchise Growth,mb,Catch-All,aspmx.l.google.com
+1 818-275-8223,"Ari Hyman, MD",Plastic surgeon,arihymanmd.com,"16311 Ventura Blvd #970, Encino, CA 91436, United States",ari@arihymanmd.com,Ari,Hyman,Owner,mb,Catch-All,arihymanmd-com.inbound.emailservice.io
+1 248-289-7300,Andrew Compton MD,Plastic surgeon,andrewcomptonmd.com,"1639 E Big Beaver Rd Ste 103, Troy, MI 48083, United States",andrew@andrewcomptonmd.com,Andrew,Compton,Owner,mb,Catch-All,aspmx.l.google.com
+1 305-441-9144,"Gables Plastic Surgery: Jorge de la Pedraja, M.D.",Plastic surgeon,gablesplasticsurgery.com,"167 Majorca Ave, Coral Gables, FL 33134, United States",jorge@gablesplasticsurgery.com,Jorge,de la Pedraja,Founder,mb,Catch-All,aspmx.l.google.com
+1 512-238-0762,Urology Specialists of Austin - Dripping Springs,Urology clinic,urologyspecialistsofaustin.com,"170 Benney Ln #202, Dripping Springs, TX 78620, United States",dr.mistry@uroatx.com,Sandeep,Mistry,Founder,mb,Catch-All,aspmx.l.google.com
+1 417-204-4450,"Mission First Medical, LLC WALK-IN clinic",Walk-in clinic,missionfirstmedical.com,"1702 US-160, West Plains, MO 65775, United States",shuddlestonfnp@yahoo.com,Suzanne,Huddleston,Clinic Owner,mb,Catch-All,mta5.am0.yahoodns.net
+1 863-547-6255,"American Institute of Dermatology, P.A. - Davenport",Dermatologist,aiod.net,"171 Webb Dr #1, Davenport, FL 33837, United States",darrin@aiod.net,Darrin,Rotman,CEO,mb,Catch-All,aiod-net.mail.protection.outlook.com
+1 805-967-1359,"Marc A Soares, MD",Plastic surgeon,soaresplasticsurgery.com,"1722 State St Ste 102, Santa Barbara, CA 93101, United States",julio.soares@soaresplasticsurgery.com,Julio,Soares,Founding Partner,mb,Catch-All,soaresplasticsurgery-com.mail.protection.outlook.com
+1 631-597-0000,RevitalWave,Wellness center,revitalwave.com,"1757 Veterans Memorial Hwy Ste 20, Islandia, NY 11749, United States",fran@revitalwave.com,Fran,Greeley,Founder,mb,Catch-All,revitalwave-com.mail.protection.outlook.com
+1 703-659-9716,WellMedica Aesthetic & Anti-Aging Medicine - Dr. Dima Ali,Dermatologist,wellmedica.com,"1801 Robert Fulton Dr Ste 540, Reston, VA 20191, United States",dima@wellmedica.com,Dima,Ali,President and Founder,mb,Catch-All,wellmedica-com.mx1.arsmtp.com
+1 203-424-0228,"Northeast Ophthalmic Plastic and Reconstructive Surgeons: Larissa Habib, MD",Plastic surgeon,neoprs.com,"1817 Black Rock Tpke Suite 204, Fairfield, CT 06825, United States",larissa@neoprs.com,Larissa,Habib,Founder,mb,Catch-All,aspmx.l.google.com
+1 404-800-3996,Opülor Body & Wellness Spa,Wellness center,opulorbody.com,"1827 Powers Ferry Rd, Atlanta, GA 30339, United States",ty@opulorbody.com,Ty,,Owner,mb,Catch-All,opulorbody-com.mail.protection.outlook.com
+1 703-343-9326,Sapphire Dermatology - Reston,Dermatologist,sapphirederm.com,"1860 Town Center Dr Ste 350, Reston, VA 20190, United States",kunal@sapphirederm.com,Kunal,Angra,Co-owner,mb,Catch-All,aspmx.l.google.com
+1 757-481-4455,The Carney Center,Plastic surgeon,carneycenter.com,"1868 Wildwood Dr, Virginia Beach, VA 23454, United States",nadia@carneycenter.com,Nadia,Carney,Executive Administrator,mb,Catch-All,carneycenter-com.mail.protection.outlook.com
+1 757-481-4455,The Carney Center,Plastic surgeon,carneycenter.com,"1868 Wildwood Dr, Virginia Beach, VA 23454, United States",martin@carneycenter.com,Martin,Carney,Founder,mb,Catch-All,carneycenter-com.mail.protection.outlook.com
+1 601-630-3376,River City Skin & Aesthetics,Dermatologist,rivercityskin.com,"188 YMCA Pl, Vicksburg, MS 39183, United States",leah@rivercityskin.com,Leah,Calder,Owner,mb,Catch-All,smtp.google.com
+1 385-251-8106,MacroFull,Wellness program,all-access.macrofull.com,"1881 Vine St, Salt Lake City, UT 84121, United States",ashley@macrofull.com,Ashley,Forsythe,Founder,mb,Catch-All,macrofull-com.mail.protection.outlook.com
+1 406-587-4432,SkinCare MT,Dermatologist,skincaremt.com,"1905 W College St, Bozeman, MT 59718, United States",abruce@skincaremt.com,Aaron,Bruce,Owner,mb,Catch-All,d208346a.ess.barracudanetworks.com
+1 520-407-6610,New Life Transformation Center,Wellness center,newlifetransformationcenter.com,"1925 W Orange Grove Rd Ste 301, Tucson, AZ 85704, United States",paulina@newlifetransformationcenter.com,Paulina,Pesqueira,Nutritionist,mb,Catch-All,newlifetransformationcenter-com.mail.protection.outlook.com
+1 928-963-9333,Frontier Skin and Cancer,Dermatologist,frontierskinandcancer.com,"1951 Mesquite Ave F, Lake Havasu City, AZ 86403, United States",akadric@frontierskinandcancer.com,Anel,Kadric,Co-Owner,mb,Catch-All,frontierskinandcancer-com.mail.protection.outlook.com
+1 928-963-9333,Frontier Skin and Cancer,Dermatologist,frontierskinandcancer.com,"1951 Mesquite Ave F, Lake Havasu City, AZ 86403, United States",mmoreno@frontierskinandcancer.com,Marisa,Moreno,General Manager,mb,Catch-All,frontierskinandcancer-com.mail.protection.outlook.com
+1 805-439-2515,Sloco Massage + Wellness,Wellness center,slocomassage.com,"1957 Santa Barbara Ave, San Luis Obispo, CA 93401, United States",spa@slocomassage.com,Natasha,Prybyla,Founder,mb,Catch-All,mx1.emailsrvr.com
+1 843-738-0500,Coastal Dermatology Institute,Dermatologist,coastalderminstitute.com,"199 Village Center Blvd Ste 200, Myrtle Beach, SC 29579, United States",michael@coastalderminstitute.com,Michael,Centilli,Founder,mb,Catch-All,coastalderminstitute-com.mail.protection.outlook.com
+1 301-800-7762,"Plastic Surgeon - James M. Economides, MD, FACS",Plastic surgeon,ikonplasticsurgery.com,"2 Wisconsin Cir Ste 615, Chevy Chase, MD 20815, United States",james@ikonplasticsurgery.com,James,Economides,Founder,mb,Catch-All,ikonplasticsurgery-com.mail.protection.outlook.com
+1 205-856-6155,"Eich Plastic Surgery, PC",Plastic surgeon,eichplasticsurgery.com,"200 Pilot Medical Dr #100, Birmingham, AL 35235, United States",shelby@eichplasticsurgery.com,Shelby,Eich,Owner,mb,Catch-All,mx-biz.mail.am0.yahoodns.net
+1 206-599-3223,Seattle Face and Skin,Plastic surgeon,seattlefaceandskin.com,"200 W Mercer St Suite 207, Seattle, WA 98119, United States",abhrany@seattlefaceandskin.com,Amit,Bhrany,Founder,mb,Catch-All,seattlefaceandskin-com.mail.protection.outlook.com
+1 206-599-3223,Seattle Face and Skin,Plastic surgeon,seattlefaceandskin.com,"200 W Mercer St Suite 207, Seattle, WA 98119, United States",jfayerberg@seattlefaceandskin.com,Jenny,Fayerberg,Practice Manager,mb,Catch-All,seattlefaceandskin-com.mail.protection.outlook.com
+1 573-442-2961,Dermatology Center of Columbia,Dermatologist,columbiamodermatology.com,"204 N Keene St #100, Columbia, MO 65201, United States",kschiavo@columbiamodermatology.com,Kaitlin,Schiavo,Physician and Owner,mb,Catch-All,aspmx.l.google.com
+1 303-470-3400,Modern Surgical Arts of Denver,Plastic surgeon,modernsurgicalarts.com,"2050 E County Line Rd, Highlands Ranch, CO 80126, United States",catherine@modernsurgicalarts.com,Catherine,Obernesser,Manager,mb,Catch-All,modernsurgicalarts-com.mail.protection.outlook.com
+1 855-812-2796,DMV CHILL CRYO WELLNESS SPA,Health spa,dmvchillcryo.com,"2059 Huntington Ave, Alexandria, VA 22303, United States",verona@dmvchillcryo.com,Verona,Sullivan,Founder,mb,Catch-All,dmvchillcryo-com.mail.protection.outlook.com
+1 828-844-4347,Restore & Reveal - Plastic and Reconstructive Surgery,Plastic surgeon,revealsurgery.com,"208 Charlotte Hwy #200, Asheville, NC 28803, United States",drmarshall@revealsurgery.com,Ryan,Marshall,Owner,mb,Catch-All,revealsurgery-com.mail.protection.outlook.com
+1 415-506-4300,"Ethos Plastic Surgery: Ginger Xu, M.D.",Plastic surgeon,gingerxumd.com,"2100 Webster St #329, San Francisco, CA 94115, United States",ginger@gingerxumd.com,Ginger,Xu,Founder,mb,Catch-All,aspmx.l.google.com
+1 415-506-4300,"Ethos Plastic Surgery: Ginger Xu, M.D.",Plastic surgeon,gingerxumd.com,"2100 Webster St #329, San Francisco, CA 94115, United States",christina@gingerxumd.com,Christina,,Manager,mb,Catch-All,aspmx.l.google.com
+1 847-615-8700,"Heather Downes, MD",Dermatologist,lakeforestdermatology.com,"2101 Waukegan Rd Ste 304, Bannockburn, IL 60015, United States",heather@lakeforestdermatology.com,Heather,Downes,Founder,mb,Catch-All,aspmx.l.google.com
+1 305-748-2248,"Paul N. Afrooz, MD",Plastic surgeon,drpaulafrooz.com,"211 S Dixie Hwy Suite 110, Coral Gables, FL 33133, United States",pna@drpaulafrooz.com,Paul,Afrooz,Owner,mb,Catch-All,mx1-us1.ppe-hosted.com
+1 417-256-4592,Healthy Lifestyles Wellness Center,Wellness center,hlwc.net,"212 E 3rd St, West Plains, MO 65775, United States",drcammie@hlwc.net,Cammie,Svuba,Doctor and Entrepreneur,mb,Catch-All,hlwc-net.mail.protection.outlook.com
+1 305-931-9316,Andrew P. Amunategui M.D.,Plastic surgeon,drandrewamunategui.com,"21355 E Dixie Hwy Ste 109, Aventura, FL 33180, United States",amunategui@bellsouth.net,Andrew,Amunategui,Founder,mb,Catch-All,mx-att.mail.am0.yahoodns.net
+1 352-746-5707,"Nature Coast Orthopaedics & Sports Medicine Clinic: Walter Choung, MD",Sports medicine clinic,naturecoastortho.com,"2155 W Mustang Blvd, Beverly Hills, FL 34465, United States",walterchoung@yahoo.com,Walter,Choung,Orthopaedic Surgeon & Owner,mb,Catch-All,mta7.am0.yahoodns.net
+1 305-814-3376,Complete Dermatology,Dermatologist,mycompletederm.com,"21550 Biscayne Blvd Ste 131, Aventura, FL 33180, United States",dan@mycompletederm.com,Dan,Ilkovitch,Dermatologist & Owner,mb,Catch-All,aspmx.l.google.com
+1 346-594-2104,Elite Aesthetic Center,Cosmetic surgeon,eliteaestheticcenter.com,"21685 Kingsland Blvd, Katy, TX 77450, United States",katherine@eliteaestheticcenter.com,Katherine,Orihuela,CEO & Founder,mb,Catch-All,eliteaestheticcenter-com.mail.protection.outlook.com
+1 830-822-4889,Comal Active,Wellness program,comalactive.com,"21965 TX-46, Spring Branch, TX 78070, United States",gretchenbonser@yahoo.com,Gretchen,Bonser,Owner,mb,Catch-All,mta7.am0.yahoodns.net
+1 410-842-6978,The Well House,Wellness center,wellhouse.health,"22 West Road #100, Towson, MD 21204, United States",teresa@wellhouse.health,Teresa,,Owner,mb,Catch-All,aspmx.l.google.com
+1 215-515-6670,Shiloh Cosmetics,Cosmetic surgeon,shilohcosmetics.com,"2200 Arch St At Suite 102, Philadelphia, PA 19103, United States",drgupta@shilohcosmetics.com,Aneesh,Gupta,Founder,mb,Catch-All,aspmx.l.google.com
+1 970-826-8080,Steamboat Signature Specialty Clinic,Specialized clinic,memorialregionalhealth.com,"2201 Curve Plaza Unit A-101, Steamboat Springs, CO 80487, United States",julie.hanna@memorialrh.org,Julie,Hanna,Executive Assistant,mb,Catch-All,mx.paubox.com
+1 970-826-8080,Steamboat Signature Specialty Clinic,Specialized clinic,memorialregionalhealth.com,"2201 Curve Plaza Unit A-101, Steamboat Springs, CO 80487, United States",eva.peroulis@memorialrh.org,Eva,Peroulis,Foundation Director,mb,Catch-All,mx.paubox.com
+1 970-826-8080,Steamboat Signature Specialty Clinic,Specialized clinic,memorialregionalhealth.com,"2201 Curve Plaza Unit A-101, Steamboat Springs, CO 80487, United States",sheli.steele@memorialrh.org,Sheli,Steele,Marketing and Community Relations Director,mb,Catch-All,mx.paubox.com
+1 424-326-3089,Activ8 Posture Santa Monica / Los Angeles,Wellness center,activ8posture.com,"2222 Santa Monica Blvd #105, Santa Monica, CA 90404, United States",paul@activ8posture.com,Paul,Schell,CEO,mb,Catch-All,aspmx.l.google.com
+1 424-326-3089,Activ8 Posture Santa Monica / Los Angeles,Wellness center,activ8posture.com,"2222 Santa Monica Blvd #105, Santa Monica, CA 90404, United States",matt@activ8posture.com,Matt,Pidgeon,Clinic Director,mb,Catch-All,aspmx.l.google.com
+1 602-898-6977,Phoenix Wellness and Rejuvenation,Wellness center,repeatmd.app,"2230 N 15th Ave, Phoenix, AZ 85007, United States",phil@repeatmd.com,Phil,Sitter,CEO,mb,Catch-All,aspmx.l.google.com
+1 602-898-6977,Phoenix Wellness and Rejuvenation,Wellness center,repeatmd.app,"2230 N 15th Ave, Phoenix, AZ 85007, United States",noel@repeatmd.com,Noel,Tanner,Head of Marketing,mb,Catch-All,aspmx.l.google.com
+1 320-308-1812,Epic Tan & Skin,Wellness center,epicskinspa.com,"225 1st St S, Waite Park, MN 56387, United States",colten@epicskinspa.com,Colten,,Manager,mb,Catch-All,aspmx.l.google.com
+1 818-564-4783,Cryohealthcare Woodland Hills,Wellness center,cryohealthcarewh.com,"22941 Ventura Blvd, Woodland Hills, CA 91364, United States",emilia@cryohealthcarewh.com,Emilia,Kuehne,Founder,mb,Catch-All,smtp.google.com
+1 937-453-1963,Vytality Blu Health & Medspa,Wellness center,vytalityblu.com,"2310 Far Hills Ave Apt 5, Dayton, OH 45419, United States",paul.adongo@vytalityblu.com,Paul,Adongo,Founder,mb,Catch-All,aspmx.l.google.com
+1 805-892-8111,"California Dermatology Group, PC",Dermatologist,cadermgroup.com,"2323 Oak Park Ln Ste #202, Santa Barbara, CA 93105, United States",achan@cadermgroup.com,Aegean,Chan,Medical Director,mb,Catch-All,aspmx.l.google.com
+1 818-716-9093,Dr. Osman Dermatology - Calabasas,Dermatologist,drosman.com,"23659 Calabasas Rd, Calabasas, CA 91302, United States",lawrence@drosman.com,Lawrence,Osman,Owner,mb,Catch-All,smtp.google.com
+1 239-465-0098,"Naples Vitality: Dr. Linell King, MD",Wellness center,naplesvitality.com,"2390 Tamiami Trl N Ste 108, Naples, FL 34103, United States",dr.king@naplesvitality.com,Linell,King,Founder,mb,Catch-All,aspmx.l.google.com
+1 408-369-9300,Illuminate Plastic Surgery - San Jose,Plastic surgeon,illuminateplasticsurgery.com,"2400 Samaritan Dr #206, San Jose, CA 95124, United States",dboudreault@illuminateplasticsurgery.com,David,Boudreault,Founder,mb,Catch-All,illuminateplasticsurgery-com.mail.protection.outlook.com
+1 507-398-2753,"Alex Senchenkov, MD, FACS",Plastic surgeon,spectrumsurgeryflorida.com,"2426 S Tamiami Trl Fl 3, Sarasota, FL 34239, United States",senchenkov@yahoo.com,Alex,Senchenkov,Owner,mb,Catch-All,mta7.am0.yahoodns.net
+1 914-340-3869,New York Eye and Face Oculoplastic Surgery,Plastic surgeon,nyeyeface.com,"244 Westchester Ave Ste 111, West Harrison, NY 10604, United States",anais@nyeyeface.com,Anaïs,Carniciu,Founder,mb,Catch-All,aspmx.l.google.com
+1 626-333-7773,Dermatology Arts,Dermatologist,dermartsla.com,"245 Fair Oaks Ave, South Pasadena, CA 91030, United States",phillip@dermartsla.com,Phillip,Lee,Owner,mb,Catch-All,aspmx.l.google.com
+1 725-600-9050,Elevate Health and Wellness LV,Wellness center,elevatewellnesslv.com,"2451 W Horizon Ridge Pkwy Ste 120, Henderson, NV 89052, United States",robbie@elevatewellnesslv.com,Robbie,G,Business Owner,mb,Catch-All,smtp.google.com
+1 843-722-5904,Crantford Costa Plastic Surgery,Plastic surgeon,ccplastics.com,"247 Calhoun St, Charleston, SC 29401, United States",alysha@ccplastics.com,Alysha,Jackson,Practice Manager,mb,Catch-All,aspmx.l.google.com
+1 201-596-8103,"Dr. Shwetambara Parakh, M.D.",Plastic surgeon,parakhplasticsurgery.com,"25 Rockwood Pl Suite 202, Englewood, NJ 07631, United States",drparakh@parakhplasticsurgery.com,Shwetambara,Parakh,Founder,mb,Catch-All,aspmx.l.google.com
+1 203-599-4770,"Mahsa A. Sohrab, MD",Plastic surgeon,drmahsasohrab.com,"25 Valley Dr, Greenwich, CT 06831, United States",carlee@drmahsasohrab.com,Carlee,Lockrown,FNP,mb,Catch-All,aspmx.l.google.com
+1 541-449-9555,Oasis Eye Face & Skin - Vivian Schiedler MD | Oculoplastic Surgeon,Plastic surgeon,oasiseye.com,"251 Maple St, Ashland, OR 97520, United States",vivian.schiedler@oasiseye.com,Vivian,Schiedler,Owner,mb,Catch-All,aspmx.l.google.com
+1 234-244-4251,Sarkos Plastic Surgery,Plastic surgeon,sarkosmdplasticsurgery.com,"2512 E Market St Ste B, Warren, OH 44483, United States",sarkosplasticsurgery@yahoo.com,Peter,Sarkos,Physician Owner,mb,Catch-All,mta7.am0.yahoodns.net
+1 408-659-6757,"Melinda A Costa, MD, FACS",Plastic surgeon,costamd.com,"2516 Samaritan Dr Ste N, San Jose, CA 95124, United States",melinda@costamd.com,Melinda,Costa,Owner,mb,Catch-All,aspmx.l.google.com
+1 239-301-2206,Restore Health Center,Wellness center,restorehealthfl.com,"25241 Elementary Way #102, Bonita Springs, FL 34135, United States",office.manager@restorehealthfl.com,Jennifer,Narrell,Business Manager,mb,Catch-All,restorehealthfl-com.mail.protection.outlook.com
+1 208-519-4333,Treasure Valley Dermatology & Skin Cancer Center,Dermatologist,dermatologyboise.com,"2535 E Fairview Ave, Meridian, ID 83642, United States",manager@treasurevalleyderm.com,Jean,Montgomery,Clinic Administrator,mb,Catch-All,aspmx.l.google.com
+1 720-741-8051,Mandel Dermatology - Boulder,Dermatologist,mandeldermatology.com,"2575 Spruce St Unit C, Boulder, CO 80302, United States",jare@mandeldermatology.com,Jared,Mandel,Chief Operating Officer,mb,Catch-All,aspmx.l.google.com
+1 303-444-0664,Rinnova Skin & Body,Dermatologist,rinnovaskinandbody.com,"2600 30th St Ste 100, Boulder, CO 80301, United States",todd.becker@rinnovaskinandbody.com,Todd,Becker,Founder,mb,Catch-All,mx2.privateemail.com
+1 603-224-3368,Patrick J. Casey MD,Sports medicine physician,concordortho.com,"264 Pleasant St, Concord, NH 03301, United States",lisa.kelsea@concordortho.com,Lisa,Kelsea,"Director, Patient & Clinical Services",mb,Catch-All,d355897a.ess.barracudanetworks.com
+1 603-224-3368,Patrick J. Casey MD,Sports medicine physician,concordortho.com,"264 Pleasant St, Concord, NH 03301, United States",christina.hebert@concordortho.com,Christina,Hebert,"Manager, Business Office",mb,Catch-All,d355897a.ess.barracudanetworks.com
+1 312-802-3172,Chicago CryoSpa,Wellness program,chicagocryospa.com,"2640 N Lincoln Ave, Chicago, IL 60614, United States",jim@chicagocryospa.com,Jim,Karas,Founder,mb,Catch-All,aspmx.l.google.com
+1 805-852-5251,Posh Body Wellness,Wellness center,poshbodywellness.com,"2659 Townsgate Rd Ste 211, Westlake Village, CA 91361, United States",dr.nasim@poshbodywellness.com,Nasim,Pedram,Founder and CEO,mb,Catch-All,mx.poshbodywellness.com
+1 843-973-7270,Ulm Plastic Surgery | Dr. Jason Ulm,Plastic surgeon,ulmplasticsurgery.com,"2671 Brickside Ln, Mt Pleasant, SC 29466, United States",jason@ulmplasticsurgery.com,Jason,Ulm,Founder,mb,Catch-All,smtp.google.com
+1 330-460-0021,Plastic Surgeons of Akron - John C Pedersen MD,Plastic surgeon,plasticsurgeonsofakron.com,"270 S Cleveland Massillon Rd Ste C, Fairlawn, OH 44333, United States",jpedersen@plasticsurgeonsofakron.com,John,Pedersen,Founder,mb,Catch-All,aspmx.l.google.com
+1 256-429-3411,"MCLAIN SURGICAL ARTS D. McLain, MD, DMD, FACS",Cosmetic surgeon,mclainsurgicalarts.com,"2725 Spring Gate Ln SE, Huntsville, AL 35802, United States",lmclain@mclainsurgicalarts.com,Landon,McLain,Founder,mb,Catch-All,d196596a.ess.barracudanetworks.com
+1 256-429-3411,"MCLAIN SURGICAL ARTS D. McLain, MD, DMD, FACS",Cosmetic surgeon,mclainsurgicalarts.com,"2725 Spring Gate Ln SE, Huntsville, AL 35802, United States",mgann@mclainsurgicalarts.com,Melissa,Gann,Manager,mb,Catch-All,d196596a.ess.barracudanetworks.com
+1 713-442-1122,"Yoav Kaufman, MD FACS | Houston Plastic Surgeon",Plastic surgeon,kelsey-seybold.com,"2727 W Holcombe Blvd 3rd Floor, Houston, TX 77025, United States",azam.kundi@kelsey-seybold.com,Azam,Kundi,CEO,mb,Catch-All,mxb-0077b904.gslb.pphosted.com
+1 970-964-4036,Montrose Dermatology + Cosmetics,Dermatologist,montrosedermatology.com,"2730 Commercial Way, Montrose, CO 81401, United States",manager@montrosedermatology.com,Larry,Peeters,Civil Rights Coordinator,mb,Catch-All,aspmx.l.google.com
+1 970-964-4036,Montrose Dermatology + Cosmetics,Dermatologist,montrosedermatology.com,"2730 Commercial Way, Montrose, CO 81401, United States",renata@montrosedermatology.com,Renata,Raziano,Founder,mb,Catch-All,aspmx.l.google.com
+1 718-484-1022,RR Plastic Surgery P.C.,Plastic surgeon,rrplastix.com,"2748 Ocean Ave 3rd Floor, Brooklyn, NY 11229, United States",dr.rrayham@yahoo.com,Roman,Rayham,Founder,mb,Catch-All,mta7.am0.yahoodns.net
+1 248-355-5047,BASE Dermatology & Mohs Surgery - Dr. Bryan Sofen,Dermatologist,basederm.com,"27776 Woodward Ave, Royal Oak, MI 48067, United States",bryan@basederm.com,Bryan,Sofen,Dermatologist & Owner,mb,Catch-All,basederm-com.mail.protection.outlook.com
+1 321-452-3882,Brevard Cosmetic Surgery Group,Plastic surgeon,brevardcosmeticsurgerygroup.com,"280 N Sykes Creek Pkwy # A, Merritt Island, FL 32953, United States",robert@brevardcosmeticsurgerygroup.com,Robert,Bashore,Owner,mb,Catch-All,aspmx.l.google.com
+1 713-559-9300,Dr. Roth Plastic Surgery,Plastic surgeon,nextpatient.co,"2800 Kirby Dr Suite B-212, Houston, TX 77098, United States",david@nextpatient.co,David V,Rodriguez,Founder & CEO,mb,Catch-All,aspmx.l.google.com
+1 310-274-5372,"Moy, Fincher, Chipps Facial Plastics & Dermatology - Torrance",Dermatologist,rodeoderm.com,"2802 Pacific Coast Hwy, Torrance, CA 90505, United States",ebecker@gsdermca.com,Edward,Becker,Founder and CEO,mb,Catch-All,aspmx.l.google.com
+1 412-422-2222,Post-Operative and Therapeutic Massage,Wellness center,postoperativemassage.com,"2832 Murray Ave, Pittsburgh, PA 15217, United States",julia@postoperativemassage.com,Julia,Schandelmeier,Owner,mb,Catch-All,mx.postoperativemassage.com
+1 843-284-6110,"Dr. Joseph Russell, MD",Plastic surgeon,russellfacialplastics.com,"2850 Tricom St, North Charleston, SC 29406, United States",drrussell@russellfacialplastics.com,Joseph,Russell,Owner,mb,Catch-All,aspmx.l.google.com
+1 754-702-6867,David J. Levens M.D. Plastic Surgery,Plastic surgeon,drlevens.com,"2855 N University Dr #400, Coral Springs, FL 33065, United States",drlevens@drlevens.com,David,Levens,Owner,mb,Catch-All,drlevens.com.1.0001.arsmtp.com
+1 954-344-4344,"F. Leigh Phillips, III, MD, PA",Plastic surgeon,drphillipsmd.com,"2855 N University Dr #400, Coral Springs, FL 33065, United States",joann@drphillipsmd.com,Joann,,Manager,mb,Catch-All,d245569a.ess.barracudanetworks.com
+1 954-344-4344,"F. Leigh Phillips, III, MD, PA",Plastic surgeon,drphillipsmd.com,"2855 N University Dr #400, Coral Springs, FL 33065, United States",haley@drphillipsmd.com,Haley,Carpenter,Practice Leader,mb,Catch-All,d245569a.ess.barracudanetworks.com
+1 561-776-9555,"Arturo K. Guiloff,M.D.,P.A.",Plastic surgeon,drguiloff.com,"2865 PGA Blvd, West Palm Beach, FL 33410, United States",arturo@drguiloff.com,Arturo,Guiloff,Owner,mb,Catch-All,mx2.mailchannels.net
+1 941-764-1055,South Florida Skin Center,Dermatologist,theskincenter.com,"2866 S Tamiami Trl Ste A, Port Charlotte, FL 33952, United States",jherbst@theskincenter.com,Jay,Herbst,Medical Director,mb,Catch-All,theskincenter-com.mx1.arsmtp.com
+1 941-764-1055,South Florida Skin Center,Dermatologist,theskincenter.com,"2866 S Tamiami Trl Ste A, Port Charlotte, FL 33952, United States",herbst@theskincenter.com,Alexander,Herbst,Practitioner,mb,Catch-All,theskincenter-com.mx1.arsmtp.com
+1 480-752-7600,Live Well Wellness Center,Naturopathic practitioner,livewellwellnesscenter.com,"2905 W Warner Rd #25, Chandler, AZ 85224, United States",mturner@livewellwellnesscenter.com,Merle,Turner,Founder,mb,Catch-All,livewellwellnesscenter-com.mail.protection.outlook.com
+1 212-673-8888,Anna Avaliani MD Cosmetic & Laser Surgery,Plastic surgeon,dravaliani.com,"30 E 60th St #1100, New York, NY 10022, United States",dr.anna@dravaliani.com,Anna,Avaliani,Owner,mb,Catch-All,aspmx.l.google.com
+1 860-659-9990,"Harold E. Beam, MD",Plastic surgeon,doctorbeam.com,"300 Hebron Ave Ste 101, Glastonbury, CT 06033, United States",harold@doctorbeam.com,Harold,Beam,Owner,mb,Catch-All,doctorbeam.com.1.0001.arsmtp.com
+1 860-659-9990,"Harold E. Beam, MD",Plastic surgeon,doctorbeam.com,"300 Hebron Ave Ste 101, Glastonbury, CT 06033, United States",stefania@doctorbeam.com,Stefania,Lampron,Practice Manager,mb,Catch-All,doctorbeam.com.1.0001.arsmtp.com
+1 610-688-7100,Dr. Jonathan Pontell,Plastic surgeon,facesculptormd.com,"303 W Lancaster Ave #1A, Wayne, PA 19087, United States",jonathan@facesculptormd.com,Jonathan,Pontell,Founder,mb,Catch-All,aspmx.l.google.com
+1 803-400-6816,"Palmetto Facial Plastics Helen A. Moses, MD",Plastic surgeon,palmettofacialplastics.com,"3030 Devine St, Columbia, SC 29205, United States",helen@palmettofacialplastics.com,Helen,Moses,Founder,mb,Catch-All,mx1-us1.ppe-hosted.com
+1 973-798-4777,"Matthew Coons, MD, FACS",Plastic surgeon,mountainsidehosp.com,"311 Bay Ave STE 300A, Glen Ridge, NJ 07028, United States",chiara.marababol@mountainsidehosp.com,Chiara,Marababol,Director of Marketing and Communications,mb,Catch-All,mx1.hc3082-35.iphmx.com
+1 660-342-3031,Rejuvenate Wellness Center,Wellness center,rejuvenatekv.net,"311 N Elson St, Kirksville, MO 63501, United States",ashley@rejuvenatekv.net,Ashley,Sparks,Owner,mb,Catch-All,mx.rejuvenatekv.net
+1 208-906-2444,RISE Modern Wellness,Wellness center,risemodernwellness.com,"3116 E State St Ste 160, Eagle, ID 83616, United States",garrett@risemodernwellness.com,Garrett,Ahlberg,Founder & CEO,mb,Catch-All,aspmx.l.google.com
+1 406-916-5652,Intuition Health Sports Medicine and Wellness,Sports medicine clinic,intuitionhealthcare.com,"3130 Saddle Dr Ste #2, Helena, MT 59601, United States",erik@intuitionhealthcare.com,Erik,Vilen,Co-Founder,mb,Catch-All,intuitionhealthcare-com.mail.protection.outlook.com
+1 720-722-6306,Thompson Facial Plastics,Plastic surgeon,denverfacialplastics.com,"3150 E 3rd Ave Ste. 200, Denver, CO 80206, United States",william@denverfacialplastics.com,R.,Thompson,Owner,mb,Catch-All,aspmx.l.google.com
+1 205-490-1300,Heights Wellness & Aesthetics,Wellness center,heightsivwellness.com,"3168 Heights Village, Vestavia Hills, AL 35243, United States",grace@heightsivwellness.com,Grace,Gullung,Founder,mb,Catch-All,aspmx.l.google.com
+1 858-201-3171,Oasis Health And Medicine,Naturopathic practitioner,oasishealthandmedicine.com,"317 N El Camino Real #106, Encinitas, CA 92024, United States",pedi@oasishealthandmedicine.com,Pedi,Mirdamadi,Founder,mb,Catch-All,aspmx.l.google.com
+1 831-425-9500,Santa Cruz CORE Fitness + Rehab,Wellness center,santacruzcore.com,"317 Potrero St ste c, Santa Cruz, CA 95060, United States",mara@santacruzcore.com,Mara,,Events & Outreach Coordinator,mb,Catch-All,aspmx.l.google.com
+1 831-425-9500,Santa Cruz CORE Fitness + Rehab,Wellness center,santacruzcore.com,"317 Potrero St ste c, Santa Cruz, CA 95060, United States",jaimi@santacruzcore.com,Jaimi,Jansen,Founder & CEO,mb,Catch-All,aspmx.l.google.com
+1 801-497-6944,"Dr. Eric W. Cerrati, MD",Plastic surgeon,drericcerrati.com,"3179 Highland Dr Ste 102, Salt Lake City, UT 84106, United States",eric@drericcerrati.com,Eric,Cerrati,Owner,mb,Catch-All,aspmx.l.google.com
+1 949-499-2800,"Daniel C. Mills, MD, FACS",Plastic surgeon,danmillsmd.com,"31852 Coast Hwy Unit 401, Laguna Beach, CA 92651, United States",shelby@danmillsmd.com,Shelby,,Manager,mb,Catch-All,aspmx.l.google.com
+1 949-499-2800,"Daniel C. Mills, MD, FACS",Plastic surgeon,danmillsmd.com,"31852 Coast Hwy Unit 401, Laguna Beach, CA 92651, United States",dcm2@danmillsmd.com,Daniel,Mills,Owner,mb,Catch-All,aspmx.l.google.com
+1 219-322-3131,"Rebecca Garza Plastic Surgery: Rebecca Garza, MD",Plastic surgeon,rebeccagarzamd.com,"322 US-41 #103, Schererville, IN 46375, United States",drgarza@rebeccagarzamd.com,Rebecca,Garza,Owner,mb,Catch-All,rebeccagarzamd-com.mail.protection.outlook.com
+1 352-237-2322,Ocala Dermatology & Skin Cancer Center,Dermatologist,ocaladerm.com,"3233 SW 33rd Rd #101, Ocala, FL 34474, United States",richard.hilder@ocaladerm.com,Richard,Hilder,M.D. / Owner,mb,Catch-All,ocaladerm-com.mx1.arsmtp.com
+1 304-691-8910,Marshall Plastic & Reconstructive Surgery,Plastic surgeon,marshallhealth.org,"3244 US-60 Suite 26, Huntington, WV 25705, United States",rayness@marshall.edu,Scott,Raynes,Chief Executive Officer,mb,Catch-All,marshall-edu.mail.protection.outlook.com
+1 954-565-0551,Elena Europa Spa,Spa and health club,elenaspa.com,"3250 NE 33rd St, Fort Lauderdale, FL 33308, United States",adina_ambro@yahoo.com,Adina,Ambro,Owner,mb,Catch-All,mta6.am0.yahoodns.net
+1 724-969-0930,"Dr. Simona V. Pautler, MD FACS: Plastic Surgery Pittsburgh",Plastic surgeon,drpautler.com,"3311 Washington Rd #200, McMurray, PA 15317, United States",drpautler@drpautler.com,Simona,Pautler,Owner,mb,Catch-All,drpautler.com.1.0001.arsmtp.com
+1 678-208-6008,Astra Plastic Surgery,Plastic surgeon,astraplasticsurgery.com,"3330 Preston Ridge Rd #380, Alpharetta, GA 30005, United States",christopher@astraplasticsurgery.com,Christopher,Killingsworth,Founder and CEO,mb,Catch-All,astraplasticsurgery.com.1.0001.arsmtp.com
+1 858-833-0221,Sculpting 360,Wellness center,sculpting360.com,"3330 Third Ave #300, San Diego, CA 92103, United States",mohammad@sculpting360.com,Mohammad,Samara,Owner,mb,Catch-All,mx156.hostedmxserver.com
+1 817-382-8250,Core Wellness Studio,Wellness center,corewellnesstx.com,"3401 Golden Triangle Blvd #111, Fort Worth, TX 76177, United States",thefi.clayton@corewellnesstx.com,Thefi,Clayton,Founder,mb,Catch-All,corewellnesstx-com.mail.protection.outlook.com
+1 727-470-8341,Cryo Body ReVive💫,Spa and health club,cryobodyrevive.com,"34038 US Hwy 19 N, Palm Harbor, FL 34684, United States",kristin@cryobodyrevive.com,Kristin,Lindgren,Owner,mb,Catch-All,smtp.google.com
+1 410-855-5821,Comprehensive Laser & Aesthetics - Olney,Dermatologist,comprehensivelaser.com,"3410 Olandwood Ct Ste 206, Olney, MD 20832, United States",nina@comprehensivelaser.com,Nina,Nalini,Founder,mb,Catch-All,mx.zoho.com
+1 651-362-5125,OsteoStrong Eagan,Wellness center,osteostrongmn.com,"3428 Denmark Ave, Eagan, MN 55123, United States",julie@osteostrongmn.com,Julie,Eischens,Owner,mb,Catch-All,osteostrongmn-com.mail.protection.outlook.com
+1 631-864-2784,The Vitality Center,Wellness center,vitalitycenterli.com,"35 Arkay Dr Suite 200 (Main Suite 300 (Stretch Flo, Hauppauge, NY 11788, United States",jason@vitalitycenterli.com,Jason,Pape,Founder,mb,Catch-All,mx.zoho.com
+1 860-409-1515,Facelift Conneticut: Dr. Paul Stanislaw,Plastic surgeon,stanislawmd.com,"35 Nod Rd #204, Avon, CT 06001, United States",pferguson@stanislawmd.com,Patricia,Ferguson,"BSN, RN",mb,Catch-All,stanislawmd-com.mx1.arsmtp.com
+1 718-375-7546,Levit Dermatology,Plastic surgeon,levitdermatology.com,"35 West End Ave PROFESSIONAL SUITE 2, Brooklyn, NY 11235, United States",eyal@levitdermatology.com,Eyal,Levit,Founder,mb,Catch-All,aspmx.l.google.com
+1 706-723-1632,Magnolia Lane Plastic Surgery,Plastic surgeon,magnolialaneplasticsurgery.com,"3633 Wheeler Rd #110, Augusta, GA 30909, United States",manuel@magnolialaneplasticsurgery.com,Manuel,Medina,Owner,mb,Catch-All,aspmx.l.google.com
+1 813-563-2220,"Finer You PA - Dr. Anahita Azharian, DO, MPH",Plastic surgeon,fineryou.com,"3644 Henderson Blvd, Tampa, FL 33609, United States",maria@fineryou.com,Maria,,Manager,mb,Catch-All,aspmx.l.google.com
+1 813-563-2220,"Finer You PA - Dr. Anahita Azharian, DO, MPH",Plastic surgeon,fineryou.com,"3644 Henderson Blvd, Tampa, FL 33609, United States",jacob@fineryou.com,Jacob,Gerzenshtein,Owner,mb,Catch-All,aspmx.l.google.com
+1 385-234-0601,Whole Body and Sole,Wellness center,wholebodyandsole.com,"3672 S Jordan Pkwy W ste 103, South Jordan, UT 84095, United States",helen@wholebodyandsole.com,Helen,Parde,CEO,mb,Catch-All,smtp.google.com
,Hibiscus Oasis,Wellness center,hibiscusoasis.com,"376 Maxham Rd, Austell, GA 30168, United States",teena@hibiscusoasis.com,Teena,Clark,Owner,mb,Catch-All,aspmx.l.google.com
+1 435-628-2826,Southwest Skin & Cancer Inc,Dermatologist,southwestskinandcancer.com,"383 S 300 E, St. George, UT 84770, United States",mike@southwestskinandcancer.com,Mike,Anderson,Business Administrator,mb,Catch-All,aspmx.l.google.com
+1 864-560-6717,"Shawn Birchenough, MD",Plastic surgeon,spartanburgregional.com,"391 Serpentine Dr #250, Spartanburg, SC 29303, United States",pfeisal@srhs.com,Philip,Feisal,President,mb,Catch-All,mxa-0031c501.gslb.pphosted.com
,Givens Facial Plastic Surgery,Plastic surgeon,givensmd.com,"3939 Bee Caves Rd b3, Austin, TX 78746, United States",victoria@givensmd.com,Victoria,Givens,Owner,mb,Catch-All,givensmd-com.mail.protection.outlook.com
+1 601-296-3405,Plastic Surgery Center of Hattiesburg,Plastic surgeon,plasticsurgeryhattiesburg.com,"40 Franklin Rd, Hattiesburg, MS 39402, United States",liz@thepsch.com,Liz,Lee,Office Manager,mb,Catch-All,mx1-us1.ppe-hosted.com
+1 201-652-4536,Bergen Dermatology Specialists,Dermatologist,dermbc.com,"400 NJ-17 Ste 2, Ridgewood, NJ 07450, United States",ksatra@dermbc.com,Karin,Satra,Owner,mb,Catch-All,aspmx.l.google.com
+1 239-263-4133,Javier G. Lugo MD,Dermatologist,javierlugomd.com,"4081 Tamiami Trl N c101, Naples, FL 34103, United States",docplusmedpc@yahoo.com,Javier,Lugo,Owner,mb,Catch-All,mta7.am0.yahoodns.net
+1 503-228-5432,"John S. Lee, MD",Plastic surgeon,nwplasticsurgery.com,"4085 SW 109th Ave #200, Beaverton, OR 97005, United States",john@nwplasticsurgery.com,John,Lee,Owner,mb,Catch-All,nwplasticsurgery-com.mail.protection.outlook.com
+1 630-402-6627,Serene Infusion and Wellness Lounge,Wellness center,tidycal.com,"40W222 LaFox Rd, Suite P2-E, 2nd Floor, St. Charles, IL 60175, United States",david@tidycal.com,David,Kelly,CEO,mb,Catch-All,aspmx.l.google.com
+1 832-835-1131,Lift Plastic Surgery,Plastic surgeon,liftplastics.com,"410 Genesis Blvd Suite A, Webster, TX 77598, United States",shitel@liftplastics.com,Shitel,Patel,Founder + CEO,mb,Catch-All,aspmx.l.google.com
+1 502-576-6918,Mays Plastic Surgery & Med Spa,Plastic surgeon,maysplasticsurgery.com,"4111 Oechsli Ave, Louisville, KY 40207, United States",chet@maysplasticsurgery.com,Chet,Mays,Owner,mb,Catch-All,maysplasticsurgery-com.mail.protection.outlook.com
+1 210-901-9353,RFSA Dermatology Olmos,Dermatologist,rfsadermatology.com,"4118 McCullough Ave, San Antonio, TX 78212, United States",christy.rainey@rfsadermatology.com,Christy,Rainey,Co-Owner,mb,Catch-All,rfsadermatology-com.mail.protection.outlook.com
+1 323-207-1536,"Beverly Hills Rhinoplasty Center: Deepak Dugar, MD",Plastic surgeon,scarlessnose.com,"414 N Camden Dr Ste 801, Beverly Hills, CA 90210, United States",deepak.dugar@scarlessnose.com,Deepak,Dugar,Founder,mb,Catch-All,aspmx.l.google.com
+1 308-384-9300,Grand Island Dermatology PC,Dermatologist,gidermatology.com,"418 N Webb Rd, Grand Island, NE 68803, United States",jennifer@gidermatology.com,Jennifer,Alberts,Owner,mb,Catch-All,aspmx.l.google.com
+1 310-858-8808,Dr. Cat Plastic Surgery,Plastic surgeon,beautybydrcat.com,"421 N Rodeo Dr PH 4, Beverly Hills, CA 90210, United States",catherine@beautybydrcat.com,Catherine,Begovic,Founder & CEO,mb,Catch-All,aspmx.l.google.com
+1 253-840-5397,Iyengar Plastic Surgery,Plastic surgeon,iyengarplasticsurgery.com,"4210 10th St SE, Puyallup, WA 98374, United States",rajiv@iyengarplasticsurgery.com,Rajiv,Iyengar,Owner,mb,Catch-All,aspmx.l.google.com
+1 888-998-1776,The Plastics Doc: Dr. Samuel Salcedo,Plastic surgeon,theplasticsdoc.com,"4226 Green River Rd Ste 101, Corona, CA 92878, United States",marcella@theplasticsdoc.com,Marcella,Salcedo,Practice Manager,mb,Catch-All,aspmx.l.google.com
+1 407-636-3113,Sun State Dermatology,Dermatologist,sunstatedermatology.com,"430 Lake Howell Rd, Maitland, FL 32751, United States",rajiv@sunstatedermatology.com,Rajiv,Nathoo,Founder,mb,Catch-All,sunstatedermatology-com.mail.protection.outlook.com
+1 810-210-8227,Facey Stacey Health Spa,Health spa,faceystacey.com,"43227 Crescent Blvd Suite 44, Novi, MI 48375, United States",sjc@faceystacey.com,Stacie,Croffe,CEO,mb,Catch-All,aspmx.l.google.com
+1 954-772-0416,Aesthetix Dermatology of Fort Lauderdale,Dermatologist,aesthetixdermatology.com,"4331 N Federal Hwy Fl 4, Fort Lauderdale, FL 33308, United States",info@aesthetixskin.com,Igor,Chaplik,President,mb,Catch-All,aspmx.l.google.com
+1 310-247-1932,"The Nikolov Center for Plastic Surgery: Nicholas Nikolov, MD",Plastic surgeon,drnikolov.com,"436 N Bedford Dr #207, Beverly Hills, CA 90210, United States",nicholas@drnikolov.com,Nicholas,Nikolov,Owner,mb,Catch-All,drnikolov-com.mail.protection.outlook.com
+1 726-202-0924,Micallef Plastic Surgery,Plastic surgeon,micallefplasticsurgery.com,"4372 N Loop 1604 W #200, Shavano Park, TX 78249, United States",christopher@micallefplasticsurgery.com,Christopher,Micallef,Owner,mb,Catch-All,aspmx.l.google.com
+1 703-858-3208,Mountcastle Plastic Surgery & Vein Institute,Plastic surgeon,mountcastleplasticsurgery.com,"44095 Pipeline Plaza Ste 430, Ashburn, VA 20147, United States",eva@mountcastleplasticsurgery.com,Eva,Andrade,Surgical Coordinator,mb,Catch-All,aspmx.l.google.com
+1 949-688-7733,"Larson Plastic Surgery & Medical Aesthetics: John Larson, MD",Plastic surgeon,johnlarsonmd.com,"4440 Von Karman Ave #150, Newport Beach, CA 92660, United States",john@johnlarsonmd.com,John,Larson,Founder,mb,Catch-All,johnlarsonmd-com.mail.protection.outlook.com
+1 818-245-6101,Saul R. Berger M.D. Inc.,Plastic surgeon,drberger.com,"4444 W Riverside Dr #101, Burbank, CA 91505, United States",saul@drberger.com,Saul,Berger,Founder,mb,Catch-All,aspmx.l.google.com
+1 303-839-1616,Fante Eye & Face Centre,Plastic surgeon,demandforce.com,"4500 Cherry Creek S Dr #550, Denver, CO 80246, United States",rick.berry@demandforce.com,Rick,Berry,Founder,mb,Catch-All,aspmx.l.google.com
+1 757-821-7477,NP On Demand LLC,Health spa,npondemandllc.com,"4501 N Witchduck Rd, Virginia Beach, VA 23455, United States",dominique@npondemandllc.com,Dominique,Hawkins,CEO,mb,Catch-All,aspmx.l.google.com
+1 352-336-6037,"Dr. Jason J. Rosenberg, MD",Plastic surgeon,toi-health.com,"4510 NW 6th Pl, Gainesville, FL 32607, United States",jneedham@toi-health.com,Jim,Needham,CEO,mb,Catch-All,mxb-004b0601.gslb.pphosted.com
+1 406-282-1658,Temple Natural Health,Naturopathic practitioner,tummytemple.com,"4520 Intelco Loop SE #3a, Lacey, WA 98503, United States",kristi@tummytemple.com,Kristi,Zimmer,Founder & CEO,mb,Catch-All,smtp.google.com
+1 805-650-0996,"Permen Naturopathic, Inc.",Naturopathic practitioner,healventura.com,"4564 Telephone Rd Suite 804, Ventura, CA 93003, United States",larry@healventura.com,Larry,Permen,Owner,mb,Catch-All,aspmx.l.google.com
+1 707-938-1423,"Dr. R. Makala Anders, MD",Dermatologist,sonomadermatology.com,"461 7th St W #3, Sonoma, CA 95476, United States",reuben@sonomadermatology.com,Reuben,Anders,Business Owner,mb,Catch-All,aspmx.l.google.com
+1 212-658-0449,NYC Gynecomastia Center,Plastic surgeon,gynecomastiacenternyc.com,"461 Park Ave S Floor 7, Suite B, New York, NY 10016, United States",douglas@gynecomastiacenternyc.com,Douglas,Senderoff,Owner,mb,Catch-All,mx.paubox.com
+1 530-753-2787,Dr. Michael Reed,Cosmetic surgeon,drmichaelreed.com,"4627 Fermi Pl #110, Davis, CA 95618, United States",michael@drmichaelreed.com,Michael,Reed,Owner,mb,Catch-All,aspmx.l.google.com
+1 561-272-6000,"Dr. Thomas Balshi, MD",Dermatologist,southflderm.com,"4665 W Atlantic Ave B, Delray Beach, FL 33445, United States",tom@southflderm.com,Tom,Balshi,Founder,mb,Catch-All,southflderm-com.mail.protection.outlook.com
+1 877-917-3223,"Baltimore-Washington Facial Plastic Surgery & Medical Spa: Thomas T. Le, MD",Plastic surgeon,bwfacialplasticsurgery.com,"4785 Dorsey Hall Dr Ste 111, Ellicott City, MD 21042, United States",thomas@bwfacialplasticsurgery.com,Thomas,Le,Director,mb,Catch-All,mx3-usg1.ppe-hosted.com
+1 915-215-5300,Shawn Diamond MD FACS Plastic Surgeon,Plastic surgeon,ttpelpaso.com,"4801 Alberta Ave, El Paso, TX 79905, United States",julie.blow@ttuhsc.edu,Julie,Blow,Associate Managing Director,mb,Catch-All,mxa-00076201.gslb.pphosted.com
+1 915-215-5300,Shawn Diamond MD FACS Plastic Surgeon,Plastic surgeon,ttpelpaso.com,"4801 Alberta Ave, El Paso, TX 79905, United States",richard.lange@ttuhsc.edu,Richard,Lange,President,mb,Catch-All,mxa-00076201.gslb.pphosted.com
+1 971-330-8578,Asula Wellness Center,Wellness center,asula.com,"4847 Meadows Rd, Lake Oswego, OR 97035, United States",laila@asula.com,Laila,Noll,Owner,mb,Catch-All,aspmx.l.google.com
+1 732-410-4789,Thompson Center for Plastic Surgery,Plastic surgeon,thompsonplasticsurgerycenter.com,"5 Professional Cir #107, Colts Neck, NJ 07722, United States",rudolf@thompsonplasticsurgerycenter.com,Rudolf,Thompson,Owner,mb,Catch-All,mx1-us1.ppe-hosted.com
+1 717-254-7250,Happie Soul Wellness,Wellness center,happiesoul.me,"5000 Lenker St Suite 103, Mechanicsburg, PA 17050, United States",cristina@happiesoul.me,Cristina,Dunbar,Founder,mb,Catch-All,aspmx.l.google.com
+1 210-600-9110,"Megan M. Burgess, MD, MSCI",Plastic surgeon,baptisthealthsystem.com,"502 Madison Oak Dr Suite 140, San Antonio, TX 78258, United States",pgreyna@baptisthealthsystem.com,Patrick,Reyna,Director of Financial Aid,mb,Catch-All,baptisthealthsystem-com.mail.protection.outlook.com
+1 210-600-9110,"Megan M. Burgess, MD, MSCI",Plastic surgeon,baptisthealthsystem.com,"502 Madison Oak Dr Suite 140, San Antonio, TX 78258, United States",bwaechter@baptisthealthsystem.com,Bill,Waechter,Market CEO,mb,Catch-All,baptisthealthsystem-com.mail.protection.outlook.com
+1 440-449-8880,Dr. Rodney A. Green M.D. FACS,Plastic surgeon,dr-rodgreen.com,"5035 Mayfield Rd #100, Cleveland, OH 44124, United States",drgreen@dr-rodgreen.com,Rodney,Green,Owner,mb,Catch-All,aspmx.l.google.com
+1 304-842-5476,Renew Liposuction and Cosmetic Center,Plastic surgeon,renew-myself.com,"51 Southland Dr Suite 1100, Fairmont, WV 26554, United States",james@renew-myself.com,James,Holehouse,MD,mb,Catch-All,renewmyself-com01c.mail.protection.outlook.com
+1 631-424-3600,John Layliev M.D. FACS,Plastic surgeon,laylievplasticsurgery.com,"510 Broadhollow Rd #100, Melville, NY 11747, United States",john@laylievplasticsurgery.com,John,Layliev,Founder,mb,Catch-All,aspmx.l.google.com
+1 470-704-8691,MD Health Bar,Wellness center,mdhealthbar.com,"514 W Bankhead Hwy Ste 500, Villa Rica, GA 30180, United States",david@mdhealthbar.com,David,A,Business Owner,mb,Catch-All,aspmx.l.google.com
+1 314-834-1400,St. Louis Dermatology & Cosmetic Surgery,Dermatologist,cosmeticdermatologystlouis.com,"520 E Cherry St, Troy, MO 63379, United States",brandon@cosmeticdermatologystlouis.com,Brandon,Beal,Founder & CEO,mb,Catch-All,aspmx.l.google.com
+1 215-315-3197,"Dermatology of Marlton / Mohs Surgery Center, LLC",Dermatologist,dermofphilly.com,"525 NJ-73 Ste 302, Marlton, NJ 08053, United States",marka@dermofphilly.com,Mark,Abdelmalek,Founder,mb,Catch-All,aspmx.l.google.com
+1 215-315-3197,"Dermatology of Marlton / Mohs Surgery Center, LLC",Dermatologist,dermofphilly.com,"525 NJ-73 Ste 302, Marlton, NJ 08053, United States",justind@dermofphilly.com,Justin,DeVincenzo,PharmD,mb,Catch-All,aspmx.l.google.com
+1 941-297-4238,"Paul Brannan, MD: Aesthetic Eye & Surgical Arts",Cosmetic surgeon,sarasotaeyelidspecialist.com,"5310 Clark Rd Ste 106, Sarasota, FL 34233, United States",paul@sarasotaeyelidspecialist.com,Paul,Brannan,Owner,mb,Catch-All,aspmx.l.google.com
+1 631-663-4850,"Sherwin Zargaroff, MD",Urologist,nyhealth.com,"5316 Nesconset Hwy Ste 200, Port Jefferson Station, NY 11776, United States",jvacirca@nyhealth.com,Jeff,Vacirca,CEO,mb,Catch-All,mx.paubox.com
+1 832-644-5129,Angel Care Family Clinic,Walk-in clinic,angelcarefamilyclinic.com,"5330 Farm to Market 1960 Rd E suite c, Humble, TX 77346, United States",suree@angelcarefamilyclinic.com,Suree,Reynolds,Owner,mb,Catch-All,mx1-us1.ppe-hosted.com
+1 574-247-9441,"Sam Fuller, MD",Plastic surgeon,sbortho.com,"53880 Carmichael Dr, South Bend, IN 46635, United States",hmeyer-schlipp@sbortho.com,Heather,Meyer-Schlipp,Executive Director,mb,Catch-All,mxa-0077b904.gslb.pphosted.com
+1 786-902-7333,"Salomon Puyana, MD",Plastic surgeon,puyanaplasticsurgery.com,"550 Biltmore Way #120, Coral Gables, FL 33134, United States",salomon@puyanaplasticsurgery.com,Salomon,Puyana,Owner,mb,Catch-All,smtp.google.com
+1 305-443-3531,"Tal T. Roudner, MD, FACS",Plastic surgeon,talroudnerplasticsurgery.com,"550 Biltmore Way Ste #890, Coral Gables, FL 33134, United States",drtal@talroudnerplasticsurgery.com,Tal,Roudner,Founder,mb,Catch-All,aspmx.l.google.com
+1 760-322-2520,Pure Health- Palm Springs,Naturopathic practitioner,purehealthmedicine.com,"552 S Paseo Dorotea #5, Palm Springs, CA 92264, United States",corey@purehealthmedicine.com,Corey,King,Founder,mb,Catch-All,aspmx.l.google.com
+1 626-240-2020,The Dermatology Collective,Dermatologist,thedermatologycollective.com,"552 W Foothill Blvd Ste 202, Glendora, CA 91741, United States",christopher.tomassian@thedermatologycollective.com,Christopher,Tomassian,Founder,mb,Catch-All,aspmx.l.google.com
+1 832-432-1004,New You Wellness Center,Wellness center,newyouwellnesscenter.com,"5550 Long Prairie Trace, Richmond, TX 77407, United States",adriano@newyouwellnesscenter.com,Adriano,Goffi,Owner,mb,Catch-All,aspmx.l.google.com
+1 775-322-7811,"Matthew McCormack, MD",Urologist,urologynevada.com,"5560 Kietzke Ln, Reno, NV 89511, United States",sgabelich@urologynevada.com,Stephen,Gabelich,Chief Executive Officer,mb,Catch-All,mx.paubox.com
+1 212-988-9769,"Harrison H. Lee, MD, DMD, FACS",Plastic surgeon,harrisonleeplasticsurgeon.com,"568 Park Ave, New York, NY 10065, United States",beverlyhillssurgeon@yahoo.com,Harrison,Lee,Founder,mb,Catch-All,mta6.am0.yahoodns.net
+1 919-342-1413,LevityLifts by Dr. Levites,Plastic surgeon,levitylifts.com,"5720 Creedmoor Rd STE 101, Raleigh, NC 27612, United States",heather@levitylifts.com,Heather,Levites,Owner,mb,Catch-All,aspmx.l.google.com
+1 470-900-3223,Thomas Walker MD FACS,Plastic surgeon,thomaswalkermd.com,"5730 Glenridge Dr, Atlanta, GA 30328, United States",thomas@thomaswalkermd.com,Thomas,Walker,Owner,mb,Catch-All,aspmx.l.google.com
+1 615-656-3558,Tennessee Alternative Medicine,Wellness center,tnaltmed.com,"574 Franklin Rd #200, Franklin, TN 37069, United States",carolyn@tnaltmed.com,Carolyn,Maxfield,Owner,mb,Catch-All,aspmx.l.google.com
+1 843-972-3122,"Ram Kalus, MD | Charleston Plastic Surgeon",Plastic surgeon,mtpleasantplasticsurgery.com,"578 Lone Tree Dr, Mt Pleasant, SC 29464, United States",ram@drkalus.com,Ram,Kalus,Founder,mb,Catch-All,aspmx.l.google.com
+1 626-285-0508,Premier Cosmetic Surgery & Med Spa,Plastic surgeon,premiercosmeticla.com,"59 Las Tunas Dr, Arcadia, CA 91007, United States",arthur@premiercosmeticla.com,Arthur,Yu,Owner,mb,Catch-All,aspmx.l.google.com
+1 402-489-4700,"Prairie Orthopaedic and Plastic Surgery, PC--North Location",Orthopedic clinic,prairie-ortho.com,"5901 N 28th St, Lincoln, NE 68504, United States",khejtmanek@prairie-ortho.com,Kevin,Hejtmanek,CEO,mb,Catch-All,d160034a.ess.barracudanetworks.com
+1 415-381-6661,David A Laub MD,Dermatologist,laubdermatology.com,"591 Redwood Hwy, Mill Valley, CA 94941, United States",laubmd@aol.com,David,Laub,Owner,mb,Catch-All,mx-aol.mail.gm0.yahoodns.net
+1 703-596-1915,Thrive Naturopathic,Naturopathic practitioner,thrivenaturopathic.com,"6013 Tower Ct, Alexandria, VA 22304, United States",christopher@thrivenaturopathic.com,Christopher,Johnson,Founder & Owner,mb,Catch-All,mx2.paubox.com
+1 704-900-0487,CODA Wellness NC,Wellness center,codawellnessnc.com,"610 Jetton St #210, Davidson, NC 28036, United States",rachel@codawellnessnc.com,Rachel,Pritchard,Co-Founder,mb,Catch-All,codawellnessnc-com.mail.protection.outlook.com
+1 704-900-0487,CODA Wellness NC,Wellness center,codawellnessnc.com,"610 Jetton St #210, Davidson, NC 28036, United States",stephenie@codawellnessnc.com,Stephenie,Backes,Practice Manager,mb,Catch-All,codawellnessnc-com.mail.protection.outlook.com
+1 704-682-6644,Holistic wellness center with cryotherapy and integrative therapies,Health spa,womenswellnesscenter.net,"611 Sullivan Rd, Statesville, NC 28677, United States",l.womenswellness4life@yahoo.com,Julie,Walker,Owner,mb,Catch-All,mta5.am0.yahoodns.net
+1 520-797-8885,Skin Spectrum Dermatology Tucson,Dermatologist,skinspectrum.com,"6127 N La Cholla Blvd #101, Tucson, AZ 85741, United States",jody@skinspectrum.com,Jody,Comstock,Founder,mb,Catch-All,d170187a.ess.barracudanetworks.com
+1 251-943-9355,enrG Wellness,Wellness center,enrgwellness.com,"620 N McKenzie St Ste 200, Foley, AL 36535, United States",janet.baker@enrgwellness.com,Janet,Baker,Owner,mb,Catch-All,enrgwellness-com.mail.protection.outlook.com
+1 901-348-0777,"Williams Surgical Arts and Aesthetics, PLLC",Cosmetic surgeon,williamssurgicalarts.com,"6263 Poplar Ave Ste 375, Memphis, TN 38119, United States",mwilliams@williamssurgicalarts.com,Micheal,Williams,Founder,mb,Catch-All,d270907b.ess.barracudanetworks.com
+1 301-698-2424,The Cosmetic & Skin Surgery Center,Dermatologist,frederickcosmeticsurgery.com,"63 Thomas Johnson Dr Ste b, Frederick, MD 21702, United States",m.warner@frederickcosmeticsurgery.com,Michael,Warner,Practice Owner,mb,Catch-All,cosmeticskin.in.tmes.trendmicro.com
+1 646-851-2607,"Frank Lalezar, MD",Plastic surgeon,drlalezar.com,"635 Madison Ave 17th floor, Suite 1A, New York, NY 10022, United States",frank@drlalezar.com,Frank,Lalezar,Owner,mb,Catch-All,aspmx.l.google.com
+1 212-535-1470,Plastic Surgery NYC: Dr. Gordon Andan New York Surgical Arts,Plastic surgeon,nysurgicalarts.com,"635 Madison Ave 4th floor, New York, NY 10022, United States",gordon@nysurgicalarts.com,Gordon,Andan,Founder,mb,Catch-All,nysurgicalarts-com.mail.protection.outlook.com
+1 503-692-7222,Gorin Plastic Surgery and Med Spa,Plastic surgeon,gorinplasticsurgery.com,"6464 SW Borland Rd Ste B1, Tualatin, OR 97062, United States",drgorin@gorinplasticsurgery.com,Aaron,Gorin,Founder & Owner,mb,Catch-All,mx.ipower.com
+1 503-692-7222,Gorin Plastic Surgery and Med Spa,Plastic surgeon,gorinplasticsurgery.com,"6464 SW Borland Rd Ste B1, Tualatin, OR 97062, United States",shelbi.janku@gorinplasticsurgery.com,Shelbi,Janku,Practice Manager,mb,Catch-All,mx.ipower.com
+1 916-571-5200,"University Skin Institute/Pantea Hashemi, MD",Dermatologist,universityskininstitute.com,"650 University Ave #200, Sacramento, CA 95825, United States",pantea.hashemi@universityskininstitute.com,Pantea,Hashemi,Founder,mb,Catch-All,universityskininstitute-com.mail.protection.outlook.com
+1 888-694-8776,IV-PROFUSION,Health spa,iv-profusion.com,"655 W Arrow Hwy Unit 38, San Dimas, CA 91773, United States",john@iv-profusion.com,John,Kalugdan,Manager,mb,Catch-All,aspmx.l.google.com
+1 561-886-1000,"David Bogue, MD Plastic Surgery",Plastic surgeon,drbogue.com,"660 Glades Rd Ste 380, Boca Raton, FL 33431, United States",drbogue@drbogue.com,David,Bogue,Owner,mb,Catch-All,smtp.secureserver.net
+1 716-845-2300,"Vishal Gupta, MD",Plastic surgeon,roswellpark.org,"665 Elm St, Buffalo, NY 14203, United States",annie.deck-miller@roswellpark.org,Annie,Deck-Miller,Director of Public Relations,mb,Catch-All,mx1.roswellpark.iphmx.com
+1 716-845-2300,"Vishal Gupta, MD",Plastic surgeon,roswellpark.org,"665 Elm St, Buffalo, NY 14203, United States",candace.johnson@roswellpark.org,Candace,Johnson,President & CEO,mb,Catch-All,mx2.roswellpark.iphmx.com
+1 801-577-9977,Elovate Hyperbarics,Wellness center,elovatehyperbarics.com,"6800 S Highland Dr Ste 200, Cottonwood Heights, UT 84121, United States",coryn@elovatehyperbarics.com,Coryn,Carver,Founder,mb,Catch-All,smtp.google.com
+1 703-278-3303,Sculpt Aesthetics & Plastic Surgery Mclean,Plastic surgeon,sculptaestheticsva.com,"6849 Old Dominion Dr, McLean, VA 22101, United States",gilad@sculptaestheticsva.com,Gilad,Segev,Founder,mb,Catch-All,d334068a.ess.barracudanetworks.com
+1 951-202-2340,California Naturopathic Clinic,Naturopathic practitioner,calnc.com,"6860 Brockton Ave Ste 6, Riverside, CA 92506, United States",dr.dzvonick@calnc.com,Bryan,Dzvonick,Founder,mb,Catch-All,aspmx.l.google.com
+1 248-557-7788,Griffin Plastic Surgery,Plastic surgeon,griffinplasticsurgery.com,"6900 Orchard Lake Rd #105, West Bloomfield Township, MI 48322, United States",delorean@griffinplasticsurgery.com,DeLorean,Griffin,Founder,mb,Catch-All,aspmx.l.google.com
+1 952-234-3239,Evolvd Aesthetics,Health spa,getevolvd.com,"6906 153rd St W Ste 201, Apple Valley, MN 55124, United States",jessica@getevolvd.com,Jessica,Greichunos,Founder,mb,Catch-All,smtp.google.com
+1 914-703-7064,ACTIV8 Total Wellness,Health spa,activ8totalwellness.com,"695 Dutchess Turnpike Ste 112, Poughkeepsie, NY 12603, United States",rwilliams@activ8totalwellness.com,Rafeeqa,Williams,CEO,mb,Catch-All,aspmx.l.google.com
+1 636-778-2233,SubZero Wellness,Wellness center,subzero-wellness.com,"703 Long Rd Crossing Dr #5, Chesterfield, MO 63005, United States",megan.sanders@subzero-wellness.com,Megan,Sanders,Owner,mb,Catch-All,smtp.secureserver.net
+1 757-522-3223,"J Marshall Green III, MD",Plastic surgeon,theaestheticface.com,"703 Thimble Shoals Blvd B-3, Newport News, VA 23606, United States",drg@theaestheticface.com,J Marshall,Green III,Owner,mb,Catch-All,aspmx.l.google.com
+1 612-232-5435,Eva Nyrie Garrett Certified Naturopath / Master Herbalist,Naturopathic practitioner,naturalmeapothecary.com,"707 N 42nd Ave STE A, Minneapolis, MN 55412, United States",eva.waddell@yahoo.com,Eva,Garrett,Founder,mb,Catch-All,mta5.am0.yahoodns.net
+1 617-738-8642,Boston Orthopaedic & Spine - Waltham | Orthopedic Walk-In Clinic Open on Saturdays,Orthopedic clinic,bostonorthoandspine.com,"71 Border Rd Ste 200, Waltham, MA 02451, United States",lhuml@mybostonortho.com,LeighAnn,Huml,CEO,mb,Catch-All,d360622a.ess.barracudanetworks.com
+1 518-674-9060,K Plastic Surgery,Plastic surgeon,kplasticsurgery.com,"711 Troy-Schenectady Rd #206, Latham, NY 12110, United States",sanjiv@kplasticsurgery.com,Sanjiv,Kayastha,Owner,mb,Catch-All,aspmx.l.google.com
+1 407-418-5556,CMC Health and Wellness,Wellness center,wellnesscmc.com,"7151 University Blvd Suite 120, Winter Park, FL 32792, United States",paola@wellnesscmc.com,Paola,,Owner,mb,Catch-All,wellnesscmc-com.mail.protection.outlook.com
+1 410-999-8584,Bridge Surgical Arts,Cosmetic surgeon,bridgesurgicalarts.com,"7226 Lee Deforest Dr Ste 205, Columbia, MD 21046, United States",ahmed@bridgesurgicalarts.com,Ahmed,Tamim,Owner,mb,Catch-All,bridgesurgicalarts-com.mail.protection.outlook.com
+1 786-245-7622,Pure Plastic Surgery,Plastic surgeon,advital.app,"7265 SW 93rd Ave STE 201, Miami, FL 33173, United States",karrah@advital.app,Karrah,Wiese,AI & Automation Expert,mb,Catch-All,aspmx.l.google.com
+1 786-245-7622,Pure Plastic Surgery,Plastic surgeon,advital.app,"7265 SW 93rd Ave STE 201, Miami, FL 33173, United States",shitel@advital.app,Shitel,Patel,CEO,mb,Catch-All,aspmx.l.google.com
+1 212-879-7900,"740 Park Plastic Surgery: Stafford R. Broumand, MD, FACS",Plastic surgeon,plasticsurgeonsnyc.com,"740 Park Ave, New York, NY 10021, United States",stafford@plasticsurgeonsnyc.com,Stafford,Broumand,Owner,mb,Catch-All,smtp.google.com
+1 801-300-9992,Reenew Wellness Center,Wellness center,reenewenergy.com,"750 S Main St Ste 101, Bountiful, UT 84010, United States",cindy@reenewenergy.com,Cindy,Toone,CEO & Founder,mb,Catch-All,ASPMX.L.GOOGLE.com
+1 314-725-6767,The Center For Mind Body & Spirit,Wellness center,centerformindbodyspirit.com,"7649 Delmar Blvd, St. Louis, MO 63130, United States",dzorensky@centerformindbodyspirit.com,Deborah,Zorensky,Owner,mb,Catch-All,ASPMX.L.GOOGLE.com
+1 203-792-4151,Dermatology Associates of Western Connecticut PC,Dermatologist,dermwestconn.com,"77 Main St N Ste 107, Southbury, CT 06488, United States",bmcneiece@dermwestconn.com,Brenda,McNeiece,Interim Office Manager,mb,Catch-All,dermwestconn.com.1.0001.arsmtp.com
+1 203-792-4151,Dermatology Associates of Western Connecticut PC,Dermatologist,dermwestconn.com,"77 Main St N Ste 107, Southbury, CT 06488, United States",azalka@dermwestconn.com,Alicia,Zalka,President,mb,Catch-All,dermwestconn.com.1.0001.arsmtp.com
+1 541-388-1022,Northwest Cosmetic Surgery: Dr. Amanda K. Nelson MD FACS,Plastic surgeon,northwestcosmeticsurgery.com,"777 SW Mill View Way #100, Bend, OR 97702, United States",amanda@northwestcosmeticsurgery.com,Amanda,Nelson,Owner,mb,Catch-All,northwestcosmeticsurgery-com.mail.protection.outlook.com
+1 972-895-8866,"Huay-Zong Law, MD - Law Plastic Surgery",Plastic surgeon,lawplasticsurgery.com,"7777 Forest Ln Suite C-528, Dallas, TX 75230, United States",dr.law@lawplasticsurgery.com,Huay-Zong,Law,Founder,mb,Catch-All,mxb.mailgun.org
+1 951-992-2723,Ohana Wellness & Spa,Wellness center,ohanacryo.com,"7891 Mission Grove Pkwy S Ste B, Riverside, CA 92508, United States",derek@ohanacryo.com,Derek,,Business Owner,mb,Catch-All,ohanacryo-com.mail.protection.outlook.com
+1 914-449-6720,Alessi Medical Spa,Plastic surgeon,alessicosmeticsurgery.com,"8 Martine Ave, White Plains, NY 10606, United States",anthony@alessicosmeticsurgery.com,Anthony,Alessi,Founder,mb,Catch-All,alessicosmeticsurgery-com.mail.protection.outlook.com
+1 321-375-3974,Studio79 Wellness Spa,Wellness center,studio79fl.com,"800 Celebration Ave #104, Kissimmee, FL 34747, United States",sonia@studio79fl.com,Sonia,,Owner,mb,Catch-All,ASPMX.L.GOOGLE.com
+1 703-217-1156,F3 Wellness Connections,Wellness program,f3wellnessconnections.com,"800 P St NW, Washington, DC 20001, United States",glenn@f3wellnessconnections.com,Glenn,Seth,Co-Founder,mb,Catch-All,aspmx.l.google.com
+1 703-217-1156,F3 Wellness Connections,Wellness program,f3wellnessconnections.com,"800 P St NW, Washington, DC 20001, United States",sarah@f3wellnessconnections.com,Sarah,Seth,Founder,mb,Catch-All,aspmx.l.google.com
+1 212-231-9897,Zuckerman Plastic Surgery,Plastic surgeon,zuckermanplasticsurgery.com,"800A 5th Ave Suite 101, New York, NY 10065, United States",drzuckerman@zuckermanplasticsurgery.com,Joshua,Zuckerman,Surgical Director,mb,Catch-All,aspmx.l.google.com
+1 215-579-6155,Yardley Dermatology Associates,Dermatologist,yardleyderm.com,"805 Floral Vale Boulevard 805 Floral Vale Boulevard, 908 Floral Vale Boulevaurd, Yardley, PA 19067, United States",dermshrink@aol.com,Richard,Fried,Founder,mb,Catch-All,mx-aol.mail.gm0.yahoodns.net
+1 330-758-9189,Lloyd Dermatology Center,Dermatologist,lloyd-derm.com,"8060 Market St, Youngstown, OH 44512, United States",jrl@lloyd-derm.com,Jenifer,Lloyd,Owner,mb,Catch-All,d327480a.ess.barracudanetworks.com
+1 330-758-9189,Lloyd Dermatology Center,Dermatologist,lloyd-derm.com,"8060 Market St, Youngstown, OH 44512, United States",barbara@lloyd-derm.com,Barbara,Allison,Privacy Officer,mb,Catch-All,d327480a.ess.barracudanetworks.com
+1 712-224-9355,Thrive Wellness Center,Health spa,thrivewellnesscenter.net,"819A Gordon Dr, Sioux City, IA 51101, United States",damon@thrivewellnesscenter.net,Damon,Peirce,Owner,mb,Catch-All,thrivewellnesscenter-net.mail.protection.outlook.com
+1 214-631-7546,Dallas Center for Dermatology and Aesthetics,Dermatologist,dallascosmeticderm.com,"8201 Preston Rd #350, Dallas, TX 75225, United States",lstetler@dallascosmeticderm.com,Lori,Stetler,Founder,mb,Catch-All,dallascosmeticderm-com.mail.protection.outlook.com
+1 305-456-3666,"Dr. Benjamin Liliav, MD",Plastic surgeon,realself.com,"825 Brickell Bay Dr STE 1845, Miami, FL 33131, United States",minou.clark@realself.com,Minou,Clark,CEO,mb,Catch-All,mxb.global.inbound.cf-emailsecurity.net
+1 781-730-3270,Hormonally Balanced,Women's health clinic,hormonallybalanced.com,"83 Cambridge St Ste 1C, Burlington, MA 01803, United States",mray@hormonallybalanced.com,Mike,Ray,Privacy Officer,mb,Catch-All,ASPMX.L.GOOGLE.com
+1 615-410-3676,Webb Aesthetic Plastic Surgery & Med Spa,Plastic surgeon,drshaynewebb.com,"836 N Thompson Ln #2a, Murfreesboro, TN 37129, United States",shayne.webb@drshaynewebb.com,Shayne,Webb,Founder,mb,Catch-All,aspmx.l.google.com
+1 480-674-3295,Summit View Dermatology,Dermatologist,summitviewdermatology.com,"8405 E Baseline Rd Ste 104, Mesa, AZ 85209, United States",michael@summitviewdermatology.com,Michael,Lehrer,Founder,mb,Catch-All,aspmx.l.google.com
+1 336-747-3737,Cooper Scurry Facial Plastic Surgery,Plastic surgeon,cooperscurrymd.com,"855 Bethesda Rd SW, Winston-Salem, NC 27103, United States",cooperscurrymd@cooperscurrymd.com,Cooper,Scurry,Founder,mb,Catch-All,cooperscurrymd-com.mail.protection.outlook.com
+1 318-698-8711,Dr. Kenneth Sanders Facial Plastic Surgery,Plastic surgeon,drkennethsanders.com,"8711 Line Ave, Shreveport, LA 71106, United States",drsanders@drkennethsanders.com,Kenneth,Sanders,Founder,mb,Catch-All,aspmx.l.google.com
+1 225-766-1899,Dr. Jenna M. Bourgeois MD,Plastic surgeon,bourgeoisplasticsurgery.com,"8777 Bluebonnet Blvd Ste a, Baton Rouge, LA 70810, United States",jbourgeois@bourgeoisplasticsurgery.com,Jenna,Bourgeois,Owner,mb,Catch-All,bourgeoisplasticsurgery-com.mail.protection.outlook.com
+1 480-614-3535,"Deborah White, M.D.",Plastic surgeon,drwhiteplasticsurgery.com,"8896 E Becker Ln # 104, Scottsdale, AZ 85260, United States",susan@drwhiteplasticsurgery.com,Susan,Weinstein,Administrator,mb,Catch-All,drwhiteplasticsurgery-com.mail.protection.outlook.com
+1 386-873-4560,Serenity Wellness and Family Practice,Wellness center,serenitywellnessfamilypractice.com,"890 N Boundary Ave #101, DeLand, FL 32720, United States",michelle@serenitywellnessfamilypractice.com,Michelle,Tutt,Owner,mb,Catch-All,serenitywellnessfamilypractice-com.mail.protection.outlook.com
+1 203-693-1429,Healing Duo Integrative Family Medical Practice,Naturopathic practitioner,thehealingduo.com,"9 Mott Ave Ste 203, Norwalk, CT 06850, United States",nelsong@thehealingduo.com,Giovanni,Nelson,Co-Founder and Chief Medical Officer,mb,Catch-All,smtp.google.com
+1 203-693-1429,Healing Duo Integrative Family Medical Practice,Naturopathic practitioner,thehealingduo.com,"9 Mott Ave Ste 203, Norwalk, CT 06850, United States",drpam@thehealingduo.com,Pamela,Santapaola,Cofounder,mb,Catch-All,smtp.google.com
+1 978-927-1500,Aesthetic Plastic Surgery North Shore,Plastic surgeon,plasticsurgerynorth.com,"900 Cummings Center Ste 301U, Beverly, MA 01915, United States",ahadaegh@plasticsurgerynorth.com,Anoush,Hadaegh,Founder,mb,Catch-All,aspmx.l.google.com
+1 817-442-8900,Southlake Plastic Surgery,Plastic surgeon,southlakeplasticsurgery.com,"900 E Southlake Blvd #100, Southlake, TX 76092, United States",mmason@southlakeplasticsurgery.com,Mark,Mason,Founder,mb,Catch-All,d319638b.ess.barracudanetworks.com
+1 610-474-2767,Plastic Surgery Solutions,Plastic surgeon,plasticsurgerysolutions.com,"900 Heritage Dr Ste 920, Sanatoga, PA 19464, United States",amy@plasticsurgerysolutions.com,Amy,Prough,Office Manager and Patient Coordinator,mb,Catch-All,aspmx.l.google.com
+1 610-474-2767,Plastic Surgery Solutions,Plastic surgeon,plasticsurgerysolutions.com,"900 Heritage Dr Ste 920, Sanatoga, PA 19464, United States",john@plasticsurgerysolutions.com,John,Louis,Plastic Surgeon & Practice Owner,mb,Catch-All,aspmx.l.google.com
+1 310-372-4397,Be Spa,Spa and health club,bespaclub.com,"901 N Catalina Ave #102, Redondo Beach, CA 90277, United States",michael@bespaclub.com,Michael,,Owner,mb,Catch-All,aspmx.l.google.com
+1 415-562-4670,"Raj Dedhia, MD Facial Plastic Surgery",Plastic surgeon,rdface.com,"909 Hyde St Ste 602, San Francisco, CA 94109, United States",raj@rdface.com,Raj,Dedhia,Owner,mb,Catch-All,smtp.google.com
+1 954-533-8029,Cosmetic and Reconstructive Specialists of Florida PLLC,Plastic surgeon,crsplasticsurgery.com,"910 NE 26th Ave, Fort Lauderdale, FL 33304, United States",christopher@crsplasticsurgery.com,Christopher,Low,Co-Founder,mb,Catch-All,aspmx.l.google.com
+1 469-249-9615,Dr. Yash Plastic Surgery,Plastic surgeon,dryashplasticsurgery.com,"9101 N Central Expy Suite 560, Dallas, TX 75231, United States",dr@dryashplasticsurgery.com,Yash,Avashia,Founder,mb,Catch-All,dryashplasticsurgery-com.mail.protection.outlook.com
+1 469-656-1325,Wellness Lifestyle Partners,Wellness center,wellnesslifestylepartners.com,"915 W Exchange Pkwy ste 210a, Allen, TX 75013, United States",tariq@wellnesslifestylepartners.com,Tariq,Mallick,Co-Founder,mb,Catch-All,aspmx.l.google.com
+1 610-519-0600,Lohner Plastic Surgery,Plastic surgeon,lohnerplasticsurgery.com,"919 Conestoga Rd Bldg One Suite 200, Bryn Mawr, PA 19010, United States",drlohner@aol.com,Ronald,Lohner,Owner,mb,Catch-All,mx-aol.mail.gm0.yahoodns.net
+1 925-281-2280,"East Bay Aesthetic Surgery: Eric P. Bachelor, MD, FACS",Plastic surgeon,ericpbachelormd.com,"919 San Ramon Valley Blvd #150, Danville, CA 94526, United States",lisa@ericpbachelormd.com,Lisa,,Manager,mb,Catch-All,ericpbachelormd-com.mail.protection.outlook.com
+1 925-281-2280,"East Bay Aesthetic Surgery: Eric P. Bachelor, MD, FACS",Plastic surgeon,ericpbachelormd.com,"919 San Ramon Valley Blvd #150, Danville, CA 94526, United States",eric@ericpbachelormd.com,Eric,Bachelor,President,mb,Catch-All,ericpbachelormd-com.mail.protection.outlook.com
+1 918-994-4100,"Brian D. Kent, M.D.",Plastic surgeon,briankentmd.com,"9206 S Toledo Ave #150, Tulsa, OK 74137, United States",bdkentmd@yahoo.com,Brian,Kent,Owner,mb,Catch-All,mta5.am0.yahoodns.net
+1 713-467-0102,"Rafi S. Bidros, MD, FACS",Plastic surgeon,mybodymd.com,"929 Gessner Rd Ste 2250, Houston, TX 77024, United States",drbidros@mybodymd.com,Rafi,Bidros,Owner,mb,Catch-All,mybodymd-com.mail.protection.outlook.com
+1 541-585-0505,Evergreen Oculofacial Plastic Surgery,Plastic surgeon,evergreenops.com,"929 SW Simpson Ave Ste 250, Bend, OR 97702, United States",hello@evergreenops.com,Tara,Goecks,Founder,mb,Catch-All,aspmx.l.google.com
+1 916-461-9828,At Your Best Wellness & Aesthetics Nursing Corp,Wellness center,atyourbestwellness.com,"9291 Laguna Springs Dr #110, Elk Grove, CA 95758, United States",latasha@atyourbestwellness.com,LaTasha,Griffin,Founder,mb,Catch-All,aspmx.l.google.com
+1 617-868-0756,Om Namo Holistic Health Center,Wellness center,omnamocenter.com,"93 Trapelo Rd, Belmont, MA 02478, United States",santosh@omnamocenter.com,Santosh,Karmacharya,Founder and Owner,mb,Catch-All,smtp.GOOGLE.com
+1 214-522-7733,Texas Eye Plastics,Plastic surgeon,texaseyeplastics.com,"9301 N Central Expy tower 2 suite 595, Dallas, TX 75225, United States",grantg1@sbcglobal.net,Grant,Gilliland,Founder,mb,Catch-All,mx-att.mail.am0.yahoodns.net
+1 480-767-7700,"John J. Corey, MD",Plastic surgeon,doctorcorey.com,"9377 E Bell Rd #367, Scottsdale, AZ 85260, United States",corey_md@yahoo.com,John,Corey,Owner,mb,Catch-All,mta5.am0.yahoodns.net
+1 405-310-6767,Genesis Plastic Surgery & Medical Spa,Plastic surgeon,genesisokc.com,"940 Wall St Ste 110, Norman, OK 73069, United States",tpanchal@genesisokc.com,Tracy,Panchal,Practice Coordinator,mb,Catch-All,genesisokc-com.mail.protection.outlook.com
+1 210-670-5302,"Alamo Plastic Surgery - Dr. William Albright, MD",Plastic surgeon,alamoplasticsurgery.com,"941 Proton Rd, San Antonio, TX 78258, United States",william@alamoplasticsurgery.com,William,Albright,Owner,mb,Catch-All,aspmx.l.google.com
+1 502-897-9411,"Julene B. Samuels MD, FACS",Plastic surgeon,awomanstouchmd.com,"9419 Norton Commons Blvd #101, Prospect, KY 40059, United States",bjolly@awomanstouchmd.com,Brittney,Jolly,Nursing Manager,mb,Catch-All,awomanstouchmd-com.mx1.arsmtp.com
+1 502-897-9411,"Julene B. Samuels MD, FACS",Plastic surgeon,awomanstouchmd.com,"9419 Norton Commons Blvd #101, Prospect, KY 40059, United States",jsamuels@awomanstouchmd.com,Julene,Samuels,Owner,mb,Catch-All,awomanstouchmd-com.mx1.arsmtp.com
+1 310-205-9500,Gabbay Plastic Surgery,Plastic surgeon,gabbayplasticsurgery.com,"9454 Wilshire Blvd STE 710, Beverly Hills, CA 90212, United States",joubin@gabbayplasticsurgery.com,Joubin,Gabbay,Founder,mb,Catch-All,gabbayplasticsurgery-com.mail.protection.outlook.com
+1 407-674-1396,Plastic Surgery Central Florida,Plastic surgeon,plasticsurgerycentralflorida.com,"95 W Kaley St, Orlando, FL 32806, United States",richard@plasticsurgerycentralflorida.com,Richard,Arabitg,Founder,mb,Catch-All,plasticsurgerycentralflorida.com.1.0001.arsmtp.com
+1 310-273-1663,"Jay S. Orringer, MD, FACS",Plastic surgeon,drorringer.com,"9675 Brighton Way # B, Beverly Hills, CA 90210, United States",jorringer1@aol.com,Jay,Orringer,Business Owner,mb,Catch-All,mx-aol.mail.gm0.yahoodns.net
+1 310-275-4513,Dr. Stuart Linder,Plastic surgeon,drlinder.com,"9675 Brighton Way Suite 420, Beverly Hills, CA 90210, United States",stuart@drlinder.com,Stuart,Linder,Owner,mb,Catch-All,aspmx.l.google.com
+1 801-878-4774,"Nevaeh, LLC",Wellness center,sandynevaeh.com,"9829 S 1300 E STE 303, Sandy, UT 84092, United States",sandy@sandynevaeh.com,Sandy,Peters,Owner,mb,Catch-All,aspmx.l.google.com
+1 858-657-0267,Coastal Medical & Cosmetic Dermatology,Dermatologist,coastaldermonline.com,"9850 Genesee Ave #850, La Jolla, CA 92037, United States",darrell@coastaldermonline.com,Darrell,Gonzales,Founder,mb,Catch-All,coastaldermonline-com.mail.protection.outlook.com
+1 904-233-4314,Dr. Rebecca Glasser,Plastic surgeon,rebeccaglassermd.com,"Aero Studios, 2412 Patterson Rd STE 8, Grand Junction, CO 81505, United States",rebeccaglasser1@yahoo.com,Rebecca,Glasser,Owner,mb,Catch-All,mta6.am0.yahoodns.net
+1 312-787-5313,Dr. Otto Placik | Chicago Plastic Surgeon,Plastic surgeon,bodysculptor.com,"Located within Sisram Wellness Center, 215 N Peoria St Ste 100 #1, Chicago, IL 60607, United States",otto@bodysculptor.com,Otto,Placik,President,mb,Catch-All,bodysculptor-com.mail.protection.outlook.com
+1 404-446-0044,Aesthera Plastic Surgery by Dr. CV Chegireddy,Plastic surgeon,aestheraplasticsurgery.com,"Medical Center, 2021 Peachtree Rd Ste 325, Atlanta, GA 30309, United States",vishwanath@aestheraplasticsurgery.com,Vishwanath,Chegireddy,Founder,mb,Catch-All,aspmx.l.google.com
+1 314-474-7366,Arch Dermatology,Dermatologist,archdermatology.com,"North Medical Building, 12255 De Paul Dr Suite 770, Bridgeton, MO 63044, United States",hesselerm@archdermatology.com,Michael,Hesseler,Business Owner,mb,Catch-All,aspmx.l.google.com
+1 508-754-3823,Worcester Dermatology Associates,Dermatologist,worcesterderm.com,"100 Martin Luther King Jr Blvd, Worcester, MA 01608, United States",skates@worcesterderm.com,Seth,Kates,Founder,mb,Catch-All,aspmx.l.google.com
+1 561-499-9339,Steiger Facial Plastic Surgery: Dr. Jacob D. Steiger,Plastic surgeon,drsteiger.com,"1001 N Federal Hwy, Boca Raton, FL 33432, United States",jacob@drsteiger.com,Jacob,Steiger,Founder,mb,Catch-All,aspmx.l.google.com
+1 417-336-0033,Dermatology & Mohs Surgery Skin Cancer Center,Dermatologist,dermatologyandmohssurgery.com,"10101 Stoltz Dr, Rolla, MO 65401, United States",adrienne@dermatologyandmohssurgery.com,Adrienne,Schupbach,Founder,mb,Catch-All,aspmx.l.google.com
+1 706-766-9020,Horizons Plastic Surgery,Plastic surgeon,horizonsplasticsurgery.com,"1013 N 5th Ave, Rome, GA 30165, United States",drw@horizonsplasticsurgery.com,G. Marc,Wetherington,Owner,mb,Catch-All,mx1-us1.ppe-hosted.com
+1 757-410-5462,Synergy Integrative Medicine Center,Wellness center,synergymedicalcenter.com,"1036 Volvo Pkwy, Chesapeake, VA 23320, United States",rebecca@synergymedicalcenter.com,Rebecca,Ryder,Co-Founder,mb,Catch-All,synergymedicalcenter-com.mail.protection.outlook.com
+1 757-491-3535,"Michael J. Denk, MD, FACS",Plastic surgeon,drmichaeldenk.com,"1037 First Colonial Rd, Virginia Beach, VA 23454, United States",michael@drmichaeldenk.com,Michael,Denk,Owner,mb,Catch-All,aspmx.l.google.com
+1 308-270-0296,MY Wellness Center,Wellness center,mywellnesscenterees.com,"104 3rd Ave Ste B, Kearney, NE 68845, United States",sara@mywellnesscenterees.com,Sara,Baldonado,Co-Owner,mb,Catch-All,aspmx.l.google.com
+1 602-485-1010,"John W. Bass, M.D.",Plastic surgeon,jwbass.com,"10910-11230, 10930 N Tatum Blvd #C-101, Phoenix, AZ 85028, United States",john@jwbass.com,John,Bass,Owner,mb,Catch-All,d214110a.ess.barracudanetworks.com
+1 240-608-4806,Shaestheticsss,Spa and health club,shataylor.com,"11 W Patrick St Suite 4, Frederick, MD 21701, United States",sha@shaestheticsss.com,Sha,Taylor,Owner,mb,Catch-All,aspmx.l.google.com
+1 206-624-6200,The Seattle Facial Plastic Surgery Center,Plastic surgeon,seattlefacial.com,"1101 Madison St #1280, Seattle, WA 98104, United States",william@seattlefacial.com,William,Portuese,Owner,mb,Catch-All,aspmx.l.google.com
+1 360-947-2111,Healing Air Hyperbarics,Wellness center,wellnessathealingair.com,"11015 NE Fourth Plain Blvd, Vancouver, WA 98662, United States",cheryle@wellnessathealingair.com,Cheryle,Orefice,Owner,mb,Catch-All,wellnessathealingair-com.mail.protection.outlook.com
+1 202-394-3849,DiscovHER Health,Women's health clinic,discovherhealth.com,"113 Oronoco St, Alexandria, VA 22314, United States",jenna@discovherhealth.com,Jenna,Perkins,"CEO, Founder",mb,Catch-All,aspmx.l.google.com
+1 480-219-1010,East Valley Urology Center - Queen Creek,Urology clinic,evucenter.com,"1155 Combs Rd Ste 105, Queen Creek, AZ 85140, United States",rahul@evucenter.com,Rahul,Mehan,Founder and CEO,mb,Catch-All,evucenter-com.mail.protection.outlook.com
+1 713-932-7290,Derek C. Lou M.D,Plastic surgeon,louplasticsurgery.com,"1155 Dairy Ashford Rd Suite 610, Houston, TX 77079, United States",derek@louplasticsurgery.com,Derek,Lou,Owner,mb,Catch-All,mx-biz.mail.am0.yahoodns.net
+1 516-365-3511,"Dr. Arnold S. Breitbart, MD",Plastic surgeon,drbreitbart.com,"1155 Northern Blvd Ste 110, Manhasset, NY 11030, United States",arnold@drbreitbart.com,Arnold,Breitbart,Owner,mb,Catch-All,drbreitbart-com.mail.protection.outlook.com
+1 561-552-9933,Peach Body Club,Wellness center,peachbodyclub.com,"12 SE 1st Ave Unit 102, Delray Beach, FL 33444, United States",maria@peachbodyclub.com,Maria,Bobrovskaya,Owner,mb,Catch-All,aspmx.l.google.com
+1 512-870-8383,Skyline Dermatology,Dermatologist,skylinedermtx.com,"120 Chris Kelley Blvd Suite 100, Hutto, TX 78634, United States",johnny@skylinedermtx.com,Johnny,Zhao,Founder,mb,Catch-All,skylinedermtx-com.mail.protection.outlook.com
+1 541-246-9646,"Reza Najafian, MD",Plastic surgeon,najafianmd.com,"1200 Executive Pkwy #300, Eugene, OR 97401, United States",alireza@najafianmd.com,Alireza,Najafian,Owner,mb,Catch-All,aspmx.l.google.com
+1 574-213-6500,OSMC Walk-In Clinic in Granger - Mishawaka,Orthopedic clinic,osmc.com,"1202 E University Dr, Granger, IN 46530, United States",wstevenson@osmc.com,Willis,Stevenson,Board President,mb,Catch-All,osmc.in.tmes.trendmicro.com
+1 574-213-6500,OSMC Walk-In Clinic in Granger - Mishawaka,Orthopedic clinic,osmc.com,"1202 E University Dr, Granger, IN 46530, United States",dgartee@osmc.com,Dan,Gartee,CEO,mb,Catch-All,osmc.in.tmes.trendmicro.com
+1 281-501-1812,Livingston Plastic Surgery- Chris Livingston MD,Plastic surgeon,drchrislivingston.com,"12121 Richmond Ave # 317, Houston, TX 77082, United States",chris@drchrislivingston.com,Chris,Livingston,Owner,mb,Catch-All,aspmx.l.google.com
+1 801-852-9560,Mark Jensen Plastic Surgery,Plastic surgeon,markjensenmd.com,"1248 E 90 N STE 103, American Fork, UT 84003, United States",mjplasticsurgery@utahsurgical.com,Mark,Jensen,Owner,mb,Catch-All,mx1.mtaroutes.com
+1 772-778-2009,The Orthopaedic Center of Vero Beach,Orthopedic clinic,orthocentervb.com,"1285 36th St #100, Vero Beach, FL 32960, United States",carldilella@yahoo.com,Carl,DiLella,Founder,mb,Catch-All,mta7.am0.yahoodns.net
+1 336-333-9111,Dr. John H. Hall Jr MD,Dermatologist,skindox.com,"1305 W Wendover Ave, Greensboro, NC 27408, United States",jhall@skindox.com,John,Hall,Owner,mb,Catch-All,smtp1-mke.securence.com
+1 630-851-3223,Center for Cosmetic & Laser Surgery,Plastic surgeon,cclscosmetic.com,"1331 W 75th St #306, Naperville, IL 60540, United States",aubrey.sohaney@cclscosmetic.com,Aubrey,Sohaney,Marketing Director,mb,Catch-All,d215221a.ess.barracudanetworks.com
+1 630-851-3223,Center for Cosmetic & Laser Surgery,Plastic surgeon,cclscosmetic.com,"1331 W 75th St #306, Naperville, IL 60540, United States",brubach@cclscosmetic.com,Bryan,Rubach,President and Director,mb,Catch-All,d215221a.ess.barracudanetworks.com
+1 570-524-7777,Lewisburg Plastic Surgery & Dermatology,Plastic surgeon,lewisburgplastic.com,"135 Walter Dr, Lewisburg, PA 17837, United States",enormington@lewisburgplastic.com,Ernest,Normington,Founder,mb,Catch-All,d363525a.ess.barracudanetworks.com
+1 570-524-7777,Lewisburg Plastic Surgery & Dermatology,Plastic surgeon,lewisburgplastic.com,"135 Walter Dr, Lewisburg, PA 17837, United States",jthomas@lewisburgplastic.com,Jordan,Thomas Dorman,Front Office Administrator,mb,Catch-All,d363525a.ess.barracudanetworks.com
+1 770-415-2554,"Fiyin Sokoya, MD",Plastic surgeon,drsokoya.com,"1360 Upper Hembree Rd Suite 201B, Roswell, GA 30076, United States",fiyin@drsokoya.com,Fiyin,Sokoya,Owner,mb,Catch-All,aspmx.l.google.com
+1 215-968-3057,Refresh Integrative Medicine & Aesthetics,Wellness center,refreshwellness.net,"139 N State St, Newtown, PA 18940, United States",lori@refreshwellness.net,Lori,Gerber,Founder,mb,Catch-All,aspmx.l.google.com
+1 215-968-3057,Refresh Integrative Medicine & Aesthetics,Wellness center,refreshwellness.net,"139 N State St, Newtown, PA 18940, United States",shawn@refreshwellness.net,Shawn,Szalabofka,Practice Director,mb,Catch-All,aspmx.l.google.com
+1 317-817-1200,Forté Sports Medicine and Orthopedics Greenwood,Orthopedic clinic,forteortho.com,"1401 W County Line Rd, Greenwood, IN 46142, United States",mmcgovern@forteortho.com,Malia,McGovern,Media Contact,mb,Catch-All,mx.paubox.com
+1 239-694-7546,Dermatology Solutions,Dermatologist,dermatologysolutions.com,"14071 Metropolis Ave, Fort Myers, FL 33912, United States",debra@dermatologysolutions.com,Debra,Fett Desmond,Founder,mb,Catch-All,dermatologysolutions-com.mail.protection.outlook.com
+1 615-900-1659,"Braxton Medical Clinic, LLC -Nexus letter provider, Testosterone Replacement Clinic, DOT exam Clinic",Walk-in clinic,braxtonmedicalclinic.com,"1410 Kensington Square Ct Ste 103, Murfreesboro, TN 37130, United States",george@braxtonmedicalclinic.com,George,Tsibu,Founder,mb,Catch-All,aspmx.l.google.com
+1 405-527-1980,Chickasaw Nation Wellness Center,Wellness center,chickasaw.net,"1420 Hardcastle Blvd, Purcell, OK 73080, United States",jennie.mosely@chickasaw.net,Jennie,Ware-Mosely,Director of Real Estate Services,mb,Catch-All,mxa-0023f101.gslb.pphosted.com
+1 405-527-1980,Chickasaw Nation Wellness Center,Wellness center,chickasaw.net,"1420 Hardcastle Blvd, Purcell, OK 73080, United States",justin.lofton@chickasaw.net,Justin,Lofton,Media Relations Manager,mb,Catch-All,mxa-0023f101.gslb.pphosted.com
+1 405-527-1980,Chickasaw Nation Wellness Center,Wellness center,chickasaw.net,"1420 Hardcastle Blvd, Purcell, OK 73080, United States",karen.brunso@chickasaw.net,Karen,Brunso,Tribal Historic Preservation Officer,mb,Catch-All,mxa-0023f101.gslb.pphosted.com
+1 386-317-0444,Florida Center for Plastic and Cosmetic Surgery,Plastic surgeon,drdemercurio.com,"1425 Hand Ave ste c, Ormond Beach, FL 32174, United States",jeffrey@drdemercurio.com,Jeffrey,DeMercurio,Owner,mb,Catch-All,mx1-us1.ppe-hosted.com
+1 516-390-8888,"Antell Plastic Surgery: David J. Antell, DO, FACS",Plastic surgeon,antellplasticsurgery.com,"143 Froehlich Farm Blvd, Woodbury, NY 11797, United States",david@drdavidantell.com,David,Antell,Owner,mb,Catch-All,aspmx.l.google.com
+1 703-936-7115,Clinical Dermatology Center,Dermatologist,clinicaldermatologycenter.com,"14500 Avion Pkwy #100, Chantilly, VA 20151, United States",m.pavlov@skinguardians.com,Mikhail,Pavlov,Admin,mb,Catch-All,mx1.privateemail.com
+1 703-936-7115,Clinical Dermatology Center,Dermatologist,clinicaldermatologycenter.com,"14500 Avion Pkwy #100, Chantilly, VA 20151, United States",n.talanin@skinguardians.com,Nickolai,Talanin,Founder,mb,Catch-All,mx1.privateemail.com
+1 949-831-5900,Robinson Facial Plastic Surgery,Cosmetic surgeon,drface.com,"15 Mareblu suite 340, Aliso Viejo, CA 92656, United States",ernest@drface.com,Ernest,Robinson,Founder,mb,Catch-All,drface-com.mail.protection.outlook.com
+1 435-709-5201,Wasatch Wellness,Women's health clinic,wasatchwell.com,"150 N Main St #105, Heber City, UT 84032, United States",crystal@wasatchwell.com,Crystal,,Owner,mb,Catch-All,smtp.google.com
+1 215-589-7373,"Emily J Schwarz, MD, PhD",Dermatologist,schwarzderm.com,"1501 Lower State Rd #100, North Wales, PA 19454, United States",david@schwarzderm.com,David,,Privacy Officer,mb,Catch-All,schwarzderm-com.mail.protection.outlook.com
+1 217-586-2633,Gibson Health of Mahomet,Orthopedic clinic,gibsonhospital.org,"1504 Patton Dr, Mahomet, IL 61853, United States",rob_schmitt@gibsonhospital.org,Robert,Schmitt,CEO,mb,Catch-All,im.emailsecurity.trendmicro.com
+1 509-919-1385,Rivercreek Wellness,Naturopathic practitioner,rivercreekwellness.com,"1510 N Argonne Rd, Spokane Valley, WA 99212, United States",drjuliegeorge@rivercreekwellness.com,Julie,George,Founder,mb,Catch-All,aspmx.l.google.com
+1 617-298-4603,Be Pain Free PT,Sports medicine physician,bepainfreept.com,"1520 Blue Hill Ave, Boston, MA 02126, United States",drbones911@aol.com,Philip,Barron,President,mb,Catch-All,mx-aol.mail.gm0.yahoodns.net
+1 509-565-7005,Mountain View Vital Medicine,Naturopathic practitioner,mountainviewvitalmedicine.com,"1521 E Illinois Ave #204, Spokane, WA 99207, United States",jason@mtnviewvitalmed.com,Jason,Kinley,Founder,mb,Catch-All,aspmx.l.google.com
+1 813-631-1500,Tampa Palms Plastic Surgery,Plastic surgeon,tampapalmsplasticsurgery.com,"15243 Amberly Dr, Tampa, FL 33647, United States",jerry@tampapalmsplasticsurgery.com,Gerard,Mosiello,Founder,mb,Catch-All,tampapalmsplasticsurgery.com.1.0001.arsmtp.com
+1 858-746-5777,"Dr. Noelani Rodriguez, ND",Naturopathic practitioner,drrodrigueznd.com,"15525 Pomerado Rd Building C-1b, Poway, CA 92064, United States",noelani@drrodrigueznd.com,Noelani,Rodriguez,Owner,mb,Catch-All,aspmx.l.google.com
+1 650-961-1660,Pacific Naturopathic,Naturopathic practitioner,pacificnaturopathic.com,"1577 Carob Ln, Los Altos, CA 94024, United States",connie@pacificnaturopathic.com,Connie,Hernandez,Founder,mb,Catch-All,aspmx.l.google.com
+1 702-964-9500,Infuze Aesthetics & Wellness Center,Wellness center,infuzelv.com,"1590 W Horizon Ridge Pkwy #110, Henderson, NV 89012, United States",stephen@infuzelv.com,Stephen,Massa,Director of Operations and Owner,mb,Catch-All,infuzelv-com.mail.protection.outlook.com
+1 505-913-4360,"Eric Minns, MD",Plastic surgeon,christushealth.org,"1631 Hospital Dr Ste 150, Santa Fe, NM 87505, United States",jerilyn.miller@christushealth.org,Jerilyn,Miller,Executive Director,mb,Catch-All,christushealth-org.mail.protection.outlook.com
+1 505-913-4360,"Eric Minns, MD",Plastic surgeon,christushealth.org,"1631 Hospital Dr Ste 150, Santa Fe, NM 87505, United States",ernie.sadau@christushealth.org,Ernie,Sadau,President & Chief Executive Officer,mb,Catch-All,christushealth-org.mail.protection.outlook.com
+1 703-893-3937,"Soheila Rostami, MD",Plastic surgeon,sanctuarycosmeticcenter.com,"1650 Tysons Blvd Ste 100, McLean, VA 22102, United States",abdulk@sanctuarycosmeticcenter.com,Abdul,Khattab,Director of Operations,mb,Catch-All,sanctuarycosmeticcenter-com.mail.protection.outlook.com
+1 703-893-3937,"Soheila Rostami, MD",Plastic surgeon,sanctuarycosmeticcenter.com,"1650 Tysons Blvd Ste 100, McLean, VA 22102, United States",srostami@sanctuarycosmeticcenter.com,Soheila,Rostami,Founder & CEO,mb,Catch-All,sanctuarycosmeticcenter-com.mail.protection.outlook.com
+1 813-774-5733,Melanie L Aya-ay MD Plastic Surgery PL,Plastic surgeon,aya-ayplasticsurgery.com,"16626 N Dale Mabry Hwy, Tampa, FL 33618, United States",melanie@aya-ayplasticsurgery.com,Melanie,Aya-Ay,CEO and Founder,mb,Catch-All,d278195a.ess.barracudanetworks.com
+1 251-476-5050,"The Orthopaedic Group, P.C.",Orthopedic clinic,theorthogroup.com,"1711 N McKenzie St #100, Foley, AL 36535, United States",sjones@theorthogroup.com,Stephen,Jones,Director of Marketing,mb,Catch-All,theorthogroup.com.1.0001.arsmtp.com
+1 240-754-7954,Center for Sports and Regenerative Orthopedics,Sports medicine clinic,csromed.com,"1737 King St #110, Alexandria, VA 22314, United States",mariam.razaq@csromed.com,Mariam,Razaq,Founder,mb,Catch-All,aspmx.l.google.com
+1 657-444-9291,Dr. Joseph Bivens - Optimal Plastic Surgery,Plastic surgeon,drbplasticsurg.com,"17435 Imperial Hwy. Suite D, Yorba Linda, CA 92886, United States",joseph@drbplasticsurg.com,Joseph,Bivens,Owner,mb,Catch-All,drbplasticsurg-com.mail.protection.outlook.com
+1 281-579-5638,"R M Bonnor, MD, FACS Cosmetic Surgeon",Cosmetic surgeon,texasaestheticsandbariatrics.com,"18211 Katy Fwy Ste 250, Houston, TX 77094, United States",ricardo@texasaestheticsandbariatrics.com,Ricardo,Bonnor,Founder,mb,Catch-All,aspmx.l.google.com
+1 732-536-0030,DaVinci Beauty & Wellness Center,Wellness center,davincibeautywellness.com,"184 US-9, Englishtown, NJ 07726, United States",amir@davincibeautywellness.com,Amir,Yanay,Owner & CEO,mb,Catch-All,smtp.secureserver.net
+1 727-330-7748,"A. Bonelli, MD",Cosmetic surgeon,drbonelli.com,"1840 Mease Dr #401A, Safety Harbor, FL 34695, United States",andres@drbonelli.com,Andres,Bonelli,Owner,mb,Catch-All,drbonelli.com
+1 985-898-7999,Benson Dermatology,Dermatologist,bensonderm.com,"190 Greenbriar Blvd #103, Covington, LA 70433, United States",robert@bensonderm.com,Robert,Benson,Founder,mb,Catch-All,aspmx.l.google.com
+1 985-898-7999,Benson Dermatology,Dermatologist,bensonderm.com,"190 Greenbriar Blvd #103, Covington, LA 70433, United States",katey@bensonderm.com,Katey,DeMarco,Office Manager,mb,Catch-All,aspmx.l.google.com
+1 708-237-7200,MidAmerica Orthopaedics,Orthopedic clinic,midamericaortho.com,"19065 Hickory Creek Dr, Mokena, IL 60448, United States",dadam@midamericaortho.com,David,Adam,Director of Workers' Compensation Services,mb,Catch-All,midamericaortho.com.1.0001.arsmtp.com
+1 307-745-8851,Premier Bone & Joint Centers,Orthopedic clinic,premierboneandjoint.com,"1909 Vista Dr, Laramie, WY 82070, United States",gchristensen@premierboneandjoint.com,Gail,Christensen,Administrator,mb,Catch-All,premierboneandjoint-com.mail.protection.outlook.com
+1 307-745-8851,Premier Bone & Joint Centers,Orthopedic clinic,premierboneandjoint.com,"1909 Vista Dr, Laramie, WY 82070, United States",gmcleod@premierboneandjoint.com,Geoff,McLeod,CEO,mb,Catch-All,premierboneandjoint-com.mail.protection.outlook.com
+1 205-933-0987,Total Dermatology,Dermatologist,totalskinandbeauty.com,"1927 1st Ave N Ste 200, Birmingham, AL 35203, United States",jennifer@totalskinandbeauty.com,Jennifer,Cork,Chief Executive Officer,mb,Catch-All,d127570a.ess.barracudanetworks.com
+1 205-933-0987,Total Dermatology,Dermatologist,totalskinandbeauty.com,"1927 1st Ave N Ste 200, Birmingham, AL 35203, United States",rebecca@totalskinandbeauty.com,Rebecca,Osborne,"Manager, Practice Relations",mb,Catch-All,d127570a.ess.barracudanetworks.com
+1 718-905-5000,East Coast Dermatology - Medical & Cosmetic Dermatology in Brooklyn,Dermatologist,eastcoastdermatology.com,"1938 Coney Island Ave Ground Floor, Brooklyn, NY 11230, United States",natallia@eastcoastdermatology.com,Natallia,Fiadorchanka,Owner,mb,Catch-All,aspmx.l.google.com
+1 813-844-8416,"MICHAEL A. HARRINGTON, MD, MPH",Plastic surgeon,health.usf.edu,"2 Columbia Dr, Tampa, FL 33606, United States",cjlockwood@usf.edu,Charles,Lockwood,Senior Vice President and Dean,mb,Catch-All,usf-edu.mail.protection.outlook.com
+1 813-844-8416,"MICHAEL A. HARRINGTON, MD, MPH",Plastic surgeon,health.usf.edu,"2 Columbia Dr, Tampa, FL 33606, United States",bbognar@usf.edu,Bryan,Bognar,Vice Dean for Educational Affairs,mb,Catch-All,usf-edu.mail.protection.outlook.com
+1 310-942-2202,Oxy Performance | Hyperbaric Chambers | Oxygen Therapy | Hermosa Beach,Wellness center,oxyperformance.com,"200 Pier Ave Ste 304, Hermosa Beach, CA 90254, United States",dominic@oxyperformance.com,Dominic,Juneau,Owner,mb,Catch-All,oxyperformance-com.mail.protection.outlook.com
+1 205-298-8660,Plastic Surgery Specialists,Plastic surgeon,birminghamspecialists.com,"2000 Stonegate Trail Ste 100, Vestavia Hills, AL 35242, United States",robert.oliver@birminghamspecialists.com,Robert,Oliver,Business Owner,mb,Catch-All,d343576a.ess.barracudanetworks.com
+1 318-752-7850,Flex Institute (Formerly Orthopedic Specialists of Louisiana),Orthopedic clinic,flexinstitute.com,"2005 Landry Dr, Bossier City, LA 71111, United States",wfox@flexinstitute.com,Will,Fox,Clinic Manager,mb,Catch-All,flexinstitute-com.mail.protection.outlook.com
+1 318-752-7850,Flex Institute (Formerly Orthopedic Specialists of Louisiana),Orthopedic clinic,flexinstitute.com,"2005 Landry Dr, Bossier City, LA 71111, United States",dwaddell@flexinstitute.com,David,Waddell,Founding Partner,mb,Catch-All,flexinstitute-com.mail.protection.outlook.com
+1 714-834-0101,Dr. Michael Jazayeri - Plastic & Reconstructive Surgery,Plastic surgeon,drjaz.com,"2010 E 1st St Ste 270, Santa Ana, CA 92705, United States",drjaz@drjaz.com,Michael,Jazayeri,Owner,mb,Catch-All,aspmx.l.google.com
+1 757-305-9185,Dr John Mancoll,Plastic surgeon,mancollplasticsurgery.com,"2017 Fisher Arch, Virginia Beach, VA 23456, United States",john@mancollplasticsurgery.com,John,Mancoll,Owner,mb,Catch-All,d348142a.ess.barracudanetworks.com
+1 281-333-3500,"Dr. Daniel Casso, MD",Plastic surgeon,drcasso.com,"2020 NASA Road 1 # 260, Houston, TX 77058, United States",daniel@drcasso.com,Daniel,Casso,Owner,mb,Catch-All,mx-biz.mail.am0.yahoodns.net
+1 713-425-8069,Hassler Dermatology,Dermatologist,hasslerdermatology.com,"204 W 19th St Ste 200, Houston, TX 77008, United States",amanda@hasslerdermatology.com,Amanda,Hassler,Owner,mb,Catch-All,aspmx.l.google.com
+1 574-338-1147,Healing Roots Holistic Wellness Center,Naturopathic practitioner,healingrootsholistic.com,"206 S Main St, Elkhart, IN 46516, United States",jenny@moringatreeorganic.com,Jenny,Weaver,Founder,mb,Catch-All,mx-biz.mail.am0.yahoodns.net
+1 415-927-7660,"Dr. Khashayar Mohebali, MD",Plastic surgeon,mohebaliplasticsurgery.com,"21 Tamal Vista Blvd STE 103, Corte Madera, CA 94925, United States",drmohebali@mohebaliplasticsurgery.com,Khashayar,Mohebali,Owner,mb,Catch-All,mohebaliplasticsurgery-com.mail.protection.outlook.com
+1 408-560-7283,Wholendo,Naturopathic practitioner,wholendo.com,"2100 Curtner Ave Suite F, San Jose, CA 95124, United States",shreya@wholendo.com,Shreya,Soni,Founder,mb,Catch-All,aspmx.l.google.com
+1 505-724-4700,New Mexico Orthopaedics - Rio Rancho Clinic & Physical Therapy,Orthopedic clinic,nmortho.com,"2101 Unser Blvd SE, Rio Rancho, NM 87124, United States",dkarpel@nmortho.net,Dan,Karpel,Chief Executive Officer,mb,Catch-All,mxb-00821f01.gslb.pphosted.com
+1 713-571-0600,"Camille Cash, M.D.",Plastic surgeon,camillecashmd.com,"2150 Richmond Ave #103, Houston, TX 77098, United States",camille@camillecashmd.com,Camille,Cash,CEO,mb,Catch-All,camillecashmd.in.tmes.trendmicro.com
+1 847-807-6255,Allure Pelvic Wellness and Aesthetic Gynecology,Women's health clinic,allurepelvicwellness.com,"21660 W Field Pkwy, Deer Park, IL 60010, United States",sonya@allurepelvicwellness.com,Sonya,Ephraim,Owner,mb,Catch-All,aspmx.l.google.com
+1 716-503-1740,716 Integrative Wellness,Wellness center,716ology.com,"220 Redtail Ste 9, Orchard Park, NY 14127, United States",contact@716ology.com,Stephanie,Small,Owner / CEO,mb,Catch-All,aspmx.l.google.com
+1 713-370-4433,Premier Plastic Surgery - Christopher Hankins MD,Plastic surgeon,pearlandpps.com,"2225 County Rd 90 Ste 115, Pearland, TX 77584, United States",christopher@pearlandpps.com,Christopher,Hankins,Owner,mb,Catch-All,aspmx.l.google.com
+1 270-709-1984,Verbist Plastic Surgery,Plastic surgeon,verbistplasticsurgery.com,"225 Medical Center Dr Suite Suite 208A, Paducah, KY 42003, United States",daniel@verbistplasticsurgery.com,Daniel,Verbist,Owner,mb,Catch-All,aspmx.l.google.com
+1 732-747-5500,TMGNJ - Navesink Dermatology,Dermatologist,navesinkderm.com,"225 NJ-35 Ste 208, Red Bank, NJ 07701, United States",christopher@navesinkderm.com,Christopher,Kruse,Founder,mb,Catch-All,mx2.forwardemail.net
+1 949-317-3130,MD Cosmetic Clinic,Cosmetic surgeon,mdcosmeticclinic.com,"22722 Lambert St ste.1710, Lake Forest, CA 92630, United States",gul@mdcosmeticclinic.com,Gul,Zikria,Founder,mb,Catch-All,aspmx.l.google.com
+1 215-829-6320,"Bucky Plastic Surgery: Louis P. Bucky, MD, FACS",Plastic surgeon,drbucky.com,"230 W Washington Square #101, Philadelphia, PA 19106, United States",louis@drbucky.com,Louis,Bucky,Founder,mb,Catch-All,aspmx.l.google.com
+1 215-829-6320,"Bucky Plastic Surgery: Louis P. Bucky, MD, FACS",Plastic surgeon,drbucky.com,"230 W Washington Square #101, Philadelphia, PA 19106, United States",alexandra@drbucky.com,Alexandra,Dishi,Manager,mb,Catch-All,aspmx.l.google.com
+1 424-254-0878,Reflect Hair Restoration,Hair transplantation clinic,reflecthairrestoration.com,"23000 Crenshaw Blvd #205, Torrance, CA 90505, United States",shawn@reflecthairrestoration.com,Shawn,Borjkhani,Owner,mb,Catch-All,aspmx.l.google.com
+1 202-800-2085,"Potomac Plastic Surgery: Houtan Chaboki, MD",Plastic surgeon,potomacplasticsurgery.com,"2311 M St NW #501, Washington, DC 20037, United States",drchaboki@potomacplasticsurgery.com,Houtan,Chaboki,Owner,mb,Catch-All,aspmx.l.google.com
+1 360-275-4401,Ehresman Family Chiropractic - Belfair Wellness Center,Wellness center,belfairwellness.com,"23160 WA-3, Belfair, WA 98528, United States",carl@belfairwellness.com,Carl,Ehresman,Owner,mb,Catch-All,mx1-us1.ppe-hosted.com
+1 516-414-7771,Waterbar,Health spa,waterbarnewyork.com,"233A Nassau Blvd, West Hempstead, NY 11552, United States",alyse@waterbarnewyork.com,Alyse,DeStefano,Owner,mb,Catch-All,ASPMX.L.GOOGLE.com
+1 425-539-0800,"Clara Barnett, ND, LAc",Naturopathic practitioner,drclara.com,"2340 130th Ave NE Ste 203, Bellevue, WA 98005, United States",drclara@drclara.com,Clara,Barnett,Owner,mb,Catch-All,drclara-com.mail.protection.outlook.com
+1 626-469-4434,"Muscle Lab - IV Therapy, Cryotherapy, and Cupping",Wellness center,musclelab.la,"2381 E Colorado Blvd, Pasadena, CA 91107, United States",andy@musclelab.la,Andy,Treys,Founder,mb,Catch-All,aspmx.l.google.com
+1 937-505-6505,Oakview Dermatology - Springfield,Dermatologist,oakviewderm.com,"2443 Troy Rd, Springfield, OH 45504, United States",merritt@oakviewderm.com,Dawn,Merritt,Founder & CEO,mb,Catch-All,alt1.aspmx.l.google.com
+1 937-505-6505,Oakview Dermatology - Springfield,Dermatologist,oakviewderm.com,"2443 Troy Rd, Springfield, OH 45504, United States",drjones-sheets@oakviewderm.com,Megan,Jones-Sheets,Program Director,mb,Catch-All,alt1.aspmx.l.google.com
+1 727-788-3908,Clear Skin Dermatology,Dermatologist,clearskinderm.com,"2454 N McMullen Booth Rd Ste 424, Clearwater, FL 33759, United States",rachel@clearskinderm.com,Rachel,Epstein,President and Owner,mb,Catch-All,aspmx.l.google.com
+1 859-354-5455,Central Kentucky Dermatology,Dermatologist,ckyderm.com,"249 E Brannon Rd, Nicholasville, KY 40356, United States",tclark@ckyderm.com,Todd,Clark,Founder & Owner,mb,Catch-All,mx-cluster-usa01.hornetsecurity.com
+1 201-503-0447,Active Joints Orthopedics,Orthopedic clinic,activejointsortho.com,"25 Rockwood Pl #425, Englewood, NJ 07631, United States",david@activejointsortho.com,David,Feldman,Founder,mb,Catch-All,aspmx.l.google.com
+1 305-466-9268,Feel The Heal,Health spa,feeltheheal.com,"25 years in business, 7411 Biscayne Blvd Ste 202, Miami, FL 33138, United States",daryn@feeltheheal.com,Daryn,Herzfeld,Founder,mb,Catch-All,smtp.google.com
+1 801-521-5630,Salt Lake Dermatology and Aesthetics,Dermatologist,saltlakedermatology.com,"250 E 300 S Ste 120, Salt Lake City, UT 84111, United States",michael@saltlakedermatology.com,Michael,Sotiriou,President,mb,Catch-All,aspmx.l.google.com
+1 503-226-3376,"Phoebe Rich, M.D., Oregon Dermatology and Research Center",Dermatologist,phoeberichmd.com,"2565 NW Lovejoy St #200, Portland, OR 97210, United States",phoeberich@aol.com,Phoebe,Rich,MD,mb,Catch-All,mx-aol.mail.gm0.yahoodns.net
+1 540-221-6702,"Valley Dermatology, LLC",Dermatologist,valleydermatologyllc.com,"2611 W Main St, Waynesboro, VA 22980, United States",keith@valleydermatologyllc.com,Keith,Knoell,Owner,mb,Catch-All,valleydermatologyllc-com.mail.protection.outlook.com
+1 518-452-1928,"Skin Specialists of the Capital Region, PLLC",Dermatologist,skinspecialistscr.com,"264 Washington Ave Ext #201, Albany, NY 12203, United States",carsenault@skinspecialistscr.com,Christy,Arsenault,Practice Manager,mb,Catch-All,aspmx.l.google.com
+1 407-821-3555,"James L. Mayo, MD",Plastic surgeon,adventhealth.com,"265 E Rollins St Suite 8100, Orlando, FL 32804, United States",david.banks@adventhealth.com,David,Banks,President and CEO,mb,Catch-All,mxb-003b9901.gslb.pphosted.com
+1 626-213-2133,Dr. Daniel H. Lin | Shine Cosmetic Surgery,Cosmetic surgeon,shinecosmeticsurgery.com,"2707 E Valley Blvd Ste 115, West Covina, CA 91792, United States",daniel@shinecosmeticsurgery.com,Daniel,Lin,Founder,mb,Catch-All,mx1-us1.ppe-hosted.com
+1 720-686-7546,Clarity Dermatology,Dermatologist,claritydermatology.com,"2720 Council Tree Ave Suite 230, Fort Collins, CO 80525, United States",djensen@claritydermatology.com,Daniel,Jensen,Business Owner,mb,Catch-All,ASPMX.L.GOOGLE.com
+1 720-686-7546,Clarity Dermatology,Dermatologist,claritydermatology.com,"2720 Council Tree Ave Suite 230, Fort Collins, CO 80525, United States",swolf@claritydermatology.com,Sarah,Wolf,Human Resources Manager,mb,Catch-All,ASPMX.L.GOOGLE.com
+1 650-727-6008,"Allura Skin & Laser Center, A Golden State Dermatology Affiliate",Dermatologist,alluraskin.com,"280 Baldwin Ave, San Mateo, CA 94401, United States",bruce@alluraskin.com,Bruce,Maltz,Owner,mb,Catch-All,aspmx.l.google.com
+1 407-483-3571,Mango Wellness,Wellness center,mangowellness.us,"2801 13th St, St Cloud, FL 34769, United States",sheeja@mangowellness.us,Sheeja,Jacob,Founder and Chief Operating Officer,mb,Catch-All,mx.mangowellness.us
+1 860-224-2631,"Starling Physicians: Kenneth J. Andrews, MD",Plastic surgeon,starlingphysicians.com,"289 Western Blvd, Glastonbury, CT 06033, United States",trobinson@starlingphysicians.com,Tina,Robinson,Revenue Cycle Manager,mb,Catch-All,d82750a.ess.barracudanetworks.com
+1 860-224-2631,"Starling Physicians: Kenneth J. Andrews, MD",Plastic surgeon,starlingphysicians.com,"289 Western Blvd, Glastonbury, CT 06033, United States",ggolliher@starlingphysicians.com,Gary,Golliher,SVP and Chief Administrative Officer,mb,Catch-All,d82750a.ess.barracudanetworks.com
+1 336-765-8620,Forsyth Plastic Surgery,Plastic surgeon,forsythplasticsurgery.com,"2901 Maplewood Ave, Winston-Salem, NC 27103, United States",kims@forsythplasticsurgery.com,Kim,Smith,Office Manager,mb,Catch-All,d280882a.ess.barracudanetworks.com
+1 336-765-8620,Forsyth Plastic Surgery,Plastic surgeon,forsythplasticsurgery.com,"2901 Maplewood Ave, Winston-Salem, NC 27103, United States",drschneider@forsythplasticsurgery.com,Andrew,Schneider,Physician Owner,mb,Catch-All,d280882a.ess.barracudanetworks.com
+1 818-654-4933,"Dhivya Srinivasa, MD",Plastic surgeon,theiabr.com,"29229 Canwood St #101, Agoura Hills, CA 91301, United States",finance@theiabr.com,Alicia,Badua,Clinical Manager,mb,Catch-All,aspmx.l.google.com
+1 508-207-4455,"Albert Fox, MD",Plastic surgeon,foxfacialsurgery.com,"299 Faunce Corner Rd 1st floor, North Dartmouth, MA 02747, United States",drfox@foxfacialsurgery.com,Albert,Fox,Founder,mb,Catch-All,aspmx.l.google.com
+1 201-820-6494,Gartner Plastic Surgery,Plastic surgeon,gartnerplasticsurgery.com,"3 Winslow Pl, Paramus, NJ 07652, United States",michael@gartnerplasticsurgery.com,Michael,Gartner,Founder,mb,Catch-All,aspmx.l.google.com
+1 312-517-7115,"Kenya Williams, MD | Chicago Oculofacial Consultants",Plastic surgeon,chicagoeyeandface.com,"30 N Michigan Ave Suite 1429, Chicago, IL 60602, United States",kenya@chicagoeyeandface.com,Kenya,Williams,Owner,mb,Catch-All,aspmx.l.google.com
+1 713-799-9999,Kim Carpin MD Plastic Surgery,Plastic surgeon,drkimberlycarpin.com,"300 E Medical Center Blvd, Webster, TX 77598, United States",kimberly@drkimberlycarpin.com,Kimberly,Carpin,Owner,mb,Catch-All,aspmx.l.google.com
+1 703-299-0707,Weight Loss & Skin Center,Wellness center,mochealthbeauty.com,"300 N Washington St Ste 704, Alexandria, VA 22314, United States",fiona@mochealthbeauty.com,Fiona,Tripp,Founder & CEO,mb,Catch-All,mx156.hostedmxserver.com
+1 843-887-7546,Purvis Dermatology of Myrtle Beach,Dermatologist,purvisdermatology.com,"3001 Newcastle Loop, Myrtle Beach, SC 29588, United States",robert@purvisdermatology.com,Robert,Purvis,Owner,mb,Catch-All,purvisdermatology-com.mx1.arsmtp.com
+1 626-447-3223,Dr. Jen Chow,Plastic surgeon,chow.md,"301 W Huntington Dr Suite 114, Arcadia, CA 91007, United States",jennifer@chow.md,Jen,Chow,Founder,mb,Catch-All,smtp.secureserver.net
+1 202-966-9590,DAVinci Plastic Surgery,Plastic surgeon,davinciplastic.com,"3050 K St NW #170, Washington, DC 20007, United States",steven@davinciplastic.com,Steven,Davison,Founder,mb,Catch-All,aspmx.l.google.com
+1 304-399-4220,Ultimate Plastic & Reconstructive Surgery,Plastic surgeon,ultimateprs.com,"3075 US-60, Huntington, WV 25705, United States",ben@ultimateprs.com,Ben,Moosavi,Founder,mb,Catch-All,mxa-0023b601.gslb.pphosted.com
+1 312-877-5155,Hypoxi Chicago,Spa and health club,hypoxichicago.com,"308 W Erie St 1st floor, Chicago, IL 60654, United States",sireen@hypoxichicago.com,Sireen,Abou-Chacra,Owner,mb,Catch-All,aspmx.l.google.com
+1 541-992-1705,Unlimited Light Wellness,Wellness center,unlimitedlightwellness.com,"309 SE 1st Ave, Canby, OR 97013, United States",gwen@unlimitedlightwellness.com,Gwen,Stevens,Owner,mb,Catch-All,aspmx.l.google.com
+1 760-637-5288,Iconic Plastic Surgery,Plastic surgeon,iconicplasticsurgery.com,"3144 El Camino Real #200, Carlsbad, CA 92008, United States",dr.dsouza@iconicplasticsurgery.com,Gehaan,D'Souza,Founder,mb,Catch-All,aspmx.l.google.com
+1 662-323-5377,Vitality Dermatology,Dermatologist,vitalitydermatology.com,"321 University Dr, Starkville, MS 39759, United States",bhairston@directaddress.net,Bethany,Hairston,Founder,mb,Catch-All,mx2.directaddress.net
+1 407-478-3151,Papanicolaou George D MD,Plastic surgeon,somaplasticsurgery.com,"3272 W Lake Mary Blvd STE 1810, Lake Mary, FL 32746, United States",drgpapanicolaou@somaplasticsurgery.com,George,Papanicolaou,Founder,mb,Catch-All,aspmx.l.google.com
+1 407-478-3151,Papanicolaou George D MD,Plastic surgeon,somaplasticsurgery.com,"3272 W Lake Mary Blvd STE 1810, Lake Mary, FL 32746, United States",marisol@somaplasticsurgery.com,Marisol,,Office Manager,mb,Catch-All,aspmx.l.google.com
+1 516-764-4680,David Arbesfeld MD,Dermatologist,drdavidarbesfeld.com,"3305 Jerusalem Ave, Wantagh, NY 11793, United States",da371rvc@yahoo.com,David,Arbesfeld,Owner,mb,Catch-All,mta5.am0.yahoodns.net
+1 781-237-7700,"Christopher J. Davidson, MD, FACS",Plastic surgeon,christopherdavidsonmd.com,"332 Washington St #100, Wellesley, MA 02481, United States",cjdavidson@partners.org,Christopher,Davidson,Owner,mb,Catch-All,mx1.hc4087-85.iphmx.com
+1 616-233-0960,Grand Rapids Wellness,Wellness center,grwell.com,"3351 Eagle Run Dr NE Ste b, Grand Rapids, MI 49525, United States",kristin@grwell.com,Kristin,Swann,"Certified Teacher, LAc",mb,Catch-All,aspmx.l.google.com
+1 616-233-0960,Grand Rapids Wellness,Wellness center,grwell.com,"3351 Eagle Run Dr NE Ste b, Grand Rapids, MI 49525, United States",doug@grwell.com,Doug,DeVries,Owner,mb,Catch-All,aspmx.l.google.com
+1 412-824-9600,DERMÈVE,Dermatologist,dermeve.com,"3424 William Penn Hwy Bldg 2, Pittsburgh, PA 15235, United States",dru@dermeve.com,Jeremy,Udkoff,Owner,mb,Catch-All,dermeve-com.mail.protection.outlook.com
+1 843-837-4400,"May River Dermatology, LLC",Dermatologist,mayriverdermatology.com,"350 Fording Island Rd #100, Bluffton, SC 29910, United States",bernie@mayriverdermatology.com,Bernie,Traywick,Chief Executive Officer,mb,Catch-All,aspmx.l.google.com
+1 509-662-0652,Mountain View Women's Health,Women's health clinic,mountainviewwomenshealth.org,"351 Orondo Ave, Wenatchee, WA 98801, United States",director@lifechoiceswenatchee.org,Kim,Hudgins,President/CEO,mb,Catch-All,lifechoiceswenatchee-org.mail.protection.outlook.com
+1 843-353-3460,OrthoSC - Market Common,Orthopedic clinic,orthosc.org,"3620 Walton Dr Unit C-5, Myrtle Beach, SC 29577, United States",awade@orthosc.org,Andrew,Wade,Chief Executive Officer,mb,Catch-All,d210612a.ess.barracudanetworks.com
+1 843-353-3460,OrthoSC - Market Common,Orthopedic clinic,orthosc.org,"3620 Walton Dr Unit C-5, Myrtle Beach, SC 29577, United States",mmccorkle@orthosc.org,Melissa,McCorkle,Director of Human Resources,mb,Catch-All,d210612a.ess.barracudanetworks.com
+1 631-243-3628,AgeFocus Cosmetic Surgery in Long Island,Cosmetic surgeon,agefocus.net,"365 County Rd 39 A Suite 10, Southampton, NY 11968, United States",info@agefocus.net,Juan,Gargiulo,Medical Director,mb,Catch-All,aspmx.l.google.com
+1 305-856-3030,Zaydon Jr Thomas J MD,Plastic surgeon,drzaydon.com,"3661 South Miami Avenue #509, Miami, FL 33133, United States",drzaydon@drzaydon.com,Thomas,Zaydon,Founder,mb,Catch-All,d283828a.ess.barracudanetworks.com
+1 815-933-2227,Pinski Dermatology & Cosmetic Surgery - Bourbonnais,Dermatologist,klara.com,"374 Larry Power Rd, Bourbonnais, IL 60914, United States",simon.lorenz@klara.com,Simon,Lorenz,Co-Founder,mb,Catch-All,aspmx.l.google.com
+1 305-381-8837,Stephan Baker MD FACS,Plastic surgeon,drbaker.com,"3850 Bird Rd STE 702, Miami, FL 33146, United States",liliane@drbaker.com,Liliane,Leao,Business Manager,mb,Catch-All,drbaker-com.mail.protection.outlook.com
+1 305-381-8837,Stephan Baker MD FACS,Plastic surgeon,drbaker.com,"3850 Bird Rd STE 702, Miami, FL 33146, United States",sbaker@drbaker.com,Stephan,Baker,Owner,mb,Catch-All,drbaker-com.mail.protection.outlook.com
+1 614-777-1200,Signature Dermatology,Dermatologist,signaturedermatology.com,"3853 Trueman Ct, Hilliard, OH 43026, United States",daniel@signaturedermatology.com,Daniel,Costanza,HIPAA Compliance Officer,mb,Catch-All,spamfilter.aheliotech.com
+1 770-622-9100,"Southern Plastic Surgery, PC",Plastic surgeon,southernplasticsurgery.com,"3855 Pleasant Hill Rd #370, Duluth, GA 30096, United States",david@southernplasticsurgery.com,David,Whiteman,Founder,mb,Catch-All,aspmx.l.google.com
+1 402-315-4415,Regenerative and Longevity Institute of Nebraska (formerly Arthritis Knee Pain Clinic of Omaha),Orthopedic clinic,regennebraska.com,"3908 N 138th St, Omaha, NE 68164, United States",eric@regennebraska.com,Eric,Clements,Owner,mb,Catch-All,regennebraska-com.mail.protection.outlook.com
+1 989-702-2598,The Healing Room Wellness Center,Health spa,hrsaginaw.com,"3956 Bay Rd, Saginaw, MI 48603, United States",melvin@hrsaginaw.com,Melvin,McDowell,Owner,mb,Catch-All,aspmx.l.google.com
+1 949-720-8098,"Lauren Patty, MD",Plastic surgeon,laurenpattymd.com,"400 Newport Center Dr Suite 707, Newport Beach, CA 92660, United States",ldp@laurenpattymd.com,Lauren,Patty,Owner,mb,Catch-All,mx1-us1.ppe-hosted.com
+1 425-202-5210,The Well,Wellness center,thewellcenter.org,"405 Black Hills Ln SW d2, Olympia, WA 98502, United States",karla@thewellcenter.org,Karla,Nelson,Founder,mb,Catch-All,aspmx.l.google.com
+1 515-644-3400,Dermatology Central Iowa,Dermatologist,dermatologycentraliowa.com,"405 Monroe St, Pella, IA 50219, United States",c.stocker@dermatologycentraliowa.org,Chad,Stocker,DO,mb,Catch-All,aspmx.l.google.com
+1 626-635-1688,True Dermatology,Dermatologist,truedermmd.com,"408 S Beach Blvd Ste 212, Anaheim, CA 92804, United States",calvin@truedermmd.com,Calvin,Sung,Owner,mb,Catch-All,aspmx.l.google.com
+1 214-827-2530,"Paul Pin, MD",Plastic surgeon,paulpinmd.com,"411 N Washington Ave Ste 4200, Dallas, TX 75246, United States",paulpin@sbcglobal.net,Paul,Pin,Owner,mb,Catch-All,mx-att.mail.am0.yahoodns.net
+1 904-332-6774,Coastal Cosmetic Center,Plastic surgeon,coastalcosmetic.com,"4147 Southpoint Dr E, Jacksonville, FL 32216, United States",sfee@coastalcosmetic.com,Seran,Fee,Manager,mb,Catch-All,coastalcosmetic-com.in.shield.security
+1 904-332-6774,Coastal Cosmetic Center,Plastic surgeon,coastalcosmetic.com,"4147 Southpoint Dr E, Jacksonville, FL 32216, United States",tfee@coastalcosmetic.com,Timothy,Fee,Owner,mb,Catch-All,coastalcosmetic-com.in.shield.security
+1 816-599-0053,Gen 3 IV Hydration and Wellness Kansas City North,Wellness center,gen3iv.com,"418 NW Legacy Dr, Kansas City, MO 64155, United States",jenny@gen3iv.com,Jenny,Maxey,Co-Founder,mb,Catch-All,gen3iv-com.mail.protection.outlook.com
+1 310-858-8811,Dr. Tim Neavin | Beverly Hills Plastic Surgeon,Plastic surgeon,artisanofbeauty.com,"421 N Rodeo Dr A-1, Beverly Hills, CA 90210, United States",neavin@artisanofbeauty.com,Tim,Neavin,Founder,mb,Catch-All,ASPMX.L.GOOGLE.com
+1 310-858-8811,Dr. Tim Neavin | Beverly Hills Plastic Surgeon,Plastic surgeon,artisanofbeauty.com,"421 N Rodeo Dr A-1, Beverly Hills, CA 90210, United States",michelle@artisanofbeauty.com,Michelle,,Office Manager,mb,Catch-All,ASPMX.L.GOOGLE.com
+1 808-670-3333,Honolulu Dermatology LLC : Amber Gill MD,Dermatologist,honoluluderm.com,"4211 Waialae Ave Suite 203, Honolulu, HI 96816, United States",amber@honoluluderm.com,Amber,Gill,Founder,mb,Catch-All,aspmx.l.google.com
+1 305-446-0440,"Dr. John W. Chang, MD",Cosmetic surgeon,solunamd.com,"4251 Salzedo St #1330, Coral Gables, FL 33146, United States",alan@solunamd.com,Alan,Khoriaty,Owner,mb,Catch-All,aspmx.l.google.com
+1 330-333-5003,Optimize Health Clinics,Wellness center,optimizehealthclinic.com,"4300 Belmont Ave #3, Youngstown, OH 44505, United States",mohammad@optimizehealthclinic.com,Mohammad,Hajjawi,Founder and CEO,mb,Catch-All,mx1-us1.ppe-hosted.com
+1 310-550-7747,Dr. Robert Applebaum,Plastic surgeon,applebaummd.com,"436 N Bedford Dr #203, Beverly Hills, CA 90210, United States",robert@applebaummd.com,Robert,Applebaum,Owner,mb,Catch-All,aspmx.l.google.com
+1 916-805-5370,"The Canal Women's Health, LLC",Women's health clinic,thecanalwomenshealth.com,"4364 Town Center Blvd #116, El Dorado Hills, CA 95762, United States",kathryn@thecanalwomenshealth.com,Kathryn,Christensen,Owner,mb,Catch-All,thecanalwomenshealth-com.mail.protection.outlook.com
+1 805-449-7204,Michael R. Schwartz MD,Plastic surgeon,drschwartz.com,"4373 Park Terrace Dr Ste 101, Westlake Village, CA 91361, United States",doc@drschwartz.com,Michael,Schwartz,Founder,mb,Catch-All,aspmx.l.google.com
+1 602-726-6310,Paquet Facial Plastic & Reconstructive Surgery - Dr. Christian Paquet,Plastic surgeon,paquetplasticsurgery.com,"4400 N 32nd St #220, Phoenix, AZ 85018, United States",christian.paquet@paquetplasticsurgery.com,Christian,Paquet,Founder,mb,Catch-All,aspmx.l.google.com
+1 512-329-8989,Louis William Apostolakis M.D.,Plastic surgeon,dr-apo.com,"4407 Bee Caves Rd Building 3, Suite 321, Austin, TX 78746, United States",louis@dr-apo.com,Louis,Apostolakis,Owner,mb,Catch-All,mail.purehost.com
+1 586-254-7692,Accents Cosmetic Surgery and Medical Spa,Plastic surgeon,accentscosmeticsurgery.com,"44650 Delco Blvd #100, Sterling Heights, MI 48313, United States",mark@accentscosmeticsurgery.com,Mark,Berkowitz,Founder,mb,Catch-All,aspmx.l.google.com
+1 303-355-3000,Core Dermatology,Dermatologist,mycorederm.com,"4500 Cherry Creek S Dr #600, Denver, CO 80246, United States",stephanie@mycorederm.com,Stephanie,Frankel,Founder,mb,Catch-All,aspmx.l.google.com
+1 248-267-9700,Dr. Danish Cosmetic Surgery,Plastic surgeon,drdanish.com,"4550 Investment Dr, Troy, MI 48098, United States",drdanish@drdanish.com,Myra,Danish,Owner,mb,Catch-All,aspmx.l.google.com
+1 813-355-8501,Politis Plastic Surgery,Plastic surgeon,politisplasticsurgery.com,"4602 N Armenia Ave Ste 201, Tampa, FL 33603, United States",effiepolitismd@politisplasticsurgery.com,Effie,Politis,Owner,mb,Catch-All,aspmx.l.google.com
+1 310-288-0641,Dr. Ben Talei,Plastic surgeon,beverlyhillscenter.com,"465 N Roxbury Dr Ste 750, Beverly Hills, CA 90210, United States",drtalei@beverlyhillscenter.com,Ben,Talei,Founder & Director,mb,Catch-All,ASPMX.L.GOOGLE.com
+1 310-277-3223,"Lawrence M. Koplin M.D. F.A.C.S.,",Plastic surgeon,drkoplin.com,"465 N Roxbury Dr Suite 800/802, Beverly Hills, CA 90210, United States",lkoplin@drkoplin.com,Lawrence,Koplin,Owner,mb,Catch-All,aspmx.l.google.com
+1 847-983-8554,DePoli Plastic Surgery,Plastic surgeon,depolimd.com,"4709 Golf Rd #1250, Skokie, IL 60076, United States",patricia@depolimd.com,Patricia,DePoli,CEO,mb,Catch-All,depolimd-com.mail.protection.outlook.com
+1 936-564-6107,Warthan Dermatology Center,Dermatologist,nacderm.com,"4730 NE Stallings Dr, Nacogdoches, TX 75965, United States",molly@nacderm.com,Molly,Warthan,Owner,mb,Catch-All,aspmx.l.google.com
+1 305-705-5737,Aestira Plastic Surgery,Plastic surgeon,aestira.com,"4770 Biscayne Blvd Ste 900, Miami, FL 33137, United States",waylon@aestira.com,Waylon,Zeng,Founder,mb,Catch-All,aestira-com.mail.protection.outlook.com
+1 972-618-2212,"Brobst Facial Plastic Surgery and Aesthetics - Robert Brobst, M.D.",Plastic surgeon,drbrobst.com,"4800 Hedgcoxe Rd #250, Plano, TX 75024, United States",robert@drbrobst.com,Robert,Brobst,Founder,mb,Catch-All,drbrobst-com.mail.protection.outlook.com
+1 212-590-5580,"William Samson, MD",Plastic surgeon,williamsamsonmd.com,"5 Columbus Cir 8th floor, New York, NY 10019, United States",ws@williamsamsonmd.com,William,Samson,Owner,mb,Catch-All,williamsamsonmd-com.mail.protection.outlook.com
+1 203-453-6635,Dr. Derek Steinbacher,Plastic surgeon,dereksteinbacher.com,"5 Durham Rd Ste 1-8, Guilford, CT 06437, United States",derek@dereksteinbacher.com,Derek,Steinbacher,Owner,mb,Catch-All,dereksteinbacher-com.mail.protection.outlook.com
+1 212-452-2800,"Tribeca Aesthetics - Jimmy C. Sung, MD, JD, FACS",Plastic surgeon,tribecaaesthetics.com,"50 Laight St, New York, NY 10013, United States",jimmy@tribecaaesthetics.com,Jimmy,Sung,Founder,mb,Catch-All,tribecaaesthetics-com.mail.protection.outlook.com
+1 304-925-8949,Thaxton Plastic Surgery,Plastic surgeon,thaxtonplasticsurgery.com,"505 Capitol St, Charleston, WV 25301, United States",jeff@thaxtonplasticsurgery.com,Jeff,Thaxton,Founder,mb,Catch-All,thaxtonplasticsurgery-com.mail.protection.outlook.com
+1 732-253-0182,"Dr Singhvi - Botox, Xeomin and different Dermal Fillers",Dermatologist,laseraestheticfreehold.com,"509 Stillwells Corner Rd E8, Freehold, NJ 07728, United States",laser_aesthetic@yahoo.com,Kailash,Singhvi,Owner,mb,Catch-All,mta5.am0.yahoodns.net
+1 631-424-3600,North Shore Cosmetic Surgery,Plastic surgeon,nscsurgery.com,"510 Broadhollow Rd #100, Melville, NY 11747, United States",jr@jrcs.com,James,Romanelli,Founder,mb,Catch-All,d151532a.ess.barracudanetworks.com
+1 631-424-3600,North Shore Cosmetic Surgery,Plastic surgeon,nscsurgery.com,"510 Broadhollow Rd #100, Melville, NY 11747, United States",kf@jrcs.com,Kelly,Facella,Practice Administrator,mb,Catch-All,d151532a.ess.barracudanetworks.com
+1 309-762-3621,ORA Orthopedics,Orthopedic clinic,qcora.com,"520 Valley View Dr, Moline, IL 61265, United States",kbrockman@qcora.com,Kenneth,Brockman,Chief Executive Officer,mb,Catch-All,mxa-0022c601.gslb.pphosted.com
+1 309-762-3621,ORA Orthopedics,Orthopedic clinic,qcora.com,"520 Valley View Dr, Moline, IL 61265, United States",zgatton@qcora.com,Zach,Gatton,Marketing Manager,mb,Catch-All,mxb-0022c601.gslb.pphosted.com
+1 912-503-2738,Savannah Plastic Surgery by Dr. Luke Curtsinger,Plastic surgeon,lukecurtsingermd.com,"530 Stephenson Ave Ste 300, Savannah, GA 31405, United States",luke@lukecurtsingermd.com,Luke,Curtsinger,Owner,mb,Catch-All,lukecurtsingermd-com.mail.protection.outlook.com
+1 225-769-7546,The Dermatology Clinic,Dermatologist,thedermatologyclinic.com,"5326 O'Donovan Dr, Baton Rouge, LA 70808, United States",ofcmgr1@thedermatologyclinic.com,Trudy,Cash,Office Manager,mb,Catch-All,mx1-us1.ppe-hosted.com
+1 205-682-8022,Pure Dermatology & Aesthetics,Dermatologist,puredermalabama.com,"5346 Stadium Trace Pkwy #100, Hoover, AL 35244, United States",emartin@puredermalabama.com,Elizabeth,Martin,Founder,mb,Catch-All,d219787a.ess.barracudanetworks.com
+1 205-682-8022,Pure Dermatology & Aesthetics,Dermatologist,puredermalabama.com,"5346 Stadium Trace Pkwy #100, Hoover, AL 35244, United States",amulkey@puredermalabama.com,April,Mulkey,Office Manager,mb,Catch-All,d219787a.ess.barracudanetworks.com
+1 775-245-2426,Reno Tahoe Dermatology | Dr. Billie Casse,Dermatologist,renotahoederm.com,"5452 Reno Corporate Dr, Reno, NV 89511, United States",billie@renotahoederm.com,Billie,Casse,Owner,mb,Catch-All,aspmx.l.google.com
+1 216-351-7700,Glo Dermatology,Dermatologist,glodermatology.com,"5500 Broadview Rd Suite 100, Parma, OH 44134, United States",shaza@glodermatology.com,Shaza,Daoud,Owner,mb,Catch-All,mail.glodermatology.com
+1 248-436-4888,"Apollo Dermatology & Mohs Surgery Center - Skin Cancer Expert: Arjun Dupati, MD",Dermatologist,apollodermclinic.com,"555 Barclay Cir Suite 170, Rochester Hills, MI 48307, United States",drdupati@apollodermclinic.com,Arjun,Dupati,Founder,mb,Catch-All,alt4.aspmx.l.google.com
+1 248-436-4888,"Apollo Dermatology & Mohs Surgery Center - Skin Cancer Expert: Arjun Dupati, MD",Dermatologist,apollodermclinic.com,"555 Barclay Cir Suite 170, Rochester Hills, MI 48307, United States",kassidy@apollodermclinic.com,Kassidy,Kempinski,"Manager, Medical Office",mb,Catch-All,alt4.aspmx.l.google.com
+1 941-927-1123,"Platinum Healthcare Physical Medicine, PLLC",Sports medicine physician,platinumhealthcaresrq.com,"5560 Bee Ridge Rd #7, Sarasota, FL 34233, United States",daniel@platinumhealthcaresrq.com,Daniel,Rubin,Owner,mb,Catch-All,aspmx.l.google.com
+1 570-622-2900,"Robert M. Kimmel, MD, FACS, PC",Plastic surgeon,keystonecosmetic.com,"575 E Norwegian St, Pottsville, PA 17901, United States",robert@keystonecosmetic.com,Robert,Kimmel,Founder,mb,Catch-All,d244092a.ess.barracudanetworks.com
+1 972-378-0060,Steven S. Orten,Plastic surgeon,ortencosmeticsurgery.com,"6020 W Parker Rd #440, Plano, TX 75093, United States",steveorten@aol.com,Steve,Orten,Owner,mb,Catch-All,mx-aol.mail.gm0.yahoodns.net
+1 631-743-8050,"Ashley Modica, MD",Plastic surgeon,drahmadmd.com,"625 Belle Terre Rd #202, Port Jefferson, NY 11777, United States",arif@drahmadmd.com,Arif,Ahmad,Founder,mb,Catch-All,drahmadmd-com.mail.protection.outlook.com
+1 346-202-4660,"Caroline Clarke, M.D.",Plastic surgeon,drcarolineclarke.com,"625 Regal Row #704, Montgomery, TX 77316, United States",caroline@drcarolineclarke.com,Caroline,Clarke,Owner,mb,Catch-All,aspmx.l.google.com
+1 510-957-9668,The Cosmetic Surgical Center of El Cerrito,Cosmetic surgeon,thecosmeticsurgicalcenter.com,"6328 Fairmount Ave, El Cerrito, CA 94530, United States",brooke@thecosmeticsurgicalcenter.com,Brooke,Patino,Administrator,mb,Catch-All,thecosmeticsurgicalcenter.com.1.0001.arsmtp.com
+1 212-380-1764,ReBalance NYC,Wellness center,rebalancenyc.com,"635 Madison Ave Ste 1400, New York, NY 10022, United States",natalya@rebalancenyc.com,Natalya,Fazylova,CEO,mb,Catch-All,mx10.antispam.mailspamprotection.com
+1 212-517-9777,"David A. Hidalgo, MD",Plastic surgeon,capsularcontracturecures.com,"655 Park Ave, New York, NY 10065, United States",david@drdavidhidalgo.com,David,Hidalgo,Owner,mb,Catch-All,drdavidhidalgo-com.mail.protection.outlook.com
+1 413-592-2828,Abundant Wellness,Wellness center,abundantwellness.net,"665 Prospect St #1, Chicopee, MA 01020, United States",debee@abundantwellness.net,Debee,Boulanger,Owner,mb,Catch-All,abundantwellness-net.mail.protection.outlook.com
+1 434-844-1104,Chance + Co Plastic Surgery and Aesthetics,Plastic surgeon,drchance.com,"675 Peter Jefferson Pkwy Ste 100, Charlottesville, VA 22911, United States",genevieve@drchance.com,Genevieve,Harway,Manager,mb,Catch-All,aspmx.l.google.com
+1 434-844-1104,Chance + Co Plastic Surgery and Aesthetics,Plastic surgeon,drchance.com,"675 Peter Jefferson Pkwy Ste 100, Charlottesville, VA 22911, United States",elizabeth@drchance.com,Elizabeth,Chance,Owner,mb,Catch-All,aspmx.l.google.com
+1 904-420-7372,Jacksonville Dermatology & Cosmetic Surgery,Dermatologist,cosmeticdermatologyjax.com,"6817 Southpoint Pkwy Ste 101, Jacksonville, FL 32216, United States",brandon@cosmeticdermatologyjax.com,Brandon,Beal,Chief Executive Officer,mb,Catch-All,aspmx.l.google.com
+1 505-291-9600,Sandia Cosmetic Facial Surgery,Cosmetic surgeon,sandiacosmeticfacialsurgery.com,"7009 Montgomery Blvd NE Suite A, Albuquerque, NM 87109, United States",eric@sandiacosmeticfacialsurgery.com,Eric,Tuggle,Owner,mb,Catch-All,mx-biz.mail.am0.yahoodns.net
+1 419-948-3376,Bravia Dermatology,Dermatologist,braviaderm.com,"7050 Spring Meadows W Dr, Holland, OH 43528, United States",molenda@braviaderm.com,Matt,Molenda,Owner,mb,Catch-All,aspmx.l.google.com
+1 419-948-3376,Bravia Dermatology,Dermatologist,braviaderm.com,"7050 Spring Meadows W Dr, Holland, OH 43528, United States",brian.farnan@braviaderm.com,Brian,Farnan,Practice Manager,mb,Catch-All,aspmx.l.google.com
+1 425-341-3976,North Sound Dermatology,Dermatologist,northsoundderm.com,"715 Seafarers Way #100, Anacortes, WA 98221, United States",ejs@northsoundderm.com,Eingun,Song,Director of Clinical Research,mb,Catch-All,northsoundderm-com.mail.protection.outlook.com
+1 425-341-3976,North Sound Dermatology,Dermatologist,northsoundderm.com,"715 Seafarers Way #100, Anacortes, WA 98221, United States",dschmidt@northsoundderm.com,Dieter,Schmidt,Founder,mb,Catch-All,northsoundderm-com.mail.protection.outlook.com
+1 859-277-9435,"Commonwealth Plastic Surgery: Jared Nimtz, MD",Plastic surgeon,commonwealthplastics.com,"715 Shaker Dr Ste 100, Lexington, KY 40504, United States",jared@commonwealthplastics.com,Jared,Nimtz,Medical Director,mb,Catch-All,aspmx.l.google.com
+1 760-341-5555,Dr. Mark Sofonio,Plastic surgeon,drsofonio.com,"71885 CA-111, Rancho Mirage, CA 92270, United States",mark@drsofonio.com,Mark,Sofonio,Owner,mb,Catch-All,drsofonio-com.mail.protection.outlook.com
+1 760-341-5555,Dr. Mark Sofonio,Plastic surgeon,drsofonio.com,"71885 CA-111, Rancho Mirage, CA 92270, United States",jacqueline@drsofonio.com,Jacqueline,Hicks,Sales Marketing Administrator,mb,Catch-All,drsofonio-com.mail.protection.outlook.com
+1 760-636-4567,Precision Wellness,Wellness center,precision-wellness.com,"72780 Country Club Dr Suite 400, Building D, Rancho Mirage, CA 92270, United States",martha@precision-wellness.com,Martha,Shepherd,Accountant,mb,Catch-All,precisionwellness-com02c.mail.protection.outlook.com
+1 760-636-4567,Precision Wellness,Wellness center,precision-wellness.com,"72780 Country Club Dr Suite 400, Building D, Rancho Mirage, CA 92270, United States",jed@precision-wellness.com,Jed,Friesen,Principal,mb,Catch-All,precisionwellness-com02c.mail.protection.outlook.com
+1 843-215-1100,"Grand Strand Dermatology, Llc",Dermatologist,gsderm.com,"7410 SC-707, Myrtle Beach, SC 29588, United States",marynell@gsderm.com,MaryNell,Goolsby,Director of Operations,mb,Catch-All,gsderm.com.1.0001.arsmtp.com
+1 843-215-1100,"Grand Strand Dermatology, Llc",Dermatologist,gsderm.com,"7410 SC-707, Myrtle Beach, SC 29588, United States",nathan@gsderm.com,Nathan,Jones,Founder,mb,Catch-All,gsderm.com.1.0001.arsmtp.com
+1 509-946-9355,Stellar You Wellness Center,Naturopathic practitioner,stellaryou.com,"750 Swift Blvd Ste 17, Richland, WA 99352, United States",noel@stellaryou.com,Noel,Hubbs,Founder,mb,Catch-All,aspmx.l.google.com
+1 559-432-6212,Aesthetic Plastic Surgery Associates,Plastic surgeon,plasticsurgeonsfresno.com,"7501 N Fresno St #104, Fresno, CA 93720, United States",szuniga@plasticsurgeonsfresno.com,Stephen,Zuniga,Plastic Surgeon,mb,Catch-All,plasticsurgeonsfresno-com.mail.protection.outlook.com
+1 520-299-5694,My Passion 4 Health,Wellness center,mypassion4health.com,"7533 N Window Peak Rd, Tucson, AZ 85718, United States",alex@mypassion4health.com,Alexander,,CEO,mb,Catch-All,mx10.antispam.mailspamprotection.com
+1 520-299-5694,My Passion 4 Health,Wellness center,mypassion4health.com,"7533 N Window Peak Rd, Tucson, AZ 85718, United States",mary@mypassion4health.com,Mary,Ackerley,Founder,mb,Catch-All,mx10.antispam.mailspamprotection.com
+1 843-723-6529,Clearline Dermatology,Dermatologist,clearlinedermatology.com,"776 Daniel Ellis Dr Ste 1A, Charleston, SC 29412, United States",richard@clearlinedermatology.com,Richard,Pierce,Founder,mb,Catch-All,clearlinedermatology-com.mail.protection.outlook.com
+1 513-891-5438,"Donath Facial Plastic Surgery: Dr. Alexander Donath, MD, FACS",Plastic surgeon,cincyfacialplastics.com,"7763 Montgomery Rd, Cincinnati, OH 45236, United States",alexander@cincyfacialplastics.com,Alexander,Donath,Founder,mb,Catch-All,cincyfacialplastics-com.mail.protection.outlook.com
+1 305-535-3550,Dr. Phillip Craft MD,Plastic surgeon,bodybycraft.com,"777 Arthur Godfrey Rd #301, Miami Beach, FL 33140, United States",anna@bodybycraft.com,Anna,Craft,"Manager, Practice Development",mb,Catch-All,dc-621cdd288957.bodybycraft.com
+1 904-495-0975,Garcia Facial Plastic Surgery,Plastic surgeon,garciainstitute.com,"7807 Baymeadows Rd E #301, Jacksonville, FL 32256, United States",drgarcia@garciainstitute.com,Phillip,Garcia,Founder,mb,Catch-All,garciainstitute-com.mail.protection.outlook.com
+1 425-224-6846,Bluewater Medical,Naturopathic practitioner,bluewatermednw.com,"7815 Center Blvd SE, Snoqualmie, WA 98065, United States",james@bluewatermednw.com,James,Stirrett,CEO,mb,Catch-All,aspmx.l.google.com
+1 214-814-8821,Robert Schwartz Plastic Surgery,Plastic surgeon,rsplastic.com,"7859 Walnut Hill Ln Ste 330, Dallas, TX 75230, United States",robert@rsplastic.com,Robert,Schwartz,Owner,mb,Catch-All,aspmx.l.google.com
+1 913-754-4939,"Daniel P. Bortnick, MD",Plastic surgeon,usdermatologypartners.com,"7901 W 135th St #100, Overland Park, KS 66223, United States",paul.singh@usdermatologypartners.com,Paul,Singh,Chief Executive Officer,mb,Catch-All,d170183a.ess.barracudanetworks.com
+1 910-295-1130,The Laser Institute Of Pinehurst,Dermatologist,pinehurstlaser.com,"80 Aviemore Ct A, Pinehurst, NC 28374, United States",ofelia@pinehurstlaser.com,Ofelia,Melley,Owner,mb,Catch-All,pinehurstlaser-com.mx1.arsmtp.com
+1 818-240-2233,Body Systems Wellness,Wellness center,bodysystemswellness.com,"800 S Central Ave Ste 201, Glendale, CA 91204, United States",shahen@bodysystemswellness.com,Shahen,Kurestian,CEO,mb,Catch-All,aspmx.l.google.com
+1 954-317-0981,Revitalize Cosmetic Surgical Arts,Cosmetic surgeon,revitalize.vip,"800 SE 4th Ave Suite 502, Hallandale Beach, FL 33009, United States",christianq@revitalize.vip,Christian,Quintero,Founder,mb,Catch-All,aspmx.l.google.com
+1 954-317-0981,Revitalize Cosmetic Surgical Arts,Cosmetic surgeon,revitalize.vip,"800 SE 4th Ave Suite 502, Hallandale Beach, FL 33009, United States",gaby@revitalize.vip,Gabriella,Herrera,Surgical Manager,mb,Catch-All,aspmx.l.google.com
+1 856-702-3504,BKS Hair Restoration,Hair transplantation clinic,bkshair.com,"807 N Haddon Ave Ste 2, Haddonfield, NJ 08033, United States",drshah@bkshair.com,Bhumik,Shah,Owner,mb,Catch-All,SMTP.GOOGLE.com
+1 240-600-1682,Pure Dermatology & Cosmetic Center,Dermatologist,pureskindoc.com,"8401 Connecticut Ave Suite 460, Chevy Chase, MD 20815, United States",angela@pureskindoc.com,Angela,Lotsikas,Founder and Medical Director,mb,Catch-All,aspmx.l.google.com
+1 832-843-2702,"Arroyo Plastic Surgery | Christian Arroyo, MD",Plastic surgeon,arroyoplasticsurgeryhouston.com,"841 Yale St Ste 300, Houston, TX 77007, United States",christian@arroyoplasticsurgeryhouston.com,Christian,Arroyo,Founder,mb,Catch-All,aspmx.l.google.com
+1 844-226-6868,Aesthetic Contours By Dr. Heidari,Plastic surgeon,aesthetic-contours.com,"843 E Foothill Blvd, Upland, CA 91786, United States",ali@aesthetic-contours.com,Ali,Heidari,Owner,mb,Catch-All,aestheticcontours-com02c.mail.protection.outlook.com
+1 772-398-3376,Rogers Cynthia MD,Dermatologist,floridaskindoctor.com,"8503 S U.S. Hwy 1, Port St. Lucie, FL 34952, United States",amycristaldi@yahoo.com,Amy,Cristaldi,Office Manager,mb,Catch-All,mta7.am0.yahoodns.net
+1 305-381-8900,"W. Scott McDonald, MD",Plastic surgeon,wscottmcdonald.com,"8740 N Kendall Dr Ste 101, Miami, FL 33176, United States",wscottmcdonald@bellsouth.net,William Scott,McDonald,Owner,mb,Catch-All,mx-att.mail.am0.yahoodns.net
+1 786-596-2000,"Miguel A Medina, MD",Plastic surgeon,miamicancerinstitute.com,"8900 N Kendall Dr, Miami, FL 33176, United States",leonardk@baptisthealth.net,Leonard,Kalman,Acting Chief Executive Officer,mb,Catch-All,mxb-00047104.gslb.pphosted.com
+1 858-412-3271,"Mona Z. Mofid, MD, Dermatologist",Dermatologist,drmonamofid.com,"8929 University Center Ln #202, San Diego, CA 92122, United States",mona@drmonamofid.com,Mona,Mofid,Owner,mb,Catch-All,aspmx.l.google.com
+1 424-235-5157,"Feras Yamin, MD",Plastic surgeon,yaminplasticsurgery.com,"8929 Wilshire Blvd #102, Beverly Hills, CA 90211, United States",dryamin@yaminplasticsurgery.com,Feras,Yamin,Owner,mb,Catch-All,aspmx.l.google.com
+1 912-920-2090,RenewalMD,Plastic surgeon,myrenewalmd.com,"900 Mohawk St suite a, Savannah, GA 31419, United States",meghan@myrenewalmd.com,Meghan,McGovern,Founder,mb,Catch-All,myrenewalmd-com.mx1.arsmtp.com
+1 208-302-2200,Linsey Etherington MD,Plastic surgeon,saintalphonsus.org,"900 N Liberty St #101, Boise, ID 83704, United States",david.mcfadyen@saintalphonsus.org,David,McFadyen,President and CEO,mb,Catch-All,mx2.hc2802-61.iphmx.com
+1 208-302-2200,Linsey Etherington MD,Plastic surgeon,saintalphonsus.org,"900 N Liberty St #101, Boise, ID 83704, United States",travis.leach@saintalphonsus.org,Travis,Leach,President of Regional Medical Center,mb,Catch-All,mx2.hc2802-61.iphmx.com
+1 516-465-8787,Lyle Leipziger MD,Plastic surgeon,drleipziger.com,"900 Northern Blvd #130, Great Neck, NY 11021, United States",lyle@drleipziger.com,Lyle,Leipziger,Owner,mb,Catch-All,drleipziger-com.mail.protection.outlook.com
+1 317-573-8899,Chernoff Cosmetic Surgery,Cosmetic surgeon,drchernoff.com,"9002 N Meridian St Ste 205, Indianapolis, IN 46260, United States",gregory@drchernoff.com,Gregory,Chernoff,Founder,mb,Catch-All,drchernoff.com.1.0001.arsmtp.com
+1 303-287-2800,Center for Spine & Orthopedics,Orthopedic clinic,centerforspineandortho.com,"9005 Grant St Ste. 200, Thornton, CO 80229, United States",stepanc@centerforspineandortho.com,Curtis,Stepan,Chief Executive Officer,mb,Catch-All,d119156a.ess.barracudanetworks.com
+1 281-681-3905,Rivela Plastic Surgery & Med Spa,Plastic surgeon,rivelaplasticsurgery.com,"9191 Pinecroft Dr Ste 150, The Woodlands, TX 77380, United States",lucian.rivela@rivelaplasticsurgery.com,Lucian,Rivela,Owner,mb,Catch-All,rivelaplasticsurgery-com.mail.protection.outlook.com
+1 561-368-9455,"Dr. Cristina Keusch, Boca Raton Plastic Surgery Center",Plastic surgeon,drkeusch.com,"950 Glades Rd STE 3, Boca Raton, FL 33431, United States",cristina@drkeusch.com,Cristina,Keusch,Founder,mb,Catch-All,d134919a.ess.barracudanetworks.com
+1 626-317-0207,"Shine Health and Wellness: Kimberley Shine, MD",Wellness center,shinehealthwellness.com,"960 E Green St Suite 206, Pasadena, CA 91106, United States",kimberley@shinehealthwellness.com,Kimberley,Shine,Founder,mb,Catch-All,shinehealthwellness-com.mail.protection.outlook.com
+1 310-203-0511,Dr. Neal Handel MD,Plastic surgeon,drhandel.com,"9675 Brighton Way #340, Beverly Hills, CA 90210, United States",ptcare@drhandel.com,Neal,Handel,Owner,mb,Catch-All,aspmx.l.google.com
+1 310-203-0511,"Marc Mani, MD",Plastic surgeon,marcmani.com,"9675 Brighton Way #340, Beverly Hills, CA 90210, United States",reid@marcmani.com,Reid,Graham,Patient Care Director,mb,Catch-All,marcmani-com.mail.protection.outlook.com
+1 404-255-0886,Perimeter Plastic Surgery,Plastic surgeon,perimeterplasticsurgery.com,"980 Johnson Ferry Rd NE Suite 510, Atlanta, GA 30342, United States",mark@perimeterplasticsurgery.com,Mark,Deutsch,Founder,mb,Catch-All,aspmx.l.google.com
+1 651-493-8501,Riverview Facial Plastic Surgery,Plastic surgeon,riverviewfacialplastic.com,"991 Sibley Memorial Hwy #202, St Paul, MN 55118, United States",daniel@riverviewfacialplastic.com,Daniel,Schneider,Owner,mb,Catch-All,alt3.aspmx.l.google.com
+1 947-222-5439,NewPeak Body Sculpting,Wellness center,newpeakbodysculpting.com,"behind Edward Jones, on backside of building, 321 Pettibone St #101a, South Lyon, MI 48178, United States",cathrine@newpeakbodysculpting.com,Cathrine,Arneson,Owner,mb,Catch-All,aspmx.l.google.com
+1 414-955-1050,"Sachin Pawar, MD - Facial Plastic & Reconstructive Surgery",Plastic surgeon,sachinpawarmd.com,"FORME Aesthetic and Vein Center, 1155 N Mayfair Rd, Wauwatosa, WI 53226, United States",spawar@mcw.edu,Sachin,Pawar,Owner,mb,Catch-All,mxb-0021c101.gslb.pphosted.com
+1 908-353-5008,Heavenly Spa Aesthetic Center,Health spa,heavenlymedcenter.com,"Parkside Plaza, 1600 St Georges Ave 2nd floor. Suite 218, Rahway, NJ 07065, United States",monica@heavenlymedcenter.com,Monica,Bahamon,Owner,mb,Catch-All,mx156.hostedmxserver.com
+1 623-248-0297,Uncharted Healthcare,Wellness center,unchartedhealthcare.com,"Shipping Address, 15150 W Pk Pl Suite 215, Goodyear, AZ 85395, United States",janet@unchartedhealthcare.com,Janet,Tate-Brown,Owner,mb,Catch-All,alt3.aspmx.l.google.com
+1 205-900-2000,Southern Skies Dermatology and Surgery,Dermatologist,southernskiesdermatology.com,"Southern Skies Dermatology and Surgery, Regional Medical Center, 300 Medical Center Dr 402 Floor 4, Gadsden, AL 35903, United States",mario.maruthur@southernskiesdermatology.com,Mario,Maruthur,Mohs Micrographic Surgeon and Owner,mb,Catch-All,aspmx.l.google.com
+1 315-663-0100,Dermatology Associates,Dermatologist,fazeliderm.com,"Suite 110 or 215, 4000 Medical Center Dr, Fayetteville, NY 13066, United States",amin@fazeliderm.com,Amin,Fazeli,President & Founder,mb,Catch-All,fazeliderm-com.mail.protection.outlook.com
+1 301-567-5005,Progressive Feet: Oxon Hill Foot and Ankle Center and Wound Care,Orthopedic clinic,progressivefeet.com,"Suite 203, 6130 Oxon Hill Rd #305, Oxon Hill, MD 20745, United States",arash.changizi@progressivefeet.com,Arash,Changizi,Chief Executive Officer,mb,Catch-All,aspmx.l.google.com
+1 505-309-4733,Trifecta Light Center,Wellness center,trifectalightcenter.com,"Upstairs inside Cottonwood Mall next to Mor Furnit, 10000 Coors Bypass NW Ste G 221, Albuquerque, NM 87114, United States",dan@trifectalightcenter.com,Dan,Spanogle,Owner,mb,Catch-All,route3.mx.cloudflare.net
+1 203-562-7662,Esana Plastic Surgery Center & MedSpa,Plastic surgeon,esanamedspa.com,"1 Audubon St #201, New Haven, CT 06511, United States",mtrotman@esanamedspa.com,Michelle,Trotman,Office Manager,mb,Catch-All,esanamedspa-com.mail.protection.outlook.com
+1 727-474-9399,St. Petersburg Skin and Laser,Dermatologist,stpeteskinandlaser.com,"100 40th Ave N, St. Petersburg, FL 33703, United States",kat@stpeteskinandlaser.com,Kat,Kesty,Founder,mb,Catch-All,aspmx.l.google.com
+1 727-474-9399,St. Petersburg Skin and Laser,Dermatologist,stpeteskinandlaser.com,"100 40th Ave N, St. Petersburg, FL 33703, United States",nicole@stpeteskinandlaser.com,Nicole,Gagliardo,Office Manager,mb,Catch-All,aspmx.l.google.com
+1 410-296-1980,"Sultan Facial Plastic and Reconstructive Surgery: Babar Sultan MD, FACS",Plastic surgeon,sultanfacialplastics.com,"100 West Road #111, Towson, MD 21204, United States",drsultan@sultanfacialplastics.com,Babar,Sultan,Founder,mb,Catch-All,sultanfacialplastics-com.mail.protection.outlook.com
+1 305-928-7757,Salas Plastic Surgery,Plastic surgeon,salasplasticsurgerymiami.com,"1000 N Hiatus Rd #140, Pembroke Pines, FL 33026, United States",drsalas@spsmiami.com,Rafael,Salas,Founder,mb,Catch-All,aspmx.l.google.com
+1 305-928-7757,Salas Plastic Surgery,Plastic surgeon,salasplasticsurgerymiami.com,"1000 N Hiatus Rd #140, Pembroke Pines, FL 33026, United States",clarissa@spsmiami.com,Clarissa,,Office Manager,mb,Catch-All,aspmx.l.google.com
+1 310-844-0828,Pure Dermatology & Aesthetics- Nina Desai MD-,Dermatologist,puredermatologymb.com,"1000 N Sepulveda Blvd Ste 250, Manhattan Beach, CA 90266, United States",nina@puredermatologymb.com,Nina,Desai,Founder,mb,Catch-All,puredermatologymb-com.mail.protection.outlook.com
+1 856-355-7137,Penn Medicine | Virtua Plastic & Reconstructive Surgery - Marlton,Plastic surgeon,virtua.org,"1001 NJ-73 Upper Level B, Marlton, NJ 08053, United States",shatch@virtua.org,Susan,Hatch,Corporate Compliance Officer,mb,Catch-All,mxb-00217601.gslb.pphosted.com
+1 856-355-7137,Penn Medicine | Virtua Plastic & Reconstructive Surgery - Marlton,Plastic surgeon,virtua.org,"1001 NJ-73 Upper Level B, Marlton, NJ 08053, United States",dpullin@virtua.org,Dennis,Pullin,President and CEO,mb,Catch-All,mxb-00217601.gslb.pphosted.com
+1 918-254-6793,"Dr. Brent A. Rubis, MD",Plastic surgeon,rubisplasticsurgery.com,"10119-A E 80th St, Tulsa, OK 74133, United States",tracy@rubisplasticsurgery.com,Tracy,Rubis,CFO & Administrator,mb,Catch-All,aspmx.l.google.com
+1 866-337-4251,Derick Dermatology - Lindenhurst,Dermatologist,derickdermatology.com,"1025 Red Oak Ln Ste 250, Lindenhurst, IL 60046, United States",mkerrigan@derickdermatology.com,Mike,Kerrigan,Facilities Manager,mb,Catch-All,derickdermatology-com.mx1.arsmtp.com
+1 866-337-4251,Derick Dermatology - Lindenhurst,Dermatologist,derickdermatology.com,"1025 Red Oak Ln Ste 250, Lindenhurst, IL 60046, United States",amyd@derickdermatology.com,Amy,Derick,Founder and CEO,mb,Catch-All,derickdermatology-com.mx1.arsmtp.com
+1 352-556-5248,The Julian Institute of Plastic Surgery,Plastic surgeon,julianplasticsurgery.com,"10429 Spring Hill Dr #103, Spring Hill, FL 34608, United States",marc@julianplasticsurgery.com,Marc,Polecritti,Founder,mb,Catch-All,aspmx.l.google.com
+1 414-433-7692,"M. Dika Dermatology, S.C. - Burlington",Dermatologist,mdikadermatology.com,"1050 Milwaukee Ave #101, Burlington, WI 53105, United States",dr.dika@mdikadermatology.com,Marthe,Dika,Founder,mb,Catch-All,smtp.google.com
+1 541-897-9717,Dr. Kevin Day,Plastic surgeon,brighterdaysurgery.com,"1128 NE 2nd St, Corvallis, OR 97330, United States",kday@brighterdaysurgery.com,Kevin,Day,"Owner, CEO, and Plastic Surgeon",mb,Catch-All,brighterdaysurgery-com.mail.protection.outlook.com
+1 804-934-3223,Niamtu Cosmetic Facial Surgery,Plastic surgeon,lovethatface.com,"11319 Polo Pl, Midlothian, VA 23113, United States",niamtu@niamtu.com,Joe,Niamtu,Founder,mb,Catch-All,niamtu-com.mail.protection.outlook.com
+1 843-646-8430,"DUSTIN ECK, MD",Plastic surgeon,mcleodhealth.org,"115 McLeod Health Blvd Building 3, Suite 201, Myrtle Beach, SC 29579, United States",tellington@mcleodhealth.org,Tiffany,Ellington,Director of Physician Recruitment,mb,Catch-All,mcleodhealth-org.mail.protection.outlook.com
+1 843-646-8430,"DUSTIN ECK, MD",Plastic surgeon,mcleodhealth.org,"115 McLeod Health Blvd Building 3, Suite 201, Myrtle Beach, SC 29579, United States",disgett@mcleodhealth.org,Donna,Isgett,President and CEO,mb,Catch-All,mcleodhealth-org.mail.protection.outlook.com
+1 203-880-5588,John Reilly MD Plastic Surgeon,Plastic surgeon,ctplasticsurgeons.com,"115 Technology Dr Unit B306, Trumbull, CT 06611, United States",drjohnreilly@ctplasticsurgeons.com,John,Reilly,Owner,mb,Catch-All,mx1-us1.ppe-hosted.com
+1 847-432-0840,"Body By Bloch: Steven Bloch, MD",Plastic surgeon,bodybybloch.com,"1160 Park Ave W Ste 2E, Highland Park, IL 60035, United States",stevenbloch@bodybybloch.com,Steven,Bloch,Founder / MD,mb,Catch-All,smtp.secureserver.net
+1 301-770-4967,Women's Health Specialists,Women's health clinic,whspecialists.com,"11921 Rockville Pike Ste 400, Rockville, MD 20852, United States",mcollins@advantiahealth.com,Matthew,Collins,Chief Executive Officer,mb,Catch-All,advantiahealth-com.mail.protection.outlook.com
+1 858-252-6826,"Amir M. Karam, M.D",Plastic surgeon,drkaram.com,"11943 El Camino Real #100, San Diego, CA 92130, United States",katherine@drkaram.com,Katherine,Howell,Practice Manager,mb,Catch-All,aspmx.l.google.com
+1 813-871-5000,"Tampa Bay Plastic Surgery, Inc.",Plastic surgeon,davidhalpernmd.com,"120 S Fremont Ave, Tampa, FL 33606, United States",d.halpern@att.net,David,Halpern,Owner,mb,Catch-All,mx-att.mail.am0.yahoodns.net
+1 954-987-8100,Plastic Surgery Specialists of South Florida,Plastic surgeon,psssf.com,"1201 N 35th Ave #200, Hollywood, FL 33021, United States",yoav@psssf.com,Yoav,Barnavon,Founder,mb,Catch-All,us.mx-pp.com
+1 812-917-7252,Wabash Valley Dermatology and Medspa,Dermatologist,wvderm.net,"1208 E Canvasback Dr, Terre Haute, IN 47802, United States",lindsay@wvderm.net,Lindsay,Wilson,Owner,mb,Catch-All,mx1-us1.ppe-hosted.com
+1 206-860-5582,"Cindy Wei, MD",Plastic surgeon,optumplasticsurgery.com,"1229 Madison St Suite 1600, Seattle, WA 98104, United States",john.kist@optum.polyclinic.com,John,Kist,Operations Director,mb,Catch-All,mxb-0077b904.gslb.pphosted.com
+1 408-246-2349,"Tony H. Pham, MD",Plastic surgeon,drtonypham.com,"123 Di Salvo Ave h, San Jose, CA 95128, United States",drpham@drtonypham.com,Tony,Pham,Owner,mb,Catch-All,mx-biz.mail.am0.yahoodns.net
+1 475-400-9455,Young Skin Dermatology,Dermatologist,youngskinmed.com,"123 High Ridge Rd 2nd Floor, Stamford, CT 06905, United States",saryna@youngskinmed.com,Saryna,Young,Founder,mb,Catch-All,youngskinmed-com.mail.protection.outlook.com
+1 804-724-7244,Stanwix Plastic Surgery,Plastic surgeon,drstanwix.com,"12320 W Broad St #205, Henrico, VA 23233, United States",matthew@drstanwix.com,Matthew,Stanwix,Owner,mb,Catch-All,drstanwix-com.mail.protection.outlook.com
+1 571-289-9600,Rho Wellness,Women's health clinic,rhowellness.com,"125 E Hirst Rd Suite 4A, Purcellville, VA 20132, United States",melinda@rhowellness.com,Melinda,Rhoads,Founder,mb,Catch-All,mx1-us1.ppe-hosted.com
+1 239-482-7676,Sharma Plastic Surgery,Plastic surgeon,sharmaplasticsurgery.com,"12640 Creekside Ln, Fort Myers, FL 33919, United States",rachel@sharmaplasticsurgery.com,Rachel,,Office Manager,mb,Catch-All,sharmaplasticsurgery-com.mail.protection.outlook.com
+1 239-482-7676,Sharma Plastic Surgery,Plastic surgeon,sharmaplasticsurgery.com,"12640 Creekside Ln, Fort Myers, FL 33919, United States",davek@sharmaplasticsurgery.com,Davek,Sharma,Owner,mb,Catch-All,sharmaplasticsurgery-com.mail.protection.outlook.com
+1 770-742-0419,Undeniable Healthcare Wellness Spa,Health spa,undeniablespa.com,"1280 Hwy 74 S Ste 200, Peachtree City, GA 30269, United States",tie@undeniablehealthcare.com,Tiearea,Sims,Founder,mb,Catch-All,aspmx.l.google.com
+1 980-689-2914,Another Life Wellness Studio (Formerly Livewell Spa),Health spa,startanotherlife.com,"129 Mecklynn Rd Ste D, Mooresville, NC 28117, United States",benjamin@startanotherlife.com,Benjamin,Vanhook,Founder,mb,Catch-All,smtp.google.com
+1 757-321-3300,Atlantic Orthopaedic Specialists - Chesapeake,Orthopedic clinic,atlanticortho.com,"1309 Executive Blvd Suite 100, Chesapeake, VA 23320, United States",morrisc@atlanticortho.com,Cecil,Morris,CEO & Administrator,mb,Catch-All,atlanticortho-com.mail.protection.outlook.com
+1 212-230-3378,"Hooman Khorasani, M.D.",Plastic surgeon,drkhorasani.com,"135 5th Ave 3rd Floor, New York, NY 10010, United States",drkhorasani@drkhorasani.com,Hooman,Khorasani,Owner,mb,Catch-All,mx.paubox.com
+1 212-230-3378,"Hooman Khorasani, M.D.",Plastic surgeon,drkhorasani.com,"135 5th Ave 3rd Floor, New York, NY 10010, United States",cindy@drkhorasani.com,Cindy,Khorasani,Practice Manager,mb,Catch-All,mx.paubox.com
+1 727-335-3113,Hydrate & Heal,Wellness center,lyb.care,"13787 S Belcher Rd Ste 330, Largo, FL 33771, United States",shanna@lyb.care,Shanna,Bonanno,Owner,mb,Catch-All,lyb-care.mail.protection.outlook.com
+1 910-769-2891,The Hemp Farmacy - Midtown,Wellness center,hempfarmacy.us,"1402 - 1 College Rd, Wilmington, NC 28403, United States",justin@hempfarmacy.us,Justin,Hamilton,Founder & CEO,mb,Catch-All,aspmx.l.google.com
+1 909-792-1100,"Todd C. Rau, MD",Plastic surgeon,rauplasticsurgery.com,"1467 Ford St Ste 101, Redlands, CA 92373, United States",drrau@rauplasticsurgery.com,Todd,Rau,Owner,mb,Catch-All,rauplasticsurgery-com.mail.protection.outlook.com
+1 518-328-3330,"Rockmore Plastic Surgery: Jeffrey Rockmore, MD",Plastic surgeon,rockmoreplasticsurgery.com,"15 Old Loudon Rd, Latham, NY 12110, United States",jeffrey@rockmoreplasticsurgery.com,Jeffrey,Rockmore,Owner,mb,Catch-All,aspmx.l.google.com
+1 949-202-0634,"Angela Champion, M.D.",Plastic surgeon,achampionmd.com,"1501 Westcliff Dr # 210, Newport Beach, CA 92660, United States",angela@achampionmd.com,Angela,Champion,Owner,mb,Catch-All,achampionmd-com.mail.protection.outlook.com
+1 717-494-4500,Natural Paths to Wellness,Naturopathic practitioner,naturalpathstowellness.com,"1524 Cedar Cliff Dr, Camp Hill, PA 17011, United States",jessica@naturalpathstowellness.com,Jessica,Shoemaker,Owner,mb,Catch-All,d275158a.ess.barracudanetworks.com
+1 847-205-1680,Concierge + MAE Aesthetics & Plastic Surgery,Plastic surgeon,maeplasticsurgery.com,"1535 Lake Cook Rd Unit 211, Northbrook, IL 60062, United States",michael@maeplasticsurgery.com,Michael,Epstein,Founder,mb,Catch-All,aspmx.l.google.com
+1 801-266-8841,Swinyer-Woseth Dermatology,Dermatologist,dwoseth.com,"1548 E 4500 S STE 202, Salt Lake City, UT 84117, United States",douglas@dwoseth.com,Douglas,Woseth,Owner,mb,Catch-All,dwoseth-com.mail.protection.outlook.com
+1 801-266-8841,Swinyer-Woseth Dermatology,Dermatologist,dwoseth.com,"1548 E 4500 S STE 202, Salt Lake City, UT 84117, United States",branden@dwoseth.com,Branden,Tamayo,Practice Manager,mb,Catch-All,dwoseth-com.mail.protection.outlook.com
+1 239-946-5066,"Douglas Stevens, MD",Plastic surgeon,douglasstevensmd.com,"15721 New Hampshire Ct, Fort Myers, FL 33908, United States",douglas.stevens@douglasstevensmd.com,Douglas,Stevens,Founder,mb,Catch-All,douglasstevensmd-com.mail.protection.outlook.com
+1 949-225-0101,"Dr. Valaie, MD - Cosmetic Surgeon",Cosmetic surgeon,drvalaie.com,"1601 Dove St #125, Newport Beach, CA 92660, United States",faraz@drvalaie.com,Faraz,Valaie,Founder,mb,Catch-All,ASPMX.L.GOOGLE.com
+1 312-380-6747,Center for Dermatology and Aesthetic Medicine,Dermatologist,chicagodermmd.com,"165 W Chicago Ave, Chicago, IL 60654, United States",faiyaaz@chicagodermmd.com,Faiyaaz,Kalimullah,Co-Founder,mb,Catch-All,smtp1-msp.securence.com
+1 210-714-5390,Alluring Aesthetics: Dr. Wendie Grunberg,Plastic surgeon,alluringaesthetics.com,"16530 Huebner Rd #211, San Antonio, TX 78248, United States",wendie@alluringaesthetics.com,Wendie,Grunberg,Founder,mb,Catch-All,aspmx.l.google.com
+1 208-344-4900,Kramer Plastic Surgery: Dr. Jonathan Kramer,Plastic surgeon,kramerplasticsurgery.com,"1736 S Millennium Way, Meridian, ID 83642, United States",jkramer@kramerplasticsurgery.com,Jonathan,Kramer,Owner,mb,Catch-All,kramerplasticsurgery-com.mail.protection.outlook.com
+1 714-215-4516,Renu dermatology and wellness,Dermatologist,renudermatology.com,"1741 W Romneya Dr # E, Anaheim, CA 92801, United States",daniel@renudermatology.com,Daniel,Nguyen,Medical Director,mb,Catch-All,aspmx.l.google.com
+1 509-512-3372,Premier Health Women’s Wellness and Obstetrics,Women's health clinic,premierhealthml.com,"1800 Clover Dr suite 4, Moses Lake, WA 98837, United States",ryan@premierhealthml.com,Ryan,Rasmussen,Owner,mb,Catch-All,aspmx.l.google.com
+1 815-215-8292,Dolehide Dermatology,Dermatologist,dolehidedermatology.com,"1851 Silver Cross Blvd #150, New Lenox, IL 60451, United States",conor.dolehide@dolehidedermatology.com,Conor,Dolehide,Founder,mb,Catch-All,aspmx.l.google.com
+1 320-259-4100,St. Cloud Orthopedics,Orthopedic clinic,stcloudorthopedics.com,"1901 Connecticut Ave S, Sartell, MN 56377, United States",ekelly@stcloudorthopedics.com,Ed,Kelly,CEO,mb,Catch-All,d207225a.ess.barracudanetworks.com
+1 320-259-4100,St. Cloud Orthopedics,Orthopedic clinic,stcloudorthopedics.com,"1901 Connecticut Ave S, Sartell, MN 56377, United States",bworzala@stcloudorthopedics.com,Bill,Worzala,Practice Administrator,mb,Catch-All,d207225a.ess.barracudanetworks.com
+1 561-556-3191,Action Men’s Health,Reproductive health clinic,actionmenshealth.com,"1920 Palm Beach Lakes Blvd STE 115, West Palm Beach, FL 33409, United States",vandan@actionmenshealth.com,Vandan,Amin,Chief Executive Officer,mb,Catch-All,aspmx.l.google.com
+1 856-751-7550,"Dr. Lyle M. Back, M.D",Plastic surgeon,ilovelyleback.com,"1942 E Marlton Pike, Cherry Hill Township, NJ 08003, United States",lyle@ilovelyleback.com,Lyle,Back,Owner,mb,Catch-All,ilovelyleback-com.mail.protection.outlook.com
+1 918-727-8000,Dry Living Center of Oklahoma,Health spa,drylivingcenter.com,"2000 S Wheeling Ave #800, Tulsa, OK 74104, United States",monica@drylivingcenter.com,Monica,Maner,Manager,mb,Catch-All,drylivingcenter-com.mail.protection.outlook.com
+1 918-727-8000,Dry Living Center of Oklahoma,Health spa,drylivingcenter.com,"2000 S Wheeling Ave #800, Tulsa, OK 74104, United States",nicole@drylivingcenter.com,Nicole,Castellese,Owner,mb,Catch-All,drylivingcenter-com.mail.protection.outlook.com
+1 605-725-5030,Dakota Plastic Surgery,Plastic surgeon,drmukerji.com,"201 S Lloyd St W230, Aberdeen, SD 57401, United States",manager@dakotaplasticsurgery.com,,,Manager,mb,Catch-All,aspmx.l.google.com
+1 956-307-3404,Elite Cosmetic Surgery Mission,Cosmetic surgeon,elitecosmeticw.com,"2010 E Griffin Pkwy, Mission, TX 78572, United States",privera@elitecosmeticw.com,Pablo,Rivera,Founder,mb,Catch-All,mx.elitecosmeticw.com
+1 480-374-2935,"David A. Hecht, MD, PC",Plastic surgeon,drdavidhecht.com,"20201 N Scottsdale Healthcare Dr #250, Scottsdale, AZ 85255, United States",david@drdavidhecht.com,David,Hecht,Owner,mb,Catch-All,drdavidhecht-com.mail.protection.outlook.com
+1 406-577-2346,Gallatin Plastic Surgery,Plastic surgeon,gallatinplasticsurgery.com,"203 Enterprise Blvd Ste 202, Bozeman, MT 59715, United States",jarred.mcdaniel@gallatinplasticsurgery.com,Jarred,McDaniel,Founder,mb,Catch-All,mx2.mailchannels.net
+1 949-647-5440,Cruise Plastic Surgery,Plastic surgeon,orangecountycosmeticsurgery.com,"2081 San Joaquin Hills Rd, Newport Beach, CA 92660, United States",jcruise@cruiseplasticsurgery.com,Joseph,Cruise,Owner,mb,Catch-All,ASPMX.L.GOOGLE.com
+1 561-748-0510,Jupiter Dermatology & Hair Restoration,Dermatologist,jupiterderm.com,"2101 US-1, Jupiter, FL 33477, United States",ricardo@jupiterderm.com,Ricardo,Mejia,Founder,mb,Catch-All,aspmx.l.google.com
+1 561-748-0510,Jupiter Dermatology & Hair Restoration,Dermatologist,jupiterderm.com,"2101 US-1, Jupiter, FL 33477, United States",officemanager@jupiterderm.com,,,Office Manager,mb,Catch-All,aspmx.l.google.com
+1 252-966-1943,"Aegean Medical New Bern, NC",Cosmetic surgeon,aegeanmedical.com,"2111 Neuse Blvd Suite J, New Bern, NC 28560, United States",angelo@aegeanmedical.com,Angelo,Tellis,Business Owner,mb,Catch-All,aegeanmedical-com.mail.protection.outlook.com
+1 256-979-1250,"Renew Family Dermatology, LLC",Dermatologist,renewfamilydermatology.com,"212 Airport Rd W, Fort Payne, AL 35968, United States",pmason2@renewfamilydermatology.com,Pam,Parker Mason,Office Manager,mb,Catch-All,mx2-us1.ppe-hosted.com
+1 312-600-5826,Illinois Skin Center,Dermatologist,ilskin.com,"2202 N Halsted St suite 1, Chicago, IL 60614, United States",david@ilskin.com,David,Othman,MD,mb,Catch-All,aspmx.l.google.com
+1 970-496-4118,Alpenglow Spa,Spa and health club,keystoneresort.com,"22101 US-6, Keystone, CO 80435, United States",sbuhler@vailresorts.com,Shannon,Buhler,Vice President and General Manager,mb,Catch-All,mxb-00219202.gslb.pphosted.com
+1 410-332-9700,Cosmetic Medicine and Surgery at Mercy,Plastic surgeon,mdmercy.com,"227 St Paul Pl, Baltimore, MD 21202, United States",kstambac@mdmercy.com,Kara,Stambach,Director of Grants and Communications,mb,Catch-All,mdmercy-com.mx1.arsmtp.com
+1 410-332-9700,Cosmetic Medicine and Surgery at Mercy,Plastic surgeon,mdmercy.com,"227 St Paul Pl, Baltimore, MD 21202, United States",dmaine@mdmercy.com,David,Maine,President & CEO,mb,Catch-All,mdmercy-com.mx1.arsmtp.com
+1 214-823-9652,"Stephanie Beidler Teotia, MD PA",Plastic surgeon,drstephanieteotia.com,"2301 Olympia Dr Suite 100, Flower Mound, TX 75028, United States",stephanie@drstephanieteotia.com,Stephanie,Teotia,Owner,mb,Catch-All,aspmx.l.google.com
+1 615-627-4811,"Robert Garza, MD",Plastic surgeon,tristarmedgroup.com,"2400 Patterson St Ste 204, Nashville, TN 37203, United States",mitch.edgeworth@hcahealthcare.com,Mitch,Edgeworth,President,mb,Catch-All,mxb-00039202.gslb.pphosted.com
+1 859-977-0141,Skin Secrets,Dermatologist,skinsecretscenter.com,"2405 Harrodsburg Rd, Lexington, KY 40504, United States",tiffany.shropshire@forefrontderm.com,Tiffany,Shropshire,Manager,mb,Catch-All,forefrontderm-com.mail.protection.outlook.com
+1 360-602-2806,Orchard Holistic Medicine,Naturopathic practitioner,nd4me.com,"2501 SE Mile Hill Dr Suite 105, Port Orchard, WA 98366, United States",wade@nd4me.com,Wade,Ayers,Owner,mb,Catch-All,nd4me-com.mail.protection.outlook.com
+1 989-497-3157,"William J. Pittas, DO - SOMA Face and Body - Plastic, Reconstructive, Cosmetic and Hand Surgeon",Plastic surgeon,somafaceandbody.com,"2578 McLeod Dr N, Saginaw, MI 48604, United States",william@somafaceandbody.com,William,Pittas,Founder,mb,Catch-All,smtp.google.com
+1 203-292-8119,"Yale Medicine Plastic Surgery - Tito L. Vasquez, MD FACS",Plastic surgeon,yalemedicine.org,"2600 Post Rd #206, Southport, CT 06890, United States",margaret.mcgovern@yale.edu,Margaret,McGovern,CEO,mb,Catch-All,yale-edu.mail.protection.outlook.com
+1 203-292-8119,"Yale Medicine Plastic Surgery - Tito L. Vasquez, MD FACS",Plastic surgeon,yalemedicine.org,"2600 Post Rd #206, Southport, CT 06890, United States",nicole.wise@yale.edu,Nicole,Wise,Chief Communications Officer,mb,Catch-All,yale-edu.mail.protection.outlook.com
+1 832-437-3508,Fit & Healthy Health Spa,Wellness center,fitandhealthytx.com,"26077 Nelson Way Ste 401, Katy, TX 77494, United States",nina@fitandhealthytx.com,Nina,Alarcon,Founder,mb,Catch-All,aspmx.l.google.com
+1 623-219-4777,Clear Sky Dermatology,Dermatologist,clearskydermatology.com,"2620 N 140th Ave Ste 103, Goodyear, AZ 85395, United States",kevin@clearskydermatology.com,Kevin,Svancara,Owner,mb,Catch-All,clearskydermatology-com.mail.protection.outlook.com
+1 253-841-2453,Puyallup Dermatology Clinic,Dermatologist,puyallupdermatology.com,"2622 S Meridian, Puyallup, WA 98373, United States",ceirra@puyallupderm.com,Ceirra,Reynolds,Practice Administrator,mb,Catch-All,puyallupderm-com.mail.protection.outlook.com
+1 253-841-2453,Puyallup Dermatology Clinic,Dermatologist,puyallupdermatology.com,"2622 S Meridian, Puyallup, WA 98373, United States",jeffrey@puyallupderm.com,Jeffrey,Newman,Principal Owner,mb,Catch-All,puyallupderm-com.mail.protection.outlook.com
+1 407-447-1628,"Le Contour Aesthetic Surgery - Dr. Jorge Gonzalez, Plastic Surgeon Orlando",Plastic surgeon,lecontoursurgery.com,"2902 N Orange Ave Ste L, Orlando, FL 32804, United States",jorge@lecontoursurgery.com,Jorge,Gonzalez,Founder,mb,Catch-All,smtp.google.com
+1 603-610-8882,Vibrant Health Naturopathic Medical Center,Naturopathic practitioner,vibranthealthnaturalmedicine.com,"3 Riverside Dr, Greenland, NH 03840, United States",dr.nschertell@vibranthealthmed.com,Nicole,Schertell,Founder,mb,Catch-All,aspmx.l.google.com
+1 813-975-3223,Elite Facial Plastic Surgery: Dr. Dominic M. Castellano,Plastic surgeon,elitetampa.com,"3000 Medical Park Dr Ste 210, Tampa, FL 33613, United States",drdominic@elitetampa.com,Dominic,Castellano,Founder and Medical Director,mb,Catch-All,elitetampa-com.mail.protection.outlook.com
+1 580-326-9422,Choctaw Wellness Center,Wellness program,choctawwellness.com,"304 Chahta Cir, Hugo, OK 74743, United States",jtjernigan@cnhsa.com,Justin,Jernigan,Wellness Center Manager,mb,Catch-All,cnhsa-com.mail.protection.outlook.com
+1 253-503-0880,Dr. Tarak Patel Plastic and Reconstructive Surgery,Plastic surgeon,drtarakpatel.com,"3100 Carillon Point, Kirkland, WA 98033, United States",tarak.patel@drtarakpatel.com,Tarak,Patel,Owner,mb,Catch-All,route2.mx.cloudflare.net
+1 561-571-3323,Troiano Facial Plastics,Plastic surgeon,troianofacialplastics.com,"313 10th St, West Palm Beach, FL 33401, United States",chelsea@troianofacialplastics.com,Chelsea,Troiano,Owner,mb,Catch-All,aspmx.l.google.com
+1 305-723-9974,Dr. Pierre Gordon MD,Cosmetic surgeon,vbsurgicalarts.com,"330 SW 27th Ave STE 609, Miami, FL 33135, United States",pierre@vbsurgicalarts.com,Pierre,Gordon,Founder,mb,Catch-All,aspmx.l.google.com
+1 623-400-7138,VIA Health & Medspa,Cosmetic surgeon,viahealthcare.com,"3377 S Price Rd Ste 107, Chandler, AZ 85248, United States",wissam@viahealthcare.com,Wissam,Fayad,CEO,mb,Catch-All,aspmx.l.google.com
+1 248-858-2255,Oakland Hills Dermatology P.C.,Dermatologist,oaklandhillsdermatology.com,"3400 Auburn Rd Ste 100, Auburn Hills, MI 48326, United States",chris.buatti@oaklandhillsdermatology.com,Chris,Buatti,CEO,mb,Catch-All,smtp.google.com
+1 770-667-3090,Robinson Facial Plastic Surgery,Plastic surgeon,robinsonfps.com,"3400 Old Milton Pkwy Bldg C, Suite 330, Alpharetta, GA 30005, United States",burke@robinsonfps.com,Burke,Robinson,Founder,mb,Catch-All,robinsonfps.com.1.0001.arsmtp.com
+1 770-667-3090,Robinson Facial Plastic Surgery,Plastic surgeon,robinsonfps.com,"3400 Old Milton Pkwy Bldg C, Suite 330, Alpharetta, GA 30005, United States",tara@robinsonfps.com,Tara,Robinson,Marketing Director,mb,Catch-All,robinsonfps.com.1.0001.arsmtp.com
+1 404-355-9255,"John David Mullins, MD, FACS",Plastic surgeon,johndavidmullinsmd.com,"35 Collier Rd NW Ste 675, Atlanta, GA 30309, United States",mullinsmdoffice@yahoo.com,John David,Mullins,Owner,mb,Catch-All,mta7.am0.yahoodns.net
+1 214-692-6500,Dr. Liland - Park Cities Plastic Surgery,Plastic surgeon,drliland.com,"3500 Oak Lawn Ave Ste 160, Dallas, TX 75219, United States",drdavidliland@aol.com,David,Liland,Owner,mb,Catch-All,mx-aol.mail.gm0.yahoodns.net
+1 201-265-1300,BAXT CosMedical Cosmetic and Medical Dermatology Laser Surgery Center,Dermatologist,cosmedical.com,"351 Evelyn St Collegis Classroom, Paramus, NJ 07652, United States",rebecca@cosmedical.com,Rebecca,Baxt,Owner,mb,Catch-All,cosmedical.com.1.0001.arsmtp.com
+1 305-778-7818,Plus Cosmetic Surgery Center,Plastic surgeon,pluscosmeticsurgerycenter.com,"3702 Washington St #103, Hollywood, FL 33021, United States",elena@pluscosmeticsurgerycenter.com,Elena,Krishtal,Practice Manager,mb,Catch-All,aspmx.l.google.com
+1 617-694-6678,Dr. William Numa – Boston Facial Plastic Surgeon,Plastic surgeon,drwilliamnuma.com,"38 Newbury St Ste 601 fl 6, Boston, MA 02116, United States",admin@drnuma.com,William,Numa,Owner,mb,Catch-All,aspmx.l.google.com
+1 863-812-9774,Palermo Aesthetic,Health spa,palermoaestheticdayspa.com,"3800 US Hwy 98 N #308, Lakeland, FL 33809, United States",frances@palermoaestheticdayspa.com,Frances,Palermo,Owner,mb,Catch-All,mx156.hostedmxserver.com
+1 772-569-2330,Vero Orthopaedics,Orthopedic clinic,veroortho.com,"3955 Indian River Blvd, Vero Beach, FL 32960, United States",jennifer.rossmell@veroortho.com,Jennifer,Rossmell,Chief Executive Officer,mb,Catch-All,veroortho-com.mail.protection.outlook.com
+1 727-547-9244,"Karen Singer MD PA - Cosmetic Plastic Surgeon in St. Petersburg, FL",Plastic surgeon,karensingermd.com,"4021 Central Ave suite a, St. Petersburg, FL 33713, United States",ks@karensingermd.com,Karen,Singer,Owner,mb,Catch-All,aspmx.l.google.com
+1 248-853-3131,Rochester Dermatology Clinic,Dermatologist,rochesterdermatologyclinic.com,"405 Barclay Cir, Rochester Hills, MI 48307, United States",lhamel@rochesterdermatologyclinic.com,Lindsey,Hamel,Office Manager,mb,Catch-All,mx2.mailchannels.net
,"Sisters in Birth, Inc",Women's health clinic,sibirth.org,"405 Briarwood Dr Suite 303, Jackson, MS 39206, United States",israel@sibirth.onmicrosoft.com,Getty,Israel,Founder and CEO,mb,Catch-All,sibirth.mail.protection.outlook.com
+1 254-218-3686,A Perfect Peach V-Steam Spa,Health spa,aperfectpeach.com,"408 E Avenue G Ste 4, Killeen, TX 76541, United States",julia@aperfectpeach.com,Julia,Ellis,Owner,mb,Catch-All,mx1.privateemail.com
+1 380-205-9399,"Columbus Cosmetic: Robert Houser, D.O.",Plastic surgeon,columbuscosmetic.com,"41 Commerce Park Dr, Westerville, OH 43082, United States",robert@columbuscosmetic.com,Robert,Houser,Owner,mb,Catch-All,aspmx.l.google.com
+1 858-909-9000,Dr. Mark Mofid,Plastic surgeon,drmofid.com,"4150 Regents Park Row UNIT 300, La Jolla, CA 92037, United States",drmofid@mofidplasticsurgery.com,Mark,Mofid,Founder,mb,Catch-All,mofidplasticsurgery.com.1.arsmtp.com
+1 904-215-5800,Northeast Florida Plastic Surgery Center - Dr. Eric Weiss,Plastic surgeon,ericweissmd.com,"421 Kingsley Ave Ste 200, Orange Park, FL 32073, United States",eaweissmd@aol.com,Eric,Weiss,Owner,mb,Catch-All,mx-aol.mail.gm0.yahoodns.net
+1 504-885-4508,John T Lindsey MD,Plastic surgeon,johnlindseymd.com,"4228 Houma Blvd Ste 500, Metairie, LA 70006, United States",jeannine@johnlindseymd.com,Jeannine,,Manager,mb,Catch-All,johnlindseymd-com.mail.protection.outlook.com
+1 504-885-4508,John T Lindsey MD,Plastic surgeon,johnlindseymd.com,"4228 Houma Blvd Ste 500, Metairie, LA 70006, United States",john@johnlindseymd.com,John,Lindsey,Owner,mb,Catch-All,johnlindseymd-com.mail.protection.outlook.com
+1 725-529-2482,Chua Plastic Surgery,Plastic surgeon,chuaplasticsurgery.com,"4270 S Decatur Blvd A1, Las Vegas, NV 89103, United States",charleston.chua@chuaplasticsurgery.com,Charleston,Chua,Business Owner,mb,Catch-All,ASPMX.L.GOOGLE.com
+1 708-726-0012,SAC Plastic Surgery,Plastic surgeon,sacplasticsurg.com,"4400 W 95th St Suite 102, Oak Lawn, IL 60453, United States",schowdhry@sacplasticsurg.com,Saeed,Chowdhry,Owner,mb,Catch-All,sacplasticsurg-com.mail.protection.outlook.com
+1 415-434-8858,"Leonard W. Gray MD, FACS- Bay Area Plastic Surgery",Plastic surgeon,bayareaplasticsurgery.com,"450 Sutter St Suite 2303, San Francisco, CA 94108, United States",leonard@bayareaplasticsurgery.com,Leonard,Gray,Owner,mb,Catch-All,mx3-usg1.ppe-hosted.com
+1 720-634-7400,Joyce Aycock MD,Plastic surgeon,joyceaycockmd.com,"4600 E Hale Pkwy # 440, Denver, CO 80220, United States",dr.aycock@joyceaycockmd.com,Joyce,Aycock,Owner,mb,Catch-All,aspmx.l.google.com
+1 281-313-0551,Luxe Plastic Surgery,Plastic surgeon,luxeplasticsurgery.com,"4660 Sweetwater Blvd #190, Sugar Land, TX 77479, United States",dr.kutty@luxeplasticsurgery.com,Malik,Kutty,Founder,mb,Catch-All,luxeplasticsurgery-com.mail.protection.outlook.com
+1 470-462-2917,Zubowicz Aesthetics,Plastic surgeon,zubowicz.com,"4684 Roswell Rd NE A2, Atlanta, GA 30342, United States",vincent@zubowicz.com,Vincent,Zubowicz,Owner,mb,Catch-All,zubowicz-com.mail.protection.outlook.com
+1 812-964-4217,Southern Indiana Aesthetics & Plastic Surgery,Plastic surgeon,indianaaesthetics.com,"4712 E State Rd 46 Bypass, Bloomington, IN 47401, United States",lucretia@siaps.us,Lucretia,Johnson,Aesthetican / Spa Manager,mb,Catch-All,siaps-us.mail.protection.outlook.com
+1 812-964-4217,Southern Indiana Aesthetics & Plastic Surgery,Plastic surgeon,indianaaesthetics.com,"4712 E State Rd 46 Bypass, Bloomington, IN 47401, United States",jacob.grow@siaps.us,Jacob,Grow,Owner / Plastic Surgeon,mb,Catch-All,siaps-us.mail.protection.outlook.com
+1 312-626-2244,Chicago Center for Women's Health,Women's health clinic,myccwh.com,"4938 W 95th St, Oak Lawn, IL 60453, United States",denise@myccwh.com,Denise,Furlong,Founder,mb,Catch-All,myccwh-com.mail.protection.outlook.com
+1 952-835-5665,"Facial Plastic Surgery: Edward Szachowicz, MD",Plastic surgeon,facialplasticsurgery.com,"4999 France Ave S #210, Minneapolis, MN 55410, United States",sharon@facialplasticsurgery.com,Sharon,Miller,Contact Name,mb,Catch-All,facialplasticsurgery-com.mail.protection.outlook.com
+1 952-835-5665,"Facial Plastic Surgery: Edward Szachowicz, MD",Plastic surgeon,facialplasticsurgery.com,"4999 France Ave S #210, Minneapolis, MN 55410, United States",edward@facialplasticsurgery.com,Edward,Szachowicz,Owner,mb,Catch-All,facialplasticsurgery-com.mail.protection.outlook.com
+1 856-853-0900,Premier Dermatology NJ,Dermatologist,premierdermatologynj.com,"500 Grove St #200, Haddon Heights, NJ 08035, United States",grace@premierdermatologynj.com,Grace,Chung,Founder,mb,Catch-All,aspmx.l.google.com
+1 818-662-0600,"A. John Vartanian, M.D.",Plastic surgeon,facial-plastic.com,"520 E Broadway STE 200, Glendale, CA 91205, United States",drjohnvartanian@yahoo.com,A. John,Vartanian,President & Owner,mb,Catch-All,mta6.am0.yahoodns.net
+1 202-410-4410,Cultura Dermatology & Plastic Surgery,Plastic surgeon,culturamed.com,"5301 Wisconsin Ave NW, Washington, DC 20015, United States",drbattle@culturamed.com,Eliot,Battle,CEO,mb,Catch-All,culturamed.com.1.0001.arsmtp.com
+1 202-410-4410,Cultura Dermatology & Plastic Surgery,Plastic surgeon,culturamed.com,"5301 Wisconsin Ave NW, Washington, DC 20015, United States",cps@culturamed.com,Kelly,Bolden,Medical Director,mb,Catch-All,culturamed.com.1.0001.arsmtp.com
+1 332-248-2932,Avraham Plastic Surgery NYC,Plastic surgeon,avrahamplasticsurgery.com,"535 5th Ave 32nd Floor, New York, NY 10017, United States",tomer@avrahamplasticsurgery.com,Tomer,Avraham,Founder,mb,Catch-All,aspmx.l.google.com
+1 702-242-6488,Troell Cosmetic Surgery & Facial Plastic Clinic,Plastic surgeon,drtroell.com,"5375 S Fort Apache Rd #101, Las Vegas, NV 89148, United States",amy@drtroell.com,Amy,,Manager,mb,Catch-All,aspmx.l.google.com
+1 702-242-6488,Troell Cosmetic Surgery & Facial Plastic Clinic,Plastic surgeon,drtroell.com,"5375 S Fort Apache Rd #101, Las Vegas, NV 89148, United States",robert@drtroell.com,Robert,Troell,Owner,mb,Catch-All,aspmx.l.google.com
+1 251-378-0200,Kathryn Dempsey,Dermatologist,coastaldermatologyofal.com,"5472 Old Shell Rd, Mobile, AL 36608, United States",kathryn@coastaldermatologyofal.com,Kathryn,Dempsey,Founder,mb,Catch-All,coastaldermatologyofal-com.mail.protection.outlook.com
+1 251-378-0200,Kathryn Dempsey,Dermatologist,coastaldermatologyofal.com,"5472 Old Shell Rd, Mobile, AL 36608, United States",liz@coastaldermatologyofal.com,Liz,,Office Administrator,mb,Catch-All,coastaldermatologyofal-com.mail.protection.outlook.com
+1 307-733-3900,Teton Orthopaedics,Orthopedic clinic,tetonortho.com,"555 E Broadway Ave, Jackson, WY 83001, United States",andrew.bullington@tetonortho.com,Andrew,Bullington,President,mb,Catch-All,tetonortho-com.relay1g.spamh.com
+1 214-937-4879,Lone Star Plastic Surgery: Dr. Sean Hill,Plastic surgeon,lonestarplasticsurgery.com,"5550 Warren Pkwy #210, Frisco, TX 75034, United States",dr.hill@lonestarplasticsurgery.com,Sean,Hill,Founder,mb,Catch-All,lonestarplasticsurgery-com.mail.protection.outlook.com
+1 515-726-3376,Central Iowa Dermatology,Dermatologist,centraliowadermatology.com,"5705 NW 100th St, Johnston, IA 50131, United States",eric@centraliowadermatology.com,Eric,Harlan,Founder and Medical Director,mb,Catch-All,aspmx.l.google.com
+1 515-726-3376,Central Iowa Dermatology,Dermatologist,centraliowadermatology.com,"5705 NW 100th St, Johnston, IA 50131, United States",manager@centraliowadermatology.com,,,Manager,mb,Catch-All,aspmx.l.google.com
+1 818-345-7112,Samson Hair Restoration,Hair transplantation clinic,samsonhairrestoration.com,"5950 Canoga Ave #516, Woodland Hills, CA 91367, United States",william@samsonhairrestoration.com,William,McCullough,CEO,mb,Catch-All,samsonhairrestoration-com.mail.protection.outlook.com
+1 818-345-7112,Samson Hair Restoration,Hair transplantation clinic,samsonhairrestoration.com,"5950 Canoga Ave #516, Woodland Hills, CA 91367, United States",tina@samsonhairrestoration.com,Tina,Akhkashian,Customer Support,mb,Catch-All,samsonhairrestoration-com.mail.protection.outlook.com
+1 908-647-6464,"New Jersey Sports Medicine: Marc Silberman, M.D.",Sports medicine physician,njsportsmed.com,"598 Somerset St, North Plainfield, NJ 07060, United States",msilberman@njsportsmed.com,Marc,Silberman,Founder and Director,mb,Catch-All,mx-biz.mail.am0.yahoodns.net
+1 850-888-0121,"Andrea Taylor, MD",Dermatologist,taylorderm.com,"600 E Government St, Pensacola, FL 32502, United States",andrea@taylorderm.com,Andrea,Taylor,Founder,mb,Catch-All,aspmx.l.google.com
+1 916-775-7232,RAFA Sauna Lounge Wellness Club,Wellness center,rafasauna.com,"6029 San Juan Ave, Citrus Heights, CA 95610, United States",david@rafasauna.com,David,Gladko,Co-Founder,mb,Catch-All,aspmx.l.google.com
+1 614-482-2123,Columbus Institute,Plastic surgeon,instituteplasticsurgery.com,"6499 E Broad St #130, Columbus, OH 43213, United States",drshah@instituteplasticsurgery.com,Bivik,Shah,Owner,mb,Catch-All,mx1.emailsrvr.com
+1 480-668-4411,"Linda I. Sodoma, DO, PLC / Dr. Linda Sodoma Aesthetics & Gynecology",Health spa,lindasodomadoplc.com,"6844 E Brown Rd, Mesa, AZ 85207, United States",linda@lindasodomadoplc.com,Linda,Sodoma,Owner,mb,Catch-All,d322024a.ess.barracudanetworks.com
+1 949-800-8551,Irvine Dermatology,Dermatologist,dermatologyirvine.com,"6865 Alton Pkwy Ste 210, Irvine, CA 92618, United States",mvatanchi@dermatologyirvine.com,Marjon,Vatanchi,Founder,mb,Catch-All,ASPMX.L.GOOGLE.com
+1 707-542-8346,Dr. Tom Cosmetic Surgery,Cosmetic surgeon,drtomcosmetic.com,"70 Stony Point Rd, Santa Rosa, CA 95401, United States",walter@drtomcosmetic.com,Walter,Tom,Founder,mb,Catch-All,laserandvein-com.mail.protection.outlook.com
+1 312-981-1290,Wiesman Cosmetic Surgery,Plastic surgeon,wiesmancosmeticsurgery.com,"712 N Dearborn St 4th floor, Chicago, IL 60654, United States",irvin.wiesman@wiesmancosmeticsurgery.com,Irvin,Wiesman,Owner,mb,Catch-All,wiesmancosmeticsurgery-com.mail.protection.outlook.com
+1 847-696-9900,Dr. Speron Plastic Surgery,Plastic surgeon,prplastic.com,"7157 W Howard St, Niles, IL 60714, United States",prplastic@yahoo.com,Sam,Speron,Founder,mb,Catch-All,mta6.am0.yahoodns.net
+1 818-592-6005,West Hills Dermatology Group,Dermatologist,westhillsdermatology.com,"7230 Medical Center Dr Unit 404, West Hills, CA 91307, United States",farnaz@westhillsdermatology.com,Farnaz,Gaminchi,Founder,mb,Catch-All,aspmx.l.google.com
+1 385-448-0055,Sunrise Women's Health and Wellness,Women's health clinic,sunrisewomenshealth.com,"724 S 1600 W Ste 200, Mapleton, UT 84664, United States",dpickering@sunrisewomenshealth.com,Derrick,Pickering,Manager,mb,Catch-All,aspmx.l.google.com
+1 832-582-8114,Murillo Plastic Surgery: Dr. Carlos Murillo,Plastic surgeon,murilloplasticsurgery.com,"7400 Fannin St #870, Houston, TX 77054, United States",carlos@murilloplasticsurgery.com,Carlos,Murillo,Founder,mb,Catch-All,aspmx.l.google.com
+1 301-982-0202,Person Craig M MD,Plastic surgeon,drperson.com,"7501 Greenway Center Dr, Greenbelt, MD 20770, United States",drcraigperson@aol.com,Craig,Person,Owner,mb,Catch-All,mx-aol.mail.gm0.yahoodns.net
+1 281-716-3224,Empowered Plastic Surgery,Plastic surgeon,empoweredplasticsurgery.com,"7616 Branford Pl #130, Sugar Land, TX 77479, United States",drkhan@empoweredplasticsurgery.com,Saiqa,Khan,Founder,mb,Catch-All,smtp.google.com
+1 916-664-3391,Dr. Pirko Maguiña,Plastic surgeon,idealplasticsurgery.com,"77 Cadillac Dr Ste 170, Sacramento, CA 95825, United States",drpirko@idealsacramento.com,Pirko,Maguina,Medical Director,mb,Catch-All,mx2-usg1.ppe-hosted.com
+1 307-215-9684,True Care Women's Resource Center,Women's health clinic,truecarecasper.org,"770 E 2nd St, Casper, WY 82601, United States",jessica@truecarecasper.org,Jessica,Baxter,President/CEO,mb,Catch-All,truecarecasper-org.mail.protection.outlook.com
+1 307-215-9684,True Care Women's Resource Center,Women's health clinic,truecarecasper.org,"770 E 2nd St, Casper, WY 82601, United States",sally@truecarecasper.org,Sally,Heyer,Privacy Officer,mb,Catch-All,truecarecasper-org.mail.protection.outlook.com
+1 910-423-7546,"David Klumpar, MD",Dermatologist,carolinaskincare.com,"7724 Raeford Rd Suite 310, Fayetteville, NC 28304, United States",david@carolinaskincare.com,David,Klumpar,Physician Director,mb,Catch-All,my-mx.email-protect.gosecure.net
+1 858-454-7546,"Brian J. Reagan, MD",Plastic surgeon,truebeautysd.com,"7746 Herschel Ave, La Jolla, CA 92037, United States",brian@truebeautysd.com,Brian,Reagan,Founder,mb,Catch-All,aspmx.l.google.com
+1 858-454-7546,"Brian J. Reagan, MD",Plastic surgeon,truebeautysd.com,"7746 Herschel Ave, La Jolla, CA 92037, United States",maryann@truebeautysd.com,Maryann,,Manager,mb,Catch-All,aspmx.l.google.com
+1 970-247-3717,"Be Well Family Medicine, LLC",Naturopathic practitioner,bewellfamilymedicine.com,"801 Florida Rd, Durango, CO 81301, United States",drletellier@bewellfamilymedicine.com,Jennifer,Smith,Founder,mb,Catch-All,aspmx.l.google.com
+1 956-424-2274,PR Nutrition Consulting & PR Meal Preps,Wellness center,prdietitian.com,"8025 N 10th St Ste 160, McAllen, TX 78504, United States",peggy@prdietitian.com,Peggy,Ramon-Rosales,Owner,mb,Catch-All,mx1-us1.ppe-hosted.com
+1 972-338-4727,Legacy Dermatology - Prosper,Dermatologist,legacydermatology.com,"821 N Coleman St #100, Prosper, TX 75078, United States",dr.dharamsi@legacydermatology.com,Jennifer,Dharamsi,Founder,mb,Catch-All,legacydermatology.com.1.0001.arsmtp.com
+1 323-834-7546,Skinpeccable Dermatology,Dermatologist,skinpeccable.com,"8264 Santa Monica Blvd, West Hollywood, CA 90046, United States",raphael@skinpeccable.com,Raphael,Darvish,Founder,mb,Catch-All,aspmx.l.google.com
+1 386-256-1969,Skin Dermatology and Cosmetic Services,Dermatologist,skinderm.org,"865 Saxon Blvd, Orange City, FL 32763, United States",rosscwheeler@yahoo.com,Ross,Wheeler,Owner,mb,Catch-All,mta6.am0.yahoodns.net
+1 201-836-4111,Harris R Sterman MD,Plastic surgeon,drsterman.com,"870 Palisade Ave, Teaneck, NJ 07666, United States",harris@drsterman.com,Harris,Sterman,Owner,mb,Catch-All,drsterman-com.mail.protection.outlook.com
+1 602-975-2490,"James M. Nachbar, MD, FACS: Scottsdale Plastic Surgery",Plastic surgeon,plastic.org,"8896 E Becker Ln #102, Scottsdale, AZ 85260, United States",nachbar@plastic.org,James,Nachbar,Owner,mb,Catch-All,smtp.google.com
+1 205-824-6334,Petro Facial Plastic Surgery,Plastic surgeon,petromd.com,"903 Montgomery Hwy, Vestavia Hills, AL 35216, United States",drpetro@petromd.com,Melanie,Petro,Founder,mb,Catch-All,aspmx.l.google.com
+1 205-824-6334,Petro Facial Plastic Surgery,Plastic surgeon,petromd.com,"903 Montgomery Hwy, Vestavia Hills, AL 35216, United States",chastidy@petromd.com,Chastidy,Bode,Laser and Aesthetic Nurse,mb,Catch-All,aspmx.l.google.com
+1 737-377-3143,Gavino Dermatology,Dermatologist,gavinodermatology.com,"9073 W State Hwy 29 Ste 108, Liberty Hill, TX 78642, United States",drg@gavinodermatology.com,Carlo,Gavino,Founder,mb,Catch-All,aspmx.l.google.com
+1 925-820-3633,"Elliott B. Lavey, MD",Plastic surgeon,elliottlaveymd.com,"913 San Ramon Valley Blvd #288, Danville, CA 94526, United States",elliottlavey@aol.com,Elliott,Lavey,Owner,mb,Catch-All,mx-aol.mail.gm0.yahoodns.net
+1 916-929-1833,"Wayne I. Yamahata, MD",Plastic surgeon,wayneyamahatamd.com,"95 Scripps Dr, Sacramento, CA 95825, United States",wayne@wayneyamahatamd.com,Wayne,Yamahata,Owner,mb,Catch-All,wayneyamahatamd-com.mail.protection.outlook.com
+1 973-696-0300,Dr. James Kirszrot,Plastic surgeon,njeyeinstitute.com,"968 Hamburg Tpke, Wayne, NJ 07470, United States",stephen@njeyeinstitute.com,Stephen,Gollance,Owner,mb,Catch-All,d302567a.ess.barracudanetworks.com
+1 310-278-1836,Mehryar Ray Taban MD - Oculoplastic Surgeon,Plastic surgeon,tabanmd.com,"9735 Wilshire Blvd #319, Beverly Hills, CA 90212, United States",doctor@tabanmd.com,Mehryar,Taban,Owner,mb,Catch-All,aspmx.l.google.com
+1 404-256-1311,"Atlanta Plastic Surgery, PC",Plastic surgeon,atlplastic.com,"975 Johnson Ferry Rd NE #100, Atlanta, GA 30342, United States",cbowman@atlplastic.com,Christy,Bowman,Administrator,mb,Catch-All,atlplastic.com.1.arsmtp.com
+1 404-256-1311,"Atlanta Plastic Surgery, PC",Plastic surgeon,atlplastic.com,"975 Johnson Ferry Rd NE #100, Atlanta, GA 30342, United States",drnamnoum@atlplastic.com,James,Namnoum,Partner,mb,Catch-All,atlplastic.com.1.arsmtp.com
+1 850-362-6226,thrIVe Wellness,Wellness center,thrivefwb.com,"98 Eglin Pkwy NE Ste 5, Fort Walton Beach, FL 32548, United States",tucker@thrivefwb.com,C. Tucker,McPherson,Founder/Owner,mb,Catch-All,mx1-us1.ppe-hosted.com
+1 404-303-7004,Marisa Lawrence Plastic Surgery & Med Spa,Plastic surgeon,drmarisalawrence.com,"980 Johnson Ferry Rd NE Unit 110, Atlanta, GA 30342, United States",marisa@drmarisalawrence.com,Marisa,Lawrence,Founder,mb,Catch-All,DrMarisaLawrence-com.mail.protection.outlook.com
+1 404-303-7004,Marisa Lawrence Plastic Surgery & Med Spa,Plastic surgeon,drmarisalawrence.com,"980 Johnson Ferry Rd NE Unit 110, Atlanta, GA 30342, United States",officemanager@drmarisalawrence.com,,,Office Manager,mb,Catch-All,DrMarisaLawrence-com.mail.protection.outlook.com
+1 410-910-2350,Dr. Sarah Mess,Plastic surgeon,sarahmessmd.com,"9821 Broken Land Pkwy #102, Columbia, MD 21046, United States",drmess@sarahmessmd.com,Sarah,Mess,Owner,mb,Catch-All,d161745a.ess.barracudanetworks.com
+1 317-718-7980,"Hendricks Plastic & Reconstructive Surgery: Rachel E. Scott, MD",Plastic surgeon,formstack.com,"100 Hospital Ln Building 3, Suite 325, Danville, IN 46122, United States",aled.miles@formstack.com,Aled,Miles,CEO,mb,Catch-All,aspmx.l.google.com
+1 469-514-8122,Modern Cryo & Wellness,Health spa,moderncryo.com,"1000 E Main St Ste 201-B, Midlothian, TX 76065, United States",chris@moderncryo.com,Chris,James,Founder,mb,Catch-All,moderncryo-com.mail.protection.outlook.com
+1 928-774-2300,Plastic Surgeons of Northern Arizona,Plastic surgeon,psna.net,"1020 N San Francisco St #200, Flagstaff, AZ 86001, United States",stephen@psna.net,Stephen,Lex,Co-Founder,mb,Catch-All,psna.net.1.0001.arsmtp.com
+1 248-965-2919,Detroit Dermatology and Vein Center,Dermatologist,detroitderm.com,"1026 W 11 Mile Rd Suite B, Royal Oak, MI 48067, United States",drcliffel@detroitderm.com,Maureen,Cliffel,Owner,mb,Catch-All,aspmx.l.google.com
+1 510-777-1000,Osita Health Clinic,Walk-in clinic,ositahealthclinic.com,"1040 Davis St Ste 202, San Leandro, CA 94577, United States",brittany@ositahealthclinic.com,Brittany,Bland-Boyd,Founder & CEO,mb,Catch-All,ositahealthclinic-com.mail.protection.outlook.com
+1 909-463-0715,"Della C. Bennett, MD",Plastic surgeon,geminiplasticsurgery.com,"10888 Foothill Blvd #180, Rancho Cucamonga, CA 91730, United States",della@geminiplasticsurgery.com,Della,Bennett,Chief of Plastic Surgery,mb,Catch-All,geminiplasticsurgery-com.mail.protection.outlook.com
+1 310-208-8888,Rawnsley Plastic Surgery,Plastic surgeon,drrawnsley.com,"10921 Wilshire Blvd #611, Los Angeles, CA 90024, United States",jeffrey@drrawnsley.com,Jeffrey,Rawnsley,Founder,mb,Catch-All,drrawnsley-com.mail.protection.outlook.com
+1 208-946-2620,Dr. Jen | Syringa Wellness,Naturopathic practitioner,syringawellness.com,"111 S 3rd Ave Ste #9, Sandpoint, ID 83864, United States",journey@syringawellness.com,Jennifer,Steinbachs,Founder,mb,Catch-All,in1-smtp.messagingengine.com
+1 913-663-1030,Swanson Center for Cosmetic Surgery,Plastic surgeon,swansoncenter.com,"11413 Ash St, Leawood, KS 66211, United States",eric@swansoncenter.com,Eric,Swanson,Owner,mb,Catch-All,swansoncenter-com.mail.protection.outlook.com
+1 509-506-4600,Clinic 4-0,Wellness center,clinic4-0.com,"11707 E Sprague Ave Ste LL101, Spokane Valley, WA 99206, United States",christi@clinic4-0.com,Christi,Nance,Owner,mb,Catch-All,smtp.google.com
+1 801-571-2020,Steven Warnock MD,Plastic surgeon,drstevenwarnock.com,"11762 S State St Ste 220, Draper, UT 84020, United States",brittany@ppsgutah.com,Brittany,,Manager,mb,Catch-All,aspmx.l.google.com
+1 301-567-6767,Bella Cosmetic Surgery,Plastic surgeon,bellacosmeticsurgery.com,"120 Waterfront St Suite 400, Oxon Hill, MD 20745, United States",michael@bellacosmeticsurgery.com,Michael,Chiaramonte,Founder,mb,Catch-All,bellacosmeticsurgery-com.mail.protection.outlook.com
+1 310-255-0221,Griffin Dermatology,Dermatologist,griffinderm.net,"1260 15th St #1112, Santa Monica, CA 90404, United States",mgriffinmd@aol.com,Molly,Griffin,Founder,mb,Catch-All,mx-aol.mail.gm0.yahoodns.net
+1 310-315-1121,"Steven Teitelbaum, MD",Plastic surgeon,drteitelbaum.com,"1301 20th St #350, Santa Monica, CA 90404, United States",steve@drteitelbaum.com,Steven,Teitelbaum,Founder,mb,Catch-All,d163154a.ess.barracudanetworks.com
+1 623-535-7050,Dermacare Plastic Surgery,Plastic surgeon,azdermacare.com,"14551 W Indian School Rd Ste 240, Goodyear, AZ 85395, United States",reza@azdermacare.com,Reza,Rod,Founder,mb,Catch-All,azdermacare-com.mail.protection.outlook.com
+1 305-446-7700,Rhinoplasty Miami: Dr. Marcelo Ghersi,Plastic surgeon,psimiami.com,"1537 San Remo Ave, Coral Gables, FL 33146, United States",marceloghersi@psimiami.com,Marcelo,Ghersi,Founder,mb,Catch-All,d258843a.ess.barracudanetworks.com
+1 314-721-2140,Schoenwalder Health and Wellness,Wellness center,drmichaelschoenwalder.com,"1585 Woodlake Dr #214, Chesterfield, MO 63017, United States",michael@drmichaelschoenwalder.com,Michael,Schoenwalder,Founder,mb,Catch-All,aspmx.l.google.com
+1 949-727-3800,Total Dermatology,Dermatologist,totaldermatology.com,"16100 Sand Canyon Ave #190, Irvine, CA 92618, United States",mariah@totaldermatology.com,Mariah,Dannenhold,Business Manager,mb,Catch-All,totaldermatology-com.mail.protection.outlook.com
+1 949-727-3800,Total Dermatology,Dermatologist,totaldermatology.com,"16100 Sand Canyon Ave #190, Irvine, CA 92618, United States",drpilest@totaldermatology.com,Nissan,Pilest,Founder,mb,Catch-All,totaldermatology-com.mail.protection.outlook.com
+1 404-539-8259,Raw Regimen,Wellness center,therawregimen.com,"16110 Perris Blvd Unit L, Moreno Valley, CA 92551, United States",niyoni@therawregimen.com,Niyoni,Owens-Johnson,Founder & Owner,mb,Catch-All,therawregimen-com.mail.protection.outlook.com
+1 815-229-9333,Edgebrook Dermatology,Dermatologist,edgebrookdermatology.com,"1639 N Alpine Rd #360, Rockford, IL 61107, United States",maria@edgebrookdermatology.com,Maria,Al-Basha,Founder,mb,Catch-All,smtp.secureserver.net
+1 714-790-0005,Enhanced Dermatology of Orange County,Dermatologist,enhancedderm.com,"17601 17th St Ste 110, Tustin, CA 92780, United States",jay@enhancedderm.com,Jay,Applebaum,Owner,mb,Catch-All,enhancedderm-com.mail.protection.outlook.com
+1 208-881-5351,"Freeman Plastic Surgery: Mark E. Freeman, MD",Plastic surgeon,drmarkfreeman.com,"1855 Madison Ave, Idaho Falls, ID 83404, United States",mark@drmarkfreeman.com,Mark,Freeman,Owner,mb,Catch-All,drmarkfreeman-com.mail.protection.outlook.com
+1 808-989-6828,Pacific Medical Dermatology - Dr. Yun Sun Lee,Dermatologist,pacificmedicaldermatology.com,"1888 Kalākaua Ave STE C104, Honolulu, HI 96815, United States",yunsun@pacificmedicaldermatology.com,Yun Sun,Lee,Founder,mb,Catch-All,aspmx.l.google.com
+1 615-467-6777,"Melinda Haws, MD - Plastic Surgery Center of Nashville",Plastic surgeon,theplasticsurgerycenterofnashville.com,"1915 State St, Nashville, TN 37203, United States",mhawsplastics@yahoo.com,Melinda,Haws,Owner,mb,Catch-All,mta6.am0.yahoodns.net
+1 713-777-5476,Houston Lipo Center,Cosmetic surgeon,houstonliposuction.com,"1941 W T C Jester Blvd #102, Houston, TX 77008, United States",john@houstonliposuction.com,John,Bergeron,Founder,mb,Catch-All,aspmx.l.google.com
+1 424-453-8535,Dr. Behrooz Torkian Facial Plastic Surgery,Plastic surgeon,drtorkian.com,"201 S Lasky Dr, Beverly Hills, CA 90212, United States",behrooz@drtorkian.com,Behrooz,Torkian,Owner,mb,Catch-All,mx.netfirms.com
+1 406-728-3811,"Stephen P. Hardy, MD",Plastic surgeon,nwpsa.com,"203b Ridgewater Dr Ste 3, Polson, MT 59860, United States",angelah@nwpsa.com,Angela,Hardy,Chief Operating Officer,mb,Catch-All,mail.protonmail.ch
+1 406-728-3811,"Stephen P. Hardy, MD",Plastic surgeon,nwpsa.com,"203b Ridgewater Dr Ste 3, Polson, MT 59860, United States",stephenh@nwpsa.com,Stephen,Hardy,Owner,mb,Catch-All,mail.protonmail.ch
+1 561-748-0510,"Ricardo Mejia, MD",Hair transplantation clinic,skinandhairdoc.com,"2101 US-1, Jupiter, FL 33477, United States",ricardo@skinandhairdoc.com,Ricardo,Mejia,Founder,mb,Catch-All,aspmx.l.google.com
+1 920-550-2555,Vitale Wellness Center,Wellness center,vitalewellnesscenter.com,"212 Monroe St, Sheboygan Falls, WI 53085, United States",kate@vitalewellnesscenter.com,Kate,Vitale,Owner,mb,Catch-All,aspmx.l.google.com
+1 732-297-9600,"Partridge Plastic Surgery North Brunswick, NJ",Plastic surgeon,partridgeplasticsurgery.com,"213 N Center Dr, North Brunswick Township, NJ 08902, United States",joanna@partridgeplasticsurgery.com,Joanna,Partridge,Owner,mb,Catch-All,aspmx.l.google.com
+1 937-916-2012,Piquant Spa & Gallery,Health spa,piquantspa.com,"219 N Main St, Piqua, OH 45356, United States",karen@piquantspa.com,Karen,Wilcox Culver,Co-Founder,mb,Catch-All,piquantspa-com.mail.protection.outlook.com
+1 937-916-2012,Piquant Spa & Gallery,Health spa,piquantspa.com,"219 N Main St, Piqua, OH 45356, United States",michael@piquantspa.com,Michael,Culver,Co-Founder,mb,Catch-All,piquantspa-com.mail.protection.outlook.com
+1 310-828-1414,Dr. Sheryl Lewin,Plastic surgeon,lewinear.com,"23430 Hawthorne Blvd Unit 120, Torrance, CA 90505, United States",sheryl@lewinear.com,Sheryl,Lewin,Founder,mb,Catch-All,lewinear.com
+1 847-686-4444,Heal n Cure Medical Wellness Center | Dr Meena | Functional & Integrative Medicine,Wellness center,healncure.com,"2420 Ravine Way Ste 400, Glenview, IL 60025, United States",sudhir@healncure.com,Sudhir,Malhotra,CEO Founder,mb,Catch-All,smtp.google.com
+1 515-243-8676,Greater Des Moines Dermatology PC,Dermatologist,greaterdesmoinesdermatology.com,"2424 Northwest 128th Street, Urbandale, IA 50323, United States",lisaabrahamson@yahoo.com,Lisa,Abrahamson,Human Resource Manager,mb,Catch-All,mta5.am0.yahoodns.net
+1 717-502-2349,Solace Wellness and Beauty,Wellness center,solacewellness.net,"2796 Heidlersburg Rd #7617, Gettysburg, PA 17325, United States",jenniferdc@solacewellness.net,Jennifer,Bratt,Co-Founder,mb,Catch-All,aspmx.l.google.com
+1 304-697-5272,Spindel Michael R MD,Plastic surgeon,drmichaelspindel.com,"2860 3rd Ave Suite 220, Huntington, WV 25702, United States",drspindel@yahoo.com,Michael,Spindel,Owner,mb,Catch-All,mta6.am0.yahoodns.net
+1 248-228-2990,"Singer Dermatology: Robert Singer, M.D.",Dermatologist,singerskin.com,"29355 Northwestern Hwy #302, Southfield, MI 48034, United States",officemanager@singerskin.com,,Little,Office Manager,mb,Catch-All,aspmx.l.google.com
+1 248-228-2990,"Singer Dermatology: Robert Singer, M.D.",Dermatologist,singerskin.com,"29355 Northwestern Hwy #302, Southfield, MI 48034, United States",rsinger@singerskin.com,Robert,Singer,Owner,mb,Catch-All,aspmx.l.google.com
+1 617-351-9505,The Spiegel Center,Plastic surgeon,drspiegel.com,"335 Boylston St, Newton, MA 02459, United States",jeffrey@drspiegel.com,Jeffrey,Spiegel,Founder,mb,Catch-All,d345330a.ess.barracudanetworks.com
+1 408-371-1118,"Daryl K. Hoffman, MD",Plastic surgeon,dkhoffmanmd.com,"3425 S Bascom Ave #100, Campbell, CA 95008, United States",dkhoffmanmd@aol.com,Daryl,Hoffman,Owner,mb,Catch-All,mx-aol.mail.gm0.yahoodns.net
+1 407-470-1665,Plastic Surgery Center of Orlando,Plastic surgeon,drdavidplank.com,"390 Maitland Ave, Altamonte Springs, FL 32701, United States",david@drdavidplank.com,David,Plank,Owner,mb,Catch-All,drdavidplank-com.mail.protection.outlook.com
+1 269-556-6000,Corewell Health Plastic Surgery - Royalton,Plastic surgeon,corewellhealth.org,"3901 Stonegate Park #300, St Joseph, MI 49085, United States",elizabeth.cranson@corewellhealth.org,Beth,Cranson,Communications Manager,mb,Catch-All,mxa-001e1201.gslb.pphosted.com
+1 269-556-6000,Corewell Health Plastic Surgery - Royalton,Plastic surgeon,corewellhealth.org,"3901 Stonegate Park #300, St Joseph, MI 49085, United States",tina.decker@corewellhealth.org,Tina,Freese Decker,President & CEO,mb,Catch-All,mxa-001e1201.gslb.pphosted.com
+1 678-430-8478,Prestige Health Primary and Urgent Care Clinic,Walk-in clinic,prestigehuc.com,"3920 Jonesboro Rd, Union City, GA 30291, United States",kianna@prestigehuc.com,Kianna,Lawson,Co-Owner,mb,Catch-All,ASPMX.L.GOOGLE.com
+1 410-484-8860,"JEV PLASTIC SURGERY & MEDICAL AESTHETICS - Carrie A. Houssock, MD",Plastic surgeon,jevplasticsurgery.com,"4 Park Center Ct #100, Owings Mills, MD 21117, United States",carrie@jevplasticsurgery.com,Carrie,Houssock,Owner,mb,Catch-All,jevplasticsurgery-com.mail.protection.outlook.com
+1 646-599-2969,"Park Lane Plastic Surgery, Dr. Sophie Bartsich",Plastic surgeon,doctorsophie.com,"4 Park Lane Rd, New Milford, CT 06776, United States",sophie@doctorsophie.com,Sophie,Bartsich,Owner,mb,Catch-All,aspmx.l.google.com
+1 336-887-3195,Central Carolina Dermatology Clinic INC,Dermatologist,centralcarolinaderm.com,"4010 Mendenhall Oaks Pkwy, High Point, NC 27265, United States",bstrauss@centralcarolinaderm.com,Brian,Strauss,Owner,mb,Catch-All,centralcarolinaderm-com.mx1.arsmtp.com
+1 336-887-3195,Central Carolina Dermatology Clinic INC,Dermatologist,centralcarolinaderm.com,"4010 Mendenhall Oaks Pkwy, High Point, NC 27265, United States",kkearns@centralcarolinaderm.com,Kristy,Kearns,Practice Administrator,mb,Catch-All,centralcarolinaderm-com.mx1.arsmtp.com
+1 817-427-3700,Juvia Med Spa,Dermatologist,juviamedspa.com,"4109 Brown Trail Suite 101, Colleyville, TX 76034, United States",skye@juviamedspa.com,Skye,Carpenter,Manager,mb,Catch-All,aspmx.l.google.com
+1 504-962-7771,Hickham Dermatology and Med Spa,Dermatologist,hickhamderm.com,"4141 Bienville St #108, New Orleans, LA 70119, United States",drhickham@hickhamderm.com,Patricia,Hickham,Owner,mb,Catch-All,mx1-us1.ppe-hosted.com
+1 334-793-7211,"Charles A. Feagin, MD",Plastic surgeon,feaginandowenplasticsurgery.com,"4300 W Main St suite 43, Dothan, AL 36305, United States",charles@feaginandowenplasticsurgery.com,Charles,Feagin,Founder,mb,Catch-All,aspmx.l.google.com
+1 310-278-1900,Richard Zoumalan M.D. F.A.C.S.,Plastic surgeon,richardzoumalan.com,"433 N Camden Dr Ste 1090, Beverly Hills, CA 90210, United States",drz@lafacemd.com,Richard,Zoumalan,Founder,mb,Catch-All,aspmx.l.google.com
+1 323-800-8588,"Kelly Killeen, MD",Plastic surgeon,drkilleen.com,"436 N Bedford Dr #103, Beverly Hills, CA 90210, United States",kelly@drkilleen.com,Kelly,Killeen,Owner,mb,Catch-All,aspmx.l.google.com
+1 251-660-1240,"Dr. Jimmy Steger, N.D., Ph.D., D.MA.",Naturopathic practitioner,drjimmysteger.com,"4412 A Government Blvd, Mobile, AL 36693, United States",doctorsteger@aol.com,Jimmy,Steger,Owner,mb,Catch-All,mx-aol.mail.gm0.yahoodns.net
+1 718-965-1116,Park Slope Dermatology & Medi Spa,Dermatologist,parkslopedermatology.com,"456A 9th St, Brooklyn, NY 11215, United States",brigitte.holder@parkslopedermatology.com,Brigitte,Holder,Founder,mb,Catch-All,parkslopedermatology-com.mail.protection.outlook.com
,QuickStart Weight Loss & Wellness Center,Wellness center,quickstartmedweightloss.com,"4577 Watkins St, Pace, FL 32571, United States",laura@quickstartmedweightloss.com,Laura,Maupin,Owner,mb,Catch-All,aspmx.l.google.com
+1 737-209-5792,Contour Spa West Lake,Wellness center,contourspawestlake.com,"4611 Bee Caves Rd #305, Austin, TX 78746, United States",rachel@contourspawestlake.com,Rachel,Kaczkowski,Owner,mb,Catch-All,mx156.hostedmxserver.com
+1 727-288-9988,Solomon Cosmetic Center,Plastic surgeon,cosmeticsurgeonoftampa.com,"4625 E Bay Dr #222, Clearwater, FL 33764, United States",docgsolomon@yahoo.com,George,Solomon,Founder,mb,Catch-All,mta7.am0.yahoodns.net
+1 781-235-5010,Imagine Hair Clinic,Hair transplantation clinic,imagineclinic.com,"463 Worcester Rd, Framingham, MA 01701, United States",wmagdalin@imagineclinic.com,William,Magdalin,Physician and Owner,mb,Catch-All,mx.imagineclinic.com
+1 407-704-7546,Dermatology and Skin Cancer Center: Jeannette L. Hudgens,Dermatologist,hudgensmd.com,"4750 The Grove Dr Ste 280, Windermere, FL 34786, United States",jeannette@hudgensmd.com,Jeannette,Hudgens,Owner,mb,Catch-All,aspmx.l.google.com
+1 203-458-4444,Fusi & Craig Plastic Surgery,Plastic surgeon,fusiandcraigplasticsurgery.com,"5 Durham Rd, Guilford, CT 06437, United States",stefano.fusi@yale.edu,Stefano,Fusi,Co-Owner,mb,Catch-All,yale-edu.mail.protection.outlook.com
+1 501-664-4161,Little Rock Dermatology at Doctor's Building,Dermatologist,littlerockdermatology.com,"500 S University Ave #301, Little Rock, AR 72205, United States",kelley@littlerockdermatology.com,Kelley,Dwyer,Office Manager,mb,Catch-All,littlerockdermatology-com.mail.protection.outlook.com
+1 956-630-3376,Allure Dermatology: Dr. Norma Magee,Dermatologist,allure-derm.com,"5009 S McColl Rd suite b, Edinburg, TX 78539, United States",norma.magee@allure-derm.com,Norma,Magee,Owner / Dermatologist,mb,Catch-All,allurederm-com01e.mail.protection.outlook.com
+1 972-393-5437,Dr. Tanya Khan,Plastic surgeon,khaneyelidsurgery.com,"5060 Tennyson Pkwy Ste 210, Plano, TX 75024, United States",drkhan@khaneyelidsurgery.com,Tanya,Khan,Owner,mb,Catch-All,khaneyelidsurgery-com.mail.protection.outlook.com
+1 559-713-1717,"Alex Lechtman M.D., Plastic & Reconstructive Surgeon",Plastic surgeon,drlechtman.com,"5128 W Cypress Ave, Visalia, CA 93277, United States",drlechtman@keymedical.org,Alex,Lechtman,Owner,mb,Catch-All,keymedical.org.1.0001.arsmtp.com
+1 720-699-8687,Oculoplastics & Aesthetics,Plastic surgeon,sitoleeyes.com,"5150 E Yale Cir Suite 300B, Denver, CO 80222, United States",sumit@sitoleeyes.com,Sumit,Sitole,Owner,mb,Catch-All,aspmx.l.google.com
+1 801-507-1650,"John B. Hijjawi, MD",Plastic surgeon,intermountainhealth.org,"5169 S Cottonwood St, Murray, UT 84107, United States",robert.allen@intermountainhealth.org,Robert,Allen,CEO,mb,Catch-All,mxb-001cd001.gslb.pphosted.com
+1 650-964-6600,Ereso Plastic Surgery and Aesthetics,Plastic surgeon,eresoplasticsurgery.com,"525 South Dr #203, Mountain View, CA 94040, United States",jackie@eresoplasticsurgery.com,Jackie,Magnuson,OR Manager,mb,Catch-All,eresoplasticsurgery-com.mx1.arsmtp.com
+1 561-503-2700,Farber Plastic Surgery - Scott Farber MD,Plastic surgeon,farberplasticsurgery.com,"526 SE 5th Ave A, Delray Beach, FL 33483, United States",scott@farberplasticsurgery.com,Scott,Farber,President and CEO,mb,Catch-All,aspmx.l.google.com
+1 702-376-3095,"Contours and Curves: Mitchell Plastic Surgery, Dr. Ryan Mitchell, DO",Plastic surgeon,drryanmitchell.com,"54 N Pecos Rd Suite C, Henderson, NV 89074, United States",ryan@drryanmitchell.com,Ryan,Mitchell,Owner,mb,Catch-All,mx.drryanmitchell.com
+1 617-643-5963,"Amy Colwell, MD",Plastic surgeon,massgeneral.org,"55 Fruit St, Boston, MA 02114, United States",ebolson@mgh.harvard.edu,Elena,Olson,Executive Director,mb,Catch-All,mx1.hc4087-85.iphmx.com
+1 301-654-5530,"Mary C. DuPont, MD, FPMRS, FACS",Urologist,dupontinstitute.com,"5530 Wisconsin Ave Suite 1550, Chevy Chase, MD 20815, United States",mdupont@dupontinstitute.com,Mary,DuPont,Director,mb,Catch-All,aspmx.l.google.com
+1 310-285-0929,"Jeffrey Jumaily, MD",Plastic surgeon,drjumaily.com,"5757 Wilshire Blvd, Promenade, W 6th St, Los Angeles, CA 90036, United States",nicholas@drjumaily.com,Nicholas,Tsougarakis,Director of Operations,mb,Catch-All,aspmx.l.google.com
+1 757-668-7713,"Dr. George Hoerr, M.D.",Plastic surgeon,chkd.org,"601 Childrens Ln, Norfolk, VA 23507, United States",kathryn.abshire@chkd.org,Kathryn,Abshire,Chief Financial Officer,mb,Catch-All,chkd-org.mx1.arsmtp.com
+1 757-668-7713,"Dr. George Hoerr, M.D.",Plastic surgeon,chkd.org,"601 Childrens Ln, Norfolk, VA 23507, United States",amy.sampson@chkd.org,Amy,Sampson,President and CEO,mb,Catch-All,chkd-org.mx1.arsmtp.com
+1 559-825-0300,Skin and Cancer Institute - Fresno,Dermatologist,skinandcancerinstitute.com,"6181 N Thesta St Ste #104, Fresno, CA 93710, United States",daniel@skinandcancerinstitute.com,Daniel,Taheri,CEO & Founder,mb,Catch-All,lalasercenter-com.p10.mxthunder.com
+1 757-466-1000,Norfolk Plastic Surgery,Plastic surgeon,norfolkplasticsurgerypc.com,"6261 E Virginia Beach Blvd #100, Norfolk, VA 23502, United States",lawrence@norfolkplasticsurgerypc.com,Lawrence,Colen,Owner,mb,Catch-All,d205549b.ess.barracudanetworks.com
+1 512-459-6800,Personique Aesthetic Wellness Center,Wellness center,personique.com,"630 W 34th St, Austin, TX 78705, United States",mark@personique.com,Mark,Salisbury,Administrator,mb,Catch-All,personique-com.mail.protection.outlook.com
+1 973-727-9275,Tutela Plastic Surgery,Plastic surgeon,tutelaplasticsurgery.com,"64 River Rd, East Hanover, NJ 07936, United States",dr.tutela@tutelaplasticsurgery.com,John Paul,Tutela,Owner,mb,Catch-All,aspmx.l.google.com
+1 305-403-2922,"Arthur Desrosiers III, M.D. - Marquis Plastic Surgery",Plastic surgeon,arthurmd.com,"6705 Red Rd #516, Miami, FL 33143, United States",arthur@arthurmd.com,Arthur,Desrosiers,Founder,mb,Catch-All,aspmx.l.google.com
+1 512-601-4759,"Dr. Elisabeth Potter, MD",Plastic surgeon,drpotter.com,"6818 Austin Center Blvd #204, Austin, TX 78731, United States",jeff@drpotter.com,Jeff,,Manager,mb,Catch-All,aspmx.l.google.com
+1 512-601-4759,"Dr. Elisabeth Potter, MD",Plastic surgeon,drpotter.com,"6818 Austin Center Blvd #204, Austin, TX 78731, United States",elisabeth@drpotter.com,Elisabeth,Potter,Owner,mb,Catch-All,aspmx.l.google.com
+1 281-599-9445,"John Freeman, MD, DDS, FACS",Cosmetic surgeon,yourfacedoc.com,"705 S Fry Rd #200, Katy, TX 77450, United States",johnfreemanmd@ymail.com,John,Freeman,Owner,mb,Catch-All,mta7.am0.yahoodns.net
+1 903-230-3223,Hawner Plastic Surgery Associates,Plastic surgeon,drhawner.com,"707 Hollybrook Dr #400, Longview, TX 75605, United States",kathy@drhawner.com,Kathy,,Manager,mb,Catch-All,titan1.groupm7.com
+1 559-233-3376,Paz Dermatology,Dermatologist,pazderm.com,"7095 N Recreation Ave Ste 105, Fresno, CA 93720, United States",carlos@pazderm.com,Carlos,Paz,Founder,mb,Catch-All,pazderm-com.mail.protection.outlook.com
+1 815-240-0900,"Dr. Sarah E. Hagarty, MD",Plastic surgeon,drsarahhagarty.com,"7117 Crimson Ridge Dr #3, Rockford, IL 61107, United States",shagarty@uic.edu,Sarah,Hagarty,Owner,mb,Catch-All,uic-edu.mail.protection.outlook.com
+1 212-485-0616,"Nicholas Bastidas, MD - Plastic Surgery",Plastic surgeon,drbastidas.com,"715 Park Ave APT 2, New York, NY 10021, United States",nbastidas@northwell.edu,Nicholas,Bastidas,Owner,mb,Catch-All,mxb-001a2801.gslb.pphosted.com
+1 937-641-3000,"Salim Mancho, DO",Plastic surgeon,providers.childrensdayton.org,"730 Valley St, Dayton, OH 45404, United States",brittona@childrensdayton.org,Anjie,Britton,"Manager, Primary Care Marketing",mb,Catch-All,childrensdayton-org.mail.protection.outlook.com
+1 937-641-3000,"Salim Mancho, DO",Plastic surgeon,providers.childrensdayton.org,"730 Valley St, Dayton, OH 45404, United States",feldmand@childrensdayton.org,Deborah,Feldman,President and CEO,mb,Catch-All,childrensdayton-org.mail.protection.outlook.com
+1 301-615-1986,Mana Dermatology,Dermatologist,manadermatology.com,"7500 Greenway Center Dr Ste 1220, Greenbelt, MD 20770, United States",mana@manadermatology.com,Mana,Ogholikhan,Owner,mb,Catch-All,aspmx.l.google.com
+1 801-250-7077,Club Image,Plastic surgeon,clubimage.com,"7535 Union Park Ave, Sandy, UT 84093, United States",kirk@clubimage.com,Kirk,Moore,Founder,mb,Catch-All,aspmx.l.google.com
+1 770-962-5040,"Jing F. Gill, M. D.",Dermatologist,northgaderm.com,"771 Old Norcross Rd #260, Lawrenceville, GA 30046, United States",jennifer.white@northgaderm.com,Jennifer,White,Office Manager,mb,Catch-All,mxa-0061ed01.gslb.pphosted.com
+1 602-957-6000,"G. Robert Meger, M.D. P.C.",Plastic surgeon,drmeger.com,"8096 N 85th Way, Scottsdale, AZ 85258, United States",meger@drmeger.com,G. Robert,Meger,Founder,mb,Catch-All,aspmx.l.google.com
+1 479-242-2442,"Ann Passmore, MD",Plastic surgeon,passmoreplasticsurgery.com,"8101 McClure Dr #100, Fort Smith, AR 72916, United States",ann@passmoreplasticsurgery.com,Ann,Passmore,Owner,mb,Catch-All,passmoreplasticsurgery-com.mail.protection.outlook.com
+1 305-697-0911,Divine Plastic Surgery,Plastic surgeon,divineplasticsurgery.com,"8181 NW 154th St #230, Miami Lakes, FL 33016, United States",iosvany@divineplasticsurgery.com,Iosvany,Martin,Owner,mb,Catch-All,aspmx.l.google.com
+1 210-670-5101,Lone Star Center for Health and Wellness,Wellness center,lonestarcenters.com,"8233 Fredericksburg Rd, San Antonio, TX 78229, United States",sar@lonestarcenters.com,Severo,Rodriguez,Privacy Officer,mb,Catch-All,mx3-usg1.ppe-hosted.com
+1 317-344-9840,Dragonfly 360 Wellness,Naturopathic practitioner,dragonfly360.net,"8435 Keystone Crossing Ste 155, Indianapolis, IN 46240, United States",m@dragonfly360.net,Melanie,MacLaren,Founder,mb,Catch-All,aspmx.l.google.com
+1 503-561-7000,"Katie Yonker, MD",Plastic surgeon,mychart.salemhealth.org,"875 Oak St SE Suite 4060, Salem, OR 97301, United States",cheryl.nesterwolfe@salemhospital.org,Cheryl,Nester Wolfe,President and CEO,mb,Catch-All,mxa-00076401.gslb.pphosted.com
+1 605-422-3000,Dunes Dermatology,Dermatologist,dunesderm.com,"9 E Main St, Vermillion, SD 57069, United States",mheitman@dunesderm.com,Michaela,Heitman,Office Manager,mb,Catch-All,mx3-usg1.ppe-hosted.com
+1 973-857-7757,Plastic Surgery NJ: Berlet Plastic Surgery®,Plastic surgeon,berletplasticsurgery.com,"908 Pompton Ave # A1, Cedar Grove, NJ 07009, United States",pamela@berletplasticsurgery.com,Pamela,Dungan,Office Manager,mb,Catch-All,aspmx.l.google.com
+1 954-565-8282,"C. Roberto Palma, MD",Plastic surgeon,palmaplasticsurgery.com,"910 NE 26th Ave, Fort Lauderdale, FL 33304, United States",ojodeagua@aol.com,Candido,Palma,Owner,mb,Catch-All,mx-aol.mail.gm0.yahoodns.net
+1 214-253-9856,Michael Chiodo Plastic Surgery,Plastic surgeon,drmikechiodo.com,"9101 N Central Expy #560, Dallas, TX 75231, United States",michael@drmikechiodo.com,Michael,Chiodo,Owner,mb,Catch-All,mx3-usg1.ppe-hosted.com
+1 310-550-0999,Glassman Harry A MD,Plastic surgeon,glassmanmd.com,"9150 Wilshire Blvd Suite 240, Beverly Hills, CA 90212, United States",harry.glassman@glassmanmd.com,Harry,Glassman,Founder,mb,Catch-All,glassmanmd-com.mail.protection.outlook.com
+1 404-220-7689,Dr Steven Bailey,Plastic surgeon,baileycosmetic.com,"9236 Main St suite 3c, Woodstock, GA 30188, United States",steven@baileycosmetic.com,Steven,Bailey,Founder,mb,Catch-All,mx1-us1.ppe-hosted.com
+1 346-351-6622,Rêve Dermatology and Aesthetics,Dermatologist,revedermatology.com,"9323 Pinecroft Dr Ste 202, The Woodlands, TX 77380, United States",drojong@revedermatology.com,Oben,Ojong,Founder,mb,Catch-All,smtp.google.com
+1 860-679-8080,Jillian Fortier MD,Plastic surgeon,facultydirectory.uchc.edu,"UConn Health Plastic and Reconstructive Surgery, 263 Farmington Ave, Farmington, CT 06030, United States",agwunobi@uchc.edu,Andrew,Agwunobi,Chief Executive Officer,mb,Catch-All,mxa-001a4a02.gslb.pphosted.com
+1 860-679-8080,Jillian Fortier MD,Plastic surgeon,facultydirectory.uchc.edu,"UConn Health Plastic and Reconstructive Surgery, 263 Farmington Ave, Farmington, CT 06030, United States",elsun@uchc.edu,Ella,Sun,Director,mb,Catch-All,mxb-001a4a02.gslb.pphosted.com
+1 508-674-6100,Ira H Rex III Md,Plastic surgeon,irarexmd.com,"10 N Main St, Fall River, MA 02720, United States",ira@irarexmd.com,Ira,Rex,Owner,mb,Catch-All,irarexmd-com.mail.protection.outlook.com
+1 928-583-7887,WOMENS HEALTH & WELLNESS,Women's health clinic,whwprescott.com,"1000 Willow Creek Rd Suite E, Prescott, AZ 86301, United States",jeanette@whwprescott.com,Jeanette,Pilotte,Owner,mb,Catch-All,whwprescott-com.mail.protection.outlook.com
+1 575-262-7546,Elite Dermatology,Dermatologist,elitedermatologynm.com,"1005 S Telshor Blvd A, Las Cruces, NM 88011, United States",tiffanya@elitedermatologynm.com,Tiffany,Autry,CEO & Owner,mb,Catch-All,elitedermatologynm-com.mail.protection.outlook.com
+1 520-881-4525,"Frederick J. Menick, M.D.",Plastic surgeon,drmenick.com,"1102 N El Dorado Pl, Tucson, AZ 85710, United States",rachel@drmenick.com,Rachel,Mungaray,Clinic Manager,mb,Catch-All,drmenick.com.1.0001.arsmtp.com
+1 520-881-4525,"Frederick J. Menick, M.D.",Plastic surgeon,drmenick.com,"1102 N El Dorado Pl, Tucson, AZ 85710, United States",drmenick@drmenick.com,Frederick,Menick,Owner,mb,Catch-All,drmenick.com.1.0001.arsmtp.com
+1 626-513-2619,Bespoke Dermatology & Aesthetics,Dermatologist,bespokedermaesthetics.com,"115 S 1st Ave, Arcadia, CA 91006, United States",derek@bespokedermaesthetics.com,Derek,Ho,Founder,mb,Catch-All,aspmx.l.google.com
+1 352-794-6385,Citrus Dermatology,Dermatologist,citrusderm.com,"11521 W Emerald Oaks Dr, Crystal River, FL 34428, United States",brandieu@citrusderm.com,Brandie,Underwood,Owner and Administrator,mb,Catch-All,mx1-us1.ppe-hosted.com
+1 310-954-1450,Novus Anti-Aging Center,Wellness center,thenovuscenter.com,"11650 Riverside Dr #11, Studio City, CA 91602, United States",stephanie@thenovuscenter.com,Stephanie,Wolff,CEO,mb,Catch-All,aspmx.l.google.com
+1 541-683-3234,"Mark L. Jewell, MD",Plastic surgeon,markjewellmd.com,"1200 Executive Pkwy #360, Eugene, OR 97401, United States",mjewell@markjewellmd.com,Mark,Jewell,Founder,mb,Catch-All,markjewellmd-com.mail.protection.outlook.com
+1 262-547-9700,Dayspring Spa & Wellness Center,Wellness program,dayspringllc.com,"124 E Saint Paul Ave, Waukesha, WI 53188, United States",ginsummer@yahoo.com,Virginia,,Manager,mb,Catch-All,mta6.am0.yahoodns.net
+1 772-226-7218,Treasure Coast Dermatology,Dermatologist,tcdermatology.com,"1260 37th St STE 101, Vero Beach, FL 32960, United States",tioannides@tcdermatology.com,Tim,Ioannides,Founder,mb,Catch-All,smtp.google.com
+1 772-226-7218,Treasure Coast Dermatology,Dermatologist,tcdermatology.com,"1260 37th St STE 101, Vero Beach, FL 32960, United States",ibrann@tcdermatology.com,Ingrid,Brann,Manager,mb,Catch-All,smtp.google.com
+1 843-448-9977,Carolina Coastal Plastic Surgery & Medical Spa,Plastic surgeon,carolinacoastalplasticsurgery.com,"1275 21st Ave N, Myrtle Beach, SC 29577, United States",steven@carolinacoastalplasticsurgery.com,Steven,White,CEO,mb,Catch-All,aspmx.l.google.com
+1 843-448-9977,Carolina Coastal Plastic Surgery & Medical Spa,Plastic surgeon,carolinacoastalplasticsurgery.com,"1275 21st Ave N, Myrtle Beach, SC 29577, United States",tori@carolinacoastalplasticsurgery.com,Tori,,Patient Care Coordinator,mb,Catch-All,aspmx.l.google.com
+1 425-899-4455,Center for Women's Health at Evergreen,Women's health clinic,womenshealthcare.org,"12910 Totem Lake Blvd NE #102, Kirkland, WA 98034, United States",rrojas@womenshealthcare.org,Rochelle,Rojas,Practice Manager,mb,Catch-All,womenshealthcare-org.mail.protection.outlook.com
+1 410-928-1136,Dr. Brent Birely - Artistry in Plastic Surgery,Plastic surgeon,drbirely.com,"1300 York Rd #100, Lutherville, MD 21093, United States",brent@drbirely.com,Brent,Birely,Founder,mb,Catch-All,drbirely.com.1.0001.arsmtp.com
+1 619-222-3339,"John G. Apostolides, MD, Inc. dba DEFY",Plastic surgeon,defyprs.com,"1322 Scott St Unit 102, San Diego, CA 92106, United States",john@defyprs.com,John,Apostolides,Founder,mb,Catch-All,aspmx.l.google.com
+1 503-399-2444,"Salem Women's Clinic, Inc.",Women's health clinic,salemwomensclinic.com,"1395 Liberty St SE, Salem, OR 97302, United States",elizebeth.harmon@salemwomensclinic.com,Elizebeth,Harmon,Founder,mb,Catch-All,salemwomensclinic.com.1.0001.arsmtp.com
+1 239-772-1930,"Dr. Michael K. Kim, Board-Certified Plastic Surgeon",Plastic surgeon,michaelkimmd.com,"14 Del Prado Blvd N # 302, Cape Coral, FL 33909, United States",michael.kim@michaelkimmd.com,Michael,Kim,Owner,mb,Catch-All,mx10.antispam.mailspamprotection.com
+1 918-421-6600,Mc Alester Regional Wellness,Wellness program,mrhcok.com,"1400 E Van Buren Ave, McAlester, OK 74501, United States",julie_p@mrhcok.com,Julie,Powell,Chief Executive Officer,mb,Catch-All,mrhcok-com.mail.protection.outlook.com
+1 918-421-6600,Mc Alester Regional Wellness,Wellness program,mrhcok.com,"1400 E Van Buren Ave, McAlester, OK 74501, United States",kc108041@mrhcok.com,Krystal,Collins,Director of Patient Access,mb,Catch-All,mrhcok-com.mail.protection.outlook.com
+1 516-496-7757,"Peter L. Schwartz, MD",Plastic surgeon,cosmeticplasticsurgerylongisland.com,"143 Froehlich Farm Blvd, Woodbury, NY 11797, United States",pschwartzmd@yahoo.com,Peter,Schwartz,Owner,mb,Catch-All,mta5.am0.yahoodns.net
+1 920-339-5252,"Wise Woman Wellness, LLC",Women's health clinic,wisewomanwellness.com,"1480 Swan Rd, De Pere, WI 54115, United States",jmann@wisewomanwellness.com,Jeffrey,Mann,Vice President of Operations and Business Development,mb,Catch-All,wisewomanwellness-com.mail.protection.outlook.com
+1 706-226-3311,"Reginald R. Sherrill, MD",Plastic surgeon,vitruvianhealth.com,"1501 Broadrick Dr #1, Dalton, GA 30720, United States",mmorrow@hhcs.org,Mary,Morrow,Physician Recruiter,mb,Catch-All,mx2.hc6272-60.iphmx.com
+1 830-971-9151,Cibolo Creek Dermatology Group,Dermatologist,ciboloderm.com,"1580 S Main St Ste. 101-A, Boerne, TX 78006, United States",monica@ciboloderm.com,Monica,McCrary,Founder,mb,Catch-All,ciboloderm-com.mail.protection.outlook.com
+1 888-543-0082,Malibu Faces Medical Spa,Plastic surgeon,malibufaces.com,"1601 Pacific Coast Hwy suite 150, Hermosa Beach, CA 90254, United States",vincent@malibufaces.com,Vincent,Bennett,Medical Director,mb,Catch-All,aspmx.l.google.com
+1 214-702-0029,Dallas Dermatology Partners,Dermatologist,dallasdermpartners.com,"17051 Dallas Pkwy Ste 350, Addison, TX 75001, United States",melissa@dallasdermpartners.com,Melissa,Costner,Partner,mb,Catch-All,dallasdermpartners-com.mail.protection.outlook.com
+1 214-645-2353,"Shai M. Rozen, M.D., F.A.C.S.",Plastic surgeon,drshairozen.com,"1801 Inwood Rd, Dallas, TX 75390, United States",shai@drshairozen.com,Shai,Rozen,Owner,mb,Catch-All,drshairozen-com.mail.protection.outlook.com
+1 209-464-5656,Mabourakh Shahriar MD Facs,Plastic surgeon,psaf.com,"1805 N California St, Stockton, CA 95204, United States",shahriar@psaf.com,Shahriar,Mabourakh,Owner,mb,Catch-All,aspmx.l.google.com
+1 818-342-4541,"AESTHETICA LA: Arezou Yaghoubian, MD, FACS",Plastic surgeon,aestheticala.com,"18372 Clark St # 204, Tarzana, CA 91356, United States",arezou@aestheticala.com,Arezou,Yaghoubian,Founder,mb,Catch-All,aspmx.l.google.com
+1 865-238-6400,Prisma Health Dermatology and Plastic Surgery–Springbrook,Dermatologist,prismahealth.org,"220 Associates Blvd, Alcoa, TN 37701, United States",mark.ohalla@prismahealth.org,Mark,O'Halla,President and CEO,mb,Catch-All,mxa-00133401.gslb.pphosted.com
+1 270-688-3700,"Janae Kittinger, MD",Plastic surgeon,owensborohealth.org,"2211 Mayfair Ave #305, Owensboro, KY 42301, United States",mack.howell@owensborohealth.org,Mack,Howell,COO,mb,Catch-All,owensborohealth-org.mail.protection.outlook.com
+1 270-688-3700,"Janae Kittinger, MD",Plastic surgeon,owensborohealth.org,"2211 Mayfair Ave #305, Owensboro, KY 42301, United States",mark.marsh@owensborohealth.org,Mark,Marsh,President and CEO,mb,Catch-All,owensborohealth-org.mail.protection.outlook.com
+1 601-983-7494,Fitness Clinic Wellness,Wellness program,maofoundation.com,"2219 Greenway Dr, Jackson, MS 39204, United States",maof1@yahoo.com,Barbara,Broadwater,Executive Director,mb,Catch-All,mta6.am0.yahoodns.net
+1 706-854-2080,"Troy Austin, MD",Plastic surgeon,seaplasticsurgery.com,"225 Cooper Ct, Augusta, GA 30907, United States",troy@seaplasticsurgery.com,Troy,Austin,Founder,mb,Catch-All,aspmx.l.google.com
+1 617-267-0710,"Jeffrey Darrow, M.D.",Plastic surgeon,darrowplasticsurgery.com,"235 Cypress St #210, Brookline, MA 02445, United States",jeffrey@darrowplasticsurgery.com,Jeffrey,Darrow,Owner,mb,Catch-All,darrowplasticsurgery-com.mail.protection.outlook.com
+1 713-574-1249,"Leo Lapuerta, MD Plastic Surgery",Plastic surgeon,lookyounger.net,"2360 County Rd 94 #104, Pearland, TX 77584, United States",leo@lookyounger.net,Leo,Lapuerta,Founder,mb,Catch-All,lookyounger-net.mail.protection.outlook.com
+1 916-983-0550,"The Zimmerman Center for Plastic Surgery: Terry Zimmerman, MD, FACS",Plastic surgeon,zimmermancenter.com,"2370 E Bidwell St STE 100, Folsom, CA 95630, United States",terry@zimmermancenter.com,Terry,Zimmerman,Medical Director & Owner,mb,Catch-All,smtp.google.com
+1 972-771-8900,RHEO Wellness (formerly Rockwall Complete Healing & Wellness),Wellness program,rheowellness.com,"2455 Ridge Rd Suite 151, Rockwall, TX 75087, United States",dominique@rheowellness.com,Dominique,Robinson,Owner,mb,Catch-All,smtp.google.com
+1 281-769-5902,Contour Spa Katy,Health spa,contourspakaty.com,"25140 Kingsland Blvd #212, Katy, TX 77494, United States",jay@contourspakaty.com,Jay,Houston,CEO,mb,Catch-All,mx156.hostedmxserver.com
+1 970-242-8177,"Dr. Duane O. Hartshorn, MD",Plastic surgeon,regenesisplasticsurgery.com,"2515 Foresight Cir Suite 100, Grand Junction, CO 81505, United States",duanehartshorn@cwo.allscriptsdirect.net,Duane,Hartshorn,Founder,mb,Catch-All,smtp-gcp.medalliesdirect.com
+1 970-242-8177,"Dr. Duane O. Hartshorn, MD",Plastic surgeon,regenesisplasticsurgery.com,"2515 Foresight Cir Suite 100, Grand Junction, CO 81505, United States",cari@regenesisplasticsurgery.com,Cari,Thomason,Practice Administrator,mb,Catch-All,cwoto-com.p10.mxthunder.com
+1 714-805-7234,South Coast Dermatology Institute,Dermatologist,southcoastdermatology.com,"2552 Walnut Ave #120, Tustin, CA 92780, United States",vince.afsahi@southcoastdermatology.com,Vince,Afsahi,Founder,mb,Catch-All,aspmx.l.google.com
+1 843-278-9555,Miklos and Moore,Women's health clinic,miklosandmoore.com,"260 W Coleman Blvd Ste A, Mt Pleasant, SC 29464, United States",jrm@miklosandmoore.com,John,Miklos,Founder,mb,Catch-All,miklosandmoore.com.1.0001.arsmtp.com
+1 800-979-3711,Wyoming Health Fairs,Wellness program,wyominghealthfairs.com,"2835 Grand Ave, Laramie, WY 82070, United States",tandi.rinker@wyominghealthfairs.com,Tandi,Rinker,Executive Director,mb,Catch-All,d292973a.ess.barracudanetworks.com
+1 480-625-4538,Bingham Dermatology Group,Dermatologist,binghamderm.com,"2855 E Brown Rd Unit 28, Mesa, AZ 85213, United States",jeremy@binghamderm.com,Jeremy,Bingham,Owner,mb,Catch-All,aspmx.l.google.com
+1 305-204-6183,"David Gerth, MD",Plastic surgeon,drgerthplasticsurgery.com,"2903 Salzedo St, Coral Gables, FL 33134, United States",david@drgerthplasticsurgery.com,David,Gerth,Owner,mb,Catch-All,aspmx.l.google.com
+1 813-554-8025,"Rose T. Trotta, MD",Plastic surgeon,baycare.org,"3030 W Dr Martin Luther King Jr Blvd #101, Tampa, FL 33607, United States",stephanie.conners@baycare.org,Stephanie,Conners,President and CEO,mb,Catch-All,mxa-0018a901.gslb.pphosted.com
+1 702-961-7552,"Jeroen Balledux, MD",Plastic surgeon,sunrisehospital.com,"3186 S Maryland Pkwy, Las Vegas, NV 89109, United States",todd.sklamberg@hcahealthcare.com,Todd,Sklamberg,CEO,mb,Catch-All,mxa-00039202.gslb.pphosted.com
+1 303-321-1439,"Jason Martin, M.D.",Plastic surgeon,jasonmartinmd.com,"36 Steele St Unit 200, Denver, CO 80206, United States",amy@jasonmartinmd.com,Amy,,Manager,mb,Catch-All,aspmx.l.google.com
+1 303-321-1439,"Jason Martin, M.D.",Plastic surgeon,jasonmartinmd.com,"36 Steele St Unit 200, Denver, CO 80206, United States",jason@jasonmartinmd.com,Jason,Martin,Owner,mb,Catch-All,aspmx.l.google.com
+1 248-901-0011,"Dr. Michael H. Freedland, MD",Plastic surgeon,freedlandmd.com,"36400 Woodward Ave #130, Bloomfield Hills, MI 48304, United States",sphillips@freedlandmd.com,Stevi,Phillips,Clinical Manager,mb,Catch-All,freedlandmd.in.tmes.trendmicro.com
+1 718-803-3000,PielViva,Dermatologist,pielviva.com,"37-42 77th St, Flushing, NY 11372, United States",miriamcasal@yahoo.com,Miriam,Casal,MD,mb,Catch-All,mta7.am0.yahoodns.net
+1 630-960-0023,Dr. Sandeep Jejurikar,Plastic surgeon,drjejurikar.com,"3800 Highland Ave Ste 106, Downers Grove, IL 60515, United States",sandeep@drjejurikar.com,Sandeep,Jejurikar,Owner,mb,Catch-All,drjejurikar-com.mail.protection.outlook.com
+1 305-668-0496,Dr. Sean Simon MD,Plastic surgeon,drsimonplasticsurgery.com,"3850 Bird Rd Ste 201, Miami, FL 33146, United States",alicia@drsimonplasticsurgery.com,Alicia,,Manager,mb,Catch-All,aspmx.l.google.com
+1 541-678-0020,Central Oregon Dermatology,Dermatologist,centraloregondermatology.com,"388 SW Bluff Dr, Bend, OR 97702, United States",mark@centraloregondermatology.com,Mark,Hall,Founder,mb,Catch-All,centraloregondermatology-com.mail.protection.outlook.com
+1 520-382-8200,Tucson Orthopaedic Institute - St. Mary's Office,Orthopedic clinic,tucsonortho.com,"395 N Silverbell Rd #101, Tucson, AZ 85745, United States",phecht@tucsonortho.com,Paula,Hecht,CEO,mb,Catch-All,mxb-004b0601.gslb.pphosted.com
+1 770-680-2197,W.I.S.E. Medical Center,Cosmetic surgeon,wisemedicalcenter.com,"401 S Main St Ste 8, Alpharetta, GA 30009, United States",thomas@wisemedicalcenter.com,Thomas,Locke,Medical Director,mb,Catch-All,smtp.secureserver.net
+1 770-680-2197,Wise Image Enhancement Center,Cosmetic surgeon,wiselipochoice.com,"401 S Main St, Alpharetta, GA 30009, United States",drlocke@wisemedicalcenter.com,Thomas,Locke,Medical Director,mb,Catch-All,smtp.secureserver.net
+1 954-463-5208,Yates Institute of Plastic Surgery,Plastic surgeon,yatesinstitute.com,"407 SE 24th St, Fort Lauderdale, FL 33316, United States",essie@yatesinstitute.com,Essie,Yates,Founder,mb,Catch-All,aspmx.l.google.com
+1 954-463-5208,Yates Institute of Plastic Surgery,Plastic surgeon,yatesinstitute.com,"407 SE 24th St, Fort Lauderdale, FL 33316, United States",jordan@yatesinstitute.com,Jordan,Yates,Partner,mb,Catch-All,aspmx.l.google.com
+1 480-759-3001,Rowley John M MD,Plastic surgeon,drjrowley.com,"4545 E Chandler Blvd Suite 110, Phoenix, AZ 85048, United States",drrowley@drjrowley.com,John,Rowley,Owner,mb,Catch-All,d219380a.ess.barracudanetworks.com
+1 212-481-3939,"Douglas Senderoff, MD, FACS",Plastic surgeon,drsenderoff.com,"461 Park Ave S, New York, NY 10016, United States",douglas@drsenderoff.com,Douglas,Senderoff,Owner,mb,Catch-All,mx.paubox.com
+1 713-790-9090,"Dr. Jacobo Varon, MD",Plastic surgeon,varonplasticsurgery.com,"4817 Bissonnet St, Bellaire, TX 77401, United States",jacob@varonplasticsurgery.com,Jacob,Varon,Founder,mb,Catch-All,varonplasticsurgery-com.mail.protection.outlook.com
+1 941-404-5438,"RejuveFace (Mark Checcone, MD)",Plastic surgeon,rejuveface.com,"4901 Clark Rd, Sarasota, FL 34233, United States",ar@rejuveface.com,Mark,Checcone,Owner,mb,Catch-All,alt2.aspmx.l.google.com
+1 305-406-9055,Svelta Plastic Surgery,Plastic surgeon,seductioncosmetic.com,"4950 SW 8th St, Miami, FL 33134, United States",gretty@seductioncosmetic.com,Gretel,Jardon,President,mb,Catch-All,inbound-smtp.us-east-1.amazonaws.com
+1 614-246-6900,Dr. Robert Heck MD | Columbus Aesthetic & Plastic Surgery,Plastic surgeon,columbusplasticsurgery.com,"5005 Arlington Centre Blvd, Columbus, OH 43220, United States",kcook@columbusplasticsurgery.com,Kendra,Cook,Chief Executive Officer,mb,Catch-All,d185250a.ess.barracudanetworks.com
+1 206-539-0675,Linnell Dermatology and Aesthetics,Dermatologist,linnellderm.com,"515 Minor Ave Ste 230, Seattle, WA 98104, United States",erica@linnellderm.com,Erica,Linnell,Founder,mb,Catch-All,linnellderm-com.mail.protection.outlook.com
+1 440-394-8000,Cleveland Hormone Health Functional Medicine Institute,Reproductive health clinic,hormonehealthcleveland.com,"6175 SOM Ctr Rd #100, Solon, OH 44139, United States",gary@hormonehealthcleveland.com,Gary,Joseph,Physician/Founder,mb,Catch-All,mail.hormonehealthcleveland.com
+1 215-659-8805,Goldberg Facial Plastic Surgery + Med Spa,Cosmetic surgeon,goldbergfacialplasticsurgery.com,"723 Fitzwatertown Rd Unit A, Willow Grove, PA 19090, United States",drgoldberg@goldbergfacialplasticsurgery.com,Joshua,Goldberg,Facial Plastic Surgeon,mb,Catch-All,goldbergfacialplasticsurgery-com.mail.protection.outlook.com
+1 309-699-9700,Peoria Treatment Center,Wellness program,methadonetreatmentcenter.com,"731 Sabrina Dr Ste C, East Peoria, IL 61611, United States",connie@methadonetreatmentcenter.com,Connie,Phillips,Program Director,mb,Catch-All,us-smtp-inbound-1.mimecast.com
+1 908-393-9755,Dermatology Center of NJ,Dermatologist,dermcenternj.com,"745 US-202 206 St Ste 102, Bridgewater, NJ 08807, United States",simiagarwal_2000@yahoo.com,Smita,Agarwal,Owner,mb,Catch-All,mta5.am0.yahoodns.net
+1 301-220-0400,Dr. Carlton Scroggins Plastic Surgeon,Plastic surgeon,drscroggins.com,"7525 Greenway Center Dr #113, Greenbelt, MD 20770, United States",tummyboy2@yahoo.com,Carlton,Scroggins,Founder,mb,Catch-All,mta7.am0.yahoodns.net
+1 919-296-1280,"Cary Laser Aesthetics: Vijaya Polavaram, MD",Plastic surgeon,carylaserandaesthetics.com,"7560 Carpenter Fire Station Rd #203, Cary, NC 27519, United States",vijaya@carylaserandaesthetics.com,Vijaya,Polavaram,Owner,mb,Catch-All,carylaserandaesthetics-com.mail.protection.outlook.com
+1 732-335-0335,Negin N Griffith MD FACS,Plastic surgeon,griffithplasticsurgery.com,"76 E Front St, Red Bank, NJ 07701, United States",drgriffith@griffithplasticsurgery.com,Negin,Griffith,Founder,mb,Catch-All,aspmx.l.google.com
+1 513-755-8115,"Dr. Hauw T. Han, MD",Plastic surgeon,hthan.com,"7760 W VOA Park Dr, West Chester Township, OH 45069, United States",crystal@hthan.com,Crystal,,Manager,mb,Catch-All,hthan-com.mail.protection.outlook.com
+1 703-506-0300,Widder Plastic Surgery Center,Plastic surgeon,widderplasticsurgery.com,"8230 Leesburg Pike #630, Vienna, VA 22182, United States",drredou@aol.com,Shlomo,Widder,Owner,mb,Catch-All,mx-aol.mail.gm0.yahoodns.net
+1 703-451-8777,Robert N De Angelis,Dermatologist,skinandallergy.com,"8346 Traford Ln #101, West Springfield, VA 22152, United States",carol@skinandallergy.com,Carol,Currey,Owner,mb,Catch-All,skinandallergy-com.mail.protection.outlook.com
+1 703-207-3065,"Craig R. Dufresne, MD, FACS",Plastic surgeon,cdufresnemd.com,"8501 Arlington Blvd # 420, Fairfax, VA 22031, United States",debra@cdufresnemd.com,Debra,Windish,Medical Office Manager,mb,Catch-All,d295948a.ess.barracudanetworks.com
+1 703-207-3065,"Craig R. Dufresne, MD, FACS",Plastic surgeon,cdufresnemd.com,"8501 Arlington Blvd # 420, Fairfax, VA 22031, United States",drdufresne@cdufresnemd.com,Craig,Dufresne,Owner,mb,Catch-All,d295948a.ess.barracudanetworks.com
+1 317-335-6939,Hancock Wellness Center,Wellness center,hancockhealth.org,"8505 N Clearview Dr, McCordsville, IN 46055, United States",jwells2@hancockregional.org,Jenn,Wells,Assistant Vice President,mb,Catch-All,hancockhealth-org.mail.protection.outlook.com
+1 317-335-6939,Hancock Wellness Center,Wellness center,hancockhealth.org,"8505 N Clearview Dr, McCordsville, IN 46055, United States",bbastin@hancockregional.org,Brandee,Bastin,Coalition Coordinator,mb,Catch-All,hancockhealth-org.mail.protection.outlook.com
+1 317-335-6939,Hancock Wellness Center,Wellness center,hancockhealth.org,"8505 N Clearview Dr, McCordsville, IN 46055, United States",slong3@hancockregional.org,Steve,Long,President & CEO,mb,Catch-All,hancockhealth-org.mail.protection.outlook.com
+1 310-550-6300,Rodeo Drive Plastic Surgery,Plastic surgeon,rodeodriveplasticsurgery.com,"9301 Wilshire Blvd Suite 410, Beverly Hills, CA 90210, United States",lloyd@rodeodriveplasticsurgery.com,Lloyd,Krieger,Founder and Medical Director,mb,Catch-All,rodeodriveplasticsurgery.com
+1 305-279-4700,Cosmetique Cosmetic Surgery Center,Plastic surgeon,cosmetiqueplasticsurgery.com,"9495 Sunset Dr Ste b-275, Miami, FL 33173, United States",rhusonhun@aol.com,Robert,Hunsaker,Owner,mb,Catch-All,mx-aol.mail.gm0.yahoodns.net
+1 954-916-1100,"Abram Berens, M. D.",Dermatologist,nulook4u.com,"969 N Nob Hill Rd, Plantation, FL 33324, United States",berensmd@nulook4u.com,Abram,Berens,Owner,mb,Catch-All,smtp.google.com
+1 404-785-7792,Children's Healthcare of Atlanta Plastic Surgery and Craniofacial - Northside Professional Center,Plastic surgeon,choa.org,"975 Johnson Ferry Rd NE #100, Atlanta, GA 30342, United States",stacey.deweese@choa.org,Stacey,DeWeese,Manager,mb,Catch-All,mx1.hc2513-4.iphmx.com
+1 404-785-7792,Children's Healthcare of Atlanta Plastic Surgery and Craniofacial - Northside Professional Center,Plastic surgeon,choa.org,"975 Johnson Ferry Rd NE #100, Atlanta, GA 30342, United States",donna.hyland@choa.org,Donna,Hyland,President and Chief Executive Officer,mb,Catch-All,mx1.hc2513-4.iphmx.com
+1 469-547-6170,Total Wellness and Bariatrics (formerly McCarty Weight Loss Center),Wellness center,totalwellnessandbariatrics.com,"Outpatient Center, 9440 Poppy Dr, Dallas, TX 75218, United States",crystal@totalwellnessandbariatrics.com,Crystal,Sadler,Owner,mb,Catch-All,aspmx.l.google.com
+1 321-308-0659,Porter Premiere Dermatology and Surgery Center,Dermatologist,porterderm.com,"Pineda Business Center, 5325 N Wickham Rd Ste 108, Melbourne, FL 32940, United States",tporter21@yahoo.com,Anthony,Porter,Owner,mb,Catch-All,mta7.am0.yahoodns.net
+1 707-763-3545,"Dr. Eiler J. Sommerhaug, MD",Cosmetic surgeon,winecountryplasticsurgery.com,"106 Lynch Creek Way #8, Petaluma, CA 94954, United States",esommerhaug@yahoo.com,Eiler,Sommerhaug,Owner,mb,Catch-All,mta6.am0.yahoodns.net
+1 248-362-2300,Pravin P Puri M.D.,Plastic surgeon,eplasticsurgeon.net,"1080 Kirts Blvd #700, Troy, MI 48084, United States",ppuri@eplasticsurgeon.net,Pravin,Puri,Owner,mb,Catch-All,eplasticsurgeon-net.mail.protection.outlook.com
+1 281-864-3376,"Mays Dermatology, Rana Mays MD",Dermatologist,maysderm.com,"10907 Memorial Hermann Dr #170, Pearland, TX 77584, United States",rana@maysderm.com,Rana,Mays,CEO,mb,Catch-All,aspmx.l.google.com
+1 760-325-2074,Scott Don R MD,Dermatologist,donscottmd.com,"1100 N Palm Canyon Dr Ste 108, Palm Springs, CA 92262, United States",donald@donscottmd.com,Donald,Scott,Owner,mb,Catch-All,donscottmd-com.mail.protection.outlook.com
+1 972-747-4271,Plastic and Hand Surgery of North Texas,Plastic surgeon,plasticandhandsurgerynorthtexas.com,"1105 N Central Expy #2370, Allen, TX 75013, United States",nam@plasticandhandsurgerynorthtexas.com,Nam,Le,Owner,mb,Catch-All,aspmx.l.google.com
+1 209-417-1757,William Anderson MD,Plastic surgeon,wdandersonmd.com,"1117 E Main St Ste a, Turlock, CA 95380, United States",dra@wdamd.com,William,Anderson,Owner,mb,Catch-All,wdamd-com.mail.protection.outlook.com
+1 214-818-0935,"Richard Ha, MD",Plastic surgeon,haplasticsurgery.com,"11970 N Central Expy #270, Dallas, TX 75243, United States",richard@haplasticsurgery.com,Richard,Ha,President,mb,Catch-All,d289770a.ess.barracudanetworks.com
+1 423-328-9000,"Dr. Jim Brantner, M.D. Plastic and Reconstructive Surgery",Plastic surgeon,jimbrantnermd.com,"1303 Sunset Dr #5, Johnson City, TN 37604, United States",jim@jimbrantnermd.com,Jim,Brantner,Founder,mb,Catch-All,ASPMX.L.GOOGLE.com
+1 310-860-0646,"Dr. Shay B. Dean, MD",Plastic surgeon,deanplasticsurgery.com,"13345 Washington Blvd, Los Angeles, CA 90066, United States",doctorshay@deanplasticsurgery.com,Shay,Dean,Founder & Medical Director,mb,Catch-All,aspmx.l.google.com
+1 201-488-8584,"Dr. David J. Bikoff, MD",Plastic surgeon,drbikoff.com,"140Prospect Avenue Suite 8, Hackensack, NJ 07601, United States",david@drbikoff.com,David,Bikoff,Owner,mb,Catch-All,mail.h-email.net
+1 775-323-1300,Sierra Women's Health,Women's health clinic,swhreno.com,"1500 E 2nd St Ste 202, Reno, NV 89502, United States",bruce@swhreno.com,Bruce,Farringer,Owner,mb,Catch-All,swhreno-com.mail.protection.outlook.com
+1 561-347-7777,"Dr. David J. Applebaum, MD",Plastic surgeon,bocaratoncosmeticsurg.com,"1599 NW 9th Ave, Boca Raton, FL 33486, United States",drabaum4@aol.com,David,Applebaum,Owner,mb,Catch-All,mx-aol.mail.gm0.yahoodns.net
+1 832-939-8500,"Melissa A. Crosby, MD, PLLC",Plastic surgeon,drcrosbyplasticsurgery.com,"16605 Southwest Fwy suite 300, Sugar Land, TX 77479, United States",drcrosby@drcrosbyplasticsurgery.com,Melissa,Crosby,Owner,mb,Catch-All,mx1-us1.ppe-hosted.com
+1 817-281-7546,Northeast Tarrant Dermatology: Nguyen Tho Q MD,Dermatologist,northeasttarrantderm.com,"1733 Precinct Line Rd, Hurst, TX 76054, United States",tho@northeasttarrantderm.com,Tho,Nguyen,Owner,mb,Catch-All,northeasttarrantderm-com.mail.protection.outlook.com
+1 630-448-8509,Chicago Hair Institute,Plastic surgeon,chicagohairinstitute.com,"1S280 Summit Ave STE C4, Oakbrook Terrace, IL 60181, United States",drkonior@sbcglobal.net,Raymond,Konior,Founder,mb,Catch-All,mx-att.mail.am0.yahoodns.net
+1 817-410-7700,"Dermatology Surgery Specialists/ Dr. Saira Momin, DO",Dermatologist,dfwmohs.com,"2020 W State Hwy 114 Ste 340, Grapevine, TX 76051, United States",saira@dfwmohs.com,Saira,Momin,Owner,mb,Catch-All,aspmx.l.google.com
+1 262-558-4367,"Dermatology & Cosmetic Physicians, S.C.",Dermatologist,dcpskincare.com,"2102 Continental Dr, West Bend, WI 53095, United States",burt@dcpskincare.com,Burt,Steffes,Founder & CEO,mb,Catch-All,aspmx.l.google.com
+1 253-862-5275,LARK Dermatology / Beauty,Dermatologist,larkderm.com,"21137 WA-410 I, Bonney Lake, WA 98391, United States",daniel@larkderm.com,Daniel,Lévy,Founder,mb,Catch-All,larkderm-com.mail.protection.outlook.com
+1 217-249-4808,Duquette Functional Medicine Clinic,Wellness center,drdrewduquette.com,"2415 E Washington St STE F, Bloomington, IL 61704, United States",kendra@kendraduquette.com,Kendra,Duquette,Program Director,mb,Catch-All,aspmx.l.google.com
+1 650-962-4600,"The Menkes Clinic, A Golden State Dermatology Affiliate",Plastic surgeon,menkesclinic.com,"2490 Hospital Dr, Mountain View, CA 94040, United States",andrew@menkesclinic.com,Andrew,Menkes,Founder,mb,Catch-All,aspmx.l.google.com
+1 912-280-9977,Renue Plastic Surgery,Plastic surgeon,renuemd.com,"2500 Starling St STE 603, Brunswick, GA 31520, United States",bill@renuemd.com,Bill,Mitchell,Founder,mb,Catch-All,renuemd-com.mail.protection.outlook.com
+1 912-280-9977,Renue Plastic Surgery,Plastic surgeon,renuemd.com,"2500 Starling St STE 603, Brunswick, GA 31520, United States",liz@renuemd.com,Liz,Turk,Practice Administrator,mb,Catch-All,renuemd-com.mail.protection.outlook.com
+1 239-498-4968,"Dr. Robert D. Klausner, MD",Plastic surgeon,facialdoctor.com,"26800 S Tamiami Trl #360, Bonita Springs, FL 34134, United States",rklausner@aol.com,Robert,Klausner,President,mb,Catch-All,mx-aol.mail.gm0.yahoodns.net
+1 816-525-8500,"Lee's Summit Dermatology Associates, PC",Dermatologist,skinhealthcare.org,"276 NE Tudor Rd, Lee's Summit, MO 64086, United States",dkimbrell@skinhealthcare.org,Darci,Kimbrell,Front Office Manager,mb,Catch-All,mail.skinhealthcare.org
+1 816-525-8500,"Lee's Summit Dermatology Associates, PC",Dermatologist,skinhealthcare.org,"276 NE Tudor Rd, Lee's Summit, MO 64086, United States",gmcewen@skinhealthcare.org,Gary,McEwen,Owner,mb,Catch-All,mail.skinhealthcare.org
+1 919-488-0355,Wake Forest Dermatology,Dermatologist,wakeforestderm.com,"2824 Rogers Rd Ste 101, Wake Forest, NC 27587, United States",patricia.matheis@wakeforestderm.com,Patricia,Matheis,Owner,mb,Catch-All,wakeforestderm-com.mail.protection.outlook.com
+1 586-558-1110,Hutzel Women's Health Specialists,Women's health clinic,hutzelwomens.com,"28800 Ryan Rd #200, Warren, MI 48092, United States",dkmak@hutzelwomens.com,David,Kmak,Managing Partner,mb,Catch-All,aspmx.l.google.com
+1 813-877-3739,"Plastic Surgery Center of Tampa - Jaime Perez, MD",Plastic surgeon,jaimeperezmd.com,"307 S MacDill Ave, Tampa, FL 33609, United States",jperezmdpa@aol.com,Jaime,Perez,Owner,mb,Catch-All,mx-aol.mail.gm0.yahoodns.net
+1 305-809-8011,Key West Institute for Plastic Surgery,Plastic surgeon,keywestinstituteforplasticsurgery.com,"3140 Northside Dr building a, Key West, FL 33040, United States",docloessin@aol.com,Scott,Loessin,President,mb,Catch-All,mx-aol.mail.gm0.yahoodns.net
+1 407-539-3455,Dr. Arthur J Debaise MD,Plastic surgeon,drdebaise.com,"320 N Edinburgh Dr Suite D, Winter Park, FL 32792, United States",artdebaise@aol.com,Arthur,DeBaise,Owner,mb,Catch-All,mx-aol.mail.gm0.yahoodns.net
+1 563-359-4777,Paul James F DDS MD,Plastic surgeon,plasticsurgery.org,"3385 Dexter Ct #115, Davenport, IA 52807, United States",gmcclure@plasticsurgery.org,Gina,McClure,Chief Operating Officer,mb,Catch-All,plasticsurgery-org.mail.protection.outlook.com
+1 563-359-4777,Paul James F DDS MD,Plastic surgeon,plasticsurgery.org,"3385 Dexter Ct #115, Davenport, IA 52807, United States",mcostelloe@plasticsurgery.org,Michael,Costelloe,Executive Vice President,mb,Catch-All,plasticsurgery-org.mail.protection.outlook.com
+1 801-561-2227,Jordan River Women's Health,Women's health clinic,jordanriverwh.com,"3584 9000 S #206, West Jordan, UT 84088, United States",denise@jordanriverwh.com,Denise,Boudreaux-Nippert,Founder,mb,Catch-All,aspmx.l.google.com
+1 866-337-6631,Allied Dermatology and Skin Surgery - Akron,Dermatologist,alliedderm.com,"3624 W Market St, Akron, OH 44333, United States",jlibecco@alliedderm.com,James,Libecco,Co-Founder,mb,Catch-All,alliedderm-com.mail.protection.outlook.com
+1 305-606-0573,VIDA BELLA MIAMI COSMETIC SURGERY,Cosmetic surgeon,vidabellamiami.com,"365 W 49th St, Hialeah, FL 33012, United States",velilladoc@yahoo.com,Cesar,Velilla,Founder,mb,Catch-All,mta7.am0.yahoodns.net
+1 305-606-0573,VIDA BELLA MIAMI COSMETIC SURGERY,Cosmetic surgeon,vidabellamiami.com,"365 W 49th St, Hialeah, FL 33012, United States",mario@vidabellamiami.com,Mario,Reyes-Serrano,Medical Director,mb,Catch-All,aspmx.l.google.com
+1 617-262-8528,Back Bay Plastic Surgery,Plastic surgeon,backbayplasticsurgery.com,"38 Newbury St #502, Boston, MA 02116, United States",dandelvecchio@aol.com,Daniel,Del Vecchio,Owner,mb,Catch-All,mx-aol.mail.gm0.yahoodns.net
+1 916-482-5200,Bio-Vital Men's Clinic,Reproductive health clinic,biovitalmen.com,"3808 Auburn Blvd #41, Sacramento, CA 95821, United States",joshua@biovitalmen.com,Joshua,Jefferds,Owner,mb,Catch-All,aspmx.l.google.com
+1 313-745-0247,Rozzelle Arlene MD,Plastic surgeon,childrensdmc.org,"3901 Beaubien, Detroit, MI 48201, United States",adrake@dmc.org,Archie,Drake,CEO,mb,Catch-All,dmc-org.mail.protection.outlook.com
+1 773-777-4488,Aumbio Wellness Center - Chicago,Wellness center,aumbiocenter.com,"4003 N Nashville Ave, Chicago, IL 60634, United States",kamil@aumbiocenter.com,Kamil,Czubacki,President & CEO,mb,Catch-All,ASPMX.L.GOOGLE.com
+1 252-937-5003,"Park Plastic Surgery: Frederick K. Park, MD, FACS",Plastic surgeon,parkplasticsurgery.com,"4008 Capital Dr, Rocky Mount, NC 27804, United States",frederick@parkplasticsurgery.com,Frederick,Park,Owner,mb,Catch-All,parkplasticsurgery.com.1.0001.arsmtp.com
+1 310-278-8200,"Omar N Hussain, MD, FACS Plastic & Reconstructive Surgery",Plastic surgeon,omarhussainmd.com,"436 N Bedford Dr #103, Beverly Hills, CA 90210, United States",omar@omarhussainmd.com,Omar,Hussain,Owner,mb,Catch-All,omarhussainmd-com.mail.protection.outlook.com
+1 952-449-4900,"Dr. Ralph W. Bashioum, MD",Plastic surgeon,nipntuck.com,"445 Lake St E Suite #210, Wayzata, MN 55391, United States",ralph.bashioum@nipntuck.com,Ralph,Bashioum,Founder,mb,Catch-All,nipntuck-com.mail.protection.outlook.com
+1 763-545-0443,Minneapolis Plastic Surgery,Plastic surgeon,mpsmn.com,"4825 Olson Mem Hwy Ste #200, Minneapolis, MN 55422, United States",richard.tholen@mpsmn.com,Richard,Tholen,President and Co-owner,mb,Catch-All,smtp1-msp.securence.com
+1 661-327-3800,"Darshan Shah, MD",Plastic surgeon,drshah.com,"4850 Commerce Dr, Bakersfield, CA 93309, United States",darshan@drshah.com,Darshan,Shah,Founder,mb,Catch-All,aspmx.l.google.com
+1 814-868-7800,LECOM Medical Fitness & Wellness Center,Wellness center,lecomwellness.com,"5401 Peach St, Erie, PA 16509, United States",hmckenzie@lecom.edu,John,Ferretti,President and CEO,mb,Catch-All,d250113a.ess.barracudanetworks.com
+1 860-284-4950,Dr. Kimberley D. Rutherford,Plastic surgeon,prohealthmd.com,"599 Farmington Ave, Farmington, CT 06032, United States",benito.alvarez@prohealthmd.com,Benito,Alvarez,President & CEO,mb,Catch-All,mxa-0077b904.gslb.pphosted.com
+1 813-414-0908,"Dr. Moriah R. Moffitt, MD",Plastic surgeon,drmoffitt.com,"603 S Boulevard Second Floor, Tampa, FL 33606, United States",moriahnoffittmd@aol.com,Moriah,Moffitt,Owner,mb,Catch-All,mx-aol.mail.gm0.yahoodns.net
+1 281-944-9442,Empowered Care of Texas,Wellness program,empoweredcareoftexas.com,"605 Park Grove Dr Suite A, Katy, TX 77450, United States",jen@empoweredcareoftexas.com,Jen,Heathman,Owner,mb,Catch-All,empoweredcareoftexas-com.mail.protection.outlook.com
+1 559-435-0337,Golden State Dermatology,Dermatologist,goldenstatedermatology.com,"6769 N Fresno St #101, Fresno, CA 93710, United States",mperdue@goldenstatedermatology.com,Matt,Perdue,CEO,mb,Catch-All,aspmx.l.google.com
+1 203-754-4125,"Paula Moynahan, MD",Plastic surgeon,paulamoynahanmd.com,"687 Straits Turnpike #1a, Middlebury, CT 06762, United States",moynahanmd@aol.com,Paula,Moynahan,Founder,mb,Catch-All,mx-aol.mail.gm0.yahoodns.net
+1 865-588-1662,Aesthetic Plastic Surgery Associates,Plastic surgeon,plasticsurgerymd.com,"801 N Weisgarber Rd Ste 500, Knoxville, TN 37909, United States",holly@plasticsurgerymd.com,Holly,Lazarus,Office Administrator,mb,Catch-All,d355021a.ess.barracudanetworks.com
+1 732-613-0300,"Dr. Sandy S. Milgraum, MD",Dermatologist,laser18.com,"81 Brunswick Woods Dr, East Brunswick, NJ 08816, United States",sandy@laser18.com,Sandy,Milgraum,Owner,mb,Catch-All,aspmx.l.google.com
+1 732-613-0300,"Dr. Sandy S. Milgraum, MD",Dermatologist,laser18.com,"81 Brunswick Woods Dr, East Brunswick, NJ 08816, United States",drsandy@laser18.com,Sandy,Milgraum,Owner,mb,Catch-All,aspmx.l.google.com
+1 631-991-3235,Arnold D. Panzer M.D. | Meagan M. Sullivan N.P. | Medical Care Aesthetic Skincare and Dermatology,Dermatologist,arnolddpanzermd.com,"910 NY-109 Suite A, Lindenhurst, NY 11757, United States",arnold@arnolddpanzermd.com,Arnold,Panzer,Owner,mb,Catch-All,arnolddpanzermd-com.mail.protection.outlook.com
+1 954-565-7575,South Florida Center For Cosmetic Surgery,Plastic surgeon,floridacentercosmetic.com,"915 Middle River Dr #213, Fort Lauderdale, FL 33304, United States",dnord@floridacenter.com,Dylan,Nord,President,mb,Catch-All,floridacenter-com.mail.protection.outlook.com
+1 808-678-1955,"Kevin Dieffenbach, M.D. Cosmetic and Plastic Surgery",Plastic surgeon,plasticsurgeryoahu.com,"98-1247 Kaahumanu St #109, Aiea, HI 96701, United States",kevin@plasticsurgeryoahu.com,Kevin,Dieffenbach,Owner,mb,Catch-All,aspmx.l.google.com
+1 858-638-9800,Marin Aesthetics,Plastic surgeon,marinaesthetics.com,"9834 Genesee Ave #328, La Jolla, CA 92037, United States",vincent@marinaesthetics.com,Vincent,Marin,Owner,mb,Catch-All,aspmx.l.google.com
+1 716-323-6130,"Robert J Perry, MD, FACS",Plastic surgeon,buffaloniagaraplasticsurgery.com,"Conventus Medical Office Building, 1001 Main St 3rd Floor, Buffalo, NY 14203, United States",rperry@buffaloniagaraplasticsurgery.com,Robert,Perry,Owner,mb,Catch-All,aspmx.l.google.com
+1 801-255-7546,TrueSkin Dermatology,Dermatologist,trueskinmd.com,"10011 Centennial Pkwy #200, Sandy, UT 84070, United States",paul@trueskinmd.com,Paul,Harrison,President,mb,Catch-All,aspmx.l.google.com
+1 888-235-7227,The Acne Scar Center,Plastic surgeon,acnescarflorida.com,"101 NW 75th St #2, Gainesville, FL 32607, United States",dr@richardsadove.com,Richard,Sadove,Founder,mb,Catch-All,aspmx.l.google.com
+1 601-973-1624,Baptist Nutrition and Bariatric Center,Specialized clinic,baptistonline.org,"1190 N State St #204, Jackson, MS 39202, United States",michelle.scarbrough@bmhcc.org,Michelle,Scarbrough,Office Manager,mb,Catch-All,bmhcc-org.mail.protection.outlook.com
+1 914-946-1101,Grossman Marc E MD,Dermatologist,drmarcgrossman.com,"12 Greenridge Ave #403, White Plains, NY 10605, United States",marcmeg9@aol.com,Marc,Grossman,Owner,mb,Catch-All,mx-aol.mail.gm0.yahoodns.net
+1 405-945-0001,Brou Juan a MD,Cosmetic surgeon,premierokc.com,"13128 N MacArthur Blvd, Oklahoma City, OK 73142, United States",juan@premierokc.com,Juan,Brou,Owner,mb,Catch-All,aspmx.l.google.com
+1 405-945-0001,Brou Juan a MD,Cosmetic surgeon,premierokc.com,"13128 N MacArthur Blvd, Oklahoma City, OK 73142, United States",dee@premierokc.com,Dee,Horning,Practice Manager,mb,Catch-All,aspmx.l.google.com
+1 770-389-0734,Eagle's Landing Longevity Center,Wellness center,eagleslandinglongevity.com,"1325 Rock Quarry Rd #200, Stockbridge, GA 30281, United States",sylvainmd@bellsouth.net,Gayla,Sylvain,Owner,mb,Catch-All,mx-att.mail.am0.yahoodns.net
+1 281-419-9119,"Dr. Bryan J. Correa, MD",Plastic surgeon,correaplasticsurgery.com,"134 Vision Park Blvd Suite 150, Shenandoah, TX 77384, United States",gabrielle@correaplasticsurgery.com,Gabrielle,Frehe,Office Manager,mb,Catch-All,aspmx.l.google.com
+1 239-848-1200,"James L. Newlon, MD, FACS - Facial Plastic Surgery",Plastic surgeon,docnewlon.com,"15750 New Hampshire Ct, Fort Myers, FL 33908, United States",james@docnewlon.com,James,Newlon,Owner,mb,Catch-All,aspmx.l.google.com
+1 208-467-7546,"Comprehensive Dermatology of Idaho, PLLC",Dermatologist,dermidaho.com,"16111 N Brinson St #100, Nampa, ID 83687, United States",ryan@dermidaho.com,Ryan,Owsley,Founder,mb,Catch-All,d281797a.ess.barracudanetworks.com
+1 863-354-1900,The Pelvic Floor Institute,Women's health clinic,mypfi.org,"1625 N Carpenter Ave, Bartow, FL 33830, United States",lennox@mypfi.org,Lennox,Hoyte,Founder,mb,Catch-All,mypfi-org.mail.protection.outlook.com
+1 904-310-9652,MAPS Integrated Wellness,Wellness center,mapsintegratedwellness.com,"1896 S 14th St Ste 6, Fernandina Beach, FL 32034, United States",barretop@ameliabehavioralwellness.com,Patricia,Barreto,Owner,mb,Catch-All,aspmx.l.google.com
+1 305-824-1788,Gynecology and More,Women's health clinic,gynecologyandmore.com,"1933 W 60th St #1935, Hialeah, FL 33012, United States",laurafuentes@gynecologyandmore.com,Laura,Fuentes,Owner,mb,Catch-All,aspmx.l.google.com
+1 702-948-7595,Hankins & Sohn Plastic Surgery Associates,Plastic surgeon,hankinsplasticsurgery.com,"2150 S Rainbow Blvd, Las Vegas, NV 89146, United States",samuel@hankinsplasticsurgery.com,Samuel,Sohn,President,mb,Catch-All,hankinsplasticsurgery-com.mail.protection.outlook.com
+1 503-363-6868,"Natural Physicians, David Milroy, DC, ND",Naturopathic practitioner,naturalphysicians.org,"2351 SW Advance Rd, West Linn, OR 97068, United States",dmilroy@npclinic.org,David,Milroy,Owner,mb,Catch-All,mail.protonmail.ch
+1 503-363-6868,"Natural Physicians, David Milroy, DC, ND",Naturopathic practitioner,naturalphysicians.org,"2351 SW Advance Rd, West Linn, OR 97068, United States",dracortal@npclinic.org,Angela,Cortal,Physician,mb,Catch-All,mail.protonmail.ch
+1 910-323-1234,Dr. Saira Saini,Plastic surgeon,naturallookfayetteville.com,"2356 John Smith Rd # 201, Fayetteville, NC 28306, United States",saira@naturallookfayetteville.com,Saira,Saini,Founder,mb,Catch-All,naturallookfayetteville-com.mail.protection.outlook.com
+1 941-639-5665,"Constance, Christopher MD- Laser Plastic Surgery Center",Plastic surgeon,chrisconstance.com,"2525 Harbor Blvd Ste 310, Port Charlotte, FL 33952, United States",mynewlook@yahoo.com,Christopher,Constance,Owner,mb,Catch-All,mta7.am0.yahoodns.net
+1 520-290-5555,Physicians Hair Institute,Hair transplantation clinic,hairrestore.com,"2940 N Swan Rd Ste 130, Tucson, AZ 85712, United States",drkeene@hairrestore.com,Sharon,Keene,Owner,mb,Catch-All,mx002.netsol.xion.oxcs.net
+1 973-658-7546,Dr. Swetha Kandula,Dermatologist,dermskincarearts.com,"3695 Hill Rd #2b, Parsippany, NJ 07054, United States",skandula@dermskincarearts.com,Swetha,Kandula,Founder & Director,mb,Catch-All,aspmx.l.google.com
+1 718-886-8996,"Steve Lee, M.D., Plastic Surgery, PLLC 李致一美容整形外科",Plastic surgeon,steveleemd.com,"39-16 Prince St STE 153, Flushing, NY 11354, United States",steve@steveleemd.com,Steve,Lee,Owner,mb,Catch-All,aspmx.l.google.com
+1 330-971-9730,Western Reserve Hospital Plastic and Reconstructive Surgery,Plastic surgeon,westernreservehospital.org,"4275 Steels Pointe, Stow, OH 44224, United States",jschemrich@westernreservehospital.org,Jessica,Schemrich,"Manager, CHED & GME",mb,Catch-All,westernreservehospital-org.mail.protection.outlook.com
+1 330-971-9730,Western Reserve Hospital Plastic and Reconstructive Surgery,Plastic surgeon,westernreservehospital.org,"4275 Steels Pointe, Stow, OH 44224, United States",rkent@westernreservehospital.org,Robert,Kent,President and CEO,mb,Catch-All,westernreservehospital-org.mail.protection.outlook.com
+1 954-752-7842,"Dr. Charles Garramone, D.O., F.A.C.O.S.",Plastic surgeon,drgarramone.com,"4725 SW 148th Ave STE 202, Davie, FL 33330, United States",charles@drgarramone.com,Charles,Garramone,Owner,mb,Catch-All,aspmx.l.google.com
+1 904-396-1186,David Mobley MD PA,Plastic surgeon,parkwayplasticsurgery.com,"5101 Gate Pkwy Ste 2, Jacksonville, FL 32256, United States",lisa@parkwayplasticsurgery.com,Lisa,Farides,Practice Administrator,mb,Catch-All,parkwayplasticsurgery-com.mail.protection.outlook.com
+1 808-373-9966,"Dr. Diana Joy Ostroff, N.D., L.Ac.",Naturopathic practitioner,naturalhealinghawaii.com,"5283 Kimokeo St, Honolulu, HI 96821, United States",drjoy@naturalhealinghawaii.com,Diana Joy,Ostroff,Founder,mb,Catch-All,aspmx.l.google.com
+1 626-817-9944,Zohrabian Narineh MD,Dermatologist,pasadenadermatology.com,"536 S Fair Oaks Ave, Pasadena, CA 91105, United States",narineh@pasadenadermatology.com,Narineh,Zohrabian,Founder,mb,Catch-All,ASPMX.L.GOOGLE.com
+1 386-222-3230,Blue Ocean Dermatology,Dermatologist,blueoceandermatology.com,"57 Town Ct #119, Palm Coast, FL 32164, United States",jason@blueoceandermatology.com,Jason,Welch,CEO,mb,Catch-All,blueoceandermatology-com.mail.protection.outlook.com
+1 520-751-8030,Duerksen Kathleen M MD,Plastic surgeon,drduerksen.com,"5979 E Grant Rd #115, Tucson, AZ 85712, United States",kathleen@drduerksen.com,Kathleen,Duerksen,Owner,mb,Catch-All,aspmx.l.google.com
+1 574-335-4700,Saint Joseph Wellness & Weight Management,Wellness program,sjmed.com,"611 E Douglas Rd #207, Mishawaka, IN 46545, United States",shawn.vincent@sjrmc.com,Shawn,Vincent,CEO,mb,Catch-All,mx1.hc2802-61.iphmx.com
+1 574-335-4700,Saint Joseph Wellness & Weight Management,Wellness program,sjmed.com,"611 E Douglas Rd #207, Mishawaka, IN 46545, United States",thomas.vannevel@sjrmc.com,Tom,VanNevel,Public Relations Manager,mb,Catch-All,mx1.hc2802-61.iphmx.com
+1 408-847-8880,Informed Choices,Women's health clinic,informed-choices.org,"66 1st St A, Gilroy, CA 95020, United States",laurag@informed-choices.org,Laura,Geffre,CEO & Executive Director,mb,Catch-All,informedchoices-org02b.mail.protection.outlook.com
+1 916-782-7546,Dr. Alan A. Semion,Dermatologist,drsemion.com,"729 Sunrise Ave STE 700, Roseville, CA 95661, United States",jeriesemion@aol.com,Jerie,Semion,Office Manager,mb,Catch-All,mx-aol.mail.gm0.yahoodns.net
+1 502-896-3900,Baptist Milestone,Wellness center,baptistmilestone.com,"750 Cypress Station Dr, Louisville, KY 40207, United States",dkelton@baptistmilestone.com,Diane,Kelton,President,mb,Catch-All,isckentucky-mx.email-protect.gosecure.net
+1 502-896-3900,Baptist Milestone,Wellness center,baptistmilestone.com,"750 Cypress Station Dr, Louisville, KY 40207, United States",dbroderick@baptistmilestone.com,Dan,Broderick,Service Desk Director,mb,Catch-All,isckentucky-mx.email-protect.gosecure.net
+1 865-482-2129,"Dr. Robert P. Fuller, MD",Dermatologist,dermor.net,"800 Oak Ridge Turnpike a300, Oak Ridge, TN 37830, United States",v@dermor.net,Virginia,Aytes,Office Manager,mb,Catch-All,d292893a.ess.barracudanetworks.com
+1 972-200-1718,"Dr Jennyfer F. Cocco, MD - Plastic Surgery",Plastic surgeon,drcocco.com,"8305 Walnut Hill Ln Suite 120, Dallas, TX 75231, United States",jennyfer@drcocco.com,Jennyfer,Cocco,Owner,mb,Catch-All,mail.drcocco.com
+1 225-766-0005,Jane Olson MD,Plastic surgeon,doctorjaneolson.com,"8440 Bluebonnet Blvd B, Baton Rouge, LA 70810, United States",jane@doctorjaneolson.com,Jane,Olson,Owner,mb,Catch-All,mx.doctorjaneolson.com
+1 516-678-4451,South Shore Cosmetic Surgeons,Plastic surgeon,thesouthshorecosmeticsurgeons.com,"875 Old Country Rd Suite #100, Plainview, NY 11803, United States",humayun@thesouthshorecosmeticsurgeons.com,Humayun,Waheed,Owner,mb,Catch-All,thesouthshorecosmeticsurgeons-com.mail.protection.outlook.com
+1 516-678-4451,South Shore Cosmetic Surgeons,Plastic surgeon,thesouthshorecosmeticsurgeons.com,"875 Old Country Rd Suite #100, Plainview, NY 11803, United States",maureen@thesouthshorecosmeticsurgeons.com,Maureen,Connell,Practice Administrator,mb,Catch-All,thesouthshorecosmeticsurgeons-com.mail.protection.outlook.com
+1 516-487-6700,"Dr. Alan M. Freedman, MD",Plastic surgeon,alanfreedmanmd.com,"885 Northern Blvd, Great Neck, NY 11021, United States",alan@alanfreedmanmd.com,Alan,Freedman,Owner,mb,Catch-All,aspmx.l.google.com
+1 310-274-4103,Dr. Alexander Sinclair,Plastic surgeon,tgsurgery.com,"9001 Wilshire Blvd #202, Beverly Hills, CA 90211, United States",alexander@tgsurgery.com,Alexander,Sinclair,Founder,mb,Catch-All,tgsurgery-com.mail.protection.outlook.com
+1 786-603-9074,Tachmes Leonard MD,Plastic surgeon,tachmesos.polsia.app,"960 W 41st St #410, Miami Beach, FL 33140, United States",hello@tachmesmd.com,Leonard,Tachmes,Owner,mb,Catch-All,aspmx.l.google.com
+1 954-366-6287,Rejuvimed Wellness Center,Wellness center,rejuvimed.net,"9660 W Sample Rd, Coral Springs, FL 33065, United States",alka@rejuvimed.net,Alka,Singh,CEO,mb,Catch-All,rejuvimed-net.mail.protection.outlook.com
+1 760-837-8542,Eisenhower Dermatology and Mohs Center,Dermatologist,eisenhowerhealth.org,"Mike and Jan Salta Health Center, 39000 Bob Hope Dr 2nd Floor, Rancho Mirage, CA 92270, United States",lrice@eisenhowerhealth.org,Lee,Rice,Media Relations Coordinator,mb,Catch-All,mx0a-0064e702.pphosted.com
+1 760-837-8542,Eisenhower Dermatology and Mohs Center,Dermatologist,eisenhowerhealth.org,"Mike and Jan Salta Health Center, 39000 Bob Hope Dr 2nd Floor, Rancho Mirage, CA 92270, United States",mmassiello@eisenhowerhealth.org,Martin,Massiello,President and CEO,mb,Catch-All,mx0a-0064e702.pphosted.com
+1 561-784-7852,Sears Institute for Anti-Aging Medicine,Wellness center,searsinstitute.com,"11905 Southern Blvd, Royal Palm Beach, FL 33411, United States",alsearsmd@aol.com,Al,Sears,Owner,mb,Catch-All,mx-aol.mail.gm0.yahoodns.net
+1 561-784-7852,Sears Institute for Anti-Aging Medicine,Wellness center,searsinstitute.com,"11905 Southern Blvd, Royal Palm Beach, FL 33411, United States",asears@searsinstitute.com,Al,Sears,Owner,mb,Catch-All,searsinstitute-com.mail.protection.outlook.com
+1 615-283-7291,Cool Springs MD,Reproductive health clinic,coolspringsmd.com,"1642 Westgate Cir Suite 100, Brentwood, TN 37027, United States",jeffrey@coolspringsmd.com,Jeffrey,Lodge,Founder,mb,Catch-All,aspmx.l.google.com
+1 718-369-3300,Lazare Urology,Urologist,drjonlazare.com,"1729 E 12th St 5th floor, Brooklyn, NY 11229, United States",jnlmd1@aol.com,Jonathan,Lazare,Owner,mb,Catch-All,mx-aol.mail.gm0.yahoodns.net
+1 817-473-6969,"Richard J. Burkett, M.D.",Plastic surgeon,richardburkettmd.com,"1770 E Broad St #100, Mansfield, TX 76063, United States",richard@richardburkettmd.com,Richard,Burkett,Owner,mb,Catch-All,ASPMX.L.GOOGLE.com
+1 480-899-7546,Skin and Cancer Center of Arizona - Queen Creek,Dermatologist,skinandcancercenterofarizona.com,"21321 E Ocotillo Rd Ste 124, Queen Creek, AZ 85142, United States",bwolk@skinandcancercenterofarizona.com,Burrell,Wolk,Founder,mb,Catch-All,scca.in.tmes.trendmicro.com
+1 701-323-5301,"Andrew Mills, MD",Plastic surgeon,mysanfordchart.org,"222 N 7th St, Bismarck, ND 58501, United States",matt.hocks@sanfordhealth.org,Matt,Hocks,Executive Vice President and Chief Operating Officer,mb,Catch-All,mx2.hc3620-0.iphmx.com
+1 609-799-1600,Alliance Dermatology Associates,Dermatologist,alliancederm.com,"29 Emmons Dr, Princeton, NJ 08540, United States",jrajan@alliancederm.com,Jennifer,Rajan,Founder,mb,Catch-All,alliancederm-com.mail.protection.outlook.com
+1 949-650-2345,"David Benvenuti, MD, Inc",Plastic surgeon,drbenvenuti.com,"355 Placentia Ave #201, Newport Beach, CA 92663, United States",dbenvenutimc@yahoo.com,David,Benvenuti,Owner,mb,Catch-All,mta7.am0.yahoodns.net
+1 914-761-7070,"Dr. Samuel J. Beran, MD",Plastic surgeon,drberan.com,"440 Mamaroneck Ave #412, Harrison, NY 10528, United States",drsberan@yahoo.com,Samuel,Beran,Owner,mb,Catch-All,mta6.am0.yahoodns.net
+1 559-395-4360,Rao Dermatology,Dermatologist,raodermatology.com,"457 E Almond Ave Suite 101, Madera, CA 93637, United States",poonam@raodermatology.com,Poonam,Guinn,Director,mb,Catch-All,aspmx.l.google.com
+1 559-395-4360,Rao Dermatology,Dermatologist,raodermatology.com,"457 E Almond Ave Suite 101, Madera, CA 93637, United States",babar@raodermatology.com,Babar,Rao,Founder,mb,Catch-All,aspmx.l.google.com
+1 503-498-8475,Nurture Family Health,Naturopathic practitioner,nurturefamilyhealth.com,"486 NE 2nd St, Gresham, OR 97030, United States",melissa@nurturefamilyhealth.com,Melissa,Woodyard,Owner,mb,Catch-All,nurturefamilyhealth-com.mail.protection.outlook.com
+1 305-260-6615,Vixen Plastic Surgery,Plastic surgeon,vixenplasticsurgery.com,"5040 NW 7th St, Miami, FL 33126, United States",alexandra@vixenplasticsurgery.com,Alexandra,Trastoy,President,mb,Catch-All,aspmx.l.google.com
+1 310-798-1515,Beach Cities Dermatology Medical Center,Dermatologist,beachcitiesderm.com,"520 N Prospect Ave #302, Redondo Beach, CA 90277, United States",william@beachcitiesderm.com,William,Wickwire,Owner,mb,Catch-All,smtp.secureserver.net
+1 888-898-7445,FancyMeds,Wellness program,fancymeds.com,"710 Lakeway Dr #200, Sunnyvale, CA 94085, United States",darius@fancymeds.com,Darius,Banasik,Founder,mb,Catch-All,aspmx.l.google.com
+1 814-503-8368,"Penn Highlands Plastic, Reconstructive, and Cosmetic Surgery",Plastic surgeon,phhealthcare.org,"90 Beaver Dr, DuBois, PA 15801, United States",sfontaine@phhealthcare.org,Steven,Fontaine,CEO,mb,Catch-All,mxa-002bd501.gslb.pphosted.com
+1 814-503-8368,"Penn Highlands Plastic, Reconstructive, and Cosmetic Surgery",Plastic surgeon,phhealthcare.org,"90 Beaver Dr, DuBois, PA 15801, United States",wchinn@phhealthcare.org,William,Chinn,President of Penn Highlands DuBois & Clearfield,mb,Catch-All,mxb-002bd501.gslb.pphosted.com
+1 954-890-1000,Oasis Fit,Wellness center,oasisfit.com,"1000 E Hallandale Beach Blvd #1-201, Hallandale Beach, FL 33009, United States",gabriela@oasisfit.com,Gabriela,Iadisernia,Owner,mb,Catch-All,aspmx.l.google.com
+1 425-732-2677,Bellevue Laser & Cosmetic Center,Dermatologist,bellevuelasercenter.com,"1200 112th Ave NE C-240, Bellevue, WA 98004, United States",diane@bellevuelasercenter.com,Diane,Chiu,Founder,mb,Catch-All,aspmx2.googlemail.com
+1 425-889-9101,Waterfront Wellness,Naturopathic practitioner,waterfrontwellness.com,"1220 116th Ave NE #203, Bellevue, WA 98004, United States",amanda@waterfrontwellness.com,Amanda,Brimhall,Founder,mb,Catch-All,aspmx.l.google.com
+1 570-347-1712,"NEPA Plastic Surgery Associates, Ltd.",Cosmetic surgeon,ericblomainmd.com,"1222 Marion St, Dunmore, PA 18509, United States",blomain@verizon.net,Eric,Blomain,Physician,mb,Catch-All,mx-aol.mail.gm0.yahoodns.net
+1 973-838-1771,Kinnelon Dermatology Associates,Dermatologist,kinnelonderm.com,"135 Kinnelon Rd #103, Butler, NJ 07405, United States",joannszylit@aol.com,JoAnn,Szylit,Medical Director,mb,Catch-All,mx-aol.mail.gm0.yahoodns.net
+1 386-672-3111,Associated Dermatologists & Skin By Beck,Dermatologist,associatedderm.com,"155 N Nova Rd, Ormond Beach, FL 32174, United States",john@associatedderm.com,John,Long,Owner,mb,Catch-All,associatedderm.com.1.0001.arsmtp.com
+1 603-232-2860,DR. STEVEN L BROWN M.D.,Cosmetic surgeon,setmore.com,"20 Washington Pl #2, Bedford, NH 03110, United States",bryce@setmore.com,Bryce,Morrow,CEO,mb,Catch-All,aspmx.l.google.com
+1 603-232-2860,DR. STEVEN L BROWN M.D.,Cosmetic surgeon,setmore.com,"20 Washington Pl #2, Bedford, NH 03110, United States",adeline.graham@setmore.com,Adeline,Graham,Manager,mb,Catch-All,aspmx.l.google.com
+1 864-478-8748,Riverside Plastic Surgery,Plastic surgeon,riversideprs.com,"24 Memorial Medical Dr, Greenville, SC 29605, United States",brent@riversideprs.com,Brent,Moister,Owner,mb,Catch-All,alt5.aspmx.l.google.com
+1 919-359-0291,Carolina Dermatology and Endocrinology PA,Dermatologist,dermendo.com,"244 Medspring Dr, Clayton, NC 27520, United States",rashmi.tomar@dermendo.com,Rashmi,Tomar,Co-Founder,mb,Catch-All,mx.dermendo.com
+1 925-528-0117,The Skin and Laser Treatment Institute,Dermatologist,skinandlasertreatment.com,"370 N Wiget Ln Suite 125, Walnut Creek, CA 94598, United States",eastbaylaser@aol.com,Min-Wei Christine,Lee,Owner,mb,Catch-All,mx-aol.mail.gm0.yahoodns.net
+1 650-556-0200,GLOW Surgical Arts,Cosmetic surgeon,glowsurgicalarts.com,"39210 State St #115, Fremont, CA 94538, United States",paul.gorman@glowsurgicalarts.com,Paul,Gorman,Founder,mb,Catch-All,aspmx.l.google.com
+1 423-202-6216,Women's Nutritional Health Center,Women's health clinic,womensnutritionalhealthcenter.com,"413 E Unaka Ave, Johnson City, TN 37601, United States",charley@womensnutritionalhealthcenter.com,Charley,Ward,Owner,mb,Catch-All,womensnutritionalhealthcenter-com.mail.protection.outlook.com
+1 443-585-8088,MacQuaid Eye Institute,Plastic surgeon,macquaideye.com,"479 Jumpers Hole Rd # 106, Severna Park, MD 21146, United States",emily@macquaideye.com,Emily,MacQuaid,Founder,mb,Catch-All,mx1.mailchannels.net
+1 801-743-0700,"Schmelzer Rodney E, MD",Plastic surgeon,selaromutah.com,"5089 900 E, Salt Lake City, UT 84117, United States",rodney@selaromutah.com,Rodney,Schmelzer,Founder,mb,Catch-All,selaromutah-com.mail.protection.outlook.com
+1 305-209-1030,305 Plastic Surgery Coral Gables,Plastic surgeon,305plasticsurgery.com,"564 SW 42nd Ave 3rd floor, Coral Gables, FL 33134, United States",esocorro@305plasticsurgery.com,Elio,Socorro,General Manager,mb,Catch-All,aspmx.l.google.com
+1 253-500-8423,"Olaf Medicine, LLC",Naturopathic practitioner,drloriolaf.com,"7406 27th St W, University Place, WA 98466, United States",drloriolaf@yahoo.com,Lori,Olaf,Owner,mb,Catch-All,mta6.am0.yahoodns.net
+1 214-540-1420,"Jason K. Potter, MD, DDS",Plastic surgeon,drjasonpotter.com,"9101 N Central Expy #600, Dallas, TX 75231, United States",amy@drjasonpotter.com,Amy,,Manager,mb,Catch-All,mx.drjasonpotter.com.cust.a.hostedemail.com
+1 717-531-8952,Penn State Health Plastic Surgery,Plastic surgeon,pennstatehealth.org,"Entrance A, 30 Hope Drive Suite 1860 |, Hershey, PA 17033, United States",mkupferman@pennstatehealth.org,Michael,Kupferman,Chief Executive Officer,mb,Catch-All,mxa-0034e501.gslb.pphosted.com
+1 717-531-8952,Penn State Health Plastic Surgery,Plastic surgeon,pennstatehealth.org,"Entrance A, 30 Hope Drive Suite 1860 |, Hershey, PA 17033, United States",jfolmar@pennstatehealth.psu.edu,Jessica,Folmar,Curriculum Operations Manager,mb,Catch-All,mxb-0034e501.gslb.pphosted.com
+1 603-224-5200,Concord Hospital Plastic Surgery,Plastic surgeon,concordhospital.org,"Pillsbury Medical Office Building, 248 Pleasant St Ste 2800, Concord, NH 03301, United States",rsteigmeyer@crhc.org,Robert,Steigmeyer,President and Chief Executive Officer,mb,Catch-All,mxa-000c8f01.gslb.pphosted.com
+1 603-224-5200,Concord Hospital Plastic Surgery,Plastic surgeon,concordhospital.org,"Pillsbury Medical Office Building, 248 Pleasant St Ste 2800, Concord, NH 03301, United States",jaubin@crhc.org,Joni,Aubin,Provider Recruiter,mb,Catch-All,mxa-000c8f01.gslb.pphosted.com
+1 916-418-4034,The Intimate Makeover,Cosmetic surgeon,theintimatemakeover.com,"107 Scripps Dr # 200, Sacramento, CA 95825, United States",helen@theintimatemakeover.com,Helen,Otteno,Founder,mb,Catch-All,theintimatemakeover-com.mail.protection.outlook.com
+1 714-636-3388,Lai Khiem D MD MS (Aesthetic Surgery),Plastic surgeon,gardengroveaestheticsurgery.com,"12502 Brookhurst St, Garden Grove, CA 92840, United States",khiemlaimd@yahoo.com,Khiem,Lai,Owner,mb,Catch-All,mta6.am0.yahoodns.net
+1 201-567-6770,"Geoffrey Tobias, MD",Plastic surgeon,rhinoplasty.com,"140 Sylvan Ave Suite 305, Englewood, NJ 07632, United States",geoffrey@rhinoplasty.com,Geoffrey,Tobias,Founder,mb,Catch-All,aspmx.l.google.com
+1 201-567-6770,"Geoffrey Tobias, MD",Plastic surgeon,rhinoplasty.com,"140 Sylvan Ave Suite 305, Englewood, NJ 07632, United States",kate@rhinoplasty.com,Kate,Juzmeski,Office Manager,mb,Catch-All,aspmx.l.google.com
+1 323-442-7920,USC Plastic Surgery Clinical Office,Plastic surgeon,keck.usc.edu,"1510 San Pablo St, Los Angeles, CA 90033, United States",delliott@med.usc.edu,Donna,Elliott,Vice Dean for Medical Education,mb,Catch-All,mxb-0010f501.gslb.pphosted.com
+1 215-427-5191,"Brooke Burkey, MD",Plastic surgeon,stchristophershospital.com,"160 E Erie Ave, Philadelphia, PA 19134, United States",claire.alminde@towerhealth.org,Claire,Alminde,Acting President,mb,Catch-All,mxa-000c3702.gslb.pphosted.com
+1 210-942-0292,Dr. Megan OToole PLLC,Plastic surgeon,drmeganotoole.com,"18707 Hardy Oak Blvd Suite 435, San Antonio, TX 78258, United States",julissa@drmeganotoole.com,Julissa,,Manager,mb,Catch-All,d345185a.ess.barracudanetworks.com
+1 210-942-0292,Dr. Megan OToole PLLC,Plastic surgeon,drmeganotoole.com,"18707 Hardy Oak Blvd Suite 435, San Antonio, TX 78258, United States",megan@drmeganotoole.com,Megan,O'Toole,Owner,mb,Catch-All,d345185a.ess.barracudanetworks.com
+1 262-781-9000,Alex Colque Plastic Surgery,Plastic surgeon,acplasticsurgery.com,"21675 E Moreland Blvd #100, Waukesha, WI 53186, United States",alex@acplasticsurgery.com,Alex,Colque,Founder and Owner,mb,Catch-All,smtp1-west01.prosites.com
+1 518-346-9400,Bellevue Woman's Center,Women's health clinic,bellevuedelivers.com,"2210 Troy-Schenectady Rd, Niskayuna, NY 12309, United States",munnk@ellismedicine.org,Kelsey,Munn-Wilson,Community Education Manager,mb,Catch-All,d337150a.ess.barracudanetworks.com
+1 205-943-4600,Wolfley Darrell E MD,Plastic surgeon,eyehealthpartners.com,"250 State Farm Pkwy, Homewood, AL 35209, United States",emily.sanders@eyehealthpartners.com,Emily,Sanders,Operations Manager,mb,Catch-All,eyehealthpartners-com.mail.protection.outlook.com
+1 310-326-3636,Peninsula Plastic Surgery,Plastic surgeon,rossomd.com,"3400 Lomita Blvd #306, Torrance, CA 90505, United States",drrosso@rossomd.com,Ronald,Rosso,Owner,mb,Catch-All,mx.ipower.com
+1 305-541-5178,Dr. Dowbak,Plastic surgeon,glambydowbak.com,"3485 W Flagler St #300, Miami, FL 33135, United States",roberto@glambydowbak.com,Roberto,Gutierrez,President,mb,Catch-All,aspmx.l.google.com
+1 541-289-4153,"Dr. Wendy E. Roberts, MD",Dermatologist,gshealth.org,"35280 Bob Hope Dr STE 105, Rancho Mirage, CA 92270, United States",jedwards@gshealth.org,Jonathan,Edwards,Chief Operating Officer / Chief Financial Officer,mb,Catch-All,gshealth-org.mail.protection.outlook.com
+1 541-289-4153,"Dr. Wendy E. Roberts, MD",Dermatologist,gshealth.org,"35280 Bob Hope Dr STE 105, Rancho Mirage, CA 92270, United States",amathisen@gshealth.org,Art,Mathisen,President & CEO,mb,Catch-All,gshealth-org.mail.protection.outlook.com
+1 617-247-2796,The Wellness Atelier,Wellness center,thewellnessatelier.com,"36 Newbury St 3 floor, Boston, MA 02116, United States",daniela@thewellnessatelier.com,Daniela,Winston,Founder,mb,Catch-All,mx.thewellnessatelier.com
+1 315-255-0606,Michael J Paciorek MD,Plastic surgeon,paciorekfacialplasticsurgery.com,"4900 Broad Rd #2d, Syracuse, NY 13215, United States",colette@paciorekfacialplasticsurgery.com,Colette,Scott,"Manager, Business Development & Marketing",mb,Catch-All,aspmx.l.google.com
+1 252-449-5978,Outer Banks Health Center for Healthy Living,Wellness center,locations.outerbankshealth.org,"5002 S Croatan Hwy Suite B, Nags Head, NC 27959, United States",jennifer.schwartzenberg@outerbankshealth.org,Jennifer,Schwartzenberg,"Director, Community Outreach and Development",mb,Catch-All,mxa-002bc402.gslb.pphosted.com
+1 801-225-8484,Parkinson Richard W MD,Dermatologist,parkinsonderm.com,"5314 N 250 W # 220, Provo, UT 84604, United States",richard@parkinsonderm.com,Richard,Parkinson,Owner,mb,Catch-All,aspmx.l.google.com
+1 256-353-7775,Decatur Dermatology,Dermatologist,decaturderm.com,"620 Walnut St NE, Decatur, AL 35601, United States",samantha@decaturderm.com,Samantha,Wyatt,Owner,mb,Catch-All,mx.decaturderm.com
+1 918-494-8200,Callegari Paul R MD,Plastic surgeon,saintfrancis.com,"6585 S Yale Ave #1050, Tulsa, OK 74136, United States",crobertson@saintfrancis.com,Cliff,Robertson,President and CEO,mb,Catch-All,mxb-000c1602.gslb.pphosted.com
+1 248-526-9090,"Your New Looks: Ayoub Sayeg, MD",Plastic surgeon,yournewlooks.com,"6765 Daly Rd, West Bloomfield Township, MI 48322, United States",drsayeg@yournewlooks.com,Ayoub,Sayeg,Founder,mb,Catch-All,yournewlooks-com.mail.protection.outlook.com
+1 901-761-9030,Plastic Surgery Group of Memphis,Plastic surgeon,memphisplasticsurgery.com,"80 Humphreys Center Suite 100, Memphis, TN 38120, United States",allen@memphisplasticsurgery.com,Allen,Hughes,Co-Founder,mb,Catch-All,mx1.samsa.com
+1 415-892-0754,Novato Dermatology,Dermatologist,novatodermatology.com,"867 Diablo Ave, Novato, CA 94947, United States",dalton.stephen@novatodermatology.com,Stephen,Dalton,Partner & Physician,mb,Catch-All,novatodermatology-com.mail.protection.outlook.com
+1 415-892-0754,Novato Dermatology,Dermatologist,novatodermatology.com,"867 Diablo Ave, Novato, CA 94947, United States",kim@novatodermatology.com,Kim,Frederickson,Practice Compliance Officer & Lead Physician,mb,Catch-All,novatodermatology-com.mail.protection.outlook.com
+1 412-638-2391,Dr. Julio Clavijo-Alvarez,Plastic surgeon,renova-plasticsurgery.com,"101 Fowler Rd Ste g, Warrendale, PA 15086, United States",julio@renova-plasticsurgery.com,Julio,Clavijo-Alvarez,Owner,mb,Catch-All,mx2.mailchannels.net
+1 206-223-6831,"Alexandra Schmidek, MD",Plastic surgeon,vmfh.org,"1100 9th Ave, Seattle, WA 98101, United States",julie.manas@commonspirit.org,Julie,Manas,President,mb,Catch-All,mx0a-00116001.pphosted.com
+1 925-344-8008,Christian Kirman M.D.,Plastic surgeon,drkirman.com,"114 La Casa Via #210, Walnut Creek, CA 94598, United States",drkirman@kirmanplasticsurgery.com,Christian,Kirman,Founder,mb,Catch-All,kirmanplasticsurgery-com.mail.protection.outlook.com
+1 925-946-9004,"Nouri Ghorbani, MD",Plastic surgeon,ghorbanimd.com,"130 La Casa Via Suite 102, Walnut Creek, CA 94598, United States",nghorbani@aol.com,Nourollah,Ghorbani,Owner,mb,Catch-All,mx-aol.mail.gm0.yahoodns.net
+1 434-200-4350,Centra Medical Group Plastic Surgery Center,Plastic surgeon,centrahealth.com,"1330 Oak Ln Ste 100, Lynchburg, VA 24503, United States",rob.tonkinson@centrahealth.com,Rob,Tonkinson,Chief Financial Officer,mb,Catch-All,mxa-009b1301.gslb.pphosted.com
+1 434-200-4350,Centra Medical Group Plastic Surgery Center,Plastic surgeon,centrahealth.com,"1330 Oak Ln Ste 100, Lynchburg, VA 24503, United States",richard.tugman@centrahealth.com,Richard,Tugman,President & CEO,mb,Catch-All,mxa-009b1301.gslb.pphosted.com
+1 973-301-9500,The Dermatology & Skin Surgery Center,Dermatologist,drkiken.com,"205 Ridgedale Ave Second Floor, Suite 4, Florham Park, NJ 07932, United States",david@drkiken.com,David,Kiken,Medical Director,mb,Catch-All,mx-biz.mail.am0.yahoodns.net
+1 973-379-5888,"Paul Saccone, MD",Plastic surgeon,rwjbh.org,"225 Millburn Ave Suite 104B, Millburn, NJ 07041, United States",bradley.kane@rwjbh.org,Bradley,Kane,Associate Vice President,mb,Catch-All,mxb-0014c801.gslb.pphosted.com
+1 973-379-5888,"Paul Saccone, MD",Plastic surgeon,rwjbh.org,"225 Millburn Ave Suite 104B, Millburn, NJ 07041, United States",mark.manigan@rwjbh.org,Mark,Manigan,President and Chief Executive Officer,mb,Catch-All,mxb-0014c801.gslb.pphosted.com
+1 313-359-7900,Premier Dermatology - Dr. Farid Nasser,Dermatologist,premierdermatologycare.com,"25101 Ford Rd, Dearborn, MI 48128, United States",farid@premierdermatologycare.com,Farid,Nasser,Owner,mb,Catch-All,ASPMX.L.GOOGLE.com
+1 360-454-1900,"Angelique Berens, MD",Plastic surgeon,everettclinic.com,"2901 174th St NE, Marysville, WA 98271, United States",azepeda@everettclinic.com,April,Zepeda,Manager,mb,Catch-All,mxb-0077b904.gslb.pphosted.com
+1 360-454-1900,"Angelique Berens, MD",Plastic surgeon,everettclinic.com,"2901 174th St NE, Marysville, WA 98271, United States",sslack@everettclinic.com,Shawn,Slack,President,mb,Catch-All,mxb-0077b904.gslb.pphosted.com
+1 757-497-3456,Virginia Surgical Center,Hair transplantation clinic,virginiasurgical.com,"324 Louisa Ave Suite 118, Virginia Beach, VA 23454, United States",linda@virginiasurgical.com,Linda,Carnazza,President & Owner,mb,Catch-All,aspmx.l.google.com
+1 615-936-2700,Vanderbilt Center for Cosmetic Plastic Surgery Brentwood,Plastic surgeon,vanderbilthealth.com,"343 Franklin Rd #108, Brentwood, TN 37027, United States",jeffrey.balser@vanderbilt.edu,Jeffrey,Balser,President and CEO,mb,Catch-All,vanderbilt-edu.mail.protection.outlook.com
+1 208-818-3033,Wellness Center of CDA,Naturopathic practitioner,wellnesscentercda.com,"3895 N Schreiber Way Ste 600, Coeur d'Alene, ID 83815, United States",llolynp@yahoo.com,Llolyn,Pobran,Owner,mb,Catch-All,mta6.am0.yahoodns.net
+1 662-655-0456,Mays Medical Wellness,Wellness center,maysmedicalwellness.com,"3964 Goodman Rd E #128, Southaven, MS 38672, United States",tmays@maysmedicalwellness.com,Tracey,Mays,Founder,mb,Catch-All,mx1-us1.ppe-hosted.com
+1 440-352-0608,Signature Health Sexual & Reproductive Health Services,Reproductive health clinic,signaturehealthinc.org,"54 S State St, Painesville, OH 44077, United States",jlee@shinc.org,Jonathan,Lee,Founder & CEO,mb,Catch-All,mx.paubox.com
+1 440-352-0608,Signature Health Sexual & Reproductive Health Services,Reproductive health clinic,signaturehealthinc.org,"54 S State St, Painesville, OH 44077, United States",amorana@shinc.org,Allie,Morana,Media Relations Contact,mb,Catch-All,mx.paubox.com
+1 301-530-4144,Shayesteh Reza MD,Plastic surgeon,drshayesteh.com,"5413 W Cedar Ln # 201C, Bethesda, MD 20814, United States",reza@drshayesteh.com,Reza,Shayesteh,Owner,mb,Catch-All,drshayesteh.com
+1 405-842-9732,Clinton Webster,Plastic surgeon,clintonwebstermd.com,"5740 NW 135th St, Oklahoma City, OK 73142, United States",cwebster@cwebstermd.com,Clinton,Webster,Owner,mb,Catch-All,cwebstermd-com.mail.protection.outlook.com
+1 414-731-0064,Body Awareness Center,Wellness program,bodyawarenesscenter.com,"7835 Harwood Ave, Wauwatosa, WI 53213, United States",jill@jillseebantz.com,Jill,Seebantz,Owner,mb,Catch-All,jillseebantz-com.mail.protection.outlook.com
+1 626-585-0800,Dr. Yoho Cosmetic Surgeon,Cosmetic surgeon,dryoho.com,"797 S Arroyo Pkwy, Pasadena, CA 91105, United States",ryrobert@pacbell.net,Robert,Yoho,Founder,mb,Catch-All,mx-att.mail.am0.yahoodns.net
+1 215-969-5650,Gabay & Gottlieb Cosmetic Surgery Center,Plastic surgeon,gabaycosmeticsurgery.com,"9500 Roosevelt Blvd, Philadelphia, PA 19115, United States",raphael@gabaycosmeticsurgery.com,Raphael,Gabay,Founder,mb,Catch-All,aspmx.l.google.com
+1 925-283-5500,"Dr. Kelly Hood, MD • Dermatology",Dermatologist,kellyhoodmd.com,"970 Dewing Ave suite 301, Lafayette, CA 94549, United States",khoodderm@yahoo.com,Kelly,Hood,Owner,mb,Catch-All,mta6.am0.yahoodns.net
+1 508-368-3199,"Trung Le, MD",Plastic surgeon,reliantmedicalgroup.org,"123 Summer St Ste 570, Worcester, MA 01608, United States",purnima.jain@reliantmedicalgroup.org,Purnima,Jain,Chief Financial Officer,mb,Catch-All,mxa-0077b904.gslb.pphosted.com
+1 508-368-3199,"Trung Le, MD",Plastic surgeon,reliantmedicalgroup.org,"123 Summer St Ste 570, Worcester, MA 01608, United States",thad.schilling@reliantmedicalgroup.org,Thad,Schilling,President,mb,Catch-All,mxb-0077b904.gslb.pphosted.com
+1 941-708-8700,East Manatee Health and Wellness Center,Wellness center,mcr.health,"1312 Manatee Ave E, Bradenton, FL 34208, United States",mprice@mcr.health,Melvin,Price,President & CEO,mb,Catch-All,d173911b.ess.barracudanetworks.com
+1 941-708-8700,East Manatee Health and Wellness Center,Wellness center,mcr.health,"1312 Manatee Ave E, Bradenton, FL 34208, United States",alalwani@mcr.health,Aarti,Lalwani,"VP, Executive Operations",mb,Catch-All,d173911b.ess.barracudanetworks.com
+1 973-743-4800,"Ross IS Zbar, MD",Plastic surgeon,drrosszbar.com,"200 Highland Ave Suite 100B, Glen Ridge, NJ 07028, United States",medrecs4rz@yahoo.com,Ross,Zbar,Owner,mb,Catch-All,mta5.am0.yahoodns.net
+1 405-636-4230,"Dr. Peter Carlson, DDS",Plastic surgeon,okcoms.com,"8301 S Walker Ave, Oklahoma City, OK 73139, United States",james@okcoms.com,James,Baker,Founder,mb,Catch-All,okcoms-com.mx1.arsmtp.com
+1 650-756-6900,Moloney Sean T MD,Cosmetic surgeon,smoloney.com,"101 S San Mateo Dr #200, San Mateo, CA 94401, United States",smoloney@smoloney.com,Sean,Moloney,Owner,mb,Catch-All,smoloney-com.mail.protection.outlook.com
+1 650-344-8700,"California Hand & Wrist Surgery, Inc.",Plastic surgeon,californiahand.com,"104 St Matthews Ave, San Mateo, CA 94401, United States",james.pertsch@californiahand.com,James,Pertsch,Owner,mb,Catch-All,aspmx.l.google.com
+1 626-449-4859,Dr. Stephen Duffy,Plastic surgeon,huntingtonhealth.org,"1044 S Fair Oaks Ave #101, Pasadena, CA 91105, United States",lori.morgan@huntingtonhealth.org,Lori,Morgan,President and CEO,mb,Catch-All,mxb-00260502.gslb.pphosted.com
+1 303-451-4250,The Little Clinic,Walk-in clinic,kingsoopers.com,"13700 Colorado Blvd, Thornton, CO 80602, United States",chris.albi@kingsoopers.com,Chris,Albi,Division President,mb,Catch-All,mxa-0019e702.gslb.pphosted.com
+1 915-541-8825,"Deborah Seelig, MD",Plastic surgeon,seeligmd.com,"1700 Murchison Dr Suite 200, El Paso, TX 79902, United States",deborah@seeligmd.com,Deborah,Seelig,Owner,mb,Catch-All,mx-biz.mail.am0.yahoodns.net
+1 530-756-1199,Brewer Keith F MD,Plastic surgeon,brewerplasticsurgery.com,"1756 Picasso Ave, Davis, CA 95618, United States",drbrewer@brewerplasticsurgery.com,Keith,Brewer,Owner,mb,Catch-All,aspmx.l.google.com
+1 937-435-5354,"Christman Plastic Surgery, Kenneth Christman, MD",Plastic surgeon,cosmeticsurgerydayton.com,"2717 Miamisburg Centerville Rd #212, Dayton, OH 45459, United States",kdchristmanmd@aol.com,Kenneth,Christman,Owner,mb,Catch-All,mx-aol.mail.gm0.yahoodns.net
+1 985-845-2677,"R. Graham Boyce, M.D.",Plastic surgeon,rgrahamboycemd.com,"350 Lakeview Ct A, Covington, LA 70433, United States",rgraham@rgrahamboycemd.com,R. Graham,Boyce,Owner,mb,Catch-All,mail.rgrahamboycemd.com
+1 207-661-6064,MaineHealth Weight Management - South Portland,Wellness program,mainehealth.org,"41 Donald B Dean Dr Ste A, South Portland, ME 04106, United States",amueller@mainehealth.org,Andrew,Mueller,Chief Executive Officer,mb,Catch-All,mx0b-00194b01.pphosted.com
+1 207-661-6064,MaineHealth Weight Management - South Portland,Wellness program,mainehealth.org,"41 Donald B Dean Dr Ste A, South Portland, ME 04106, United States",omar.hasan@mainehealth.org,Omar,Hasan,Chief Quality Officer,mb,Catch-All,mx0b-00194b01.pphosted.com
+1 313-745-4195,"Dr Tolga Gursel, M.D.",Plastic surgeon,dmc.org,"4160 John R St #615, Detroit, MI 48201, United States",tbattagl@dmc.org,Tammy,Battaglia,Communications Manager,mb,Catch-All,dmc-org.mail.protection.outlook.com
+1 313-745-4195,"Dr Tolga Gursel, M.D.",Plastic surgeon,dmc.org,"4160 John R St #615, Detroit, MI 48201, United States",blavis@dmc.org,Brittany,Lavis,Group Chief Executive Officer,mb,Catch-All,dmc-org.mail.protection.outlook.com
+1 864-596-7546,Devore Dermatology Pa,Dermatologist,devoredermatology.com,"490 Floyd Rd, Spartanburg, SC 29307, United States",info@devoredermatology.com,Jennifer,Harris,Office Manager,mb,Catch-All,devoredermatology-com.mx1.arsmtp.com
+1 410-574-3100,Drs Poulton and Smith LLC,Dermatologist,poultonandsmith.com,"5233 King Ave Ste 204, Rosedale, MD 21237, United States",james@poultonandsmith.com,James,Poulton,Owner,mb,Catch-All,poultonandsmith-com.mx1.arsmtp.com
+1 281-482-3376,Friendswood Dermatology Cosmetic & Skin Cancer Center,Dermatologist,friendswooddermatology.com,"6 Oaktree St, Friendswood, TX 77546, United States",chau@friendswooddermatology.com,Chau,Vu,Owner,mb,Catch-All,mx.friendswooddermatology.com
+1 952-920-3808,Dermatology Specialists,Dermatologist,dermspecpa.com,"775 Prairie Center Dr #370, Eden Prairie, MN 55344, United States",jdick@dermspecpa.com,Jennifer,Dick,Owner,mb,Catch-All,dermspecpa-com.mail.protection.outlook.com
+1 513-231-1575,Dermatology Specialists of Greater Cincinnati,Dermatologist,derm-specialists.net,"7794 Five Mile Rd #240, Cincinnati, OH 45230, United States",jgross@derm-specialists.net,Jessica,Gross,Practice Manager,mb,Catch-All,d156945a.ess.barracudanetworks.com
+1 704-321-3376,Darst Dermatology,Dermatologist,darstderm.com,"11301 Golf Links Dr N #203, Charlotte, NC 28277, United States",mdarst@darstderm.com,Marc,Darst,Owner,mb,Catch-All,darstderm-com.mail.protection.outlook.com
+1 312-642-0400,JW Plastic Surgery,Plastic surgeon,jwplasticsurgery.com,"20 W Ontario St, Chicago, IL 60654, United States",jweinzweig@jwplasticsurgery.com,Jeffrey,Weinzweig,Founder,mb,Catch-All,aspmx.l.google.com
+1 312-642-0400,JW Plastic Surgery,Plastic surgeon,jwplasticsurgery.com,"20 W Ontario St, Chicago, IL 60654, United States",ewon@jwplasticsurgery.com,Eve,Won,Manager,mb,Catch-All,aspmx.l.google.com
+1 407-944-0999,SHARON A. STOKES MD PA,Dermatologist,amazingskindoc.com,"3276 Greenwald Way N, Kissimmee, FL 34741, United States",sharon@amazingskindoc.com,Sharon,Stokes,Owner,mb,Catch-All,amazingskindoc-com.mail.protection.outlook.com
+1 563-589-9119,Plastic Surgery Aesthetics: Kennedy Erin M MD,Plastic surgeon,ekplasticsurgery.com,"3395 Lake Ridge Dr, Dubuque, IA 52003, United States",drk@ekplasticsurgery.com,Erin,Kennedy,Owner,mb,Catch-All,aspmx.l.google.com
+1 440-205-5750,Vanek Plastic Surgery,Plastic surgeon,mentorplasticsurgery.com,"7537 Fredle Dr, Concord, OH 44077, United States",p.vanek@mentorplasticsurgery.com,Paul,Vanek,President,mb,Catch-All,mentorplasticsurgery-com.mail.protection.outlook.com
+1 614-473-9519,Northeast Dermatology (Gahanna),Dermatologist,dermatologycolumbus.com,"925 N Hamilton Rd, Gahanna, OH 43230, United States",bain@dermatologycolumbus.com,Bain,Herron,Owner,mb,Catch-All,aspmx.l.google.com
+1 607-433-6300,Bassett Oneonta Specialty Services,Specialized clinic,bassett.org,"1 Associate Dr Unit 1, Oneonta, NY 13820, United States",brenda.kelley@bassett.org,Brenda,Kelley,ACO Primary Contact,mb,Catch-All,esa2.hc3536-1.iphmx.com
+1 607-433-6300,Bassett Oneonta Specialty Services,Specialized clinic,bassett.org,"1 Associate Dr Unit 1, Oneonta, NY 13820, United States",staci.thompson@bassett.org,Staci,Thompson,President & CEO,mb,Catch-All,esa2.hc3536-1.iphmx.com
+1 610-435-5333,"Dr. Lisa S. Bunin, MD",Plastic surgeon,lisasbuninmd.com,"1611 Pond Rd #403, Allentown, PA 18104, United States",drlbunin@yahoo.com,Lisa,Bunin,Founder,mb,Catch-All,mta6.am0.yahoodns.net
+1 870-534-7546,Jacks Dermatology,Dermatologist,jacksdermatology.com,"1718 W 42nd Ave, Pine Bluff, AR 71603, United States",jennifer@jacksdermatology.com,Jennifer,Jacks,Founder,mb,Catch-All,mx.jacksdermatology.com
+1 717-763-7685,"Crumay Parnes Associates, Inc.",Dermatologist,camphillderm.com,"1822 Good Hope Rd, Enola, PA 17025, United States",ajacobs@camphillderm.com,Amber,Jacobs,Office Manager,mb,Catch-All,d284164a.ess.barracudanetworks.com
+1 614-827-6712,"Plastic Surgery Ohio - Jill A. Foster, MD",Plastic surgeon,plasticsurgeryohio.com,"262 Neil Ave #410, Columbus, OH 43215, United States",jill@plasticsurgeryohio.com,Jill,Foster,Owner,mb,Catch-All,mx1.mailchannels.net
+1 562-366-0300,City of Angels Dermatology - Mavis W Billips MD MPH,Dermatologist,cityofangelsdermatology.com,"2880 Atlantic Ave # 280, Long Beach, CA 90806, United States",mavis@cityofangelsdermatology.com,Mavis,Billips,Medical Director,mb,Catch-All,ASPMX.L.GOOGLE.com
+1 231-935-0180,"Dr. F M. Smith, MD",Plastic surgeon,glpsc.com,"5085 Anna Dr, Traverse City, MI 49684, United States",matthew.smith@glpsc.com,Matthew,Smith,Plastic Surgeon,mb,Catch-All,glpsc-com.mail.protection.outlook.com
+1 609-645-3000,"Ira Trocki, MD",Plastic surgeon,ilovedrtrocki.net,"631 Tilton Rd I, Northfield, NJ 08225, United States",drtrocki@aol.com,Ira,Trocki,Owner,mb,Catch-All,mx-aol.mail.gm0.yahoodns.net
+1 419-335-2663,FCHC Orthopedics,Orthopedic clinic,fchcorthopedics.org,"735 S Shoop Ave, Wauseon, OH 43567, United States",dbowman@fulhealth.org,Deb,Bowman,Emergency Department Coordinator,mb,Catch-All,fulhealth-org.mail.protection.outlook.com
+1 419-335-2663,FCHC Orthopedics,Orthopedic clinic,fchcorthopedics.org,"735 S Shoop Ave, Wauseon, OH 43567, United States",nroynon@fulhealth.org,Nancy,Roynon,Performance Improvement Manager,mb,Catch-All,fulhealth-org.mail.protection.outlook.com
+1 425-771-3311,IntimMed,Cosmetic surgeon,intimmed.com,"7500 212th St SW STE 208, Edmonds, WA 98026, United States",michael@intimmed.com,Michael,Lau,Founder,mb,Catch-All,mx1-us1.ppe-hosted.com
+1 901-381-1174,"Michael Woodbury, M.D. Dermatologist",Dermatologist,woodburyderm.com,"1458 W Poplar Ave, Collierville, TN 38017, United States",michael@woodburyderm.com,Michael,Woodbury,Owner,mb,Catch-All,mx-biz.mail.am0.yahoodns.net
+1 918-431-0202,"Northeastern Oklahoma Community Health Centers, Inc.",Women's health clinic,tahlequahmedical.com,"1500 E Downing St #214, Tahlequah, OK 74464, United States",bwoodliff@nhs-ok.org,Brian,Woodliff,CEO,mb,Catch-All,d272048a.ess.barracudanetworks.com
+1 918-431-0202,"Northeastern Oklahoma Community Health Centers, Inc.",Women's health clinic,tahlequahmedical.com,"1500 E Downing St #214, Tahlequah, OK 74464, United States",rwagner@nhs-ok.org,Richard,Wagner,Chief Operations Officer,mb,Catch-All,d272048a.ess.barracudanetworks.com
+1 208-258-2078,"Boise Skin Clinic, PLLC",Dermatologist,boiseskinclinic.com,"1636 Hadley Ave, Boise, ID 83709, United States",marniemd@yahoo.com,Marnie,Ririe,Owner,mb,Catch-All,mta7.am0.yahoodns.net
+1 956-423-2913,"Dr. Stephen L. Schwartz, MD",Dermatologist,stephenschwartzmd.com,"1919 N Ed Carey Dr, Harlingen, TX 78550, United States",stephen@stephenschwartzmd.com,Stephen,Schwartz,Owner,mb,Catch-All,mx-biz.mail.am0.yahoodns.net
+1 305-600-5041,Revive Plastic Surgery,Plastic surgeon,revivesurgery.com,"2903 Salzedo St, Coral Gables, FL 33134, United States",morad@revivesurgery.com,Morad,Askari,Founder,mb,Catch-All,revivesurgery-com.mail.protection.outlook.com
+1 609-584-7600,RWJ Fitness & Wellness Center,Wellness center,rwjhamiltonwellness.com,"3100 Quakerbridge Rd, Hamilton Township, NJ 08619, United States",josephb@fitnessandwellness.org,Joseph,Bender,General Manager,mb,Catch-All,fitnessandwellness.org.1.0001.arsmtp.com
+1 609-584-7600,RWJ Fitness & Wellness Center,Wellness center,rwjhamiltonwellness.com,"3100 Quakerbridge Rd, Hamilton Township, NJ 08619, United States",garyr@fitnessandwellness.org,Gary,Reidy,Managing Partner,mb,Catch-All,fitnessandwellness.org.1.0001.arsmtp.com
,New You Plastic Surgery In Manhattan,Plastic surgeon,thenewyouplasticsurgery.com,"461 Park Ave S 3rd floor, New York, NY 10016, United States",jeremy@thenewyouplasticsurgery.com,Jeremy,Nikfarjam,Founder,mb,Catch-All,aspmx.l.google.com
+1 402-717-0833,CHI Health Clinic Plastic & Reconstructive Surgery (Lakeside),Plastic surgeon,chihealth.com,"Medical Office Building One, 16909 Lakeside Hills Ct Ste 300, Omaha, NE 68130, United States",davidj.jones@commonspirit.org,David,Jones,Market President Critical Access Hospitals,mb,Catch-All,mx0a-00116001.pphosted.com
+1 603-650-5148,Dartmouth Hitchcock Medical Center | Plastic Surgery,Plastic surgeon,dartmouth-hitchcock.org,"1 Medical Center Dr, Lebanon, NH 03766, United States",joanne.m.conroy.77@dartmouth.edu,Joanne,Conroy,Chief Executive Officer and President,mb,Catch-All,dartmouth-edu.mail.protection.outlook.com
+1 603-650-5148,Dartmouth Hitchcock Medical Center | Plastic Surgery,Plastic surgeon,dartmouth-hitchcock.org,"1 Medical Center Dr, Lebanon, NH 03766, United States",audra.burns@hitchcock.org,Audra,Burns,Director of Media Relations,mb,Catch-All,mxa-00396101.gslb.pphosted.com
+1 206-215-6221,Swedish Plastics and Aesthetics Surgery - Seattle,Plastic surgeon,swedishspa.org,"1101 Madison St Ste 950, Seattle, WA 98104, United States",suzette.miranda@swedish.org,Suzette,Miranda,Medical Director,mb,Catch-All,mxb-00003207.gslb.pphosted.com
+1 833-588-6677,The Vital Moss,Wellness program,thevitalmoss.com,"1423 Broadway #1008, Oakland, CA 94612, United States",contact@thevitalmoss.com,Ryan,Burton,Owner,mb,Catch-All,aspmx.l.google.com
+1 847-358-9444,Barrington Plastic Surgery Ltd,Plastic surgeon,pelletieresurgery.com,"1602 Colonial Pkwy #1, Inverness, IL 60067, United States",vpelletiere@pelletieresurgery.com,Vincent,Pelletiere,Founder,mb,Catch-All,smtp1-west01.prosites.com
+1 678-205-8400,"Dr. Andrew Jimerson Jr, MD",Plastic surgeon,drcurves.com,"6620 McGinnis Ferry Rd, Johns Creek, GA 30097, United States",andrew@drcurves.com,Andrew,Jimerson,Founder,mb,Catch-All,aspmx.l.google.com
+1 239-424-3120,Lee Health Solutions - Cape Coral Hospital,Wellness program,leehealth.org,"708 Del Prado Blvd S Suite 1, Cape Coral, FL 33990, United States",larry.antonucci@leehealth.org,Larry,Antonucci,CEO,mb,Catch-All,mxa-00394501.gslb.pphosted.com
+1 239-424-3120,Lee Health Solutions - Cape Coral Hospital,Wellness program,leehealth.org,"708 Del Prado Blvd S Suite 1, Cape Coral, FL 33990, United States",marybeth.saunders@leehealth.org,Mary Beth,Saunders,Vice President of Medical Affairs,mb,Catch-All,mxa-00394501.gslb.pphosted.com
+1 214-689-4255,Derm Texas,Dermatologist,derm-texas.com,"109 E US Hwy 80 Ste b, Forney, TX 75126, United States",kwarren@derm-texas.com,Kelly,Warren,Founder,mb,Catch-All,aspmx.l.google.com
+1 509-489-2101,North Spokane Women's Health,Women's health clinic,nswomenshealth.com,"235 E Rowan Ave #102, Spokane, WA 99207, United States",kim@nswomenshealth.com,Kim,Brandt,Practice Administrator,mb,Catch-All,nswomenshealth-com.mail.protection.outlook.com
+1 855-869-6900,InterCare Women's Health Center,Women's health clinic,intercare.org,"796 M-139, Benton Harbor, MI 49022, United States",hwest@intercare.org,Heather,West,Chief Administration Officer,mb,Catch-All,intercare-org.mail.protection.outlook.com
+1 855-869-6900,InterCare Women's Health Center,Women's health clinic,intercare.org,"796 M-139, Benton Harbor, MI 49022, United States",sdebbink@intercare.org,Steve,Debbink,Chief Dental Officer,mb,Catch-All,intercare-org.mail.protection.outlook.com
+1 855-869-6900,InterCare Women's Health Center,Women's health clinic,intercare.org,"796 M-139, Benton Harbor, MI 49022, United States",stsmith@intercare.org,Stephanie,Smith,Chief Financial Officer,mb,Catch-All,intercare-org.mail.protection.outlook.com
+1 855-869-6900,InterCare Women's Health Center,Women's health clinic,intercare.org,"796 M-139, Benton Harbor, MI 49022, United States",mfusko@intercare.org,Michael,Fusko,Chief Information Officer,mb,Catch-All,intercare-org.mail.protection.outlook.com
+1 855-869-6900,InterCare Women's Health Center,Women's health clinic,intercare.org,"796 M-139, Benton Harbor, MI 49022, United States",lfink@intercare.org,Lisa,Fink,Chief Medical Officer,mb,Catch-All,intercare-org.mail.protection.outlook.com
+1 855-869-6900,InterCare Women's Health Center,Women's health clinic,intercare.org,"796 M-139, Benton Harbor, MI 49022, United States",crunion@intercare.org,Christine,Runion,Executive Vice President,mb,Catch-All,intercare-org.mail.protection.outlook.com
+1 855-869-6900,InterCare Women's Health Center,Women's health clinic,intercare.org,"796 M-139, Benton Harbor, MI 49022, United States",velma@intercare.org,Velma,Hendershott,President & Chief Executive Officer,mb,Catch-All,intercare-org.mail.protection.outlook.com
+1 480-474-6620,The Little Clinic,Walk-in clinic,frysfood.com,"155 W Combs Rd, San Tan Valley, AZ 85140, United States",ken.deluca@frysfood.com,Ken,DeLuca,Division President,mb,Catch-All,mxa-0019e702.gslb.pphosted.com
+1 480-474-6620,The Little Clinic,Walk-in clinic,frysfood.com,"155 W Combs Rd, San Tan Valley, AZ 85140, United States",melinda.fair@frysfood.com,Melinda,Fair,Store Manager,mb,Catch-All,mxb-0019e702.gslb.pphosted.com
+1 443-471-3288,Total Women’s Health of Baltimore,Women's health clinic,oliverobgyn.com,"6080 Falls Rd #204, Baltimore, MD 21209, United States",dionne.oliver@oliverobgyn.com,Dionne,Oliver,Founder,mb,Catch-All,oliverobgyn-com.mail.protection.outlook.com
+1 440-582-3010,Certified Dermatologists,Dermatologist,certiderm.com,"7171 Royalton Rd, Cleveland, OH 44133, United States",anthony.elias@certiderm.com,Anthony,Elias,Owner,mb,Catch-All,certiderm-com.mail.protection.outlook.com
+1 301-396-3401,Dr. George Verghese,Dermatologist,midatlanticskinsurgery.com,"173 St Patricks Dr #201, Waldorf, MD 20603, United States",george.verghese@midatlanticskinsurgery.com,George,Verghese,Medical Director,mb,Catch-All,midatlanticskinsurgery.com
+1 515-222-1111,Ronald S Bergman,Plastic surgeon,bergmancosmeticsurgery.com,"2000 Grand Ave 2nd Floor, Des Moines, IA 50312, United States",marcy@bergmancosmeticsurgery.com,Marcy,Wilkerson,Office Manager,mb,Catch-All,mx156.hostedmxserver.com
+1 541-266-6705,WIC,Wellness program,oregon.gov,"281 Laclair St, Coos Bay, OR 97420, United States",laura.hutchings@oregon.gov,Laura,Hutchings,Assistant Scheduler,mb,Catch-All,oregon-gov.mail.protection.outlook.com
+1 562-799-2020,"Roya Ghafouri, M.D. - Eye Physicians of Long Beach",Cosmetic surgeon,eyephysiciansoflongbeach.com,"2925 Palo Verde Ave, Long Beach, CA 90815, United States",jessicab@eplb.com,Jessica,Barragan,Privacy Officer,mb,Catch-All,d334981a.ess.barracudanetworks.com
+1 256-494-8000,Dr. Robert Myers,Plastic surgeon,themyersinstitute.com,"300 Medical Center Dr Ste 305, Gadsden, AL 35903, United States",robert@themyersinstitute.com,Robert,Myers,Founder and Physician,mb,Catch-All,themyersinstitute-com.p10.mxthunder.com
+1 573-651-4488,Gregory Tobin M.D,Plastic surgeon,missouriplasticandhandsurgery.com,"300 S Mt Auburn Rd, Cape Girardeau, MO 63701, United States",gtobin@missouriplasticandhandsurgery.com,Gregory,Tobin,Founder & Plastic Surgeon,mb,Catch-All,missouriplasticandhandsurgery-com.mail.protection.outlook.com
+1 570-961-5522,Lackawanna Valley Dermatology Associates,Dermatologist,lackawannadermatology.com,"327 N Washington Ave #200, Scranton, PA 18503, United States",lackaderm@aol.com,Jodi,Deeter,Assistant Practice Manager,mb,Catch-All,mx-aol.mail.gm0.yahoodns.net
+1 732-295-1331,"Dr. Patricia McCormack, M.D., F.A.A.D. - Point Pleasant Beach",Dermatologist,patriciamccormackmd.com,"407 Richmond Ave, Point Pleasant Beach, NJ 08742, United States",pointpleasant@patriciamccormackmd.com,Patricia,McCormack,Owner,mb,Catch-All,patriciamccormackmd-com.mail.protection.outlook.com
+1 800-243-1455,DINO RAVNIC,Plastic surgeon,cancer.psu.edu,"500 University Dr, Hershey, PA 17033, United States",elengerich@psu.edu,Eugene,Lengerich,"Associate Director, Health Disparities and Engagement",mb,Catch-All,psu-edu.mail.protection.outlook.com
+1 800-243-1455,DINO RAVNIC,Plastic surgeon,cancer.psu.edu,"500 University Dr, Hershey, PA 17033, United States",cbatdorf@pennstatehealth.psu.edu,Teah,Batdorf,Center Administrator,mb,Catch-All,mxa-0034e501.gslb.pphosted.com
+1 800-243-1455,DINO RAVNIC,Plastic surgeon,cancer.psu.edu,"500 University Dr, Hershey, PA 17033, United States",rhohl@pennstatehealth.psu.edu,Raymond,Hohl,Director,mb,Catch-All,mxa-0034e501.gslb.pphosted.com
+1 800-243-1455,DINO RAVNIC,Plastic surgeon,cancer.psu.edu,"500 University Dr, Hershey, PA 17033, United States",gpr11@psu.edu,Gavin,Robertson,"Director, Melanoma and Skin Cancer Center",mb,Catch-All,psu-edu.mail.protection.outlook.com
+1 800-946-6615,"SEAN LEONI M.D., Q.M.E",Plastic surgeon,rmsmedicalgroup.com,"5211 E Washington Blvd Unit 2, Los Angeles, CA 90040, United States",drnia@rmsmedicalgroup.com,Amin,Nia,President,mb,Catch-All,aspmx.l.google.com
+1 508-334-1000,"Dr. Thomas Tomczyk, MD",Plastic surgeon,umassmemorial.org,"55 N Lake Ave, Worcester, MA 01605, United States",shelly.hazlett@umassmemorial.org,Shelly,Hazlett,Communications Manager,mb,Catch-All,umassmemorial-org.mail.protection.outlook.com
+1 508-334-1000,"Dr. Thomas Tomczyk, MD",Plastic surgeon,umassmemorial.org,"55 N Lake Ave, Worcester, MA 01605, United States",eric.dickson@umassmemorial.org,Eric,Dickson,President and CEO,mb,Catch-All,umassmemorial-org.mail.protection.outlook.com
+1 312-796-5550,Dr. Gary Wiesman,Plastic surgeon,theartofrhinoplasty.com,"712 N Dearborn St 4th floor, Chicago, IL 60654, United States",nasaldoc@aol.com,Gary,Wiesman,Owner,mb,Catch-All,mx-aol.mail.gm0.yahoodns.net
+1 901-759-2322,"Dr. Purvisha J. Patel, MD",Dermatologist,advanceddermatologymemphis.com,"7658 Poplar Pike, Germantown, TN 38138, United States",drpatel@advanceddermatologymemphis.com,Purvisha,Patel,Founder,mb,Catch-All,aspmx.l.google.com
+1 606-430-2210,Dr. Dimitrios Danikas,Plastic surgeon,pikevillehospital.org,"911 S. Bypass Road Building F *Take Burchett Way * Turn onto Park Street *Building F on the Right, Pikeville, KY 41501, United States",diana.lenox@pikevillehospital.org,Diana,Lenox,Manager,mb,Catch-All,mxa-009ee501.gslb.pphosted.com
+1 606-430-2210,Dr. Dimitrios Danikas,Plastic surgeon,pikevillehospital.org,"911 S. Bypass Road Building F *Take Burchett Way * Turn onto Park Street *Building F on the Right, Pikeville, KY 41501, United States",annie.carter@pikevillehospital.org,Annie,Carter,Senior V.P. Provider Services,mb,Catch-All,mxa-009ee501.gslb.pphosted.com
+1 317-838-3596,The Little Clinic,Walk-in clinic,kroger.com,"1930 E Main St, Plainfield, IN 46168, United States",greg.foran@kroger.com,Greg,Foran,CEO,mb,Catch-All,mxa-0019e702.gslb.pphosted.com
+1 518-262-2229,Plastic Surgery,Plastic surgeon,albanymed.org,"50 New Scotland Ave 1st Floor, Albany, NY 12208, United States",fannine@amc.edu,Eli,Fanning,Director of Marketing,mb,Catch-All,mxb-0034a401.gslb.pphosted.com
+1 989-893-9393,"Mark C. Komorowski, MD",Plastic surgeon,drkomorowski.com,"610 S Trumbull St, Bay City, MI 48708, United States",mark@drkomorowski.com,Mark,Komorowski,Owner,mb,Catch-All,mx1.forwardemail.net
+1 415-923-3863,Silkiss Eye Surgery,Plastic surgeon,eyework.com,"711 Van Ness Ave #340, San Francisco, CA 94102, United States",drsilkiss@silkisseyesurgery.com,Rona,Silkiss,Founder,mb,Catch-All,ASPMX.L.GOOGLE.com
+1 503-635-9221,Lake Oswego Dermatology Group,Dermatologist,lakeoswegodermatology.com,"17704 Jean Way #102, Lake Oswego, OR 97035, United States",rita@lakeoswegodermatology.com,Rita,Shigeta,Office Manager,mb,Catch-All,lakeoswegodermatology-com.mail.protection.outlook.com
+1 503-692-8700,Sports Medicine Oregon,Plastic surgeon,sportsmedicineoregon.com,"29345 SW Town Center Loop E #211, Wilsonville, OR 97070, United States",asarish@osma1.com,Ana,Sarish,Chief Executive Officer,mb,Catch-All,directone-mx1.titanhq.com
+1 707-575-6043,Northern California Center for Well Being,Wellness program,norcalwellbeing.org,"500 Doyle Park Dr Ste 304, Santa Rosa, CA 95405, United States",kmoreno@nccwb.org,Karissa,Moreno,Executive Director,mb,Catch-All,nccwb-org.mx1.arsmtp.com
+1 650-322-2443,Dr. Bal Bagwat,Plastic surgeon,menloparkplasticsurgery.com,"631 Menlo Ave, Menlo Park, CA 94025, United States",bbagwat@menloparkplasticsurgery.com,Bagwat,Bal,Plastic Surgery Director,mb,Catch-All,mx-biz.mail.am0.yahoodns.net
+1 228-872-3993,Gulf Coast Plastic & Reconstructive Surgery,Plastic surgeon,wellsurgery.com,"15621 Anderson Dr, Biloxi, MS 39532, United States",fwells@wellsurgery.com,Forrest,Wells,Owner,mb,Catch-All,d116329a.ess.barracudanetworks.com
+1 407-681-3223,"Dr. Orlando J. Cicilioni Jr, MD",Cosmetic surgeon,orlandocicilioni.com,"2501 N Orange Ave Ste 209, Orlando, FL 32804, United States",lori@orlandocicilioni.com,Lori,Cicilioni,Office Administrator,mb,Catch-All,mx.orlandocicilioni.com
+1 407-681-3223,"Dr. Orlando J. Cicilioni Jr, MD",Cosmetic surgeon,orlandocicilioni.com,"2501 N Orange Ave Ste 209, Orlando, FL 32804, United States",ocicilioni@orlandocicilioni.com,Orlando,Cicilioni,Owner,mb,Catch-All,mx.orlandocicilioni.com
+1 305-488-5707,Nair Miami Plastic Surgery,Plastic surgeon,nairmiamiplasticsurgery.com,"3510 Coral Wy, Miami, FL 33145, United States",drnair@nairmiamiplasticsurgery.com,Narayanan,Nair,Founder,mb,Catch-All,inbound-smtp.us-east-1.amazonaws.com
+1 716-323-0105,UBMD Dermatology,Dermatologist,ubmd.com,"8207 Main St #14, Williamsville, NY 14221, United States",aelkin@kaleidahealth.org,Anna,Elkin,Chief Operating Officer,mb,Catch-All,mxb-001a4901.gslb.pphosted.com
+1 915-544-3800,Dermatology & Aesthetic Center of El Paso,Dermatologist,dermatologyelpaso.com,"2100 N Mesa St, El Paso, TX 79902, United States",kherman@dermatologyelpaso.com,Karen,Herman,Owner,mb,Catch-All,aspmx.l.google.com
+1 718-761-3700,"Pacifico Plastic Surgery, LLC",Plastic surgeon,pacificoplasticsurgery.com,"2372 Victory Blvd, Staten Island, NY 10314, United States",drpacifico@pacificoplasticsurgery.com,Biagio,Pacifico,Owner,mb,Catch-All,pacificoplasticsurgery-com.mail.protection.outlook.com
+1 831-574-8425,Dr. Christina Bolante,Dermatologist,parasoldermatology.com,"900 Cass St, Monterey, CA 93940, United States",christina@parasoldermatology.com,Christina,Bolante,Founder,mb,Catch-All,aspmx.l.google.com
+1 914-633-2548,Iona Wellness Center,Wellness center,iona.edu,"New Rochelle, NY 10801, United States",mcardin@iona.edu,Matt,Cardin,Assistant Vice President for Enrollment and Career Initiatives,mb,Catch-All,d175982a.ess.barracudanetworks.com
+1 914-633-2548,Iona Wellness Center,Wellness center,iona.edu,"New Rochelle, NY 10801, United States",lpachecojorge@iona.edu,Lendynette,Pacheco-Jorge,"Associate Director, Hynes Institute for Entrepreneurship & Innovation",mb,Catch-All,d175982a.ess.barracudanetworks.com
+1 914-633-2548,Iona Wellness Center,Wellness center,iona.edu,"New Rochelle, NY 10801, United States",dcostello@iona.edu,Diana,Costello,Director of Communications,mb,Catch-All,d175982a.ess.barracudanetworks.com
+1 914-633-2548,Iona Wellness Center,Wellness center,iona.edu,"New Rochelle, NY 10801, United States",nsawchuk@iona.edu,Natalka,Sawchuk,Director of Libraries,mb,Catch-All,d175982a.ess.barracudanetworks.com
+1 914-633-2548,Iona Wellness Center,Wellness center,iona.edu,"New Rochelle, NY 10801, United States",cseifrit@iona.edu,Colin,Seifrit,Director of Residential Life,mb,Catch-All,d175982a.ess.barracudanetworks.com
+1 914-633-2548,Iona Wellness Center,Wellness center,iona.edu,"New Rochelle, NY 10801, United States",msteele@iona.edu,Michael,Steele,Director of Student Engagement,mb,Catch-All,d175982a.ess.barracudanetworks.com
+1 914-633-2548,Iona Wellness Center,Wellness center,iona.edu,"New Rochelle, NY 10801, United States",jsnover@iona.edu,Jessica,Snover,Director of Undergraduate Admissions & Strategic Enrollment Initiatives,mb,Catch-All,d175982a.ess.barracudanetworks.com
+1 914-633-2548,Iona Wellness Center,Wellness center,iona.edu,"New Rochelle, NY 10801, United States",lprostano@iona.edu,Laura,Prostano,Executive Assistant to the President,mb,Catch-All,d175982a.ess.barracudanetworks.com
+1 914-633-2548,Iona Wellness Center,Wellness center,iona.edu,"New Rochelle, NY 10801, United States",mgrant@iona.edu,Mary,Grant,Senior Director of Financial Aid,mb,Catch-All,d175982a.ess.barracudanetworks.com
+1 914-633-2548,Iona Wellness Center,Wellness center,iona.edu,"New Rochelle, NY 10801, United States",kosullivan@iona.edu,Kevin,O'Sullivan,Senior Vice-President for Enrollment Management and Student Affairs,mb,Catch-All,d175982a.ess.barracudanetworks.com
+1 914-633-2548,Iona Wellness Center,Wellness center,iona.edu,"New Rochelle, NY 10801, United States",dsmith@iona.edu,Denise,Smith,Vice President of Human Resources,mb,Catch-All,d175982a.ess.barracudanetworks.com
+1 914-633-2548,Iona Wellness Center,Wellness center,iona.edu,"New Rochelle, NY 10801, United States",rdepuy@iona.edu,Ryan,DePuy,Vice President of Undergraduate Admissions,mb,Catch-All,d175982a.ess.barracudanetworks.com
+1 831-603-1501,TelMD | Telehealth Functional Medicine,Wellness program,telmd.com,"1011 Cass St Ste 106, Monterey, CA 93940, United States",terry@telmd.com,Terry,Franklin,Founder,mb,Catch-All,aspmx.l.google.com
+1 508-383-1000,"Dr. Ajaya Kashyap, MD",Plastic surgeon,mwmc.com,"115 Lincoln St, Framingham, MA 01702, United States",greg.mcfarland@mwmc.com,Greg,McFarland,Chief Executive Officer,mb,Catch-All,mwmc-com.mail.protection.outlook.com
+1 312-355-4300,Dr. Mimis Cohen,Plastic surgeon,hospital.uillinois.edu,"1501 S California Ave, Chicago, IL 60608, United States",mrosenbl@uic.edu,Mark,Rosenblatt,CEO,mb,Catch-All,uic-edu.mail.protection.outlook.com
+1 312-355-4300,Dr. Mimis Cohen,Plastic surgeon,hospital.uillinois.edu,"1501 S California Ave, Chicago, IL 60608, United States",sejones7@uic.edu,Scott,Jones,Chief Operating Officer,mb,Catch-All,uic-edu.mail.protection.outlook.com
+1 916-818-0284,Vu Plastic & Cosmetic Surgery,Plastic surgeon,vuplasticsurgery.com,"3117 Dwight Rd #400, Elk Grove, CA 95758, United States",hugh@vuplasticsurgery.com,Hugh,Vu,Owner,mb,Catch-All,aspmx.l.google.com
+1 504-412-1240,LSU Healthcare Network Metairie Plastic Surgery and Cardiology,Plastic surgeon,lsuhn.com,"3601 Houma Blvd # 300, Metairie, LA 70006, United States",amcavo@lsuhsc.edu,Atara,McAvoy,Chief Executive Officer,mb,Catch-All,lsuhsc-edu.mail.protection.outlook.com
+1 215-230-3555,Silverberg Alan MD,Plastic surgeon,rothmaninstitute.com,"599 PA-611, Doylestown, PA 18901, United States",gino@rothmaninstitute.com,Gina,Pino,"Director, Business Services",mb,Catch-All,mxa-004dbb01.gslb.pphosted.com
+1 603-650-5148,"Dr. Dale C. Vidal, MD",Plastic surgeon,dhmc.org,"1 Medical Center Dr, Lebanon, NH 03756, United States",joanne.m.conroy@hitchcock.org,Joanne,Conroy,President and CEO,mb,Catch-All,mxb-00396101.gslb.pphosted.com
+1 603-650-5148,"Dr. Dale C. Vidal, MD",Plastic surgeon,dhmc.org,"1 Medical Center Dr, Lebanon, NH 03756, United States",gregory.a.norman@hitchcock.org,Greg,Norman,Senior Director of Community Health,mb,Catch-All,mxb-00396101.gslb.pphosted.com
+1 732-828-3000,Hsia Henry C MD,Plastic surgeon,rwjuh.edu,"1 Robert Wood Johnson Pl Unit 506, New Brunswick, NJ 08901, United States",peter.haigney@rwjuh.edu,Peter,Haigney,Director of Public Relations,mb,Catch-All,mx0a-0014c801.pphosted.com
+1 317-718-7980,"Benjamin Monson, MD",Plastic surgeon,hendricks.org,"100 Hospital Ln #325, Danville, IN 46122, United States",michelle.fenoughty@hendricks.org,Michelle,Fenoughty,President & CEO,mb,Catch-All,mxb-00ad4c01.gslb.pphosted.com
+1 317-718-7980,"Benjamin Monson, MD",Plastic surgeon,hendricks.org,"100 Hospital Ln #325, Danville, IN 46122, United States",gary.everling@hendricks.org,Gary,Everling,Senior Vice President and Chief Strategy Officer,mb,Catch-All,mxb-00ad4c01.gslb.pphosted.com
+1 626-397-5000,Lehfeldt Stephanie MD,Plastic surgeon,huntingtonhospital.com,"100 W California Blvd, Pasadena, CA 91105, United States",john.corman@huntingtonhospital.com,John,Corman,President,mb,Catch-All,mxa-00260502.gslb.pphosted.com
+1 239-299-7649,ReEnvisionMD,Wellness center,reenvisionmd.com,"10058 Gulf Center Dr, Fort Myers, FL 33913, United States",shannon.wilcken@imcmedicalcare.com,Shannon,Wilcken,Chief Financial Officer,mb,Catch-All,mxb-00188301.gslb.pphosted.com
,Personal Wellness Coach,Wellness program,alastairhunte.com,"101 N Greenville Ave STE C #423, Allen, TX 75002, United States",alastair@alastairhunte.com,Alastair,Hunte,Owner,mb,Catch-All,mail.protonmail.ch
+1 561-771-6201,Palm Beach Gynecomastia Center - Port St. Lucie,Plastic surgeon,palmbeachgynecomastia.com,"10190 SW Vlg Pkwy #106A, Port St. Lucie, FL 34987, United States",vinasla@aol.com,Luis,Vinas,Founder,mb,Catch-All,mx-aol.mail.gm0.yahoodns.net
+1 704-355-1813,"Dr. John G. Fisher, MD",Plastic surgeon,carolinashealthcare.org,"1025 Morehead Medical Dr, Charlotte, NC 28204, United States",belinda.avalos@carolinashealthcare.org,Belinda,Avalos,Adjunct Professor,mb,Catch-All,mxa-001ada05.gslb.pphosted.com
+1 704-355-1813,"Dr. John G. Fisher, MD",Plastic surgeon,carolinashealthcare.org,"1025 Morehead Medical Dr, Charlotte, NC 28204, United States",chris.berger@carolinashealthcare.org,Chris,Berger,"AVP, Corporate Communications",mb,Catch-All,mxb-001ada05.gslb.pphosted.com
+1 713-940-1828,League Health and Wellness,Wellness program,leaguehealthwellness.com,"10401 Mason Rd, Richmond, TX 77406, United States",susan@leaguehealthwellness.com,Susan,,Owner,mb,Catch-All,aspmx.l.google.com
+1 530-550-7882,"Charles P. Virden, MD",Plastic surgeon,virdenmd.com,"10800 Donner Pass Rd #103, Truckee, CA 96161, United States",cvirden@virdenmd.com,Charles,Virden,Owner,mb,Catch-All,virdenmd-com.mail.protection.outlook.com
+1 610-565-2848,"Wright Plastic Surgery, P.C.",Plastic surgeon,seanwrightmd.com,"1098 W Baltimore Pike #3306, Media, PA 19063, United States",wrightse@mlhs.org,Sean,Wright,Plastic Surgeon,mb,Catch-All,mxa-00215c01.gslb.pphosted.com
+1 509-575-5000,Davis Bronson,Plastic surgeon,astria.health,"111 S 11th Ave, Yakima, WA 98902, United States",sierra.foster@astria.health,Sierra,Foster,Chief Operating Officer,mb,Catch-All,astria.health.1.0001.arsmtp.com
+1 509-575-5000,Davis Bronson,Plastic surgeon,astria.health,"111 S 11th Ave, Yakima, WA 98902, United States",brian.gibbons@astria.health,Brian,Gibbons,President and Chief Executive Officer,mb,Catch-All,astria.health.1.0001.arsmtp.com
+1 215-955-6000,"Dr. Sarah I. Fernandez, MD",Plastic surgeon,jeffersonhospital.org,"111 S 11th St, Philadelphia, PA 19107, United States",susan.aldridge@jefferson.edu,Susan,Aldridge,Interim President,mb,Catch-All,mail.jefferson.edu
+1 425-450-0880,Keith Hurvitz MD FACS Plastic Surgery in Bellevue and Seattle,Plastic surgeon,seattleface.com,"1110 112th Ave NE #150, Bellevue, WA 98004, United States",snaficy@seattleface.com,Sam,Naficy,Founder & Owner,mb,Catch-All,aspmx.l.google.com
+1 203-433-6603,Connecticut Breast Reduction Center,Plastic surgeon,connecticutbreastreduction.com,"115 Technology Dr, Trumbull, CT 06611, United States",john@connecticutbreastreduction.com,John,Reilly,Chief of Plastic Surgery,mb,Catch-All,mail.scoots.email
+1 617-522-0008,Boston Plastic Surgery Associates,Plastic surgeon,brighamandwomensfaulkner.org,"1153 Centre St #5970, Jamaica Plain, MA 02130, United States",kbpalmsloane@mgb.org,Kerstin,Palm Sloane,Ambulatory Rehabilitation Services Manager,mb,Catch-All,mx1.hc4087-85.iphmx.com
+1 617-522-0008,Boston Plastic Surgery Associates,Plastic surgeon,brighamandwomensfaulkner.org,"1153 Centre St #5970, Jamaica Plain, MA 02130, United States",kgiordano@partners.org,Kevin,Giordano,President,mb,Catch-All,mx1.hc4087-85.iphmx.com
+1 317-616-0190,TruHealth Medical | Wellness Clinic Carmel Indiana,Wellness center,truhealthmedical.com,"1185 W Carmel Dr # D3, Carmel, IN 46032, United States",sheryl@truhealthmedical.com,Sheryl,New,Owner and CEO,mb,Catch-All,aspmx.l.google.com
+1 773-702-6302,"Russell R. Reid MD, PhD",Plastic surgeon,uchicagomedicine.org,"120 Spalding Dr #407, Naperville, IL 60540, United States",tom.jackiewicz@uchicagomedicine.org,Tom,Jackiewicz,President,mb,Catch-All,mxa-00016502.gslb.pphosted.com
+1 773-702-6302,"Russell R. Reid MD, PhD",Plastic surgeon,uchicagomedicine.org,"120 Spalding Dr #407, Naperville, IL 60540, United States",zachary.goodling@uchicagomedicine.org,Zachary,Goodling,Primary Contact,mb,Catch-All,mxa-00016502.gslb.pphosted.com
+1 417-860-9173,"LaFerriere Vitality Centre - Keith LaFerriere, MD",Plastic surgeon,lvclivingyounger.com,"1200 E Woodhurst Dr H-400, Springfield, MO 65804, United States",kal@lvclivingyounger.com,Keith,LaFerriere,Owner,mb,Catch-All,route2.mx.cloudflare.net
+1 805-642-1699,Community Memorial Plastic Surgery,Plastic surgeon,mycmh.org,"1280 S Victoria Ave UNIT 201, Ventura, CA 93003, United States",tshoop@mycmh.org,Tracey,Shoop,Manager,mb,Catch-All,mxa-0010d402.gslb.pphosted.com
+1 805-642-1699,Community Memorial Plastic Surgery,Plastic surgeon,mycmh.org,"1280 S Victoria Ave UNIT 201, Ventura, CA 93003, United States",mzdeblick@mycmh.org,Mick,Zdeblick,President & CEO,mb,Catch-All,mxa-0010d402.gslb.pphosted.com
+1 401-272-2724,MOHSPros,Dermatologist,mohspros.com,"1287 N Main St, Providence, RI 02904, United States",antoniopcruz@yahoo.com,Antonio,Cruz,Founder and Owner,mb,Catch-All,mta6.am0.yahoodns.net
+1 434-924-2413,"Raymond Morgan, MD",Plastic surgeon,uvaplasticsurgery.com,"1300 Jefferson Park Ave, Charlottesville, VA 22908, United States",fuy3ph@uvahealth.org,Scott,Hollenbeck,Chair,mb,Catch-All,hscsscrubip2.hscs.virginia.edu
+1 303-724-2370,Dr. David Khechoyan,Plastic surgeon,childrenscolorado.org,"13123 E 16th Ave, Aurora, CO 80045, United States",jena.hausmann@childrenscolorado.org,Jena,Hausmann,Chief Executive Officer & President,mb,Catch-All,mx2.hc6847-61.iphmx.com
+1 561-888-6720,"Steven Chang, MD",Cosmetic surgeon,synergycosmeticsurgeryandmedspa.com,"1411 N Flagler Dr Suite 8800, West Palm Beach, FL 33401, United States",drchang@synergycosmeticsurgeryandmedspa.com,Steven,Chang,Owner,mb,Catch-All,synergycosmeticsurgeryandmedspa-com.mail.protection.outlook.com
+1 314-268-4010,Kevin C Chen MD,Plastic surgeon,physicians.slucare.com,"1465 S Grand Blvd Fl 1, St. Louis, MO 63104, United States",chris.thornock@ssmhealth.com,Chris,Thornock,System Vice President,mb,Catch-All,ssmhealth-com.mail.protection.outlook.com
+1 301-358-5919,"Marlon R Maragh, MD",Plastic surgeon,maraghdermatology.com,"14995 Shady Grove Rd Suite 150, Rockville, MD 20850, United States",sherry@maraghdermatology.com,Sherry,Maragh,Founder,mb,Catch-All,mxa-0061ed01.gslb.pphosted.com
+1 773-542-2000,"Julia Corcoran, MD",Plastic surgeon,sinaichicago.org,"1500 S Fairfield Ave, Chicago, IL 60608, United States",ngozi.ezike@sinai.org,Ngozi,Ezike,President and CEO,mb,Catch-All,mx1.hc6760-8.iphmx.com
+1 773-542-2000,"Julia Corcoran, MD",Plastic surgeon,sinaichicago.org,"1500 S Fairfield Ave, Chicago, IL 60608, United States",dan.regan2@sinai.org,Dan,Regan,"Vice President - Communications, PR and Marketing",mb,Catch-All,mx1.hc6760-8.iphmx.com
+1 786-523-0113,Aspen Aesthetic Clinics / Denver/Pueblo,Plastic surgeon,aspenaestheticclinics.com,"1515 Fortino Blvd, Pueblo, CO 81008, United States",hans@aspenaestheticclinics.com,Hans,Werner,Owner,mb,Catch-All,mail.aspenaestheticclinics.com
+1 361-888-8271,Martinez-Quino Carlos E MD,Plastic surgeon,corpuschristiheartclinic.com,"1521 S Staples St #700, Corpus Christi, TX 78404, United States",robert.steen@hcahealthcare.com,Robert,Steen,Practice Manager,mb,Catch-All,mxa-00039202.gslb.pphosted.com
+1 518-479-4156,"Richard HS Karpinski, MD",Plastic surgeon,karpinskimd.com,"1547 Columbia Turnpike, Castleton-On-Hudson, NY 12033, United States",richard@karpinski.org,Richard,Karpinski,Owner,mb,Catch-All,eforward2.registrar-servers.com
+1 585-723-7670,RRH Plastic Surgery & Hand Center – Greece,Plastic surgeon,rochesterregional.org,"1561 Long Pond Rd Suite 133, Rochester, NY 14626, United States",richard.davis@rochesterregional.org,Richard,Davis,CEO,mb,Catch-All,mx0b-001ccf01.pphosted.com
+1 562-272-4277,"Nancy Sand, MD",Plastic surgeon,health.usnews.com,"16415 Colorado Ave # 212, Paramount, CA 90723, United States",egertler@usnews.com,Eric,Gertler,Executive Chairman & Chief Executive Officer,mb,Catch-All,aspmx.l.google.com
+1 231-398-9536,Lakeshore Facial & Cosmetic Surgery Center,Plastic surgeon,westernmichiganent.com,"1806 E Parkdale Ave # 3, Manistee, MI 49660, United States",bhengy@westernmichiganent.com,Ben,Hengy,President,mb,Catch-All,aspmx.l.google.com
+1 800-872-2273,Keck Medicine of USC - USC Plastic Surgery - Glendale,Plastic surgeon,keckmedicine.org,"1808 Verdugo Blvd Ste 208+209, Glendale, CA 91208, United States",rodney.hanners@med.usc.edu,Rodney,Hanners,CEO,mb,Catch-All,mxb-0010f501.gslb.pphosted.com
+1 800-872-2273,Keck Medicine of USC - USC Plastic Surgery - Glendale,Plastic surgeon,keckmedicine.org,"1808 Verdugo Blvd Ste 208+209, Glendale, CA 91208, United States",jessica.reynolds@med.usc.edu,Jessica,Reynolds,Director,mb,Catch-All,mxa-0010f501.gslb.pphosted.com
+1 845-430-4503,"Transforming You, Inc",Women's health clinic,calendy.com,"186 Woodmont Rd, Hopewell Junction, NY 12533, United States",bawotona@calendly.com,Tope,Awotona,"Founder, Chief Executive Officer",mb,Catch-All,aspmx.l.google.com
+1 603-663-8793,CMC Wellness Center,Wellness center,catholicmc.com,"195 McGregor St #23, Manchester, NH 03102, United States",laura.montenegro@cmc-nh.org,Laura,Montenegro,"Director, Communications and Public Relations",mb,Catch-All,mxb-00039202.gslb.pphosted.com
+1 914-723-6300,"Salvatore A. Farruggio MD, FACS",Plastic surgeon,advancedplasticsurgery.nyc,"2 Overhill Rd Ste 430, Scarsdale, NY 10583, United States",salvatore.farruggio@advancedplasticsurgery.nyc,Salvatore,Farruggio,Founder,mb,Catch-All,aspmx.l.google.com
+1 302-478-5800,Associates In Plastic Surgery,Plastic surgeon,deloneplasticsurgeon.com,"2004 Foulk Rd #3, Wilmington, DE 19810, United States",fxdelonejr@aol.com,Francis,DeLone,Founder,mb,Catch-All,mx-aol.mail.gm0.yahoodns.net
+1 254-229-6815,Waco Center for Functional Medicine - Corsicana,Wellness center,wacofunctionalmed.com,"201 N Beaton St Suite # 202, Corsicana, TX 75110, United States",sarah@wacofunctionalmed.com,Sarah,Campbell,Clinic Co-Founder,mb,Catch-All,aspmx.l.google.com
+1 717-763-5500,"Wendell L. Funk, MD",Plastic surgeon,drfunk.com,"205 Grandview Ave, Camp Hill, PA 17011, United States",bigdogjpb@verizon.net,Wendell,Funk,MD,mb,Catch-All,mx-aol.mail.gm0.yahoodns.net
+1 844-628-6329,Start Now Wellness Center,Wellness center,startnowwellnesscenter.com,"2050 N Carson St SUITE A, Carson City, NV 89706, United States",sno2b1@att.net,Cheryl,Pricco,Owner,mb,Catch-All,mx-att.mail.am0.yahoodns.net
+1 774-302-5700,"Omar M. Mohamed, MD",Plastic surgeon,atriushealth.org,"21 Bristol Dr, South Easton, MA 02375, United States",alexandra_frey@atriushealth.org,Alexandra,Frey,"AVP, Strategy",mb,Catch-All,mxb-0077b904.gslb.pphosted.com
+1 774-302-5700,"Omar M. Mohamed, MD",Plastic surgeon,atriushealth.org,"21 Bristol Dr, South Easton, MA 02375, United States",christopher_andreoli@atriushealth.org,Christopher,Andreoli,Chief Executive Officer,mb,Catch-All,mxa-0077b904.gslb.pphosted.com
+1 254-724-2321,"Dr. Raman C. Mahabir, MD",Plastic surgeon,sw.org,"2117 S 61st St, Temple, TX 76504, United States",petermccanna@sw.org,Peter,McCanna,CEO,mb,Catch-All,mxa-0005f601.gslb.pphosted.com
+1 281-579-6777,"Maria Choudhary, M.D.",Plastic surgeon,berkeleyeye.com,"21502 Merchants Way, Katy, TX 77449, United States",abird@berkeleyeye.com,Austin,Bird,Chief Executive Officer,mb,Catch-All,berkeleyeye-com.mail.protection.outlook.com
+1 516-439-5500,"Brian A. Pinsky, MD, FACS",Plastic surgeon,brianpinskymd.com,"2200 Northern Blvd Ste 201, Entrance A, Greenvale, NY 11548, United States",bpinsky@lipsg.com,Brian,Pinsky,Owner,mb,Catch-All,d138559a.ess.barracudanetworks.com
+1 813-866-4426,Dr.gargasz,Plastic surgeon,ahapsc.com,"2318 Greenbranch Dr, Wesley Chapel, FL 33544, United States",ashararah@ahapsc.com,Abdul-Wahab,Shararah,Chief Executive Officer & President,mb,Catch-All,d313515a.ess.barracudanetworks.com
,Her Integrated Wellness,Wellness center,herintegratedwellness.com,"234 S Pacific Coast Hwy #205, Redondo Beach, CA 90277, United States",katie@herintegratedwellness.com,Katie,Peters,Founder,mb,Catch-All,aspmx.l.google.com
+1 631-444-4545,"Dr. Steven M. Katz, MD",Plastic surgeon,stonybrooksurgery.org,"24 Research Way, Setauket- East Setauket, NY 11733, United States",apostolos.tassiopoulos@stonybrookmedicine.edu,Apostolos,Tassiopoulos,"Chair, Department of Surgery",mb,Catch-All,stonybrookmedicine-edu.mail.protection.outlook.com
+1 941-358-3223,royce plastic surgery,Plastic surgeon,royceplasticsurgery.com,"2401 University Pkwy, Sarasota, FL 34243, United States",drjroyce@royceplasticsurgery.com,Jacqueline,Royce,Founder & Owner,mb,Catch-All,royceplasticsurgery-com.mail.protection.outlook.com
+1 951-696-5388,"Dr. Bobby S. Korn, MD",Plastic surgeon,inlandeyespecialists.com,"25395 Hancock Ave Ste 100, Murrieta, CA 92562, United States",r.sorenson@inlandeyespecialists.com,Robert,Sorenson,Owner,mb,Catch-All,mxb-00904201.gslb.pphosted.com
+1 951-696-5388,"Dr. Bobby S. Korn, MD",Plastic surgeon,inlandeyespecialists.com,"25395 Hancock Ave Ste 100, Murrieta, CA 92562, United States",lucy.guitron@inlandeyespecialists.com,Lucy,Guitron,Practice Liaison,mb,Catch-All,mxb-00904201.gslb.pphosted.com
+1 619-860-0869,Beauty Logic Med Spa,Dermatologist,bl-medspa.com,"264 N El Camino Real Ste C, Encinitas, CA 92024, United States",lina@bl-medspa.com,Lina,,Owner,mb,Catch-All,aspmx.l.google.com
+1 847-570-2000,Orpilla Emil R,Plastic surgeon,northshore.org,"2650 Ridge Ave, Evanston, IL 60201, United States",mschroeder@northshore.org,Mark,Schroeder,"Director, Community Relations",mb,Catch-All,cust38060-1.in.mailcontrol.com
+1 203-384-3000,"Dr. Donald L. Butler, MD",Plastic surgeon,bridgeporthospital.org,"267 Grant St, Bridgeport, CT 06610, United States",susan.chudwick@bpthosp.org,Susan,Chudwick,Executive Director of Bridgeport Hospital Foundation,mb,Catch-All,mxb-0000dc01.gslb.pphosted.com
+1 203-384-3000,"Dr. Donald L. Butler, MD",Plastic surgeon,bridgeporthospital.org,"267 Grant St, Bridgeport, CT 06610, United States",anne.diamond@bpthosp.org,Anne,Diamond,President,mb,Catch-All,mxb-0000dc01.gslb.pphosted.com
+1 845-454-1025,Seeta Eye Aesthetics,Plastic surgeon,seeta-eye-care-center.com,"27 Davis Ave, Poughkeepsie, NY 12603, United States",satish@seetaeye.com,Satish,Modi,Owner,mb,Catch-All,d207004a.ess.barracudanetworks.com
+1 907-279-2273,"Jennifer L. Johnson, ANP",Women's health clinic,wcakobgyn.com,"2741 DeBarr Rd, Anchorage, AK 99508, United States",cweir@wcakobgyn.com,Carolann,Weir,Office Manager,mb,Catch-All,wcakobgyn-com.mx1.arsmtp.com
+1 937-812-4247,Hair by PSID,Plastic surgeon,hairbypsidayton.com,"30 Hibberd Dr, Centerville, OH 45458, United States",andrew.parrish@wright.edu,Andrew,Parrish,Plastic Surgery Specialist,mb,Catch-All,wright-edu.mail.protection.outlook.com
+1 801-581-4888,Mehta Sagar T MD,Plastic surgeon,archildrens.org,"30 N 1900 E #3B32, Salt Lake City, UT 84132, United States",grahaml@archildrens.org,Lori,Graham,Director of Behavioral Health,mb,Catch-All,mxa-00067801.gslb.pphosted.com
+1 801-581-4888,Mehta Sagar T MD,Plastic surgeon,archildrens.org,"30 N 1900 E #3B32, Salt Lake City, UT 84132, United States",greenwoodtm@archildrens.org,Tyra,Greenwood,"Director, Arkansas Home Visiting Network",mb,Catch-All,mxb-00067801.gslb.pphosted.com
+1 801-581-4888,Mehta Sagar T MD,Plastic surgeon,archildrens.org,"30 N 1900 E #3B32, Salt Lake City, UT 84132, United States",klossce@archildrens.org,Connie,Kloss,"Director, Provider Relations",mb,Catch-All,mxa-00067801.gslb.pphosted.com
+1 801-581-4888,Mehta Sagar T MD,Plastic surgeon,archildrens.org,"30 N 1900 E #3B32, Salt Lake City, UT 84132, United States",mcilroyje@archildrens.org,Jill,McIlroy,Executive Director of Philanthropy,mb,Catch-All,mxa-00067801.gslb.pphosted.com
+1 801-581-4888,Mehta Sagar T MD,Plastic surgeon,archildrens.org,"30 N 1900 E #3B32, Salt Lake City, UT 84132, United States",hollowayag@archildrens.org,Amanda,Holloway,Human Research Protections Program Director,mb,Catch-All,mxa-00067801.gslb.pphosted.com
+1 801-581-4888,Mehta Sagar T MD,Plastic surgeon,archildrens.org,"30 N 1900 E #3B32, Salt Lake City, UT 84132, United States",frennerra@archildrens.org,Rachel,Frenner,Lab Director,mb,Catch-All,mxb-00067801.gslb.pphosted.com
+1 801-581-4888,Mehta Sagar T MD,Plastic surgeon,archildrens.org,"30 N 1900 E #3B32, Salt Lake City, UT 84132, United States",germanv@archildrens.org,Valandra,German,Manager of Public Health Programs,mb,Catch-All,mxa-00067801.gslb.pphosted.com
+1 801-581-4888,Mehta Sagar T MD,Plastic surgeon,archildrens.org,"30 N 1900 E #3B32, Salt Lake City, UT 84132, United States",demillohh@archildrens.org,Hilary,DeMillo,Media Relations Manager,mb,Catch-All,mxb-00067801.gslb.pphosted.com
+1 801-581-4888,Mehta Sagar T MD,Plastic surgeon,archildrens.org,"30 N 1900 E #3B32, Salt Lake City, UT 84132, United States",petlakba@archildrens.org,Beth,Petlak,PHO VP Managed Care and Business Development,mb,Catch-All,mxa-00067801.gslb.pphosted.com
+1 605-695-7394,Näva Medical Spa,Health spa,brookingshealth.org,"300 22nd Ave, Brookings, SD 57006, United States",jmerkley@brookingshealth.org,Jason,Merkley,President & CEO,mb,Catch-All,mx2.hc5499-58.iphmx.com
+1 605-695-7394,Näva Medical Spa,Health spa,brookingshealth.org,"300 22nd Ave, Brookings, SD 57006, United States",jhanssen@brookingshealth.org,Jason,Hanssen,The Neighborhoods at Brookview Administrator,mb,Catch-All,mx1.hc5499-58.iphmx.com
+1 732-460-9555,"Anthony S. Lombardi, MD",Plastic surgeon,barnabashealth.org,"300 2nd Ave, Long Branch, NJ 07740, United States",aslonim@barnabashealth.org,Anthony,Slonim,Executive Director,mb,Catch-All,mxa-0014c801.gslb.pphosted.com
,The Wellness Center for Bone and Joint Health,Wellness center,boneandjointhealth.org,"300 Halket St #1601, Pittsburgh, PA 15213, United States",digioianc2@upmc.edu,Anthony,DiGioia,Founder and Medical Director,mb,Catch-All,mxa-0002f001.gslb.pphosted.com
,The Wellness Center for Bone and Joint Health,Wellness center,boneandjointhealth.org,"300 Halket St #1601, Pittsburgh, PA 15213, United States",belculfinetl3@upmc.edu,Tiffany,Belculfine,Physician Assistant,mb,Catch-All,mxa-0002f001.gslb.pphosted.com
+1 615-230-8070,"Dr. George L. Yarbro Jr, MD",Plastic surgeon,sumnermedical.com,"300 Steam Plant Rd, Gallatin, TN 37066, United States",john@sumnermedical.com,John,Sumner,President & Owner,mb,Catch-All,alt3.aspmx.l.google.com
+1 502-208-1803,Anti-Aging and Wellness Clinic,Wellness center,antiagecr.com,"3000 Fern Valley Rd #100, Louisville, KY 40213, United States",james@antiagecr.com,James,Richie,Co-Founder and Managing Director,mb,Catch-All,mx10.antispam.mailspamprotection.com
+1 725-241-4246,Hahm Cosmetic Surgery,Cosmetic surgeon,hahmcosmeticsurgery.com,"3150 W Charleston Blvd, Las Vegas, NV 89102, United States",george@hahmcosmeticsurgery.com,George,Hahm,Founder,mb,Catch-All,hahmcosmeticsurgery-com.mail.protection.outlook.com
+1 479-463-1000,"Suzanna Wooden, MD",Plastic surgeon,wregional.com,"3215 N Northhills Blvd, Fayetteville, AR 72703, United States",medstaff@wregional.com,David,Ratcliff,Chief Medical Officer,mb,Catch-All,mx1.hc5857-1.iphmx.com
+1 479-463-1000,"Suzanna Wooden, MD",Plastic surgeon,wregional.com,"3215 N Northhills Blvd, Fayetteville, AR 72703, United States",lcampbell@wregional.com,Lucas,Campbell,President and CEO,mb,Catch-All,mx1.hc5857-1.iphmx.com
+1 859-254-5665,Multi-Specialty Foundation For Facial Aesthetic Surgical Excellence,Cosmetic surgeon,vegascosmeticsurgery.com,"3288 Eagle View Ln Ste 340, Lexington, KY 40509, United States",srwaldman@aol.com,S. Randolph,Waldman,Founder,mb,Catch-All,mx-aol.mail.gm0.yahoodns.net
+1 470-222-6748,"Hardik Doshi, M.D. FACS - Huntington",Plastic surgeon,doshiplasticsurgery.com,"33 Walt Whitman Rd Suite 232, Huntington Station, NY 11746, United States",hardik@doshiplasticsurgery.com,Hardik,Doshi,Founder,mb,Catch-All,doshiplasticsurgery-com.mail.protection.outlook.com
+1 410-235-4091,"Dr. Michael A. Mcclinton, MD",Plastic surgeon,curtishand.com,"3333 N Calvert St, Baltimore, MD 21218, United States",higgins@curtishand.com,James,Higgins,Chief of Hand Surgery,mb,Catch-All,aspmx.l.google.com
+1 650-342-2211,"San Mateo Plastic Surgery, Inc. (James L. Pertsch, M.D)",Plastic surgeon,jpertsch.com,"34 N San Mateo Dr #1, San Mateo, CA 94401, United States",james@jpertsch.com,James,Pertsch,Owner,mb,Catch-All,aspmx.l.google.com
+1 615-822-2121,Jones Jeffrey A MD,Plastic surgeon,tennheart.com,"353 New Shackle Island Rd #30, Hendersonville, TN 37075, United States",wbaucom@tennheart.com,Wanda,Baucom,Chief Financial Officer,mb,Catch-All,mxa-00039202.gslb.pphosted.com
+1 615-822-2121,Jones Jeffrey A MD,Plastic surgeon,tennheart.com,"353 New Shackle Island Rd #30, Hendersonville, TN 37075, United States",zac@tennheart.com,Zac,Myers,Executive Director,mb,Catch-All,mxa-00039202.gslb.pphosted.com
+1 412-383-8082,"S. Alex Rottgers, MD",Plastic surgeon,plasticsurgery.pitt.edu,"3550 Terrace St, Pittsburgh, PA 15213, United States",rubinjp@upmc.edu,J. Peter,Rubin,Chair,mb,Catch-All,mxa-0002f001.gslb.pphosted.com
+1 412-383-8082,"S. Alex Rottgers, MD",Plastic surgeon,plasticsurgery.pitt.edu,"3550 Terrace St, Pittsburgh, PA 15213, United States",marrak@upmc.edu,Kacey,Marra,Vice Chair of Research,mb,Catch-All,mxa-0002f001.gslb.pphosted.com
+1 806-743-2981,"Dr. Thomas M. Mchugh, MD",Plastic surgeon,ttuhsc.edu,"3601 4th St, Lubbock, TX 79415, United States",ezazueta@ttuhsc.edu,Esmeralda,Zazueta,Director,mb,Catch-All,mxa-00076201.gslb.pphosted.com
+1 806-743-2981,"Dr. Thomas M. Mchugh, MD",Plastic surgeon,ttuhsc.edu,"3601 4th St, Lubbock, TX 79415, United States",president@ttuhsc.edu,Lori,Rice-Spearman,President,mb,Catch-All,mxa-00076201.gslb.pphosted.com
+1 440-953-1818,"Dr. Lisa A. Davis, MD",Plastic surgeon,lakehealth.org,"36100 Euclid Ave #240, Willoughby, OH 44094, United States",cynthia.moore-hardy@lakehealth.org,Cynthia,Moore-Hardy,President and CEO,mb,Catch-All,mxa-00158002.gslb.pphosted.com
+1 813-932-8866,Body by Mician - Plastic Surgery,Plastic surgeon,mician.net,"3619 W Waters Ave, Tampa, FL 33614, United States",krauss@mician.com,Peter,Krauss,Founder & Managing Director,mb,Catch-All,mx11a.antispameurope.de
+1 314-577-8000,St Louis University Hospital: Lasky Michael R MD,Plastic surgeon,sluhospital.com,"3635 Vista Ave, St. Louis, MO 63110, United States",kim.henrichsen@ssmhealth.com,Kim,Henrichsen,President,mb,Catch-All,ssmhealth-com.mail.protection.outlook.com
+1 619-296-3223,Cosmetic Ear Reduction Surgery,Plastic surgeon,macrotiasurgery.com,"3720 Fourth Ave, San Diego, CA 92103, United States",info@drhilinski.com,John,Hilinski,Owner,mb,Catch-All,aspmx.l.google.com
+1 202-444-2000,"Dr. Kevin D. Han, MD",Plastic surgeon,georgetownuniversityhospital.org,"3800 Reservoir Rd NW, Washington, DC 20057, United States",lisa.b.boyle@medstar.net,Lisa,Boyle,President,mb,Catch-All,mxa-0023ef01.gslb.pphosted.com
,Level Up Men's Health,Reproductive health clinic,thrivewelltn.com,"4107 Mallory Ln Ste 131, Franklin, TN 37067, United States",jay@thrivewelltn.com,Jay,Martin,Founder,mb,Catch-All,thrivewelltn.mail.protection.outlook.com
+1 308-293-0885,J Debban Wellness,Wellness center,jdebbanwellness.com,"4111 4th Ave, Kearney, NE 68845, United States",joseph@jdebbanwellness.com,Joseph,Debban,Founder,mb,Catch-All,aspmx.l.google.com
+1 925-357-9050,Golden State Plastic Surgery,Plastic surgeon,gsplasticsurgery.com,"450 Sutter St #2040, San Francisco, CA 94108, United States",rahul@gsplasticsurgery.com,Rahul,Seth,Founder,mb,Catch-All,aspmx.l.google.com
+1 610-200-6211,Allentown Surgery Center,Plastic surgeon,drguarino.com,"451 W Chew St, Allentown, PA 18102, United States",edward@drguarino.com,Edward,Guarino,Owner,mb,Catch-All,drguarino-com.mx1.arsmtp.com
+1 603-924-7191,Klementowicz Peter MD,Plastic surgeon,monadnockcommunityhospital.com,"452 Old Street Rd, Peterborough, NH 03458, United States",richard.scheinblum@mchmail.org,Richard,Scheinblum,President and CEO,mb,Catch-All,mxa-00a78401.gslb.pphosted.com
+1 603-924-7191,Klementowicz Peter MD,Plastic surgeon,monadnockcommunityhospital.com,"452 Old Street Rd, Peterborough, NH 03458, United States",laura.gingras@mchmail.org,Laura,Gingras,Vice President of Philanthropy and Community Relations,mb,Catch-All,mxa-00a78401.gslb.pphosted.com
+1 717-867-4671,"Dr. Emma Leigh S. Hostetter, MD",Plastic surgeon,pinnaclehealth.org,"475 N Weaber St, Annville, PA 17003, United States",myoung@pinnaclehealth.org,Michael,Young,Pres/CEO,mb,Catch-All,mxa-0002f001.gslb.pphosted.com
+1 904-540-2774,My Skin Equation,Wellness center,myskinequation.com,"4796 Hodges Blvd #202, Jacksonville, FL 32224, United States",amber@myskinequation.com,Amber,,Owner,mb,Catch-All,aspmx.l.google.com
+1 314-362-7388,"Joani M. Christensen, MD",Plastic surgeon,faculty.mdanderson.org,"4921 Parkview Pl, St. Louis, MO 63110, United States",ppisters@mdanderson.org,Peter,Pisters,President,mb,Catch-All,mxa-003a8801.gslb.pphosted.com
+1 410-296-6699,RA Plastic Surgery,Plastic surgeon,raplasticsurgery.com,"530 E Joppa Rd, Towson, MD 21286, United States",draloor@yahoo.com,Ravi,Aloor,Founder,mb,Catch-All,mta6.am0.yahoodns.net
+1 770-427-0368,Northwest Facial Aesthetic Center,Plastic surgeon,nw-ent.com,"5357 GA-20, Cartersville, GA 30121, United States",barbora.paris@nw-ent.com,Barbora,Paris,Manager,mb,Catch-All,nwent-com0e.mail.protection.outlook.com
+1 770-427-0368,Northwest Facial Aesthetic Center,Plastic surgeon,nw-ent.com,"5357 GA-20, Cartersville, GA 30121, United States",dlocandro@nw-ent.com,Drew,Locandro,President,mb,Catch-All,nwent-com0e.mail.protection.outlook.com
+1 937-435-0031,Plastic Surgery Pavilion,Cosmetic surgeon,drapesos.com,"5441 Far Hills Ave, Dayton, OH 45429, United States",jamesapesosmd@aol.com,James,Apesos,Owner,mb,Catch-All,mx-aol.mail.gm0.yahoodns.net
+1 352-303-1103,"Wellness on Wedgewood Trina Nesselrotte,MSN,APRN,AGNP-C.",Women's health clinic,wellnessonwedgewood.com,"551 Fieldcrest Dr, The Villages, FL 32162, United States",clinskin@aol.com,Trina,Nesselrotte,Owner,mb,Catch-All,mx-aol.mail.gm0.yahoodns.net
+1 804-325-4795,Steven Montante,Plastic surgeon,montanteaesthetics.com,"5706 Grove Ave #201, Richmond, VA 23226, United States",steven.montante@montanteaesthetics.com,Steven,Montante,Owner,mb,Catch-All,montanteaesthetics-com.mail.protection.outlook.com
+1 619-346-2284,Skin Deep at Fallbrook BodyWorks,Spa and health club,fallbrookbodyworks.com,"577 E Elder St, Fallbrook, CA 92028, United States",julia@fallbrookbodyworks.com,Julia,Raucci,Owner,mb,Catch-All,aspmx.l.google.com
+1 480-342-2500,Mayo Clinic Cosmetic Center,Plastic surgeon,mayoclinic.org,"5779 E Mayo Blvd Mayo Clinic Specialty Building, First Floor, Room 1, 434, Phoenix, AZ 85054, United States",farrugia.gianrico@mayoclinic.org,Gianrico,Farrugia,Chief Executive Officer and President,mb,Catch-All,mail5.mayo.edu
+1 646-731-0971,Shehawy wellness group,Wellness program,sh-wellness.org,"5944 Coral Ridge Dr, Coral Springs, FL 33076, United States",tarek@sh-wellness.org,Tarek,Mansour,Co-Founder,mb,Catch-All,aspmx.l.google.com
+1 313-966-3300,"Dr. Matthew J. Griffin, MD",Plastic surgeon,sinaigrace.org,"6071 Outer Dr W, Detroit, MI 48235, United States",lbeus@dmc.org,Lance,Beus,Chief Executive Officer,mb,Catch-All,dmc-org.mail.protection.outlook.com
+1 313-966-3300,"Dr. Matthew J. Griffin, MD",Plastic surgeon,sinaigrace.org,"6071 Outer Dr W, Detroit, MI 48235, United States",dtaylor4@dmc.org,Daniel,Taylor,ED Medical Director,mb,Catch-All,dmc-org.mail.protection.outlook.com
+1 559-797-9000,Hedieh Stefanacci,Plastic surgeon,drhedi.com,"7050 N Recreation Ave #102, Fresno, CA 93720, United States",hedieh@drhedi.com,Hedieh,Stefanacci,Founder,mb,Catch-All,drhedi-com.mail.protection.outlook.com
+1 951-699-9201,"Dr. Waseem Mohiuddin, MD",Plastic surgeon,aiplasticsurgery.com,"7065 Indiana Ave Ste 202, Riverside, CA 92506, United States",andy@aiplasticsurgery.com,Andy,Wongworawat,Founder,mb,Catch-All,aspmx.l.google.com
+1 713-909-4008,Revel You Plastic Surgery,Plastic surgeon,revelyou.com,"710 Knights Cross Dr, San Antonio, TX 78258, United States",drwu@revelyou.com,Chaowen,Wu,Owner,mb,Catch-All,aspmx.l.google.com
+1 239-288-5629,Thryve Health & Wellness,Wellness center,thryvehealwell.com,"7181 College Pkwy #36, Fort Myers, FL 33919, United States",thryvewell@aol.com,Jacquelyn,Boberg,Founder,mb,Catch-All,mx-aol.mail.gm0.yahoodns.net
+1 559-614-3241,Dr HERMES,Plastic surgeon,ciplastic.com,"720 N Tustin Ave, Santa Ana, CA 92705, United States",hermes@ciplastic.com,Hermes,Pelayo,Founder,mb,Catch-All,ASPMX.L.GOOGLE.com
+1 423-508-7337,"Dr. William B. Lee, MD",Plastic surgeon,southeasteye.com,"7268 Jarnigan Rd, Chattanooga, TN 37421, United States",jbierly@southeasteye.com,John,Bierly,Founder,mb,Catch-All,southeasteye-com.mail.protection.outlook.com
+1 913-308-5400,Village Wellness and Weightloss,Wellness center,villagewellnessandweightloss.com,"7393 W 97th St, Overland Park, KS 66212, United States",rthomas@cmr-kc.com,Rebecca,Thomas,Founder,mb,Catch-All,aspmx.l.google.com
+1 813-960-3223,TAMPA ENT and Facial Plastic Surgery Division of Select Physician's Alliance,Plastic surgeon,westchaseface.com,"7433 Monika Manor Dr, Tampa, FL 33625, United States",isidoros@westchaseface.com,Isidoros,Moraitis,Owner,mb,Catch-All,mx-biz.mail.am0.yahoodns.net
+1 208-514-2500,Dr. Jordan E. Miller,Plastic surgeon,fmridaho.org,"777 N Raymond St, Boise, ID 83704, United States",penny.beach@fmridaho.org,Penny,Beach,Chief Clinical Officer,mb,Catch-All,fmridaho-org.mail.protection.outlook.com
+1 208-514-2500,Dr. Jordan E. Miller,Plastic surgeon,fmridaho.org,"777 N Raymond St, Boise, ID 83704, United States",ted.epperly@fmridaho.org,Ted,Epperly,President and CEO,mb,Catch-All,fmridaho-org.mail.protection.outlook.com
+1 309-670-0700,"Dr. Khurram Rashid, MD",Plastic surgeon,rashidps.com,"804 West Trailcreek Drive, Peoria, IL 61615, United States",jhodgkins@rashidps.com,Jackie,Hodgkins,OR Manager,mb,Catch-All,aspmx.l.google.com
+1 626-792-1222,"Dr. John E. Gross, MD",Plastic surgeon,johngrossmd.com,"836 S Arroyo Pkwy, Pasadena, CA 91105, United States",jg@johngrossmd.com,John,Gross,Owner,mb,Catch-All,aspmx.l.google.com
+1 636-254-1562,BeaWell Co.,Wellness center,beawellco.com,"856 Waterbury Falls Dr Suite 202, O'Fallon, MO 63368, United States",jamie@beawellco.com,Jamie,Wurth,Founder,mb,Catch-All,smtp.google.com
+1 203-423-3132,Laurel Chandler MD - Plastic Surgery,Plastic surgeon,laurelchandlermd.com,"871 Ethan Allen Hwy Unit 102, Ridgefield, CT 06877, United States",gina@laurelchandlermd.com,Gina,,Office Manager,mb,Catch-All,aspmx.l.google.com
+1 330-425-7600,Monique Suzanne Cohn,Dermatologist,yourgreatskin.com,"8940 Darrow Rd, Twinsburg, OH 440872110, United States",dr.cohn@yourgreatskin.net,Monique,Cohn,Founder,mb,Catch-All,yourgreatskin-net.mail.protection.outlook.com
+1 559-353-6277,"Duncan Mackay, MD - Craniofacial Plastic Surgeon",Plastic surgeon,valleychildrens.org,"9300 Valley Children's Pl, Madera, CA 93636, United States",tsuntrapak@valleychildrens.org,Todd,Suntrapak,President & CEO,mb,Catch-All,mxb-0024c001.gslb.pphosted.com
+1 559-353-6277,"Duncan Mackay, MD - Craniofacial Plastic Surgeon",Plastic surgeon,valleychildrens.org,"9300 Valley Children's Pl, Madera, CA 93636, United States",lashbeck@valleychildrens.org,Lynne,Ashbeck,Senior Vice President,mb,Catch-All,mxa-0024c001.gslb.pphosted.com
+1 561-394-6499,Graham Patrick V MD,Plastic surgeon,retinagroupflorida.com,"950 Glades Rd Suite 1-C, Boca Raton, FL 33431, United States",btaney@rgfla.com,Barry,Taney,Owner,mb,Catch-All,mxb-00320f01.gslb.pphosted.com
+1 561-394-6499,Graham Patrick V MD,Plastic surgeon,retinagroupflorida.com,"950 Glades Rd Suite 1-C, Boca Raton, FL 33431, United States",dwells@retinagroupflorida.com,Dede,Wells,Practice Administrator,mb,Catch-All,mxb-00320f01.gslb.pphosted.com
+1 435-200-4300,Fortuna Health & Wellness,Health spa,fortuna-health.com,"983 W Main St Suite D, Vernal, UT 84078, United States",chelsea@fortuna-health.com,Chelsea,Roth,Family Nurse Practitioner,mb,Catch-All,fortunahealth-com01i.mail.protection.outlook.com
+1 202-746-0830,Enhancing Beauty with Ardyss International,Wellness program,merchantcircle.com,"Greenbelt, MD 20770, United States",payam@oneplanetops.com,Payam,Zamani,CEO,mb,Catch-All,aspmx.l.google.com
+1 202-746-0830,Enhancing Beauty with Ardyss International,Wellness program,merchantcircle.com,"Greenbelt, MD 20770, United States",andre@oneplanetops.com,Andre,Segovia,Chief of Staff,mb,Catch-All,aspmx.l.google.com
+1 412-641-3960,Foot Fat Grafting,Plastic surgeon,footfatgrafting.com,"Magee Medical Building, 3380 Boulevard of the Allies, Pittsburgh, PA 15213, United States",gusenoffbr@upmc.edu,Beth,Gusenoff,Co-Founder,mb,Catch-All,mxa-0002f001.gslb.pphosted.com
+1 412-641-3960,Foot Fat Grafting,Plastic surgeon,footfatgrafting.com,"Magee Medical Building, 3380 Boulevard of the Allies, Pittsburgh, PA 15213, United States",gusenoffja@upmc.edu,Jeffrey,Gusenoff,Co-Founder,mb,Catch-All,mxa-0002f001.gslb.pphosted.com
+1 520-367-7268,"Quiet Waters Maternity Spa, PLLC - Mobile Service",Health spa,qwmspllc.com,"Mobile Headquarters, 1761 Oquitoa Dr, Casa Grande, AZ 85122, United States",kiamesha@qwmspllc.com,Kiamesha,Guy,Owner,mb,Catch-All,aspmx.l.google.com
,Ell's Wellness LLC,Wellness program,ellswellness.com,"Online Services Only, 100 S 4th St Suite 550, St. Louis, MO 63102, United States",marquitaell@ells-wellness.com,Marquita,Ell,Founder,mb,Catch-All,aspmx.l.google.com
+1 585-300-4575,Graham Plastic Surgery,Cosmetic surgeon,grahamplasticsurgery.com,"Rochester, NY 14604, United States",david@grahamplasticsurgery.com,David,Graham,Owner,mb,Catch-All,grahamplasticsurgery-com.mail.protection.outlook.com
+1 984-215-6365,"E. Gene Deune, MD, MBA",Plastic surgeon,findadoc.unchealthcare.org,"Third Floor, UNC Health Care, 6715 McCrimmon Pkwy Ste 300, Cary, NC 27519, United States",phil.bridges@unchealth.unc.edu,Phil,Bridges,Executive Director of Integrated Communications,mb,Catch-All,unchcs.mail.protection.outlook.com
