domain,email,reason
ajourneytowellness.com,rhonda@ajourneytowellness.com,practice type not targeted: Massage therapist
asthetiklondon.com,helen@asthetiklondon.com,not US (list address)
asthetiklondon.com,david@asthetiklondon.com,not US (list address)
skinworksaesthetics.com,lee@skinworksaesthetics.com,not US (list address)
bodybeautifulyork.co.uk,anna.roddam@hotmail.com,not US (list address)
bloomskincareclinic.com,bloomskincareclinicleeds@hotmail.com,not US (list address)
enhanceplymouth.co.uk,charlotte@enhanceplymouth.co.uk,not US (list address)
highlandmedicalpc.com,ariasc@highlandmedicalpc.com,practice type not targeted: Surgical center
vidaldentalassociates.com,lillianvidaldds@gmail.com,practice type not targeted: Dentist
vitaluxe.uk,melojane@vitaluxe.uk,not US (list address)
gracefulaesthetics.uk,gracefulaesthetics21@gmail.com,not US (list address)
mcmurraydentistry.com,star@mcmurraydentistry.com,practice type not targeted: Dentist
glow-sculpt-studio.co.uk,info@glow-sculpt-studio.co.uk,not US (list address)
dermaestheticsdarlington.co.uk,info@dermaestheticsdarlington.co.uk,not US (list address)
drbrianrask.com,brianraskdmd@gmail.com,practice type not targeted: Dentist
livingwellhypnotherapy.com,dmuir@livingwellhypnotherapy.com,practice type not targeted: Hypnotherapy service
watersideaesthetics.com,carole@watersideaesthetics.com,not US (list address)
me-clinics.co.uk,meclinics.info@gmail.com,not US (list address)
beaestheticstaunton.com,kim@beaestheticstaunton.com,not US (list address)
metimeskincare.com,anita@metimeskincare.com,practice type not targeted: Day spa
drjoelleaesthetics.com,joellesw011@gmail.com,not US (list address)
aviaura.co.uk,emmapugh96@hotmail.co.uk,not US (list address)
mvmtlaboratory.com,winnie@movementlaboratory.com.au,practice type not targeted: Physical therapy clinic
choiceforhypnosis.com,contact@choiceforhypnosis.com,practice type not targeted: Hypnotherapy service
la-beaute.co.uk,labeauteaesthetics@gmail.com,not US (list address)
fisherwellness.org,kendall@fisherwellness.org,practice type not targeted: Massage therapist
greatsmilesnj.com,jennifer@greatsmilesnj.com,practice type not targeted: Dentist
mountsinai.org,brendan.carr@mountsinai.org,practice type not targeted: Surgical center
thegardenofdrip.com,besmooth@thegardenofdrip.net,practice type not targeted: Health and beauty shop
wellfitstudio.com,anna@wellfitstudio.com,practice type not targeted: Acupuncture clinic
outshineptandfitness.com,sieara@outshineptandfitness.com,practice type not targeted: Physical therapy clinic
longevityphysicaltherapy.com,casey@longevityphysicaltherapy.com,practice type not targeted: Physical therapy clinic
truyoubeautylounge.com,truyou.bl@gmail.com,practice type not targeted: Facial spa
healingjourneysofmd.com,kat@healingjourneysofmd.com,practice type not targeted: Massage therapist
theskinreverie.com,theskinreverie@gmail.com,practice type not targeted: Spa
melissasnownutrition.com,melissa@eatwellnh.com,practice type not targeted: Dietitian
limitlesstherapyandwellness.com,jordan@limitlesstherapyandwellness.com,practice type not targeted: Physical therapy clinic
wonsettlerpt.com,cliff@wonsettlerpt.com,practice type not targeted: Physical therapist
surgicalinnovationsoftexoma.com,drfriedle@gmail.com,practice type not targeted: Surgeon
mindfulwellness.com,traci.steenburgen@mindfulwellness.com,business already emailed or queued
mindfulwellness.com,vivek.gupta@mindfulwellness.com,business already emailed or queued
odaesthetics.com,od.aesthetics1@gmail.com,practice type not targeted: Facial spa
drgulerez.com,irina.gulerez@gmail.com,practice type not targeted: Dentist
hushpnw.com,hushestheticspnw@gmail.com,practice type not targeted: Spa
helloyouthful.com,kimberly@helloyouthful.com,practice type not targeted: Beauty salon
stl-psc.com,scabbabe@stl-psc.com,excluded by serve_send
primevitalitycare.com,drshivgoel@primevitalitywellness.com,business already emailed or queued
livehydrationspa.com,felicia@livehydrationspa.com,business already emailed or queued
ritualskincarebysummer.com,summer.murphy91301@gmail.com,practice type not targeted: Facial spa
aaestheticswy.com,annejonesdnp@gmail.com,business already emailed or queued
aaestheticswy.com,hawkdnp@gmail.com,business already emailed or queued
dentrixascend.com,brian.weatherly@henryscheinone.com,practice type not targeted: Dentist
drbacupuncture.com,drbarbferrero@gmail.com,practice type not targeted: Acupuncture clinic
mpwraesthetics.com,brandon@mpwraesthetics.com,business already emailed or queued
pamchaneyaesthetics.com,pam.chaney@pamchaneyaesthetics.com,business already emailed or queued
bodyandaesthetic.com,bodyandaesthetic@outlook.com,practice type not targeted: (blank)
lwdental.com,woodburnoffice@gmail.com,practice type not targeted: Dentist
themedbeauty.com,themedbeautyllc@gmail.com,practice type not targeted: Spa
thebeautyspothilo.com,denise@thebeautyspothilo.com,practice type not targeted: Facial spa
intentionalwellnessmedspa.com,intentionalwellnessmedspa@gmail.com,already emailed or queued
caleradentalcenter.com,drigsby@caleradentalcenter.com,practice type not targeted: Dentist
caleradentalcenter.com,cwilson@caleradentalcenter.com,practice type not targeted: Dentist
kbskinstudio.com,kaseybene@gmail.com,practice type not targeted: Spa
serenityaesthetics.us,serenityaesthetics@proton.me,practice type not targeted: Facial spa
tcmedispa.uk,helen@tcmedispa.uk,not US (list address)
rezaalamouti.com,reza@rezaalamouti.com,not US (list address)
somaskinandsculpt.com,drwallace@somaskinandsculpt.com,business already emailed or queued
luxeatelierspa.com,angela@luxeatelierspa.com,practice type not targeted: Spa
lachelemedspa.com,lisa@lachelemedspa.com,business already emailed or queued
dentiststevensville.com,gregmoffittdds@gmail.com,practice type not targeted: Dentist
infinitymassageandspa.com,addie@infinitymassageandspa.com,practice type not targeted: Spa
holoshealth.vip,kim@holoshealth.vip,practice type not targeted: Psychiatrist
bellatampa.com,drsuarez@bellatampa.com,business already emailed or queued
namasteskincaremassage.com,namstskincare24@gmail.com,practice type not targeted: Facial spa
enhancedbydae.com,dashia@enhancedbydae.com,practice type not targeted: Facial spa
soundmindnutrition.com,lida@soundmindnutrition.com,practice type not targeted: Dietitian
callawellness.ca,callawellnesskelowna@gmail.com,not US (list address)
fracturedpigment.com,amber@fracturedpigment.com,practice type not targeted: Tattoo removal service
lugnesthetics.com,lugnesthetics@gmail.com,practice type not targeted: Spa
senatobiafamilydentistry.com,office@senatobiafamilydentistry.com,practice type not targeted: Dentist
sbc-aesthetics.com,skinbyccnj@gmail.com,practice type not targeted: Spa
expressionsfamilydental.com,suganya@expressionsfamilydental.com,practice type not targeted: Dentist
danadiiorskin.com,danadiiorskin@gmail.com,practice type not targeted: Spa
brockstreetbeautybar.com,brockstreetbeautybar@gmail.com,not US (list address)
sugarshackspa.com,sugarshackdayspa@gmail.com,practice type not targeted: Day spa
ballard-wellness.com,amber@ballard-wellness.com,already emailed or queued
faceandbodysculptstudionj.com,volkid1980@hotmail.com,practice type not targeted: Facial spa
familyrehabcare.com,jrashid@familyrehabcare.com,practice type not targeted: Physical therapist
kentuckybreastfeedingcenter.com,ashlee@ashleeibclc.com,practice type not targeted: Lactation service
vitalitycentersebastopol.com,trava.k.faust@gmail.com,practice type not targeted: Sports massage therapist
tetyanaesthetics.com,asktetyana@gmail.com,practice type not targeted: Day spa
drnooraesthetics.co.uk,complaints@drnooraesthetics.co.uk,not US (list address)
bella-nuova.com,donna@bella-nuova.com,practice type not targeted: Day spa
rashiddental.com,rashiddmd1989@gmail.com,practice type not targeted: Dentist
platinumsculpt.com,eric@platinumsculpt.com,business already emailed or queued
theestheticcenter.co,info@lulugomez.com,practice type not targeted: Permanent make-up clinic
aimsportsmedicine.com,carina@aimsportsmedicine.com,practice type not targeted: Physical therapy clinic
brookhavensurgery.com,alene@brookhavensurgery.com,practice type not targeted: Surgeon
danimarieaesthetics.com,danimarie.aesthetics@gmail.com,not US (list address)
medinjectionbar.ca,winny@medinjectionbar.ca,not US (list address)
sosaesthetics.co.uk,nicolekelly@sosaesthetics.co.uk,not US (list address)
emeraldisleskin.com,h2permanentcosmetics@gmail.com,practice type not targeted: Health and beauty shop
bodyologystudio.com,tara@bodyologystudio.com,practice type not targeted: Spa
earcareclinicpreston.co.uk,earcareclinicpreston@gmail.com,not US (list address)
theclearskinstudio.com,huma@theclearskinstudio.com,practice type not targeted: Spa
skincrush.net,skincrushjen@gmail.com,practice type not targeted: Spa
raeaesthetic.com,ashley@raeaesthetic.com,business already emailed or queued
jenminnich.com,office@jenminnich.com,practice type not targeted: Reiki therapist
duboisdermatologyandcosmetics.com,kbennett@duboisdermatology.com,practice type not targeted: Spa
omniamassage.com,misty@omniamassage.com,practice type not targeted: Massage therapist
healthatwellsprings.com,elkhorn.wellness@gmail.com,practice type not targeted: Massage therapist
meganeubankesthetics.com,meubankesthetics@gmail.com,practice type not targeted: Facial spa
skinsanctuaryohio.com,skinsanctuary.oh@gmail.com,practice type not targeted: Facial spa
drsudit.com,nina@drsudit.com,practice type not targeted: Dentist
southerngraceaesthetics.com,bethany@southerngraceaesthetics.com,business already emailed or queued
skinmemoryspa.com,leslie@skinmemoryspa.com,practice type not targeted: Spa
mdglameryspa.com,minervalinares123@gmail.com,practice type not targeted: Spa
roguerehabilitation.com,adam@roguerehabilitation.com,practice type not targeted: Physical therapy clinic
luxskinlab.ca,damerka@luxskinlab.ca,not US (list address)
sanluisvalleyhealth.org,gurulek@slvrmc.org,practice type not targeted: Surgeon
sanluisvalleyhealth.org,lauren.masterson@slvrmc.org,practice type not targeted: Surgeon
rustonsmiles.com,treyhanna@rustonsmiles.com,practice type not targeted: Dentist
strengthvitalitywellness.com,cm@strengthvitalitywellness.com,practice type not targeted: Acupuncture clinic
drkay.ca,kay@theiv.ca,not US (list address)
arisspafl.com,aracellyher99@gmail.com,practice type not targeted: Spa
roza-spa.vercel.app,rozab0909@gmail.com,practice type not targeted: Beautician
coachingandmedicine.com,elisa@coachingandmedicine.com,not US (list address)
smoothaestheticsaustin.com,oscar@smoothaestheticsaustin.com,practice type not targeted: Health and beauty shop
craigzunkadds.com,drzunka@craigzunkadds.com,practice type not targeted: Dentist
craigzunkadds.com,craig@craigzunkadds.com,practice type not targeted: Dentist
jolioculoplastics.com,julia.kang14@gmail.com,practice type not targeted: Surgeon
simplebeautyatx.com,contact@simplebeautyatx.com,practice type not targeted: Eyelash salon
windycitywl.com,cara@windycitywl.com,business already emailed or queued
sonapedicures.com,dluckey@sonapedicures.com,practice type not targeted: Nail salon
nourishednutritioncoaching.com,nourishednutritioncoaching@gmail.com,practice type not targeted: Dietitian
beautylabskincare.com,natalialbarzotti@gmail.com,practice type not targeted: Facial spa
skindeepbeautyinc.com,jessi@24-7g.com,practice type not targeted: Day spa
pureimageesthetics.com,pureimageesthetics@gmail.com,practice type not targeted: Day spa
epicdermisapothecary.com,contact@epicdermisapothecary.com,practice type not targeted: Day spa
refreshbeauty-bar.com,refreshbeautybar1@gmail.com,practice type not targeted: Facial spa
njperformancesurgical.com,catherine@phmacsc.com,practice type not targeted: Surgical center
facelabnky.com,katherine@facelabnky.com,already emailed or queued
naturespureskincare.com,naturespureskincare@outlook.com,practice type not targeted: Facial spa
hypnosislongislandny.com,braindeep12@gmail.com,practice type not targeted: Hypnotherapy service
soiespa.com,courtneyjoy@soiespa.com,practice type not targeted: Spa
collect.chat,aslam@collect.chat,practice type not targeted: Spa
collect.chat,shyjal@collect.chat,practice type not targeted: Spa
crockerfamilydental.com,jcrocker@crockerfamilydental.com,practice type not targeted: Dentist
thetrimclinics.com,kevin@thetrimclinics.com,business already emailed or queued
nolybeautybar.com,nohelia@nolybeautybar.com,practice type not targeted: Facial spa
maloneyshamievision.com,rmaloney@maloneyshamievision.com,practice type not targeted: Ophthalmology clinic
luxehouseesthetics.com,glowbysavv@gmail.com,practice type not targeted: Spa
swarthmorewellness.com,hellosarahlima@gmail.com,practice type not targeted: Spa
galleryofwellbeing.co.uk,galleryofwellbeing@gmail.com,not US (list address)
mdkaestheticswellness.com,mdkwellnessnj@gmail.com,practice type not targeted: Day spa
elvastonmedicalclinic.co.uk,dr@elvastonmedicalclinic.co.uk,not US (list address)
skintuition-ltd.co.uk,claire@skintuition-ltd.co.uk,not US (list address)
mhaesthetics.co.uk,marie@mhaesthetics.co.uk,not US (list address)
mjhannahmedicalaesthetics.co.uk,mjhannahmedicalaesthetics@gmail.com,not US (list address)
honest-aesthetics.co.uk,honest.aesthetics.kr@gmail.com,not US (list address)
beautysekrets.com,taissa@beautysekrets.com,not US (list address)
amorebeautifulyoumedspa.com,jennifer@amorebeautifulyoumedspa.com,practice type not targeted: Spa
howardstickeldental.com,howardstickeldds@gmail.com,practice type not targeted: Dentist
flawless-skin-boutique.com,cindycollins@flawless-skin-boutique.com,business already emailed or queued
afterglowbylisa.com,afterglow.lisamarie@gmail.com,practice type not targeted: Spa
oyawellness.com,angelica@oyawellness.com,practice type not targeted: Spa
opulenceglamour.com,edyta@opulenceglamour.com,practice type not targeted: Spa
luxuriousbyeva.com,luxuriousskincareclinic@gmail.com,practice type not targeted: Beautician
2020vt.com,hsmith@2020vt.com,practice type not targeted: Surgical center
actionphysical.com,jpapa@actionphysical.com,practice type not targeted: Physical therapy clinic
actionphysical.com,cmulham@actionphysical.com,practice type not targeted: Physical therapy clinic
brushwell.com,gary@brushwell.com,practice type not targeted: Dentist
belladeabodies.com,dena@belladeabodies.com,practice type not targeted: Spa
massagebytroycie.com,massagebytroycie@gmail.com,practice type not targeted: Day spa
empoweruptp.com,dan@empoweruptp.com,practice type not targeted: Physical therapy clinic
empoweruptp.com,trevor@empoweruptp.com,practice type not targeted: Physical therapy clinic
theestheticco.com,dannah@theestheticco.com,practice type not targeted: Anesthesiologist
cssalonandspasuites.com,clintsherrouse@csmassages.com,practice type not targeted: Spa
mindfultouchmassage.com,lisa@mindfultouchmassage.com,practice type not targeted: Massage therapist
drseantoomey.com,seantoomeydds@gmail.com,practice type not targeted: Dentist
villageskinsanctuary.com,erin@villageskinsanctuary.com,practice type not targeted: Spa
elkekaeppner.com,ekaeppner@gmail.com,practice type not targeted: Hypnotherapy service
lucidasol.com,theresa@lucidasol.com,practice type not targeted: Massage therapist
thepeakofdentistry.com,carlsondmd@gmail.com,practice type not targeted: Dentist
pearsallfamilydental.com,manager.pearsallfamilydental@gmail.com,practice type not targeted: Dentist
northtownsasc.com,rmornelli@northtownsasc.com,practice type not targeted: Surgical center
mod-esthetics.com,sarah.s.howerter@gmail.com,practice type not targeted: Permanent make-up clinic
deborahbeatydds.com,dbdentistry1@gmail.com,practice type not targeted: Dentist
deborahbeatydds.com,dbeaty836@gmail.com,practice type not targeted: Dentist
moongatespa.com,kandy@moongatespa.com,practice type not targeted: Day spa
bloomspaco.com,estheticsbyblakeli@gmail.com,practice type not targeted: Day spa
avaasvibe.com,jordan.avaasmarketing@gmail.com,practice type not targeted: Tanning salon
skinbyemely.com,skinbyemely@gmail.com,practice type not targeted: Facial spa
kaizendsm.com,bryan@kaizendsm.com,practice type not targeted: Physical therapy clinic
simplyskillfultherapy.com,kelsey@simplyskillfultherapy.com,practice type not targeted: Psychotherapist
revivemedicalwellness.net,sharada@revivemedicalwellness.net,already emailed or queued
reikienergyhealingla.org,carloscaridad@reikienergyhealingla.org,practice type not targeted: Reiki therapist
reikienergyhealingla.org,carlos@carlos-reiki.com,practice type not targeted: Reiki therapist
aestheticsbysiobhan.com,aesthetics.siobhan@gmail.com,practice type not targeted: Facial spa
oakandwellacupuncture.com,info@oakandwellacupuncture.com,practice type not targeted: Acupuncture clinic
rejuvenatewithlydia.com,rejuvenatewithlydia@gmail.com,practice type not targeted: Massage therapist
btgphysicaltherapy.com,thomascallonea@gmail.com,practice type not targeted: Physical therapy clinic
bhphysio.com,dan@bhphysio.com,practice type not targeted: Physical therapy clinic
rhacup.com,kristy@rhacup.com,practice type not targeted: Acupuncturist
md-weightloss.com,karl74@md-weightloss.com,business already emailed or queued
olaswellnessmassagespa.com,april.archer87@gmail.com,practice type not targeted: Massage therapist
primosmilesdental.com,primosmilesdental@gmail.com,practice type not targeted: Dentist
templefitnessfranklin.com,joey@templefitnessfranklin.com,practice type not targeted: Fitness center
vitaldayspa.com,veratsaguriya@gmail.com,practice type not targeted: Day spa
drjanebrodsky.com,jbrodskydmd@hotmail.com,practice type not targeted: Dentist
ampdhealth.net,angela@ampdhealth.net,business already emailed or queued
breathebodyworkandbeautification.com,jessica@breathebodyworkandbeautification.com,practice type not targeted: Day spa
fusionpta.com,ashley@fusionpta.com,practice type not targeted: Physical therapy clinic
fusionpta.com,kim@fusionpta.com,practice type not targeted: Physical therapy clinic
grachevmd.com,grachevmd@gmail.com,practice type not targeted: Surgeon
rebelwaxingco.com,esthiemilyc@gmail.com,practice type not targeted: Waxing hair removal service
cortezfamilydentistry.com,austineddy@suumail.net,practice type not targeted: Dentist
wellnesswithbecci.com,hello@wellnesswithbecci.com,not US (list address)
apstlmedspa.com,crystal@apstlmedspa.com,business already emailed or queued
elementalskincarellc.com,diana-gama@live.com,practice type not targeted: Waxing hair removal service
livetomovept.com,james@livetomovept.com,practice type not targeted: Physical therapist
livetomovept.com,molly@livetomovept.com,practice type not targeted: Physical therapist
cumberlandhypnotherapy.co.uk,adam@cumberlandhypnotherapy.co.uk,not US (list address)
futurebeautyleeds.co.uk,karap.fiona@gmail.com,not US (list address)
relaxedandrestored.com,kimberly@relaxedandrestored.com,practice type not targeted: Massage therapist
evergenbio.com,rlopez@evergenbio.com,practice type not targeted: Biotechnology company
routinehealth.com,colton@routinehealth.com,business already emailed or queued
goodmedicinesedona.com,goodmedicinesedona@gmail.com,practice type not targeted: Massage spa
hartmannplasticsurgery.com,dremilychartmann@gmail.com,practice type not targeted: Surgeon
skinpressmedspa.com,kim@skinpressmedspa.com,practice type not targeted: Spa
westernskyaesthetics.com,westernskyaesthetics@gmail.com,practice type not targeted: Facial spa
oneidasmiles.com,dchacko@highland.net,practice type not targeted: Dentist
mvfamilydental.com,mvfamilydental@gmail.com,practice type not targeted: Dentist
naturalhealingrx.com,drcynditran@naturalhealingrx.com,practice type not targeted: Acupuncturist
novapielmedspa.com,lortiz@novapielmedspa.com,business already emailed or queued
anchoredskin.co,trennette81@gmail.com,practice type not targeted: Facial spa
mindbodytransformation.com,diane@mindbodytransformation.com,practice type not targeted: Hypnotherapy service
barbaraannspa.com,barbara@barbaraannspa.com,practice type not targeted: Spa
vtfc.com,lgrine@vtfc.com,practice type not targeted: Physical therapy clinic
personalizedhealthcenter.com,hari@personalizedhealthcenter.com,not US (list address)
anthonybhealthandfitness.com,anthonybhealthandfitness@gmail.com,practice type not targeted: Fitness center
hawaiinaturalmedicine.com,drjeneferrante@hawaiinaturalmedicine.com,business already emailed or queued
issibeautyspa.com,issibeautyspa119@gmail.com,practice type not targeted: Spa
iblossomskincare.com,nicolesblossoms@gmail.com,not US (list address)
electriccitydentistry.com,rfdentalgroup@gmail.com,practice type not targeted: Dentist
clearchoice.com,rsamow@clearchoice.com,practice type not targeted: Dental implants provider
clearchoice.com,jasamoah@clearchoice.com,practice type not targeted: Dental implants provider
mmmedicaltransport.com,mmmedicaltransport808@gmail.com,practice type not targeted: Transportation service
newmoonest.com,christine.newmoon@gmail.com,practice type not targeted: Facial spa
zypmed.com,josh@zypmed.com,business already emailed or queued
havenestheticscle.com,stephaniewalkiewicz@gmail.com,practice type not targeted: Facial spa
thegoldenhourmedspa.com,rebeca@goldenhouraesthetic.com,practice type not targeted: Facial spa
imagestudios.co,jason@imagestudios360.com,practice type not targeted: Beauty salon
milestoneasc.com,nancy.ho@milestoneasc.com,practice type not targeted: Surgical center
milestoneasc.com,oscar.aguirre@milestoneasc.com,practice type not targeted: Surgical center
intentionwellnessatsuntherapy.com,intentionwellnesssuntherapy@gmail.com,practice type not targeted: Massage therapist
beyondbeautyrooms.co.uk,nicola@beyondbeautyrooms.co.uk,not US (list address)
aestheticklinik.co.uk,vivienne@aestheticklinik.co.uk,not US (list address)
putthedietonice.co.uk,claire@putthedietonice.co.uk,not US (list address)
vitaleept.com,trae.mingus@vitaleept.com,practice type not targeted: Physical therapist
vitaleept.com,lee.pattillo@vitaleept.com,practice type not targeted: Physical therapist
oneaestheticstudio.com,jonquille@oneaestheticstudio.com,not US (list address)
ismspa.com,ilana.alberico@ismspa.com,practice type not targeted: Spa
frangipani-spa.uk,monica@frangipani-spa.uk,not US (list address)
myopointtherapy.com,jamie@myopointtherapy.com,practice type not targeted: Physical therapist
thelanternmurfreesboro.com,casey@thelanternmurfreesboro.com,practice type not targeted: Facial spa
duncanatherton.co.uk,duncan.atherton@ppm-pa.com,not US (list address)
housecallhydration.com,lindsay@housecallhydration.com,business already emailed or queued
alignmybody.com,ariana@alignmybody.com,not US (list address)
physioelementsny.com,nara@physioelementsny.com,practice type not targeted: Physical therapy clinic
beautifulbodyandfacespa.com,florskin@gmail.com,practice type not targeted: Spa
loveyourbrows.net,josephineloveartistry@gmail.com,practice type not targeted: Permanent make-up clinic
permanentchoice.com,tracy@permanentchoice.com,practice type not targeted: Laser hair removal service
raworganicyou.com,gabriela@raworganicyou.com,practice type not targeted: Facial spa
victoriasestheticsva.com,victoriasestheticsva@gmail.com,practice type not targeted: Spa
thelionzen.com,tara@thelionzen.com,practice type not targeted: Spa
fuellabnutrition.com,mickinzie@fuellabnutrition.com,practice type not targeted: Dietitian
harrisperio.com,theresaloughridge@gmail.com,practice type not targeted: Dentist
thelasercafe.com,emily@thelasercafe.com,business already emailed or queued
estheticmovement.com,morgan@estheticmovement.com,practice type not targeted: Beauty salon
wholehypnotherapy.co.uk,rachel@wholehypnotherapy.co.uk,not US (list address)
greenhousefamilydentistry.com,lauraegodwin@gmail.com,practice type not targeted: Dentist
got2glow.co.uk,carla@got2glow.co.uk,not US (list address)
bliss-esthetics.com,blissestheticsbyjaz@gmail.com,practice type not targeted: Facial spa
yourbardstowndentist.com,swalton@yourbardstowndentist.com,practice type not targeted: Dentist
naturealternativemedspa.com,nature.alternative.ewa@gmail.com,practice type not targeted: Spa
poshsaesthetics.com,kristina@poshsaesthetics.com,business already emailed or queued
inhomemanualandvestibularphysicaltherapy.com,timthomasdpt@gmail.com,practice type not targeted: Physical therapy clinic
lunabodymind.com,lolacufox@gmail.com,practice type not targeted: Acupuncture clinic
flourishintegrativehealth.com,vladi@flourishintegrativehealth.com,practice type not targeted: Acupuncture clinic
antidotehealthandwellnesscollective.com,antidotehealthandwellness@gmail.com,not US (list address)
tacomalashnwaxfacialspa.com,tacomalashnwax@gmail.com,practice type not targeted: Spa
heritagedentalfamily.com,mikelim421@gmail.com,practice type not targeted: Dentist
reflectionaestheticsco.com,emily@reflectionaestheticsco.com,business already emailed or queued
nataliejeanesthetics.com,natalieu.esthetics@gmail.com,practice type not targeted: Spa
impactfamilywellness.com,monica@impactfamilywellness.com,business already emailed or queued
impactfamilywellness.com,shelby@impactfamilywellness.com,business already emailed or queued
vitalitybyvirginia.com,vawjerseygirl72@gmail.com,practice type not targeted: Beauty salon
honorstrength.com,coachdanielf@gmail.com,practice type not targeted: Fitness center
kathrynrussoaesthetics.com,kathrynrussoma@gmail.com,already emailed or queued
duncanvillelaser.com,dawn@duncanvillelaser.com,practice type not targeted: Hair removal service
trulypamperedsalon.com,truelsonc@gmail.com,practice type not targeted: Facial spa
msesthetics.com,thebeautypalace2025@gmail.com,practice type not targeted: Facial spa
goodnewspt.com,amy@goodnewspt.com,practice type not targeted: Physical therapy clinic
brantlakeshorephysio.com,husseinkhakee@hotmail.com,not US (list address)
trumalemedical.com,ericka@trumalemedical.com,practice type not targeted: (blank)
dbdchicago.com,drcris@dbdchicago.com,practice type not targeted: Dentist
vitalstrengthgymstudio.org,marco_ptrainer@hotmail.com,practice type not targeted: Fitness center
kodo-wellness.com,amanda@kodo-wellness.com,practice type not targeted: Spa
loseyourselfweightlossandwellness.com,holliemendricks@loseyourselfweightlossandwellness.com,already emailed or queued
riversideaestheticsla.com,jessica@riversideaestheticsla.com,practice type not targeted: Spa
mdintegrativemed.com,evantaxin@mdintegrativemed.com,already emailed or queued
theskinloungejax.com,theskinloungejax@gmail.com,practice type not targeted: Facial spa
luxe-med-spa.com,leila@luxe-med-spa.com,already emailed or queued
wakeupwithmakeupbyleanne.com,leanne.hometowne@gmail.com,practice type not targeted: Permanent make-up clinic
thehivedayspa.com,thehivedayspa@gmail.com,practice type not targeted: Spa
viveiv.com,tristan@viveiv.com,business already emailed or queued
elev8aesthetics.ca,rinku@elev8aesthetics.ca,not US (list address)
sparkrehabbend.com,hannah@sparkrehabbend.com,practice type not targeted: Physical therapy clinic
evexiadayspa.com,evexiadayspa@hotmail.com,not US (list address)
thekianinstitute.com,kian@thekianinstitute.com,business already emailed or queued
miramaestudio.com,mandy.bazemore@gmail.com,business already emailed or queued
methodskinsolutions.com,methodmedspa.db@gmail.com,practice type not targeted: Spa
treckerlopezdental.com,mlopez8@mac.com,practice type not targeted: Dentist
foyaesthetics.co.uk,hannah@foyaesthetics.co.uk,not US (list address)
valehealth.co.uk,cassie@valehealth.co.uk,not US (list address)
thelooksalonsuites.com,prasadn@thelooksalonsuites.com,practice type not targeted: Beauty salon
sanjosewellnesscenter.com,msanjose@sanjosewellnesscenter.com,business already emailed or queued
pippahancock.com,info@pippahancock.com,not US (list address)
balancecomposuremassage.com,mshaughnessy.mt@gmail.com,practice type not targeted: Spa
afigym.com,luke@afigym.com,practice type not targeted: Physical therapist
charlestonhealthspan.com,karen@charlestonhealthspan.com,business already emailed or queued
montefiorenyack.org,tmclee@montefiorenyack.org,practice type not targeted: Surgical center
buxmonthypnosis.com,buxmonthypnosis@gmail.com,practice type not targeted: Hypnotherapy service
floridaregenerative.com,tyler@floridaregenerative.com,business already emailed or queued
acomhealth.com,pmcmahon@acom.com,practice type not targeted: Rehabilitation center
acomhealth.com,ekennedy@acom.com,practice type not targeted: Rehabilitation center
auveau.com,chrissy@auveau.com,business already emailed or queued
getrebalanced.com,acharland@getrebalanced.com,business already emailed or queued
fullyinvolvedsupplements.com,john@fullyinvolvedsupplements.com,practice type not targeted: Vitamin & supplements store
pauseandcohealthcare.com,nadira@pauseandcohealthcare.com,not US (list address)
optimalwlsc.com,dralkalla@optimalwlsc.com,practice type not targeted: Surgeon
mobomedspa.com,laurenlund@mobomedspa.com,business already emailed or queued
wywcenter.com,kjohnson@wywcenter.com,business already emailed or queued
wywcenter.com,tjohnson@wywcenter.com,business already emailed or queued
newyoucryo.com,newyoucryo@gmail.com,practice type not targeted: Health and beauty shop
joyfullifeacupuncture.com,joyacup@gmail.com,practice type not targeted: Acupuncture clinic
caviarskinbar.com,melanie@caviarskinbar.com,practice type not targeted: Facial spa
iheartmassageandbodywork.com,vienettalel@gmail.com,practice type not targeted: Massage therapist
themodernhue.com,themodernhue@gmail.com,practice type not targeted: Facial spa
confidentsmilesknoxville.com,confidentsmilesknoxville@gmail.com,practice type not targeted: Dentist
owassoperio.com,david@owassoperio.com,practice type not targeted: Dental implants periodontist
tccrd.com,drbrown@tccrd.com,practice type not targeted: Dentist
alluringgraceesthetics.com,alluringgraceesthetics@gmail.com,practice type not targeted: Facial spa
sanctuarypeoria.com,errinevans@gmail.com,practice type not targeted: Spa
maquoketadentist.com,youngdental1@outlook.com,practice type not targeted: Dentist
kellygorsuch.com,kellygorsuch2@gmail.com,practice type not targeted: Spa
estheticsbyevyn.com,estheticsbyevyn@gmail.com,practice type not targeted: Beauty salon
zimedspa.com,denise@zimedspa.com,business already emailed or queued
tightfitaesthetics.com,staceysturt@hotmail.com,not US (list address)
premierumed.com,brandon.williams@premierumed.com,business already emailed or queued
premierumed.com,shannon.shores@premierumed.com,business already emailed or queued
inkedelegantly.com,bella@inkedelegantly.com,practice type not targeted: Permanent make-up clinic
hushmedicalspa.com,drkrista@hushmedicalspa.com,business already emailed or queued
precisiondentalcrete.com,laura@precisiondentalcrete.com,practice type not targeted: Dentist
revitalmedspa.com,kim@revitalmedspa.com,already emailed or queued
shirlzdollz.com,joey.harpham111@gmail.com,not US (list address)
kimberlymedesthetics.com,email@erlachermedical.com,practice type not targeted: Facial spa
destinationdallastexas.com,johanna.evertson@amfitness.com,practice type not targeted: Fitness center
beautyandwellnessbytrish.com,bffbytrish@gmail.com,practice type not targeted: Health and beauty shop
bendandzenhotyoga.com,mconroy@bendandzenhotyoga.com,practice type not targeted: Yoga studio
he-acupuncture.com,dr.jiehe@gmail.com,practice type not targeted: Acupuncturist
houskadental.com,houskadental@msn.com,practice type not targeted: Dentist
estheticsbybrookealyssa.com,brookealyssam@gmail.com,practice type not targeted: Beauty salon
bestmanmedical.com,christian@bestmanmedical.com,practice type not targeted: Surgical center
lewistonclarkstondentist.com,lewistonidahodentist@gmail.com,practice type not targeted: Dentist
pureessencebeautybar.com,tunisia@pureessencebeautybar.com,practice type not targeted: Facial spa
coachlisaorelli.com,coachlisaorelli@gmail.com,practice type not targeted: Hypnotherapy service
gabrielalewinmdcosmetics.ca,gabylewin@gmail.com,not US (list address)
athomeivnurses.com,aprilmitchell1988@gmail.com,business already emailed or queued
athomeivnurses.com,april@athomeivnurses.com,business already emailed or queued
nhcare.org,lornah@nhcare.org,practice type not targeted: Podiatrist
islandesthetics.com,heidi@islandesthetics.com,practice type not targeted: Facial spa
gracefullaesthetics.org,nichole@gracefullaesthetics.org,practice type not targeted: Spa
thesunforestluxuryspasqaure.com,savannahcastillo09@gmail.com,practice type not targeted: Spa
acupuncturehealdsburg.com,acupunctureherbctr@gmail.com,practice type not targeted: Acupuncturist
dermarenewal.net,kim@dermarenewal.net,practice type not targeted: Facial spa
snohomishskincare.com,essential.luxuries@icloud.com,practice type not targeted: Facial spa
kwskin.com,kevynwilson14@gmail.com,practice type not targeted: Spa
dentistspa.com,dr@dentistspa.com,practice type not targeted: Dentist
serenityskincarelounge.com,vanessa@serenityskincarelounge.com,practice type not targeted: Facial spa
yancyharmonyspa.com,yancyvs@gmail.com,already emailed or queued
thehavenskin.com,thehavenskin@gmail.com,practice type not targeted: Health and beauty shop
uribedental.com,toothdoc@mtcnet.net,practice type not targeted: Dentist
identityskinspa.com,vancarroll12@gmail.com,practice type not targeted: Spa
blufftoninnsc.com,danielle@blufftoninn.com,practice type not targeted: (blank)
crispregional.org,tpowers@crispregional.org,practice type not targeted: Facial spa
crispregional.org,asmith8@crispregional.org,practice type not targeted: Facial spa
crispregional.org,lvees@crispregional.org,practice type not targeted: Facial spa
equilibriawellness.com,kamila.loupal.lmt@gmail.com,practice type not targeted: Massage therapist
theoldershawclinic.com,leslie@theoldershawclinic.com,practice type not targeted: Acupuncture clinic
houseofhormonesandweightloss.com,kelseyaprn.houseofhormones@gmail.com,already emailed or queued
drbovill.com,esta@drbovill.com,not US (list address)
nourishinglifeacupuncture.com,dr.jeanmuma@gmail.com,practice type not targeted: Acupuncture clinic
sarahhamiltonface.com,sarah@sarahhamiltonface.com,business already emailed or queued
sarahhamiltonface.com,kristi@sarahhamiltonface.com,business already emailed or queued
visitrejuvenatedayspa.com,marlen.limburg.business@gmail.com,practice type not targeted: Facial spa
therapy1one.com,jcox@therapy1one.com,practice type not targeted: Physical therapy clinic
bewellskinspace.com,amber@bewellskinspace.com,already emailed or queued
illaheedental.com,lisadoearthur@gmail.com,practice type not targeted: Dentist
coastal-aesthetics.com,julie@coastal-aesthetics.com,business already emailed or queued
skinrepairstudio.com,jen@skinrepairstudio.com,practice type not targeted: Spa
infuzenhealth.com,tshadwick@infuzenhealth.com,business already emailed or queued
infuzenhealth.com,sshadwick@infuzenhealth.com,business already emailed or queued
pearlphysicaltherapy.com,elizabeth.pearl@pearlphysicaltherapy.com,practice type not targeted: Physical therapy clinic
balancedaestheticsmedspa.com,adidato@balancedaestheticsmedspa.com,business already emailed or queued
subtleaesthetics.ca,subtleinjections.brittany@gmail.com,not US (list address)
subtleaesthetics.ca,subtleinjections.nicole@gmail.com,not US (list address)
slimdown.life,brent@slimdown.life,already emailed or queued
luminaflorida.com,lvargas@luminaflorida.com,practice type not targeted: Vascular surgeon
luminaflorida.com,ajoiner@luminaflorida.com,practice type not targeted: Vascular surgeon
allbodyhw.com,pamela@allbodyhw.com,business already emailed or queued
enhanceutoday.com,sylvia@enhanceutoday.com,already emailed or queued
julepdayspa.com,robbin@julepdayspa.com,practice type not targeted: Day spa
jpaclinics.me,juliequinn25@gmail.com,not US (list address)
hhc.org,kevin.splaine@emoryhealthcare.org,practice type not targeted: Surgical center
hhc.org,melissa.phagan@emoryhealthcare.org,practice type not targeted: Surgical center
paulaleebeauty.com,paulaleebeauty@gmail.com,practice type not targeted: Facial spa
bodycelebration.net,corinna@bodycelebration.net,practice type not targeted: Facial spa
bonitamedicalaesthetics.com,jessica@bonitamed.com,not US (list address)
exquisitebellaaesthetics.com,exquisiteartistrybyv@gmail.com,practice type not targeted: Spa
bluntstatementsspa.com,info@bluntstatementsspa.com,practice type not targeted: Nail salon
lpsmiles.com,amnguyendds@gmail.com,practice type not targeted: Dentist
be-you-tiful-forever.com,ulahuber07@gmail.com,practice type not targeted: Laser hair removal service
simismiledentalstudio.com,glidingevan@gmail.com,practice type not targeted: Dentist
glowfinityskinclinic.com,patel.nishtha@gmail.com,not US (list address)
tresjoliemedispa.com,susan@tresjoliemedispa.com,business already emailed or queued
hbhtexas.com,nic@nichardy.com,practice type not targeted: Psychotherapist
phspecialists.com,dpalkovich@phspecialists.com,practice type not targeted: Surgeon
phspecialists.com,mweaver@phspecialists.com,practice type not targeted: Surgeon
vaughnfitnessnutritionrehab.com,vaughnmayefitnessnutrition@gmail.com,not US (list address)
thestandardmedspacle.com,ashley@thestandardmedspacle.com,business already emailed or queued
avanaaestheticsllc.com,avanaaestheticsllc@gmail.com,practice type not targeted: Waxing hair removal service
opwplattsburgh.com,flo@opwplattsburgh.com,practice type not targeted: Massage therapist
vontespawellness.com,vontespa23@gmail.com,practice type not targeted: Spa
createyourcorenj.com,jennifer@createyourcorenj.com,practice type not targeted: Physical therapist
pielskincareboutique.com,jen@pielskincareboutique.com,practice type not targeted: Facial spa
pilofix.com,pilonidalfix@gmail.com,practice type not targeted: Surgeon
mo-esthetics.com,michelle@mo-esthetics.com,practice type not targeted: Day spa
acupuncture-tcm.co.uk,hermessage@hotmail.co.uk,not US (list address)
thriyv.co.uk,callum@thriyv.co.uk,not US (list address)
inmotion-wellness.com,trainingbyerika@gmail.com,practice type not targeted: Massage therapist
malladentalgroup.com,mallasabina@gmail.com,practice type not targeted: Dentist
illumin8skin.com,patti@illumin8skin.com,already emailed or queued
akalbeauty.ca,leslie@akalbeauty.ca,not US (list address)
majspa.io,richard@majspa.io,practice type not targeted: Laser hair removal service
enhancedhealthandfitness.com,rodger@enhancedhealthandfitness.com,practice type not targeted: Fitness center
voluminousmoonwellnessspa.com,melepps265@gmail.com,practice type not targeted: Facial spa
fridaskin.com,frida@fridaskin.com,practice type not targeted: Facial spa
lookingglassskin.com,amanda@lookingglassskin.com,practice type not targeted: Spa
k1skincarestudio.com,katesmith.wbc@gmail.com,practice type not targeted: Spa
thecenterofdentistry.com,mrosen.dental@gmail.com,practice type not targeted: Dental clinic
jocelyntrimmier.com,jocelyntrimmieraesthetics@gmail.com,practice type not targeted: Facial spa
alamanceesthetics.com,alamanceesthetics@gmail.com,practice type not targeted: Facial spa
kruckmanfamilydentistry.com,dentist@kruckmanfamilydentistry.com,practice type not targeted: Dentist
glomindbodyskin.com,carmen@glomindbodyskin.com,practice type not targeted: Spa
your-nd.com,tannaz@your-nd.com,not US (list address)
upsurgerycenter.com,aevans@upsurgerycenter.com,practice type not targeted: Surgical center
goldenbayacupuncture.com,hello@goldenbayacu.com,practice type not targeted: Acupuncture clinic
graceandclaybeauty.com,joanne@graceandclaybeauty.com,practice type not targeted: Facial spa
inkedbeautybarstudio.com,beautyinkedbydiana@gmail.com,practice type not targeted: Permanent make-up clinic
studioelevenelevenspa.com,paigealissaesthetics@gmail.com,practice type not targeted: Day spa
lifesynergycc.com,zahily@lifesynergycc.com,business already emailed or queued
bodybasicspt.com,scott@bodybasicspt.com,practice type not targeted: Physical therapy clinic
orionfitnesscenter.com,orionfitnesscenter1@gmail.com,practice type not targeted: Fitness center
goodinkstudio.com,emily@goodinkstudio.com,practice type not targeted: Permanent make-up clinic
sophia-blair.com,rebekah@sophia-blair.com,practice type not targeted: Facial spa
daytonasantiaging.com,leah.totalantiaging@gmail.com,already emailed or queued
orlandoskinclinic.com,alb2584@gmail.com,business already emailed or queued
liferesourcesnm.org,advancement@liferesourcesnm.org,practice type not targeted: Pregnancy care center
laurelcosmeticdentist.com,marshoneclarkdds@gmail.com,practice type not targeted: Dentist
boulderskinbar.com,deannaldoyle@gmail.com,business already emailed or queued
bruggemandental.com,scott@bruggemandental.com,practice type not targeted: Dentist
maryelizabethholmes.com,maryelizabethholmes@gmail.com,practice type not targeted: Hypnotherapy service
facialbeautystudio.com,upolyvkan@gmail.com,practice type not targeted: Beauty salon
danielolson.com,hypnodan@danielolson.com,practice type not targeted: Hypnotherapy service
danielphillipsdental.com,danielphillipsdental@gmail.com,practice type not targeted: Dentist
skinspirit.com,lheublein@skinspirit.com,business already emailed or queued
auroradentistco.com,corib@auroradentistco.com,practice type not targeted: Dentist
chenova.net,che@chenova.net,practice type not targeted: Facial spa
transitionsphysicaltherapy.com,dana@transitionsportspt.com,practice type not targeted: Physical therapy clinic
411sante.com,c.theriault@rdpq.ca,not US (list address)
411sante.com,jg.carle@rdpq.ca,not US (list address)
smilecarenow.com,shrirajs@gmail.com,practice type not targeted: Dentist
specialtysurgeons.com,rmichler@montefiore.org,practice type not targeted: Surgeon
daydreamaesthetics.com,dcarol@daydreamaesthetics.com,practice type not targeted: Facial spa
italiancosmeticandbeauty.com,cinziawilson@gmail.com,practice type not targeted: Permanent make-up clinic
skinreverence.com,skinreverence@gmail.com,practice type not targeted: Facial spa
luxebeautybyelisabeth.co,elisabethalixandria@gmail.com,practice type not targeted: Facial spa
rtsbeauty.co,skinbyregina@outlook.com,practice type not targeted: Facial spa
tbfargo.com,matthew@tbfargo.com,practice type not targeted: Physical therapy clinic
bricktownaesthetics.com,bricktownaesthetics@gmail.com,practice type not targeted: Permanent make-up clinic
belleskinspa.com,nicolegauci@belleskinspa.com,practice type not targeted: Facial spa
havenbeauty.com,hello@juliephaxay.com,practice type not targeted: Beauty salon
goodlifesupport.com,lauren@laurencardinale.com,practice type not targeted: Hypnotherapy service
yorkskinclinic.com,emma@yorkskinclinic.com,not US (list address)
yorkskinclinic.com,lois@yorkskinclinic.com,not US (list address)
opulencemedspa.ca,lindsay@opulencemedspa.ca,not US (list address)
thekeylinspa.com,thekeylinexperience@gmail.com,practice type not targeted: Spa
eastlymedentistry.com,marina@eastlymedentistry.com,practice type not targeted: Dentist
drzeenaclinic.co.uk,zeena.adnan@hotmail.com,not US (list address)
iqonicaesthetics.com,ali@iqonicaesthetics.com,not US (list address)
bestyoumedspa.com,alyssa@bestyoumedspa.com,business already emailed or queued
haloandco.co.uk,haloaestheticsandco@gmail.com,not US (list address)
aestheticsbyselinak.com,aestheticsbyselinak@gmail.com,not US (list address)
purecosmeticcenter.com,dave@purecosmeticcenter.com,business already emailed or queued
paulmillerhypnotherapy.co.uk,millerpaul@hotmail.co.uk,not US (list address)
providers.capecodhealth.org,lejewett@capecodhealth.org,practice type not targeted: Surgical center
daskraftwurk.com,emily@daskraftwurk.com,not US (list address)
skin4glow.com,skin4glow@gmail.com,practice type not targeted: Facial spa
zen-sationaltherapeuticmassage.com,kileemessimerlmt@hotmail.com,practice type not targeted: Massage therapist
suiawakening.com,renata@suiawakening.com,practice type not targeted: Hypnotherapy service
latrobestrengthfit.com,crossfitlatrobe@gmail.com,practice type not targeted: Fitness center
stackedskincare.com,kerry@stackedskincare.com,practice type not targeted: Facial spa
lifetimedental.net,dr.bjohnson@live.com,practice type not targeted: Dentist
phenixsalonsnewyork.com,rgirand@sebastian-capital.com,practice type not targeted: (blank)
vybemedspaandsalon.com,contact@skyypllc.com,business already emailed or queued
smileobsession.com,drpatel@smileobsession.com,practice type not targeted: Dentist
vitalisluxespa.com,cassia@vitalisluxespa.com,practice type not targeted: Facial spa
glowhealthandwellness.com,angie@glowhealthandwellness.com,business already emailed or queued
hempforfitness.com,marjan@hempforfitness.com,practice type not targeted: Vitamin & supplements store
heathrowdentistry.com,fanny@heathrowdentistry.com,practice type not targeted: Dentist
perfect10x.com,heather@perfect10x.com,business already emailed or queued
limitless-mindbody.com,sonda@limitless-mindbody.com,practice type not targeted: Fitness center
avanteaesthetics.com,admin@avanteaesthetics.com,already emailed or queued
associatesindentistry.com,dhotkevich@associatesindentistry.com,practice type not targeted: Dentist
apollosportsmed.com,apryl@apollosportsmed.com,practice type not targeted: Physical therapy clinic
naturalxcellencespa.com,phurtado246@gmail.com,practice type not targeted: Facial spa
jacquelineskinaesthetics.com,tiffany@jacquelineskinaesthetics.com,practice type not targeted: (blank)
citrineskinspa.com,kate@citrineskinspa.com,practice type not targeted: Spa
citrineskinspa.com,karen@citrineskinspa.com,practice type not targeted: Spa
julienutrition.com,julie@julienutrition.com,not US (list address)
drlaurenevans.com,lauren@drlaurenevans.com,not US (list address)
anylength.net,rwhite@anylength.net,practice type not targeted: Addiction treatment center
bluemountaindental.com,geoff@bluemountaindental.com,practice type not targeted: Dentist
spaculture.ca,maria@spaculture.ca,not US (list address)
leavingpeoplebetter.net,chelsea.lloyd.lmt@gmail.com,practice type not targeted: Massage therapist
ritualslc.com,tinachante@ritualslc.com,already emailed or queued
lyndacartermld.co.uk,lyndacartermld@outlook.com,not US (list address)
confidentmedspa.com,claughton@confidentmedspa.com,business already emailed or queued
skinnymehealthyme.com,jami@skinnymehealthyme.com,practice type not targeted: Spa
selahsteamboat.com,rachel@selahsteamboat.com,practice type not targeted: Pregnancy care center
beewellspa.com,melissa@beewellspa.com,practice type not targeted: Spa
loveacu.net,tanya@loveacu.net,practice type not targeted: Acupuncturist
ccmassagespa.com,lana@ccmassagespa.com,practice type not targeted: Massage spa
lifeharmonyww.com,marty@lifeharmonyenergies.com,practice type not targeted: (blank)
nursekatieinjectables.com,katietagaesthetic@hotmail.com,not US (list address)
reviveskinspa.com,asksasha1@comcast.net,practice type not targeted: Facial spa
mclaserskinclinic.com,melissa@mclaserskinclinic.com,not US (list address)
skindeepsoul.com,carol@skindeepsoul.com,practice type not targeted: Facial spa
spaquestmn.com,spaquestmn@gmail.com,practice type not targeted: Spa
happinessisbalance.net,treatyourself.breggin@gmail.com,practice type not targeted: Massage therapist
leichtydds.com,wjleichtydds@hotmail.com,practice type not targeted: Dentist
lorynvyvyanskin.com,lorynvyvyanskin@gmail.com,practice type not targeted: Waxing hair removal service
parkrmtmedispa.ca,teresaparkrmt@gmail.com,not US (list address)
theurbanangel.co.uk,lorah@theurbanangel.co.uk,not US (list address)
honeystudioroc.com,bec.artconline@gmail.com,practice type not targeted: Tattoo artist
chapelstreetdental.co.uk,hello@chapelstreetdental.co.uk,not US (list address)
drmotakis.com,dimitrios@drmotakis.com,not US (list address)
californiablissbody.shop,blissbodyshop@gmail.com,practice type not targeted: Massage spa
salinedentalcare.com,allen@salinedentalcare.com,practice type not targeted: Dentist
luxuryskinspa.com,luxuryskinspabybrandon@gmail.com,practice type not targeted: Spa
ilinanimedspa.com,nicole@ilinanimedspa.com,already emailed or queued
rejuvenicity.health,susan.vanvonderen.rn.cnp@gmail.com,practice type not targeted: Registered general nurse
beautyhqmn.com,melissa@beautyhqmn.com,practice type not targeted: Spa
theglamologist.com,elyse@theglamologist.com,practice type not targeted: Beauty salon
facespacenj.com,sophie@facespacenj.com,practice type not targeted: Beauty salon
theaestheticsclub.co.uk,fiona@theaestheticsclub.co.uk,not US (list address)
mauideeptissuemassage.com,brandon.lund@mauideeptissuemassage.com,practice type not targeted: Massage therapist
bpistrong.com,amanda.payton@nipt.us,practice type not targeted: Physical therapy clinic
maintainhw.com,jennifer@maintainhw.com,business already emailed or queued
usdsmiles.com,cohndental@gmail.com,practice type not targeted: Dentist
acuhaus.com,angieweber@acuhaus.com,practice type not targeted: Acupuncture clinic
acuhaus.com,drangie@acuhaus.com,practice type not targeted: Acupuncture clinic
northernwyomingsurgicalcenter.com,crohde@nwsccody.com,practice type not targeted: Surgeon
skinbydelfina.co,delfinachavez0@gmail.com,practice type not targeted: Waxing hair removal service
renewaestheticswa.com,renewaesthetics.refresh@gmail.com,practice type not targeted: Spa
roxspanewportbeach.com,drcalvertea@roxburysurgery.com,practice type not targeted: Surgical center
angelstwelve.com,jean@angelstwelve.com,not US (list address)
pacifica-esthetics.com,xellebarteau@gmail.com,practice type not targeted: Spa
mytoothdocs.life,mtdsouthholland@gmail.com,practice type not targeted: Dentist
apex-performance.life,michael@apexperformance.life,practice type not targeted: Fitness center
foundationptutah.com,brad@foundationptutah.com,practice type not targeted: Physical therapy clinic
dentalplusofparamount.com,drmaxsmiles@gmail.com,practice type not targeted: Dentist
maineaestheticmedicine.com,brooke@maineaestheticmedicine.com,business already emailed or queued
uemspa.com,virani67@gmail.com,practice type not targeted: Spa
aeskin.com,dr.alex@aeskin.com,business already emailed or queued
serenitymedspa.net,veronica@serenitymedspa.net,business already emailed or queued
elevaterx.ca,lindsay@elevaterx.ca,not US (list address)
samersaour.com,info@samersaour.com,not US (list address)
akptwellness.com,holly@akptwellness.com,practice type not targeted: Physical therapist
selfishlywellness.com,manager@selfishlywellness.com,business already emailed or queued
simpleweightsolutions.com,trent@simpleweightsolutions.com,business already emailed or queued
simpleweightsolutions.com,joel@simpleweightsolutions.com,business already emailed or queued
evolveantiaging.com,edward@evolveantiaging.com,business already emailed or queued
goodliferehab.com,mshah@goodliferehab.com,practice type not targeted: Physical therapy clinic
personalizedvitalityclinic.com,becca@personalizedvitalityclinic.com,practice type not targeted: Spa
advanceddentistryofftmyers.com,drkatrinefarag@hotmail.com,practice type not targeted: Dentist
johansondds.com,johansondds@outlook.com,practice type not targeted: Dentist
ottawadermcentre.com,askmeanything@ottawadermcentre.com,not US (list address)
ottawadermcentre.com,richard@ottawadermcentre.com,not US (list address)
dentalprovidence.com,providence.ol@platinumdentalservices.com,practice type not targeted: Dentist
omahamedspa.com,carteroabbott@omahamedspa.com,business already emailed or queued
durhamaesthetics.co.uk,melaniedurham@live.com,not US (list address)
townhousefaceandbodyclinic.co.uk,eliza@townhousefaceandbodyclinic.co.uk,not US (list address)
berkhamstedaesthetics.co.uk,berkhamstedbotox@gmail.com,not US (list address)
vivibeautyclinic.uk,vivibeautyclinic@gmail.com,not US (list address)
pearlsmilesdentistry.com,drmikek17@gmail.com,practice type not targeted: Dentist
stephentowill.com,stephentowill@gmail.com,not US (list address)
paragonssw.com,aisling@paragonssw.com,practice type not targeted: Physical therapy clinic
paragonssw.com,jim@paragonssw.com,practice type not targeted: Physical therapy clinic
carestack.uk,akrishna@carestack.com,not US (list address)
michellebuchananhealth.com,michellebuchananhealth@gmail.com,not US (list address)
captureyourcurves.com,captureyourcurves@gmail.com,practice type not targeted: Spa
miamielegance.com,annette@miamielegance.com,business already emailed or queued
pennyhansonhypnosis.com,penhanson@hotmail.com,practice type not targeted: Hypnotherapy service
drdonnakiesel.com,donna@drdonnakiesel.com,practice type not targeted: Dentist
skincarebyrachelatmetier.com,rachelreynoldsskincare@gmail.com,practice type not targeted: Beauty salon
columbiahypnosis.com,mburney@columbiahypnosis.com,practice type not targeted: Hypnotherapy service
thrivwellmed.com,tanya@thrivwellmed.com,already emailed or queued
westchesterperiodontics.com,maria@westchesterperiodontics.com,practice type not targeted: Dental implants periodontist
vitrandds.com,vitrandds@hotmail.com,practice type not targeted: Dentist
laxenergyworx.com,paris@laxenergyworx.com,practice type not targeted: Ayurvedic clinic
effervescentesthetics.com,sarahnp@effervescentesthetics.com,practice type not targeted: Health and beauty shop
nakedskincarepetaluma.com,nicole@nakedskincarepetaluma.com,practice type not targeted: Day spa
elevationwellness.com,louie@elevation-wellness.com,business already emailed or queued
aquabodylab.com,hollie@aquabodylab.com,business already emailed or queued
skyncyn.com,cyn@skyncyn.com,practice type not targeted: Facial spa
indulgeinjectables.com,gisellisorantes@indulgeinjectables.com,business already emailed or queued
indulgeinjectables.com,ruthmendez@indulgeinjectables.com,already emailed or queued
cosmetology-lecalme.com,ritoldochka008@gmail.com,not US (list address)
skincarebyskinrx.com,skinrx@hotmail.com,practice type not targeted: Day spa
springhill.dental,pranav@springhill.dental,practice type not targeted: Dentist
arqangelmedspa.com,bmoreextra@gmail.com,practice type not targeted: Health and beauty shop
hy-veehealthyyou.com,jeremy.gosch@hy-vee.com,practice type not targeted: Dietitian
hy-veehealthyyou.com,aaron.wiese@hy-vee.com,practice type not targeted: Dietitian
debiwalker.com,debiwalkerpmu@gmail.com,practice type not targeted: Permanent make-up clinic
laserbycarrie.com,carriequinnlaser@gmail.com,practice type not targeted: Laser hair removal service
idealprotocol.com,matt@idealprotocol.com,business already emailed or queued
becalmvashon.com,karin@becalmvashon.com,practice type not targeted: Acupuncture clinic
breakthroughptli.com,hiring@breakthroughptli.com,practice type not targeted: Physical therapy clinic
woodsbeautyclinic.co.uk,abstweed@outlook.com,not US (list address)
peonyspaclub.com,alicedanxu@gmail.com,not US (list address)
zyraclinic.com,jade@zyraclinic.com,business already emailed or queued
dr-emeljana.com,doctor.emeljana@gmail.com,not US (list address)
portclintondental.com,wass4@me.com,practice type not targeted: Dentist
mcdental.ca,carroccia.mcdental@gmail.com,not US (list address)
baseskin.co.uk,baseskinclinicpoole@gmail.com,not US (list address)
lavenderlushaesthetics.com,rgrella@lavenderlushaesthetics.com,practice type not targeted: Spa
beautybylaya.com,laya@beautybylaya.com,practice type not targeted: Facial spa
findyourglow.co,analisa@findyourglow.co,practice type not targeted: Facial spa
drgiovanniferrando.com,laura@drgiovanniferrando.com,not US (list address)
drgiovanniferrando.com,giovanni@drgiovanniferrando.com,not US (list address)
winchesteraestheticclinic.com,tessa@winchesteraestheticclinic.com,not US (list address)
cranemassagetherapy.com,faye@cranemassagetherapy.com,practice type not targeted: Massage therapist
solandpalm.com,niki@solandpalm.com,practice type not targeted: Spa
inskinity.ca,cosmeticnurse.ana@gmail.com,not US (list address)
fourthtreehealth.com,amy.calderone@fourthtreehealth.com,business already emailed or queued
fourthtreehealth.com,daniel.hodge@fourthtreehealth.com,business already emailed or queued
opheliasgreenspa.com,amber@opheliasgreenspa.com,practice type not targeted: Day spa
atlantamensclinic.com,george@atlantamensclinic.com,business already emailed or queued
elegantimplant.com,matthew@elegantimplant.com,practice type not targeted: Dentist
tlcdentists.com,robertmartino@wilmarmanagement.com,practice type not targeted: Dentist
tlcdentists.com,wendyboyce@wilmarmanagement.com,practice type not targeted: Dentist
thenaturalweightlosscenter.com,brendagarciamedina18@gmail.com,practice type not targeted: Vitamin & supplements store
elegantbeautysalonandmedspa.com,mknason01@gmail.com,practice type not targeted: Spa
healthnwellnessrx.com,wc.christine@healthnwellnessrx.com,business already emailed or queued
purposefullivingskincare.com,melissa.skinfixing@gmail.com,practice type not targeted: Spa
etowndentist.com,nicholsdental02@gmail.com,practice type not targeted: Dentist
olneyfamilydentistry.com,joshua.lomke@gmail.com,practice type not targeted: Dentist
rawesthetics.com,kristen@rawesthetics.com,practice type not targeted: Spa
clearspa4u.com,northvalleyface13902@outlook.com,practice type not targeted: Day spa
peakform.com,chad@peakform.com,practice type not targeted: (blank)
soleabeautylounge.com,manager@soleabeautylounge.com,business already emailed or queued
dentalimplantsroc.com,dea@dentalimplantsroc.com,practice type not targeted: Dental implants periodontist
beyoutifulbodyspallc.com,brittaney@beyoutifulbodyspallc.com,practice type not targeted: Spa
palmettoacupuncture.com,martin@palmettoacupuncture.com,practice type not targeted: Acupuncturist
kmaglasgow.com,kmaglasgow@gmail.com,not US (list address)
serenityfix.com,carolyn@serenityfix.com,practice type not targeted: Massage therapist
drsandihamm.com,drsandihamm@gmail.com,practice type not targeted: Dentist
newskinbeauty.ca,taslim9@hotmail.com,not US (list address)
pointedentalgroup.com,proberts@pointedentalgroup.com,practice type not targeted: Dentist
evolveskinspa.com,holly@evolveskinspa.com,business already emailed or queued
urbndental.com,david@urbndental.com,practice type not targeted: Dentist
stratumaesthetics.com,emily@stratumaesthetics.com,practice type not targeted: Spa
endlessvitality.com,jnance@endlessvitality.com,business already emailed or queued
dabyag.com,bociandpm@comcast.net,practice type not targeted: Day spa
jasonshookdds.com,jason@jasonshookdds.com,practice type not targeted: Dentist
fenixhealthcareaz.com,brad@fenixptp.com,practice type not targeted: Physical therapy clinic
fenixhealthcareaz.com,austin@fenixptp.com,practice type not targeted: Physical therapy clinic
krystelspa.ca,olga@krystelspa.ca,not US (list address)
maryvilledentists.com,manager@maryvilledentists.com,practice type not targeted: Dentist
sleekaesthetics.co,kathleen@sleekaesthetics.co,practice type not targeted: Laser hair removal service
marskincare.ca,marzi@marskincare.ca,not US (list address)
skinandartistry.com,skinandartistry1@gmail.com,not US (list address)
physicaltherapy.fitmjc.com,matt@fitmjc.com,practice type not targeted: Physical therapy clinic
optimummedspa.com,jessie@optimummedspa.com,business already emailed or queued
dermaglowskinlab.com,zinakettani@gmail.com,practice type not targeted: Facial spa
profilemn.com,loren@profilemn.com,practice type not targeted: Plastic injection molding service
profilemn.com,snoegel@profilemn.com,practice type not targeted: Plastic injection molding service
artesianesthetics.com,blankenshipbusinessfl@gmail.com,practice type not targeted: Spa
goldcresthypnotherapy.com,lee@goldcresthypnotherapy.com,not US (list address)
prettymb.org,liz@prettymb.org,practice type not targeted: Lactation service
cfrua.com,cegner5285@gmail.com,practice type not targeted: Fitness center
physiofitrehab.com,snehal@physiofitrehab.com,practice type not targeted: Physical therapist
21stcenturydentist.com,drjoelflevy@gmail.com,practice type not targeted: Dentist
everbrightdentist.com,peixi@everbrightdentist.com,practice type not targeted: Dentist
anew-aesthetics.com,nataliewaddell@anew-aesthetics.com,practice type not targeted: Facial spa
upperwestspa.com,joanna@upperwestspa.com,practice type not targeted: Day spa
proskinstudio.org,ct.proskinstudio@gmail.com,practice type not targeted: Beauty salon
plasmapod.co.uk,kathryn@plasmapod.co.uk,not US (list address)
dgtwellness.com,dgtransformationalwellness@gmail.com,practice type not targeted: Hypnotherapy service
khbeautynbodystudio.com,khbeautynbodystudio@gmail.com,not US (list address)
steveudakis.co.uk,info@steveudakis.co.uk,not US (list address)
nursevictoriasaesthetics.com,victoria.pearce70@gmail.com,not US (list address)
athenslaserhair.com,shanon@athenslaserhair.com,practice type not targeted: Laser hair removal service
belladermmedspa.com,robin@belladermmedspa.com,business already emailed or queued
lunamedspawi.com,jessica@lunamedspawi.com,business already emailed or queued
journeyskinstudio.com,jo@journeyskinstudio.com,practice type not targeted: Facial spa
californiabeautynp.com,nada@californiabeautynp.com,practice type not targeted: Facial spa
kmskinandbody.com,kmskinandbody@gmail.com,practice type not targeted: Facial spa
poondiet.com,doctor@poondiet.com,not US (list address)
daelacosmetictattoo.com,kim@daelacosmetictattoo.com,practice type not targeted: Permanent make-up clinic
aseellaserlounge.com,aseel@aseellaserlounge.com,practice type not targeted: Laser hair removal service
therapeutiktouch.com,therapeutiktouch@gmail.com,practice type not targeted: Massage therapist
peachpitbeautyhub.com,michelle@peachpitbeautyhub.com,not US (list address)
laserqueenmd.com,oxanadenishenko@gmail.com,practice type not targeted: Laser hair removal service
skininvidia.com,mandie.medesti@gmail.com,practice type not targeted: Facial spa
bodyworx.guru,ryan@bodyworx.guru,practice type not targeted: Massage therapist
reboundperformancept.com,jon@reboundperformancept.com,practice type not targeted: Physical therapist
kswellnessandbeauty.com,kathleen@kswellnessandbeauty.com,practice type not targeted: Facial spa
puremovementnm.com,david@puremovementnm.com,practice type not targeted: Physical therapy clinic
puremovementnm.com,matt@puremovementnm.com,practice type not targeted: Physical therapy clinic
solaestheticsbyaz.com,anaiz@solaestheticsbyaz.com,practice type not targeted: Facial spa
lknskinandbody.com,trish@lknskinandbody.com,business already emailed or queued
beautypriestess.com,estrellajones15@gmail.com,practice type not targeted: Facial spa
delicatebeautyaesthetics.com,delicatebeautyaesthetics@gmail.com,practice type not targeted: Facial spa
escapecosmetic.com,crystalberney@msn.com,practice type not targeted: Beauty salon
designerdentaldds.com,officemanager@designerdentaldds.com,practice type not targeted: Dentist
balanceintegrativehealth.ca,drkristin@balanceintegrativehealth.ca,not US (list address)
stillpointhealingcenter.com,maile@stillpointhealingcenter.com,practice type not targeted: Acupuncture clinic
nourish-skin.com,leahmfineman@gmail.com,practice type not targeted: Facial spa
elivatewellnessco.com,richard@elivatewellnessco.com,business already emailed or queued
aptwy.com,czumpfe@aptwy.com,practice type not targeted: Physical therapy clinic
aptwy.com,dmartin@aptwy.com,practice type not targeted: Physical therapy clinic
nimawellness.com,faisal@nimawellness.com,business already emailed or queued
heatherpolak.ca,heatherpolakinfo@gmail.com,not US (list address)
locafylab.com,james@locafylab.com,not US (list address)
yourskn.com,naushin@drpirani.com,not US (list address)
well-lifestyle.co.uk,abawilsonmorkeh@gmail.com,not US (list address)
eyelidsurgery.co.uk,brian.leatherbarrow@gmail.com,not US (list address)
charliblakesmedspa.com,charliblakesmedspa1@gmail.com,already emailed or queued
joannagraff.com,graffaesthetics@gmail.com,not US (list address)
dermalase.org,chelsea@dermalase.org,not US (list address)
mskin.co.uk,liz.mcculloch@mskin.co.uk,not US (list address)
thecuckfieldclinic.co.uk,rachelthenp@gmail.com,not US (list address)
wholehealthsolutions.life,gary@wholehealthsolutions.life,practice type not targeted: Physical therapy clinic
wholehealthsolutions.life,peter@wholehealthsolutions.life,practice type not targeted: Physical therapy clinic
rehydrateivinfusion.com,dominika@rehydrateivinfusion.com,business already emailed or queued
on-retreatmassage.com,stephw9674@gmail.com,practice type not targeted: Massage therapist
dawnpatriceskincare.com,dawn@dawnpatriceskincare.com,practice type not targeted: Spa
skinspaembassy.com,remikskinclinic@gmail.com,not US (list address)
mrdavidcrawford.co.uk,davidscrawford@btconnect.com,not US (list address)
plasmaskinaesthetics.com,emma@plasmaskinaesthetics.com,not US (list address)
jstaesthetics.co.uk,jstaesthetics@outlook.com,not US (list address)
jstaesthetics.co.uk,jstmakeup@hotmail.com,not US (list address)
cairnmedica.com,cairnmedica@outlook.com,not US (list address)
facesonmain.com,facesonmain@gmail.com,practice type not targeted: Facial spa
thelushlook.com,yannabee@thelushlook.com,practice type not targeted: Spa
acadianadentistry.com,domingue.danny@gmail.com,practice type not targeted: Dental clinic
joeybarriosmd.com,joey@joeybarriosmd.com,practice type not targeted: Surgeon
savoiadental.info,savoiadental@gmail.com,practice type not targeted: Dentist
youthfulrootsskincare.com,brostkimberly@gmail.com,practice type not targeted: Spa
discoverthenourishedlife.com,alia@discoverthenourishedlife.com,practice type not targeted: Dietitian
goodheartedwomantx.com,facials@goodheartedwomantx.com,practice type not targeted: Facial spa
drrobberberian.com,drrobberberian@gmail.com,already emailed or queued
thepinehillfarm.com,rn@pinehillfarm.co,practice type not targeted: Vitamin & supplements store
balancedthistle.com,drmeghan@balancedthistle.com,practice type not targeted: Acupuncturist
jujubehawaii.com,cimone@jujubehawaii.com,practice type not targeted: Beauty salon
smileswithjoyva.com,hopewellfamdentistry@gmail.com,practice type not targeted: Dentist
carolinesteinbeauty.com,carolinesteinbeauty@gmail.com,practice type not targeted: Beauty salon
elizabethevansdmd.com,cosmetic.dentistry@live.com,practice type not targeted: Dentist
drfionasteedman.co.uk,fionasteedman@gmail.com,not US (list address)
theskinsalon.net,theskinsalon1@gmail.com,practice type not targeted: Facial spa
superiorsculpting.com,superiorsculptingllc@gmail.com,practice type not targeted: Spa
slfmkr.com,kait@slfmkr.com,practice type not targeted: Health and beauty shop
vivaciousbody.com,daria@vivaciousbody.com,practice type not targeted: Massage therapist
brocku.ca,jtonnos@brocku.ca,not US (list address)
brocku.ca,bclarke@brocku.ca,not US (list address)
brocku.ca,dgrubb@brocku.ca,not US (list address)
brocku.ca,jiseghayan@brocku.ca,not US (list address)
brocku.ca,mmaxwell@brocku.ca,not US (list address)
brocku.ca,president@brocku.ca,not US (list address)
brocku.ca,provost@brocku.ca,not US (list address)
brocku.ca,tkenyon@brocku.ca,not US (list address)
brocku.ca,rjhangiani@brocku.ca,not US (list address)
brocku.ca,rbourgeois@brocku.ca,not US (list address)
loeaaesthetics.com,oakbrookspa@gmail.com,practice type not targeted: Beauty salon
wildlotusskincare.com,wildlotusskincare@gmail.com,practice type not targeted: Facial spa
uniqueeuropeanskincare.com,klaudiaskin@gmail.com,practice type not targeted: Facial spa
alynemd.com,gsandhu@alynemd.com,business already emailed or queued
estigabrielle.com,estigabrielle@gmail.com,practice type not targeted: Waxing hair removal service
aligntherapy.org,stever@aligntherapy.org,practice type not targeted: Physical therapy clinic
elevate-wellness.com,melinda@elevate-wellness.com,practice type not targeted: Acupuncture clinic
fearnomirror.ca,karyn.fearnomirror@gmail.com,not US (list address)
animalelevation.com,bfoster@animalelevation.com,practice type not targeted: Acupuncturist
estheticswithlove.com,estheticswithlovebylisa@gmail.com,practice type not targeted: Day spa
mistymacintyre.com,mistymacintyre@gmail.com,practice type not targeted: Facial spa
upkeepclinic.com,lyenokians@gmail.com,not US (list address)
downtownsportsnutrition.com,julio@downtownsportsnutrition.com,practice type not targeted: Sports nutrition store
skinwellness.care,skinwellnessbyrenee@gmail.com,practice type not targeted: Facial spa
sdivservice.com,rose@sdivservice.com,business already emailed or queued
elevatemassage4u.com,elevatemassage4u@gmail.com,practice type not targeted: Massage therapist
body-mechanix.com,marlon.gomez@bmfit.com,practice type not targeted: Fitness center
one-medspa.com,carol@one-medspa.com,business already emailed or queued
frontporchacupuncture.com,frontporchacupuncture@gmail.com,practice type not targeted: Acupuncture clinic
heartlandesthetician.com,heartland.estheticianss@gmail.com,practice type not targeted: Facial spa
arnoldpalmerhospital.com,justin.williams@orlandohealth.com,practice type not targeted: Surgeon
jsesthetics.com,judy@jsesthetics.com,practice type not targeted: Facial spa
uoftplasticsurgery.ca,joan.lipa@utoronto.ca,not US (list address)
uoftplasticsurgery.ca,violetta.sochka@utoronto.ca,not US (list address)
uoftplasticsurgery.ca,plastics.admin@utoronto.ca,not US (list address)
pslbshine.com,pslbshine@gmail.com,practice type not targeted: Beauty salon
livewell360kokomo.com,lisa@livewell360kokomo.com,business already emailed or queued
vanityskinclinic.com,danikafleming20@gmail.com,not US (list address)
exquisiteaesthetics.com,shawny@exquisiteaesthetics.com,practice type not targeted: Permanent make-up clinic
myoceanoasis.com,myoceanoasis@gmail.com,practice type not targeted: Spa
intelligentfitness.net,stacey@intelligentfitness.net,practice type not targeted: Fitness center
intelligentfitness.net,phil@intelligentfitness.net,practice type not targeted: Fitness center
dominguezhillsdental.com,dr.duncan@outlook.com,practice type not targeted: Dentist
topsummerlindentist.com,drwest@topsummerlindentist.com,practice type not targeted: Dentist
matildamed.com,matildamedaesthetics@gmail.com,not US (list address)
fatfreezelab.co.uk,brett@fatfreezelab.co.uk,not US (list address)
pupkindental.com,apupkindds@gmail.com,practice type not targeted: Dentist
mariapappaslmt.com,maria.pappas.lmt@gmail.com,practice type not targeted: Massage therapist
fdlskinandlaserclinic.com,rcc.sullivan@gmail.com,practice type not targeted: Day spa
thetreatmentrooms.com,clare@thetreatmentrooms.com,not US (list address)
michellelouiseaesthetics.com,mlaesthetics_1@outlook.com,not US (list address)
helloskinclinic.com,tekla@helloskinclinic.com,not US (list address)
thisisluxure.co.uk,hello@thisisluxure.co.uk,not US (list address)
wythedentistry.com,denise@wythedentistry.com,practice type not targeted: Dentist
makeitplastic.com,james@makeitplastic.com,practice type not targeted: Plastic fabrication company
bbrmed.com,reanne@bbrmed.com,business already emailed or queued
skintherapymarin.com,skintherapybyginger@gmail.com,practice type not targeted: Facial spa
amysskincareoasis.com,amy@amysskincareoasis.com,practice type not targeted: Facial spa
sunriseskinwellness.com,sherrysarahe@gmail.com,practice type not targeted: Facial spa
skinsecretswithdana.com,westdanad@gmail.com,practice type not targeted: Facial spa
stewartvilleskincare.com,katie@stewartvilleskincare.com,practice type not targeted: Beauty salon
letsgetchillin.com,michele@letsgetchillin.com,practice type not targeted: Spa
revivalhydrates.com,kami@revivalhydrates.com,business already emailed or queued
theaestheticmethod.com,stephanie@theaestheticmethod.com,business already emailed or queued
frontdoormedspa.com,theresa@frontdoormedspa.com,already emailed or queued
skinbycrystaldawn.com,moorebeauty4@gmail.com,practice type not targeted: Facial spa
orlando-massage.com,jrayburn@orlando-massage.com,practice type not targeted: Massage therapist
hhillnatale.com,h.hillnatale@gmail.com,practice type not targeted: Facial spa
skinbyjessicany.com,jessica@skinbyjessicany.com,practice type not targeted: Facial spa
deschutessurgerycenter.com,smorris@deschutessurgerycenter.com,practice type not targeted: Surgical center
ojaiwellness.com,ojaigardenspa@gmail.com,practice type not targeted: Massage therapist
mariafurtekhypnotherapy.com,info@mariafurtekhypnotherapy.com,not US (list address)
sixaesthetics.com,hello@sixaesthetics.com,not US (list address)
ownyourskinpenticton.ca,ownyourskin100@gmail.com,not US (list address)
ames-surgery.com,msachs@ames-surgery.com,practice type not targeted: Surgical center
nkmedspa.com,nikita@nkmedspa.com,business already emailed or queued
torrancebariatrics.com,roohipour@randrsurgical.com,practice type not targeted: Surgical center
gracedayspaaledo.com,susan@gracedayspaaledo.com,practice type not targeted: Spa
sweethoneyesthetics.com,sweethoneyesty@gmail.com,practice type not targeted: Spa
coastsideesthetics.com,lydiapuhak@gmail.com,practice type not targeted: Facial spa
youglowbeautybar.com,mackdates@gmail.com,practice type not targeted: Facial spa
daytonatcm.net,fengzoulee@gmail.com,practice type not targeted: Acupuncture clinic
juliacantu.com,julia@juliacantu.com,practice type not targeted: Facial spa
lifestorybeauty.com,andrea@lifestorybeauty.com,not US (list address)
lifestorybeauty.com,sara@lifestorybeauty.com,not US (list address)
bluaesthetics.com,bluaesthetics9@gmail.com,business already emailed or queued
browsbyerinlachance.com,erin@ornatebeautystudio.com,practice type not targeted: Permanent make-up clinic
juniperlaneskin.com,juniperlaneojai@gmail.com,practice type not targeted: Spa
grandpearlwellness.com,info@grandpearlwellness.com,practice type not targeted: Spa
inneralignments.com,trish@inneralignments.com,practice type not targeted: Hypnotherapy service
professionaltouchofabbeville.com,natalie1959@gmail.com,practice type not targeted: Massage therapist
ahealthcarecollective.com,drskauz@gmail.com,practice type not targeted: Psychotherapist
michaeltarlowemd.com,michaeltarlowemd@gmail.com,practice type not targeted: Proctologist
maxicarephysicaltherapy.com,angel@maxicaretherapy.com,practice type not targeted: Physical therapy clinic
redefinemedicalaesthetics.com,redefinemedicalaesthetics@outlook.com,not US (list address)
hoodriverskinbar.com,hoodriverskinbar@gmail.com,practice type not targeted: Facial spa
villagespasalado.com,tammy@villagespasalado.com,practice type not targeted: Day spa
bumpfitandrehab.com,bumpfitandrehab@gmail.com,practice type not targeted: Physical therapist
janarausadds.com,jana@janarausadds.com,practice type not targeted: Dentist
drhorlick.com,drshaesthetics@gmail.com,not US (list address)
hiverecovery.com,altaulrichlmt@gmail.com,practice type not targeted: Massage therapist
vibinskinspa.com,sara@vibinskinspa.com,practice type not targeted: Spa
inspirehealth.org,joyce.fields-keene@inspirehealth.org,practice type not targeted: Surgeon
wholelisticesthetics.com,chelseamcbee@gmail.com,practice type not targeted: Facial spa
nw-dentist.com,reza@nw-dentist.com,practice type not targeted: Dentist
riveroakdental.com,marc@riveroakdental.com,practice type not targeted: Dentist
lexingtonparkdentist.com,tonguetiemaryland@gmail.com,practice type not targeted: Dentist
avadayspa.com,dania@avadayspa.com,practice type not targeted: Day spa
avadayspa.com,avadayspamanager@gmail.com,practice type not targeted: Day spa
chenerology.com,chenerology@gmail.com,practice type not targeted: Electrolysis hair removal service
studioglow.com,mdakroub@studioglow.com,practice type not targeted: Facial spa
pureaestheticsmt.com,cindykj987@gmail.com,practice type not targeted: Day spa
kallistaaesthetics.co.uk,karen@kallistaaesthetics.co.uk,not US (list address)
aggiesingh.com,info@aggiesingh.com,not US (list address)
thefaceofaesthetics.co.uk,thefaceofaesthetics@gmail.com,not US (list address)
solessence.net,solessence.michelle@gmail.com,practice type not targeted: Facial spa
sophiedolannutrition.com,sophiedolanrd@gmail.com,practice type not targeted: Dietitian
universuspt.com,shaden@universuspt.com,practice type not targeted: Physical therapy clinic
kellybliss.com,kelly@kellybliss.com,practice type not targeted: Psychotherapist
willowpelvicpt.com,sdheath303@gmail.com,practice type not targeted: Physical therapy clinic
210nourish.com,info@210nourish.com,practice type not targeted: Acupuncture clinic
phigmentbeautylounge.com,crystal@phigmentbeautylounge.com,practice type not targeted: Teeth whitening service
cliquelouisville.com,janna@cliquelouisville.com,practice type not targeted: Spa
jhlidunnclinic.com,idunn@jhlidunnclinic.com,business already emailed or queued
sol-sur.com,alex@sol-sur.com,practice type not targeted: Facial spa
skinalways.com,anne@skinalways.com,practice type not targeted: Spa
thepowellstudio.com,jenn@thepowellstudio.com,business already emailed or queued
restorationspanola.com,ashley@restorationspanola.com,practice type not targeted: Spa
drashleykerr.com,dr.ashleykerr@gmail.com,practice type not targeted: Dentist
rabbetandhide.com,rabbetandhide@gmail.com,practice type not targeted: Spa
elizmoreno.com,info@elizmoreno.com,not US (list address)
olaspahilo.com,atsuko@olaspahilo.com,practice type not targeted: Massage spa
lwdesthetics.com,lwdesthetics@gmail.com,practice type not targeted: Facial spa
ttphealth.com,donamarie@ttphealth.com,practice type not targeted: Psychotherapist
oyemori.com,sarange1315@gmail.com,practice type not targeted: Waxing hair removal service
wildsageacu.com,megan@wildsageacu.com,practice type not targeted: Acupuncturist
skinbygia.com,gia@skinbygia.com,practice type not targeted: Day spa
tcombinations.com,therapeuticcombinations@gmail.com,practice type not targeted: Massage therapist
asesthetician.com,mariana@asesthetician.com,practice type not targeted: Facial spa
silkspamassagetherapy.com,silkspa25@gmail.com,practice type not targeted: Massage therapist
myomskin.com,elena@myomskin.com,practice type not targeted: Facial spa
salontarget.com,david@salontarget.com,practice type not targeted: Beauty salon
salontarget.com,halldor@salontarget.com,practice type not targeted: Beauty salon
modernslc.com,niki@modernslc.com,business already emailed or queued
getsknfit.com,marissa@getsknfit.com,practice type not targeted: Facial spa
samilakeraesthetics.co.uk,samilaker@hotmail.co.uk,not US (list address)
kayleighjonesaesthetics.com,kj_laser_aesthetics@outlook.com,not US (list address)
getheally.com,greg@getheally.com,business already emailed or queued
studiomspa.com,studiomskincare@gmail.com,practice type not targeted: Day spa
littlesiacupuncture.com,dr.debbieyu@littlesiacupuncture.com,practice type not targeted: Acupuncturist
millermedicalmassage.com,melissa@millermedicalmassage.com,practice type not targeted: Massage therapist
zgraneymassage.com,zdgraney@icloud.com,practice type not targeted: Massage therapist
beautymanors.com,me@beautymanors.com,practice type not targeted: Spa
limitlesschanxes.com,omar@limitlesschanxes.com,practice type not targeted: Fitness center
talulabeauty.com,madisen@talulabeauty.com,practice type not targeted: Permanent make-up clinic
euphoriabrenham.com,skincarebyshari@gmail.com,practice type not targeted: Spa
transformedhealthcoach.com,adam@transformedhealthcoach.com,practice type not targeted: Massage therapist
drdupon.com,drduponcosmetics@gmail.com,practice type not targeted: Day spa
newhealthvisions.com,kristin@newhealthvisions.com,practice type not targeted: Hypnotherapy service
thepeelstudio.com,thepeelstudio@gmail.com,practice type not targeted: Spa
thefleurishaesthetics.com,kylee@thefleurishaesthetics.com,practice type not targeted: Facial spa
oakvillemed.ca,bethany@oakvillemed.ca,not US (list address)
charlesclinedds.com,dr.charlescline@gmail.com,practice type not targeted: Dentist
palatinedentist.com,drunti88@gmail.com,practice type not targeted: Dentist
parissurgical.com,rcompton@parissurgical.com,practice type not targeted: Surgeon
parissurgical.com,rboyd@parissurgical.com,practice type not targeted: Surgeon
premiersurgeryerie.com,director@premiersurgeryerie.com,practice type not targeted: Surgical center
larchmontsmiles.com,larchmontsmiles@gmail.com,practice type not targeted: Dentist
inkedbykatjones.com,inkedbykatjones@gmail.com,practice type not targeted: Permanent make-up clinic
ninaedgerton.com,ninalmt33@gmail.com,practice type not targeted: Massage therapist
parkavenueaestheticsnl.com,parkavenueaesthetics@outlook.com,not US (list address)
nebraskaslimclinic.com,brad@ewerthcpa.com,practice type not targeted: Health and beauty shop
lavishskinbynelly.com,lavishskinbynelly@gmail.com,practice type not targeted: Facial spa
drjoeydeg.com,drjoey@drjoeydeg.com,practice type not targeted: Dentist
summerlandskincare.com,regina@summerlandskincare.com,practice type not targeted: Facial spa
peachyfitness.com,zaini@peachyfitness.com,practice type not targeted: Yoga studio
totalhealthinstitute.com,drnemec@totalhealthinstitute.com,practice type not targeted: Research institute
cotswoldhairclinic.com,rachel@cotswoldhairclinic.com,not US (list address)
afterbotaniglo.com,gloriagm@hotmail.com,practice type not targeted: Spa
cleanskinmedspa.com,diane@cleanskinmedspa.com,practice type not targeted: Spa
shoreorthopaedic.com,tireland@shoreorthodocs.com,practice type not targeted: Podiatrist
theharmonyclinic.co.uk,jo@theharmonyclinic.co.uk,not US (list address)
bout2bebetter.com,jennifer@bout2bebetter.com,practice type not targeted: Physical therapist
richskin.com,tara.richard@richskin.com,business already emailed or queued
richskin.com,dan.richard@richskin.com,already emailed or queued
foreveryoung-solutions.com,kate@foreveryoungsolutionsllc.com,business already emailed or queued
skinwithalyssa.com,skinwithalyssak@gmail.com,practice type not targeted: Spa
superbaesthetics.com,jodene57@gmail.com,practice type not targeted: Facial spa
whitneysaesthetics.com,whitney@whitneysaesthetics.com,not US (list address)
healtheazytrim.com,maguilar@healtheazytrim.com,business already emailed or queued
teamiowaphysicaltherapy.com,joe@teamiowapt.com,practice type not targeted: Physical therapy clinic
sevenwonders.beauty,hisbeautycollective@gmail.com,practice type not targeted: Spa
rinabeautyspa.com,rina.pandit1993@gmail.com,practice type not targeted: Beauty salon
medicalmassagepensacola.com,andi@medicalmassagepensacola.com,practice type not targeted: Massage therapist
dentiststevenspoint.com,mgt54481@gmail.com,practice type not targeted: Dentist
restorebyabbey.com,abbeypfeiff@gmail.com,practice type not targeted: Massage therapist
poutyandplush.com,jamie@poutyandplush.com,practice type not targeted: Day spa
olegdds.com,oliferukdds@gmail.com,practice type not targeted: Dentist
somamd.ca,drmichel@somamd.ca,not US (list address)
perfectbalancedskin.com,traci@perfectbalancedskin.com,practice type not targeted: Facial spa
surfsidedentalca.com,surfsidedental105@gmail.com,practice type not targeted: Dentist
yaspala.com,olga@yaspala.com,practice type not targeted: Facial spa
letsget1up.com,brian@letsget1up.com,practice type not targeted: Fitness center
auraskinsd.com,ivymaliasw@gmail.com,practice type not targeted: Facial spa
amberbeauty.net,ambreenq2013@gmail.com,practice type not targeted: Beauty salon
doseofaesthetics.com,lilya@doseofaesthetics.com,business already emailed or queued
lunalabspawellness.com,andrea@lunalabspawellness.com,practice type not targeted: Facial spa
coastdental.com,ddiasti@coastdental.com,practice type not targeted: Dentist
pprfitness.com,russ@pprfitness.com,practice type not targeted: Physical therapy clinic
atleedental.com,atleedental@gmail.com,practice type not targeted: Dentist
ritualbyth.com,tracy@ritualbyth.com,already emailed or queued
therapeutictouchmn.com,mandy@therapeutictouchmn.com,practice type not targeted: Spa
shotbar.net,lindsey@shotbar.net,business already emailed or queued
bodyworx-pt.com,jodi@bodyworx-pt.com,practice type not targeted: Physical therapy clinic
stayageless.com,tina@stayageless.com,business already emailed or queued
drandyhiggins.com,aphigginsmd@gmail.com,practice type not targeted: Surgeon
conciergenursingseattle.com,cassie@conciergenursingseattle.com,business already emailed or queued
resurfacestudio.co,resurfacestudiollc@gmail.com,practice type not targeted: Facial spa
cummingsdentistryfortmitchell.com,michaelcummings2465@gmail.com,practice type not targeted: Dentist
toxxology.com,kaley@toxxology.com,business already emailed or queued
solarasolbeauty.com,solarasolbeauty@gmail.com,practice type not targeted: Waxing hair removal service
juventasstudio.com,nadia@juventasstudio.com,practice type not targeted: Massage spa
agelessenhancements.com,agelessenhancements@gmail.com,business already emailed or queued
smyledentaldesign.com,hello@drzhudentist.com,practice type not targeted: Dentist
monikagostic.com,drmonikagostic@gmail.com,not US (list address)
dyosa.co.uk,cj@dyosa.co.uk,not US (list address)
evolvewellnessroc.com,evolvewellroc@gmail.com,practice type not targeted: Dietitian
bloombyj.com,bloombyjaesthetics@gmail.com,not US (list address)
bluesaestheticsbycarly.com,carly@bluesaestheticsbycarly.com,not US (list address)
luciamedicalaesthetics.co.uk,lucia@luciamedicalaesthetics.co.uk,not US (list address)
lakelaser.ca,gordanahaker@gmail.com,not US (list address)
allthingsskinorganic.net,natasha@allthingsskinorganic.net,practice type not targeted: Day spa
aestheticsbysahamira.com,sahamiratoro@gmail.com,practice type not targeted: Day spa
circadiaretailer.com,michael@circadia.com,practice type not targeted: Beauty salon
spazeria.com,spazeria@gmail.com,practice type not targeted: Spa
thecalmingcenter.com,beth@thecalmingcenter.com,practice type not targeted: Hypnotherapy service
medicinevolution.com,chris@medicinevolution.com,practice type not targeted: Massage therapist
texaspermanentmakeup.com,makeuptattoo@gmail.com,practice type not targeted: Permanent make-up clinic
esthetic-lines.com,esthetic-lines@hotmail.com,practice type not targeted: Permanent make-up clinic
chaineffect.com,taylor@chaineffect.com,practice type not targeted: Physical therapy clinic
starsleepwellness.com,ksmith@stswell.com,practice type not targeted: Sleep clinic
starsleepwellness.com,bwoltman@stswell.com,practice type not targeted: Sleep clinic
loredanasbeauty.com,ageless@loredanasbeauty.com,practice type not targeted: Spa
thinworks.com,nick@thinworks.com,business already emailed or queued
nutritioninmotion.com,sonia@nutritioninmotion.com,practice type not targeted: Dietitian
weightlossnowky.com,henrybohler@gmail.com,already emailed or queued
thethronebycrr.com,claudia@thethronebycrr.com,practice type not targeted: Spa
discoverydentistry.com,dave@discoverydentistry.com,practice type not targeted: Dentist
lazerdoc.com,katowaage@hotmail.com,practice type not targeted: (blank)
chantillyspa.com,nina@chantillyspa.com,practice type not targeted: Massage spa
chantillyspa.com,tamra@chantillyspa.com,practice type not targeted: Massage spa
dentistry4u.com,drji@dentistry4u.com,practice type not targeted: Dentist
annapugsleynutrition.com,anna@annapugsleynutrition.com,practice type not targeted: Dietitian
lasalleaesthetics.com,maddie_np@lasalleaesthetics.com,not US (list address)
touchandglowskincare.com,leo@touchandglowskincare.com,business already emailed or queued
allthingsskinspa.com,all.things.skin.llc@gmail.com,practice type not targeted: Spa
brookesmindtherapy.com,brooke@brookesmindtherapy.com,practice type not targeted: Hypnotherapy service
glass-skin.ca,roberta@glass-skin.ca,not US (list address)
skindeepwellness.com,info@skindeepwellness.com,practice type not targeted: Spa
define-aesthetics.online,gemma.vickers@hotmail.com,not US (list address)
highlandvillagedental.com,drstansbury@highlandvillagedental.com,practice type not targeted: Dentist
drfoxdental.net,drfoxdental@gmail.com,practice type not targeted: Dentist
spaluxtherapy.com,certifiedpmt2019@gmail.com,practice type not targeted: Massage therapist
kpaesthetics.co.uk,khatra@kpaesthetics.co.uk,not US (list address)
ezefitnj.com,jemand@ezefitnessgroup.com,practice type not targeted: Fitness center
willowesthetics.net,willowskincaretherapy@gmail.com,practice type not targeted: Spa
greatskin.ca,louise@greatskin.ca,not US (list address)
cojilio.com,nick@cojilio.com,practice type not targeted: Massage spa
nakedhealth.co.uk,louise@nakedhealth.co.uk,not US (list address)
okonfit.com,daniel@okonfit.com,practice type not targeted: Women's personal trainer
keystonedentalscrantonpa.com,keystonedentalscranton@gmail.com,practice type not targeted: Dentist
ripplewellnessnw.com,jeff@ripplewellnessnw.com,practice type not targeted: Massage therapist
hsvplasticsurgery.com,rachelw.wps@gmail.com,practice type not targeted: Surgical center
agapeflowstudio.com,tina@agapeflowstudio.com,practice type not targeted: Yoga studio
apositivetakeonlife.com,hazel@apositivetakeonlife.com,practice type not targeted: Hypnotherapy service
becauseyoumatterhealingbyrebecca.com,rarchuletta05@gmail.com,practice type not targeted: Hypnotherapy service
dawnsmedspa.com,dawn@dawnsmedspa.com,practice type not targeted: Laser hair removal service
blueheronhypnosis.me,cynthia.crossman22@gmail.com,practice type not targeted: Hypnotherapy service
beaumontana.com,rachel@beaumontana.com,business already emailed or queued
drmaude.com,dr.maude123@gmail.com,practice type not targeted: Dentist
glamourink.com,beautebylily@gmail.com,practice type not targeted: Permanent make-up clinic
glamourink.com,glamourinkacademy@gmail.com,practice type not targeted: Permanent make-up clinic
alchemyslc.com,elise@alchemyslc.com,business already emailed or queued
safetymedic.net,sheflin@safetymedic.net,practice type not targeted: Training center
safetymedic.net,jbrock@safetymedic.net,practice type not targeted: Training center
pmuhuff.com,anastasia@huffce.com,practice type not targeted: Permanent make-up clinic
nordaskin.ca,sarah@nordaskin.ca,not US (list address)
scrub-me.com,scrubandsudsme@gmail.com,practice type not targeted: Facial spa
procelltherapies.com,daniel.schwartz@procelltherapies.com,practice type not targeted: Facial spa
procelltherapies.com,janelle.betty@procelltherapies.com,practice type not targeted: Facial spa
integratedmedicalmassagetherapy.com,michelle.kamps24@gmail.com,practice type not targeted: Massage therapist
optimumdpt.com,office@optimumdpt.com,practice type not targeted: Physical therapist
personal-best.ca,sheldon@personalbest.ca,not US (list address)
personal-best.ca,barrie@personalbest.ca,not US (list address)
rmedspa.com,laura@rmedspa.com,business already emailed or queued
vedaskinandlaser.com,lindseyrn@vedaskinandlaser.com,already emailed or queued
palmercosmeticsurgery.com,ramona@palmercosmeticsurgery.com,practice type not targeted: Surgeon
simplywellness.clinic,corinne@simplywellness.clinic,not US (list address)
medispa.quinnclinics.co.uk,john@quinnclinics.co.uk,not US (list address)
yourskinemc.com,yourskinemc@gmail.com,not US (list address)
corinne-aesthetics.com,nicole@corinne-aesthetics.com,practice type not targeted: Facial spa
nofilterclub.co,jennifer@nofilterclub.co,practice type not targeted: Day spa
mynobleesthetics.com,madeline@mynobleesthetics.com,practice type not targeted: Spa
jillmakesmebeautiful.com,jillbasile@gmail.com,practice type not targeted: Laser hair removal service
lilajuneskincare.com,jennie@lilajuneskincare.com,practice type not targeted: Beauty salon
experi.com,rrector@experi.com,practice type not targeted: Tour operator
sculptbodybar.com,ejhaveri186@gmail.com,practice type not targeted: Day spa
myroanedental.com,roanedentalassociates@gmail.com,practice type not targeted: Dentist
livinglovedllc.com,sidney@livinglovedllc.com,practice type not targeted: Day spa
kentuckylaserhairremoval.com,krystal@kentuckylaserhairremoval.com,practice type not targeted: Laser hair removal service
omahalaserdentistry.com,drtony@omahalaserdentistry.com,practice type not targeted: Dentist
eroedge.com,alyssa@eroedge.com,practice type not targeted: Beauty salon
sich.co.uk,paulh@sich.co.uk,not US (list address)
allthingsmaternalphysicaltherapy.com,marissa@allthingsmaternalphysicaltherapy.com,practice type not targeted: Physical therapy clinic
prcosmeticdentistry.com,paulroedds@gmail.com,practice type not targeted: Dentist
gloskinspa.com,ashley@gloskinspa.com,practice type not targeted: Facial spa
ivharmonyclinic.com,ivharmonyclinic@gmail.com,business already emailed or queued
shelbyhamden.com,sharkpopsicles@gmail.com,practice type not targeted: Facial spa
c3aesthetics.com,holly@c3aesthetics.com,business already emailed or queued
markstreitzdental.net,drmark@markstreitzdental.com,practice type not targeted: Dentist
timelessaesthetics.us,katherine@timelessaesthetics.us,business already emailed or queued
peakmedicalpc.com,rory@peakmedicalpc.com,business already emailed or queued
insideout-aesthetics.com,tracy@insideout-aesthetics.com,already emailed or queued
reesha.ca,reesha@reesha.ca,not US (list address)
bodybarbyiri.com,imarginean86@gmail.com,practice type not targeted: Spa
myetherealdayspa.com,hilda@myetherealdayspa.com,practice type not targeted: Facial spa
body-biology.com,drkatherinehleigh@gmail.com,practice type not targeted: Health and beauty shop
stephaniedds.com,stephanie.settimi@gmail.com,practice type not targeted: Dentist
facialperfection.net,guin@facialperfection.net,not US (list address)
annalisecairnsaesthetics.co.uk,annalise.cairns@icloud.com,not US (list address)
hutchinsonlaser.com,hutchinsonlaser@gmail.com,practice type not targeted: Spa
carpediemskinspa.com,carpediemskinspa@outlook.com,practice type not targeted: Facial spa
nickdaurialmt.com,nickdaurialmt@gmail.com,practice type not targeted: Massage therapist
dancesportdietitian.com,rhotz@dancesportdietitian.com,practice type not targeted: Dietitian
thelaserloftandspa.com,michelle@thelaserloftandspa.com,practice type not targeted: Beauty salon
evolutionwellness.org,evolutionspaservices@gmail.com,practice type not targeted: Day spa
outofthegreywellness.com,greg@outofthegreywellness.com,practice type not targeted: Massage therapist
nuudskin.co,karlie@nuudskin.co,business already emailed or queued
aprettyfacellc.net,aprettyfacellc@gmail.com,practice type not targeted: Facial spa
insightforwellness.com,vhouse@housebilling.com,practice type not targeted: Psychotherapist
insightforwellness.com,dr.kat@protonmail.com,practice type not targeted: Psychotherapist
thefortlauderdalemedspa.com,caroline@thefortlauderdalemedspa.com,already emailed or queued
thyrveclinic.com,june@thyrveclinic.com,business already emailed or queued
theintuitivebeauty.com,rhonda@theintuitivebeauty.com,practice type not targeted: Beauty salon
northernplainssurgery.com,souse@702com.net,practice type not targeted: Surgical center
helenaaestheticsclinic.co.uk,mrs.postgate@gmail.com,not US (list address)
evolvefitnessclearwater.com,kale@evolvefitnessclearwater.com,practice type not targeted: Fitness center
skin-deep-esthetics.com,onicaakuhlmann@gmail.com,practice type not targeted: Permanent make-up clinic
poshink.co,ashley@poshink.co,practice type not targeted: Beauty salon
24luxebeautybar.com,24luxebysarah@gmail.com,practice type not targeted: Beauty salon
athenaspa-mv.com,mary@athenaspa-mv.com,practice type not targeted: Day spa
dermaclinicbristol.co.uk,kamila@dermaclinicbristol.co.uk,not US (list address)
nursesamira.com,cosmeticnursesami@gmail.com,not US (list address)
hvdtmdfa.com,hvtmdfa@gmail.com,practice type not targeted: Dentist
a2zaestheticsstudio.com,a2zaesthetics.ap@gmail.com,practice type not targeted: Spa
lushupcosmetics.com,info@lushupcosmetics.com,not US (list address)
kaylacivellotraining.com,katalystfitnessbykc@gmail.com,practice type not targeted: Fitness center
fightweightgain.com,cheryln@fightweightgain.com,business already emailed or queued
besthealthsystem.com,bhorne@besthealthsystem.com,practice type not targeted: Surgical center
jaredfrenchdmd.com,dentistrybyjared@icloud.com,practice type not targeted: Dentist
southbayaestheticdentistry.com,shaheridds@gmail.com,practice type not targeted: Dentist
revyve.com,joyce@revyve.com,practice type not targeted: Massage spa
revyve.com,ammon@revyve.com,practice type not targeted: Massage spa
tlbnutritiontherapy.com,tina@tlbnutritiontherapy.com,practice type not targeted: Dietitian
marylandsedationdentist.com,mdsedationdentist@gmail.com,practice type not targeted: Dental implants periodontist
blueskiesmassage.com,emily@blueskiesmassage.com,practice type not targeted: Massage therapist
amandakelsea.com,amandakelseaspa@gmail.com,practice type not targeted: Spa
thebodyloft.net,thebodyloftllc@gmail.com,practice type not targeted: Health and beauty shop
thewellnessmobileservices.com,aimee.aquitania@gmail.com,practice type not targeted: Health and beauty shop
mtkiscodental.com,contactus@mtkiscodental.com,practice type not targeted: Dentist
wiltonmanorsmenspa.com,thoml33305@gmail.com,practice type not targeted: Facial spa
lcaesthetics.net,aestheticsbylizc@gmail.com,practice type not targeted: Spa
airahealth.ca,levente@aira.healthcare,not US (list address)
innovativehealthandwellness.net,david@innovativehealthandwellness.net,already emailed or queued
sweetlifeskincare.com,priya@sweetlifeskincare.com,practice type not targeted: Facial spa
ffskincenter.com,morgan@ffskincenter.com,business already emailed or queued
themintkauai.com,themintkauai@gmail.com,practice type not targeted: Spa
thebloomroombend.com,alohabloomshere@gmail.com,practice type not targeted: Facial spa
clinicconcierge.com,kara@clinicconcierge.com,business already emailed or queued
clinicconcierge.com,shayla@clinicconcierge.com,business already emailed or queued
strengthbysami.com,samantharunshaw@strengthbysami.com,practice type not targeted: Dietitian
skngym.com,alexis@skngym.com,practice type not targeted: Facial spa
bubblingstone.com,bubblingstonespa@gmail.com,practice type not targeted: Facial spa
moniquethefacialist.com,monique.tinahui@gmail.com,practice type not targeted: Facial spa
holisticbeautycenter.com,diane@holisticbeautycenter.com,practice type not targeted: Facial spa
rainfordwellness.co.uk,leahwebster@rainfordwellness.co.uk,not US (list address)
totallytransformed.co.uk,denise@totallytransformed.co.uk,not US (list address)
pulselightclinic.co.uk,accounts@pulselightclinic.co.uk,not US (list address)
ashbyssouthsea.co.uk,mubi@ashbyssouthsea.co.uk,not US (list address)
ashbyssouthsea.co.uk,steve@ashbyssouthsea.co.uk,not US (list address)
mindfulaesthetics.co,haroon@mindfulaestheticsgroup.co,not US (list address)
rachelhawkswellaesthetics.co.uk,info@rachelhawkswellaesthetics.co.uk,not US (list address)
rachelhawkswellaesthetics.co.uk,rachelhawkswellaesthetics@gmail.com,not US (list address)
neeleydental.com,neeley.dental@gmail.com,practice type not targeted: Dentist
aginggraceful.net,glavalley@aginggraceful.net,practice type not targeted: Health and beauty shop
ingassecrets.co.uk,dr.inga@ingassecrets.com,not US (list address)
appointfix.com,alin.merches@mobiversal.com,not US (list address)
123relax.co.uk,bridgette@123relax.co.uk,not US (list address)
xoclinics.co.uk,stefan@xoclinics.co.uk,not US (list address)
browsbykiarah.com,kdeshane@browsbykiarah.com,practice type not targeted: Permanent make-up clinic
premierphysique.net,briana@premierphysique.net,business already emailed or queued
ofrightmind.com,andrew@ofrightmind.com,not US (list address)
laurabmendoza.com,laura.mendoza.twds@gmail.com,practice type not targeted: Day spa
minorsurgeryclinic.co.uk,braham@minorsurgeryclinic.co.uk,not US (list address)
tranquilityaestheticssc.com,shelley@tranquilityaestheticssc.com,practice type not targeted: Day spa
astrewellness.com,tonya@astrewellness.com,business already emailed or queued
impactrecoverycenter.net,adams@impactrecoverycenter.net,practice type not targeted: Addiction treatment center
skincarebychanel.com,skinbychanelo@gmail.com,practice type not targeted: Facial spa
trinityvillageacupuncture.com,jade@trinityvillageacupuncture.com,practice type not targeted: Acupuncture clinic
refreshskinspa.com,refreshskinspa@gmail.com,practice type not targeted: Facial spa
luxeroomcosmetic.com,brad@luxeroomcosmetic.com,business already emailed or queued
theglamourcollectivewv.com,theglamourcollective2023@gmail.com,practice type not targeted: Facial spa
cutesybodyusainc.com,iryna@cutesybodyusainc.com,practice type not targeted: Massage spa
bodyinlovinghands.com,bodyinlovinghands@gmail.com,practice type not targeted: Cosmetics industry
strongwellnessandfitness.com,cm@mummaw.com,practice type not targeted: Fitness center
schemmerdental.com,wesley.schemmer@gmail.com,practice type not targeted: Dentist
brittanyjonesrd.com,brittany@brittanyjonesrd.com,practice type not targeted: Dietitian
webador.com,wouter@jouwweb.nl,practice type not targeted: Facial spa
webador.com,roel@webador.com,practice type not targeted: Facial spa
skinvt.org,skinaestheticsvt@gmail.com,practice type not targeted: Beauty salon
drsianaesthetics.co.uk,info@drsianaesthetics.co.uk,not US (list address)
evolvealbany.com,erin@evolvealbany.com,practice type not targeted: Spa
pteverywhere.com,andrew@pteverywhere.com,practice type not targeted: Physical therapy clinic
pteverywhere.com,tobias@pteverywhere.com,practice type not targeted: Physical therapy clinic
myacuhealing.com,bnhacu@gmail.com,practice type not targeted: Acupuncture clinic
oceanbreezedentalspa.com,drmhaeri@hotmail.com,practice type not targeted: Dentist
clearestheticssb.com,satara.esthetics@gmail.com,practice type not targeted: Facial spa
sisufitness.com,billybrooks@crossfitsisu.com,practice type not targeted: Sauna
sisufitness.com,raj@crossfitsisu.com,practice type not targeted: Sauna
sisufitness.com,christina@crossfitsisu.com,practice type not targeted: Sauna
sisufitness.com,pat@crossfitsisu.com,practice type not targeted: Sauna
sisufitness.com,anna@crossfitsisu.com,practice type not targeted: Sauna
auburndpc.com,dr.adams@auburndpc.com,business already emailed or queued
auburndpc.com,marcy@auburndpc.com,business already emailed or queued
arcanumaesthetics.com,mishele@arcanumaesthetics.com,business already emailed or queued
dreamskinaestheticscompany.com,thedreamskincompany@gmail.com,not US (list address)
revolution-hw.com,s.valverde.arnp@gmail.com,practice type not targeted: Health and beauty shop
mjesthetics.com,jessmills@gmail.com,practice type not targeted: Facial spa
thesunroomcullman.com,myestieemi@gmail.com,practice type not targeted: Spa
stevenjbaldwindds.com,sjbaldwindds@gmail.com,practice type not targeted: Dentist
johnstondentalcare.net,jamie@johnstondentalcare.net,practice type not targeted: Dentist
vv-dental.com,jnporcello@gmail.com,practice type not targeted: Dentist
vv-dental.com,drnickporcello@gmail.com,practice type not targeted: Dentist
vampstudiochatt.com,janna@vampstudiochatt.com,practice type not targeted: Permanent make-up clinic
baloriluxskin.com,nikij0530@gmail.com,practice type not targeted: Day spa
nourishedskinandbodystudio.com,sabrinasnourished@gmail.com,practice type not targeted: Facial spa
kayluz.com,keila@kayluz.com,practice type not targeted: Facial spa
meaestheticsca.com,melissa@meaestheticsca.com,already emailed or queued
serenityrxspa.com,mary@serenityrxspa.com,practice type not targeted: Facial spa
htdental31.com,nritzcovan@gmail.com,practice type not targeted: Dentist
helenhuntaesthetics.co.uk,helen@helenhuntaesthetics.co.uk,not US (list address)
lowerydental.com,vblowerydental@windstream.net,practice type not targeted: Dentist
skinat31.co.uk,skinat31@outlook.com,not US (list address)
ehrhardtcenter.com,ernestehrhardt@gmail.com,practice type not targeted: Vitamin & supplements store
ehrhardtcenter.com,ernest@ehrhardtcenter.com,practice type not targeted: Vitamin & supplements store
healthwisehypnosis.com,laura@healthwisehypnosis.com,practice type not targeted: Hypnotherapy service
savdental.com,dr.russellclemmons@gmail.com,practice type not targeted: Dentist
functionalwellnessnh.com,graymc5670@gmail.com,practice type not targeted: Massage therapist
skinowl.com,annie@skinowl.com,practice type not targeted: Cosmetics store
skinowl.com,lauren@skinowl.com,practice type not targeted: Cosmetics store
jennascottesthetics.com,jennascottesthetics@gmail.com,practice type not targeted: Day spa
avala.com,bhankins@avala.com,practice type not targeted: Surgical center
avala.com,brussell@avala.com,practice type not targeted: Surgical center
trinityimplant.com,dr.madrigal@trinityimplant.com,practice type not targeted: Dentist
wrapmelex.com,sonja@wrapmelex.com,practice type not targeted: Day spa
agelesspensacola.com,sylvia@agelesspensacola.com,already emailed or queued
drtyrrellburrus.com,drtyrrellburrus@outlook.com,practice type not targeted: Surgical center
macombdds.com,dhondt2@comcast.net,practice type not targeted: Dentist
skincareloveland.com,glowingskinonline@gmail.com,practice type not targeted: Facial spa
skincarebyanamerino.com,skincarebyanamerino@gmail.com,practice type not targeted: Facial spa
villageskinstudio.com,villageskinstudio@gmail.com,practice type not targeted: Facial spa
mishaspavitale.com,mishabella7@gmail.com,practice type not targeted: Spa
aesthetic-suites.com,aestheticsuites@gmail.com,practice type not targeted: Spa
medicinebymovementwellness.com,medicine.by.movement@outlook.com,practice type not targeted: Physical therapist
forefrontpllc.com,daniel.h.benson@forefrontpllc.com,practice type not targeted: Physical therapy clinic
medicalmassagetitusville.com,nancy@medicalmassagetitusville.com,practice type not targeted: Massage therapist
revfit.biz,joshua_kimball@hotmail.com,practice type not targeted: Fitness center
ewmotiontherapy.com,ethan@ewmotiontherapy.com,practice type not targeted: Physical therapist
djskinstudio.com,danitralouise@gmail.com,practice type not targeted: Facial spa
theglowlabaz.com,allison@theglowlabaz.com,business already emailed or queued
arukahwooster.com,tanya@arukahwooster.com,business already emailed or queued
alluralife.ca,maria@alluralife.ca,not US (list address)
onemountainwellness.com,kelly@onemountainwellness.com,already emailed or queued
amuraesthetics.com,estheticianbgill@gmail.com,practice type not targeted: Facial spa
offtheblockpt.com,drtoni@offtheblockpt.com,practice type not targeted: Physical therapy clinic
monamiskincare.com,monamiskincare@gmail.com,practice type not targeted: Facial spa
therusticjewel.com,teresa@therusticjewel.com,practice type not targeted: Spa
thegreenroomptny.com,ashleyb@thegrpt.com,practice type not targeted: Physical therapy clinic
somaticnaturesf.com,priscilla@somaticnaturesf.com,practice type not targeted: Physical therapy clinic
thrive-md.com,cynthia@thrive-md.com,business already emailed or queued
astongallowayartistry.com,amgall.hair@gmail.com,practice type not targeted: Beauty salon
flawlessfacesaz.com,ali@flawlessfacesaz.com,business already emailed or queued
thedermasuite.ca,thedermasuite@gmail.com,not US (list address)
rae-aesthetic.com,brittany@raeaesthetic.com,business already emailed or queued
mdermaesthetics.com,drclaire@mdermaesthetics.com,business already emailed or queued
aimeefrenchbeauty.com,aimeefrenchwaxing@gmail.com,practice type not targeted: Permanent make-up clinic
tinarachelle.com,tina@tinarachelle.com,practice type not targeted: Facial spa
skintentionalbeauty.com,daisy@skintentionalbeauty.com,practice type not targeted: Spa
onyxspapuyallup.com,mayce@onyxspapuyallup.com,practice type not targeted: Spa
aromatiqueskincare.com,unwind@aromatiqueskincare.com,practice type not targeted: Facial spa
skinmedicine.co.uk,skinmedicine@outlook.com,not US (list address)
5elementsnaturalcare.com,supriyamadan2@gmail.com,practice type not targeted: Facial spa
bungaloworganicspa.com,lindsay.manopello@gmail.com,practice type not targeted: Spa
smilesofnorthlake.com,smilesofnorthlake@gmail.com,practice type not targeted: Dentist
skincaremaui.com,juvycabanilla@gmail.com,practice type not targeted: Facial spa
epicmedspa.net,nholtzman@epicmedspa.net,business already emailed or queued
luzdemarspa.com,luzdemar.spa@gmail.com,practice type not targeted: Spa
glo-medaesthetics.com,hope@glo-medaesthetics.com,business already emailed or queued
ajnaaesthetics.com,ajnabrows@gmail.com,practice type not targeted: Permanent make-up clinic
aroseaesthetics.com,jennifer@aroseaesthetics.com,practice type not targeted: Cosmetics industry
monarchskinandlaser.com,ktheron@me.com,not US (list address)
1touchrelaxed.com,jim@1touchrelaxed.com,practice type not targeted: Massage therapist
dundeehypnotherapy.co.uk,stewartmcdonald@dundeehypnotherapy.co.uk,not US (list address)
lapuenteorthodontist.com,drpharar1@gmail.com,practice type not targeted: Dentist
galantemd.com,gegalante@galantemd.com,practice type not targeted: (blank)
phwkearney.com,dynae@phwkearney.com,business already emailed or queued
skindeepofatlanta.com,michelle.skindeep@gmail.com,practice type not targeted: Spa
dentalimplantsgps.com,ebaker@dentalimplantsgps.com,practice type not targeted: Dental implants periodontist
revivemdco.com,suzie@revivemdco.com,business already emailed or queued
marigoldskincare.net,marisa@marigoldskincare.net,practice type not targeted: Facial spa
optimal-movement.com,philip@optimal-movement.com,practice type not targeted: Acupuncture clinic
optimal-movement.com,drjoshk@optimal-movement.com,practice type not targeted: Acupuncture clinic
joshpenning.com,joshuapenning.business@gmail.com,practice type not targeted: Beauty salon
alluremedicalspa.com,cmok@alluremedicalspa.com,practice type not targeted: Spa
fantarelladentalgroup.com,jackie@fantarelladentalgroup.com,practice type not targeted: Dentist
skincliniccheshire.com,helloskinclinic@outlook.com,not US (list address)
enderma.co.uk,gosia@enderma.co.uk,not US (list address)
haileysbeauty.org,haileysbeauty412@gmail.com,practice type not targeted: Facial spa
clawsonlegacydental.com,info@clawsonlegacydental.com,practice type not targeted: Dentist
pittsfordlaseraesthetics.com,monica@laserskinofroc.com,practice type not targeted: Laser hair removal service
wakeskincarellc.com,jacquelinegrace1021@gmail.com,practice type not targeted: Facial spa
kennedydoc.com,kennedydoc331@gmail.com,practice type not targeted: Dentist
mammassageandspa.com,margarita@mammassageandspa.com,practice type not targeted: Massage therapist
hidefpt.com,mitch@hidefseattle.com,practice type not targeted: Physical therapist
hidefpt.com,zach@hidefseattle.com,practice type not targeted: Physical therapist
petersonmd.com,lorie@okanagansurgical.com,not US (list address)
petersonmd.com,peterson@gocosmetic.com,not US (list address)
jagpt.com,jgallucci@jagpt.com,practice type not targeted: Physical therapy clinic
jagpt.com,kgeorge@jagpt.com,practice type not targeted: Physical therapy clinic
avonlakedentistry.com,gkuemerledds@gmail.com,practice type not targeted: Dentist
lakeerieaesthetics.com,lakeerieaesthetics@gmail.com,business already emailed or queued
mydpdentist.com,shawn@mydpdentist.com,practice type not targeted: Dentist
seoulskinmedspa.com,piyanank@seoulskinmedspa.com,practice type not targeted: Facial spa
freshcanvasskin.com,sandra@freshcanvasskin.com,practice type not targeted: Facial spa
prospectpark.dental,csouthard@prospectpark.dental,practice type not targeted: Dentist
greysonrossacupuncture.com,greysonross@gmail.com,practice type not targeted: Acupuncturist
elevationptp.com,maurice@elevationptp.com,practice type not targeted: Physical therapy clinic
healthyrootsmedicine.com,marz@healthyrootsmedicine.com,practice type not targeted: Acupuncture clinic
forherclinic.ca,endlessbeauty.byhope@hotmail.com,not US (list address)
graceaestheticsstudiopllc.com,info@graceconciergeandwellness.com,business already emailed or queued
rejuvenatemuncie.com,dominyse@rejuvenatemuncie.com,already emailed or queued
dermfx.com,jana@dermfx.com,business already emailed or queued
dermfx.com,erin@dermfx.com,business already emailed or queued
activecareerie.com,renee.trost@activecareerie.com,practice type not targeted: Physical therapist
activecareerie.com,ehren.trost@activecareerie.com,practice type not targeted: Physical therapist
vianaesthetics.com,nunzia@vianaesthetics.com,practice type not targeted: Facial spa
bijouspasolon.com,elssyl@gmail.com,practice type not targeted: Beauty salon
thespadivastudio.com,thespadivacle@gmail.com,practice type not targeted: Day spa
sattvicme.com,john@sattvicme.com,practice type not targeted: Spa
skinperfectbydayna.com,skinperfectbydayna@gmail.com,practice type not targeted: Spa
acuzen.com,deborah@acuzen.com,practice type not targeted: Acupuncture clinic
freetobeaesthetics.com,freetobeaesthetics@gmail.com,practice type not targeted: Spa
lescapespa.com,jennifer@lescapespa.com,practice type not targeted: Day spa
healthygoddess.co,mo@healthygoddess.co,practice type not targeted: Facial spa
solei.one,solei.jayrosario@gmail.com,practice type not targeted: Day spa
skinwhisperertx.com,april@skinwhisperertx.com,practice type not targeted: Spa
blissfullybalancednutrition.com,blissfullybalancednutrition@gmail.com,practice type not targeted: Dietitian
elegantpermanentcosmetics.com,linda@elegantpermanentcosmetics.com,practice type not targeted: Permanent make-up clinic
specialsurg.com,jed.laplante@specialsurg.org,practice type not targeted: Surgical center
juvonno.com,terry@juvonno.com,not US (list address)
skinrejuvenationbyvivian.com,skinbyvivian2023@gmail.com,practice type not targeted: Hair removal service
bodytonicmedspas.com,jfogliano@bodytonicmedspas.com,business already emailed or queued
glowbeautyb.com,shelley@glowbeautyb.com,practice type not targeted: Waxing hair removal service
mdsurgicalcenter.com,jake.mgen@gmail.com,practice type not targeted: Surgical center
kimokellybrows.com,kimokellybrows@gmail.com,practice type not targeted: Permanent make-up clinic
revolutionak.com,dking@revolutionak.com,practice type not targeted: Physical therapist
revolutionak.com,hjohnson@revolutionak.com,practice type not targeted: Physical therapist
kpmtak.com,kpmt.ak@gmail.com,practice type not targeted: Massage therapist
wellnesscultureclinic.com,thunp@wellnesscultureclinic.com,already emailed or queued
amiteespa.com,sarah@amiteespa.com,practice type not targeted: Spa
mochamayaesthetics.com,mochamayaesthetics@gmail.com,practice type not targeted: Day spa
skinsuitemedspa.com,ysskinsuite@gmail.com,business already emailed or queued
huntsmiledesign.com,huntsmiledesignbilling@gmail.com,practice type not targeted: Dentist
skincelebs.ca,nazish.aqibkhan@gmail.com,not US (list address)
satori-medicalaesthetics.co.uk,satori.aestheticsclinic@gmail.com,not US (list address)
sanctuaryaesthetics.co.uk,richard@sanctuaryaesthetics.co.uk,not US (list address)
cinj.org,epwhite@cinj.rutgers.edu,practice type not targeted: Surgeon
cinj.org,chapmaje@cinj.rutgers.edu,practice type not targeted: Surgeon
cinj.org,srp87@cinj.rutgers.edu,practice type not targeted: Surgeon
cinj.org,td360@cinj.rutgers.edu,practice type not targeted: Surgeon
musebeautybarllc.com,musebeautybarinfo@gmail.com,practice type not targeted: Facial spa
ledfordfamilydentistry.com,drjulieledford@gmail.com,practice type not targeted: Dentist
hollingsheadeyecenter.com,lpennow@hollingsheadeyecenter.com,practice type not targeted: Surgical center
hollingsheadeyecenter.com,mhollingshead@hollingsheadeyecenter.com,practice type not targeted: Surgical center
mindbodyphysio.fit,ethan@mindbodyphysio.fit,practice type not targeted: Physical therapy clinic
lilliquetraining.com,mandana@lilliquetraining.com,practice type not targeted: Spa
sundancefacespa.com,sundancefacespa@gmail.com,practice type not targeted: Facial spa
wildfloweraestheticsfl.com,wildfloweraestheticsfl@gmail.com,practice type not targeted: Permanent make-up clinic
letsfaceitmedicalpractice.com,lorinp@letsfaceitmedicalpractice.com,practice type not targeted: Health and beauty shop
estheticsbylynn.com,lbussing@me.com,practice type not targeted: Day spa
thebeautybarskin.org,faviolamendozaaesthetics@gmail.com,practice type not targeted: Beautician
manitofamilydentistry.com,hennesseykellya@gmail.com,practice type not targeted: Dental clinic
invigorate-wellness.com,sam@invigorate-wellness.com,business already emailed or queued
sandiegohypnosisclinic.com,dianeedwards@greathypnosis.com,practice type not targeted: Hypnotherapy service
nightingalewellnessclinic.co.uk,amy@nightingalewellnessclinic.co.uk,not US (list address)
acmassagetherapy.com,ang@acmassagetherapy.com,practice type not targeted: Massage therapist
alyssaspa.com,alyssahillspa@gmail.com,practice type not targeted: Facial spa
acupuncture-newyorkcity.com,barrygaonyc@gmail.com,practice type not targeted: Acupuncture clinic
annabellamedspa.ca,anna@annabellamedspa.ca,not US (list address)
beachperio.com,jbeach@beachperio.com,practice type not targeted: Dentist
beachperio.com,alexis@beachperio.com,practice type not targeted: Dentist
fluent.skin,skinboss02@gmail.com,practice type not targeted: Spa
rubyhealthandwellness.com,lynae@rubyhealthandwellness.com,practice type not targeted: Dietitian
nursemichelleshealthclinic.co.uk,michellebratley0709@gmail.com,not US (list address)
beautyspaceglasgow.com,beautyspaceglasgow@gmail.com,not US (list address)
hybridityaesthetics.co.uk,info@hybridityaesthetics.co.uk,not US (list address)
lapeauspa.com,lapeau@gmail.com,practice type not targeted: Facial spa
themedicalaesthetic.clinic,cathywallworkuk@gmail.com,not US (list address)
beautyinfusedssm.com,emily.beautyinfused@gmail.com,not US (list address)
mindfulaestheticstudio.com,kelholbrook21@gmail.com,practice type not targeted: Facial spa
massagemagicplus.com,diazpeggy2014@gmail.com,practice type not targeted: Massage spa
jenesismedicalaesthetics.ca,jenesisaesthetics@outlook.com,not US (list address)
forestdrivedental.com,joanna.silver@gmail.com,practice type not targeted: Dentist
drellisdentistry.com,brenna@drellisdentistry.com,practice type not targeted: Dentist
luminousskinmaui.com,luminousskinbymaija@gmail.com,practice type not targeted: Facial spa
colchester3dlipo.co.uk,rachael@colchester3dlipo.co.uk,not US (list address)
skincaregulfshores.com,miaesumlin@gmail.com,practice type not targeted: Facial spa
saratogaesthetics.com,kelley@saratogaesthetics.com,practice type not targeted: Facial spa
outboundwellness.com,brooke@outbound-health.com,practice type not targeted: (blank)
outboundwellness.com,kalyn@outbound-health.com,practice type not targeted: (blank)
lite-hearted.com,acrawford581@gmail.com,not US (list address)
jonezenskinandwellness.com,jeanninejones20@gmail.com,practice type not targeted: Day spa
permanentmakeupogden.com,nicholekayjensen@hotmail.com,practice type not targeted: Permanent make-up clinic
fragensurgery.com,afragen@fragensurgery.com,practice type not targeted: Surgeon
invisimarkofficial.com,gincy.invisimark@gmail.com,practice type not targeted: Tattoo artist
annchernyakdmd.com,drchernyakdmd@gmail.com,practice type not targeted: Dental implants periodontist
seasaltspa.net,janelleatseasalt@gmail.com,practice type not targeted: Facial spa
ulsaestheticslab.com,anabelle@ulsaestheticslab.com,business already emailed or queued
wellnesstouchtriad.com,wellnessbyraquel@gmail.com,practice type not targeted: Day spa
skin-medicine.uk,skinmedicineuk@gmail.com,not US (list address)
southvalleyvascular.com,mcampbell@southvalleyvascular.com,practice type not targeted: Surgical center
southvalleyvascular.com,sjohnson@southvalleyvascular.com,practice type not targeted: Surgical center
aestheticallysavy.com,savannah.rogers89@gmail.com,already emailed or queued
warmseaacupuncture.com,jane@warmseaacupuncture.com,practice type not targeted: Acupuncture clinic
perio4u.com,doctor@perio4u.com,practice type not targeted: Dental clinic
injectionclinic.co.uk,chriscreaghan@gmail.com,not US (list address)
stressclinic.mx,drstressconsultation@gmail.com,practice type not targeted: Sports massage therapist
lilyannbeauty.com,contact@lilyannbeauty.com,not US (list address)
thenaturalhealthclinic.com,ecologhealth19@gmail.com,not US (list address)
masters-medspa.com,mastersmedspa@gmail.com,business already emailed or queued
dermateticsmedical.co.uk,nader.siabi@dermateticsmedical.co.uk,not US (list address)
precisionperioimplant.com,dmitriyivanov.dds@gmail.com,practice type not targeted: Dental implants periodontist
aparisbeauty.com,aparisbeauty@gmail.com,practice type not targeted: Spa
evolvearnold.com,rachel@evolvearnold.com,business already emailed or queued
dinacosmetic.com,drvasmei@gmail.com,not US (list address)
greatlakesnutrition.com,jessybrinlingnutrition@gmail.com,practice type not targeted: Dietitian
beyourkind.com,blair@beyourkind.com,business already emailed or queued
brizy.site,dimi@brizy.io,practice type not targeted: Acupuncture clinic
brizy.site,alex@brizy.io,practice type not targeted: Acupuncture clinic
alchemyaestheticsskin.com,olivia.grace.casey@gmail.com,practice type not targeted: Facial spa
serendipityhealingmassage.com,betsy@serendipityhealingmassage.com,practice type not targeted: Massage therapist
bioskinbeauty.ca,susanmakhlouf@gmail.com,not US (list address)
bioskinbeauty.ca,info@laserspagroup.com,not US (list address)
sacredbeautyesthetics.com,sacredbeauty.ca@gmail.com,practice type not targeted: Beauty salon
heatherreymundewittmerrdn.com,heatherreymundewittmer@gmail.com,practice type not targeted: Dietitian
twinboro.com,alotsis@twinboro.com,practice type not targeted: Physical therapist
twinboro.com,rvrindten@twinboro.com,practice type not targeted: Physical therapist
twinboro.com,etheriault@twinboro.com,practice type not targeted: Physical therapist
twinboro.com,mlannin@twinboro.com,practice type not targeted: Physical therapist
twinboro.com,pdunn@twinboro.com,practice type not targeted: Physical therapist
twinboro.com,eaguayo@twinboro.com,practice type not targeted: Physical therapist
twinboro.com,lsilvano@twinboro.com,practice type not targeted: Physical therapist
forwardhealthylifestyles.com,lindsay@forwardhealthylifestyles.com,business already emailed or queued
harmonyhormonetherapy.com,kim@harmonyhormonetherapy.com,already emailed or queued
kbaestheticsandbeauty.co.uk,tenja2005@inbox.lv,not US (list address)
healthforcetrainingcenter.com,dexter@healthforcetrainingcenter.com,practice type not targeted: Training center
northcovemedi.com,rachel@northcovemedi.com,not US (list address)
drgiuliani.com,drgiuliani@comcast.net,practice type not targeted: Dentist
thefoodtherapyclinic.com,info@thefoodtherapyclinic.com,not US (list address)
drewaesthetics.co.uk,drewaesthetics@gmail.com,not US (list address)
vasilicamanchesteraesthetics.com,vasilica@vasilicamanchesteraesthetics.com,not US (list address)
airmidmassage.com,antoinette@airmidmassage.com,practice type not targeted: Massage therapist
cherylaestheticsnurse.co.uk,cherylaestheticsnurse@gmail.com,not US (list address)
miltonnaturopath.com,drkatie@dsouzahealth.com,not US (list address)
lfaesthetics.com,lmfiskatoris@gmail.com,practice type not targeted: Spa
evahaldisnutrition.com,eva@evahaldisnutrition.com,practice type not targeted: Dietitian
drtomdentistry.com,skoumaldds@gmail.com,practice type not targeted: Dentist
charettecosmetics.com,paul@charettecosmetics.com,business already emailed or queued
massagehealingsolutions.com,christi-anne@massagehealingsolutions.com,practice type not targeted: Massage therapist
louisville.edu,justin.mog@louisville.edu,practice type not targeted: Surgical center
louisville.edu,gretchen.henry@louisville.edu,practice type not targeted: Surgical center
louisville.edu,jeremy.raines@louisville.edu,practice type not targeted: Surgical center
louisville.edu,kathryn.cardarelli@louisville.edu,practice type not targeted: Surgical center
louisville.edu,angela.curry@louisville.edu,practice type not targeted: Surgical center
louisville.edu,tgerard.bradley@louisville.edu,practice type not targeted: Surgical center
louisville.edu,kim.mosslinnear@louisville.edu,practice type not targeted: Surgical center
louisville.edu,tammy.green@louisville.edu,practice type not targeted: Surgical center
louisville.edu,gail.depuy@louisville.edu,practice type not targeted: Surgical center
louisville.edu,bcdaws01@louisville.edu,practice type not targeted: Surgical center
louisville.edu,jim.begany@louisville.edu,practice type not targeted: Surgical center
idealhealthak.com,dylan@idealhealthak.com,business already emailed or queued
brightsidesurgical.com,ncrannell@immhealth.org,practice type not targeted: Surgical center
zenbysarah.com,sarahajohnson243@gmail.com,practice type not targeted: Day spa
jovanpros.com,jovandental@gmail.com,practice type not targeted: Prosthodontist
newconceptsleep.com,gy@newconceptsleep.com,practice type not targeted: Sleep clinic
amalfitc.com,amalfi.vein@gmail.com,practice type not targeted: Surgical center
usedlasers.com,rory@cashforlasers.com,practice type not targeted: Laser equipment supplier
thesoundbathstudio.com,erika@thesoundbathstudio.com,practice type not targeted: Hypnotherapy service
skinclubdinuba.com,stockwellkayla2@gmail.com,practice type not targeted: Facial spa
bodymetrixhealth.com,office@bodymetrixhealth.com,practice type not targeted: Dietitian
donnastarnesmedspa.com,donna@donnastarnesmedspa.com,practice type not targeted: Spa
oregonvascular.org,jasonjundt@oregonvascular.org,practice type not targeted: Vascular surgeon
freshfacesrx.com,jodee@freshfacesrx.com,already emailed or queued
halospaandsalt.com,nini@halospaandsalt.com,practice type not targeted: Spa
decorahwellnesscenter.com,brent@decorahwellnesscenter.com,practice type not targeted: Acupuncture clinic
mcesthetics.com,mcesthetics2023@gmail.com,practice type not targeted: Spa
lovinghealthclinic.com,dr.michaelsimu.nd@gmail.com,not US (list address)
lovinghealthclinic.com,dr.deliasimu@gmail.com,not US (list address)
vhbskincare.com,stacy@vhbskincare.com,practice type not targeted: Facial spa
faceplaceartistry.com,juliesocially@gmail.com,not US (list address)
sbphysio.com,art@sbphysio.com,practice type not targeted: Physical therapist
functionalnutritionrx.com,christina@functionalnutritionrx.com,practice type not targeted: Dietitian
beaconaesthetics.com,melanie@beaconaesthetics.com,practice type not targeted: Facial spa
charmspa.co.uk,jurga.balodis@gmail.com,not US (list address)
balancewellness.co.uk,hollie@balancewellness.co.uk,not US (list address)
aliyroselaceyaesthetics.co.uk,aliyroseaesthetics@outlook.com,not US (list address)
r5skinworks.com,martha.ross@r5skinworks.com,practice type not targeted: Facial spa
truestrengthfitnessandwellness.com,melody@truestrengthwellness.com,practice type not targeted: Fitness center
lovelandmedicalclinic.com,siegfried@lovelandmedicalclinic.com,business already emailed or queued
fabellaskintherapy.com,desiree@fabellaskintherapy.com,practice type not targeted: Facial spa
shapeitbodyandface.com,letuzaw@gmail.com,practice type not targeted: Spa
rilaesti.com,lannyb@rilaesti.com,practice type not targeted: Facial spa
rainwateresthetics.com,tammywroten@hotmail.com,practice type not targeted: Permanent make-up clinic
elitehealthandbeauty.me,ehbbs.ladia@gmail.com,practice type not targeted: Massage therapist
karnigriffinskinspa.com,karnigriffin@icloud.com,practice type not targeted: Electrolysis hair removal service
timelessskinspa.com,jill@timelessskinspa.com,practice type not targeted: Permanent make-up clinic
stacywellness.com,ellen@stacywellness.com,business already emailed or queued
riverandpearl.com,natalie@riverandpearl.com,practice type not targeted: Facial spa
pulsehairremoval.com,pulse.lesc@gmail.com,practice type not targeted: Hair removal service
regenerizeme.com,sharon@regenerizeme.com,business already emailed or queued
kentsmilestudio.co.uk,drdattani@kentsmilestudio.com,not US (list address)
districtdentalspa.com,drdoug@districtdentalspa.com,practice type not targeted: Dentist
ethical-aesthetics.co.uk,info@ethical-aesthetics.co.uk,not US (list address)
aestheticsnowandforever.com,aestheticsnowandforever@gmail.com,not US (list address)
skinrenewalmethod.com,askaboutskincare@gmail.com,practice type not targeted: Laser hair removal service
ironrehab.co,devin@ironrehab.co,practice type not targeted: Physical therapist
freshfacedrx.com,daisy@freshfacedrx.com,not US (list address)
nmaesthetics.com,megan@nmaesthetics.com,business already emailed or queued
kmcacupuncture.com,katherinemccunelac@gmail.com,practice type not targeted: Acupuncture clinic
mezzmerize.com,taylormezzalira@gmail.com,not US (list address)
mezzmerize.com,cathy@mezzmerize.com,not US (list address)
marleyfamilydentistry.com,marleydmd@acsalaska.net,practice type not targeted: Dentist
reiderfamilydentistry.com,reiderdds@gmail.com,practice type not targeted: Dentist
skincarebyoksana.com,oksana.scott@gmail.com,practice type not targeted: Facial spa
r4wellness.com,r4wellness@gmail.com,practice type not targeted: Acupuncturist
modernesthetics.beauty,me.modernesthetics@gmail.com,practice type not targeted: Eyelash salon
higherorder.com,ryan@higherorder.com,practice type not targeted: Yoga studio
motusclinic.com,lindsay@motusclinic.com,practice type not targeted: Physical therapy clinic
allureaestheticsok.com,bethcannon@allureaestheticsok.com,already emailed or queued
pricklypearinbuckeye.com,emily@youngkerholdings.com,practice type not targeted: Beauty salon
peachfuzzlaser.com,keisha@peachfuzzlaser.com,practice type not targeted: Laser hair removal service
southvalleydentalpractice.com,svdp108@gmail.com,practice type not targeted: Dental clinic
allinonelaser.com,allinonelaser@hotmail.com,practice type not targeted: Laser hair removal service
wisemindhypnosis.com,donna@wisemindhypnosis.com,practice type not targeted: Hypnotherapy service
theslimmingbeautybar.com,corina22111994@gmail.com,practice type not targeted: Beauty salon
mysophisticatedwellness.com,verlisha@mysophisticatedwellness.com,business already emailed or queued
mishestheticssalon.com,michelle@mishesthetics.com,practice type not targeted: Eyelash salon
pittsburghimplantsandperio.com,sam@bakuri.net,practice type not targeted: Dental implants periodontist
impactptwellness.com,megan@impactptwellness.com,practice type not targeted: Physical therapist
impactptwellness.com,keith@impactptwellness.com,practice type not targeted: Physical therapist
pureskinclinicdunbar.com,pureskinclinic1@outlook.com,not US (list address)
tanyakhan.co.uk,info@tanyakhan.co.uk,not US (list address)
romacheekdds.com,roma@romacheekdds.com,practice type not targeted: Dentist
warrenyorkhypnotherapy.com,info@warrenyorkhypnotherapy.com,not US (list address)
drdwighthjohnsondds.com,drj573@outlook.com,practice type not targeted: Dentist
pellegrinohealingcenter.com,christine@pellegrinohealingcenter.com,practice type not targeted: Acupuncturist
solvangspaservices.com,kcfacialhoney@gmail.com,practice type not targeted: Spa
esthielizabeth.com,esthielizabeth777@gmail.com,practice type not targeted: Facial spa
exhalechirospa.com,nicole@exhalechirospa.com,practice type not targeted: Day spa
smoothdmv.com,tereza@smoothdmv.com,practice type not targeted: Laser hair removal service
iowaplasticsurgery.com,iowaplasticdana@gmail.com,practice type not targeted: (blank)
alphaacu.com,gving@hanmail.net,practice type not targeted: Acupuncture clinic
energymattersonline.com,clinic@energymatterseastbay.com,practice type not targeted: Acupuncturist
purehealthmedicine.org,paulette@purehealthmedicine.org,practice type not targeted: Facial spa
lemurianwellness.com,hawaiimasteresthetician@gmail.com,practice type not targeted: Spa
altumaesthetics.com,ximena@altumaesthetics.com,practice type not targeted: Health and beauty shop
liftmd.com,drkassabian@liftmd.com,business already emailed or queued
ranzbeauty.com,aranza@ranzbeauty.com,practice type not targeted: Facial spa
nulevelwellnessmedspa.com,denver@nulevelwellnessmedspa.com,business already emailed or queued
inkdlvpl.com,katie@inkdlvpl.com,not US (list address)
litemedicalclinic.com,kyle@litemedicalclinic.com,business already emailed or queued
jaynemcghie.co.uk,jvmcghie@gmail.com,not US (list address)
ehmedicalcosmetics.co.uk,eh.medicalcosmetics@outlook.com,not US (list address)
tiarevitalize.com,thopkinsaprn@gmail.com,business already emailed or queued
lglnweightlosscenter.com,glendys@lglnweightlosscenter.com,business already emailed or queued
redwoodwellness.life,dawn@redwoodwellness.life,practice type not targeted: Massage spa
warwickdds.com,drwarwick@warwickdds.com,practice type not targeted: Dentist
portomassage.com,nanci@portomassage.com,practice type not targeted: Massage spa
performphysicaltherapy.org,christiehydar@performphysicaltherapy.org,practice type not targeted: Physical therapy clinic
mopeclinic.com,chris@mopeclinic.com,business already emailed or queued
aquamedspaandwellness.com,jenn0728@live.com,already emailed or queued
touchofsasstexas.com,chrissy@touchofsasstexas.com,business already emailed or queued
bk-holistic.com,butterflykisses.cf@gmail.com,practice type not targeted: Massage therapist
sundaraskincarevt.com,sundaraskincarevt@gmail.com,practice type not targeted: Facial spa
kmesthetics.store,kiyahmesthetics@gmail.com,practice type not targeted: Health and beauty shop
optimalhormonehealth.com,monica@optimalhormonehealth.com,business already emailed or queued
shiftphysicaltherapy.com,kelsey@shiftphysicaltherapy.us,practice type not targeted: Physical therapy clinic
essentialescapemassage.com,lea@essentialescapemassage.com,practice type not targeted: Massage therapist
blackpearlnaturalskincare.com,shandrell@blackpearlnaturalskincare.com,practice type not targeted: Spa
thehideawayskinclinic.com,thehideaway2020@hotmail.com,not US (list address)
sensiblysprouted.com,michelle@sensiblysprouted.com,practice type not targeted: Dietitian
withquel.net,mequel@withquel.net,practice type not targeted: Massage therapist
nourished-bloom.com,cdcameronrd@nourished-bloom.com,practice type not targeted: Dietitian
revivalesthetics.com,revivalesthetics@gmail.com,practice type not targeted: Facial spa
scalewatchersrx.com,gisel@scalewatchersrx.com,business already emailed or queued
classicalbeautyspa.com,lmolivas@hotmail.com,practice type not targeted: Day spa
cryo4life.com,olivasgerald@gmail.com,practice type not targeted: (blank)
illumebrowskinstudio.com,dean@illumebrowskinstudio.com,practice type not targeted: Beauty salon
jameswarrendental.com,ivette@jameswarrendental.com,practice type not targeted: Dentist
aloraspacenter.com,lisa@aloraspacenter.com,practice type not targeted: Facial spa
justaestheticnursing.com,jan@justaestheticnursing.com,business already emailed or queued
unfurlwellnessspa.com,unfurlmassagenc@gmail.com,practice type not targeted: Spa
ariesphysicaltherapy.com,bill@ariesphysicaltherapy.com,practice type not targeted: Physical therapy clinic
iconciergemedspa.com,nick@iconciergemedspa.com,business already emailed or queued
holistichealingpro.com,chenmichell@gmail.com,practice type not targeted: Acupuncture clinic
gratefulbee.care,golovina.moriches@gmail.com,practice type not targeted: Tattoo removal service
skinvestmentgr.com,skinvestment.gr@gmail.com,practice type not targeted: Day spa
catalafacialretreat.com,carla@catalafacialretreat.com,practice type not targeted: Facial spa
motivationhw.com,drjayson@motivationhw.com,practice type not targeted: Physical therapist
wildfireweightloss.com,auteum@wildfireweightloss.com,already emailed or queued
surgerycc.com,daniel_navin@surgerycc.com,practice type not targeted: Surgical center
surgerycc.com,kim_rand@surgerycc.com,practice type not targeted: Surgical center
infusion-aesthetics.com,suzieljones@icloud.com,practice type not targeted: Tattoo removal service
skinloverspa.com,elizabeth@skinloverspa.com,practice type not targeted: Day spa
vitphysicaltherapy.com,kayla@vitphysicaltherapy.com,practice type not targeted: Physical therapy clinic
vitphysicaltherapy.com,maggie@vitphysicaltherapy.com,practice type not targeted: Physical therapy clinic
d-luxsuites.com,angissalon@gmail.com,practice type not targeted: Beauty salon
americanplasticscorp.com,robert@americanplasticscorp.com,practice type not targeted: Plastic fabrication company
smilebuffalo.com,smiles@smilebuffalo.com,practice type not targeted: Dentist
fullcirclemed.org,support@fullcirclemed.org,practice type not targeted: (blank)
skinbybiancallc.com,skinbybiancallc@gmail.com,practice type not targeted: Day spa
desertskinglow.com,mary@desertskinglow.com,practice type not targeted: Facial spa
pointofskinnorthbay.com,carole@pointofskinnorthbay.com,not US (list address)
endurance-unleashed.com,rberghorn@endurance-unleashed.com,practice type not targeted: Physical therapy clinic
bcdds.com,bc@bcdds.com,practice type not targeted: Dentist
kodiakskincare.com,alaskaglowbeauty@gmail.com,practice type not targeted: Beauty salon
renewskincaremedspa.com,kristen@renewskincaremedspa.com,practice type not targeted: Spa
activenutritionstore.com,trevor@activenutritionstore.com,practice type not targeted: Vitamin & supplements store
southeastmedicalcenter.com,tlrussell@southeastmedicalcenter.com,business already emailed or queued
drnascu.com,dr.nascu@gmail.com,not US (list address)
westrickclinic.com,suern@westrickclinic.com,not US (list address)
woodalldental.com,jwoodalldds@gmail.com,practice type not targeted: Dentist
besowb.com,naomi@besowb.com,business already emailed or queued
cottlevillesmiles.com,beaubutzirusdmd@gmail.com,practice type not targeted: Dentist
cottlevillesmiles.com,tanner.m.brown1@gmail.com,practice type not targeted: Dentist
zenhealthandbeauty.net,scharles@zenhealthandbeauty.net,practice type not targeted: Massage therapist
healthierbodies.org,hbdr.deni@gmail.com,practice type not targeted: Psychotherapist
wendywilkinsonskincare.co.uk,wwholisticbeautyandwellbeing@outlook.com,not US (list address)
skinglowdermatology.com,yterushkin@gmail.com,business already emailed or queued
catalystnutritionandtraining.com,brooke@catalystnutritionandtraining.com,practice type not targeted: Dietitian
blueskymedspa.net,monna.manning@blueskymedspa.net,already emailed or queued
auramedspa.org,sindhu520@gmail.com,business already emailed or queued
mesquitedentalaz.com,karley@mesquitedentalaz.com,practice type not targeted: Dentist
thebotoxdealer.com,brittany@thebotoxdealer.com,practice type not targeted: Health and beauty shop
alchemy.skin,lani@alchemy.skin,practice type not targeted: Facial spa
movementforlife.com,andrew.cherry@movementforlife.com,practice type not targeted: Physical therapy clinic
movementforlife.com,kelly.sanders@movementforlife.com,practice type not targeted: Physical therapy clinic
hypnoaminos.com,shellyjo@hypnoaminos.com,practice type not targeted: Hypnotherapy service
studiorskinandbodycare.com,rosana_studior@outlook.com,practice type not targeted: Massage therapist
marielslaser.com,m.electrology1@gmail.com,practice type not targeted: Hair removal service
lakewoodanimalvets.com,lakewoodanimalhospital@gmail.com,practice type not targeted: Veterinarian
hqpt.com,dschultz@hqpt.com,practice type not targeted: Physical therapy clinic
southwestesthetics.com,southwestesthetics@gmail.com,practice type not targeted: Spa
coastalskineye.com,jgraham@coastalskineye.com,practice type not targeted: Ophthalmology clinic
joanneowenaesthetics.com,joanneowenaesthetics@gmail.com,not US (list address)
thebeautybuilderco.com,danay.lepas@gmail.com,practice type not targeted: Facial spa
lushrx.com,krystal.roney-smith@lushrx.com,already emailed or queued
afromermaidskincare.com,sybil@afromermaidskincare.com,practice type not targeted: Facial spa
transcenddentalclinic.com,bkellum@transcendde.com,practice type not targeted: Dental clinic
jouvencemediaesthetics.com,leonardomedicine@gmail.com,not US (list address)
vyvewellness.com,willhaas@vyvewellness.com,business already emailed or queued
therevolutionrehab.com,tyler@therevolutionrehab.com,practice type not targeted: Physical therapy clinic
clearcalmskin.co.uk,clearcalmskin@gmail.com,not US (list address)
the-glow-lounge.com,krin@theglowlounge.com,practice type not targeted: Facial spa
the-glow-lounge.com,mollie@theglowlounge.com,practice type not targeted: Facial spa
paulharris.co.uk,paul@paulharris.co.uk,not US (list address)
aberdeenpsychology.co.uk,ewan@firstpsychology.co.uk,not US (list address)
evaclinicbath.com,evaclinicbath@gmail.com,not US (list address)
sgebeautybar.com,cortneyhendrix@sgebeautybar.com,practice type not targeted: Spa
healthdaysllc.com,martindfried@gmail.com,practice type not targeted: (blank)
akselbergclinic.com,victoriaakselberg@gmail.com,not US (list address)
livifacialbeautyspa.com,jwolivia0711@gmail.com,practice type not targeted: Day spa
spaseekers.com,pav.klair@spaseekers.com,not US (list address)
dbchealthretreat.com,sandy@dbchealthretreat.com,not US (list address)
skincareandwax.com,nataliyadilay@gmail.com,practice type not targeted: Beauty salon
skinglowbyalethea.com,skinglowbyalethea@gmail.com,practice type not targeted: Spa
geraldinepaperandelectrolysis.com,gerpaperand@gmail.com,practice type not targeted: Laser hair removal service
alchemywellnesscollective.com,hello@alchemywellnesscollective.com,practice type not targeted: Massage therapist
dragonflybungeefitness.com,admin@dragonflybungeefitness.com,practice type not targeted: Fitness center
dragonflybungeefitness.com,dragonflybungee@gmail.com,practice type not targeted: Fitness center
mountainwestsurgery.com,bayli@mountainwestsurgery.com,practice type not targeted: Surgical center
sportsfai.com,drmartinarandall@gmail.com,practice type not targeted: Podiatrist
continuousmotionpt.com,cameron@continuousmotionpt.com,practice type not targeted: Physical therapy clinic
rvscnj.com,jchietero@rvscnj.com,practice type not targeted: Surgical center
newmoonspastudio.com,alyxa@newmoonspastudio.com,practice type not targeted: Spa
danbedental.com,drdanbe@gmail.com,practice type not targeted: Dentist
glitterandmoss.com,hannah@glitterandmoss.com,practice type not targeted: Spa
simplyskinesthetics.com,sinclairsue@icloud.com,practice type not targeted: Day spa
myskinsationalesthetics.com,steph-opper@outlook.com,practice type not targeted: Facial spa
peakwellnessmissoula.com,crystal@peakwellnessmissoula.com,practice type not targeted: Spa
browstobrazilianwax.com,jenwestwax@gmail.com,practice type not targeted: Hair removal service
optimumhealthacupuncture.com,optimumhealthacupuncture@gmail.com,practice type not targeted: Acupuncture clinic
yourcnydentist.com,atwaldental@gmail.com,practice type not targeted: Dentist
mindbodyfamilyhealth.com,megan@mindbodyfamilyhealth.com,already emailed or queued
oreah.net,kristin@oreah.net,practice type not targeted: Spa
crystalaesthetics.net,crystalaestheticsinc@icloud.com,practice type not targeted: Laser hair removal service
mpowermd.com,jlawson@mpowermd.com,practice type not targeted: Physical therapy clinic
mpowermd.com,kchatman@mpowermd.com,practice type not targeted: Physical therapy clinic
skincarebyluan.com,complexionsbyluan@gmail.com,practice type not targeted: Facial spa
sanfordmoderndentistry.com,daniel@stridedentalgroup.com,practice type not targeted: Dentist
drbrolen.com,brolen@drbrolen.com,practice type not targeted: Dentist
belovedbodyspa.com,belovedbodyspa@gmail.com,practice type not targeted: Spa
ghdental.com,asurrattdmd@graysharborfamilydentistry.com,practice type not targeted: Dentist
infamilydentistry.com,drhine@infamilydentistry.com,practice type not targeted: Dentist
ora-wellness.com,lidia@ora-wellness.com,business already emailed or queued
rybwellnessantioch.com,dallas@rybwellness.com,practice type not targeted: Massage therapist
rawbeautystillwater.com,heather@rawbeautystillwater.com,practice type not targeted: Spa
lovemyskinlaser.net,yuliet@lovemyskinlaser.net,practice type not targeted: Laser hair removal service
sscarcadia.com,mirandat@sscarcadia.com,practice type not targeted: Surgical center
prodermamedicalaesthetics.com,drabdul@prodermamedicalaesthetics.com,not US (list address)
activecareclinics.ca,dr.bertrand@activecareclinics.ca,not US (list address)
refreshmedispa.co.uk,manager@refreshmedispa.co.uk,not US (list address)
optimalresultspt.com,keith@optimalresultspt.com,practice type not targeted: Physical therapy clinic
covenantdentaldfw.com,info@covenantdentaldfw.com,practice type not targeted: Dentist
saltwater-wellness.com,saltwaterwellness503@gmail.com,business already emailed or queued
skynmedspaandpmu.ca,sereenartistry@gmail.com,not US (list address)
anderkodentalcare.com,markjanderko@gmail.com,practice type not targeted: Dentist
smenhancements.com,prettylashessr@gmail.com,practice type not targeted: Beauty salon
bittersweetroadfamilydentists.com,mjrlopez1010@gmail.com,practice type not targeted: Dentist
spaeves.com,meiyan@spaeves.com,practice type not targeted: Massage spa
alfredphendds.com,drphen@alfredphendds.com,practice type not targeted: Dentist
livingyoungcenter.com,carissa@livingyoungcenter.com,business already emailed or queued
livingyoungcenter.com,gui@livingyoungcenter.com,business already emailed or queued
ascendhealthnl.com,joe@ascendhealthnl.com,not US (list address)
ascendhealthnl.com,steph@ascendhealthnl.com,not US (list address)
pointsforwellness.com,beth@pointsforwellness.com,practice type not targeted: Acupuncture clinic
annshealingmassage.com,thelashandskinstudio1@gmail.com,practice type not targeted: Massage therapist
theskinologyspa.com,hannah@theskinologyspa.com,practice type not targeted: Health and beauty shop
drkatebeauty.co.uk,drkatealexandra@gmail.com,not US (list address)
drjuliasen.co.uk,julia.sen@nhs.net,not US (list address)
mybeautylab.co,taska.nadya@gmail.com,not US (list address)
aestheticsbyellie.co.uk,ellie@aestheticsbyellie.co.uk,not US (list address)
glazedskinbar.com,glazedskinbar@gmail.com,practice type not targeted: Facial spa
mnvaac.com,heather@mnvaac.com,business already emailed or queued
vibrantdental.com,amber@vibrantdental.com,practice type not targeted: Dentist
axespt.com,jteepe@axespt.com,practice type not targeted: Physical therapy clinic
axespt.com,araines@axespt.com,practice type not targeted: Physical therapy clinic
alineaperformance.com,jrosi@alineaperformance.com,practice type not targeted: Physical therapist
medicalhousecalls.com,eli.anding@medicalhousecalls.com,business already emailed or queued
thebrowandsome.com,thebrowandsome@gmail.com,practice type not targeted: Permanent make-up clinic
facefirstbeautyca.com,kelly@facefirstbeautyca.com,practice type not targeted: Facial spa
safarismilesdenver.com,drhernandez@safarismilesdenver.com,practice type not targeted: Dentist
true-nature-wellness.com,chase@true-nature-wellness.com,practice type not targeted: Acupuncture clinic
studiobymireya.com,mireya.esquivel.sierra.mes@gmail.com,practice type not targeted: Spa
enovalleydental.com,admin@enovalleydental.com,practice type not targeted: Dentist
unplughour.ca,sherry@unplughour.ca,not US (list address)
superbsculpting.com,marie@superbsculpting.com,already emailed or queued
superbsculpting.com,eric@superbsculpting.com,business already emailed or queued
aspen-elevated.com,kelly@aspen-elevated.com,business already emailed or queued
kymberlees.com,kymberlees@me.com,practice type not targeted: Permanent make-up clinic
lzpermanentmakeup.com,lzpermanentmakeup@gmail.com,practice type not targeted: Permanent make-up clinic
wellnessmassage.com,todd@wellnessmassage.com,practice type not targeted: Massage therapist
oldwickaesthetics.com,claire@oldwickaesthetics.com,practice type not targeted: Spa
seafordbeautytherapy.co.uk,sdelaloye67@gmail.com,not US (list address)
divamedspa.com,marcela@divamedspa.com,not US (list address)
luxeparamedical.com,natasha@luxeparamedical.com,practice type not targeted: Tattoo shop
newleafrp.com,eddie@newleafrp.com,practice type not targeted: Dentist
mdhypno.com,marc@mdhypno.com,practice type not targeted: Hypnotherapy service
glymedplus.com,jmcdaniel@glymedplus.com,practice type not targeted: Day spa
athleticpursuitpt.com,chris@athleticpursuitpt.com,practice type not targeted: Physical therapy clinic
carmabellabeauty.com,carmabellabeauty@gmail.com,practice type not targeted: Beauty salon
saltaestheticsbar.com,andrea@saltaestheticsbar.com,business already emailed or queued
wrappedbyvinny.com,vinnyynguyenn@gmail.com,practice type not targeted: Window tinting service
familydds.com,reidpopple@gmail.com,practice type not targeted: Dentist
bloomingmadison.com,jessicaleugc@gmail.com,practice type not targeted: Facial spa
malroeesthetics.com,malia@malroeesthetics.com,practice type not targeted: Facial spa
sunrisewellnessma.com,vbailey@sunrisewellnessma.com,business already emailed or queued
nakd-aesthetics.com,brittany@nakd-aesthetics.com,business already emailed or queued
luxeaestheticsstudio.com,aliciaheiser.aesthetics@gmail.com,practice type not targeted: Day spa
therejuvroom.com,heather.therejuvroom@gmail.com,practice type not targeted: Day spa
estheticswithme.com,shannon@estheticswithme.com,practice type not targeted: Facial spa
ascenttrim.com,don@ascenttrim.com,business already emailed or queued
riflevalleyfamilydentistry.com,riflevalleyfamilydentistry@gmail.com,practice type not targeted: Dentist
glowbythecoast.com,karissa.n.sanchez@gmail.com,practice type not targeted: Day spa
vitanovamassageandwellness.com,vitanovatherapy@gmail.com,practice type not targeted: Massage spa
sidedoorlounge.vip,vanessa@sidedoorlounge.vip,practice type not targeted: Spa
obesityherniasurgery.com,obesityherniasurgery@gmail.com,practice type not targeted: Surgeon
luxemedspaaesthetics.com,jamie@luxemedspaaesthetics.com,business already emailed or queued
teriaesthetics.co.uk,laura@teriaesthetics.co.uk,not US (list address)
metrohypnosiscenter.com,mary@metrohypnosiscenter.com,practice type not targeted: Hypnotherapy service
kerryspindler.com,kerry@kerryspindler.com,practice type not targeted: Facial spa
compfoot.com,lhansen@compfoot.com,practice type not targeted: Podiatrist
compfoot.com,mnielsen@compfoot.com,practice type not targeted: Podiatrist
motionstability.com,brian@motionstability.com,practice type not targeted: Physical therapy clinic
permanentcosmeticsbyamy.com,permanentcosmeticsbyamy@gmail.com,practice type not targeted: Permanent make-up clinic
stamfordcosmeticdentistct.com,rmessingerdds@gmail.com,practice type not targeted: Dentist
proofaesthetics.com,winnie@proofaesthetics.com,business already emailed or queued
themenshealthclinic.com,micah@themenshealthclinic.com,business already emailed or queued
ritualrenonv.com,andrea@ritualrenonv.com,business already emailed or queued
randraesthetics.com,inforandraesthetics@gmail.com,not US (list address)
sleepingbeautiesaesthetics.com,katie@sleepingbeautiesaesthetics.com,not US (list address)
careestheticsdelaware.com,martina@careestheticsdelaware.com,business already emailed or queued
totalbalancetherapy.com,victoriacampbell@totalbalancetherapy.com,practice type not targeted: Physical therapist
karenwilliamsondds.com,karen@karenwilliamsondds.com,practice type not targeted: Dentist
thehypnotherapylife.com,thehypnotherapylife@gmail.com,practice type not targeted: Hypnotherapy service
smithperformancecenter.com,craig@smithperformancecenter.com,practice type not targeted: Physical therapy clinic
suncoastacu.com,teralanierap@gmail.com,practice type not targeted: Acupuncturist
shogarthmassage.com,sarah.hogarth.lmp@gmail.com,practice type not targeted: Massage therapist
caringsmiledental.com,dbrzozowskidds@gmail.com,practice type not targeted: Dentist
citrinepsm.com,janet@citrinepsm.com,practice type not targeted: Spa
timelessglowaesthetics.com,alyssamspa@icloud.com,practice type not targeted: Facial spa
granddentalimplantcenters.com,jtomcsik@granddentalgroup.com,practice type not targeted: Dental implants periodontist
granddentalimplantcenters.com,evalencia@granddentalgroup.com,practice type not targeted: Dental implants periodontist
vitallifetulsa.com,privacy@vitallifetulsa.com,business already emailed or queued
neural-movement.com,ali@neural-movement.com,practice type not targeted: Fitness center
neural-movement.com,reza@neural-movement.com,practice type not targeted: Fitness center
mounasbeautyspa.com,mcharmouti4me@gmail.com,practice type not targeted: Facial spa
palaceforhealthyliving.com,angelia@palaceforhealthyliving.com,business already emailed or queued
primelifephilly.com,natalie@primelifephilly.com,business already emailed or queued
massagecloud9tucson.com,massagecloud9tucson@gmail.com,practice type not targeted: Massage therapist
themindmatters.com,patricia@themindmatters.com,practice type not targeted: Hypnotherapy service
rosyfuture.ca,realnursedesi@gmail.com,not US (list address)
alighteryousystem.com,holly@thebraintrainerllc.com,practice type not targeted: Hypnotherapy service
drcarmenaesthetics.com,drcarmenaesthetics@gmail.com,not US (list address)
drcarmenaesthetics.com,info@drcarmenaesthetics.com,not US (list address)
auraandsolak.com,claribelle@auraandsolak.com,practice type not targeted: Facial spa
vizcarradentistry.com,gogrin8@gmail.com,practice type not targeted: Dentist
bespokehb.com,sarah@bespokehb.com,practice type not targeted: Beauty salon
skinbysammi.com,skinwithsammi@gmail.com,practice type not targeted: Facial spa
liquidbeautymedispa.com,aboutyounpsharman@gmail.com,not US (list address)
totalskinandwellness.com,tiffany@totalskinandwellness.com,business already emailed or queued
kylewalblay.com,kylewalblayllc@gmail.com,practice type not targeted: Permanent make-up clinic
crozetmassage.com,dianakeeton@gmail.com,practice type not targeted: Massage therapist
nursecathydouglas.com,cathy@nursecathydouglas.com,not US (list address)
freshskinwallington.co.uk,angelina.myagkaya@icloud.com,not US (list address)
jacquimac.com,jacquimacaesthetics@gmail.com,not US (list address)
linkfamilydental.com,drlinklfd@gmail.com,practice type not targeted: Dental clinic
naturalbalanceacu.com,bryanacumaster@gmail.com,practice type not targeted: Acupuncture clinic
smiles4va.com,peter@smiles4va.com,practice type not targeted: Dentist
indiesthetics.com,indiaestheticss@gmail.com,practice type not targeted: Spa
naturalbeautywny.com,kelly@naturalbeautywny.com,practice type not targeted: Day spa
usfitclinic.com,jason@usfitclinic.com,business already emailed or queued
wearecomplex.com,reese@wearecomplex.com,practice type not targeted: Physical therapy clinic
beautyritualsskincare.com,beautyritualstattoo@gmail.com,practice type not targeted: Spa
skinsocialspa.com,natalie@skinsocialspa.com,business already emailed or queued
injectual.com,joelle@injectual.com,not US (list address)
baofp.com,dryalifan813@gmail.com,practice type not targeted: Acupuncturist
heresheglowsspa.com,niki@heresheglowsspa.com,practice type not targeted: Facial spa
ismileaesthetics.com,dina@ismileaesthetics.com,practice type not targeted: Spa
bodybackhealthcenter.com,bodybackhc@gmail.com,practice type not targeted: Massage therapist
zoesdayspa.com,zoesdayspa@gmail.com,practice type not targeted: Day spa
amapolawellnessmedspa.com,hautebrowspr@gmail.com,practice type not targeted: Facial spa
dra-aesthetics.co.uk,info@dra-aesthetics.co.uk,not US (list address)
blushmedical.ca,hundt.rn@gmail.com,not US (list address)
menhancements.co.uk,sean@menhancements.co.uk,not US (list address)
rtskinglowclinic.co.uk,rtskinglowclinic@gmail.com,not US (list address)
pursuemove.com,ryan@pursuemove.com,practice type not targeted: Physical therapist
a-horsham.co.uk,merily13@hotmail.com,not US (list address)
blackfordclinic.com,claire@blackfordclinic.com,not US (list address)
blackfordclinic.com,gareth@blackfordclinic.com,not US (list address)
mkskinrenew.com,kyong@mkskinrenew.com,practice type not targeted: Beauty salon
winkbend.com,winkstudiobend@gmail.com,practice type not targeted: Beauty salon
undergroundstrength.com,chris@undergroundstrength.com,business already emailed or queued
undergroundstrength.com,selena@undergroundstrength.com,business already emailed or queued
thewoodlandsdayspa.com,angie@thewoodlandsdayspa.com,practice type not targeted: Day spa
summitptalaska.com,jriley@summitptalaska.com,practice type not targeted: Physical therapy clinic
summitptalaska.com,koelschlegal@summitptalaska.com,practice type not targeted: Physical therapy clinic
summitptalaska.com,kjames@summitptalaska.com,practice type not targeted: Physical therapy clinic
pearlmedspachs.com,shelby@pearlmedspachs.com,business already emailed or queued
beautyfromwithinspa.com,noelle@beautyfromwithinspa.com,practice type not targeted: Day spa
comprehensivedentistry.net,awesomejob8@gmail.com,practice type not targeted: Dentist
conquermovementpt.com,steve@conquermovementpt.com,practice type not targeted: Physical therapy clinic
buffingtondental.com,buffingtondental@gmail.com,practice type not targeted: Dentist
pro360care.com,prohealthfamily17@gmail.com,practice type not targeted: Urgent care center
nakoafit.com,zac.sellers@nakoafit.com,practice type not targeted: Physical therapy clinic
nakoafit.com,allison.nelson@nakoafit.com,practice type not targeted: Physical therapy clinic
nakoafit.com,bianca.waiton@nakoafit.com,practice type not targeted: Physical therapy clinic
appleandeveesthetics.com,appleandeveesthetics@gmail.com,practice type not targeted: Spa
ladeafacials.com,sophiabari2020@gmail.com,practice type not targeted: Facial spa
ironbeauty.com,suesuescottfnpc@gmail.com,business already emailed or queued
gandmhealthcare.co.uk,sarah.gmhealthcare@gmail.com,not US (list address)
robinsonfamilydentalnc.com,llrobinsondds@gmail.com,practice type not targeted: Dentist
wapakac.com,wapakathleticlub247@gmail.com,practice type not targeted: Fitness center
alphaprojectphyzio.com,matt@alphaprojectphyzio.com,practice type not targeted: Physical therapy clinic
upliftpt.org,allison@upliftpt.org,practice type not targeted: Physical therapy clinic
ironhorsept.com,vliu@ironhorsept.com,practice type not targeted: Physical therapist
neuagehealthwellness.com,rocky@neuagehealthwellness.com,business already emailed or queued
magruderhospital.com,kbiggert@magruderhospital.com,practice type not targeted: Surgical center
magruderhospital.com,rfall@magruderhospital.com,practice type not targeted: Surgical center
magruderhospital.com,kpalmer@magruderhospital.com,practice type not targeted: Surgical center
la-surgical.com,drd@la-surgical.com,practice type not targeted: Surgical center
thebloomspa.com,anna@thebloomspa.com,practice type not targeted: Facial spa
hemedspa.com,hemedspa@gmail.com,practice type not targeted: Facial spa
agelessserums.com,rene@agelessserums.com,practice type not targeted: Cosmetics wholesaler
robinhays.com,robin@robinhays.com,practice type not targeted: Permanent make-up clinic
itnskincare.com,angie@itnskincare.com,practice type not targeted: Facial spa
aestheticsbylynnea.com,aestheticsbylynnea@gmail.com,practice type not targeted: Facial spa
aestheticsbymichelle.com,aestheticsbymichellehoffman@gmail.com,practice type not targeted: Spa
luviwellness.com,kim@luviwellness.com,business already emailed or queued
acemedspa.com,stacy@acemedspa.com,business already emailed or queued
theonlyfacial.com,jill@theonlyfacial.com,practice type not targeted: Facial spa
skinsanctuary.net,debbie@skinsanctuary.net,practice type not targeted: Spa
detoxmassage.co,erikat.detoxmassage@gmail.com,practice type not targeted: Massage therapist
rheedentalhealth.com,drrhee@rheedentalhealth.com,practice type not targeted: Dentist
delmarfamilydentistry.com,drtrudeau.staff@gmail.com,practice type not targeted: Dentist
elysianmedirejuv.com,rbring@elysianmedirejuv.com,business already emailed or queued
juliesbeauties.ca,juliesbeauties@hotmail.com,not US (list address)
thefunctionalgutclinic.com,sam.treadway@thefunctionalgutclinic.com,not US (list address)
thefunctionalgutclinic.com,anthony@thefunctionalgutclinic.com,not US (list address)
ahimsa-healing.com,sheeba@ahimsa-healing.com,practice type not targeted: Reiki therapist
wellbridgesurgical.com,jeffw@wellbridgesurgical.com,practice type not targeted: Surgical center
wellbridgesurgical.com,tomv@wellbridgesurgical.com,practice type not targeted: Surgical center
royalyoumedspa.com,emilia@royalyoumedspa.com,business already emailed or queued
truetherapeutics.com,truetherapeuticsmassage@gmail.com,practice type not targeted: Massage therapist
pabau.com,william@pabau.com,not US (list address)
renunola.com,nhu@renunola.com,already emailed or queued
bolddental.com,williams0331@gmail.com,practice type not targeted: Dentist
drcoreybergeron.com,drcoreybergeron@gmail.com,practice type not targeted: Dentist
jamesdawsondds.com,jdawsondds@comcast.net,practice type not targeted: Dentist
triluxstudio.com,xhenisa@triluxstudio.com,practice type not targeted: Laser hair removal service
choiceptc.com,cvedder@choiceptc.com,practice type not targeted: Day spa
wolfffamilydental.com,awdental8@gmail.com,practice type not targeted: Dental clinic
3angelshealthcenter.com,eun@3angelshealthcenter.com,practice type not targeted: Acupuncture clinic
cairnclinic.com,kcox_acupuncture@cairnclinic.com,practice type not targeted: Acupuncturist
wellnessmdspa.com,dr.spence@wellnessmdspa.com,business already emailed or queued
wellnessmdspa.com,leiah@wellnessmdspa.com,business already emailed or queued
fossilcreekdental.com,drduplantis@gmail.com,practice type not targeted: Dentist
westmontdental.com,atassidds@gmail.com,practice type not targeted: Dentist
abilenebeautybus.com,dr.sara@abilenebeautybus.com,already emailed or queued
abilenebeautybus.com,cheryl@abilenebeautybus.com,business already emailed or queued
mindfulaestheticsandwellness.com,aestheticsbylauraj@gmail.com,practice type not targeted: Spa
skinlabinjectables.com,sarah@skinlabinjectables.com,business already emailed or queued
unifiedwellness.ca,unifiedwellness644@hotmail.com,not US (list address)
emilyweitzdds.com,dremilyweitz@gmail.com,practice type not targeted: Dentist
elmaesthetics.co.uk,info@elmaesthetics.co.uk,not US (list address)
tualatin-acupuncture.com,julia@tualatin-acupuncture.com,practice type not targeted: Acupuncture clinic
designforrecovery.com,david@designforrecovery.com,practice type not targeted: Addiction treatment center
freshfacedsociety.com,beautymaellc@gmail.com,practice type not targeted: Facial spa
ridgefielddentistry.com,ridgefieldcosmeticdentistry@gmail.com,practice type not targeted: Dentist
greenwichmedicalspa.com,trish@greenwichmedicalspa.com,business already emailed or queued
waimeasmiles.com,info@waimeasmiles.com,practice type not targeted: Dentist
thebrowhale.com,thebrowhale@gmail.com,practice type not targeted: Beauty salon
physmedpt.com,rosalinda@physmedpt.com,practice type not targeted: Physical therapy clinic
marinacares.com,marina@marinacares.com,practice type not targeted: Facial spa
westhealthspa.com,drkaren@westhealthspa.com,practice type not targeted: Spa
quantummedicalmassageandhypnosis.com,billy@quantummedicalmassageandhypnosis.com,practice type not targeted: Massage therapist
eclectictouchmassage.com,toyar.lmt@gmail.com,practice type not targeted: Massage therapist
petrissagemassage.com,helen@petrissagemassage.com,practice type not targeted: Massage therapist
g5uniqueaestheticsllc.com,ashley@g5uniqueaestheticsllc.com,practice type not targeted: Spa
skincpt.com,tina@skincpt.com,not US (list address)
turningpointspa.com,laurence@turningpointspa.com,practice type not targeted: Day spa
skingoddessstudio.com,tabitha@skingoddessstudio.com,practice type not targeted: Facial spa
ketrathompson.com,ketrathompsonhypnosis@gmail.com,practice type not targeted: Hypnotherapy service
ashevilleidealweightloss.com,info@ashevilleidealweightloss.com,practice type not targeted: (blank)
drackermandentistry.com,tracy@garyackermandds.com,practice type not targeted: Dentist
bodyloungeparkcities.com,copper@bodyloungeparkcities.com,business already emailed or queued
bodyloungeparkcities.com,ed@bodyloungeparkcities.com,business already emailed or queued
liveitwellaz.com,contact@liveitwellaz.com,practice type not targeted: Yoga studio
liveitwellaz.com,integrativehealthaz@gmail.com,practice type not targeted: Yoga studio
directaccessinternalmedicine.com,roxanne@directaccessinternalmedicine.com,practice type not targeted: Spa
boulderblissmedicalspa.com,jennifer@boulderblissmedicalspa.com,practice type not targeted: Spa
msbellaaesthetics.com,brandy@msbellaaesthetics.com,already emailed or queued
austintransformationalhealth.com,bryn@atxtransform.com,practice type not targeted: Acupuncture clinic
mkrolfing.com,mkrolfing@gmail.com,practice type not targeted: Massage therapist
riopalace-spa.com,michelly@riopalace-spa.com,practice type not targeted: Day spa
lavitaebellawellnesscenter.com,april@lavitaebellawellnesscenter.com,already emailed or queued
highbarhealth.com,mcollie@highbarhealth.com,practice type not targeted: Physical therapy clinic
highbarhealth.com,lkatsos@highbarhealth.com,practice type not targeted: Physical therapy clinic
infinitepowerenergyhealing.com,tannyb64@gmail.com,practice type not targeted: Reiki therapist
tooeledental.com,dawn@tooeledental.com,practice type not targeted: Dentist
regenerationutah.com,sean@regenerationutah.com,business already emailed or queued
dental-concepts.com,atul.kshirsagar@dental-concepts.com,not US (list address)
dental-concepts.com,mc@dental-concepts.com,not US (list address)
basicbalancekeene.com,allison_lac@basicbalancekeene.com,practice type not targeted: Acupuncturist
allcountyendo.com,nyamaki@allcountyendo.com,practice type not targeted: Dentist
lakewashingtonpt.com,benwobker@lakewashingtonpt.com,practice type not targeted: Physical therapy clinic
gabrielajacovinohypnosis.com,hypnosis2happiness@gmail.com,practice type not targeted: Hypnotherapy service
gulfcoastacupunctureandfertility.com,itsalifestyle@gulfcoastacupunctureandfertility.com,practice type not targeted: Acupuncture clinic
vidawellness.co,raquelnp@vidawellness.co,business already emailed or queued
bonacciperiodentalimplants.com,info@bonacciperiodentalimplants.com,practice type not targeted: Dental implants periodontist
evolutionarywellbeing.org,vivian@evolutionarywellbeing.org,practice type not targeted: Psychologist
psaom.com,lisa.white@psaom.com,practice type not targeted: Spa
mycosmeticsolutions.com,rachel@mycosmeticsolutions.com,practice type not targeted: Permanent make-up clinic
almedicalwellness.co.uk,almedicalwellness@outlook.com,not US (list address)
sebastopoldentistry.com,dixondentistry@gmail.com,practice type not targeted: Dentist
riverpointacupuncture.com,maureen@riverpointacupuncture.com,practice type not targeted: Acupuncture clinic
citrineandsageaesthetics.com,contact@citrineandsageaesthetics.com,practice type not targeted: Facial spa
svmedspec.com,ptemple@svmedspec.com,practice type not targeted: Surgical center
82magnolia.com,kate@82magnolia.com,business already emailed or queued
hiloacupuncture.com,kimgitzel@mac.com,practice type not targeted: Acupuncture clinic
rockemergency.com,craig@rockemergency.com,practice type not targeted: Water damage restoration service
rockemergency.com,tom@rockemergency.com,practice type not targeted: Water damage restoration service
genesis-ws.com,chimere@genesis-ws.com,business already emailed or queued
dermglowskin.com,dermglowskin@gmail.com,practice type not targeted: Facial spa
kineticclinic.net,karen@kineticclinic.net,business already emailed or queued
theanatomyofwellness.com,brianna@theanatomyofwellness.com,practice type not targeted: Massage therapist
cmmedicalusa.com,ceo@cmholdingsusa.com,practice type not targeted: Acupuncture clinic
erosbodyworks.com,jaime@erosbodyworks.com,practice type not targeted: Spa
triggsandjames.com,scott.triggs@gmail.com,not US (list address)
hydratecapecod.com,lisa@hydratecapecod.com,already emailed or queued
bellsbeautybox.co.uk,samanfabell@gmail.com,not US (list address)
harlequinbeauty.com,alayna@harlequinbeauty.com,practice type not targeted: Permanent make-up clinic
syfmassage.co.uk,tom@syfmassage.co.uk,not US (list address)
essenceskinbeautique.com,kellycherise@comcast.net,practice type not targeted: Facial spa
norfolk.gov.uk,tom.mccabe@norfolk.gov.uk,not US (list address)
katebellaesthetics.co.uk,kate@katebellaesthetics.co.uk,not US (list address)
optimindmethod.com,biodun@optimindmethod.com,not US (list address)
nurselauraaesthetics.ca,nurselaura.aesthetics@gmail.com,not US (list address)
nurselauraaesthetics.ca,info@nurselauraaesthetics.ca,not US (list address)
awakepelvichealth.com,hannah@awakepelvichealth.com,practice type not targeted: Physical therapy clinic
timshelhypnosis.com,chad@timshelhypnosis.com,practice type not targeted: Hypnotherapy service
protocolhealthmd.com,joe@protocolhealthmd.com,business already emailed or queued
aesthetiquebeautystudio.com,contact@aesthetiquebeautystudio.com,practice type not targeted: Health and beauty shop
hausofbeautylynden.com,hoblynden@gmail.com,practice type not targeted: Beauty salon
lotuscarekc.com,juliannehutchcraft@gmail.com,practice type not targeted: Yoga studio
harpersvalleyspa.com,harpersvalleyspa@gmail.com,practice type not targeted: Day spa
ndamedicalspa.com,noelle@ndamedicalspa.com,already emailed or queued
ndamedicalspa.com,kim@ndamedicalspa.com,business already emailed or queued
charspa.com,askchar@charlotterneal.com,practice type not targeted: Massage spa
meltbainbridge.com,calli@meltbainbridge.com,practice type not targeted: Day spa
ledesmasportsmed.com,ernest@ledesmasportsmed.com,practice type not targeted: Physical therapist
wellnessforeternity.com,dolecki.karolina@gmail.com,practice type not targeted: Spa
gbpsa.com,eschmitt@gbpsa.com,practice type not targeted: Surgical center
samhealth.org,mcahill@samhealth.org,practice type not targeted: Surgical center
kissmemedspa.com,karen@kissmemedspa.com,business already emailed or queued
fitnesssocial.com,tasha@fitnesssocial.com,practice type not targeted: Fitness center
spacarmen.com,jenngcarmen@gmail.com,practice type not targeted: Day spa
healthyval.com,rdngalval@gmail.com,practice type not targeted: Dietitian
purelightyoga.com,freedom.yoga.bl@gmail.com,practice type not targeted: Yoga studio
hypnotherapyinsuffolk.co.uk,grahamahowes@me.com,not US (list address)
rutherfordpt.com,johntalty@rutherfordpt.com,practice type not targeted: Physical therapy clinic
sherrbeauty.com,bibi.e.baksh@gmail.com,practice type not targeted: Facial spa
muirhillsdental.com,mehuguetdds@gmail.com,practice type not targeted: Dentist
scorbinesthetics.com,scorbinesthetics@gmail.com,practice type not targeted: Facial spa
vitapureinfusions.com,tina@vitapureinfusions.com,business already emailed or queued
totalbodybabe.com,jsvickrey@gmail.com,practice type not targeted: Massage therapist
mysecretmedspafl.com,priscilla@mysecretmedspafl.com,business already emailed or queued
gioiellodental.com,wjgsmile@gmail.com,practice type not targeted: Dentist
walnutcreekss.com,npaul@walnutcreekss.com,practice type not targeted: Surgical center
auburnmedaesthetics.com,searcykelly@gmail.com,already emailed or queued
performancecenterformen.com,louise@performancecenterformen.com,business already emailed or queued
interstatehealth.com,jeff.seraphine@interstatehealth.com,practice type not targeted: Urgent care center
interstatehealth.com,sean.vankerkhove@interstatehealth.com,practice type not targeted: Urgent care center
olmstedfamilydentistry.com,hayesandprimiano@olmstedfamilydentistry.com,practice type not targeted: Dentist
themorrisinstitute.com,dr.donmorris@me.com,practice type not targeted: Hypnotherapy service
nikkelskincareandwellness.com,nikkelskincareandwellness@gmail.com,practice type not targeted: Facial spa
laserspasalon.com,dagmararg@gmail.com,practice type not targeted: Beauty salon
drmichaelrussonj.com,councilmanrusso@gmail.com,practice type not targeted: Physical therapy clinic
savannahvascular.com,sbell@savannahvascular.com,practice type not targeted: Surgical center
sonomasauna.com,sonomasauna@gmail.com,practice type not targeted: Day spa
kaz-medica.com,kazmedicaaesthetics@gmail.com,practice type not targeted: Facial spa
medallusmedispa.com,noeller@medallusjamestown.com,business already emailed or queued
heatherhoustondds.com,hehouston19@gmail.com,practice type not targeted: Dentist
puredayspa.org,estheticsbycherigagnier1@gmail.com,practice type not targeted: Spa
lovetolivewell.com,anna@lovetolivewell.com,practice type not targeted: Dietitian
luxespaservicesbyleena.com,leenajmarshall@gmail.com,practice type not targeted: Spa
studiothrivefit.com,thrivewithshea@gmail.com,practice type not targeted: Fitness center
skinbycarla.com,skinbycarla@gmail.com,practice type not targeted: Facial spa
cincinnatithrive.com,hannah@cincinnatithrive.com,business already emailed or queued
serene-ink.com,serenatattoos@gmail.com,practice type not targeted: Tattoo artist
thesknnurse.co.uk,rebecca@thesknnurse.co.uk,not US (list address)
grossofamilydentistry.com,frankgrossodds@gmail.com,practice type not targeted: Dentist
pathwayhealthandbeauty.com,tia@pathwayhealthandbeauty.com,business already emailed or queued
pearldentistrynebraska.com,drcooper@pearldentistrynebraska.com,practice type not targeted: Dentist
peariselleraesthetics.com,peariselleraesthetics@gmail.com,practice type not targeted: Spa
lactationsupportmaryland.com,emilie@hummingbirdhaw.com,practice type not targeted: Lactation service
bouldershealth.com,cgacupuncture@gmail.com,practice type not targeted: Acupuncture clinic
desertdreamdentistry.com,kianor.shah@gmail.com,practice type not targeted: Dentist
healingmotionpt.com,dane@healingmotionpt.com,practice type not targeted: Physical therapy clinic
healingmotionpt.com,ashlee@healingmotionpt.com,practice type not targeted: Physical therapy clinic
surreydentaloffice.com,surreydentalcentre@gmail.com,not US (list address)
thewellnesslabmd.com,shane@thewellnesslabmd.com,business already emailed or queued
mindfulskinspa.com,shermanals3@gmail.com,practice type not targeted: Facial spa
stephsskinstudio.com,sshawks1019@gmail.com,practice type not targeted: Facial spa
awakenstpete.com,drkyle@awakenstpete.com,practice type not targeted: Acupuncture clinic
therockforddentist.com,anthony@benassifamilydentistry.com,practice type not targeted: Dentist
therockforddentist.com,blanca@benassifamilydentistry.com,practice type not targeted: Dentist
ee-beauty.com,eebeautylasvegas@gmail.com,practice type not targeted: Beauty salon
longevitywellnessclinic.com,sarah@longevitywc.com,practice type not targeted: Acupuncture clinic
longevitywellnessclinic.com,drcynthialwc@gmail.com,practice type not targeted: Acupuncture clinic
cristianchirladmd.com,dentalartsofwadsworth@gmail.com,practice type not targeted: Dentist
portoladentalgroup.com,assal.aslani@gmail.com,practice type not targeted: Dentist
thegaskinandbeautyhouse.com,contact@thegaskinandbeautyhouse.com,practice type not targeted: Facial spa
healthyglowtanfl.com,healthyglowtanfl@gmail.com,practice type not targeted: Tanning salon
galtsmiles.com,jason@galtsmiles.com,practice type not targeted: Dentist
pureskin-spa.com,oksana@pureskin-spa.com,practice type not targeted: Spa
esbeltabody.co,esbelta.body@gmail.com,practice type not targeted: Cosmetics industry
laser-derm.com,eric@laser-derm.com,practice type not targeted: Laser hair removal service
thewordsalonsuites.com,tisha@thewordsalonsuites.com,practice type not targeted: Beauty salon
autofitfam.com,henry@autofitfam.com,practice type not targeted: Fitness center
orthosport.com,mike@orthosport.com,practice type not targeted: Physical therapy clinic
jennakorynaesthetics.com,jennakoryn@gmail.com,practice type not targeted: Facial spa
bigislandhawaiiiv.com,suprena@bigislandhawaiiiv.com,business already emailed or queued
carteryokoyamadds.com,surfdoc@carteryokoyamadds.com,practice type not targeted: Dentist
healingpoints-acu.com,hpacuny@gmail.com,practice type not targeted: Acupuncturist
estheticsbygia.com,estheticsbygia@gmail.com,practice type not targeted: Facial spa
georgialeith.com,gleithruggiero81@gmail.com,practice type not targeted: Facial spa
horantherapeuticmassage.net,horan202@hotmail.com,practice type not targeted: Massage therapist
ckerejuvenationrva.com,evansmichele531@gmail.com,business already emailed or queued
thriveandco.clinic,allie@thriveandco.clinic,business already emailed or queued
clarkwellnesstx.com,angelica@clarkwellnesstx.com,business already emailed or queued
alchemyclinic.com,jennifer@alchemyclinic.com,business already emailed or queued
thevitalitycospartanburg.com,adamkraynes90@gmail.com,business already emailed or queued
savingfacespa.com,jacquelynstaggs@gmail.com,practice type not targeted: Permanent make-up clinic
perrinvillefamilydentistry.com,officemanager@perrinvillefamilydentistry.com,practice type not targeted: Dentist
nolapelvichealth.com,ashley@nolapelvichealth.com,practice type not targeted: Physical therapy clinic
vitalizefunctionalmedicine.com,jocelyn@vitalizefunctionalmedicine.com,business already emailed or queued
empoweredspa.com,empoweredspaboutique@gmail.com,practice type not targeted: Day spa
advancedimplantdentistry.com,office@advancedimplantdentistry.com,practice type not targeted: Prosthodontist
slacktidept.com,slacktidept@outlook.com,practice type not targeted: Physical therapy clinic
peaceandheartwellness.com,phmcare@gmail.com,practice type not targeted: Psychiatrist
southpawinkwaco.com,taryn@southpawinkwaco.com,practice type not targeted: Tattoo removal service
southpawinkwaco.com,casey@southpawinkwaco.com,practice type not targeted: Tattoo removal service
lodental.com,drlodental@gmail.com,practice type not targeted: Dentist
boralea.com,bora@boralea.com,practice type not targeted: Facial spa
skinlab716.com,alix@skinlab716.com,practice type not targeted: Waxing hair removal service
illumineskinandwellness.com,sheena@illumineskinandwellness.com,practice type not targeted: Spa
skinprovement.ca,ashley@skinprovement.ca,not US (list address)
graceds.com,tamigrace@graceds.com,practice type not targeted: Day spa
premieraestheticsofidaho.com,jessica@premieraestheticsofidaho.com,already emailed or queued
fioremedspa.ca,sarah@fioremedspa.ca,not US (list address)
millatcranepond.com,jrockwellallen@gmail.com,practice type not targeted: Health and beauty shop
flagstaffsurgical.com,dwilson@flagstaffsurgical.com,practice type not targeted: Surgeon
tkaesthetics.com,info@tkaesthetics.com,not US (list address)
smoothskinsolutions.net,wollenzien@smoothskinsolutions.net,practice type not targeted: Laser hair removal service
beautyinabeachbb.com,beautyinabeachfl@gmail.com,practice type not targeted: Facial spa
theshinespa.com,melanie@theshinespa.com,business already emailed or queued
pontevedravein.com,erika@pontevedravein.com,practice type not targeted: Surgical center
pontevedravein.com,deaconcasey@pontevedravein.com,practice type not targeted: Surgical center
nnjessentialhealingmassage.com,massage3246@gmail.com,practice type not targeted: Massage therapist
doctoroughtred.com,ryan@doctoroughtred.com,not US (list address)
purelightlaser.com,rita@purelightlaser.com,not US (list address)
rdharmonymedspa.com,rajudhanju1974@gmail.com,not US (list address)
lifexcelcarolina.com,sherri@lifexcelcarolina.com,practice type not targeted: Dietitian
bodyworkestheticscenter.com,kim@bodyworkestheticscenter.com,practice type not targeted: Day spa
esskaydental.com,florinfamilydental@gmail.com,practice type not targeted: Dentist
jobddsdental.com,jordanjobdds@gmail.com,practice type not targeted: Dentist
star-physicaltherapy.com,kspoto@star-ny.com,practice type not targeted: Physical therapy clinic
star-physicaltherapy.com,jespoto@star-ny.com,practice type not targeted: Physical therapy clinic
lizlandon.com,releaseresistancewithliz@gmail.com,practice type not targeted: Hypnotherapy service
ta2you.com,ta2_you@msn.com,practice type not targeted: Permanent make-up clinic
sheashulmantherapy.com,sheashulman@gmail.com,practice type not targeted: Hypnotherapy service
franklinlakessportspine.com,jess.drgolz@gmail.com,practice type not targeted: Physical therapy clinic
bhavabeauty.net,jordan@bhavabeauty.net,practice type not targeted: Beauty salon
expressionsbykellyg.com,expressionsbykellyg@gmail.com,practice type not targeted: Permanent make-up clinic
kimqbeautyandtraining.co.uk,kim@kimqbeautyandtraining.co.uk,not US (list address)
honeyfaceliftmassage.com,judimach@bestpureskincare.com,practice type not targeted: Massage therapist
southbarringtondentalcare.com,dr.allisonbartley@gmail.com,practice type not targeted: Dentist
hopedentalsmiles.com,drhopect@gmail.com,practice type not targeted: Dentist
dramylaw.co.uk,dramylaw@outlook.com,not US (list address)
secretsurgeon.co.uk,director@secretsurgeon.org,not US (list address)
manaperformancetherapy.com,russ@manaperformancetherapy.com,practice type not targeted: Physical therapy clinic
care.texashealth.org,barclay.berdan@texashealth.org,practice type not targeted: Surgeon
care.texashealth.org,winjie.miao@texashealth.org,practice type not targeted: Surgeon
giftofbeautyselfcare.com,giftofbeautyselfcare@gmail.com,practice type not targeted: Facial spa
strawmanfamilydentistry.com,tangneydds@gmail.com,practice type not targeted: Dentist
amberwellhealth.org,eturner@amberwellhealth.org,practice type not targeted: Surgeon
amberwellhealth.org,llsmith@amberwellhealth.org,practice type not targeted: Surgeon
amberwellhealth.org,dlueger@amberwellhealth.org,practice type not targeted: Surgeon
amberwellhealth.org,kmccarty@amberwellhealth.org,practice type not targeted: Surgeon
newleaftattooremoval.com,jeremy@newleaftattooremoval.com,practice type not targeted: Tattoo removal service
wellnessbyshannon.com,shannon@wellnessbyshannon.com,practice type not targeted: Massage therapist
sierramariefacialspa.com,sierraketchum@sierramariefacialspa.com,practice type not targeted: Spa
dfwimplantcenter.com,manager@dfwimplantcenter.com,practice type not targeted: Dentist
sportsptlab.com,drkristin@sportsptlab.com,practice type not targeted: Physical therapy clinic
sportsptlab.com,drmicaela@sportsptlab.com,practice type not targeted: Physical therapy clinic
carpediembeautyandwellness.com,carpediembeautyandwellness@gmail.com,practice type not targeted: Spa
northshorelashbeauty.com,claralsmith16@gmail.com,practice type not targeted: Day spa
ceelanaturals.com,dgcmd@ceelanaturals.com,practice type not targeted: Spa
gulfcoastsurgeons.com,debrav@gulfcoastsurgeons.com,practice type not targeted: Vascular surgeon
dentistlosaltos.com,kenschweifler@comcast.net,practice type not targeted: Dentist
ghsclinics.health,claire@ghs.health,not US (list address)
maeven.skin,skin.maeven@gmail.com,practice type not targeted: Spa
indybeautyroom.com,meganb@indybeautyroom.com,practice type not targeted: Beauty salon
wellnessclinicalresearch.com,zorayei@wellnessclinicalresearch.com,practice type not targeted: Research institute
wellnessclinicalresearch.com,lucky@wellnessclinicalresearch.com,practice type not targeted: Research institute
tailoringhealthwellness.com,tammy@tailoringhealthwellness.com,business already emailed or queued
modelcitizenfl.com,jonnelsontattoos@gmail.com,business already emailed or queued
alchemyskin.ca,catherine@alchemyskin.ca,not US (list address)
spoiledenergyanddayspa.com,spoiledenergyanddayspa@gmail.com,practice type not targeted: Massage therapist
theandersonmethod.com,williamandersonlmhc@gmail.com,practice type not targeted: Psychotherapist
luanalifestylemd.com,luanalifestyle.md@gmail.com,already emailed or queued
desertlotusvitality.com,merima@desertlotusvitality.com,business already emailed or queued
macrofusionhealthcare.com,erwin.macrohon@macrofusionhealthcare.com,business already emailed or queued
booking.amhesthetics.com,ameliaerinesthetics@gmail.com,practice type not targeted: Spa
precisionmdwellness.com,traci@precisionmdwellness.com,business already emailed or queued
empoweredbt.ca,shanna@empoweredbt.ca,not US (list address)
bvdentistry.com,drbvong@gmail.com,practice type not targeted: Dentist
l4aesthetics.com,xoxokalico@gmail.com,practice type not targeted: Eyelash salon
wmdentistry.com,michael@wmdentistry.com,practice type not targeted: Dentist
hraskin.com,ashley@hraskin.com,practice type not targeted: Facial spa
nwmobilept.com,trey@nwmobilept.com,practice type not targeted: Physical therapy clinic
cleoderm.ca,valerie@cleoderm.ca,not US (list address)
mahtomedifamilydental.com,mahtomedidentalinfo@gmail.com,practice type not targeted: Dentist
lewminousskin.com,britney@lewminousskin.com,practice type not targeted: Facial spa
rejuv-kc.com,tracy@rejuv-kc.com,already emailed or queued
glowbysabrina.com,sabrinas3653@hotmail.com,practice type not targeted: Facial spa
pureluxdayspa.com,ericagriswoldlmt@gmail.com,practice type not targeted: Spa
cascademedical.org,dianeb@cascademedical.org,practice type not targeted: Dietitian
cascademedical.org,melissag@cascademedical.org,practice type not targeted: Dietitian
p-tmassage.com,alicia@p-tmassage.com,practice type not targeted: Massage therapist
111dental.com,tejnbeenalad@gmail.com,practice type not targeted: Dentist
drsmootmedspa.com,jadenaturopathicmedicine@gmail.com,practice type not targeted: Spa
xi-beauty.com,trang@xi-beauty.com,practice type not targeted: Facial spa
andregrenierdmd.com,andre@andregrenierdmd.com,practice type not targeted: Dental implants periodontist
alloramodernwellness.com,rich@alloramodernwellness.com,business already emailed or queued
luminousskinbar.com,stephanie@luminousskinbar.com,practice type not targeted: Facial spa
vivavitalitymn.com,elizabeth@vivavitalitymn.com,business already emailed or queued
solspiritmindbodyskin.com,lashawndae@hotmail.com,practice type not targeted: Spa
chooseyoutoday.ca,mcnamara.sarah2020@gmail.com,not US (list address)
nuvobodyspa.com,shaina.vivens@nuvobodyspa.com,practice type not targeted: Spa
themarkmenshealth.com,shosoma@themarkmenshealth.com,business already emailed or queued
themarkmenshealth.com,baihama@themarkmenshealth.com,already emailed or queued
oregonwls.com,epatterson@oregonwls.com,practice type not targeted: Surgeon
oregonwls.com,cbrown@oregonweightlosssurgery.com,practice type not targeted: Surgeon
edgerlydentistry.com,letisha@edgerlydentistry.com,practice type not targeted: Dentist
poshhealthandwellness.com,michele@poshhealthandwellness.com,already emailed or queued
tracethebody.com,andrew@tracethebody.com,practice type not targeted: Massage spa
theposhaesthetic.com,sonya.stansbury@theposhaesthetic.com,already emailed or queued
ascpmembers.com,lsweeney@abmp.com,practice type not targeted: Facial spa
ellasesc.com,ellaesthetic@gmail.com,practice type not targeted: Electrolysis hair removal service
joerichterdds.com,joerichterdds@outlook.com,practice type not targeted: Dentist
keystowellnessgroupfitness.com,nursedannie79@comcast.net,practice type not targeted: Fitness center
skinco-owasso.com,alpennington9@gmail.com,practice type not targeted: Beauty salon
dralobeid.com,yaser@dralobeid.com,business already emailed or queued
coastalglowskincare.com,amanda.coastalglow@gmail.com,practice type not targeted: Facial spa
customdentistry.com,ericstevensdmd@gmail.com,practice type not targeted: Dentist
lovebeautifulskin.com,christina@lovebeautifulskin.com,practice type not targeted: Facial spa
aimforchange.net,drj@aimforchange.net,practice type not targeted: (blank)
aimforchange.net,michelle@aimforchange.net,practice type not targeted: (blank)
njoyrestoredhealth.com,nicole@njoyrestoredhealth.com,business already emailed or queued
mumaaesthetics.com,injectormo@gmail.com,business already emailed or queued
starveinsandaesthetics.com,sethigulshan26@gmail.com,practice type not targeted: Vascular surgeon
deluxebodysculpting.net,deluxebodysculpting@gmail.com,practice type not targeted: Massage spa
aamesthetics.com,ally@aamesthetics.com,practice type not targeted: Spa
standrewsdentist.co.uk,chris@standrewsdentist.co.uk,not US (list address)
mystryde.com,lauren@mystryde.com,practice type not targeted: Fitness center
resurgentsports.com,kerri@resurgentsports.com,practice type not targeted: Physical therapy clinic
mywatsonpointedental.com,drjoe@mywatsonpointedental.com,practice type not targeted: Dentist
loveliesthetics.com,loveliesthetics@gmail.com,practice type not targeted: Spa
honeyinhand.com,honeyinhand@gmail.com,practice type not targeted: Day spa
weightlosschampion.com,christy@weightlosschampion.com,business already emailed or queued
regeniwc.com,anastasia@regeniwc.com,business already emailed or queued
regeniwc.com,kelsey@regeniwc.com,business already emailed or queued
clinic.theprehabguys.com,craig@theprehabguys.com,practice type not targeted: Physical therapy clinic
clinic.theprehabguys.com,michael@theprehabguys.com,practice type not targeted: Physical therapy clinic
rexburgsmiles.com,docthomason@gmail.com,practice type not targeted: Dentist
youngstownortho.com,tjoseph@youngstownortho.com,practice type not targeted: Surgeon
intuitivelynourishedrdn.com,info@intuitivelynourishedrdn.com,practice type not targeted: Dietitian
charlottejaneaesthetics.com,charlottejaneaesthetics@outlook.com,not US (list address)
weightlosswoodbridge.com,dr.harrietweightloss@gmail.com,not US (list address)
restoremotion-cmt.com,lea.schexnydre@gmail.com,practice type not targeted: Massage therapist
sunshinekates.com,info@sunshinekates.com,practice type not targeted: Day spa
zahavmedspa.com,moses@zahavmedspa.com,business already emailed or queued
beautifulbylynn.com,info@beautifulbylynn.com,practice type not targeted: Spa
bestlifehypnotherapy.com,jayne@jaynegoldman.com,practice type not targeted: Hypnotherapy service
karenzaghiyanmd.com,gayane.ovsepyan@cshs.org,practice type not targeted: Proctologist
dermalenhancements.com,dermalenhancements@gmail.com,not US (list address)
slosmiles.com,radkins@slosmiles.com,practice type not targeted: Dentist
agapephysicaltherapy.com,bduca@agape-pt.com,practice type not targeted: Physical therapist
agapephysicaltherapy.com,jmazza@agape-pt.com,practice type not targeted: Physical therapist
agapephysicaltherapy.com,cgreene@agape-pt.com,practice type not targeted: Physical therapist
agapephysicaltherapy.com,erussell@agape-pt.com,practice type not targeted: Physical therapist
agapephysicaltherapy.com,pneary@agape-pt.com,practice type not targeted: Physical therapist
lifesmilesowasso.com,tracy@lifesmilesowasso.com,practice type not targeted: Dentist
lifesmilesowasso.com,drlim@lifesmilesowasso.com,practice type not targeted: Dentist
robinsdayspa.com,robinlauf@gmail.com,practice type not targeted: Spa
preventativemedicineworks.com,doctor@drdeoguidry.com,practice type not targeted: Vitamin & supplements store
heal.me,max@heal.me,practice type not targeted: Massage therapist
luxefactorlv.com,melanie@luxefactorlv.com,business already emailed or queued
longlifemed.com,david@longlifemed.com,already emailed or queued
longlifemed.com,kezia@longlifemed.com,business already emailed or queued
purelyacupuncture.com,caroline@purelyacupuncture.com,not US (list address)
impacthealthclinics.com,steven@impacthealthclinics.com,business already emailed or queued
soliaspa.com,lisa@soliaspa.com,practice type not targeted: Day spa
uniquelyfitmedicalweightloss.com,uniquelyfitmedicalweightloss@gmail.com,practice type not targeted: (blank)
clemandthyme.com,natalia@clemandthyme.com,practice type not targeted: Dietitian
lakeelmobeauty.com,le.beautywellness@gmail.com,practice type not targeted: Beauty salon
skinfitrox.com,skinfitrox@gmail.com,practice type not targeted: Facial spa
moonstonebeautycosmetictattoo.com,cwilloughby2@gmail.com,practice type not targeted: Beauty salon
labellelashskin.com,mirella@labellelashskin.com,practice type not targeted: Facial spa
rejuvenationbydrmorag.co.uk,info@rejuvenationbydrmorag.co.uk,not US (list address)
skinresolutions.com,lynda@skinresolutions.com,practice type not targeted: Beauty salon
dunyaaesthetics.co.uk,sameer@dunyaaesthetics.co.uk,not US (list address)
nmskincopleasanton.com,skinbynoellemyers@gmail.com,practice type not targeted: Facial spa
berylsmassage.com,beryl@berylsmassage.com,practice type not targeted: Massage therapist
awakeningwellness30a.com,shannonfaulk@icloud.com,practice type not targeted: Acupuncture clinic
humble-dental.com,smiles@humble-dental.com,practice type not targeted: Dental clinic
humble-dental.com,smiles@humbledental.com,practice type not targeted: Dental clinic
livianalash.com,tonyarae213@gmail.com,practice type not targeted: Day spa
theaestheticco.net,kansys@theaestheticco.net,business already emailed or queued
skinspav.com,vivian@skinspav.com,practice type not targeted: Facial spa
gwaynefarrimonddds.com,gwfarrimonddds@gmail.com,practice type not targeted: Dentist
mindbodyresetfm.com,brc@mindbodyresetfm.com,already emailed or queued
luxurylaserspa.net,kristikoushiar@gmail.com,practice type not targeted: Laser hair removal service
ebdroseville.com,dawn@ebdroseville.com,practice type not targeted: Facial spa
divinityplasma.com,jennifer@divinityplasma.com,practice type not targeted: Spa
home-towndental.com,woody@home-towndental.com,practice type not targeted: Dentist
smartskinmedspa.com,lacey@smartskinmedspa.com,business already emailed or queued
passporthealthusa.com,fran@passporthealthusa.com,practice type not targeted: Travel clinic
mirrormirror-salon.com,racheal@mirrormirror-salon.com,practice type not targeted: Beauty salon
tottyclinic.com,drashtondc@gmail.com,practice type not targeted: Acupuncture clinic
serenitysculptandpostcare.com,lucaterosaul@gmail.com,practice type not targeted: Massage spa
pammurphylac.com,pamelamurfy@gmail.com,practice type not targeted: Acupuncture clinic
secretsbeautyboutique.com,diannedearmon@gmail.com,practice type not targeted: Spa
relentluxbeauty.com,elaine.s.nabua@gmail.com,practice type not targeted: Eyelash salon
1111cosmetictattoo.com,eleven.11cosmetictattoo@hotmail.com,practice type not targeted: Permanent make-up clinic
rgvfamilydentistry.com,luz@rgvfamilydentistry.com,practice type not targeted: Dentist
griffithfamilydentistrysc.com,griffithfamilydentistry@gmail.com,practice type not targeted: Dentist
sunkissedhawaii.com,sunkissedhawaii808@gmail.com,practice type not targeted: Tanning salon
910spa.com,chelseababineaux@gmail.com,practice type not targeted: Spa
childressdentist.com,ericgreendentaloffice@gmail.com,practice type not targeted: Dentist
naturelleskinbar.com,gemma.gullaksen@naturelleskinbar.com,practice type not targeted: Day spa
spaproassociates.com,stacierichard@icloud.com,practice type not targeted: Spa
clinicsense.com,daniel@clinicsense.com,practice type not targeted: Massage therapist
laughlinhaus.com,angela2766@gmail.com,practice type not targeted: Facial spa
lexesthetics.com,skinbylexx@gmail.com,practice type not targeted: Spa
euphoriqskin.com,kmatthewsle@gmail.com,practice type not targeted: Day spa
baysidemassagetherapy.com,maria@baysidemassagetherapy.com,practice type not targeted: Sports massage therapist
wintervillencdentist.com,beacondentalnc@gmail.com,practice type not targeted: Dentist
integrated-wellbeing.com,julie@integrated-wellbeing.com,practice type not targeted: Dietitian
livelyintegratedhealth.com,becky@livelyintegratedhealth.com,business already emailed or queued
livelyintegratedhealth.com,kristin@livelyintegratedhealth.com,business already emailed or queued
lakescountryhealthcare.com,care@lakescountryhealthcare.com,practice type not targeted: Urgent care center
sacredskinwellness.com,brookebrigham@sacredskinwellness.com,practice type not targeted: Spa
miamifootcare.net,drjaimec@hotmail.com,practice type not targeted: Podiatrist
healinglaserclinics.com,mark@healinglaserclinics.com,practice type not targeted: Addiction treatment center
team1plastics.com,joshuanye@team1plastics.com,practice type not targeted: Plastic injection molding service
team1plastics.com,daveseedorf@team1plastics.com,practice type not targeted: Plastic injection molding service
team1plastics.com,craigcarrel@team1plastics.com,practice type not targeted: Plastic injection molding service
team1plastics.com,davebiondo@team1plastics.com,practice type not targeted: Plastic injection molding service
team1plastics.com,toddbowen@team1plastics.com,practice type not targeted: Plastic injection molding service
team1plastics.com,garygrigowski@team1plastics.com,practice type not targeted: Plastic injection molding service
heartwisehypnotherapy.com,brian@heartwisehypnotherapy.com,practice type not targeted: Hypnotherapy service
alexraespa.com,alexraesculpt@gmail.com,practice type not targeted: Spa
newethosmassage.com,sarah.fenelon@gmail.com,practice type not targeted: Massage spa
spa721.com,sarah@spa721.com,practice type not targeted: Spa
kernmedical.com,danielle.colbert@kernmedical.com,practice type not targeted: Surgical center
mpiclinic.com,shelby@mpiclinic.com,practice type not targeted: Permanent make-up clinic
mooncosmeticdentist.com,moondental2013@gmail.com,practice type not targeted: Dentist
mooncosmeticdentist.com,mollylukedds@gmail.com,practice type not targeted: Dentist
allisontrandds.com,allison@allisontrandds.com,practice type not targeted: Dental implants periodontist
premierdentalhi.com,gtakaki@premierdentalhi.com,practice type not targeted: Dental clinic
beniciaparvizhypnotherapy-hypnosis.com,drparviz@parvizhypnotherapy.com,practice type not targeted: Hypnotherapy service
rdjrod.com,rdjrod7@gmail.com,practice type not targeted: Dietitian
skintightfb.com,suzanne@skintightfb.com,practice type not targeted: Electrolysis hair removal service
micalskincare.com,cristy@micalskincare.com,practice type not targeted: Health and beauty shop
thepainrehablab.com,jess@thepainrehablab.com,practice type not targeted: Massage therapist
microtia.net,doctorbonilla@microtia.net,practice type not targeted: Surgeon
westperiodds.com,drwest@westperiodds.com,practice type not targeted: Dental implants periodontist
physiologixpt.com,dr.robpoliszuk@gmail.com,practice type not targeted: Physical therapy clinic
crystalclearesthetics.com,crystalknepper@gmail.com,practice type not targeted: Spa
spatherapybytierney.com,tierneyrigsby@icloud.com,practice type not targeted: Spa
feroceskinstudio.com,feroceskinstudio@gmail.com,practice type not targeted: Health and beauty shop
driveperformancetherapy.com,keldyn@driveperformancetherapy.com,practice type not targeted: Physical therapy clinic
breatheencinitas.com,courtney@breatheencinitas.com,practice type not targeted: Day spa
lumossalonspa.com,ken@lumoslkn.com,practice type not targeted: Beauty salon
theresetlab.co,rudy@theresetlab.co,business already emailed or queued
theresetlab.co,nicky@theresetlab.co,business already emailed or queued
balancefindyourcenter.com,valerie@balancefindyourcenter.com,practice type not targeted: Day spa
bethanyesthetics.me,bethanyesthetics@gmail.com,practice type not targeted: Facial spa
restorativewellnessllc.com,bobbiplatte@gmail.com,practice type not targeted: Massage therapist
veronicarouse.com,veronica.rouse.consulting@gmail.com,not US (list address)
alamoheightswellness.com,info@alamoheightswellness.com,practice type not targeted: Acupuncture clinic
transcendrxfishers.com,holly@transcendrxfishers.com,business already emailed or queued
transcendrxfishers.com,kandace@transcendrxfishers.com,business already emailed or queued
aestheticart.ca,laura@aestheticart.ca,not US (list address)
faceitpmc.com,faceithawaii@gmail.com,practice type not targeted: Permanent make-up clinic
yourluminaskin.com,tatiana@luminaskin.com,practice type not targeted: Facial spa
hbskinspot.com,theskinspot@me.com,practice type not targeted: Spa
rootedinwellnessllc.info,carolpd50@gmail.com,practice type not targeted: Massage spa
designerfacesdf.com,info@designerfacesdf.com,practice type not targeted: Health and beauty shop
bonfirewellness.com,jeffrey@bonfirewellness.com,business already emailed or queued
bonfirewellness.com,kim@bonfirewellness.com,business already emailed or queued
alignedhypnotherapy.com,kary@alignedhypnotherapy.com,not US (list address)
mobilefacialsglowtogodurango.com,theresheglowzagain@gmail.com,practice type not targeted: Facial spa
hampshireplasticsurgery.co.uk,heppellsec@adnovaclinic.com,not US (list address)
dominicbray.com,dominic@dominicbray.com,not US (list address)
balancebamboo.co.uk,tess@balancebamboo.co.uk,not US (list address)
isabelteo.co.uk,isabel@isabelteo.co.uk,not US (list address)
isabelteo.co.uk,secretaries@isabelteo.co.uk,not US (list address)
belmontskinandlaserclinic.co.uk,afreshstart@gmail.com,not US (list address)
aht-aesthetics.co.uk,ashleightaylor.laser@hotmail.com,not US (list address)
ciaranoboyle.co.uk,coboyle.plasticsurgery@gmail.com,not US (list address)
pf-aesthetics.com,paulafraser@pf-aesthetics.com,not US (list address)
bodyandskintherapy.com,bst.mandy@gmail.com,practice type not targeted: Massage therapist
tranquilityskinservices.com,shari.melillo@gmail.com,practice type not targeted: Facial spa
reshapemidlife.com,kara@reshapemidlife.com,practice type not targeted: Retreat center
flawlessaestheticclinic.co.uk,sarah@flawlessaestheticclinic.co.uk,not US (list address)
theclinicbynatashagreen.com,bynatashagreen@icloud.com,not US (list address)
movewitheze.com,okey@movewitheze.com,not US (list address)
lyonessetherapies.co.uk,june@lyonessetherapies.co.uk,not US (list address)
anitahazari.co.uk,secretaryanitahazari@gmail.com,not US (list address)
massagebyjoselyne.llc,jmukollc@gmail.com,practice type not targeted: Massage therapist
pearlsbeautique.co.uk,pearlarevell@gmail.com,not US (list address)
pzwellness.com,purezenskincare@gmail.com,practice type not targeted: Spa
macysplasticsurgery.com,macys.zygimantas@gmail.com,not US (list address)
knot-out.co.uk,katdavies46@gmail.com,not US (list address)
ehealthwfstudiollc.com,edna@ehealthwfstudiollc.com,practice type not targeted: Fitness center
platinum-healing.com,kate@platinum-healing.com,not US (list address)
grishindentures.com,michaelgrishin@outlook.com,practice type not targeted: Denture care center
jjhypnotherapy.com,julie@jjhypnotherapy.com,not US (list address)
riversideclinics.co.uk,alokmisra@riversideclinics.co.uk,not US (list address)
grantleyhall.co.uk,general.manager@grantleyhall.co.uk,not US (list address)
vitalityholisticsdumfries.co.uk,vitalityholistics@outlook.com,not US (list address)
malcolmstruthers.com,info@malcolmstruthers.com,not US (list address)
brayhypnotherapy.com,gez@brayhypnotherapy.com,not US (list address)
brayhypnotherapy.com,nick@brayhypnotherapy.com,not US (list address)
skinhaven-aesthetics.com,skinhavenbyjen@gmail.com,practice type not targeted: Spa
bestofyouaesthetics.co.uk,sandra@bestofyouaesthetics.co.uk,not US (list address)
liber8yourlife.com,farnooshkm@liber8yourlife.com,not US (list address)
developlink.com,chris.marsh@developlink.com,not US (list address)
hypnosiskent.co.uk,georgina@hypnosiskent.co.uk,not US (list address)
defensesportsmassage.com,john@defensesportsmassage.com,practice type not targeted: Massage therapist
jackiehillcounselling.com,jackie@jackiehillcounselling.com,not US (list address)
slsmedispa.co.uk,slsmedispa@gmail.com,not US (list address)
slsmedispa.co.uk,slsbeautyeducation@gmail.com,not US (list address)
joanndunsing.com,joanndunsing@gmail.com,practice type not targeted: Hypnotherapy service
dentistryonsinclair.com,lisa@dentistryonsinclair.com,not US (list address)
ckskinspa.com,cindy@ckskinspa.com,practice type not targeted: Spa
northeastbreastsurgery.co.uk,northeastbreastsurgery@gmail.com,not US (list address)
woodmedispa.co.uk,james@woodmedispa.co.uk,not US (list address)
andreahernandez.expert,andreaskinnouveau@gmail.com,practice type not targeted: Spa
yasuragimassage.com,yasuragimassagebymegumi@gmail.com,practice type not targeted: Massage spa
cakesbodybar.com,cakesbodybar@gmail.com,practice type not targeted: Spa
xesspa.com,evelyn@xesspa.com,practice type not targeted: Day spa
redefinesav.com,kayla@redefinesav.com,practice type not targeted: Physical therapist
glowbymoonlight.com,glowbymoonlight@gmail.com,practice type not targeted: Spa
app.elify.com,guy@elify.com,practice type not targeted: Nail salon
purecomfortspa.com,lambretta@purecomfortspa.com,practice type not targeted: Foot care
dawningtranquility.com,dawne@dawningtranquility.com,practice type not targeted: Day spa
facialsorganic.com,mayan@facialsorganic.com,practice type not targeted: Facial spa
eanskin.com,pharaohskin7@gmail.com,practice type not targeted: Spa
tranquilityfacialroom.com,cola@tranquilityfacialroom.com,practice type not targeted: Facial spa
bbyjulia.com,kybeautybyjulia@gmail.com,practice type not targeted: Facial spa
shylalarue.fitness,shylalaruefitness@gmail.com,practice type not targeted: Women's personal trainer
bespokeptw.com,louc@bespokeptw.com,practice type not targeted: Physical therapist
gsoulesthetics.com,endiap@icloud.com,practice type not targeted: Facial spa
sjyothi.com,sjyothi2005@gmail.com,not US (list address)
botoxonthemove.com,almd@comcast.net,practice type not targeted: Spa
kahalasmileprofessionals.com,drcandacewada@gmail.com,practice type not targeted: Dentist
doctify.com,stephanie@doctify.com,not US (list address)
eliraskinlondon.com,eliraskinlondon@gmail.com,not US (list address)
gymcatch.com,ollie@gymcatch.com,not US (list address)
greathypno.com,andrea@greathypno.com,not US (list address)
findyourhappylife.co.uk,julie@findyourhappylife.co.uk,not US (list address)
iwantgreatcare.org,jon.twinn@iwantgreatcare.org,not US (list address)
iwantgreatcare.org,vijay.solanki@iwantgreatcare.org,not US (list address)
waxapeelandmore.com,mjworthington1204@gmail.com,practice type not targeted: Spa
nicolecaroline.com,nicole@nicolecaroline.com,practice type not targeted: Facial spa
holistichotdish.com,kristy@holistichotdish.com,practice type not targeted: Facial spa
superiorskinandbeauty.com,angelica@superiorskinandbeauty.com,practice type not targeted: Facial spa
wellnesscaptured.com,kimber@wellnesscaptured.com,practice type not targeted: Day spa
zeroxpt.com,dr.reubenjames@gmail.com,practice type not targeted: Physical therapist
theskinnurture.com,melaniealmeida168@gmail.com,practice type not targeted: Facial spa
studiokma.com,studiokmaspa@gmail.com,practice type not targeted: Spa
surrealskinspa.com,jennifer@surrealskinspa.com,practice type not targeted: Facial spa
clydemunrodental.com,nicola.logan@clydemunrodental.com,not US (list address)
clydemunrodental.com,jim.hall@clydemunrodental.com,not US (list address)
mosnj.com,drsheikh@drsheikhmd.com,practice type not targeted: Surgeon
cosmeticsurgeonslondon.co.uk,care.nileshsojitra@gmail.com,not US (list address)
andievip.com,andie@andievip.com,practice type not targeted: Facial spa
visagemedspa.net,barbara@visagemedspa.net,practice type not targeted: Health and beauty shop
hellosugar.salon,katelyn@hellosugar.salon,practice type not targeted: Beauty salon
hellosugar.salon,brigham@hellosugar.salon,practice type not targeted: Beauty salon
kirkbyandmashamsurgeries.co.uk,claire.woolley1@nhs.net,not US (list address)
mohs-surgeon.co.uk,lisa.eustace@sthk.nhs.uk,not US (list address)
breast-surgeon.co.uk,info@breast-surgeon.co.uk,not US (list address)
drlugo.com,drlugo@lugosurgicalgroup.com,practice type not targeted: Surgeon
cbrclinics.com,bruno@cbrclinics.com,not US (list address)
nikosplasticsurgery.com,nikosplastics@gmail.com,not US (list address)
eyecare.berkeley.edu,liwang@berkeley.edu,practice type not targeted: Surgical center
eyecare.berkeley.edu,sbentley@berkeley.edu,practice type not targeted: Surgical center
bourne2care.co.uk,enquiries@bourne2care.co.uk,not US (list address)
ncaestheticstampa.com,nichole@ncaestheticstampa.com,practice type not targeted: Facial spa
withhoneymassagestudio.com,relaxwithhoney@gmail.com,practice type not targeted: Massage therapist
lucywebberbreastfeeding.co.uk,lmjinfantfeeding@gmail.com,not US (list address)
frankiesfacials.com,frankie@frankiesfacials.com,practice type not targeted: Facial spa
dunfermlinephysiotherapyclinic.co.uk,scorpio.kishore@googlemail.com,not US (list address)
dunfermlinephysiotherapyclinic.co.uk,kishorenidadavolu@hotmail.com,not US (list address)
emendosurgicalgroup.com,contact@emendosurgicalgroup.com,not US (list address)
drjessfelton.com,finlay.mcgregor@nhs.net,not US (list address)
peipeicheang.co.uk,slovemedicalsecretary@outlook.com,not US (list address)
peipeicheang.co.uk,ppcheang@gmail.com,not US (list address)
southside-rejuvenation.com,aliciabelcherfnp@gmail.com,practice type not targeted: Virtual office rental
mustardtherapy.co.uk,sharon@mustardtherapy.co.uk,not US (list address)
mustardtherapy.co.uk,stewart@mustardtherapy.co.uk,not US (list address)
therubylilyspa.com,teena@therubylilyspa.com,practice type not targeted: Beauty salon
nortonplasticsurgery.com,helen.plasticsurgery@gmail.com,not US (list address)
aesthetics-dr-rhea.co.uk,aesthetics.dr.rhea@gmail.com,not US (list address)
ginlalli.com,gin@ginlalli.com,not US (list address)
manchesterentrhinoplasty.co.uk,baskaranent@hotmail.com,not US (list address)
wix.to,avishai.abrahami@gmail.com,practice type not targeted: Massage therapist
hypnotherapy-jessicahothersall.com,jessicahothersall@gmail.com,not US (list address)
flawlesssparetreat.com,marie@flawlesssparetreat.com,practice type not targeted: Day spa
everglospa.com,everglodayspa@gmail.com,practice type not targeted: Spa
cosmeticbreastsurgeon.co.uk,victoria.short@nuffieldhealth.com,not US (list address)
thespa10.com,lori@thespa10.com,practice type not targeted: Spa
mahaskincare.com,maha@mahaskincare.com,practice type not targeted: Facial spa
mayrivermassage.com,catie@mayrivermassage.com,practice type not targeted: Massage therapist
afas.co.uk,mark@afas.co.uk,not US (list address)
bareskinandbody.co,bareskinandbody1@gmail.com,practice type not targeted: Facial spa
simplyskincaremichelle.com,simplyskincare101@gmail.com,practice type not targeted: Facial spa
facecraftbysunny.com,facecraftbysunny@gmail.com,practice type not targeted: Registered general nurse
rightdose.co.uk,superintendent@rightdose.co.uk,not US (list address)
paediatricnutrition.com,carine@paediatricnutrition.com,not US (list address)
nordichousespa.com,miechellecmt@gmail.com,practice type not targeted: Massage therapist
hertscupping.co.uk,hertscupping@gmail.com,not US (list address)
ucl.ac.uk,c.glen@ucl.ac.uk,not US (list address)
iloveskintopia.com,skintopia16@gmail.com,practice type not targeted: Spa
bodhi-aesthetics.com,merari@bodhi-aesthetics.com,practice type not targeted: Facial spa
skinfinityandbeyond.info,marissalynn913@skinfinityandbeyond.info,practice type not targeted: Facial spa
essentialskinandelectrolysis.com,vici@essentialskinandelectrolysis.com,practice type not targeted: Electrolysis hair removal service
beautybydeanna.studio,beautybydeanna1111@gmail.com,practice type not targeted: Beauty salon
gavinmccoubrey.com,karen@rmshealth.co.uk,not US (list address)
seanprescottnutritionandfitness.com,sean@seanprescottnutritionandfitness.com,not US (list address)
pureblissmassagesav.com,murraysavmt1@gmail.com,practice type not targeted: Massage therapist
theestheticsuite.com,markeeta.stokes@gmail.com,practice type not targeted: Waxing hair removal service
cambridgewomenshealth.co.uk,susanna@cambridgewomenshealth.co.uk,not US (list address)
manchestergeneralsurgery.co.uk,aali.sheen@fortiusclinic.com,not US (list address)
manchestergeneralsurgery.co.uk,roisin.hayhurstwork@gmail.com,not US (list address)
nakulpatel.com,me@nakulpatel.com,not US (list address)
nakulpatel.com,pa@nakulpatel.com,not US (list address)
ajhtherapy.co.uk,ajhsportstherapy@gmail.com,not US (list address)
alignmenttherapy.co.uk,barbora@alignmenttherapy.co.uk,not US (list address)
impacthealthphysio.com,impacthealthphysio@gmail.com,not US (list address)
hypnotherapybristolpractice.co.uk,greg@hypnotherapybristolpractice.co.uk,not US (list address)
charlotteyeomans.co.uk,charlotteyeomansaesthetics@gmail.com,not US (list address)
deliveringdemand.com,hello@deliveringdemand.com,not US (list address)
melfitbody.com,melfitness123@gmail.com,practice type not targeted: Retreat center
robwinterton.co.uk,vicki@robwinterton.co.uk,not US (list address)
moderngracelaser.com,michelle@moderngracelaser.com,practice type not targeted: Laser hair removal service
lumihealthclinic.co.uk,ifti@lumihealthclinic.co.uk,not US (list address)
lumihealthclinic.co.uk,beth@lumihealthclinic.co.uk,not US (list address)
thewightrelaxationroom.uk,wightrelaxroom@gmail.com,not US (list address)
gentletouch.dental,matthew@gentletouch.dental,not US (list address)
facialawareness.beauty,tracey@facialawareness.beauty,not US (list address)
exeterbeautyclinic.co.uk,team@exeterbeautyclinic.co.uk,not US (list address)
nutreat.uk,nutreatglasgow@gmail.com,not US (list address)
thelightertouch.org,karen.lightertouch@gmail.com,not US (list address)
annplewshypnotherapy.com,annplewshypnotherapy@gmail.com,not US (list address)
quaykineticsphysio.co.uk,quaykineticsphysio@gmail.com,not US (list address)
hiroshinishikawa.co.uk,hiroshi.nishikawa.secretary@outlook.com,not US (list address)
thewyeclinic.com,tracy@thewyeclinic.com,not US (list address)
ibreast.uk,msalhab1@gmail.com,not US (list address)
ibreast.uk,beverly.timmons@nhs.net,not US (list address)
soulchillcryo.co.uk,healthandsoulhealthcoach@gmail.com,not US (list address)
down2uhealthandwellbeing.co.uk,adam@down2uhealthandwellbeing.co.uk,not US (list address)
thesportstherapyclinicmorley.co.uk,contact@thesportstherapyclinicmorley.co.uk,not US (list address)
asenseofhealth.com,pam@asenseofhealth.com,not US (list address)
bodymotionlab.co.uk,bodymotionlabuk@gmail.com,not US (list address)
thehybridgym-wkfld.com,paul@thehybridgym-wkfld.com,not US (list address)
bodyandbrows.com,alice@bodyandbrows.com,not US (list address)
blueskyhypnosis.com,peter@blueskyhypnosis.com,practice type not targeted: Hypnotherapy service
plasticandhandsurgery.co.uk,mary@plasticandhandsurgery.co.uk,not US (list address)
plasticandhandsurgery.co.uk,chrisparker1780@gmail.com,not US (list address)
annetterixtherapies.co.uk,annetterixtherapies@gmail.com,not US (list address)
april-skin.com,april@april-skin.com,practice type not targeted: Facial spa
liscioesthetics.net,liscioesthetics@gmail.com,practice type not targeted: Facial spa
drdegiovanni.co.uk,cvdegiovanni@gmail.com,not US (list address)
wellnessdumfries.org,contact@wellnessdumfries.org,not US (list address)
guysandstthomasspecialistcare.co.uk,amanda.pritchard@nhs.net,not US (list address)
cgwaesthetics.co.uk,cgw@cgwaesthetics.co.uk,not US (list address)
kellybvannortwick.com,kellybvannortwick@gmail.com,practice type not targeted: Hypnotherapy service
bellechoses.com,styja@bellechoses.com,practice type not targeted: Facial spa
lbsnutritionllc.com,lauren@lbsnutritionllc.com,practice type not targeted: Dietitian
originwellnessco.co,mariah@originwellnessco.co,business already emailed or queued
beverleebotanicals.com,beverlee.felkner@salonlofts.com,practice type not targeted: Day spa
beverleebotanicals.com,paul@beverleebotanicals.com,practice type not targeted: Day spa
tranquiltouchesthetics.com,joyfultesti@yahoo.com,practice type not targeted: Spa
fromtheheartnutrition.com,liz@fthnutrition.com,practice type not targeted: Dietitian
finesseaesthetics.co.uk,amanda@finesseaesthetics.co.uk,not US (list address)
uchicagomedicineadventhealth.org,monica.reed@adventhealth.com,practice type not targeted: Surgeon
uchicagomedicineadventhealth.org,meghan.moreno@adventhealth.com,practice type not targeted: Surgeon
waterfieldwellness.com,hturcotte@waterfieldacupuncture.com,practice type not targeted: Acupuncturist
thebeautyboothsoco.com,jennie@thebeautyboothsoco.com,practice type not targeted: Waxing hair removal service
smileperfect.com,drbons@smileperfect.com,practice type not targeted: Dentist
thednadietitian.co.uk,rachel@thednadietitian.co.uk,not US (list address)
atdentistry.com,kevin@atdentistry.com,practice type not targeted: Dentist
lmkesthetics.com,lmkesthetics@yahoo.com,practice type not targeted: Spa
trueperformancekc.com,pete@trueperformancekc.com,practice type not targeted: Physical therapy clinic
leguprecovery.com,micheline@leguprecovery.com,practice type not targeted: Spa
leguprecovery.com,collin@leguprecovery.com,practice type not targeted: Spa
ptsmc.com,alan.balavender@ptsmc.com,practice type not targeted: Physical therapy clinic
ptsmc.com,sandy.mason@ptsmc.com,practice type not targeted: Physical therapy clinic
bensonfamilydentistryllc.com,bensonfamilydentistry@yahoo.com,practice type not targeted: Dentist
laurahalvorsendds.com,laurahalvorsen@sbcglobal.net,practice type not targeted: Dentist
healthevolves.com,vivek@healthevolves.com,practice type not targeted: Podiatrist
mcdonaldpt.com,francis@mcdonaldpt.com,practice type not targeted: Physical therapy clinic
mcdonaldpt.com,fran@mcdonaldpt.com,practice type not targeted: Physical therapy clinic
primedentalbroward.com,jessica@primedentalbroward.com,practice type not targeted: Dentist
starresthetics.co,shayleestarr11@yahoo.com,practice type not targeted: Facial spa
breathedentistry.com,jordon@breathedentistry.com,practice type not targeted: Dentist
ginovissers.co.uk,gino@ginovissers.co.uk,not US (list address)
aboveandbeyonddental.com,drdarylrobertson@yahoo.com,practice type not targeted: Dentist
canyonwestdental.com,drsingh@canyonwestdental.com,practice type not targeted: Dentist
bodyglow.studio,kelly@bodyglow.studio,practice type not targeted: Facial spa
themovementdoctors.com,michelle@themovementdoctors.com,practice type not targeted: Physical therapy clinic
rockville-hypnosis.com,mwei4188@yahoo.com,practice type not targeted: Hypnotherapy service
marianicoleaesthetics.com,maria@marianicoleaesthetics.com,practice type not targeted: Spa
tesspa.com,tessa@tesspa.com,practice type not targeted: Spa
apexbodytuningmassage.com,galina@apexbodytuningmassage.com,practice type not targeted: Massage therapist
coletteskincare.com,c.tomasi@coletteskincare.com,practice type not targeted: Facial spa
insightfamilymedicine.com,emily@insightfamilymedicine.com,practice type not targeted: Acupuncture clinic
nusmileimplantstudio.com,fashtewi@nusmile.org,practice type not targeted: Dental clinic
axiompt.com,ben@axiompt.com,practice type not targeted: Physical therapy clinic
flawlessaestheticsanddayspa.com,nicole@flawlessaestheticsanddayspa.com,practice type not targeted: Day spa
ehsptchiro.com,chris@ehsptchiro.com,practice type not targeted: Physical therapy clinic
bloomdoral.com,yoan@bloomdoral.com,practice type not targeted: Facial spa
bodywavessalon.com,body.waves@yahoo.ca,not US (list address)
epic-physicaltherapy.com,scott@epic-physicaltherapy.com,practice type not targeted: Physical therapy clinic
epic-physicaltherapy.com,donna@epic-physicaltherapy.com,practice type not targeted: Physical therapy clinic
epic-physicaltherapy.com,lauren@epic-physicaltherapy.com,practice type not targeted: Physical therapy clinic
bespokebeautyandbody.com,nasreen@bespokebeautyandbody.com,practice type not targeted: Spa
revivlounge.com,jami@revivlounge.com,business already emailed or queued
pugetsoundacu.com,dylan@pugetsoundacu.com,practice type not targeted: Acupuncture clinic
gmstherapyandfitness.com,ben@gmstherapyandfitness.com,practice type not targeted: Physical therapy clinic
powersperformancept.net,amy@powersperformancept.com,practice type not targeted: Physical therapy clinic
p3partners.care,tnorth@p3partners.care,practice type not targeted: Dental clinic
mint-pt.com,brad@mint-pt.com,practice type not targeted: Physical therapy clinic
asgskinbarandstudio.com,amanda@asgskinbarandstudio.com,practice type not targeted: Spa
aknawellnessspa.com,info@aknawellnessspa.com,practice type not targeted: Massage spa
lakesidewellnessandapothecary.com,mvlarusso@yahoo.com,practice type not targeted: Massage spa
thepremisesp.com,michael@thepremisesp.com,practice type not targeted: Fitness center
paloshillssc.com,garykronen@midamericaortho.com,practice type not targeted: Surgical center
paloshillssc.com,dawneidman@paloshillssc.com,practice type not targeted: Surgical center
medical-ink.net,cdottolo@medical-ink.net,practice type not targeted: Permanent make-up clinic
untouchedmedispa.com,hunter@untouchedmedispa.com,practice type not targeted: Spa
elitebodylounge.com,kaeinez@elitebodylounge.com,practice type not targeted: Massage spa
freshfeetfootcare.com,lisa@freshfeetfootcare.com,practice type not targeted: Foot care
studio104salon.com,racquel@studio104salon.com,practice type not targeted: Spa
abjsurgerycenter.com,james@abjsurgerycenter.com,practice type not targeted: Surgical center
mcauleyco.com,michelle@mcauleyco.com,practice type not targeted: Health and beauty shop
achievehypnotherapy.com,tom@achievehypnotherapy.com,practice type not targeted: Hypnotherapy service
holstonmedicalgroup.com,scott.fowler@holstonmedicalgroup.com,practice type not targeted: Surgeon
carsonaesthetics.com,nicole@carsonaesthetics.com,practice type not targeted: Day spa
facetimesonoma.com,christelcromeyer@yahoo.com,practice type not targeted: Facial spa
spaazure.com,christine@spaazure.com,practice type not targeted: Facial spa
dermalaser.com,marisol@dermalaser.com,practice type not targeted: Laser hair removal service
aquaauraspa.com,tania@aquaauraspa.com,practice type not targeted: Massage spa
tridentmedservices.com,kacey.seal@tridentmedservices.com,business already emailed or queued
pleasantvillesmiles.com,tiffany@pleasantvillesmiles.com,practice type not targeted: Dentist
readysetrefreshed.com,refreshlaserspa1@ymail.com,practice type not targeted: Laser hair removal service
healthybodypt.com,yordan@healthybodypt.com,practice type not targeted: Physical therapy clinic
allfamilydentaldoctor.com,kalina@allfamilydentaldoctor.com,practice type not targeted: Dentist
skinlavish.life,nicole@skinlavish.net,practice type not targeted: Beauty salon
diazacupuncture.com,adalys@diazacupuncture.com,practice type not targeted: Acupuncture clinic
carpinteriasmiles.com,nimaafshar@yahoo.com,practice type not targeted: Dentist
buchanandentalarts.com,carlos@buchanandentalarts.com,practice type not targeted: Dentist
wdarrdds.com,kay@wdarrdds.com,practice type not targeted: Dental clinic
eastbayvein.com,albert.malvehy@eastbayvein.com,practice type not targeted: Vascular surgeon
armorbeauty.com,kylee@armorbeauty.com,practice type not targeted: Facial spa
nizhonispa.com,christina@nizhonispa.com,practice type not targeted: Day spa
promptemr.com,raymond.baliatico@promptemr.com,practice type not targeted: Physical therapy clinic
luxepodiatry.com,suzanne@luxepodiatry.com,practice type not targeted: Podiatrist
tennovagreaterknoxvilledocs.com,tony.benton@tennova.com,practice type not targeted: Surgeon
tennovagreaterknoxvilledocs.com,bill.rich@tennova.com,practice type not targeted: Surgeon
beautifulfacesbyandrea.com,andreahurst@beautifulfacesbyandrea.onmicrosoft.com,practice type not targeted: Spa
sundreespa.com,brittany@sundreespa.com,practice type not targeted: Spa
ossaskinworks.com,monique@ossaskinworks.com,practice type not targeted: Facial spa
weighttutor.com,mike@weighttutor.com,practice type not targeted: Women's personal trainer
cleansemoderndayspa.com,lisa@cleansemoderndayspa.com,practice type not targeted: Day spa
delegancebeautybar.com,giselle@delegancebeautybar.com,practice type not targeted: Permanent make-up clinic
titanptky.com,karapt@titanptky.com,practice type not targeted: Physical therapist
falconpointdentalcare.com,pbauer@heartlanddentalcare.com,practice type not targeted: Dentist
vitoloskin.com,nvfrancesca@aol.com,practice type not targeted: Facial spa
vtmomspt.com,davida@vtmomspt.com,practice type not targeted: Physical therapy clinic
alineahealth.us,oneida@alineahealth.us,business already emailed or queued
rezanassab.com,reza@rezanassab.com,not US (list address)
paramount-pt.com,ledison@paramount-pt.com,practice type not targeted: Physical therapy clinic
apexfootanklesurgery.com,ryan@apexfootanklesurgery.com,practice type not targeted: Podiatrist
betterbeautyskinstudio.com,nydia@betterbeautywaco.com,practice type not targeted: Facial spa
memorialhealthswok.com,brent.smith@memorialhealthswok.com,practice type not targeted: Surgeon
memorialhealthswok.com,becky.holland@memorialhealthswok.com,practice type not targeted: Surgeon
ellevateskinandbrows.com,ellen@ellevateskinandbrows.com,practice type not targeted: Facial spa
k-ari.com,bryce@k-ari.com,practice type not targeted: Facial spa
dragonflymedicalmassage.com,suzanne@dragonflymedicalmassage.com,practice type not targeted: Massage therapist
skininstituteusa.com,skininstitute@aol.com,practice type not targeted: Facial spa
magnoliadentistryky.com,alexandra@magnoliadentistryky.com,practice type not targeted: Dentist
mylaserhair.com,carisa@mylaserhair.com,practice type not targeted: Laser hair removal service
betterpt.com,tim@betterpt.com,practice type not targeted: Physical therapist
betterpt.com,greg@betterpt.com,practice type not targeted: Physical therapist
rocksolidptp.com,sam.zehnder@rsptp.com,practice type not targeted: Physical therapist
rochellovern.com,rochell@rochellovern.com,practice type not targeted: Facial spa
haynespt.com,luke@haynespt.com,practice type not targeted: Physical therapist
bellainyoudayspa.com,patricia@bellainyoudayspa.com,practice type not targeted: Day spa
diamondtansalonandspa.com,keri@diamondtansalonandspa.com,practice type not targeted: Tanning salon
amplifyhp.com,sean@amplifyhp.com,practice type not targeted: Physical therapist
amplifyhp.com,alex@amplifyhp.com,practice type not targeted: Physical therapist
acupuncturesangabriela.com,phillipyih88@yahoo.com,practice type not targeted: Acupuncture clinic
hunterdonhealth.org,jjuliano@hhsnj.org,practice type not targeted: Surgeon
hunterdonhealth.org,kseelig@hhsnj.org,practice type not targeted: Surgeon
hunterdonhealth.org,atiedemann@hhsnj.org,practice type not targeted: Surgeon
hunterdonhealth.org,mbenyola@hhsnj.org,practice type not targeted: Surgeon
hunterdonhealth.org,rschneider@hhsnj.org,practice type not targeted: Surgeon
hunterdonhealth.org,jskillinge@hhsnj.org,practice type not targeted: Surgeon
hunterdonhealth.org,marybethsmith@hhsnj.org,practice type not targeted: Surgeon
hunterdonhealth.org,mtorkelson@hhsnj.org,practice type not targeted: Surgeon
hunterdonhealth.org,pbeekman@hhsnj.org,practice type not targeted: Surgeon
medicalmassagebysamantha.com,samantha@medicalmassagebysamantha.com,practice type not targeted: Massage therapist
myfacialgirl.com,christy@myfacialgirl.com,practice type not targeted: Facial spa
mbaestheticsohio.com,megan@mbaestheticsohio.com,practice type not targeted: Day spa
sarahkrueckeldds.com,thedentists@sbcglobal.net,practice type not targeted: Dentist
drfriedt.com,info@drfriedt.com,practice type not targeted: Dentist
illuminatedentistry.com,shari@illuminatedentistry.com,practice type not targeted: Dentist
beyouheal.com,info@beyouheal.com,practice type not targeted: Reiki therapist
gymacademy.info,bob@gymacademy.info,practice type not targeted: Fitness center
facetheworldwv.com,lisa@facetheworldwv.com,practice type not targeted: Cosmetics industry
thelivingwellspa.com,jamie@thelivingwellspa.com,practice type not targeted: Spa
bainbridgedentalcare.com,elizabeth@bainbridgedentalcare.com,practice type not targeted: Dental clinic
theskinrendezvous.com,deedee@theskinrendezvous.com,practice type not targeted: Day spa
wellmaxphysiotherapy.ca,gurmeet@wellmaxphysiotherapy.ca,not US (list address)
rogue-beautybar.com,brittani@rogue-beautybar.com,practice type not targeted: Beauty salon
havenlybeautyspa.com,melissa@havenlybeautyspa.com,practice type not targeted: Permanent make-up clinic
rosiesbeautyspa.com,ashley@rosiesbeautyspa.com,practice type not targeted: Day spa
allsmilesbethesda.com,lorraine@allsmilesbethesda.com,practice type not targeted: Dentist
allsmilesbethesda.com,jonathan@allsmilesbethesda.com,practice type not targeted: Dentist
inn8living.com,taylor@inn8living.com,practice type not targeted: Dietitian
jrmillington.com,john@jrmillington.com,practice type not targeted: Dentist
davidsonsurgery.com,jack@davidsonsurgery.com,practice type not targeted: Surgical center
leawoodtotalwellness.com,khyati@leawoodtotalwellness.com,business already emailed or queued
leawoodtotalwellness.com,manager@leawoodtotalwellness.com,business already emailed or queued
whetwork.com,glenn@whetwork.com,practice type not targeted: Sports massage therapist
handandortho.com,margo.b@handandortho.com,practice type not targeted: Physical therapist
agelessskin4u.com,irene.harrigan@agelessskin4u.com,practice type not targeted: Spa
destinationgleaux.com,adrienne@destinationgleaux.com,practice type not targeted: Facial spa
beafya.life,devin@beafya.life,practice type not targeted: Psychiatrist
smilesbydesignco.com,justin@smilesbydesignco.com,practice type not targeted: Dentist
murphydentalcenter.com,laura@murphydentalcenter.com,practice type not targeted: Dentist
murphydentalcenter.com,barry@murphydentalcenter.com,practice type not targeted: Dentist
alairmedspa.com,virginia@alairmedspa.com,practice type not targeted: Facial spa
86ink.com,leisha@86ink.com,practice type not targeted: Tattoo removal service
anokadental.com,lee@anokadental.com,practice type not targeted: Dentist
clinical-beauty.co.uk,nicky@clinical-beauty.co.uk,not US (list address)
sknbykass.com,kassandra_sanford@yahoo.com,practice type not targeted: Facial spa
purejoyboutiquespa.me,bjoyousme@aol.com,practice type not targeted: Spa
northbay.org,desiree.chandler@northbay.org,practice type not targeted: Surgical center
northbay.org,mbehl@northbay.org,practice type not targeted: Surgical center
eastcoastiv.com,amanda@eastcoastiv.com,business already emailed or queued
eastcoastiv.com,brandon@eastcoastiv.com,business already emailed or queued
avaramassageandspa.com,natthaphon@avaramassageandspa.com,practice type not targeted: Massage spa
mbsurgerycenter.com,frank@mbsurgerycenter.com,practice type not targeted: Surgical center
marcellousesthetics.com,tyaiteiyhana@marcellousesthetics.com,practice type not targeted: Facial spa
bitterroothealth.org,johnbishop@bitterroothealth.org,practice type not targeted: Surgical center
skinbywhitney.com,whitney@skinbywhitney.com,practice type not targeted: Spa
vayuspa.com,meghan@vayuspa.com,practice type not targeted: Massage therapist
hollanddental.net,tara@hollanddental.net,practice type not targeted: Dentist
hollanddental.net,joseph@hollanddental.net,practice type not targeted: Dentist
cenvalss.com,ganesh@cenvalss.com,practice type not targeted: Surgeon
fitnessbarllc.com,sarah@fitnessbarllc.com,practice type not targeted: Fitness center
spaattownsquare.com,tammi@spaattownsquare.com,practice type not targeted: Spa
katzeneye.com,bkatzen@katzeneye.com,practice type not targeted: Ophthalmology clinic
garrickgeorgeu.co.uk,garrick@garrickgeorgeu.co.uk,not US (list address)
garrickgeorgeu.co.uk,secretary@garrickgeorgeu.co.uk,not US (list address)
orchidskincompany.com,lauren@orchidskincompany.com,practice type not targeted: Day spa
avenzoaracupuncture.com,fuentes120@yahoo.com,practice type not targeted: Acupuncture clinic
shelbyplasticsurgery.com,colleen@shelbyplasticsurgery.com,practice type not targeted: (blank)
shelbyplasticsurgery.com,clement@shelbyplasticsurgery.com,practice type not targeted: (blank)
omorphialasercosmetics.com,sophie@omorphialasercosmetics.com,not US (list address)
rangeptmontana.com,maddie@rangeptmontana.com,practice type not targeted: Physical therapy clinic
riversideaestheticsla.com,drjmcordova@yahoo.com,practice type not targeted: Spa
thebborganics.com,betuladiguzel@yahoo.com,practice type not targeted: Spa
self-transformations.com,charuta@self-transformations.com,practice type not targeted: Massage therapist
stvincenthospital.com,maria.moralesmenendez@stvincenthospital.com,practice type not targeted: Surgeon
lemoncreekdental.com,kai@lemoncreekdental.com,practice type not targeted: Dentist
infinitymedspari.com,albert.marano@yahoo.com,practice type not targeted: Spa
angeramedental.com,thomas@angeramedental.com,practice type not targeted: Dentist
skinneon.co.uk,sheetal@skinneon.co.uk,not US (list address)
arkansaspermanentcosmeticsinstitute.com,cole@apciedu.com,practice type not targeted: Permanent make-up clinic
arkansaspermanentcosmeticsinstitute.com,kirsten@apciedu.com,practice type not targeted: Permanent make-up clinic
miamibluespa.com,lisa@miamibluespa.com,practice type not targeted: Facial spa
riverfrontsurgery.com,dawn.mcelhone@riverfrontsurgery.com,practice type not targeted: Surgical center
nstreetdental.com,brandy@nstreetdental.com,practice type not targeted: Dentist
easyweek.io,yevhen@easyweek.io,practice type not targeted: Massage therapist
taosorganicskincare.com,jillmoorelove100@yahoo.com,practice type not targeted: Facial spa
starkdentistry.com,john@starkdentistry.com,practice type not targeted: Dentist
ralphmasseymd.com,ralph@ralphmasseymd.com,practice type not targeted: Surgeon
laserandbeyond.com,amber@laserandbeyond.com,practice type not targeted: Laser hair removal service
striveivandwellness.com,jmoney@striveivandwellness.com,already emailed or queued
olympusmdwellness.com,michael@olympusmdwellness.com,business already emailed or queued
browardcenterofholisticmedicine.com,info@drnazzar.com,practice type not targeted: Acupuncture clinic
endlessesthetics.com,emily@endlessesthetics.com,practice type not targeted: Facial spa
healingharmonymassage.com,ashley@healingharmonymassage.com,practice type not targeted: Day spa
theestheticroom.com,aracelly@theestheticroom.com,practice type not targeted: Facial spa
elmhurstdentists.com,carly@scharfenbergdental.com,practice type not targeted: Dentist
bleumarinespa.com,aurelie@bleumarinespa.com,practice type not targeted: Spa
integralphysicaltherapy.org,chris@integralphysicaltherapy.org,practice type not targeted: Physical therapy clinic
millenniummedicalaesthetics.com,krutherford@millenniummedicalaesthetics.com,practice type not targeted: Laser hair removal service
erinsactivatedwellness.com,erin@lilacandflint.com,practice type not targeted: Facial spa
bellasareena.com,orly@bellasareena.com,practice type not targeted: Facial spa
enameldentistry.com,hardik@enameldentistry.com,practice type not targeted: Dentist
butlerhealthsystem.org,anna.hogg@butlerhealthsystem.org,practice type not targeted: Surgeon
yukoacupuncture.co.uk,yuko@yukoacupuncture.co.uk,not US (list address)
assistedlivinglocators.com,angela@assistedlivinglocators.com,practice type not targeted: Senior citizen center
assistedlivinglocators.com,michael@assistedlivinglocators.com,practice type not targeted: Senior citizen center
luminaeskin.com,koni@luminaeskin.com,practice type not targeted: Facial spa
skinrebootbymayra.com,mayra@skinrebootbymayra.com,practice type not targeted: Spa
sflbreastcare.com,june.lee@sflbreastcare.com,practice type not targeted: Surgical oncologist
lutywaxskincare.com,indhira@lutywaxskincare.com,not US (list address)
pascualsurgerycenter.com,joven.pascual@pascualsurgerycenter.com,practice type not targeted: Surgical center
awakeningbodyworkforwomen.com,stephanie@awakeningbodyworkforwomen.com,practice type not targeted: Massage spa
breastassociatesoftexas.com,sara.cavey@breastassociatesoftexas.com,practice type not targeted: Surgeon
breastassociatesoftexas.com,amelia.tower@breastassociatesoftexas.com,practice type not targeted: Surgeon
20thstreetasc.com,barbara@20thstreetasc.com,practice type not targeted: Surgical center
centralcoastplastics.com,jeremy@centralcoastplastics.com,practice type not targeted: Plastic fabrication company
avmedicalcenters.com,walsin@avmedicalcenters.com,practice type not targeted: Public medical center
unravelacadiana.com,brittanylmt@unravelacadiana.com,practice type not targeted: Massage spa
devoteddentalgroup.com,nawras@devoteddentalgroup.com,practice type not targeted: Dentist
sloskinstudio.com,marissa@sloskinstudio.com,practice type not targeted: Facial spa
iridescentglowspa.com,beth@iridescentglowspa.com,practice type not targeted: Spa
caycedentistry.com,office@caycedentistry.com,practice type not targeted: Dentist
mtvdental.com,brittany.israelsen@mtvdental.com,practice type not targeted: Dentist
leesvilledentalstudio.com,info@leesvilledentalstudio.com,practice type not targeted: Dentist
oceanhealthcenter.com,adam@oceanhealthcenter.com,business already emailed or queued
gigiaesthe.com,georgette@gigiaesthe.com,practice type not targeted: Waxing hair removal service
ridgecresthypnosiscenter.com,holly@ridgecresthypnosiscenter.com,practice type not targeted: Hypnotherapy service
foremotionpt.com,alex@foremotionpt.com,practice type not targeted: Physical therapy clinic
jmarikit.com,joanna@jmarikit.com,practice type not targeted: Facial spa
plushspajoplin.com,jfan@att.net,practice type not targeted: Day spa
mjsculpt360.com,cecilia@mjsculpt360.com,practice type not targeted: Day spa
goodlifegr.com,ryan@goodlifegr.com,practice type not targeted: Physical therapy clinic
xs-sculpt.com,maritza@xs-sculpt.com,practice type not targeted: Health and beauty shop
luxskinspa.com,deborah@luxskinspa.com,practice type not targeted: Day spa
proclinix.com,dr.siegel@proclinix.com,practice type not targeted: Physical therapy clinic
smiletustin.com,zahra@smiletustin.com,practice type not targeted: Dentist
hoothrt.com,john@hoothrt.com,business already emailed or queued
pvdental.net,david@pvdental.net,practice type not targeted: Dentist
smilesofrohnertpark.com,chrismurolo@yahoo.com,practice type not targeted: Dentist
revampbodylab.com,kelly@revampbodylab.com,practice type not targeted: Day spa
luxurylaser.com,anastasiya@luxurylaser.com,practice type not targeted: Laser hair removal service
functionalhealthconsultants.com,moser.robert@fhcmhk.com,practice type not targeted: Physical therapist
bellflowerlactation.com,aemelia@bellflowerlactation.com,practice type not targeted: Lactation service
bloomwellness-spa.com,kelly@bloomwellness-spa.com,practice type not targeted: Health and beauty shop
austinmdclinic.com,kausik.roy@austinmdclinic.com,business already emailed or queued
rejuvenatinghealthandwellness.com,sonja@rejuvenatinghealthandwellness.com,practice type not targeted: Acupuncture clinic
indianaspecialty.com,afoster@uspi.com,practice type not targeted: Surgical center
yogasix.com,ccavagnero@yogasix.com,practice type not targeted: Yoga studio
yogasix.com,beth.georges@yogasix.com,practice type not targeted: Yoga studio
yogasix.com,dawn.mohr@yogasix.com,practice type not targeted: Yoga studio
onetdentistry.com,dana@onetdentistry.com,practice type not targeted: Dentist
masooddental.com,akbar@masooddental.com,practice type not targeted: Dentist
brisaspa.com,michelle@brisaspa.com,not US (list address)
littlebelliesspa.com,hannah@littlebelliesspa.com,practice type not targeted: Pregnancy care center
advanceddentalspa.com,raed@advanceddentalspa.com,practice type not targeted: Dentist
bergencountysurgerycenter.com,mholsworth@bergencountysurgerycenter.com,practice type not targeted: Surgical center
bergencountysurgerycenter.com,naydin@bergencountysurgerycenter.com,practice type not targeted: Surgical center
viciskinut.com,madi@viciskinut.com,practice type not targeted: Day spa
drstevenabramsdentist.com,molarfix@cs.com,practice type not targeted: Dentist
kansascitysmiles.com,drwesley@kansascitysmiles.com,practice type not targeted: Dentist
kansascitysmiles.com,drnikki@kansascitysmiles.com,practice type not targeted: Dentist
bellabodyandspa.com,sherri@bellabodyandspa.com,practice type not targeted: Spa
litchfielddentalcare.com,alexandra@litchfielddentalcare.com,practice type not targeted: Dentist
peacefullynourished.ca,hello@peacefullynourished.ca,not US (list address)
pt.deltasnr.com,phil@deltasnr.com,practice type not targeted: Physical therapist
divinediscoveryhealing.com,deanna@divinediscoveryhealing.com,practice type not targeted: Hypnotherapy service
eyecandyhi.com,sandy@eyecandyhi.com,practice type not targeted: Waxing hair removal service
blinkbeautybar.net,ashley@blinkbeautybar.net,practice type not targeted: Permanent make-up clinic
thedentalloftnj.com,manager@thedentalloftnj.com,practice type not targeted: Dentist
parkcenterfamilydentistry.com,bernard@parkcenterfamilydentistry.com,practice type not targeted: Dentist
wellnessboutiquespa.com,divinewellness18@yahoo.com,practice type not targeted: Massage spa
rebeccaryanmedspa.com,rebecca@rebeccaryanmedspa.com,practice type not targeted: Spa
carpediembeautystudio.com,andjela@carpediembeautystudio.com,not US (list address)
iriswellnesscenter.com,carleigh@iriswellnesscenter.com,practice type not targeted: Acupuncturist
elementwellness.com,gene@elementwellness.com,business already emailed or queued
healthforyoubyyou.com,lbeasley@healthforyoubyyou.com,practice type not targeted: Dietitian
jacksonclinic.com,mallen@jacksonclinic.com,practice type not targeted: Surgeon
jacksonclinic.com,sajohnso@jacksonclinic.com,practice type not targeted: Surgeon
studiomasami.com,alana@studiomasami.com,practice type not targeted: Permanent make-up clinic
vitalcarerehab.com,david@vitalcarerehab.com,practice type not targeted: Physical therapy clinic
desirelaserplus.com,madelin1315@yahoo.com,practice type not targeted: Laser hair removal service
jolibeautiful.com,jane@jolibeautiful.com,practice type not targeted: Permanent make-up clinic
spaesthetics.com,amanda@spaesthetics.com,practice type not targeted: Spa
barsoumdental.com,samantha@barsoumdental.com,practice type not targeted: Dentist
barsoumdental.com,maher@barsoumdental.com,practice type not targeted: Dentist
havenbeauty.com,ingrid@havenbeauty.com,practice type not targeted: Beauty salon
southernelitecare.com,hparrish@southernelitecare.com,practice type not targeted: Urgent care center
smoothtouchnhp.com,jkutun@yahoo.com,practice type not targeted: Laser hair removal service
sevapt.com,gaurav@sevapt.com,practice type not targeted: Physical therapy clinic
phoenixrisesacupuncture.com,gordana.smith@yahoo.com,practice type not targeted: Acupuncture clinic
vermontplastics.com,rwatson@vermontplastics.com,practice type not targeted: Plastic fabrication company
vermontplastics.com,rdolliver@vermontplastics.com,practice type not targeted: Plastic fabrication company
tsalonsuites.com,tammy@tsalonsuites.com,practice type not targeted: Beauty salon
bluediamondsurgicalspecialists.com,amy@bluediamondsurgicalspecialists.com,practice type not targeted: Surgical center
ngbeautystudio.com,natalia@ngbeautystudio.com,practice type not targeted: Beauty salon
glowlabsskincare.com,julianna@glowlabsskincare.com,practice type not targeted: Facial spa
caretimeaestheticshydration.com,shanb@caretimeaestheticshydration.com,practice type not targeted: Spa
theskincottage.com,theskincottage@yahoo.com,practice type not targeted: Facial spa
skylineperio.com,scott@skylineperio.com,practice type not targeted: Dental implants periodontist
abeauty-oh.com,anita@abeauty-oh.com,practice type not targeted: Facial spa
laserhere.com,gary@laserhere.com,practice type not targeted: Laser hair removal service
aureaskin.com,megan@aureaskin.com,practice type not targeted: Facial spa
onewithnaturespa.com,natalya_vasilev@yahoo.com,practice type not targeted: Massage therapist
salonboutique.com,crissy@salonboutique.com,practice type not targeted: Beauty salon
salonboutique.com,ebi@salonboutique.com,practice type not targeted: Beauty salon
driptheoryky.com,stacey@driptheoryky.com,practice type not targeted: Health and beauty shop
prismaskinandbeauty.com,tamara@prismaskinandbeauty.com,practice type not targeted: Day spa
labeautypostop.com,juanna@labeautypostop.com,practice type not targeted: Spa
vitalityiv.com,melinda@vitalityiv.com,business already emailed or queued
welchsecurity.com,rob@welchsecurity.com,practice type not targeted: Security system supplier
rxbeautyroom.com,josseline@rxbeautyroom.com,practice type not targeted: Health and beauty shop
vsskinstudio.com,vickie@vsskinstudio.com,practice type not targeted: Spa
perlmanclinic.com,ian@perlmanclinic.com,practice type not targeted: Urgent care center
smilecircledental.com,amjad@smilecircledental.com,practice type not targeted: Dentist
sknbysonia.com,sonia@sknbysonia.com,not US (list address)
saltandlightaesthetics.com,saltandlightaesthetics@yahoo.com,practice type not targeted: Facial spa
beautybysize.com,beautybysize@yahoo.com,practice type not targeted: Spa
sunnydaledental.com,stina@sunnydaledental.com,practice type not targeted: Dentist
redmondteeth.com,jay@redmondteeth.com,practice type not targeted: Dentist
facerefineryjax.com,gretchen@facerefineryjax.com,practice type not targeted: Facial spa
goldenhourskincarela.com,matildakeane@goldenhourskincarela.com,practice type not targeted: Facial spa
estheticallybare.com,emily@estheticallybare.com,practice type not targeted: Facial spa
neotericdayspa.com,lanita@neotericdayspa.com,practice type not targeted: Spa
ivloungect.com,mary@ivloungect.com,business already emailed or queued
modernaestheticshawaii.com,paula@modernaestheticshawaii.com,practice type not targeted: Facial spa
irahlaserandmedspa.com,rose@irahlaserandmedspa.com,practice type not targeted: Facial spa
thegrovesdentalgroup.com,dguin@pdshealth.com,practice type not targeted: Dentist
sagehwc.com,daniel@sagehwc.com,business already emailed or queued
medinkbymorgan.com,browsbym.e@yahoo.com,practice type not targeted: Permanent make-up clinic
navesinksurgical.com,rsnepar@navesinksurgical.com,practice type not targeted: Surgeon
pinterest.com,press@pinterest.com,practice type not targeted: Dentist
lavishibrows.com,amanda@lavishibrows.com,practice type not targeted: Permanent make-up clinic
rejuvawi.com,nou@rejuvawi.com,practice type not targeted: Health and beauty shop
vasseydentalpartners.com,nmorgan@vasseydentalpartners.com,practice type not targeted: Dentist
oneskincarestudio.com,denise@oneskincarestudio.com,practice type not targeted: Spa
mocelle.com,brett@mocelle.com,not US (list address)
cosmeticdentistryknoxville.com,gary@cosmeticdentistryknoxville.com,practice type not targeted: Dentist
alkaraama.com,yahia_hammoudeh@yahoo.com,practice type not targeted: Massage therapist
numebeautyspa.com,sherry@numebeautyspa.com,practice type not targeted: Facial spa
simplicitybysamantha.com,samantha.schmelzer@yahoo.com,practice type not targeted: Facial spa
rvspallc.com,renata@rvspallc.com,practice type not targeted: Spa
earthesthetics.com,jessica@earthesthetics.com,practice type not targeted: Facial spa
wellnessspa.yournativis.com,mike@yournativis.com,practice type not targeted: Health and beauty shop
enhancedcosmetics.net,amy@enhancedcosmetics.net,practice type not targeted: Permanent make-up clinic
advancedsurgerywellness.com,irene@advancedsurgerywellness.com,practice type not targeted: Surgeon
bellevuebeautycove.com,rebecca@bellevuebeautycove.com,practice type not targeted: Spa
apexnetworkpt.com,bpfitzner@apexnetworkpt.com,practice type not targeted: Physical therapist
dvirskincare.com,hen@dvirskincare.com,practice type not targeted: Facial spa
purebeauties.ca,bernarda@purebeauties.ca,not US (list address)
suvitiskincare.com,suzy@suvitiskincare.com,practice type not targeted: Facial spa
explorebotanicalbeauty.com,monica@explorebotanicalbeauty.com,practice type not targeted: Facial spa
yourprestigehealth.com,louisana@yourprestigehealth.com,practice type not targeted: Psychiatrist
rockandarmor.com,logan@rockandarmor.com,practice type not targeted: Physical therapy clinic
skinbeautyandbeyond.com,shweta@skinbeautyandbeyond.com,not US (list address)
illuminationdentistry.com,noah@illuminationdentistry.com,practice type not targeted: Dentist
nextgeneye.com,elliott@nextgeneye.com,practice type not targeted: Ophthalmology clinic
somatosoul.com,meagan@somatosoul.com,practice type not targeted: Permanent make-up clinic
renewalspaandbeauty.com,megan@renewalspaandbeauty.com,practice type not targeted: Spa
jillhypnosis.com,jillhypnotherapy@yahoo.com,practice type not targeted: Hypnotherapy service
plymouthivlounge.com,laura@plymouthivlounge.com,business already emailed or queued
manchesterhipclinic.com,max.fehily@manchesterhipclinic.com,not US (list address)
manchesterhipclinic.com,christine.dixon@manchesterhipclinic.com,not US (list address)
elaskinruidoso.com,gabriela@elaskinruidoso.com,practice type not targeted: Day spa
precisionhealing.org,novia@precisionhealing.org,practice type not targeted: Acupuncture clinic
fernandezdental.com,lupita@fernandezdental.com,practice type not targeted: Dentist
facercise.com,cmaggio@facercise.com,practice type not targeted: Day spa
yaridbrowsbeauty.com,yaridm99@yahoo.com.mx,practice type not targeted: Facial spa
reboundoregon.com,sjohnson@reboundoregon.com,practice type not targeted: Physical therapist
bluewatersurgical.com,christopher@bluewatersurgical.com,practice type not targeted: Surgical center
vena-cava.co,jessi@vena-cava.co,practice type not targeted: Facial spa
cosmeticfacialaesthetics.com,kila@cosmeticfacialaesthetics.com,practice type not targeted: Cosmetics industry
vallerieeuropeanspa.com,valerijamesaros@yahoo.com,practice type not targeted: Spa
tracysskinbar.com,tracyguzman39@yahoo.com,practice type not targeted: Facial spa
emmic.org,zarif@emmic.org,practice type not targeted: Training center
woodandberryesti.com,alyssa@woodandberryesti.com,practice type not targeted: Waxing hair removal service
getcare.tgh.org,jcouris@tgh.org,practice type not targeted: Surgeon
pinellasmedclinic.com,kristina@pinellasmedclinic.com,practice type not targeted: (blank)
chakraflowsmedspa.com,jade@chakraflowsmedspa.com,practice type not targeted: Massage spa
saonabeauty.com,larissa@saonabeauty.com,practice type not targeted: Health and beauty shop
holgerdentalgroup.com,holger@holgerdentalgroup.com,practice type not targeted: Dentist
baiyoherbs.com,peili@baiyoherbs.com,practice type not targeted: Chinese medicine clinic
jasonazzimd.com,jason@jasonazzimd.com,practice type not targeted: Surgeon
croydonsportsmassage.co.uk,greg@croydonsportsmassage.co.uk,not US (list address)
stillwatersspanc.com,tara@stillwatersspanc.com,practice type not targeted: Day spa
hixonhillsdental.com,torey@hixonhillsdental.com,practice type not targeted: Dental clinic
globalsmilessacramento.com,lilliana@globalsmilessacramento.com,practice type not targeted: Dentist
idahoimplant.com,michael@idahoimplant.com,practice type not targeted: Dental implants provider
champaignmedicalmassage.com,angie@champaignmedicalmassage.com,practice type not targeted: Massage therapist
gotta-smile.com,tayers@gotta-smile.com,practice type not targeted: Dentist
riderdental.com,hal@riderdental.com,practice type not targeted: Dentist
ae-aesthetics.com,ashley@ae-aesthetics.com,practice type not targeted: Facial spa
hausofhudson.co,melanie@hudsonlashstudio.com,practice type not targeted: Spa
princetonimplants.com,weinerdmd@yahoo.com,practice type not targeted: Prosthodontist
greencountrydentalarts.com,john@greencountrydentalarts.com,practice type not targeted: Dentist
tsbrowshes.com,pablo@tsbrowshes.com,practice type not targeted: Laser hair removal service
abledentistrytx.com,antonela@abledentistrytx.com,practice type not targeted: Dentist
lodifacialsnearme.com,ty4uneka@att.net,practice type not targeted: Facial spa
healthandbeautymedspa.com,kamel@healthandbeautymedspa.com,practice type not targeted: Spa
betterhealthcare.co,greg@betterhealthcare.co,practice type not targeted: Physical therapy clinic
hulsedental.com,zach@hulsedental.com,practice type not targeted: Dentist
bodyessentialspt.com,christie@bodyessentialspt.com,practice type not targeted: Women's personal trainer
shesaidyesbeauty.com,rebecca@shesaidyesbeauty.com,practice type not targeted: Beauty salon
havendentistrytx.com,lee@havendentistrytx.com,practice type not targeted: Dentist
skincationllc.com,diana@skincationllc.com,practice type not targeted: Facial spa
apotheklounge.com,jess@apotheklounge.com,practice type not targeted: Facial spa
pointacupuncture.com,hannah@pointacupuncture.com,practice type not targeted: Acupuncturist
callalilyrose.com,monique@callalilyrose.com,practice type not targeted: Day spa
classiquespa.com,manager@classiquespa.com,practice type not targeted: Spa
classiquespa.com,teri@classiquespa.com,practice type not targeted: Spa
oakstonehealthandnutrition.com,samantha@oakstonehealthandnutrition.com,practice type not targeted: Dietitian
sammamishesthetics.com,zahera.shaikh@sammamishesthetics.com,practice type not targeted: Beauty salon
dentistscherervillein.com,brittney@theivorydentalstudio.com,practice type not targeted: Dentist
artofesthetiques.com,tnabicht@artofesthetiques.com,practice type not targeted: Spa
serenitewellnessmed.com,heidi@serenitewellnessmed.com,business already emailed or queued
nwintuitivefit.com,tom@nwintuitivefit.com,practice type not targeted: Fitness center
doughertycosmeticdentistry.com,larry@doughertycosmeticdentistry.com,practice type not targeted: Dentist
pedgeva.com,dmikel@pedgeva.com,practice type not targeted: Fitness center
gardenridgedentistry.com,droliviaray@gardenridgedentistry.com,practice type not targeted: Dentist
clouddayspa.com,nadine@clouddayspa.com,practice type not targeted: Spa
srcaesthetics.com,corinna@srcaesthetics.com,practice type not targeted: Facial spa
coteperiodontics.com,lee@coteperiodontics.com,practice type not targeted: Dental implants periodontist
jsprietodds.com,jprietodds@yahoo.com,practice type not targeted: Dentist
witkowskidental.com,lj@witkowskidental.com,practice type not targeted: Dentist
vividwellnesslounge.com,amanda@livin-vivid.com,business already emailed or queued
theworkoutyard.com,thiers@theworkoutyard.com,practice type not targeted: Fitness center
oxfordtreatments.com,gosia@oxfordtreatments.com,not US (list address)
mehtamd.com,vishal@mehtamd.com,practice type not targeted: Surgeon
369laserclinics.com,barbara@369laserclinics.com,not US (list address)
thebeautystore.biz,info@thebeautystore.biz,not US (list address)
damonboyddds.com,damon@damonboyddds.com,practice type not targeted: Dentist
acuwithv.com,victoria@acuwithv.com,practice type not targeted: Acupuncture clinic
fioreaestheticclinic.co.uk,info@fioreclinic.co.uk,not US (list address)
rosendentalpc.com,evan@rosendentalpc.com,practice type not targeted: Prosthodontist
brownsburgdentalgroup.com,jessica@brownsburgdentalgroup.com,practice type not targeted: Dentist
bostonhernia.com,mreinhorn@bostonhernia.com,practice type not targeted: Surgeon
thepinehillfarm.com,jackie@thepinehillfarm.com,practice type not targeted: Vitamin & supplements store
medschool.lsuhsc.edu,rdicar@lsuhsc.edu,practice type not targeted: Surgical center
medschool.lsuhsc.edu,staylo2@lsuhsc.edu,practice type not targeted: Surgical center
sitesgpt.com,mike@sitesgpt.com,practice type not targeted: Massage therapist
glowmontana.com,cristin@glowmontana.com,practice type not targeted: Waxing hair removal service
westcoastvascular.com,shawn@westcoastvascular.com,practice type not targeted: Vascular surgeon
drdeanlodding.com,drlodding@yahoo.com,practice type not targeted: Dentist
headachesurgery.com,adam@headachesurgery.com,practice type not targeted: Surgical center
faircourtdental.com,drsalim@faircourtdental.com,practice type not targeted: Dentist
wellnessworthit.com,nicole@wellnessworthit.com,practice type not targeted: Massage spa
plaquepanther.com,drharris@plaquepanther.com,practice type not targeted: Dentist
smilecarolina.com,justin@smilecarolina.com,practice type not targeted: Dentist
luanabeauty.com,jessica@luanabeauty.com,practice type not targeted: Day spa
suboxonet.com,adam@suboxonet.com,practice type not targeted: Addiction treatment center
spaworksandwellness.com,shannon@spaworksandwellness.com,practice type not targeted: Facial spa
evolvespasrq.com,craig@evolvespasrq.com,practice type not targeted: Spa
rusocialspa.com,kelly@rusocialspa.com,practice type not targeted: Massage spa
middleburgsmiles.com,drg@middleburgsmiles.com,practice type not targeted: Dentist
designedtolive.com,jill@designedtolive.com,practice type not targeted: Hypnotherapy service
orcuttbeauty.com,jenna@oldorcuttbeauty.com,practice type not targeted: Health and beauty shop
studio-smiles.com,amanda@studio-smiles.com,practice type not targeted: Dentist
ptevolve.com,matt@ptevolve.com,practice type not targeted: Physical therapy clinic
inwiththeskin.com,hailey@inwiththeskin.com,practice type not targeted: Spa
eastsidedentalgroup.com,devonte.johnson@eastsidedentalgroup.com,practice type not targeted: Dentist
feelinknotty.com,rachel@feelinknotty.com,practice type not targeted: Massage therapist
stonemountaindentist.com,son@stonemountaindentist.com,practice type not targeted: Dental clinic
capitalosc.com,bstein@capitalosc.com,practice type not targeted: Surgical center
sunnybrook.ca,oliver.tsai@sunnybrook.ca,not US (list address)
sunnybrook.ca,dan.cass@sunnybrook.ca,not US (list address)
sunnybrook.ca,andy.smith@sunnybrook.ca,not US (list address)
sunnybrook.ca,michele.beals@sunnybrook.ca,not US (list address)
sunnybrook.ca,kristen.winter@sunnybrook.ca,not US (list address)
sunnybrook.ca,ru.taggar@sunnybrook.ca,not US (list address)
desertspringshospital.com,chris.loftus@uhsinc.com,practice type not targeted: Surgical center
uoftplasticsurgery.ca,michael.perrino@sickkids.ca,not US (list address)
estheticsbyrenee.com,renee@estheticsbyrenee.com,practice type not targeted: Day spa
mobilityfit.com,drew@mobilityfit.com,practice type not targeted: Physical therapist
aaronfamilydentistry.com,kyle@aaronfamilydentistry.com,practice type not targeted: Dentist
axiomhealthspan.com,lisa@axiomhealthspan.com,practice type not targeted: Health and beauty shop
ameaesthetics.com,aimee@ameaesthetics.com,not US (list address)
truelio.health,lionela@truelio.health,business already emailed or queued
handcraftedsmilesil.com,kenny@handcraftedsmilesil.com,practice type not targeted: Dentist
epidermispa.com,vanessa@epidermispa.com,practice type not targeted: Facial spa
johnrimmermd.com,japrimmer@aol.com,practice type not targeted: Surgeon
skincarebycora.com,hello@skincarebycora.com,practice type not targeted: Facial spa
dentistnewbraunfelstx.com,courtney@dentalnouveau.com,practice type not targeted: Dentist
alexandrahealingspa.com,alexandra@alexandrahealingspa.com,practice type not targeted: Acupuncture clinic
facebodstudio.com,charie@facebodstudio.com,practice type not targeted: Facial spa
coastalveincare.com,harish@coastalveincare.com,practice type not targeted: Vascular surgeon
aspenridgephysicaltherapy.com,matthew@aspenridgephysicaltherapy.com,practice type not targeted: Physical therapy clinic
acupuncturepa.com,acupuncturepa@verizon.net,practice type not targeted: Acupuncturist
coursecreator360.com,stockton@coursecreator360.com,practice type not targeted: Massage spa
connectthedoc.com,nadeem@connectthedoc.com,practice type not targeted: Dentist
solshineskinstudio.com,beth@solshineskinstudio.com,practice type not targeted: Facial spa
pricklypearlaser.com,ilin@pricklypearlaser.com,practice type not targeted: Laser hair removal service
soulalchemyivhydrationandwellness.com,sokpey@soulalchemyivhydrationandwellness.com,practice type not targeted: Health and beauty shop
argowhc.com,petra@argowhc.com,practice type not targeted: Urgent care center
infusewellnessaz.com,chase@infusewellnessaz.com,business already emailed or queued
kck9ortho.com,samfranklin@kck9ortho.com,practice type not targeted: Veterinarian
murphysborosmiledesign.com,drshalane@yahoo.com,practice type not targeted: Dentist
vlavon.com,valorie@vlavon.com,practice type not targeted: Facial spa
skinovation-esthetics.com,rana@skinovation-esthetics.com,practice type not targeted: Spa
letsfaceitskinbylora.com,lora@letsfaceitskinbylora.com,practice type not targeted: Facial spa
stan.store,john@stanwith.me,practice type not targeted: Beauty salon
customdentalcareedmonds.com,jane@customdentalcareedmonds.com,practice type not targeted: Dentist
victoriaspmu.co.uk,victoria@permanentaesthetics.co.uk,not US (list address)
ofacials.com,oksana@ofacials.com,practice type not targeted: Facial spa
revivepointspa.com,tatsiana@revivepointspa.com,practice type not targeted: Facial spa
vitaliswellness.life,ashley@vitaliswellness.life,business already emailed or queued
nykazadds.com,dan@nykazadds.com,practice type not targeted: Dentist
tidelandshealth.org,jhinesley@tidelandshealth.org,practice type not targeted: Surgical center
tidelandshealth.org,astevens@tidelandshealth.org,practice type not targeted: Surgical center
proactivenutritionconsulting.com,kierston@proactivenutritionconsulting.com,practice type not targeted: Dietitian
uptownlaser.com,kathy@uptownlaser.com,practice type not targeted: Laser hair removal service
altadenadentist.com,teamsummit@altadenadentist.com,practice type not targeted: Dentist
drfredalger.com,fred@drfredalger.com,practice type not targeted: Dental implants periodontist
leonamedspa.com,gabbie@leonamedspa.com,practice type not targeted: Spa
mtnrevivalvail.com,pam@localrevival.com,practice type not targeted: Massage spa
nakedskn.com,stephani@nakedskn.com,practice type not targeted: Facial spa
apexhairclinic.ca,brianna@apexhairclinic.ca,not US (list address)
choulesfamilydentistryaz.com,drchoules@choulesfamilydentistryaz.com,practice type not targeted: Dentist
marabellebeauty.com,emily@marabellebeauty.com,practice type not targeted: Facial spa
stonebrookfamilydental.com,robert@stonebrookfamilydental.com,practice type not targeted: Dental clinic
minimalinvasivesurgerycenter.com,sayeghoffice@aol.com,practice type not targeted: Surgical center
pourlecorps.com,patrice@pourlecorps.com,practice type not targeted: Electrolysis hair removal service
sansageaes.com,shanee@sansageaes.com,practice type not targeted: Health and beauty shop
ascendbeautylounge.com,amanda@ascendbeautylounge.com,practice type not targeted: Facial spa
evergreendentaldfw.com,heeje@evergreendentaldfw.com,practice type not targeted: Dentist
feelglow.com,patty@feelglow.com,practice type not targeted: Facial spa
rosetreatmentroom.com,candice@rosetreatmentroom.com,practice type not targeted: Electrolysis hair removal service
wisteriamedspa.com,rikako@wisteriamedspa.com,practice type not targeted: Spa
oakdaledental.co.uk,drmoosajee@oakdaledental.co.uk,not US (list address)
vernonsquaresurgicenter.com,probbins@vernonsquaresurgicenter.com,practice type not targeted: Surgical center
fullbodyfunction.com,tom@fullbodyfunction.com,practice type not targeted: Massage therapist
theguesthousect.com,mercedes@theguesthousect.com,practice type not targeted: Waxing hair removal service
smoothskincville.com,carrie@smoothskincville.com,practice type not targeted: Laser hair removal service
skindeeplounge.com,erika@skindeeplounge.com,practice type not targeted: Day spa
dermrevival.com,dee@dermrevival.com,practice type not targeted: Spa
yourbodyrox.com,roxanne@forte2g.com,practice type not targeted: Spa
sagsurgctr.com,dolliea@sagsurgctr.com,practice type not targeted: Surgical center
sagsurgctr.com,peter@sagsurgctr.com,practice type not targeted: Surgical center
mynutribite.com,parvin@mynutribite.com,practice type not targeted: Dietitian
tallahasseeveterinaryhospital.com,david@tallahasseeveterinaryhospital.com,practice type not targeted: Veterinarian
aestheticallysuite.com,desiree@aestheticallysuite.com,practice type not targeted: Spa
caleradentist.com,sherea@caleradentist.com,practice type not targeted: Dentist
cajondental.com,gerard@cajondental.com,practice type not targeted: Dentist
eaglebodysculpting.com,karen@eaglebodysculpting.com,practice type not targeted: Day spa
eminabeauty.com,emina@eminabeauty.com,practice type not targeted: Beauty salon
myfacialology.com,alicia@myfacialology.com,practice type not targeted: Facial spa
allhandsondeckllc.com,shannon@allhandsondeckllc.com,practice type not targeted: Massage therapist
carsonsdental.com,mina@carsonsdental.com,practice type not targeted: Dental clinic
miteracoaching.com,salina@miteracoaching.com,not US (list address)
grandoakdentalcare.com,emad@grandoakdentalcare.com,practice type not targeted: Dentist
spalumos.com,brooke@spalumos.com,practice type not targeted: Spa
thedentalimplantclinic.com,sophie.dyte@thedentalimplantclinic.com,not US (list address)
thedentalimplantclinic.com,natalie.ballantyne@thedentalimplantclinic.com,not US (list address)
moonlightskinstudio.com,terri@moonlightskinstudio.com,practice type not targeted: Facial spa
patrickguidrydds.com,pguidry@bellsouth.net,practice type not targeted: Dentist
lifeandbeautyspa.com,mariell@lifeandbeautyspa.com,practice type not targeted: Spa
cottagehealth.org,swester@cottagehealth.org,practice type not targeted: Surgical center
skinometry.net,emma@skinometry.net,practice type not targeted: Facial spa
alignedbodyintegration.com,scott@alignedbodyintegration.com,practice type not targeted: Massage spa
propelptok.com,vincent@propelptok.com,practice type not targeted: Physical therapy clinic
francisflanagindds.com,francis.flanagin@att.net,practice type not targeted: Dentist
labiaplastycenternewjersey.com,drpeterbalazs@labiaplastycenternewjersey.com,practice type not targeted: Surgeon
foreveryoungaestheticsbyamanda.com,aadams00751@yahoo.com,practice type not targeted: Spa
peakrxtherapy.com,lindsey@peakrxtherapy.com,practice type not targeted: Physical therapy clinic
peakrxtherapy.com,brooke@peakrxtherapy.com,practice type not targeted: Physical therapy clinic
peakrxtherapy.com,ruthann@peakrxtherapy.com,practice type not targeted: Physical therapy clinic
probeautyspa.com,maria@probeautyspa.com,practice type not targeted: Spa
reanimatewellnessco.com,spree@reanimatewellnessco.com,practice type not targeted: Massage therapist
bellaskincarepros.com,jacqui@bellaskincarepros.com,practice type not targeted: Health and beauty shop
permanentmakeupcenterinc.com,lesliepmc@yahoo.com,practice type not targeted: Permanent make-up clinic
surgerycenterwc.com,chelsea.covington@surgerycenterwc.com,practice type not targeted: Surgical center
southpawleysspa.com,southpawleysspa@yahoo.com,practice type not targeted: Day spa
southpawleysspa.com,ashley.cribb1@yahoo.com,practice type not targeted: Day spa
tghnorth.org,linda.stockton@braverahealth.com,practice type not targeted: Surgical center
cssnova.com,jmoore@cssnova.com,practice type not targeted: Surgeon
rubycreedwellnessspa.com,ruby.creed@salonlofts.com,practice type not targeted: Massage therapist
newyouskinandbody.com,jennifer.nguyen@salonlofts.com,practice type not targeted: Facial spa
chulavistacosmeticdentist.com,lichterdds@sbcglobal.net,practice type not targeted: Dentist
toronto-acupuncture.ca,margo@toronto-acupuncture.ca,not US (list address)
thervo.com,tom@thervo.com,practice type not targeted: Acupuncture clinic
physioright.com,monica@physioright.com,practice type not targeted: Physical therapy clinic
vasuskinsolutions.com,j@vasuskinsolutions.com,practice type not targeted: Laser hair removal service
casablancaspa.co,jackie@casablancaspa.co,practice type not targeted: Spa
centermassage.co,lindsey@centermassage.co,practice type not targeted: Massage therapist
cueroregionalhospital.org,ksimon@cuerohospital.org,practice type not targeted: Surgeon
cueroregionalhospital.org,lfalcone@cuerohospital.org,practice type not targeted: Surgeon
cueroregionalhospital.org,aalexander@cuerohospital.org,practice type not targeted: Surgeon
cueroregionalhospital.org,nlantz@cuerohospital.org,practice type not targeted: Surgeon
cueroregionalhospital.org,tami@cuerohospital.org,practice type not targeted: Surgeon
beautyestheticsbyds.com,diana@beautyestheticsbyds.com,practice type not targeted: Spa
eckdentalpartners.com,nathan@eckdentalpartners.com,practice type not targeted: Dentist
castillowellness.com,joshua@castillowellness.com,practice type not targeted: Acupuncturist
spdentistry.us,info@spdentistry.us,practice type not targeted: Dental clinic
bemidjisaltspa.com,salon.sashay@yahoo.com,practice type not targeted: Spa
eleablake.com,elea@eleablake.com,practice type not targeted: Cosmetics store
eleablake.com,d@eleablake.com,practice type not targeted: Cosmetics store
aliciasurgery.com,sf@aliciasurgery.com,practice type not targeted: Surgical center
sydentistry.com,chanelle@sydentistry.com,practice type not targeted: Dentist
satorifiori.com,stephanie@satorifiori.com,practice type not targeted: Facial spa
myvitalsix.com,jason@myvitalsix.com,practice type not targeted: Physical therapy clinic
merrillvilleinjurycare.com,bernard@merrillvilleinjurycare.com,practice type not targeted: Surgical center
dentistschicago.com,rdhake@forever-dental.com,practice type not targeted: Dentist
refineptp.com,kyle@refineptp.com,practice type not targeted: Physical therapist
gatewaydentalcare-southlyon.com,michelle@gatewaydentalcare-southlyon.com,practice type not targeted: Dentist
coastalhealthandvitality.com,alisha@coastalhealthandvitality.com,business already emailed or queued
kingdentalgroup.net,brian@kingdentalgroup.net,practice type not targeted: Dentist
vytalisclinic.ca,vidya@vytalisclinic.ca,not US (list address)
medmassagefl.com,lmtnikki@yahoo.com,practice type not targeted: Sports massage therapist
medmassagefl.com,lmtjonah@yahoo.com,practice type not targeted: Sports massage therapist
fwcplus.com,mike.cowan@fwcplus.com,practice type not targeted: Urgent care center
mitchelldentalstudio.com,evan@mitchelldentalstudio.com,practice type not targeted: Dentist
skinplusbyoroyo.com,patricia@skinplusbyoroyo.com,practice type not targeted: Laser hair removal service
skincarewithtracie.com,tracie@skincarewithtracie.com,practice type not targeted: Spa
illume-medspa.com,nicole@illume-medspa.com,practice type not targeted: Spa
glenoralsurgery.com,julie@glenoralsurgery.com,practice type not targeted: Dental clinic
bodylitedayspa.com,maureen@bodylitedayspa.com,practice type not targeted: Massage spa
affinitytransformations.com,jeremy@affinitytransformations.com,practice type not targeted: Reiki therapist
hsvplasticsurgery.com,wilson@wilsonplasticsurgery.com,practice type not targeted: Surgical center
age-undefined.com,scott@age-undefined.com,already emailed or queued
age-undefined.com,sarah@age-undefined.com,business already emailed or queued
houseofkoz.co,ally@houseofkoz.co,practice type not targeted: Beautician
klamathsurgerycenter.com,elena@klamathsurgerycenter.com,practice type not targeted: Surgical center
klamathsurgerycenter.com,christine@klamathsurgerycenter.com,practice type not targeted: Surgical center
skinguidance.com,cristal@skinguidance.com,practice type not targeted: Facial spa
wswspa.com,lydia@wswspa.com,practice type not targeted: Spa
thenecessityspa.com,takeeyia@thenecessityspa.com,practice type not targeted: Day spa
laserbeautyloungellc.com,marijana@laserbeautyloungellc.com,practice type not targeted: Laser hair removal service
viennadentalandaesthetics.com,viennadds@yahoo.com,practice type not targeted: Dentist
intuitivemassagelongisland.com,desiree@intuitivemassagelongisland.com,practice type not targeted: Massage therapist
elevenesthetics.com,lee@elevenesthetics.com,practice type not targeted: Facial spa
palmercosmeticsurgery.com,drrusselpalmer@bellsouth.net,practice type not targeted: Surgeon
zonnys.com,zonia@zonnys.com,practice type not targeted: Spa
meraki-beauty.uk,sylvia@meraki-beauty.uk,not US (list address)
milaglowskincare.com,destiny@milaglowskincare.com,practice type not targeted: Facial spa
islandstatcare.com,soniaqmd@yahoo.com,practice type not targeted: Urgent care center
morningsicknessclinic.com,andrew@morningsicknessclinic.com,practice type not targeted: Pregnancy care center
auroraaestheticsco.com,kiana@thelashloungeak.com,practice type not targeted: Facial spa
selectdentalimplants.com,homayoun@selectdentalimplants.com,practice type not targeted: Dental implants provider
doctors.adena.org,jmccoy@adena.org,practice type not targeted: Surgeon
doctors.adena.org,kedrington@adena.org,practice type not targeted: Surgeon
softwasherz.com,pierceparker@yahoo.com,practice type not targeted: Pressure washing service
calderadentalgroup.com,christopher@calderadentalgroup.com,practice type not targeted: Dentist
myvalleywellness.com,ryan@myvalleywellness.com,practice type not targeted: Health and beauty shop
mysaltspa.com,clay@mysaltspa.com,practice type not targeted: Spa
formemedspa.com,gargi.patel@formemedspa.com,practice type not targeted: Day spa
theholisticskinstudio.com,dani@theholisticskinstudio.com,practice type not targeted: Facial spa
mintsmilestudio.com,vishal@mintsmilestudio.com,practice type not targeted: Dentist
dentalexcellencenw.com,nathan@dentalexcellencenw.com,practice type not targeted: Dentist
agourahillscosmeticdentists.com,joelle@thesmilespaagoura.com,practice type not targeted: Dentist
auraaesthetics.club,ygulina@auraaesthetics.club,practice type not targeted: Facial spa
briteaesthetics.com,kristin@briteaesthetics.com,practice type not targeted: Facial spa
briarcliffdentalgroup.com,stan@briarcliffdentalgroup.com,practice type not targeted: Dentist
surgery.med.ubc.ca,akarimuddin@ubc.ca,not US (list address)
surgery.med.ubc.ca,bethany.saunders@ubc.ca,not US (list address)
dptrehabfitness.com,drchris@dptrehabfitness.com,practice type not targeted: Physical therapy clinic
thespa28.com,barbara@thespa28.com,not US (list address)
ashevillecountrycabins.com,peter@ashevillecountrycabins.com,practice type not targeted: (blank)
gormanplasticsurgery.com,steve@gormanplasticsurgery.com,not US (list address)
gormanplasticsurgery.com,mark@gormanplasticsurgery.com,not US (list address)
smiles4families.com,mayers@smiles4families.com,practice type not targeted: Dentist
movementlabok.com,aaron@movementlabok.com,practice type not targeted: Physical therapy clinic
cherishbeautyaesthetics.com,dinah@cherishbeautyaesthetics.com,practice type not targeted: Facial spa
poshmedspa.net,nsweeney@poshmedspa.net,practice type not targeted: Health and beauty shop
healthcollective.us,nicole@healthcollective.us,practice type not targeted: Health and beauty shop
skinhue.co,hello@skinbyallison.com,practice type not targeted: Spa
skinandsculpting.com,joana@skinandsculpting.com,practice type not targeted: Day spa
lotusgso.com,keatah@lotusgso.com,business already emailed or queued
achieveatp.com,jim@achieveatp.com,practice type not targeted: Physical therapy clinic
reflectionspaandwellness.com,christinadeterville@yahoo.com,practice type not targeted: Facial spa
lpaac.org,eric@lpaac.org,practice type not targeted: Acupuncture clinic
tribe-ptp.com,drnati@tribe-ptp.com,practice type not targeted: Physical therapy clinic
zarrabimd.com,shahrouz@zarrabimd.com,practice type not targeted: Surgeon
bulverdemedspa.com,erica@bulverdemedspa.com,practice type not targeted: Spa
charmskinbeauty.com,shanel@charmskinbeauty.com,practice type not targeted: Spa
studiojmassage.com,jeana@studiojmassage.com,practice type not targeted: Massage therapist
wow-carteret.com,gagandeep@wow-carteret.com,practice type not targeted: Physical therapy clinic
oncloudnineyuma.com,elisa@oncloudnineyuma.com,practice type not targeted: Facial spa
agouradentalarts.com,nathan@agouradentalarts.com,practice type not targeted: Dentist
foreverbeautyco.com,lauryn@foreverbeautyco.com,practice type not targeted: Facial spa
unwindtx.com,hanyia@yahoo.com,practice type not targeted: Facial spa
skinjewelsesthetics.com,doughtyi@skinjewelsesthetics.com,practice type not targeted: Day spa
dentistrybydesigndmd.com,steven@dentistrybydesigndmd.com,practice type not targeted: Dentist
inspireptchico.com,alan@inspireptchico.com,practice type not targeted: Physical therapy clinic
hollywoodskincareandmassage.com,holly@hollywoodskincareandmassage.com,practice type not targeted: Day spa
medixs.co.uk,conner@medixs.co.uk,not US (list address)
gilliandalgliesh.com,gillian@gilliandalgliesh.com,not US (list address)
fyswithrachel.com,info@fyswithrachel.com,practice type not targeted: Facial spa
hpc-hypnotherapy.co.uk,iain@humanperformanceclinic.com,not US (list address)
arlieaesthetics.com,arlie@arlieaesthetics.com,practice type not targeted: Spa
wrightstatephysicians.org,kimberly.rex@wright.edu,practice type not targeted: Surgeon
rootedfamily.ca,erin@rootedfamily.ca,not US (list address)
orchidesthetics.com,oanadancuta@yahoo.com,practice type not targeted: Facial spa
drthomasquinlan.com,tom@thomasquinlan.com,practice type not targeted: Psychologist
omniahealthga.com,roger@omniahealthga.com,practice type not targeted: (blank)
meditrimllc.com,bhendrix@eastex.net,practice type not targeted: (blank)
careswellanderson.com,jacob@careswellanderson.com,practice type not targeted: Dentist
murraybariatricsolutions.org,rcelsor@murrayhospital.org,practice type not targeted: Surgical center
smilemagicdentistry.com,hasee@smilemagicdentistry.com,practice type not targeted: Dentist
talwarfamilydentistry.com,ishaan@talwarfamilydentistry.com,practice type not targeted: Dentist
utmb.edu,jreiser@utmb.edu,practice type not targeted: Surgical center
coastalbeautybar.com,alicia@coastalbeautybar.com,practice type not targeted: Beauty salon
pazminodentistry.com,manuel@pazminodentistry.com,practice type not targeted: Dentist
csmsportsmedicine.com,crladd@csmsportsmedicine.com,practice type not targeted: Physical therapy clinic
sisufitness.com,oscar@sisulongevity.com,practice type not targeted: Sauna
medicalmassageofcoweta.com,angela@medicalmassageofcoweta.com,practice type not targeted: Massage therapist
lbinder.com,laurie@lbinder.com,practice type not targeted: Acupuncture clinic
dejavuwellnessspa.com,dejavuwellnessspa@aol.com,practice type not targeted: Spa
fallbrookmissiondental.com,dmd.jnguyen@att.net,practice type not targeted: Dentist
fikaskin.com,andrea@fikaskin.com,practice type not targeted: Spa
a2dentallounge.com,shahriar@a2dentallounge.com,practice type not targeted: Dentist
boonedmd.com,kevin@boonedmd.com,practice type not targeted: Dentist
veenusonearth.com,vionette@veenusonearth.com,practice type not targeted: Spa
akcentdayspa.com,edyta@akcentdayspa.com,practice type not targeted: Day spa
perfectsmilenynj.com,teaneckdental@yahoo.com,practice type not targeted: Dentist
utahstretchmarklab.com,meagan@utahstretchmarklab.com,practice type not targeted: Permanent make-up clinic
downtowndentalwb.com,kyle@downtowndentalwb.com,practice type not targeted: Dentist
evolveskincarewbr.com,brooke@evolveskincarewbr.com,practice type not targeted: Day spa
skinsecretsbydebbie.com,deborah@skinsecretsbydebbie.com,practice type not targeted: Facial spa
sagedllc.com,jessica@sagedllc.com,practice type not targeted: Facial spa
vaishalidepala.com,enquiries@vaishalidepala.com,not US (list address)
beyond-pt.com,javier@beyond-pt.com,practice type not targeted: Physical therapy clinic
dollfacebyfelicia.com,fewebbstone@aol.com,practice type not targeted: Eyelash salon
reveal-medspa.com,carmen@reveal-medspa.com,practice type not targeted: Spa
maverickmanualtherapy.com,cvlabus@maverickmanualtherapy.com,practice type not targeted: Physical therapy clinic
zebulonfamilydentistry.com,amy@zebulonfamilydentistry.com,practice type not targeted: Dentist
iconicaesthetic.com,christina@iconicaesthetic.com,practice type not targeted: Facial spa
vomcvet.com,jayernedvm@vomcvet.com,practice type not targeted: Veterinarian
theglowskinspa.com,johana.aguirre@theglowskinspa.com,practice type not targeted: Spa
theglowskinspa.com,chevette.lewis@theglowskinspa.com,practice type not targeted: Spa
sealedbynature.com,anush@sealedbynature.com,practice type not targeted: Health and beauty shop
arizonametabolichealth.com,brian@arizonametabolichealth.com,practice type not targeted: (blank)
getcare.elcaminohealth.org,dan_woods@elcaminohealth.org,practice type not targeted: Surgeon
pelle-sana.com,courtney@pelle-sana.com,practice type not targeted: Facial spa
cosmeticsmiledesigns.com,drsparks@cosmeticsmiledesigns.com,practice type not targeted: Dentist
riseandshineskincare.com,annie@riseandshineskincare.com,practice type not targeted: Spa
signaturedentalok.com,robert@signaturedentalok.com,practice type not targeted: Dentist
mbkwellnessofknoxville.com,kenneth@mbkwellnessofknoxville.com,practice type not targeted: Massage spa
pampermewithlove.com,mary@pampermewithlove.com,practice type not targeted: Foot massage parlor
catalystsurgical.ca,bryan@catalystsurgical.ca,not US (list address)
dutchessambsurg.com,khickman@dutchessambsurg.com,practice type not targeted: Surgical center
dutchessambsurg.com,mofink@dutchessambsurg.com,practice type not targeted: Surgical center
pinnacleptcolumbia.com,kyra.watts@pinnacleptcolumbia.com,practice type not targeted: Physical therapist
simoneyesmd.com,david@simoneyesmd.com,practice type not targeted: Eye care center
cclymph.com,hashim@cclymph.com,practice type not targeted: Physical therapist
ebhypno.com,evan@ebhypno.com,practice type not targeted: Hypnotherapy service
nextsmilecenter.com,kiana@nextsmilecenter.com,practice type not targeted: Dentist
nguyenoms.com,brian@nguyenoms.com,practice type not targeted: Spa
smilesbydesign.cc,info@drmilios.com,practice type not targeted: Dentist
micheleblackwoodmd.com,michele@micheleblackwoodmd.com,practice type not targeted: Surgeon
berkshirebodywork.com,cory@berkshirebodywork.com,practice type not targeted: Massage therapist
nikanaturalhealth.com,nisha@nikanaturalhealth.com,not US (list address)
articodental.com,jonathan@articodental.com,practice type not targeted: Dentist
immunityhealth.com,sabrina@immunityhealth.com,business already emailed or queued
lawrencerosenzweigdds.com,lawrence@lawrencerosenzweigdds.com,practice type not targeted: Dentist
1dentalgrouptx.com,justine@1dentalgrouptx.com,practice type not targeted: Dentist
hba-aesthetics.com,heather@hba-aesthetics.com,practice type not targeted: Beauty salon
cosmosmoderndental.com,michael@cosmosmoderndental.com,practice type not targeted: Dentist
renewspaevv.com,tianabrown@renewspaevv.com,practice type not targeted: Spa
bostonhealthwellness.com,anna@bostonhealthwellness.com,practice type not targeted: Physical therapy clinic
bostonhealthwellness.com,stefanie@bostonhealthwellness.com,practice type not targeted: Physical therapy clinic
zdphysicaltherapy.com,zoe@zdphysicaltherapy.com,practice type not targeted: Physical therapy clinic
sacredspaceec.com,angelarosellc@yahoo.com,practice type not targeted: Spa
dreamhaussculptingbar.com,jeanell@dreamhaussculptingbar.com,practice type not targeted: Health and beauty shop
ajbdental.com,anthony@ajbdental.com,practice type not targeted: Dentist
southshoreliperio.com,jkim@southshoreliperio.com,practice type not targeted: Dental implants periodontist
cheeks.cc,gena@cheeks.cc,practice type not targeted: Facial spa
dbaesthetics.com,dana@dbaesthetics.com,practice type not targeted: Tanning salon
everbloomskincare.com,josie@everbloomskincare.com,practice type not targeted: Facial spa
andersonsurgerycenter.org,marshallm@andersonhospital.org,practice type not targeted: Surgical center
northpointkids.com,dfishbaugh@northpointkids.com,practice type not targeted: Dental clinic
pricklypeardentalcare.com,dr.flores@pricklypeardentalcare.com,practice type not targeted: Dentist
evolverfitness.com,jake@evolverfitness.com,practice type not targeted: Fitness center
5starnutrition.com,brian@5starnutritionusa.com,practice type not targeted: Vitamin & supplements store
5starnutrition.com,kim@5starnutritionusa.com,practice type not targeted: Vitamin & supplements store
redeeminglifenutrition.com,drew.mulvey@redeeminglifenutrition.com,practice type not targeted: Dietitian
atasteofedenspa.com,teshaj@atasteofedenspawc.com,practice type not targeted: Massage spa
prettybrowsandbeauty.com,prettybrows@yahoo.com,practice type not targeted: Permanent make-up clinic
summittotalwellnessco.com,kyle@summittotalwellnessco.com,business already emailed or queued
azurmedispa.com,debbie@azurmedispa.com,practice type not targeted: Spa
upslopept.com,brady@upslopept.com,practice type not targeted: Physical therapist
upslopept.com,nic@upslopept.com,practice type not targeted: Physical therapist
empowerwellnessllc.com,kathryn@empowerwellnessllc.com,business already emailed or queued
primrosedentalcare.com,nishi@primrosedentalcare.com,practice type not targeted: Dentist
wellnesswavegroup.com,navarat@wellnesswavegroup.com,practice type not targeted: Massage spa
truemedispa.com,drs@truemedispa.com,not US (list address)
milkguide.com,kristin@milkguide.com,practice type not targeted: Lactation service
ashaestheticsslo.com,ashlee@ashaestheticsslo.com,practice type not targeted: Facial spa
greenvalleydentistry.net,ebedolla@greenvalleydentistry.net,practice type not targeted: Dentist
loremyspalon.com,mirtha@loremyspalon.com,practice type not targeted: Permanent make-up clinic
enhancedentalnc.com,danielle@enhancedentalnc.com,practice type not targeted: Dentist
enhancedentalnc.com,omad@enhancedentalnc.com,practice type not targeted: Dentist
cirinespa.com,irina@cirinespa.com,practice type not targeted: Electrolysis hair removal service
themvmtinstitute.com,kevin@themvmtinstitute.com,practice type not targeted: Physical therapy clinic
pendletoneye.com,robert@pendletoneye.com,practice type not targeted: Surgeon
azbreastcenter.com,kimberli.cox@azbreastcenter.com,practice type not targeted: Surgeon
skinmdsd.com,skinmdsd@yahoo.com,practice type not targeted: Facial spa
hydrafacialtampa.com,laurie@hydrafacialtampa.com,practice type not targeted: Facial spa
renewstrengthandwellness.com,matthew@renewstrengthandwellness.com,practice type not targeted: Physical therapy clinic
treiberdental.com,drtreiber@att.net,practice type not targeted: Dentist
signaturesmilesca.com,drhelaire@signaturesmilesca.com,practice type not targeted: Dentist
bloomskinspamke.com,amee@bloomskinspamke.com,practice type not targeted: Spa
betterhealthpt.com,tamika@betterhealthpt.com,practice type not targeted: Physical therapy clinic
oswegobeautyandlaser.com,houda@oswegobeautyandlaser.com,practice type not targeted: Laser hair removal service
holskinbeauty.com,jenni@holskinbeauty.com,practice type not targeted: Facial spa
charmingskin.com,jawdat@charmingskin.com,practice type not targeted: Vascular surgeon
jonaridental.com,r.streett@jonaridental.com,practice type not targeted: Dentist
jonaridental.com,d.corchado@jonaridental.com,practice type not targeted: Dentist
familydentalofpalatine.com,wajihc@familydentalofpalatine.com,practice type not targeted: Dental implants provider
thespakokomo.com,jackie@thespakokomo.com,practice type not targeted: Spa
thespakokomo.com,stephanie@thespakokomo.com,practice type not targeted: Spa
paloaltoreiki.com,kp@paloaltoreiki.com,practice type not targeted: Reiki therapist
phillysinus.com,aykut.unsal2@jefferson.edu,practice type not targeted: Surgeon
inkd-cosmetics.com,hollie@inkd-cosmetics.com,practice type not targeted: Permanent make-up clinic
anacsere.com,ana@anacsere.com,practice type not targeted: Facial spa
bookingwithlaura.com,permmakeupbylaura@yahoo.com,practice type not targeted: Health and beauty shop
next-health.com,kevin@next-health.com,business already emailed or queued
next-health.com,drshah@next-health.com,business already emailed or queued
wellnessholisticspa.com,minaxi@wellnessholisticspa.com,practice type not targeted: Spa
doctors.catholichealthli.org,gary.havican@chsli.org,practice type not targeted: Surgeon
advsurgsol.com,khoi@advsurgsol.com,practice type not targeted: Surgeon
choicecitypt.com,sam.fischer@choicecitypt.com,practice type not targeted: Physical therapy clinic
betterlifephysicaltherapy.com,corbin@betterlifephysicaltherapy.com,practice type not targeted: Physical therapy clinic
mi-spa.com,rakhee@mi-spa.com,practice type not targeted: Health and beauty shop
primecareofmichigan.com,robert@primecareofmichigan.com,practice type not targeted: Spa
acaciadental.com,edwin@acaciadental.com,practice type not targeted: Dental clinic
zanesvilleeyes.com,carl@zanesvilleeyes.com,practice type not targeted: Surgical center
revitalizeskincarestudio.com,andrea@revitalizeskincarestudio.com,practice type not targeted: Spa
southernhayclinic.co.uk,penny@southernhayclinic.co.uk,not US (list address)
laserprofspa.com,olga@laserprofspa.com,practice type not targeted: Laser hair removal service
cambridgeplasticsurgery.com,ian.grant@cam-med.co.uk,not US (list address)
cambridgeplasticsurgery.com,sam.lilley@cam-med.co.uk,not US (list address)
wellnessatallhealth.com,sahmed@allhealthmedgroup.com,practice type not targeted: Spa
akwaesthetics.co.uk,tony@akwaesthetics.co.uk,not US (list address)
smoothdayspa.com,darla@smoothdayspa.com,practice type not targeted: Day spa
bluestonespa.info,ryker@bluestonespa.info,practice type not targeted: Spa
eastbayteeth.com,thuy@eastbayteeth.com,practice type not targeted: Prosthodontist
pureskincarebyelizabeth.com,elizabeth@pureskincarebyelizabeth.com,practice type not targeted: Day spa
meinersdentistry.com,donald@meinersdentistry.com,practice type not targeted: Dentist
squarespacescheduling.com,acasalena@squarespace.com,practice type not targeted: Hypnotherapy service
facialcollective.com,jan@facialcollective.com,practice type not targeted: Facial spa
myinnerself.ca,tammy@myinnerself.ca,not US (list address)
haleyjuliandds.com,haley@haleyjuliandds.com,practice type not targeted: Dentist
stlprenatalmassage.com,info@stlprenatalmassage.com,practice type not targeted: Massage therapist
centraltexasperio.com,jonathan.callia@centraltexasperio.com,practice type not targeted: Dental implants periodontist
centraltexasperio.com,jessica.sepulveda@centraltexasperio.com,practice type not targeted: Dental implants periodontist
ojaidentalstudio.com,oakviewdentist@yahoo.com,practice type not targeted: Dentist
shapeitbodyandface.com,patricia@shapeitbodyandface.com,practice type not targeted: Spa
thespaatmps.com,chet@thespaatmps.com,practice type not targeted: Spa
beautydoorspa.com,meenuaneja2001@yahoo.com,practice type not targeted: Spa
essmc.com,john@essmc.com,practice type not targeted: Physical therapist
essmc.com,michael@essmc.com,practice type not targeted: Physical therapist
getfacebar.com,erin@getfacebar.com,practice type not targeted: Facial spa
getfacebar.com,sinittha@getfacebar.com,practice type not targeted: Facial spa
skincarewithchantal.com,chantal@skincarewithchantal.com,practice type not targeted: Store
gcdapc.com,steven@gcdapc.com,practice type not targeted: Dentist
thefacialroompnw.com,rachael@thefacialroompnw.com,practice type not targeted: Facial spa
glossgenious.com,danielle@glossgenius.com,practice type not targeted: Laser hair removal service
glossgenious.com,leah@glossgenius.com,practice type not targeted: Laser hair removal service
meridianmedspajax.com,norshae@meridianmedspajax.com,practice type not targeted: Spa
innercirclespa.com,innercirclespa@aol.com,practice type not targeted: Day spa
gamwellness.com,matthew@gamwellness.com,already emailed or queued
gamwellness.com,layna@gamwellness.com,business already emailed or queued
melloestheticsbooking.com,sinentae@melloestheticsbooking.com,practice type not targeted: Facial spa
riverpointwellness.com,brian@riverpointwellness.com,practice type not targeted: Acupuncture clinic
foryourbestself.com,anita@foryourbestself.com,business already emailed or queued
notoriouspermanentmakeup.com,ocalasbestpmu@aol.com,practice type not targeted: Permanent make-up clinic
noterro.com,ryan@noterro.com,practice type not targeted: Massage therapist
lifegivingacupuncture.com,mercy@lifegivingacupuncture.com,practice type not targeted: Acupuncture clinic
bafamilydentistry.com,hill@bafamilydentistry.com,practice type not targeted: Dentist
bareskinlaserspa.com,jamie@bareskinlaserspa.com,practice type not targeted: Laser hair removal service
brookingsfamilydentistry.com,nathan@brookingsfamilydentistry.com,practice type not targeted: Dentist
acceleratephysicaltherapyva.com,viraj@acceleratephysicaltherapyva.com,practice type not targeted: Physical therapy clinic
butterflyspa.com,julie@butterflyspa.com,practice type not targeted: Spa
palmspringswellness.com,adeniran@palmspringswellness.com,business already emailed or queued
stonesriverhydration.com,sarah@stonesriverhydration.com,practice type not targeted: Health and beauty shop
bevhillscosmeticsurgery.com,drkathygohar@yahoo.com,practice type not targeted: Surgical center
everydaybeautysalon.com,jessica@everydaybeautysalon.com,practice type not targeted: Beauty salon
kingsandqueensspabar.com,kings_queens.spabar@yahoo.com,practice type not targeted: Beautician
godynamicdental.com,drtamara@godynamicdental.com,practice type not targeted: Dentist
integrativhydration.com,heather@integrativhydration.com,business already emailed or queued
ultimatebodycontour.com,maha@ultimatebodycontour.com,practice type not targeted: Health and beauty shop
luxeestheticstudio.com,stephanie@luxeestheticstudio.com,practice type not targeted: Spa
everyouthmn.com,maria@everyouthmn.com,business already emailed or queued
holisticsolutionsdoc.com,dubroffj@yahoo.com,business already emailed or queued
strengthandintent.com,malisa@strengthandintent.com,practice type not targeted: Dietitian
bcchr.ca,vchiu@bcchr.ca,not US (list address)
bcchr.ca,ubrain@bcchr.ca,not US (list address)
restoreptwellness.com,kim@restoreptwellness.com,practice type not targeted: Physical therapy clinic
insightnaturopathic.com,jill@insightnaturopathic.com,not US (list address)
laserhairremoval.com,joseph@laserhairremoval.com,practice type not targeted: Laser hair removal service
zenithesthetics.com,taylor@zenithesthetics.com,practice type not targeted: Spa
northnaplessurgerycenter.com,admin@northnaplessurgerycenter.com,practice type not targeted: Surgical center
alkimiya-wellness.com,carlos@alkimiya-wellness.com,practice type not targeted: Proctologist
luxeestheticsstudio.com,sherita@luxeestheticsstudio.com,practice type not targeted: Facial spa
saltspascs.com,kristina@saltspascs.com,practice type not targeted: Spa
sugaringhouse.com,saida@sugaringhouse.com,practice type not targeted: Hair removal service
enhanced-esthetics.com,stephanie@enhanced-esthetics.com,practice type not targeted: Spa
valleydentalal.com,josh@valleydentalal.com,practice type not targeted: Dentist
glowinskinbar.com,rhonda@beingbeautifulyou.com,practice type not targeted: Facial spa
aestheticskinluxmedspa.com,michelle@aestheticskinluxmedspa.com,practice type not targeted: Spa
theirisspa.com,danita@theirisspa.com,practice type not targeted: Spa
juniperesthetic.com,britt@juniperesthetic.com,practice type not targeted: Waxing hair removal service
isaacsongentledentistry.com,daniel.isaacson@isaacsongentledentistry.com,practice type not targeted: Dental clinic
crsnola.com,jennifer.hillier@crsnola.com,practice type not targeted: Surgical center
alpenglowdentalwv.com,drswecker@alpenglowdentalwv.com,practice type not targeted: Dentist
princetonnutrition.com,anju@princetonnutrition.com,practice type not targeted: Dietitian
ellephysio.com,karen@ellephysio.com,not US (list address)
minneapolishealthclinic.com,grace.totoe@minneapolishealthclinic.com,practice type not targeted: Emergency care physician
dentalsmilesstudio.com,drg@dentalsmilesstudio.com,practice type not targeted: Dentist
kcclinic.co.uk,dr.hassan@kcclinic.co.uk,not US (list address)
ooperio.com,david@ooperio.com,practice type not targeted: Dental implants periodontist
dentistinglenellyn.com,drjungblut@dentistinglenellyn.com,practice type not targeted: Dentist
merakiartistry.com,char@merakiartistry.com,practice type not targeted: Permanent make-up clinic
dermafixspafm.com,maggie@dermafixspafm.com,practice type not targeted: Day spa
trinity-health.org,fabian.fregoli@trinity-health.org,practice type not targeted: Surgical center
trinity-health.org,slubowskim@trinity-health.org,practice type not targeted: Surgical center
truthnonsurgical.co.uk,amelia@truthnonsurgical.co.uk,not US (list address)
westriversurgery.org,derek@westriversurgery.org,practice type not targeted: Surgical center
laureleye.com,arenninger@laureleye.com,practice type not targeted: Surgical center
laureleye.com,lshaw@laureleye.com,practice type not targeted: Surgical center
brmc-ogh.org,swilliams@brmc.com,practice type not targeted: Surgeon
alohawellness.life,kk@alohawellness.life,practice type not targeted: Hypnotherapy service
ritterandramsey.com,drritter@ritterandramsey.com,practice type not targeted: Dentist
fitzgeraldpt.com,seanfitzgerald@fitzgeraldpt.com,practice type not targeted: Physical therapist
fitzgeraldpt.com,holly.fitzgerald@fitzgeraldpt.com,practice type not targeted: Physical therapist
wearesomawellness.com,frankie@wearesomawellness.com,practice type not targeted: Facial spa
netraclinic.com,saikumar@netraclinic.com,practice type not targeted: Acupuncture clinic
thesapphireluxuryspa.com,chandraniemerg@yahoo.com,practice type not targeted: Day spa
ruppwellness.com,maria@ruppwellness.com,practice type not targeted: Dietitian
mh-m.org,deborahb@mh-m.org,practice type not targeted: Surgeon
mh-m.org,jamies@mh-m.org,practice type not targeted: Surgeon
mh-m.org,winstonp@mh-m.org,practice type not targeted: Surgeon
jelloskincare.com,nou@jelloskincare.com,practice type not targeted: Facial spa
streamlinephysio.com,kari@streamlinephysio.com,practice type not targeted: Physical therapy clinic
toothbudcalera.com,beau@toothbudcalera.com,practice type not targeted: Dentist
moonstoneskincarestudio.com,vm@moonstoneskincarestudio.com,practice type not targeted: Facial spa
physiomender.com,laurenjohnson@physiomender.com,practice type not targeted: Physical therapy clinic
pinnacleintegrative.com,daniel@pinnacleintegrative.com,practice type not targeted: Acupuncturist
heal808.com,michelle@heal808.com,practice type not targeted: Massage spa
lindenhurstfitbodybootcamp.com,michael@lindenhurstfitbodybootcamp.com,practice type not targeted: Fitness center
mandelicmedicalaesthetics.com,info@mandelicmedicalaesthetics.com,not US (list address)
bamboo-leaf.com,jenny@bamboo-leaf.com,practice type not targeted: Facial spa
danosdentistry.com,george@danosdentistry.com,practice type not targeted: Dentist
labmotus.ca,victor@labmotus.ca,not US (list address)
ampupwellness.com,david.patterson@ampupwellness.com,business already emailed or queued
thecentertx.com,brusso@txcc.com,practice type not targeted: Surgeon
eyebrowcowi.com,eyebrowco@yahoo.com,practice type not targeted: Permanent make-up clinic
kglow.studio,jin@kglow.studio,practice type not targeted: Spa
aestheticdayspa.com,sandytran64@yahoo.com,practice type not targeted: Spa
thelongbeachdentist.com,staff@willgrelladds.com,practice type not targeted: Dentist
jenmarskincare.com,jennifer@jenmarskincare.com,practice type not targeted: Facial spa
serenedentalsolutions.com,kesha@serenedentalsolutions.com,practice type not targeted: Dentist
mybeautylab.co,miranda@mybeautylab.co,not US (list address)
tranquilityut.com,mckenzie@tranquilityut.com,practice type not targeted: Laser hair removal service
greenjewelmassage.com,kristina@greenjewelmassage.com,practice type not targeted: Massage therapist
hoschdentalclinic.com,kenan@hoschdentalclinic.com,practice type not targeted: Dentist
firebins.com,traci@firebins.com,practice type not targeted: Waste management service
prodietitians.com,fatima@prodietitians.com,not US (list address)
azusadentalclinic.com,virginia@azusadentalclinic.com,practice type not targeted: Dental clinic
selskinstudio.com,sel@selskinstudio.com,practice type not targeted: Facial spa
velezdentistry.com,business@velezdentistry.com,practice type not targeted: Dentist
pureskinutah.com,erin@pureskinutah.com,practice type not targeted: Facial spa
nieorganics.com,sherry@nieorganics.com,not US (list address)
kiwandentalcare.com,kiwandentalimplant@yahoo.com,practice type not targeted: Dentist
pinkglowfacialroom.com,nikkifitzsimmons@rocketmail.com,practice type not targeted: Facial spa
reminiscese.com,reminiscebe@yahoo.com,practice type not targeted: Facial spa
moorparkdentalstudio.com,gury@moorparkdentalstudio.com,practice type not targeted: Dentist
zdermatology.com,ann.zedlitz@zdermatology.com,business already emailed or queued
journimassage.com,kendra@journimassage.com,practice type not targeted: Massage therapist
mymodifica.com,mia@mymodifica.com,practice type not targeted: Permanent make-up clinic
bloomvaledental.com,chris@bloomvaledental.com,practice type not targeted: Dentist
familydds.com,jessica@familydds.com,practice type not targeted: Dentist
gracemedexx.com,mirnagarcia2@aol.com,practice type not targeted: Spa
smilesofmoorpark.com,gina@smilesofmoorpark.com,practice type not targeted: Dentist
asante.org,tom.gessel@asante.org,practice type not targeted: Surgeon
thebowmaninstitute.com,paul@thebowmaninstitute.com,practice type not targeted: Surgical center
springvalleyhospital.com,claude.wise@uhsinc.com,practice type not targeted: Surgeon
integrativefoot.com,dpero@integrativefoot.com,practice type not targeted: Podiatrist
chainreactiontherapy.com,l@chainreactiontherapy.com,practice type not targeted: Massage therapist
janellecherie.com,janelle.cherie@salonlofts.com,practice type not targeted: Spa
veinspecialistcenters.com,faisal.siddiqi@veinspecialistcenters.com,practice type not targeted: Vascular surgeon
dumontdentist.com,herbert@dumontdentist.com,practice type not targeted: Dentist
ohanacarechiro.com,chiroty1@yahoo.com,practice type not targeted: Massage therapist
bohoesthetician.com,megan@bohoesthetician.com,practice type not targeted: Facial spa
pnwacu.com,lacey@pnwacu.com,practice type not targeted: Health and beauty shop
sugarquartzspa.com,jasmine@sugarquartzspa.com,practice type not targeted: Facial spa
implantwide.com,konstantin@implantwide.com,practice type not targeted: Dental implants periodontist
allcorehealth.com,davidcybulski@allcorehealth.com,not US (list address)
movestrongphysicaltherapy.com,andrew@movestrongphysicaltherapy.com,practice type not targeted: Physical therapy clinic
epic-care.com,uma.swamy@epic-care.com,practice type not targeted: Surgeon
epic-care.com,alexandria.black@epic-care.com,practice type not targeted: Surgeon
mmdentistry.com,minh@mmdentistry.com,practice type not targeted: Dentist
progressivelaserny.com,angela@progressivelaserny.com,practice type not targeted: Laser hair removal service
cactusandoakspa.com,morgan@cactusandoakspa.com,practice type not targeted: Spa
smilesuitegp.com,brenden@smilesuitegp.com,practice type not targeted: Dentist
vizcarradentistry.com,alexander@vizcarradentistry.com,practice type not targeted: Dentist
puretranquilitysalon.com,ftahra@yahoo.com,practice type not targeted: Beauty salon
therapeuticmedicalmassage.com,aruna@therapeuticmedicalmassage.com,practice type not targeted: Massage therapist
scottsdale.luminousskinlab.com,katelyn@luminousskinlab.com,practice type not targeted: Facial spa
burkeparkwaydental.com,vivek@burkeparkwaydental.com,practice type not targeted: Dentist
childrensmercy.org,ldaily@cmh.edu,practice type not targeted: Surgical center
beautyunveiledny.com,beautyunveiled1@yahoo.com,practice type not targeted: Permanent make-up clinic
browenvympls.com,jess@browenvympls.com,practice type not targeted: Permanent make-up clinic
drivenptperformance.com,drbowen@drivenptperformance.com,practice type not targeted: Physical therapy clinic
divinebeauty.us,divinelashes@yahoo.com,practice type not targeted: Beauty salon
impressionsaesthetics.com,brianne@impressionsaesthetics.com,practice type not targeted: Cosmetics store
guterdentalcenter.com,hpguterdds@frontier.com,practice type not targeted: Dentist
jpetersondental.com,james@jpetersondental.com,practice type not targeted: Dentist
plasticreconsurg.co.uk,mrnikkhah@theclinic.co.uk,not US (list address)
veronikasaesthetics.com,viveyskincare@aol.com,practice type not targeted: Spa
combsvillagehealthcare.com,bryan@combsvillagehealthcare.com,practice type not targeted: Urgent care center
soleradentalspa.com,kurt@soleradentalspa.com,practice type not targeted: Dentist
trainingnationpt.com,luke@trainingnationpt.com,practice type not targeted: Physical therapist
luxelaserwellness.com,sarfaraz@luxelaserwellness.com,practice type not targeted: Spa
luxelaserwellness.com,ashley@luxelaserwellness.com,practice type not targeted: Spa
bfwacademy.com,drlorri@bfwacademy.com,practice type not targeted: Vitamin & supplements store
kolbdental.com,kfelty@kolbdental.com,practice type not targeted: Dentist
docalexis.com,alexis@docalexis.com,practice type not targeted: Podiatrist
wwww.camrawellness.com,camille@camrawellness.com,practice type not targeted: Health and beauty shop
orangevaledentist.com,larry@orangevaledentist.com,practice type not targeted: Dentist
maevenaesthetics.com,tara@maevenaesthetics.com,practice type not targeted: Spa
maevenaesthetics.com,maeve@maevenaesthetics.com,practice type not targeted: Spa
essentialyoudayspa.com,ariel@essentialyoudayspa.com,practice type not targeted: Spa
quititnow.com,drsmrosenberg@aol.com,practice type not targeted: Hypnotherapy service
loraincosmeticdentist.com,thomas@loraincosmeticdentist.com,practice type not targeted: Dentist
luxebeautyandmedspa.com,luxebeautyandmedspa@aol.com,practice type not targeted: Spa
slimfitweightloss.net,sonata@slimfitweightloss.net,practice type not targeted: (blank)
tranquilbodynmind.com,jessica@tranquilbodynmind.com,practice type not targeted: Spa
thrivespineandsportsrehab.com,aj@thrivespineandsportsrehab.com,practice type not targeted: Physical therapy clinic
southhillssc.com,timothy@southhillssc.com,practice type not targeted: Surgical center
melswellness.com,mel@melswellness.com,practice type not targeted: Day spa
californiasmile.com,thuy@californiasmile.com,practice type not targeted: Dentist
dentalwellnessofbartow.com,varduhi@dentalwellnessofbartow.com,practice type not targeted: Dentist
magnificofamilydentistry.com,nikkimagnifico@yahoo.com,practice type not targeted: Dentist
naturalbalancespa.co,jessica@naturalbalancespa.co,practice type not targeted: Spa
jerseysmiles.com,jonathan@jerseysmiles.com,practice type not targeted: Dentist
fmdh.org,nickolas.dirkes@fmdh.org,practice type not targeted: Spa
naluskinbody.com,eleysia@naluskinbody.com,practice type not targeted: Spa
uncoveredspa.com,jaden@uncoveredspa.com,practice type not targeted: Laser hair removal service
spokanecosmeticdentistry.com,mindy@spokanecosmeticdentistry.com,practice type not targeted: Dentist
corbindentalcare.com,matt@corbindentalcare.com,practice type not targeted: Dentist
midwesthealthcare.org,dallas@midwesthealthcare.org,practice type not targeted: Urgent care center
aloradentalspa.com,sheena@aloradentalspa.com,practice type not targeted: Dentist
cimarrondentalstudio.com,harry@cimarrondentalstudio.com,practice type not targeted: Dentist
paulloperdds.com,drloper@paulloperdds.com,practice type not targeted: Dentist
kentnicklasdds.com,nicklasdds@yahoo.com,practice type not targeted: Dentist
jurupavalleydentalgroup.com,stephen.thorne@pdshealth.com,practice type not targeted: Dentist
columbuslaser.com,robin@columbuslaser.com,practice type not targeted: Lasik surgeon
columbuslaser.com,danielle@columbuslaser.com,practice type not targeted: Lasik surgeon
modskinla.com,aly@modskinla.com,practice type not targeted: Facial spa
facialsanctuary.com,tracy@facialsanctuary.com,practice type not targeted: Facial spa
harmonyprimarycare.com,haiqin@harmonyprimarycare.com,practice type not targeted: (blank)
davidlarsondmd.com,gentledental6415@att.net,practice type not targeted: Dentist
moderntouchdentistry.com,hoda@moderntouchdentistry.com,practice type not targeted: Dentist
wvbabecave.com,jenn@wvbabecave.com,practice type not targeted: Beauty salon
betterdentalhealth.com,mark@betterdentalhealth.com,practice type not targeted: Dentist
faceforwardnj.com,adrienne@faceforwardnj.com,practice type not targeted: Permanent make-up clinic
iredellatmooresville.com,meagan.kowalski@iredellhealth.org,practice type not targeted: Surgical center
iredellatmooresville.com,john.green@iredellhealth.org,practice type not targeted: Surgical center
sedonaskinandwax.com,info@sedonaskinandwax.com,practice type not targeted: Facial spa
elementwellness.me,lee@elementwellness.me,business already emailed or queued
silk-electrolysis.com,jamie@silk-electrolysis.com,practice type not targeted: Hair removal service
bib-vip.com,jen@bib-vip.com,practice type not targeted: Spa
ironcityptny.com,donn.shaver@ironcityptny.com,practice type not targeted: Physical therapist
jivaskin.com,bansi@jivaskin.com,practice type not targeted: Facial spa
doctors.silvercross.org,drobbins@silvercross.org,practice type not targeted: Surgeon
doctors.silvercross.org,mmutterer@silvercross.org,practice type not targeted: Surgeon
studioaesthetics.info,ruth@studioaesthetics.info,practice type not targeted: Health and beauty shop
battlebornhealth.com,danielle@battlebornhealth.com,practice type not targeted: Physical therapist
procareacu.com,pukai@procareacu.com,practice type not targeted: Acupuncturist
galitsbeautyskinandsoul.com,wgalit@yahoo.com,practice type not targeted: Laser hair removal service
deliberatewellnessstudio.com,brady@deliberatewellnessstudio.com,business already emailed or queued
vicinitymedspa.com,anousheh@vicinitymedspa.com,practice type not targeted: Spa
mojosportclinic.com,alan@mojosportclinic.com,practice type not targeted: Physical therapy clinic
novahairlaser.com,jillian@novahairlaser.com,practice type not targeted: Laser hair removal service
riseskinbody.com,jean@riseskinbody.com,practice type not targeted: Day spa
elivatedripspa.com,crystal@elivatedripspa.com,business already emailed or queued
compassphysicaltherapy.com,jgerega@compassphysicaltherapy.com,practice type not targeted: Physical therapy clinic
methodathletics.com,robert@methodathletics.com,practice type not targeted: Physical therapy clinic
garnethealth.org,jschiller@garnethealth.org,practice type not targeted: Surgical center
garnethealth.org,mcrittenden@garnethealth.org,practice type not targeted: Surgical center
myface253.com,ruth@myface253.com,practice type not targeted: Health and beauty shop
sbabaskincare.com,sheryl@sbabaskincare.com,practice type not targeted: Facial spa
elevate615pt.com,brian@elevate615pt.com,practice type not targeted: Physical therapist
evexianp.com,kerryann@evexianp.com,business already emailed or queued
norcalintegrativemedicine.com,amy@norcalintegrativemedicine.com,practice type not targeted: Acupuncture clinic
transformrxchicago.com,dr.nandra@transformrxchicago.com,business already emailed or queued
regiondentalgroup.com,ajmal@regiondentalgroup.com,practice type not targeted: Dental clinic
regiondentalgroup.com,kristina@regiondentalgroup.com,practice type not targeted: Dental clinic
whiteridgedental.com,jared@whiteridgedental.com,practice type not targeted: Dentist
botoxinlittleton.com,nurselisamcneal@yahoo.com,practice type not targeted: Beauty salon
jspaesthetics.com,maryanne@jspaesthetics.com,practice type not targeted: Spa
stevehornedds.com,steve@stevehornedds.com,practice type not targeted: Dentist
jesswoodaesthetics.com,jessica.wood@salonlofts.com,practice type not targeted: Spa
parkstdental.com,parkstdental@yahoo.com,practice type not targeted: Dentist
islandnutrition.studio,shannon@islandnutrition.studio,practice type not targeted: Dietitian
sacramentocadental.com,dentist7203@yahoo.com,practice type not targeted: Dentist
streaesthetics.com,drea@streaesthetics.com,practice type not targeted: Facial spa
portsusandentalcare.com,joseph@portsusandentalcare.com,practice type not targeted: Dentist
28skinenvy.com,nikke@28skinenvy.com,practice type not targeted: Facial spa
davidrizkdds.com,drdavidmrizk@aol.com,practice type not targeted: Dentist
postfallssportsnutrition.com,josh@postfallssportsnutrition.com,practice type not targeted: Sports nutrition store
botanicallaser.com,niele@botanicallaser.com,practice type not targeted: Day spa
studiothrivefit.com,christi@studiothrivefit.com,practice type not targeted: Fitness center
whitefencesurg.com,lyfeldman@uspi.com,practice type not targeted: Surgical center
elementspenwortham.co.uk,ruth@elementsdayspa.co.uk,not US (list address)
elitesurgicalmiami.com,luciano@elitesurgicalmiami.com,practice type not targeted: Surgeon
essencenutritionmiami.com,monica@essencenutritionmiami.com,practice type not targeted: Dietitian
maevewell.com,stormy@maevewell.com,business already emailed or queued
therefinedfacialist.com,julia@therefinedfacialist.com,practice type not targeted: Spa
tranquilsandsscalpspa.com,kalee@tranquilsandsscalpspa.com,practice type not targeted: Day spa
chibrowtique.com,browtique_chi@yahoo.com,practice type not targeted: Beauty salon
amirismail.co.uk,info@amirismail.co.uk,not US (list address)
southernnutrition.com,paul@southernnutrition.com,practice type not targeted: Vitamin & supplements store
southernnutrition.com,tyler@southernnutrition.com,practice type not targeted: Vitamin & supplements store
beautyrps.com,diya@beautyrps.com,practice type not targeted: (blank)
complexionspa.com,chantal@complexionspa.com,practice type not targeted: Beauty salon
skinbeauty.skin,info@skinbeautybybecca.com,practice type not targeted: Spa
encoreskinclinic.com,ashley@encoreaestheticsmd.com,practice type not targeted: Spa
encoreskinclinic.com,sharon@encoreaestheticsmd.com,practice type not targeted: Spa
castlerockregenerativehealth.com,scott@castlerockregenerativehealth.com,business already emailed or queued
ochypno.com,joe@ochypno.com,practice type not targeted: Hypnotherapy service
rejuvenatehealth.care,shelley@rejuvenatehealth.care,business already emailed or queued
peaceandheartwellness.com,isabel@peaceandheartwellness.com,practice type not targeted: Psychiatrist
alllovecollections.com,kimberly@alllovecollections.com,practice type not targeted: Spa
ketteringhealth.org,michael.gentry@ketteringhealth.org,practice type not targeted: Surgeon
sweetteaandtox.com,britt@sweetteaandtox.com,practice type not targeted: Spa
mckeevervetderm.com,nheinrich@mckeevervetderm.com,practice type not targeted: Veterinarian
michaelmyershypnotherapist.com,michaeldmyers1@yahoo.com,practice type not targeted: Hypnotherapy service
glowmode.com,tiffany@glowmode.com,practice type not targeted: Facial spa
inspire-smiles.com,marcus@inspire-smiles.com,practice type not targeted: Dentist
fiziologix.com,greg@fiziologix.com,practice type not targeted: Physical therapist
kindspine.ca,drfelisha@kindspine.ca,not US (list address)
marketstreetdentalcare.com,drjpcpres@mydentalmail.com,practice type not targeted: Dentist
bodybalancemedical.com,sean@bodybalancemedical.com,business already emailed or queued
tonirocbeauty.com,tiffany@tonirocbeauty.com,practice type not targeted: Health and beauty shop
r1se.co.uk,jen@r1se.co.uk,not US (list address)
skincarebylaxmi.com,laxmi_sanu2@yahoo.com,practice type not targeted: Spa
elationmedspa.com,helen@elationmedspa.com,practice type not targeted: Laser hair removal service
overtbeautybar.com,kayla@overtbeautybar.com,practice type not targeted: Facial spa
elevateskinkc.com,sara@elevateskinkc.com,practice type not targeted: Facial spa
alexandraaccardo.com,alexandra@alexandraaccardo.com,practice type not targeted: Facial spa
rchplasticsurgery.com,raven@rchplasticsurgery.com,practice type not targeted: (blank)
changethegamept.com,ryan@changethegamept.com,practice type not targeted: Physical therapy clinic
nirvanapmu.com,sarah@nirvanapmu.com,practice type not targeted: Permanent make-up clinic
electrolysis-permanentmake-up.com,loistec@aol.com,practice type not targeted: Hair removal service
booking.amhesthetics.com,amanda@amhesthetics.com,practice type not targeted: Spa
resilientdentalsolutions.com,demarquis@resilientdentalsolutions.com,practice type not targeted: Dentist
nutri-bol.com,francisco.padilla@nutri-bol.com,practice type not targeted: Dietitian
bendbeautyspa.com,yaniv@bendbeautyspa.com,practice type not targeted: Facial spa
shunayskin.com,drrich100@aol.com,practice type not targeted: Day spa
chistalexiushealth.org,reed.reyman@commonspirit.org,practice type not targeted: Surgeon
chistalexiushealth.org,carol.enderle@commonspirit.org,practice type not targeted: Surgeon
newseasonspt.com,keesha@newseasonspt.com,practice type not targeted: Physical therapy clinic
alliance-hw.com,sjacob@alliance-hw.com,practice type not targeted: Surgeon
implantationdentalcenter.com,mhervas@implantationdental.com,practice type not targeted: Dental implants periodontist
valuxospa.com,leidysaprn@valuxospa.com,practice type not targeted: Spa
elkdentalcenter.com,mark@elkdentalcenter.com,practice type not targeted: Dentist
ace-pt.org,mercole@ace-pt.org,practice type not targeted: Physical therapy clinic
bakerdentistry.com,jason@bakerdentistry.com,practice type not targeted: Dentist
dkpeshkadds.com,dawn.peshka@dkpeshkadds.com,practice type not targeted: Dentist
medctrbarbour.org,slryan@medctrbarbour.org,practice type not targeted: Surgical center
tinaledds.com,tina@tinaledds.com,practice type not targeted: Dentist
solanoacneclinic.com,julie@solanoacneclinic.com,practice type not targeted: Facial spa
floralparkdentist.com,covertsmiles@aol.com,practice type not targeted: Dentist
stamasdental.com,drstevedds1@yahoo.com,practice type not targeted: Dental clinic
spalova.us,csacalova@yahoo.com,practice type not targeted: Facial spa
1c13med.com,cyrus.moon@1c13med.com,practice type not targeted: Surgical center
skinandbodyspace.com,fran@skinandbodyspace.com,practice type not targeted: Spa
americaneyeassociates.com,clay@americaneyeassociates.com,practice type not targeted: Surgical center
letsskin.net,marvelis@letsskin.net,practice type not targeted: Health and beauty shop
vibeesthetics.com,amanda@vibeesthetics.com,practice type not targeted: Spa
mistskincare.com,shar@mistskincare.com,practice type not targeted: Facial spa
benmiranda.com,secretary@benmiranda.com,not US (list address)
benmiranda.com,shannon@medicalsecserv.co.uk,not US (list address)
truereflectionesthetics.com,owner@truereflectionesthetics.com,practice type not targeted: Facial spa
florissantsurgery.com,jamie.martin@florissantsurgery.com,practice type not targeted: Surgical center
parismedspaclinic.com,osmani@parismedspaclinic.com,practice type not targeted: Laser hair removal service
weightlossnowinc.com,michael@weightlossnowinc.com,practice type not targeted: (blank)
hypnosabrina.com,hypnosabrina@yahoo.com,practice type not targeted: Hypnotherapy service
advancedroboticsla.com,jtabor@brgeneral.org,practice type not targeted: Surgeon
sweetvanitywaxing.com,sweetvanitywaxing@yahoo.com,practice type not targeted: Facial spa
xo-ink.com,karina@xo-ink.com,practice type not targeted: Permanent make-up clinic
jilliangreaves.com,jillian@jilliangreaves.com,practice type not targeted: Dietitian
kingsvilledentistry.com,mark@kingsvilledentistry.com,not US (list address)
commoncanvasla.com,clarissa@commoncanvasla.com,practice type not targeted: Nail salon
karenzaghiyanmd.com,kzaghiyan@yahoo.com,practice type not targeted: Proctologist
htsw.net,ccastillo@htsw.net,practice type not targeted: Spa
htsw.net,lsimon@htsw.net,practice type not targeted: Spa
globeautybarinc.com,gianna@globeautybarinc.com,practice type not targeted: Spa
facialappeal.com,susan@facialappeal.com,practice type not targeted: Spa
thecitydentalstudio.com,dr.bekov@thecitydentalstudio.com,practice type not targeted: Dentist
aglowskincare.biz,cheryl@aglowskincare.biz,practice type not targeted: Facial spa
handsforhealing.com,dr.jeff@handsforhealing.com,practice type not targeted: Acupuncture clinic
makeup-moxie.com,adrie@makeup-moxie.com,practice type not targeted: Permanent make-up clinic
preventativemedicineworks.com,doctor@preventativemedicineworks.com,practice type not targeted: Vitamin & supplements store
restored-vitality.com,kayla@restored-vitality.com,practice type not targeted: Urgent care center
ovsmile.com,samir@ovsmile.com,practice type not targeted: Dentist
ancaestheticspa.com,anca@ancaestheticspa.com,practice type not targeted: Facial spa
fullarchmastersportland.com,ryan@fullarchmastersportland.com,practice type not targeted: Dental implants provider
marzbandds.com,pamela@marzbandds.com,practice type not targeted: Dentist
electropulsestudio.co.uk,michelle@electropulsestudio.co.uk,not US (list address)
betterbodyme.co.uk,daron@betterbodyme.co.uk,not US (list address)
hjpetroffdds.com,heather@hjpetroffdds.com,practice type not targeted: Dentist
yoderptw.com,anjelica@yoderptw.com,practice type not targeted: Physical therapy clinic
yoderptw.com,brent@yoderptw.com,practice type not targeted: Physical therapy clinic
reyesdentalgroup.com,larry@reyesdentalgroup.com,practice type not targeted: Dentist
physicaltherapybyaj.com,andy@physicaltherapybyaj.com,practice type not targeted: Physical therapist
integrativehypnotherapyva.com,rose@holistichealthvirginia.com,practice type not targeted: Hypnotherapy service
malinowskisefcik.com,jim.dave@att.net,practice type not targeted: Dentist
europeanskinandbodycare.com,terese@europeanskinandbodycare.com,practice type not targeted: Facial spa
rehabgym.com,sharon@rehabgym.com,practice type not targeted: Physical therapist
rehabgym.com,tom.jacques@rehabgym.com,practice type not targeted: Physical therapist
skinetcspa.com,makeea@skinetcspa.com,practice type not targeted: Facial spa
mybodygoods.com,deliser@mybodygoods.com,practice type not targeted: Vitamin & supplements store
elementalaestheticsny.com,jessica@elementalaestheticsny.com,practice type not targeted: Facial spa
renuiv.com,mxiong@renuiv.com,practice type not targeted: Health and beauty shop
gottsponerfamilydental.com,morriltondental@yahoo.com,practice type not targeted: Dentist
dentistinfairhopeal.com,dr.chase@toothandcofairhope.com,practice type not targeted: Dentist
northorlandosurgical.com,adinapoli@northorlandosurgical.com,practice type not targeted: Surgical center
nouveaufacialaesthetics.com,amy@nouveaufacialaesthetics.com,practice type not targeted: (blank)
wrightpt.com,bryan@wrightpt.com,practice type not targeted: Physical therapy clinic
wrightpt.com,mandi@wrightpt.com,practice type not targeted: Physical therapy clinic
myoresetswfl.com,tumbarellom@myoresetswfl.com,practice type not targeted: Physical therapist
abbiestarrskinbar.com,kalia@abbiestarrskinbar.com,practice type not targeted: Beauty salon
risingphoenixmassageandwellness.com,adalyn@risingphoenixmassageandwellness.com,practice type not targeted: Massage therapist
tusker.com,eddie@tusker.com,practice type not targeted: Tour operator
thsu.edu,vpoperation@thsu.edu,practice type not targeted: Acupuncture school
miamifootcare.net,lrubio@garnetandcarbonell.com,practice type not targeted: Podiatrist
infinitebeautymedspa.com,carineduval@infinitebeautymedspa.com,practice type not targeted: Spa
emskinstudio.com,erica@emskinstudio.com,practice type not targeted: Facial spa
liniawellness.co.uk,simon@liniawellness.co.uk,not US (list address)
healthybody.org.uk,info@healthybody.org.uk,not US (list address)
jrmedwellness.com,jill@jrmedwellness.com,practice type not targeted: Cosmetics industry
austinsmiles.org,renee@austinsmiles.org,practice type not targeted: Social services organization
austinsmiles.org,ellise@austinsmiles.org,practice type not targeted: Social services organization
tysonfamilydental.com,matt@tysonfamilydental.com,practice type not targeted: Dentist
wisersmiles.com,frank@wisersmiles.com,practice type not targeted: Dentist
myglospa.com,chara@myglospa.com,practice type not targeted: Spa
tcvcg.com,csales@tcvcg.com,practice type not targeted: Vascular surgeon
tcvcg.com,nkrowicki@tcvcg.com,practice type not targeted: Vascular surgeon
swflskin.com,yvonne@swflskin.com,practice type not targeted: Facial spa
spabypivotal.com,jennifer@pivotalpilates.com,practice type not targeted: Day spa
petersontreecare.com,derek@petersontreecare.com,practice type not targeted: Tree service
famidentalusa.com,waldo@famidentalusa.com,practice type not targeted: Dentist
knepperdental.com,erin@knepperdental.com,practice type not targeted: Dentist
lordofaesthetics.com,avalord@lordofaesthetics.com,practice type not targeted: Beauty salon
vivainfusions.com,amanda@vivainfusions.com,business already emailed or queued
smileedc.com,nancyhighlanddds@yahoo.com,practice type not targeted: Dental clinic
manalivehw.com,kyle.stanilla@manalivehw.com,already emailed or queued
eyelidsurgerymd.ca,patrick@eyelidsurgerymd.ca,not US (list address)
bellasmilesdental.com,harmon@bellasmilesdental.com,practice type not targeted: Dentist
pastranabariatrics.com,marlon@pastranabariatrics.com,practice type not targeted: Surgeon
westernmasshypnosiscenter.com,ted@westernmasshypnosiscenter.com,practice type not targeted: Hypnotherapy service
luxurytoothboothinc.com,sarahrdh@luxurytoothboothinc.com,practice type not targeted: Dental hygienist
bodyworks-physicaltherapy.com,ashlee@bodyworks-physicaltherapy.com,practice type not targeted: Physical therapy clinic
bettersleeptx.com,marie@bettersleeptx.com,practice type not targeted: Sleep clinic
rezadentalcare.com,reza@rezadentalcare.com,practice type not targeted: Dentist
mcsurgerycenter.com,tjohanns@mcsurgery.com,practice type not targeted: Surgical center
mcsurgerycenter.com,hr@mcsurgery.com,practice type not targeted: Surgical center
renewmassagesd.com,reanna@renewmassagesd.com,practice type not targeted: Massage therapist
beachsaunaexpress.com,emanuel@beachsaunaexpress.com,practice type not targeted: Sauna club
nekdskincare.com,ebone@nekdskincare.com,practice type not targeted: Spa
topekasparetreat.com,grishamcathy@yahoo.com,practice type not targeted: Facial spa
fkiaestheticsandwellnessclinic.com,rachael@fkiaestheticsandwellnessclinic.com,not US (list address)
selectandbook.com,eric.lalonde@writeupp.com,not US (list address)
bareuk.co.uk,julie@bareuk.co.uk,not US (list address)
barebeautyaesthetics.com,ruth@barebeautyaesthetics.com,not US (list address)
emergencyafterhoursdentistry.com,adrp@verizon.net,practice type not targeted: Dentist
woodhallwellbeing.co.uk,stacy@woodhallwellbeing.co.uk,not US (list address)
rooteddietitian.com,hello@rooteddietitian.com,practice type not targeted: Dietitian
aluma.uk,emma@aluma.uk,not US (list address)
ripley-hypnotherapy.co.uk,gw@ripley-hypnotherapy.co.uk,not US (list address)
royallmedicalclinic.com,sabah@royallmedicalclinic.com,not US (list address)
glowasis.net,michele@glowasis.net,practice type not targeted: Spa
footcareroom.com,mail@footcareroom.com,not US (list address)
acaacupuncture.com,yanzhu.liu@acaacupuncture.com,practice type not targeted: Acupuncture clinic
rethinkmenopause.com,sam@rethinkmenopause.com,not US (list address)
auraskin.co.uk,amanda@auraskin.co.uk,not US (list address)
hannahthaispa.co.uk,hannah@hannahthaispa.co.uk,not US (list address)
bristolphysiotherapyclinic.co.uk,alice@bristolphysiotherapyclinic.co.uk,not US (list address)
bristolphysiotherapyclinic.co.uk,chris@bristolphysiotherapyclinic.co.uk,not US (list address)
healthy-balance.ca,tara@healthy-balance.ca,not US (list address)
afterglow-aesthetics.com,amanda@afterglow-aesthetics.com,practice type not targeted: Facial spa
goodlifelactation.com,natasha@goodlifelactation.com,practice type not targeted: Lactation service
theholisticskinspecialist.com,christine@theholisticskinspecialist.com,practice type not targeted: Facial spa
robustclinic.com,andrew@physioinverness.com,not US (list address)
robustclinic.com,fiona@physioinverness.com,not US (list address)
medinaillab.com,melissa@medinaillab.com,practice type not targeted: Nail salon
kanvasmedicalgroup.com,hmongini@kanvasmedicalgroup.com,not US (list address)
oxfordlaseraesthetics.co.uk,michelle@oxfordlaseraesthetics.co.uk,not US (list address)
movementevo.com,adeeb@movementevo.com,practice type not targeted: Physical therapy clinic
sitkaphysio.com,helen@sitkaphysio.com,not US (list address)
hebeaestheticsandvitality.com,sabrina@hebeaestheticsandvitality.com,business already emailed or queued
alavendermistspa.com,danielle@alavendermistspa.com,practice type not targeted: Spa
skinstationspa.com,lufachinelli@skinstationspa.com,practice type not targeted: Facial spa
londonrhinoplasty.com,kalpesh@londonrhinoplasty.com,not US (list address)
longevclinictoronto.com,drmclaird@longevclinictoronto.com,not US (list address)
sbcosmeticdentistry.com,drsheth@sbcosmeticdentistry.com,practice type not targeted: Dentist
nyahsimone.com,lisapmitchell@yahoo.com,practice type not targeted: Massage therapist
jims-cbd.com,jim@jims-cbd.com,practice type not targeted: Health and beauty shop
doctorsue.co.uk,doctorholdstock@yahoo.co.uk,not US (list address)
surgerygroup.co.uk,matthew@surgerygroup.co.uk,not US (list address)
pabariclinic.com,apabari@pabariclinic.com,not US (list address)
pabariclinic.com,pa@pabariclinic.com,not US (list address)
justbreatheo2.co.uk,contact@justbreatheo2.co.uk,not US (list address)
facialaesthetics.co.uk,julie@facialaesthetics.co.uk,not US (list address)
restonsurgerycenter.com,greg.beasley@hcahealthcare.com,practice type not targeted: Surgical center
feelbetterbristol.co.uk,becki@feelbetterbristol.co.uk,not US (list address)
feelbetterbristol.co.uk,zoe@feelbetterbristol.co.uk,not US (list address)
back2action.co.uk,rayan@back2action.co.uk,not US (list address)
back2action.co.uk,estelle.r@back2action.co.uk,not US (list address)
vitamedspa.net,ibrahim@vitamedspa.net,practice type not targeted: Spa
thewayofliving.co.uk,kate@thewayofliving.co.uk,not US (list address)
everiv.com,jessica@everiv.com,business already emailed or queued
responsephysio.com,mgrieve@responsephysio.com,not US (list address)
reflectclinic.co.uk,jayne@reflectclinic.co.uk,not US (list address)
sttammany.health,jcoffman@stph.org,practice type not targeted: Surgeon
sttammany.health,kmrabalais@stph.org,practice type not targeted: Surgeon
clarityhypnosis.co.uk,info@clarityhypnosis.co.uk,not US (list address)
glasgowskinspecialists.co.uk,duncan.lowe@glasgowskinspecialists.co.uk,not US (list address)
jaspergill.co.uk,jasper@jaspergill.co.uk,not US (list address)
beuapp.com,ben@beuapp.com,not US (list address)
ampclinic.co.uk,charlotte@ampclinic.co.uk,not US (list address)
ancabreahna.com,anca@ancabreahna.com,not US (list address)
ancabreahna.com,secretary@ancabreahna.com,not US (list address)
simonpayne.co.uk,simon@simonpayne.co.uk,not US (list address)
milesbanwell.co.uk,mo@milesbanwell.co.uk,not US (list address)
milesbanwell.co.uk,miles@milesbanwell.co.uk,not US (list address)
matthew-potter.com,matthewpotter@doctors.org.uk,not US (list address)
martinjones.org.uk,martin.jones@doctors.org.uk,not US (list address)
dorsethealthandsafety.com,stuart@dorsethealthandsafety.com,not US (list address)
relivephysiotherapy.co.uk,thiyagaraj@relivephysiotherapy.co.uk,not US (list address)
casabella.uk.com,sue@casabella.uk.com,not US (list address)
hiroshinishikawa.co.uk,carly@hiroshinishikawa.co.uk,not US (list address)
thewonderlab.uk,info@thewonderlab.uk,not US (list address)
thamesvalleyscarclinic.com,alexandra.murray@thamesvalleyscarclinic.com,not US (list address)
thamesvalleyscarclinic.com,sara.atkins@thamesvalleyscarclinic.com,not US (list address)
drfareeha.com,info@drfareeha.com,not US (list address)
sportstest.co.uk,g.palmer@sportstest.co.uk,not US (list address)
prolongevity.co.uk,graham.phillips@manorpharmacygroup.co.uk,not US (list address)
evolv-pt.com,matt@evolv-pt.com,practice type not targeted: Physical therapist
ivorybeautyspa.com,shenhav@ivorybeautyspa.com,practice type not targeted: Facial spa
waterfronthospital.co.uk,omarquaba@doctors.net.uk,not US (list address)
marybellabeauty.com,maribel@marybellabeauty.com,practice type not targeted: Facial spa
thehappyhuman.online,ali@happyhuman.online,not US (list address)
integritycoachingandtraining.com,patricia@integritycoachingandtraining.com,practice type not targeted: Hypnotherapy service
baldwinsvilledental.com,drsohrweide@hotmail.com,practice type not targeted: Dentist
suitelifespa.com,suitelifespa@gmail.com,practice type not targeted: Day spa
hannahclareaesthetics.co.uk,hannahclaretrainingacademy@gmail.com,not US (list address)
wheelingfamilydental.com,dwalterfamilydental@gmail.com,practice type not targeted: Dentist
anotherlevelmedispa.co.uk,perminder@anotherlevelmedispa.co.uk,not US (list address)
bodymechanicsnyc.com,beret@bodymechanicsnyc.com,practice type not targeted: Massage therapist
whitehartclinic.co.uk,christienbird@whitehartclinic.co.uk,not US (list address)
thebellaglo.com,lindsey@thebellaglo.com,practice type not targeted: Permanent make-up clinic
studioglow.co,shawn@studioglow.co,practice type not targeted: Facial spa
marradmd.com,docfjm@marradmd.com,practice type not targeted: Dentist
easternmasurgery.com,candance.ellis@amsurg.com,practice type not targeted: Surgical center
uniconailcare.com,uniconailcare@gmail.com,practice type not targeted: Nail salon
labryfamilydentistry.com,jacquelabrydds@gmail.com,practice type not targeted: Dentist
trilliumclinic.com,stefan@trilliumclinic.com,business already emailed or queued
spa-bleu.com,tammy@spa-bleu.com,practice type not targeted: Spa
artedental.com,jacob@artedental.com,practice type not targeted: Dentist
miraclesmiledental.com,theaubreydentist@gmail.com,practice type not targeted: Dentist
taylordentistryonline.com,taylorfamilydentistry@comcast.net,practice type not targeted: Dentist
godental365.com,jmolineux@godental365.com,practice type not targeted: Dentist
godental365.com,sasnis@godental365.com,practice type not targeted: Dentist
spaplacidity.com,spaplacidity@gmail.com,practice type not targeted: Massage spa
legacydentaltexas.com,heather@legacydentaltexas.com,practice type not targeted: Dentist
nubeauty.co,ronitash18@gmail.com,practice type not targeted: Electrolysis hair removal service
cloningerdentistry.com,cheryl@cloningerdentistry.com,practice type not targeted: Dentist
kentjacksondds.com,kjacksondds@msn.com,practice type not targeted: Dentist
goodalefamilydental.com,drjennifergoodale@outlook.com,practice type not targeted: Dentist
hastingsandhavlik.com,myleshastings@gmail.com,practice type not targeted: Dentist
betterbitesbybusch.com,adrienne@betterbitesbybusch.com,practice type not targeted: Dentist
kaiserdentaloffice.com,kaiserdmd@gmail.com,practice type not targeted: Dentist
spineandsportsmed.com,mario@spineandsportsmed.com,practice type not targeted: Physical therapist
spineandsportsmed.com,pponzini@spineandsportsmed.com,practice type not targeted: Physical therapist
drtopping.com,drtopping@drtopping.com,practice type not targeted: Dentist
galaxfamilydental.com,galaxfamilydental@gmail.com,practice type not targeted: Dentist
studiowaxbellevue.com,kasie@studiowaxbellevue.com,practice type not targeted: Hair removal service
quickmedclinic.com,lena.esmail@quickmedclinic.com,practice type not targeted: Urgent care center
spalarimar.com,kerri@spalarimar.com,practice type not targeted: Facial spa
bodybalancehealing.com,tanya.bodybalance@gmail.com,practice type not targeted: Massage therapist
drmeiganmiller.com,office@drmeiganmiller.com,practice type not targeted: Dentist
brightonphysio.co.uk,tina@brightonphysio.co.uk,not US (list address)
apturgentcare.com,idris@apturgentcare.com,practice type not targeted: Urgent care center
saltwellness-spa.com,cosmomtologist@gmail.com,practice type not targeted: Massage therapist
dentistrydunnville.com,jennifer@syeddentalgroup.com,not US (list address)
thewinchesterspa.com,dyana@thewinchesterspa.com,practice type not targeted: Beauty salon
laluxedentalwashingtondc.com,doctor@laluxedental.com,practice type not targeted: Dentist
evolutionsportspt.com,morgan@evolutionsportspt.com,practice type not targeted: Physical therapy clinic
peakptcupertino.com,garrett@peakptcupertino.com,practice type not targeted: Physical therapist
nuvasmile.com,amerdds@gmail.com,practice type not targeted: Dentist
ourtowndentist.com,jihae@ourtowndentist.com,practice type not targeted: Dentist
ozadayspa.com,jacqui@ozadayspa.com,practice type not targeted: Facial spa
theiv.ca,robin@theiv.ca,not US (list address)
northchautauquadental.com,jules8875@hotmail.com,practice type not targeted: Dentist
beautycurvespa.net,beautycurvesbysteph@gmail.com,practice type not targeted: Massage spa
smilecentermobile.com,marileesears@gmail.com,practice type not targeted: Dentist
natelewisdds.com,natelewisdds@gmail.com,practice type not targeted: Dentist
peakheart.com,nmehta@peakheart.com,practice type not targeted: Surgical center
girlfindyourglow.com,zoe@girlfindyourglow.com,practice type not targeted: Tanning salon
isokinetic.com,m.dellavilla@isokinetic.com,not US (list address)
isokinetic.com,l.dellavilla@isokinetic.com,not US (list address)
isokinetic.com,s.dellavilla@isokinetic.com,not US (list address)
worthingic.co.uk,admin@worthingimplantcentre.co.uk,not US (list address)
betheldayspa.com,amisha@betheldayspa.com,practice type not targeted: Day spa
ftodental.com,drsnyder@ftodental.com,practice type not targeted: Dentist
spaatsacomills.com,janettesluxspa@gmail.com,practice type not targeted: Massage spa
spahotelroanoke.com,marty@spahotelroanoke.com,practice type not targeted: Spa
onefinesmile.com,molly@onefinesmile.com,practice type not targeted: Dentist
livewelldentalcenter.com,jasonhchangdds@gmail.com,practice type not targeted: Dental clinic
appointlet.com,jared@appointlet.com,practice type not targeted: Surgical center
westriverdental.com,shannon@westriverdental.com,practice type not targeted: Dentist
fredericksburghypnosis.com,nathan@fredericksburghypnosis.com,practice type not targeted: Hypnotherapy service
collectivesoulpc.com,amy@collectivesoulpc.com,practice type not targeted: Massage therapist
smilesofthesmokies.com,kristinreillydmd@gmail.com,practice type not targeted: Dentist
chicagofamilydental.com,garywegmann@gmail.com,practice type not targeted: Dentist
bellabeautiesusa.com,anita@bellabeautiesusa.com,practice type not targeted: Day spa
lompocfamilydental.com,lompocfamilydental@gmail.com,practice type not targeted: Dentist
restoremedcenter.com,whitehead@restoremedcenter.com,practice type not targeted: Surgical center
restoremedcenter.com,ramirez@restoremedcenter.com,practice type not targeted: Surgical center
newsmyrnadentistry.com,jameskortbus@gmail.com,practice type not targeted: Dentist
ikutasmiles.com,deric@ikutasmiles.com,practice type not targeted: Dentist
rockvilleacupuncturemd.com,doctorhelena@gmail.com,practice type not targeted: Acupuncture clinic
flfootandankle.com,fallonhd@flfootandankle.com,practice type not targeted: Podiatrist
petfolk.com,mike@petfolk.com,practice type not targeted: Veterinarian
sleepandoralwellness.org,anshubansal75@gmail.com,practice type not targeted: Dentist
miskovichdental.com,molly@miskovichdental.com,practice type not targeted: Dentist
theskinlabdayspa.com,jordan@theskinlabdayspa.com,practice type not targeted: Spa
thebodysculptinglounge.com,engy@thebodysculptinglounge.com,practice type not targeted: Spa
sculptorfitness.com,debby@sculptorfitness.com,practice type not targeted: Fitness center
cynthiaboltondds.com,the2thdr@earthlink.net,practice type not targeted: Dentist
northernnutrition.net,libby@northernnutrition.net,practice type not targeted: Dietitian
northernnutrition.net,jess@northernnutrition.net,practice type not targeted: Dietitian
bohemiadentalarts.com,rmdpearldental@gmail.com,practice type not targeted: Dentist
afunctionalmedicinehealing.com,heather@afunctionalmedicinehealing.com,practice type not targeted: Health and beauty shop
thedermclinic.net,angela@thedermclinic.net,business already emailed or queued
middlecreekeyecenter.com,drmoore@middlecreekeyecenter.com,practice type not targeted: Eye care center
thelanespa.com,marcia@thelanespa.com,practice type not targeted: Day spa
laprechel.com,amy@laprechel.com,practice type not targeted: Beauty salon
thevascularcaregroup.com,dgorin@thevascularcaregroup.com,practice type not targeted: Surgeon
clearvue.org,aaron.lech@clearvue.org,practice type not targeted: Eye care center
libertyptnj.com,ck@libertyptnj.com,practice type not targeted: Physical therapy clinic
mthorebdental.com,denise@mthorebdental.com,practice type not targeted: Dental clinic
elitebeautylab.ca,carolyn.md@elitebeautylab.ca,not US (list address)
kindredskinsole.com,jacqueline@kindredskinsole.com,practice type not targeted: Day spa
brechondental.com,brechondentalcare@gmail.com,practice type not targeted: Dentist
desnubeauty.com,joannvanie@gmail.com,practice type not targeted: Facial spa
cawleypt.net,cawleyptfrank@gmail.com,practice type not targeted: Physical therapy clinic
revivehealthandbeauty.com,shane@revivehealthandbeauty.com,practice type not targeted: Physical therapist
estheticsbyliliya.com,skincarebyliliya@gmail.com,practice type not targeted: Facial spa
santamariafamilydentistry.com,smfdmanagement@gmail.com,practice type not targeted: Dentist
santamariafamilydentistry.com,turtondds@gmail.com,practice type not targeted: Dentist
beurskensfamilydentistry.com,drbeurskensdds@gmail.com,practice type not targeted: Dentist
healthlifestylemassage.com,noah@healthlifestylemassage.com,practice type not targeted: Massage therapist
cielodentalhouston.com,hector@houtxdentalgroup.com,practice type not targeted: Dentist
texasrejuvenationmedspa.com,justine@texasrejuvenationmedspa.com,practice type not targeted: (blank)
skydentalcolorado.com,cristiana@skydentalcolorado.com,practice type not targeted: Dental clinic
lalaidayspa.com,lauren@lalaidayspa.com,practice type not targeted: Day spa
bellaluzkerrville.com,kathytalks@simmons.net,practice type not targeted: Spa
bellportspa.com,jenbellportspa@gmail.com,practice type not targeted: Spa
nuspecies.com,aston@nuspecies.com,practice type not targeted: Vitamin & supplements store
nuspecies.com,jillian@nuspecies.com,practice type not targeted: Vitamin & supplements store
mycompletedental.com,kimberly@mycompletedental.com,practice type not targeted: Dentist
mukilteodentalarts.com,mukoffice@gmail.com,practice type not targeted: Dentist
ultimatesn.com,brad@ultimatesn.com,practice type not targeted: Vitamin & supplements store
northmetrosurgerycenter.com,dakota.nelsen@amsurg.com,practice type not targeted: Surgical center
lavidasmithtown.com,jnuzzo@lavidamassage.com,practice type not targeted: Massage spa
smiletampa.net,reza@smiletampa.net,practice type not targeted: Dental clinic
toothopiadental.com,kelly@toothopiadental.com,practice type not targeted: Dentist
carmicaldentistry.com,andrea@carmicaldentistry.com,practice type not targeted: Dentist
sugaredandbronzed.com,courtney@sugaredandbronzed.com,practice type not targeted: Tanning salon
sugaredandbronzed.com,holden@sugaredandbronzed.com,practice type not targeted: Tanning salon
johncgengodds.com,drjcgengo62@gmail.com,practice type not targeted: Dentist
blackrockintegrativemedicine.com,sheri@blackrockintegrativemedicine.com,practice type not targeted: Addiction treatment center
olivieramar.co.uk,olivier@olivieramar.co.uk,not US (list address)
qualitymobilenow.com,meagan@qualitymobileinstallations.com,practice type not targeted: Massage therapist
michelsonlaservision.com,amyd@alaeye.com,practice type not targeted: Eye care center
endosurgicenter.com,kbracht@amsurg.com,practice type not targeted: Surgical center
perspiresaunastudio.com,lee@perspiresaunastudio.com,practice type not targeted: Sauna
dejaglowspa.com,dejaglowspa@gmail.com,practice type not targeted: Facial spa
pt-360.com,shelly@pt-360.com,practice type not targeted: Physical therapy clinic
skindeepolean.net,piercemodifybeautify@gmail.com,practice type not targeted: Body piercing shop
thewellnessshopllc.com,thewellnessshopllc@gmail.com,practice type not targeted: Spa
dentistmn.com,jgendler@dentistmn.com,practice type not targeted: Dentist
harrykarnadds.com,karnaharry@gmail.com,practice type not targeted: Dentist
medicallakefamilydental.com,info@medicallakefamilydental.com,practice type not targeted: Dentist
origenhealthcare.com,nazira@origenhealthcare.com,practice type not targeted: Psychiatrist
tksurgery.com,tkroeker.md@texasthyroidcenter.com,practice type not targeted: Surgeon
charlesdentalgroup.dentist,rica@charlesdentalgroup.com,practice type not targeted: Dentist
jmarcholserdds.com,jmholser@gmail.com,practice type not targeted: Dentist
mydamnfoothurts.com,drfpolun@mydamnfoothurts.com,practice type not targeted: Podiatrist
phanord.com,rphanord@phanord.com,practice type not targeted: Dentist
southsidedental.co.uk,leanne@southsidedental.co.uk,not US (list address)
shepherdsvilledental.com,hnfdshep@gmail.com,practice type not targeted: Dentist
dunmar.com,dlaliberte@dunmar.com,practice type not targeted: Warehouse
doctorsnetwork.com,pooria@doctorsnetwork.com,practice type not targeted: Dentist
blushbeautybarny.com,jazmineflores88@outlook.com,practice type not targeted: Facial spa
foundationspsa.com,slminer@gmail.com,practice type not targeted: Sleep clinic
dentistryofwestbend.com,shannon@dentistryofwestbend.com,practice type not targeted: Dentist
ssmasc.com,kt@ssmasc.com,practice type not targeted: Surgeon
drteslow.com,kathy.teslow@gmail.com,practice type not targeted: Surgeon
lashifystudio.com,kam@lashifystudio.com,practice type not targeted: Eyelash salon
silverspringdentalarts.com,silverspringdentalarts@gmail.com,practice type not targeted: Dentist
pekintotaldentalcare.com,sdickeydds@gmail.com,practice type not targeted: Dentist
bloomstudiopnw.com,bloomaestheticstudio@gmail.com,practice type not targeted: Facial spa
fulldistance.com,alina@fulldistance.com,practice type not targeted: Physical therapist
carmodydentist.com,drcarmody@gmail.com,practice type not targeted: Dentist
glomcminnville.com,robin@glomcminnville.com,practice type not targeted: Spa
massagedrspa.com,esther@massagedrspa.com,practice type not targeted: Massage spa
distinctivedental.com,zaididmd@distinctivedental.com,practice type not targeted: Dentist
stillwater-medical.org,dwebber@stillwater-medical.org,practice type not targeted: Surgeon
stillwater-medical.org,nhcooper@stillwater-medical.org,practice type not targeted: Surgeon
infuseskinandbody.com,skinbymary@gmail.com,practice type not targeted: Day spa
burlesonsmiles.com,chawkins@burlesonsmiles.com,practice type not targeted: Dentist
rockymtnpt.com,jason@rockymtnpt.com,practice type not targeted: Physical therapist
parkplacedentalcare.com,parkplacedental@comcast.net,practice type not targeted: Dentist
naturaspa.com,rafaela@naturaspa.com,practice type not targeted: Waxing hair removal service
vikingalternative.com,haley@vikingalternative.com,business already emailed or queued
vikingalternative.com,sam@vikingalternative.com,business already emailed or queued
longmontdentalloft.com,adrienne@longmontdentalloft.com,practice type not targeted: Dentist
mauiseashells.com,michelle@mauiseashells.com,practice type not targeted: Massage therapist
fivestardentalsmile.com,drjennifergromero@gmail.com,practice type not targeted: Dentist
salemeyesurgery.com,kelsey.wells@amsurg.com,practice type not targeted: Surgical center
eyeguys.com,bbertram@eyeguys.com,practice type not targeted: Eye care center
sonomasmiles.com,wayne@sonomasmiles.com,practice type not targeted: Dentist
bestdentistontheplanet.com,drthielbar@gmail.com,practice type not targeted: Dentist
drsandras.com,dantsandrasdds@mobiletel.com,practice type not targeted: Dentist
yogaismedicine.com,ann@byca.yoga,practice type not targeted: Yoga studio
nilesfamilydentistry.com,jessica@nilesfamilydentistry.com,practice type not targeted: Dentist
essenceofmassagebodywork.com,brianchristiansen19@gmail.com,practice type not targeted: Massage therapist
stluciedentist.com,kelsi@stluciedentist.com,practice type not targeted: Dentist
retreatofboston.com,bobby@retreatofboston.com,practice type not targeted: Addiction treatment center
sleepingbeautysalon.com,marie.lamond@sleepingbeautysalon.com,not US (list address)
sleepingbeautysalon.com,lilac.miller@sleepingbeautysalon.com,not US (list address)
plastic-surgery-calgary.com,hmltn@telus.net,not US (list address)
prana-hw.com,h.w.prana@gmail.com,practice type not targeted: Massage spa
tveyecenter.com,richardf@tveyecenter.com,practice type not targeted: Surgical center
longevitytrainingclub.com,drevan.physiofit@gmail.com,practice type not targeted: Fitness center
dermhappy.com,bseeberger@dermhappy.com,practice type not targeted: Registered general nurse
clariseyecare.com,kcarlson@clariseyecare.com,practice type not targeted: Lasik surgeon
gisurgical.com,pmdenk@gisurgical.com,practice type not targeted: Surgeon
sunnhealthbar.com,healthbar2020@gmail.com,practice type not targeted: Restaurant
dentalviewsgoodyear.com,azareh@dentalviews.com,practice type not targeted: Dentist
celebritytreatments.com,linda@celebritytreatments.com,practice type not targeted: Health and beauty shop
centerforherniarepair.com,jonathanyunis@gmail.com,practice type not targeted: Surgeon
purelashloungespa.com,lashesbyfw@gmail.com,practice type not targeted: Spa
purelashloungespa.com,felicia.w18@gmail.com,practice type not targeted: Spa
flawlessfeet.net,kelly@flawlessfeet.net,practice type not targeted: Podiatrist
sagebrushbeauty.com,sagebrushskin@gmail.com,practice type not targeted: Facial spa
majesticdentalmo.com,drlear@majesticdentalmo.com,practice type not targeted: Dentist
getgambit.ca,issmaeel.lawendy@getgambit.ca,not US (list address)
recoverylifegroup.com,pam@recoverylifegroup.com,practice type not targeted: Addiction treatment center
coastalvisionmedical.com,dantran@coastal-vision.com,practice type not targeted: Surgical center
theskincareclinic.com,claudia@theskincareclinic.com,practice type not targeted: Facial spa
christopherwilldds.com,loriturner@christopherwilldds.com,practice type not targeted: Dentist
salecreek.vet,yourgoatdoc@salecreek.vet,practice type not targeted: Veterinarian
salecreek.vet,manager@salecreek.vet,practice type not targeted: Veterinarian
myofitclinic.com,adam@myofitclinic.com,practice type not targeted: Physical therapy clinic
coastaldentistry.org,coastaldentistrypc@gmail.com,practice type not targeted: Dentist
brushmoredentistry.com,dr.michail@brushmoredentistry.com,practice type not targeted: Dentist
lomavistadental.com,vassilof@gmail.com,practice type not targeted: Dentist
nutritioncenter.colostate.edu,charlotte.lakin@colostate.edu,practice type not targeted: Dietitian
nutritioncenter.colostate.edu,kristy.root@colostate.edu,practice type not targeted: Dietitian
localcoochiewaxer.com,tetreaultjnt@gmail.com,practice type not targeted: Hair removal service
smoothsailingdental.com,practadmin@smoothsailingdental.com,practice type not targeted: Dentist
smilespaburien.com,mfymiya@gmail.com,practice type not targeted: Massage spa
innersourcehypnosis.com,ishypno@gmail.com,practice type not targeted: Hypnotherapy service
laserandskinclinic.net,danay@laserandskinclinic.net,practice type not targeted: Laser hair removal service
browsbywhitney.com,browsbywhitney@gmail.com,practice type not targeted: Permanent make-up clinic
danielezra.co.uk,medical@ezraclinic.co.uk,not US (list address)
northbrunswicksurgicalcenter.com,cassandra.fertig@amsurg.com,practice type not targeted: Surgical center
sakoonthespa.com,ceinspahr@sakoonthespa.com,practice type not targeted: Spa
sakoonthespa.com,robinkhan33@hotmail.com,practice type not targeted: Spa
dentistsofchimneyheights.com,gillstalin@gmail.com,not US (list address)
stlukesphysicaltherapy.com,william.updegrove@sluhn.org,practice type not targeted: Physical therapy clinic
sparklelifestyle.ca,amyaucoin@sparklelifestyle.ca,not US (list address)
footandankleassociates.com,ashapiro@footandankleassociates.com,practice type not targeted: Podiatrist
halfmoonbrows.com,katie@halfmoonbrows.com,practice type not targeted: Beauty salon
impactphysicaltherapy.com,sjensen@impactphysicaltherapy.com,practice type not targeted: Physical therapy clinic
impactphysicaltherapy.com,sportsrecovery@impactphysicaltherapy.com,practice type not targeted: Physical therapy clinic
kkustomnutrition.com,kendra@kkustomnutrition.com,practice type not targeted: Dietitian
gloface.com,emily@gloface.com,practice type not targeted: Spa
fortmyers-dentist.com,gerald@fortmyers-dentist.com,practice type not targeted: Dentist
fielmannvisioncare.com,russ.steinhorst@fielmannusa.com,practice type not targeted: Eye care center
joyaaspa.com,jing92689@gmail.com,practice type not targeted: Massage spa
spoonerpt.com,t.spooner@spoonerpt.com,practice type not targeted: Physical therapy clinic
secret2beaute.com,secret2beautemiami@gmail.com,practice type not targeted: Facial spa
smileave.com,dr.reed@smileave.com,practice type not targeted: Dental clinic
limage2000.com,linef@live.com,not US (list address)
redmond-dental.com,drmayank.dds@gmail.com,practice type not targeted: Dentist
nwperio.com,ken@nwperio.com,practice type not targeted: Dental implants periodontist
mymndentist.com,bcurtis@mymndentist.com,practice type not targeted: Dental clinic
thepetiteaesthetician.com,thepetiteaesthetician@gmail.com,practice type not targeted: Facial spa
alphaclinic.co.uk,shona@alphaclinic.co.uk,not US (list address)
thefacespaceco.com,erin@thefacespaceco.com,practice type not targeted: Facial spa
amberspa.com,beata@amberspa.com,practice type not targeted: Beauty salon
lashboxny.com,melesia@lashboxny.com,practice type not targeted: Eyelash salon
padentalimplants.com,rlevine@padentalimplants.com,practice type not targeted: Dental clinic
padentalimplants.com,tvishio@padentalimplants.com,practice type not targeted: Dental clinic
padentalimplants.com,pfava@padentalimplants.com,practice type not targeted: Dental clinic
dreamvein.com,jasmine.koo@dreamvein.com,practice type not targeted: Vascular surgeon
bridgetohealthhealingartscenter.com,chattanoogachair@gmail.com,practice type not targeted: Massage therapist
pecanstdental.com,drprab@pecanstdental.com,practice type not targeted: Dentist
alchemyhealingtouch.com,alchemyhealingtouch@gmail.com,practice type not targeted: Massage therapist
immortalskinwellness.com,immortalskinllc@gmail.com,practice type not targeted: Health and beauty shop
highwayintegrative.com,drjlo8@gmail.com,practice type not targeted: Urgent care center
urbansweat.com,kristen@urbansweat.com,practice type not targeted: Sauna
paoladentist.com,paolafamilydentistry@gmail.com,practice type not targeted: Dentist
jessaskin.com,jessa@jessaskin.com,practice type not targeted: Waxing hair removal service
3f-fitness.com,training@3f-fitness.com,practice type not targeted: Fitness center
keokukfamilydentistry.com,keokukfamilydentistry@gmail.com,practice type not targeted: Dentist
nourishandlagree.com,stephanie@nourishandlagree.com,practice type not targeted: Fitness center
houseofbeautyfw.com,heather@houseofbeautyfw.com,practice type not targeted: Beauty salon
orangecitymoderndentistry.com,depadasa@gmail.com,practice type not targeted: Dentist
oakdaledentalcare.com,sirinadds@gmail.com,practice type not targeted: Dentist
taschnerperio.com,rstaschner@gmail.com,practice type not targeted: Dental implants periodontist
palmbeachskinandbeauty.com,bridget@palmbeachskinandbeauty.com,practice type not targeted: Facial spa
premierderm.net,mclifton@premierderm.net,business already emailed or queued
talkingtreespa.com,sako@talkingtreespa.com,not US (list address)
drdarrenmckeown.com,drdarrenmckeown@outlook.com,not US (list address)
glassborodentistry.com,bksdmd@me.com,practice type not targeted: Dentist
sonrisasdentalmiami.com,drwaich@sonrisasdentalmiami.com,practice type not targeted: Dentist
meiludds.com,meiludds@gmail.com,practice type not targeted: Dentist
lanedentistryvilonia.com,lanefamilydentistry@gmail.com,practice type not targeted: Dentist
juliaodwyer-clinic.co.uk,julia@juliaodwyer-clinic.co.uk,not US (list address)
uzurispa.com,tiah@uzurispa.com,practice type not targeted: Spa
moonriverwellnesscenter.com,doerossi@gmail.com,practice type not targeted: Massage therapist
osteopracticptc.com,drz@osteopracticptc.com,practice type not targeted: Physical therapy clinic
barelasercenter.com,angela@barelasercenter.com,practice type not targeted: Laser hair removal service
capitallaser.net,sue@capitallaser.net,practice type not targeted: Laser hair removal service
smileprostudio.com,info@smileprostudio.com,practice type not targeted: Dentist
smileprostudio.com,drz@smileprostudio.com,practice type not targeted: Dentist
supremiadentistry.com,drsuh@supremiadentistry.com,practice type not targeted: Dentist
indycarehealth.com,franklin@indycarehealth.com,practice type not targeted: Urgent care center
dohertynutrition.com,maggy@dohertynutrition.com,practice type not targeted: Dietitian
dohertynutrition.com,colin.doherty@dohertynutrition.com,practice type not targeted: Dietitian
anotherlookonline.com,laurie@anotherlookonline.com,practice type not targeted: Laser hair removal service
elitedentalimplantcentersimivalley.com,perfectsmile5861@gmail.com,practice type not targeted: Dentist
renovohealth.care,steve@renovohealth.care,practice type not targeted: Surgical center
revivescalpandbeauty.com,sunny@revivesab.com,practice type not targeted: Spa
drgasser.com,kevin@drgasser.com,practice type not targeted: Dental clinic
avilaphysicaltherapy.com,anthony@avilaphysicaltherapy.com,practice type not targeted: Physical therapy clinic
spa818.com,lina@spa818.com,practice type not targeted: Facial spa
inmotionoc.com,christy@inmotionoc.com,practice type not targeted: Physical therapist
inmotionoc.com,jeff@inmotionoc.com,practice type not targeted: Physical therapist
skynxnic.com,skynxnic@gmail.com,practice type not targeted: Spa
sanctuarysparockton.com,sanctuarysouth815@gmail.com,practice type not targeted: Day spa
drannabellecuyong.com,drannabellecuyong@gmail.com,practice type not targeted: Dentist
therapypartnersgroup.com,bmack@tpgpt.com,practice type not targeted: Physical therapy clinic
therapypartnersgroup.com,jallen@tpgpt.com,practice type not targeted: Physical therapy clinic
metamorphosisspa.com,pamelapapadatos@gmail.com,practice type not targeted: Day spa
kbsfamilydental.com,kerribeedystorts@kbsfamilydental.com,practice type not targeted: Dental clinic
newsmiles.com,nathan@newsmiles.com,practice type not targeted: Dentist
woodincreekdental.com,yogig@outlook.com,practice type not targeted: Dentist
woodincreekdental.com,woodincreekdental@gmail.com,practice type not targeted: Dentist
kintsugipt.com,criley@kintsugipt.com,practice type not targeted: Physical therapy clinic
prescottdentalarts.com,brenda.prescottdentalarts@gmail.com,practice type not targeted: Dentist
balancespa.com,nvardaro@balancespa.com,practice type not targeted: Day spa
balancespa.com,kscioli@balancespa.com,practice type not targeted: Day spa
stoneworksmassage.com,jackie.stoneworks@gmail.com,practice type not targeted: Massage therapist
stoneworksmassage.com,chad.stoneworks@gmail.com,practice type not targeted: Massage therapist
alignspa.com,alignspadirector@gmail.com,practice type not targeted: Day spa
drjwilliams.com,jason.williams@dal.ca,not US (list address)
shorepremierdental.com,om.shorepremier@gmail.com,practice type not targeted: Dentist
zirkerfamilydentistry.com,jed@zirkerfamilydentistry.com,practice type not targeted: Dentist
dothandayspasalon.com,calliegerardomassage@gmail.com,practice type not targeted: Spa
myvicksburgdentist.com,thomasdentalexcellence@gmail.com,practice type not targeted: Dentist
emmalanimassagetherapy.com,emmalanimt@gmail.com,practice type not targeted: Massage therapist
atlantawestdentistry.com,teodora@atlantawestdentistry.com,practice type not targeted: Dentist
xplor.co,pamela.joseph@xplortechnologies.com,practice type not targeted: Yoga studio
xplor.co,justin.lachance@xplortechnologies.com,practice type not targeted: Yoga studio
surgicalgroupoforlando.com,phummell@surgicalgrouporlando.com,practice type not targeted: Surgical center
surgicalgroupoforlando.com,danelle.chambers@icloud.com,practice type not targeted: Surgical center
pr1mef1tness.com,marc@pr1mef1tness.com,practice type not targeted: Fitness center
thehideawaylodi.com,lodimicroclinic@gmail.com,practice type not targeted: Permanent make-up clinic
dermatechpermanentcosmetics.com,marytanneberg@gmail.com,practice type not targeted: Permanent make-up clinic
lindsaykeith.com,lindsay@lindsaykeith.com,practice type not targeted: Surgical oncologist
exceldent-dentistry.com,gaby@exceldent-dentistry.com,practice type not targeted: Dentist
beautyplanetpermanentmakeup.com,beautyplanetpermanent@gmail.com,practice type not targeted: Permanent make-up clinic
cdicdental.com,hbmanager@cdicdental.com,practice type not targeted: Dentist
gdpsmiles.com,drczuiderveen@gdpsmiles.com,practice type not targeted: Dentist
shorthillssc.com,cprisco@shorthillssc.com,practice type not targeted: Surgical center
shorthillssc.com,mrendeiro@shorthillssc.com,practice type not targeted: Surgical center
portlandimplantdentistry.com,mcallister@portlandimplantdentistry.com,practice type not targeted: Dental implants periodontist
apermanentlybeautifulyou.net,permabeauty@hotmail.com,practice type not targeted: Permanent make-up clinic
infirmarycancercare.org,furhan.yunus@infirmaryhealth.org,practice type not targeted: Surgical oncologist
infirmarycancercare.org,mark.nix@infirmaryhealth.org,practice type not targeted: Surgical oncologist
33microspa.com,erin@33microspa.com,practice type not targeted: Day spa
upperlinehealth.com,dthorpe@upperlinehealth.com,practice type not targeted: Podiatrist
oaklanedental.com,awalker@oaklanedental.com,practice type not targeted: Dentist
washingtonpain.com,hhong@washingtonpain.com,practice type not targeted: Surgical center
nkd-beauty.com,vanessa@nkd-beauty.com,practice type not targeted: Facial spa
nbmchealth.com,christy.wright@nbmchealth.com,practice type not targeted: Surgeon
nbmchealth.com,kwalters@nbmchealth.com,practice type not targeted: Surgeon
scnetx.com,lori.bolden@amsurg.com,practice type not targeted: Surgical center
teamohd.com,devin.ossman@teamohd.com,practice type not targeted: Dentist
lovelanddentalgroups.com,bj.stucki@lovelandgroup.com,practice type not targeted: Dentist
santabarbaraimplants.com,stevenvorholtdds@gmail.com,practice type not targeted: Dental implants provider
thelbdentist.com,drespinosalb@gmail.com,practice type not targeted: Dentist
wiltonsurgerycenter.com,fkycia@amsurg.com,practice type not targeted: Surgical center
toothdentalcare.com,nabiha@toothdentalcare.com,practice type not targeted: Dentist
performanceoptimalhealth.com,todd@performanceoptimalhealth.com,practice type not targeted: Physical therapy clinic
performanceoptimalhealth.com,johanna@performanceoptimalhealth.com,practice type not targeted: Physical therapy clinic
cedarknollssurgicalcenter.com,corineh@cedarknollssurgicalcenter.com,practice type not targeted: Surgical center
cedarknollssurgicalcenter.com,mmann@cedarknollssurgicalcenter.com,practice type not targeted: Surgical center
healingtouchmassage.com,dana@healingtouchmassage.com,practice type not targeted: Massage therapist
spacecoastendocenter.com,lynn.drake@amsurg.com,practice type not targeted: Surgical center
vuimclinic.com,jyoo@vuim.edu,practice type not targeted: Acupuncturist
tressesbyjuless.com,juleof5@gmail.com,practice type not targeted: Wig shop
stonecreekdentalcare.com,ronbeasley@stonecreekdentalcare.com,practice type not targeted: Dentist
hudsoncrossingsc.com,bjacob@hudsoncrossingsc.com,practice type not targeted: Surgical center
hudsoncrossingsc.com,curbanak@hudsoncrossingsc.com,practice type not targeted: Surgical center
regencyeye.com,judith@regencyeye.com,not US (list address)
psychichealingsdirect.com,natasha_psychic@hotmail.com,not US (list address)
aestheticbeautybyjules.com,aestheticsbyjules@gmail.com,not US (list address)
ashevillemassagebodywork.com,alyssa@mowamb.com,practice type not targeted: Massage spa
massageonwheels.com,alyssa@massageonwheels.com,practice type not targeted: Massage therapist
drbeers.com,duane@drbeers.com,practice type not targeted: Dentist
flawlessglogj.com,theresa@flawlessglogj.com,practice type not targeted: Permanent make-up clinic
dentalphobics.com,drlarryklein@gmail.com,practice type not targeted: Dentist
cefamilydental.com,drjon@cefamilydental.com,practice type not targeted: Dentist
cefamilydental.com,drolivia@cefamilydental.com,practice type not targeted: Dentist
careplasticsurgery.com,brian@careplasticsurgery.com,business already emailed or queued
havrillacenter.com,drhavrilla@jjhperio.com,practice type not targeted: Dental implants periodontist
boykindds.com,mjb@boykindds.com,practice type not targeted: Dentist
westharbordental.com,laura@westharbordental.com,practice type not targeted: Dentist
maindentalnorthville.com,maindental201@gmail.com,practice type not targeted: Dentist
elakedental.com,jenkins.william.r@gmail.com,practice type not targeted: Dentist
gopt.co,vahishtavafadari@gopt.co,practice type not targeted: Physical therapy clinic
gopt.co,michaeldomingo@gopt.co,practice type not targeted: Physical therapy clinic
ptsolutions.com,paul.muchnick@ptsolutions.com,practice type not targeted: Physical therapist
ptsolutions.com,dale.yake@ptsolutions.com,practice type not targeted: Physical therapist
innoviasurgery.com,veras@innoviasurgery.com,practice type not targeted: Surgical center
selfspaceseattle.com,rachel@selfspaceseattle.com,practice type not targeted: Psychotherapist
selfspaceseattle.com,jessica@selfspaceseattle.com,practice type not targeted: Psychotherapist
agilityphysicaltherapy.net,kami@agilityphysicaltherapy.net,practice type not targeted: Physical therapy clinic
theivybaltimore.com,rarthur@theivybaltimore.com,practice type not targeted: Spa
watkinsfamilydentistry.com,drbwatkins@comcast.net,practice type not targeted: Dentist
trailridgefamilydental.com,allan@trailridgefamilydental.com,practice type not targeted: Dentist
calibrowsllc.com,ashleycali87@gmail.com,practice type not targeted: Permanent make-up clinic
noyasedona.com,info@noyasedona.com,practice type not targeted: Facial spa
beauti4skin.com,amir@beauti4skin.com,practice type not targeted: Laser hair removal service
monalisasmiledental.com,drk@monalisasmiledental.com,practice type not targeted: Dentist
mypearldentalgroup.com,aparna.c.nayudu@gmail.com,practice type not targeted: Dentist
mendlymphaticmassage.com,mendlymphaticmassage@gmail.com,practice type not targeted: Massage therapist
thedentalapp.com,lior@thedentalapp.com,practice type not targeted: Dental clinic
sunstatespecialists.com,justin.berry@sunstatespecialists.com,practice type not targeted: Surgeon
healthactionspt.com,jweatherly@healthactions.net,practice type not targeted: Physical therapy clinic
yourmagnoliadental.com,danafulton@yourmagnoliadental.com,practice type not targeted: Dentist
drjayspokane.com,drjayspokane@outlook.com,practice type not targeted: Dentist
sorrentoeastdental.com,seanrbatesdds@gmail.com,practice type not targeted: Dentist
goldennj.com,heidi@goldennj.com,practice type not targeted: Permanent make-up clinic
lonestarhypnosis.com,andrew@lonestarhypnosis.com,practice type not targeted: Hypnotherapy service
therapeutichealthworks.com,danielle@therapeutichealthworks.com,practice type not targeted: Massage therapist
organicabodyss.com,anndrea@organicabodyss.com,practice type not targeted: Day spa
wilhiteandfrees.com,freesdvm@gmail.com,practice type not targeted: Veterinarian
nouvoskinaesthetics.com,nouvoskinbykatia@gmail.com,practice type not targeted: Facial spa
communitymedicalservices.org,nick.stavros@cmsgiveshope.com,practice type not targeted: Addiction treatment center
communitymedicalservices.org,amanda.deleon@cmsgiveshope.com,practice type not targeted: Addiction treatment center
skinapeel.com,kim@skinapeel.com,practice type not targeted: Day spa
southshoresurgical.net,ira.klonsky@gmail.com,practice type not targeted: Surgeon
brycebraydds.com,frontdesk@braydental.com,practice type not targeted: Dentist
baldwincountydental.com,lovethatsmile2@gmail.com,practice type not targeted: Dentist
beautifulskinbyjaneict.com,beautifulskinbyj@gmail.com,practice type not targeted: Permanent make-up clinic
sheridayspabythesea.com,mynewesthetician@gmail.com,practice type not targeted: Day spa
optimaltclinic.com,kibwage@optimaltclinic.com,business already emailed or queued
furumotodentistry.com,frontoffice@furumotodentistry.com,practice type not targeted: Dentist
furumotodentistry.com,doctor@furumotodentistry.com,practice type not targeted: Dentist
momtazimd.com,susan.lamb@ahs.ca,not US (list address)
momtazimd.com,mmomtazi@toh.ca,not US (list address)
victoriaroggiobeauty.com,victoria@victoriaroggiobeauty.com,practice type not targeted: Day spa
capefearperio.com,sgould@capefearperio.com,practice type not targeted: Dentist
safarifamilydental.com,safarimeyerland@gmail.com,practice type not targeted: Dentist
humantwopointzero.com,chris@humantwopointzero.com,not US (list address)
oralsurgeryofwny.com,krollm@oralsurgeryofwny.com,practice type not targeted: Dentist
dralexinamehta.com,dralexinamehta@gmail.com,not US (list address)
yourvalleysmile.com,johnsondds@yourvalleysmile.com,practice type not targeted: Dentist
whodoesyourteeth.com,drneal@whodoesyourteeth.com,practice type not targeted: Dentist
oaklandoralsurgery.com,tammy@oaklandoralsurgery.com,practice type not targeted: Surgical center
hotelchelsea.com,richard@bdhotels.com,practice type not targeted: Spa
thisistemple.com,kelly@thisistemple.com,practice type not targeted: Day spa
lotussm.com,armm@lotussm.com,practice type not targeted: Acupuncture clinic
functionalperformancecenter.com,john@functionalperformancecenter.com,practice type not targeted: Physical therapy clinic
functionalperformancecenter.com,lauren@functionalperformancecenter.com,practice type not targeted: Physical therapy clinic
spamariana.com,jen@spamariana.com,practice type not targeted: Day spa
guiltfreeeating.com,tonikohnmsrd@gmail.com,practice type not targeted: Dietitian
floatrobins.com,telisa@floatrobins.com,practice type not targeted: Spa
noveltyhillsmiles.com,info@orthodonticspro.com,practice type not targeted: Dentist
laserenvyspa.com,laserenvyspa@gmail.com,practice type not targeted: Laser hair removal service
rmhypnosis.net,wayne@rmhypnosis.net,practice type not targeted: Hypnotherapy service
barewaxingandlaser.com,carolyn@barewaxingandlaser.com,practice type not targeted: Laser hair removal service
teamio.app,nilay@teamio.app,practice type not targeted: Dentist
fleetfeetaugusta.com,codi@fleetfeetaugusta.com,practice type not targeted: Sporting goods store
fleetfeetaugusta.com,michael@fleetfeetaugusta.com,practice type not targeted: Sporting goods store
rfdcoshocton.com,info@rfdcoshocton.com,practice type not targeted: Dentist
afcurgentcare.com,jmorgan@americanfamilycare.com,practice type not targeted: Urgent care center
infinitybludental.co.uk,chris@infinitybludental.co.uk,not US (list address)
pellafamilydentistry.com,barb@pellafamilydentistry.com,practice type not targeted: Dentist
banderdentalgroup.com,carmen@banderdentalgroup.com,practice type not targeted: Dentist
peakperformanceompt.com,jill@peakperformanceompt.com,practice type not targeted: Physical therapy clinic
peakperformanceompt.com,mmcfadden@peakperformanceompt.com,practice type not targeted: Physical therapy clinic
newberrydentalassociates.com,srrush13@gmail.com,practice type not targeted: Dentist
cherryhilldentalsmiles.com,reddy@cherryhilldentalsmiles.com,practice type not targeted: Dentist
tuckersmile.com,banstoladmd@gmail.com,practice type not targeted: Dentist
ahcwellnessclinic.com,aidenchen.ca@gmail.com,not US (list address)
caledoniasmiles.com,dr.kal@caledoniasmiles.com,not US (list address)
hollisdds.com,hollisdds@hotmail.com,practice type not targeted: Dentist
citrusdentalkids.com,ellenhuang3@gmail.com,practice type not targeted: Dentist
natural-luminance.com,amy@natural-luminance.com,practice type not targeted: Spa
alohaurgentcare.com,avatar0611@gmail.com,practice type not targeted: Urgent care center
smilerejuvenationsofswfl.com,drrichgilbert@pelicanlandingdental.com,practice type not targeted: Prosthodontist
pnwoms.com,aaron.fordham@pnwoms.com,practice type not targeted: Dental clinic
robichauxfamilydental.com,melissa@robichauxfamilydental.com,practice type not targeted: Dental clinic
robichauxfamilydental.com,jacob@robichauxfamilydental.com,practice type not targeted: Dental clinic
xuwellnesscenter.com,mark.xu@xuwellnesscenter.com,practice type not targeted: Acupuncture clinic
whitsettvision.com,zaina1225@gmail.com,practice type not targeted: Ophthalmology clinic
torranceasc.com,david.short@torranceasc.com,practice type not targeted: Surgical center
arcona.com,kathy@arcona.com,practice type not targeted: Facial spa
revivedentistry.com,kimdentist09@gmail.com,practice type not targeted: Dentist
priorityskinboutique.com,priorityskinboutique@gmail.com,practice type not targeted: Spa
wolffdentistry.org,kwolffdmd@hotmail.com,practice type not targeted: Dentist
drklause.com,drelviraklause@gmail.com,practice type not targeted: Surgeon
patrickfieldsdds.com,patrick@patrickfieldsdds.com,practice type not targeted: Dentist
gentletouchfacialstudio.com,gentletouchstudio.mary@gmail.com,practice type not targeted: Facial spa
rejuvenatemindbodysoul.com,sherri@rejuvenatemindbodysoul.com,practice type not targeted: Facial spa
bsbm-mi.com,mystritz33@gmail.com,practice type not targeted: Spa
lillypt.com,lilly@lillypt.com,practice type not targeted: Physical therapist
skintastic209.com,skintastic209@gmail.com,practice type not targeted: Waxing hair removal service
tranquilityspawexford.com,laura@tranquilityspawexford.com,practice type not targeted: Spa
newalbanysmiles.com,jangart@newalbanysmiles.com,practice type not targeted: Dentist
riverrundentalspa.com,brusnak@riverrundentalspa.com,practice type not targeted: Dental clinic
drfeins.com,drfeins@gmail.com,practice type not targeted: Dentist
ariamedispa.ca,laine@ariamedispa.ca,not US (list address)
josephanthony.com,mary@josephanthony.com,practice type not targeted: Spa
josephanthony.com,joe@josephanthony.com,practice type not targeted: Spa
fspt.org,kecia.barr@fsptmail.com,practice type not targeted: Physical therapy clinic
foresthilldentist.com,foresthilldentist@gmail.com,practice type not targeted: Dentist
mysantarosadentist.com,landerosandhammer@gmail.com,practice type not targeted: Dentist
mysantarosadentist.com,drlukelanderos@emaildds.com,practice type not targeted: Dentist
trillionhh.com,hanah@trillionhh.com,business already emailed or queued
whitelotusmedaesthetics.com,kristi@whitelotusmed.com,practice type not targeted: Health and beauty shop
doc4smiles.com,drbriney@gmail.com,practice type not targeted: Dentist
lakesregiondentalcare.com,lrdcdmdoffice@gmail.com,practice type not targeted: Dentist
markhamlymphaticcentre.com,adimenna@markhamlymphaticcentre.com,not US (list address)
scoallentown.com,cindy.moyer@amsurg.com,practice type not targeted: Surgical center
infinitemespa.com,zenea@infinitemespa.com,practice type not targeted: Day spa
brontewellness.com,samantha@brontewellness.com,not US (list address)
amskincare.com,angela@amskincare.com,practice type not targeted: Facial spa
dupage2020.com,sheridanlam@live.com,practice type not targeted: Ophthalmology clinic
napleslaserstudio.com,isabella@napleslaserstudio.com,practice type not targeted: Laser hair removal service
dentalimplantschgo.com,drdteam1@dentalimplantschgo.com,practice type not targeted: Dental implants periodontist
ozarkpros.com,mcneel@ozarkpros.com,practice type not targeted: Prosthodontist
mohsvirginia.com,crausch@mohsvirginia.com,practice type not targeted: Surgical center
deandentalsolutions.com,john@deandentalsolutions.com,practice type not targeted: Dentist
lagunahillsprosthodontics.com,dr.garbacea@gmail.com,practice type not targeted: Dentist
collagespa.com,brian@collagespa.com,practice type not targeted: Day spa
collagespa.com,kelsey@collagespa.com,practice type not targeted: Day spa
topshelfhydration.com,webb@topshelfhydration.com,practice type not targeted: Health and beauty shop
facialcreationsspa.com,svetlana@facialcreationsspa.com,practice type not targeted: Facial spa
alternativerealization.com,gleon@alternativerealization.com,practice type not targeted: Hypnotherapy service
dannapycher.com,bttcoaching@gmail.com,practice type not targeted: Hypnotherapy service
healthiertomorrows.com,megan@healthiertomorrows.com,practice type not targeted: Dietitian
blushbeautyloungetx.com,blushbeautylounge.tx@gmail.com,practice type not targeted: Spa
prairieoralsurgery.com,dawnv@prairieoralsurgery.com,practice type not targeted: Dentist
renewesthetics.com,idalis@renewesthetics.com,practice type not targeted: Laser hair removal service
soakspashop.com,melissa@soakspashop.com,practice type not targeted: Day spa
empiremedicine.com,empiremedicine@gmail.com,practice type not targeted: Acupuncture clinic
adit.com,fahad@adit.com,practice type not targeted: Dentist
worthyselfcare.com,meliza@worthyselfcare.com,practice type not targeted: Sauna
theprecisioneye.com,orest@theprecisioneye.com,practice type not targeted: Eye care center
freshskinandbodyfairport.com,smilingskin@gmail.com,practice type not targeted: Day spa
savvyskinspa.com,savvyskindayspa@gmail.com,practice type not targeted: Facial spa
utahtreesurgeons.com,mark@utahtreesurgeons.com,practice type not targeted: Tree service
birminghamhandandplasticsurgery.com,budsauer@gmail.com,practice type not targeted: Surgeon
mydentalnd.com,hlundmyconceptdentistry@gmail.com,practice type not targeted: Dental clinic
schedule.dental,eric@intelibly.com,practice type not targeted: Dentist
assist2sellcny.com,lkowalczyk@assist2sell.com,practice type not targeted: Real estate agency
omahadentalspecialists.com,shakeelkhanddsms@gmail.com,practice type not targeted: Dental implants periodontist
myntdental.com,myntdental@gmail.com,practice type not targeted: Dentist
texasacupuncturecenter.org,drjessicaliacupuncturemedicine@gmail.com,practice type not targeted: Acupuncture clinic
darlingdds.com,darlington@darlingdds.com,practice type not targeted: Dentist
spatws.com,joann@spatws.com,practice type not targeted: Day spa
legacydentalmenifee.com,christina.bennington@legacydentalmenifee.com,practice type not targeted: Dentist
myhairsalonmk.com,mlk@myhairsalonmk.com,practice type not targeted: Beauty salon
myhairsalonmk.com,jordan@myhairsalonmk.com,practice type not targeted: Beauty salon
cranialmantra.studio,blu3vol@gmail.com,practice type not targeted: Beauty salon
royallahaina.com,nicholas.kuhns@royallahaina.com,practice type not targeted: Spa
massagetherapy.live,candy@massagetherapy.live,practice type not targeted: Massage therapist
avalonspa.com,asharpe@avalonspa.com,not US (list address)
drrude.com,jbullard@drrude.com,practice type not targeted: Surgical center
drrude.com,mrude@drrude.com,practice type not targeted: Surgical center
carolinaveincare.com,mark.jackson@carolinaveincare.com,practice type not targeted: Vascular surgeon
carolinaveincare.com,julie.park@carolinaveincare.com,practice type not targeted: Vascular surgeon
sarasotaimplantdentist.com,rctaylor@tdn.care,practice type not targeted: Dental implants periodontist
robertwilcoxbuttedentist.com,wilcoxdental@gmail.com,practice type not targeted: Dentist
erikjohnsondmd.com,drjohnsondmd1@gmail.com,practice type not targeted: Dentist
smstaff.com,cburke@smstaff.com,practice type not targeted: Temp agency
smstaff.com,llabrosse@smstaff.com,practice type not targeted: Temp agency
backtohealthpt.com,erik@backtohealthpt.com,practice type not targeted: Physical therapy clinic
goddessbeautyspabyyosi.com,yosimedspa7@gmail.com,practice type not targeted: Facial spa
winnfamilydentistry.com,drwinn@winnfamilydentistry.com,practice type not targeted: Dentist
aphroditessecret.com,cjy@aphroditessecret.com,practice type not targeted: Permanent make-up clinic
typespec.com,paul@typespec.com,practice type not targeted: Typewriter repair service
zanyaspasalon.com,zanya@zanyaspasalon.com,practice type not targeted: Beauty salon
zanyaspasalon.com,lyz@zanyaspasalon.com,practice type not targeted: Beauty salon
fruitacanyondental.com,fruitadental@gmail.com,practice type not targeted: Dentist
precinctdentalpractice.co.uk,precinctdentalpractice@gmail.com,not US (list address)
precinctdentalpractice.co.uk,asif@precinctdentalpractice.co.uk,not US (list address)
spiritloft.com,andre@spiritloft.com,not US (list address)
nutricultures.com,mercy@nutricultures.com,practice type not targeted: Dietitian
modernacupuncture.com,chad.everts@modacu.com,practice type not targeted: Acupuncture clinic
mannheimdental.com,mannheimdental@gmail.com,practice type not targeted: Dentist
ludingtondentist.net,clarsondds@gmail.com,practice type not targeted: Dentist
iowacityasc.com,nkalkwarf@iowacityasc.com,practice type not targeted: Surgical center
lasikvisioninstitute.com,cmendez@lasikvisioninstitute.com,practice type not targeted: Lasik surgeon
shwetaprabhakardds.com,appointments.spdds@gmail.com,practice type not targeted: Dentist
charlottetaylorspm.co.uk,charlottetaylorspm@gmail.com,not US (list address)
queensway.co.uk,vicky.philipson@queensway.co.uk,not US (list address)
queensway.co.uk,michael.elliott@queensway.co.uk,not US (list address)
ashgrovelodge.com,diannewilson70@hotmail.com,not US (list address)
dentistry-no3.co.uk,stephanie@dentistry-no3.co.uk,not US (list address)
clarkstonspa.com,clarkstonspallc@gmail.com,practice type not targeted: Day spa
newhampshirehypnosis.com,david@newhampshirehypnosis.com,practice type not targeted: Hypnotherapy service
doverpriorydental.com,berin@doverpriorydental.com,not US (list address)
doverpriorydental.com,dorothy@doverpriorydental.com,not US (list address)
aspaforyou.com,thea@aspaforyou.com,practice type not targeted: Spa
salinedental.com,wrighth@salinedental.com,practice type not targeted: Dentist
parkcosmeticdental.com,email@parkcosmeticdentistry.com,practice type not targeted: Dentist
ranjinipillai.com,smiledrcary@gmail.com,practice type not targeted: Dentist
acupuncturechiropractorwheaton.com,chicagodc10@gmail.com,practice type not targeted: Acupuncture clinic
moderndayhypnosis.com,lauren@moderndayhypnosis.com,practice type not targeted: Hypnotherapy service
benchmarkfamilydental.com,celebi@benchmarkfamilydental.com,practice type not targeted: Dentist
crsurgeryoc.com,albert@crsurgeryoc.com,practice type not targeted: Proctologist
weekenddental.com,mahmoud.jallad@hotmail.com,practice type not targeted: Dentist
lapsurgerydoc.com,gil@lapsurgerydoc.com,practice type not targeted: Surgeon
deenaparry.com,deena@deenaparry.com,practice type not targeted: Acupuncturist
thetoothery.com,jessica@thetoothery.com,practice type not targeted: Dental implants provider
accentuatemed.com,cmpawlish@gmail.com,practice type not targeted: Health and beauty shop
brianjbenoitdds.com,brian@docbjb.com,practice type not targeted: Dentist
zendenwellnessspa.com,zendenwellnessspa@gmail.com,practice type not targeted: Day spa
corelifewellness.ca,brenda@corelifewellness.ca,not US (list address)
coopersmiles.com,jordancooper@coopersmiles.com,practice type not targeted: Dentist
canalfamilydentistry.com,canal_dental@msn.com,practice type not targeted: Dentist
elitefaor.com,drtrev.dpm@gmail.com,practice type not targeted: Podiatrist
wynnedowntowndental.com,wynnedowntowndental@gmail.com,practice type not targeted: Dentist
erielasereye.com,tmoore@erielasereye.com,practice type not targeted: Ophthalmology clinic
priority-pt.com,allison.prioritypt@gmail.com,practice type not targeted: Physical therapy clinic
sunrisefamilydentalcare.com,lmcocking@sunrisefamilydentalcare.com,practice type not targeted: Dentist
perioaz.com,brown@perioaz.com,practice type not targeted: Dental implants periodontist
weissclinics.com,dan.weiss@weissclinics.com,not US (list address)
weissclinics.com,lorraine.oleski@weissclinics.com,not US (list address)
wildblushsuites.biz,wildblushsuites@gmail.com,practice type not targeted: Beauty salon
tahequahmassage.com,stonebrookproject@thepalmsmassage.org,practice type not targeted: Massage therapist
amisurgery.com,jbonheur@amisurgery.com,practice type not targeted: Surgeon
familydentistrynewhampton.com,bswdentistry@gmail.com,practice type not targeted: Dentist
mdfitsrq.com,jaredcabanmdfit@gmail.com,practice type not targeted: Kinesiotherapist
drbarryapplegate.com,dr.a@drbarryapplegate.com,practice type not targeted: Dentist
rogerthaidds.com,rogerthaidds@gmail.com,practice type not targeted: Dentist
fit9atl.com,jeff@fit9atl.com,business already emailed or queued
squeezemassage.com,brittany@squeezemassage.com,practice type not targeted: Massage spa
thepinkcanoewaxingstudio.com,elise@pinkcanoestudio.com,practice type not targeted: Waxing hair removal service
enveespa.com,shelby@enveespa.com,practice type not targeted: Day spa
montaguehypnosis.ca,montaguehessmanhypnosis@gmail.com,not US (list address)
amydodentistry.com,dramydoaptos@gmail.com,practice type not targeted: Dentist
beautworksllc.com,tonyiacook@gmail.com,practice type not targeted: Facial spa
contourpreston.co.uk,livhindmoor@gmail.com,not US (list address)
beautyandzenspa.com,ahartistry16@gmail.com,practice type not targeted: Spa
kmbeautyabingdon.co.uk,kmbeautyabingdon@gmail.com,not US (list address)
sanctuaryhoboken.com,rosaliaskin@gmail.com,practice type not targeted: Facial spa
alertdisaster.com,dwatkins@alertdisaster.com,practice type not targeted: Water damage restoration service
alertdisaster.com,ddenison@alertdisaster.com,practice type not targeted: Water damage restoration service
myconceptdentistry.com,brianbulikdds@gmail.com,practice type not targeted: Dental clinic
fentonsmiles.com,agivens@fentonsmiles.com,practice type not targeted: Dentist
esteticamia.com,linda@esteticamia.com,practice type not targeted: Beauty salon
fhrcnj.com,cfischer@fhrcnj.com,practice type not targeted: Physical therapy clinic
skinclubmiami.com,katrin@skinclubmiami.com,practice type not targeted: Facial spa
avonlakedental.com,john@avonlakedental.com,practice type not targeted: Dentist
fostoriadentist.com,rkinndmd@gmail.com,practice type not targeted: Dentist
weknowveins.com,joemagnant@weknowveins.com,practice type not targeted: Surgical center
healthysmilesofscappoose.com,kendall@healthysmilesofscappoose.com,practice type not targeted: Dentist
my-fmic.com,neal@my-fmic.com,practice type not targeted: Rehabilitation center
luxmedispa.co.uk,brett@luxmedispa.co.uk,not US (list address)
brilliantmassageandskin.com,jolita@brilliantmassageandskin.com,practice type not targeted: Massage spa
wishboneathletics.com,surinder@wishboneathletics.com,not US (list address)
trainboston.com,dbrewster@trainboston.com,practice type not targeted: Physical therapy clinic
stridecare.com,al.wilson@stridecare.com,practice type not targeted: Vascular surgeon
boulderperiodontics.com,images@boulderperiodontics.com,practice type not targeted: Dental implants periodontist
xperiencespa.com,dawn@xperiencespa.com,practice type not targeted: Day spa
campplasticsurgery.com,steven.camp@campplasticsurgery.com,business already emailed or queued
bodynbloom.ca,ilona.pap@bodynbloom.ca,not US (list address)
shopkingdomroyale.com,sophia@shopkingdomroyale.com,practice type not targeted: Day spa
boxitfit.com,shannah@boxitfit.com,practice type not targeted: Fitness center
smilebrighter.info,udcappt@gmail.com,practice type not targeted: Dentist
patelbushingerdentistry.com,drmonapatel346@gmail.com,practice type not targeted: Dentist
sheenabhatiadds.com,yourdentaloffice151@gmail.com,practice type not targeted: Dentist
sarahpalmerdds.com,sarah@sarahpalmerdds.com,practice type not targeted: Dentist
fleetfeet.com,joey.pointer@fleetfeet.com,practice type not targeted: Running store
riosaesthetics.co,riosaesthetic.co@gmail.com,practice type not targeted: Facial spa
renewalbyandersen.com,troy.barrow@andersencorp.com,practice type not targeted: Window installation service
delaramadental.com,smiles@delaramadental.com,practice type not targeted: Dentist
inn-spa.com,suitedreams21@gmail.com,practice type not targeted: (blank)
honestdentistry.com,uicdds26@gmail.com,practice type not targeted: Dentist
gorev.com,chad.hughes@gorev.com,practice type not targeted: Urgent care center
covattofamilydentistry.com,rcovattodmd@gmail.com,practice type not targeted: Dentist
stronglifept.com,joanna@stronglifept.com,practice type not targeted: Physical therapist
stronglifept.com,aj@stronglifept.com,practice type not targeted: Physical therapist
periodontologyinc.com,wstehle@periodontologyinc.com,practice type not targeted: Dentist
flawlessskin.biz,tiffany@flawlessskin.biz,practice type not targeted: Spa
westtexasbariatric.com,tdeggl@gmail.com,practice type not targeted: Surgical center
truehealingmassage.net,terri@truehealingmassage.net,practice type not targeted: Massage therapist
surgerycenterofvolusia.com,maggie.sterba@surgerycenterofvolusia.com,practice type not targeted: Surgical center
drjoshford.com,drjoshford@gmail.com,practice type not targeted: Ophthalmology clinic
equilibriumtherapeutics.ca,brenbeattie@hotmail.com,not US (list address)
wnyhypnosisandwellness.com,luisa@wnyhypnosisandwellness.com,practice type not targeted: Hypnotherapy service
newingtonfamilydentistry.com,megan.newingtonfamilydentistry@gmail.com,practice type not targeted: Dentist
northstarcle.com,jenn@northstarcle.com,practice type not targeted: Spa
englewooddental.com,sarah.englewooddental@gmail.com,practice type not targeted: Dentist
westbanksurgery.com,ldesalvo@amsurg.com,practice type not targeted: Surgical center
westbanksurgery.com,ataravella@amsurg.com,practice type not targeted: Surgical center
reviveptmfr.com,meenakshi9199@gmail.com,practice type not targeted: Physical therapist
reviveptmfr.com,revive-pt@outlook.com,practice type not targeted: Physical therapist
urbanbeautylounge.com,melissa@urbanbeautylounge.com,practice type not targeted: Day spa
thesmilist.com,tiffany@thesmilist.com,practice type not targeted: Dentist
thesmilist.com,chris@thesmilist.com,practice type not targeted: Dentist
betterwaydentalcare.com,drjiulinzhu@gmail.com,practice type not targeted: Dentist
riversidecenterforestheticdentistry.com,drfjacobs@gmail.com,practice type not targeted: Dentist
premier-dermatology.com,marie@premier-dermatology.com,business already emailed or queued
drcjconnolly.com,carmen@drcjconnolly.com,practice type not targeted: Dentist
drhutto.com,dean@drhutto.com,practice type not targeted: Dentist
miperioimplant.com,kinaiaperio@gmail.com,practice type not targeted: Dentist
mossandblacksalon.com,jennifer@mossandblacksalon.com,practice type not targeted: Beauty salon
drgreggalford.com,drgreggalford@gmail.com,practice type not targeted: Dentist
tranquilvibedayspa.com,eric@tranquilvibedayspa.com,practice type not targeted: Day spa
bestdentistnj.com,dgebnj@gmail.com,practice type not targeted: Dentist
qualitymedicalfitness.com,mtkhalifa@qualitymedicalfitness.com,practice type not targeted: Rehabilitation center
pro-pt.net,todd@pro-pt.net,practice type not targeted: Physical therapy clinic
pro-pt.net,czarina@pro-pt.net,practice type not targeted: Physical therapy clinic
pennycreeksmiles.com,drslocum@pennycreeksmiles.com,practice type not targeted: Dentist
letriceskinbeauty.com,letriceskinbeauty@gmail.com,practice type not targeted: Permanent make-up clinic
monacellamassage.com,missy@monacellamassage.com,practice type not targeted: Day spa
viceroystreetdental.co.uk,pm@viceroystreetdental.co.uk,not US (list address)
alohamoonspa.com,amkauai1@gmail.com,practice type not targeted: Day spa
matclinics.com,lauren@matclinics.com,practice type not targeted: Addiction treatment center
matclinics.com,dan@matclinics.com,practice type not targeted: Addiction treatment center
yoursignaturemedspa.com,deana@yoursignaturemedspa.com,practice type not targeted: Health and beauty shop
familydentistryclovis.com,wquirozdds@gmail.com,practice type not targeted: Dentist
kaulmd.com,drkaul@nygetfit.com,practice type not targeted: Surgeon
basaltdayspa.com,amber@basaltdayspa.com,practice type not targeted: Day spa
mconsent.net,samad@srswebsolutions.com,practice type not targeted: Dental clinic
summitdentaldds.com,drcalloway@summitdentaldds.com,practice type not targeted: Dental implants provider
reviveon.life,reviveon@gmail.com,practice type not targeted: Massage therapist
mgc-transportation.com,mgctransportation2007@gmail.com,practice type not targeted: Transportation service
whatsgoodwellness.ca,katrina@whatsgoodwellness.ca,not US (list address)
optimumalaska.com,kelly@ohwpt.com,practice type not targeted: Physical therapy clinic
drmikebishop.com,brenda@drmikebishop.com,practice type not targeted: Dentist
drmikebishop.com,mike@drmikebishop.com,practice type not targeted: Dentist
kristyturner.com,massage@kristyturner.com,practice type not targeted: Massage therapist
lavonfamilydental.com,smile@lavonfamilydental.com,practice type not targeted: Dentist
clocktowerdentalidaho.com,darin@clocktowerdentalidaho.com,practice type not targeted: Dentist
greenvillenaturalhealth.com,marina@greenvillenaturalhealth.com,practice type not targeted: Acupuncture clinic
kurstudios.com,troy@kurstudios.com,practice type not targeted: Day spa
dentistinatchison.com,atchisonfamilydental@gmail.com,practice type not targeted: Dentist
cmlawrencedmd.com,joy@cmldmd.com,practice type not targeted: Dentist
bouldertraildental.com,info@bouldertraildental.com,practice type not targeted: Dentist
myoryx.com,rania@oryxdentalsoftware.com,practice type not targeted: Dentist
northvillecosmeticdentist.com,jaghabdds@gmail.com,practice type not targeted: Dentist
pittsfielddentalcare.com,pittsfielddentalma@gmail.com,practice type not targeted: Dentist
mmbdentistry.com,dbeall@mmbdentistry.com,practice type not targeted: Dentist
faceandbodylabs.com,zhanna@faceandbodylabs.com,practice type not targeted: Spa
holistichealingcenternj.com,alario.nancy@gmail.com,practice type not targeted: Physical therapist
performancehybridhealth.com,vicelujan@gmail.com,practice type not targeted: Sports massage therapist
simivalleydentalcenter.com,hartouniandmd@gmail.com,practice type not targeted: Dentist
smilesforevergardendale.com,smilesforevergdale@gmail.com,practice type not targeted: Dentist
mybeautyloungesc.com,mattie@mybeautyloungesc.com,practice type not targeted: Beauty salon
mybeautyloungesc.com,yesi@mybeautyloungesc.com,practice type not targeted: Beauty salon
ohanadentalimplants.com,smotufau@gmail.com,practice type not targeted: Dentist
aurorailsmiles.com,minskim111@gmail.com,practice type not targeted: Dentist
cliftonheightsdentists.com,dfreilich429@gmail.com,practice type not targeted: Dentist
milanocloud.com,imran@milanosoftware.com,not US (list address)
westchestergentledentistry.com,omeed@westchestergentledentistry.com,practice type not targeted: Dentist
westchestergentledentistry.com,feryalalidadi@gmail.com,practice type not targeted: Dentist
tnveincenter.com,kcampbell@tnveincenter.com,practice type not targeted: Vascular surgeon
nyhealthhypnosis.com,sera@nyhealthhypnosis.com,practice type not targeted: Hypnotherapy service
swellcx.com,zeke@swellcx.com,practice type not targeted: Dentist
estheticsbychristen.com,estheticsbychristen@gmail.com,practice type not targeted: Day spa
staleyfamilydentistry.com,lukestaleydds@gmail.com,practice type not targeted: Dentist
dgdianaspa.com,dianaspafl2022@gmail.com,practice type not targeted: Spa
escapeandfeelbetter.com,stephanie@escapeandfeelbetter.com,practice type not targeted: Day spa
mariasspa.com,mariazspaandbeauty@gmail.com,practice type not targeted: Day spa
wccerie.org,mbrown@wccerie.org,practice type not targeted: Pregnancy care center
wccerie.org,rnewport@wccerie.org,practice type not targeted: Pregnancy care center
premiereesthetics.com,premiereesthetics@gmail.com,practice type not targeted: Waxing hair removal service
elsobrantecadentist.com,rodicapopovici@hotmail.com,practice type not targeted: Dentist
sevadental.com,drsomaiya@sevadental.com,practice type not targeted: Dentist
saferdental.com,tsaferdds@gmail.com,practice type not targeted: Dentist
braydich.com,sarah@braydich.com,practice type not targeted: Dentist
jeffmiyazawa.com,jkmdds1@gmail.com,practice type not targeted: Dentist
kokuasmiles.com,dr.lewis@kokuasmiles.com,practice type not targeted: Dentist
efacialspa.com,jamie@efacialspa.com,practice type not targeted: Facial spa
elevatehealthy.com,elevatewellnesskauai1@gmail.com,practice type not targeted: Massage therapist
pureholisticskincare.com,amanda@pureholisticskincare.com,practice type not targeted: Facial spa
zapatat.net,chris@zapatat.net,practice type not targeted: Tattoo removal service
pureescaperesort.com,michele@pureescaperesort.com,practice type not targeted: Spa
defyaesthetic.com,katharine@defyaesthetic.com,practice type not targeted: Health and beauty shop
drkevinhanz.com,drhanz@drkevinhanz.com,business already emailed or queued
ferfisholisticwellness.com,ferfisholistic2023@gmail.com,practice type not targeted: Sports massage therapist
zideldentalgroup.com,julie@zideldentalgroup.com,practice type not targeted: Dentist
laulimapt.com,martina.chavis@laulimapt.com,practice type not targeted: Physical therapy clinic
phoenixbrighton.co.uk,jamie@phoenixbrighton.co.uk,not US (list address)
lifecenteredacupuncturecare.com,ginamusetti@gmail.com,practice type not targeted: Acupuncture clinic
steelvalleysmiles.com,drjoedalesio@comcast.net,practice type not targeted: Dentist
theayurvedicclinic.com,deepika@theayurvedicclinic.com,not US (list address)
indiantraildentalassociates.com,drholmesdmd@mail4dr.com,practice type not targeted: Dentist
drcarsonliu.com,doc@drcarsonliu.com,practice type not targeted: Surgeon
smilenowdenturesandimplants.com,info@smilenowdenturesandimplants.com,practice type not targeted: Dental implants provider
ritualnm.com,ritualnm@gmail.com,practice type not targeted: Permanent make-up clinic
cryo-wellness.co.uk,steve@cryo-wellness.co.uk,not US (list address)
northviewdental.net,jnorsted@northviewdental.net,practice type not targeted: Dentist
norridgedds.com,drjaconetti@jaconettidds.com,practice type not targeted: Dentist
hebertdental.com,jenni.judnic@hebertdental.us,practice type not targeted: Dentist
discovervision.com,jlmiller@discovervision.com,practice type not targeted: Lasik surgeon
merlansbs.com,sarahsimonstyles@gmail.com,practice type not targeted: Beauty salon
betterbodysculpt.com,tonyamartin709@gmail.com,practice type not targeted: Spa
elementsoftouch.com,estesriverretreat@gmail.com,practice type not targeted: Day spa
dashaesthetics.co.uk,austin@dashaesthetics.co.uk,not US (list address)
fitopiaems.com,bkakar@fitopiaems.com,practice type not targeted: Fitness center
bowmandental.com,eva@bowmandental.com,practice type not targeted: Dentist
bowmandental.com,peter@bowmandental.com,practice type not targeted: Dentist
drgailchilders.com,phpofsj@gmail.com,practice type not targeted: Dental implants periodontist
drgailchilders.com,drgailchilders@gmail.com,practice type not targeted: Dental implants periodontist
azuressm.ca,whitney@azuressm.ca,not US (list address)
whisperingcreekdentistry.com,johnwelchdds@gmail.com,practice type not targeted: Dentist
vibrant-glow.com,service@vibrant-glow.com,practice type not targeted: Facial spa
urospot.com,erin@urospot.com,not US (list address)
orlandolactation.com,kristen@orlandolactation.com,practice type not targeted: Registered general nurse
prostaffpt.com,mmaffucci@prostaffpt.com,practice type not targeted: Physical therapist
prostaffpt.com,edragone@prostaffpt.com,practice type not targeted: Physical therapist
yorkplasticsurgerycentre.com,angelina@yorkplasticsurgery.ca,not US (list address)
darosadental.com,darosadds@gmail.com,practice type not targeted: Dentist
michaelhgallegosdds.com,cerecdoc93@live.com,practice type not targeted: Dentist
creeksidedentalinc.com,no2thdk@creeksidedentalinc.com,practice type not targeted: Dentist
makalaniholistic.com,book@makalaniholistic.com,practice type not targeted: Massage therapist
new32dental.com,drjacobsen@new32dental.com,practice type not targeted: Dentist
new32dental.com,drshaw@new32dental.com,practice type not targeted: Dentist
odonnellveinandlaser.com,excellence@odonnellveinandlaser.com,practice type not targeted: Vascular surgeon
greaterfallsdentists.com,drjm@sover.net,practice type not targeted: Dentist
tulipandtonic.com,alex@tulipandtonic.com,practice type not targeted: Beauty salon
harmonydayspa.com,amy@harmonydayspa.com,practice type not targeted: Day spa
totalharmony.com,maureen@totalharmony.com,business already emailed or queued
thebrowbarhsv.com,thebrowbarhsv@gmail.com,practice type not targeted: Permanent make-up clinic
baylakescomplexdentistry.com,drhallas@blccd.com,practice type not targeted: Dental implants periodontist
getsunmed.com,rachael@getsunmed.com,practice type not targeted: Vitamin & supplements store
getsunmed.com,mmanon@getsunmed.com,practice type not targeted: Vitamin & supplements store
chengdds.com,yitsuchengdds@gmail.com,practice type not targeted: Dentist
chapelhilldds.com,drfurg@chapelhilldds.com,practice type not targeted: Dentist
sabrinamoniquebeauty.com,sesposo@outlook.com,practice type not targeted: Facial spa
centennialsurgerycenter.com,jmueller@centennialsurgerycenter.com,practice type not targeted: Surgical center
centennialsurgerycenter.com,jturek@centennialsurgerycenter.com,practice type not targeted: Surgical center
totalfunctionpt.com,peter@totalfunctionpt.com,practice type not targeted: Physical therapist
wisnova.com,cody@wisnova.com,practice type not targeted: Dentist
jacksondentalclinic.com,drc@jacksondental.org,practice type not targeted: Dentist
fixmedicalgroup.com,shawn@fixmedicalgroup.com,business already emailed or queued
fixmedicalgroup.com,billing@fixmedicalgroup.com,business already emailed or queued
mainstfamilydentistry.com,insurance@mainstfamilydentistry.com,practice type not targeted: Dentist
jpalfonsostudios.com,jp@jpalfonsostudios.com,practice type not targeted: Tattoo shop
alamodespa.com,sami@alamodespa.com,practice type not targeted: Spa
alamodespa.com,kara@alamodespa.com,practice type not targeted: Spa
formahbeauty.com,henrique@formahbeauty.com,practice type not targeted: Spa
kamalalewisdds.com,drkamalalewis@gmail.com,practice type not targeted: Dentist
essentialsskincenter.com,camichristyle@gmail.com,practice type not targeted: Day spa
countryplazamedical.ca,info@countryplazamedical.ca,not US (list address)
hopehealinggroup.com,eileen@hopehealinggroup.com,practice type not targeted: Acupuncture clinic
sandersvilleurgentcare.com,nroberson@sandersvilleurgentcare.com,practice type not targeted: Urgent care center
catherinepikedds.com,drcpike@gmail.com,practice type not targeted: Dentist
solaraskinlounge.com,briana@solaraskinlounge.com,practice type not targeted: Beauty salon
footanklenm.com,acharlie@footanklenm.com,practice type not targeted: Podiatrist
carlinopatondds.com,managercarlinopaton@gmail.com,practice type not targeted: Dentist
billsmythedentist.com,dr.williamsmythe@gmail.com,practice type not targeted: Dentist
unifiedpractice.com,carrie@unifiedpractice.com,practice type not targeted: Acupuncture clinic
holisticskinremedy.com,skinwaxbymadison@gmail.com,practice type not targeted: Facial spa
lynntayloresthetics.com,lynntayloresthetics@gmail.com,practice type not targeted: Beauty salon
firstcaremeds.com,tanner@firstcaremeds.com,practice type not targeted: Physical therapy clinic
angelaestheticsbyrachel.co.uk,angelaestheticsbyrachel@hotmail.com,not US (list address)
sweeneydentalny.com,gbsweeney@gmail.com,practice type not targeted: Dentist
harleysvillesmiles.com,smilestudiohville@gmail.com,practice type not targeted: Dentist
jessicabarrdds.com,dr.jessicabarr@gmail.com,practice type not targeted: Dentist
bestsmilesdentist.com,bestsmilesdentist@gmail.com,practice type not targeted: Dentist
sjchs.org,hincheyp@sjchs.org,practice type not targeted: Surgeon
thedentistsomaha.com,jennifer@thedentistsomaha.com,practice type not targeted: Dentist
premierbeautyky.com,kelsey@premierbeauty.org,practice type not targeted: Beauty salon
markpamerdo.com,markjpamerdo@gmail.com,practice type not targeted: Pulmonologist
sbgreatsmiles.com,jonesdds@sbgreatsmiles.com,practice type not targeted: Dentist
getupandglow.org,stef.getupandglow@gmail.com,practice type not targeted: Facial spa
bestlincroftdentist.com,menonaparna2111@gmail.com,practice type not targeted: Dental clinic
bestlincroftdentist.com,drmitchelfriedman@gmail.com,practice type not targeted: Dental clinic
wildandfreellc.com,carolyn.claytor@wfesthetics.com,practice type not targeted: Spa
mikeappeldds.com,mikeappeldds@gmail.com,practice type not targeted: Dentist
daleydental.com,drsonyadaley@gmail.com,practice type not targeted: Dentist
singladental.com,drsingla@singladental.com,practice type not targeted: Dentist
parthpatelmd.com,patelmdsurgeon@gmail.com,practice type not targeted: Surgeon
tricitysurgerycenter.com,pritsosj@tricitysurgerycenter.com,practice type not targeted: Surgical center
carp-physio.com,drflores@carp-physio.com,practice type not targeted: Physical therapy clinic
implantsdc.com,ip@implantsdc.com,practice type not targeted: Dental implants periodontist
docfloss.com,jonah@docfloss.com,practice type not targeted: Dental implants periodontist
dentalartsoftotowa.com,dentalartsoftotowa@hotmail.com,practice type not targeted: Dentist
dhfamilydentistry.com,dhfamilydentistry@dihipaa.com,practice type not targeted: Dentist
glacialdental.com,mlinton@glacialdental.com,practice type not targeted: Dentist
supplementworldstores.com,dustin@supplementworldstores.com,practice type not targeted: Vitamin & supplements store
evebeautyma.com,eva@evebeautyma.com,practice type not targeted: Permanent make-up clinic
brucecrawford.com,drbrucecrawford@brucecrawford.com,practice type not targeted: Dental implants periodontist
renew-physicaltherapy.com,e.norwood@renew-physicaltherapy.com,practice type not targeted: Physical therapy clinic
cernerosurgery.com,aaron@cernerosurgery.com,practice type not targeted: Surgical center
kaizenmedspa.ca,amanda@kaizenhealthgroup.com,not US (list address)
skinbyliss.com,bare.byallissa@gmail.com,practice type not targeted: Beauty salon
richmondperio.net,lisa@richmondperio.net,practice type not targeted: Dental implants periodontist
lushloungeexperience.com,dbg9107@gmail.com,practice type not targeted: Eyelash salon
restoredcosmetics.co,erika@restoredcosmetics.co,practice type not targeted: Permanent make-up clinic
sealrockdentalcare.com,drjoshsanchez@gmail.com,practice type not targeted: Dentist
thespamidtown.com,lexi@thespamidtown.com,practice type not targeted: Spa
drkaz.org,drkaz@comcast.net,practice type not targeted: Dentist
heritagedentaldds.com,bmspc63@gmail.com,practice type not targeted: Dentist
heritagedentaldds.com,heritagedental595@gmail.com,practice type not targeted: Dentist
thestillpointspa.com,tori@thestillpointspa.com,practice type not targeted: Day spa
thestillpointspa.com,alisa@thestillpointspa.com,practice type not targeted: Day spa
skintightbodycontouring.com,nadim@skintightbc.com,practice type not targeted: Spa
alittlemetimespa.com,megmajeran@gmail.com,practice type not targeted: Facial spa
connecticuteyesurgerycenter.com,stoster@amsurg.com,practice type not targeted: Surgical center
family-seasons.com,familyseasons.llc@gmail.com,practice type not targeted: Lactation service
hypnosiswestchester.com,westchesterhypnosis@gmail.com,practice type not targeted: Hypnotherapy service
behuemn.com,bill@behuemn.com,business already emailed or queued
sfeastbayminis.com,emeryvilledentalcare@gmail.com,practice type not targeted: Dental implants provider
giesydental.com,teresa@giesydental.com,practice type not targeted: Dentist
veinlady.net,heijchung@hotmail.com,practice type not targeted: Vascular surgeon
vi-ami.com,dlevi@aminj.com,practice type not targeted: Vascular surgeon
vi-ami.com,npetruzzi@vi-ami.com,practice type not targeted: Vascular surgeon
rebornphw.com,bettydelass@rebornphw.com,practice type not targeted: Physical therapy clinic
2020eyesite.com,craig@2020eyesite.com,practice type not targeted: Surgical center
jirikdds.com,becky@jirikdds.com,practice type not targeted: Dentist
drkusz.com,drkusz@drkusz.com,practice type not targeted: Dentist
coreptla.com,csternfels@coreptla.com,practice type not targeted: Physical therapy clinic
coreptla.com,zcase@coreptla.com,practice type not targeted: Physical therapy clinic
drnazarian.com,doctor.nazarian@gmail.com,practice type not targeted: Surgeon
boilingspringsfamilydentistry.com,sdeaton@boilingspringsfamilydentistry.com,practice type not targeted: Dentist
practicalwellnessclinic.com,jennifer@practicalwellnessclinic.com,business already emailed or queued
myhealinghypnosis.com,myhealinghypnosis@gmail.com,practice type not targeted: Hypnotherapy service
aboutfacenj.com,dianethebrowchick@gmail.com,practice type not targeted: Permanent make-up clinic
pittsburghdentalimplants.com,klroll1@gmail.com,practice type not targeted: Dental implants periodontist
larenewdayspa.com,larenewskincare@gmail.com,practice type not targeted: Day spa
theloungemedicalspa.com,rola@theloungemedicalspa.com,not US (list address)
palmbeach-acupuncture.com,dr.wei@palmbeach-acupuncture.com,practice type not targeted: Acupuncture clinic
physicaltherapyspokane.com,luke@gordonphysicaltherapy.com,practice type not targeted: Physical therapy clinic
utm.guru,dan@utm.io,practice type not targeted: Plastic fabrication company
lunalightmfr.com,lunalight@earthlink.net,practice type not targeted: Physical therapy clinic
brianjbrittdds.com,brianbrittdds@gmail.com,practice type not targeted: Dentist
mobilealabamadentist.com,dralexkrempa@gmail.com,practice type not targeted: Dentist
cbwlife.com,christon@cbwlife.com,practice type not targeted: Massage therapist
islandviewdental.com,candi@islandviewdental.com,practice type not targeted: Dentist
moonstonebeautystudio.com,karen@moonstonebeautystudio.com,practice type not targeted: Facial spa
skinscience1066.co.uk,vitaskinscience1066@gmail.com,not US (list address)
alohananimassage.com,nanilomma.nd@gmail.com,practice type not targeted: Massage therapist
webappclouds.com,dilan@webappclouds.com,practice type not targeted: Facial spa
edisonparksmiles.com,edisonparksmiles@gmail.com,practice type not targeted: Dentist
cuetofamilydental.com,drchelsey@cuetofamilydental.com,practice type not targeted: Dentist
georgejohnsondds.com,ghjddsfagd@msn.com,practice type not targeted: Dentist
bfloiv.com,leigh@bfloiv.com,business already emailed or queued
evolvehealthfl.com,tori@evolvehealthfl.com,business already emailed or queued
sanctuaryskincare.net,crista@sanctuaryskincare.net,practice type not targeted: Day spa
studio29bymarcie.com,marciestudio@gmail.com,practice type not targeted: Facial spa
northhawaiidental.com,northhawaiidental@gmail.com,practice type not targeted: Dentist
maisonglo.com,amy@maisonglo.com,practice type not targeted: Facial spa
dentistdeepa.com,drdeepadmd@gmail.com,practice type not targeted: Dentist
crystalbodyrevision.com,crystalbodyrevision@gmail.com,practice type not targeted: Massage spa
thechicagocenter.org,mbeer@thechicagocenter.org,practice type not targeted: Social services organization
thechicagocenter.org,tbider@thechicagocenter.org,practice type not targeted: Social services organization
thechicagocenter.org,ymatzliach@thechicagocenter.org,practice type not targeted: Social services organization
thechicagocenter.org,cmishlati@thechicagocenter.org,practice type not targeted: Social services organization
thechicagocenter.org,nschoenfeld@thechicagocenter.org,practice type not targeted: Social services organization
thechicagocenter.org,ymschwarcz@thechicagocenter.org,practice type not targeted: Social services organization
thechicagocenter.org,dmuskat@thechicagocenter.org,practice type not targeted: Social services organization
thechicagocenter.org,ysugarman@thechicagocenter.org,practice type not targeted: Social services organization
thechicagocenter.org,eshenker@thechicagocenter.org,practice type not targeted: Social services organization
thechicagocenter.org,rgluck@thechicagocenter.org,practice type not targeted: Social services organization
thechicagocenter.org,risenberg@thechicagocenter.org,practice type not targeted: Social services organization
thechicagocenter.org,lgifter@thechicagocenter.org,practice type not targeted: Social services organization
dvhealthandwellness.com,betty@dvhealthandwellness.com,not US (list address)
goldcanyonmassage.com,goldcanyonmassage@gmail.com,practice type not targeted: Massage therapist
robinsontownshipsmiles.com,drrupertrj13@gmail.com,practice type not targeted: Dentist
centerforveincare.com,redwards@hdllc.org,practice type not targeted: Surgical center
prairiedental.com,paigej@prairiedental.com,practice type not targeted: Dentist
metrowestpro.com,barbara@metrowestpro.com,practice type not targeted: Dentist
walterborodentist.com,pyedentistry@lowcountry.com,practice type not targeted: Dentist
soulserenitybeautyinc.com,katie@soulserenitybeautyinc.com,practice type not targeted: Day spa
exhalemassageorlando.com,jennawilkins77@gmail.com,practice type not targeted: Massage therapist
sorayyaselitedayspa.com,sorayya.jamshidi@gmail.com,practice type not targeted: Day spa
forevercosmeticsnj.com,cynthia.forevercosmeticsnj@gmail.com,practice type not targeted: Permanent make-up clinic
joehwangdds.com,jhwangdds@msn.com,practice type not targeted: Dentist
keenedental.com,jack@welnakdental.com,practice type not targeted: Dentist
myodetox.com,jennifer.yoo@myodetox.com,not US (list address)
tantrack.com,joakes@nichesoft.com,practice type not targeted: Tanning salon
dralicevesseldmd.com,dralice@dralicevesseldmd.com,practice type not targeted: Dentist
puresimpledental.com,morrobaydentist@gmail.com,practice type not targeted: Dentist
drsusanseman.com,ssemandoc@gmail.com,practice type not targeted: Surgeon
johnscreeksurgery.com,chart@johnscreeksurgery.com,practice type not targeted: Surgeon
johnscreeksurgery.com,rhulik@atlantabariatrics.com,practice type not targeted: Surgeon
skinclinicmedspa.com,jessica@skinclinicmedspa.com,practice type not targeted: Spa
totalfreedomwellnessspa.com,junefaulkryan@gmail.com,practice type not targeted: Massage therapist
ethosdental.com,megan.beuckens@ethosdental.com,practice type not targeted: Dentist
beautybykitten.com,kristen@beautybykitten.com,practice type not targeted: Beauty salon
spa-haven.com,spahaven.wh@gmail.com,practice type not targeted: Spa
theskincarelounge.com,casey@theskincarelounge.com,practice type not targeted: Beauty salon
hi-techdentistry.net,gordon.d.dannelly@gmail.com,practice type not targeted: Dentist
albemarledentistry.com,hillary@dwfamilydental.com,practice type not targeted: Dentist
jamiescottfitness.com,jamie@jamiescottfitness.com,practice type not targeted: Fitness center
oakforestdental.com,dhuggett@oakforestdental.com,practice type not targeted: Dentist
one10beauty.com,laura@one10beauty.com,practice type not targeted: Beauty salon
one10beauty.com,sabrina@one10beauty.com,practice type not targeted: Beauty salon
johnrichdds.com,drrich@johnrichdds.com,practice type not targeted: Dentist
merchantcitymedicalgroup.com,paul@merchantcitymedicalgroup.com,not US (list address)
bostonoutpatient.com,gdeconciliis@amsurg.com,practice type not targeted: Surgical center
belisamabodyworks.com,suzanne@belisamabodyworks.com,practice type not targeted: Massage spa
outsmartemr.com,venk@outsmartemr.com,not US (list address)
drtimmerman.com,smiledoc70@hotmail.com,practice type not targeted: Dentist
pranasaltcave.com,pranasaltcave@gmail.com,practice type not targeted: Massage spa
ahatucson.com,sherry@ahatucson.com,practice type not targeted: Acupuncture clinic
thebodyintegrated.com,jess@thebodyintegrated.com,practice type not targeted: Physical therapist
dickersondentalgroup.com,smile@dickersondentalgroup.com,practice type not targeted: Dentist
wynnesmiles.com,jsuttonfamilydentistry@gmail.com,practice type not targeted: Dentist
soldierfit.com,danny@soldierfit.com,practice type not targeted: Fitness center
soldierfit.com,dposin@soldierfit.com,practice type not targeted: Fitness center
renomassageandwellness.com,heidi@renomassageandwellness.com,practice type not targeted: Massage therapist
chelseasestheticboutique.com,chelseasestheticbtq@gmail.com,practice type not targeted: Facial spa
raleighhillsdental.com,dan@rhdental.comcastbiz.net,practice type not targeted: Dentist
spaofeden.co,eva@spaofeden.co,practice type not targeted: Spa
ruralbeautyspa.com,ruralbeautyss@gmail.com,practice type not targeted: Beauty salon
drbalisdds.com,drgreggbalis@gmail.com,practice type not targeted: Dentist
levisageus.com,doron@levisageus.com,practice type not targeted: Spa
massagebyv.com,massagebyva@gmail.com,practice type not targeted: Massage spa
esck.us,hsheela@dlcfl.com,practice type not targeted: Surgical center
esck.us,sseela@dlcfl.com,practice type not targeted: Surgical center
palmdesertdentist.com,craigconrow@gmail.com,practice type not targeted: Prosthodontist
andolinadental.com,richard.andolina@gmail.com,practice type not targeted: Dentist
birminghamheart.com,pam.wynn@usheartandvascular.com,practice type not targeted: Vascular surgeon
nilessurgerycenter.com,ksullivan@maeyecenter.com,practice type not targeted: Surgical center
defuniakspringsfamilydental.com,dfsdental.karissa@gmail.com,practice type not targeted: Dentist
shiwoo.net,healersak@gmail.com,practice type not targeted: Acupuncture clinic
vfcdentistry.com,valleraj@comcast.net,practice type not targeted: Dentist
peoriabeachhouse.com,amanda@peoriabeachhouse.com,practice type not targeted: Waxing hair removal service
keyesdds.com,gordon@keyesdds.com,practice type not targeted: Dentist
robertmbrownedds.com,rmbdds32@gmail.com,practice type not targeted: Dentist
albuquerquedentaldesign.com,abqdentaldesign@gmail.com,practice type not targeted: Dentist
theeyeinstitute.com,zzavodni@theeyeinstitute.com,practice type not targeted: Lasik surgeon
elysianspaandsalon.com,karoline@elysianspaandsalon.com,not US (list address)
mdlasers.com,troy@mdlasers.com,practice type not targeted: Laser hair removal service
a1footcare.com,a1footcare@gmail.com,not US (list address)
ispinepainphysicians.com,jason.wolff@ispinepainphysicians.com,practice type not targeted: Physical therapy clinic
ispinepainphysicians.com,james.parmele@ispinepainphysicians.com,practice type not targeted: Physical therapy clinic
vie-aesthetics.com,vicky@vie-aesthetics.com,not US (list address)
bearcreekorganicspa.net,jenniferneugebauer4208@gmail.com,practice type not targeted: Massage spa
bartdeeringdds.com,drdeering@bartdeeringdds.com,practice type not targeted: Dentist
lasikplus.com,cjoffe@lasikplus.com,practice type not targeted: Lasik surgeon
babylondentalcare.com,jennbrown@babylondentalcare.com,practice type not targeted: Dentist
vanillasugarfaceandbody.com,liz@vanillasugarfaceandbody.com,practice type not targeted: Day spa
nufaceskincare.com,ela@nufaceskincare.com,practice type not targeted: Beauty salon
nookal.com,darrenr@nookal.com,not US (list address)
petwellnessclinics.com,mgraves@petwellnessclinics.com,practice type not targeted: Veterinarian
miamidentistry.net,genetdds@gmail.com,practice type not targeted: Dental implants provider
thesmilesalon.net,doakesdds@hotmail.com,practice type not targeted: Dentist
pelhamlinks.com,shudson@pelhamlinks.com,practice type not targeted: Dentist
nebraskadentalcenter.com,drfischman@nebraskadentalcenter.com,practice type not targeted: Dentist
bodyhealthandmind.com,janet@bodyhealthandmind.com,practice type not targeted: Spa
redavfinedaesthetics.com,derek@redavfinedaesthetics.com,practice type not targeted: Beauty salon
fortworth2020.com,bflowers@oafw2020.com,practice type not targeted: Surgical center
oldmechanicsvillehealthspa.com,brandi@oldmechanicsvillehealthspa.com,practice type not targeted: Massage therapist
acupuncture365.com,hemda@acupuncture365.com,practice type not targeted: Acupuncturist
westportdentalconway.com,westportdental@conwaycorp.net,practice type not targeted: Dentist
bayshoredentalcenter.com,osheehy85@gmail.com,practice type not targeted: Dentist
elitedentalomaha.com,tlewis@elitedentalomaha.com,practice type not targeted: Dentist
lovingkindnesshypnosis.com,laney@lovingkindnesshypnosis.com,practice type not targeted: Hypnotherapy service
dentaldesignswhitemarsh.com,rachelddwm@gmail.com,practice type not targeted: Dentist
brianhowedds.com,drhowe@brianhowedds.com,practice type not targeted: Dentist
sunshinestatedentistry.com,bitak.bk@gmail.com,practice type not targeted: Dentist
taochemy.com,stacy@taochemy.com,business already emailed or queued
drmarkneumann.com,msndcdo@gmail.com,already emailed or queued
trinitysurgicalassociatespa.com,ledesmasurgery@gmail.com,practice type not targeted: Vascular surgeon
browsandbotoxmedspa.com,browsbyhina@gmail.com,practice type not targeted: Permanent make-up clinic
penbaydental.com,saraheboucharddds@gmail.com,practice type not targeted: Dentist
penbaydental.com,drsarah@penbaydental.com,practice type not targeted: Dentist
wearemetabolic.com,matt@wearemetabolic.com,practice type not targeted: Fitness center
wisconsindentalwellness.com,wdw.officemanager@gmail.com,practice type not targeted: Dentist
bodyspaonline.com,veronica.bodyspa@gmail.com,practice type not targeted: Day spa
citysweats.com,nicole@citysweats.com,practice type not targeted: Sauna
almondaesthetic.com,cheri.j@almondaesthetic.com,practice type not targeted: Day spa
brazilianwaxandspabyclaudia.com,claudia.dep@outlook.com,practice type not targeted: Waxing hair removal service
manasardentistry.com,mmanasardentistry@gmail.com,practice type not targeted: Dentist
vivadayspa.com,shannon@vivadayspa.com,practice type not targeted: Day spa
essenmacherdental.com,lindsay.essenmacher@gmail.com,practice type not targeted: Dentist
whitedahlia.com,jenny@whitedahlia.com,practice type not targeted: Spa
eyeclinicwi.com,skafd@eyeclinicwi.com,practice type not targeted: Ophthalmology clinic
federalheightsdental.com,fhdental8@gmail.com,practice type not targeted: Dentist
saivcenter.com,brian@saivcenter.com,business already emailed or queued
kevinchangdds.com,kevin@kevinchangdds.com,practice type not targeted: Dentist
kennethabedds.com,drabe@microimplantdr.com,practice type not targeted: Dental implants periodontist
curederepos.com,chrissy@curederepos.com,practice type not targeted: Facial spa
angelicdentistrypomona.com,dritskovich@gmail.com,practice type not targeted: Dentist
theorthosurgerycenter.com,tcera@theorthosurgerycenter.com,practice type not targeted: Surgical center
anskinbeauty.com,ashley@anskinbeauty.com,practice type not targeted: Health and beauty shop
plazadentalcare.net,drsuh@hotmail.com,practice type not targeted: Dental implants provider
vspdds.com,vpedoeem@hotmail.com,practice type not targeted: Dentist
allendental.net,dr_allen@allendental.net,practice type not targeted: Dentist
loftusdental.com,drjeffloftus@gmail.com,practice type not targeted: Dentist
kondasdental.com,drkondas@kondasdental.com,practice type not targeted: Dentist
hotel-slo.com,dvolic@hotel-slo.com,practice type not targeted: Spa
hotel-slo.com,certani@hotel-slo.com,practice type not targeted: Spa
drganim.com,ganim.dds@gmail.com,practice type not targeted: Dentist
baraboodental.com,kcowan@baraboodental.com,practice type not targeted: Dentist
miveins.com,bheeringa@miveins.com,practice type not targeted: Surgical center
amronmd.com,davidamronmd@gmail.com,practice type not targeted: Surgeon
thelassi.com,cwmhanke@thelassi.com,business already emailed or queued
thelassi.com,khanke@thelassi.com,business already emailed or queued
plumyumidayspa.com,lori@plumyumidayspa.com,practice type not targeted: Day spa
morriltonfamilydental.com,weggart@gmail.com,practice type not targeted: Dentist
formfacebody.ca,ron@formfacebody.ca,not US (list address)
implantdentistrylansing.com,brandy@implantdentistrylansing.com,practice type not targeted: Dentist
campussurgery.com,jchurnin@campussurgery.com,practice type not targeted: Surgical center
drveronicaray.com,contactdrray@gmail.com,practice type not targeted: Dentist
axiomdentistry.com,tiffany.reynolds@axiomdentistry.com,practice type not targeted: Dentist
augustaeyemd.com,susanmarks@augustaeyemd.com,practice type not targeted: Ophthalmology clinic
augustaeyemd.com,stuartmarks@augustaeyemd.com,practice type not targeted: Ophthalmology clinic
aptosperioimplants.com,jrichertdmd@gmail.com,practice type not targeted: Dental implants periodontist
soulcollectivewellness.com,brittany@soulcollectivewellness.com,practice type not targeted: Spa
aptosdentalcare.com,aptosdentalcare@gmail.com,practice type not targeted: Dentist
faceyourselfbeauty.com,faceyourself.studio@gmail.com,practice type not targeted: Beauty salon
stonebrookdental.com,drpatel@stonebrookdental.com,practice type not targeted: Dentist
georgearnoldmd.com,britthamiltonpr@gmail.com,not US (list address)
dv-beauty.com,dianaverdesoto23@gmail.com,practice type not targeted: Facial spa
dentistspringtown.com,kristina.reynolds@doctorballard.com,practice type not targeted: Dentist
bodyenvymedspa.com,scott@bodyenvyhouston.com,practice type not targeted: Laser hair removal service
eliteveinclinic.com,surpriseelite@outlook.com,practice type not targeted: Vascular surgeon
alphamedaz.com,ceaton@alphamedaz.com,practice type not targeted: Urgent care center
alphamedaz.com,mshores@alphamedaz.com,practice type not targeted: Urgent care center
montagemb.com,dianne@montagemb.com,practice type not targeted: Day spa
waxingqueen.com,jessica@waxingqueen.com,practice type not targeted: Waxing hair removal service
highlandsspa.com,jmacejik08@gmail.com,practice type not targeted: Facial spa
drkowal.org,doctor.kowal@gmail.com,practice type not targeted: Dentist
brlindezaskincare.com,brlindeza93@gmail.com,practice type not targeted: Spa
elementsspainc.com,elementsspainc@gmail.com,practice type not targeted: Day spa
americanrivermassageandhypnotherapy.com,jamie@jqtherapy.com,practice type not targeted: Massage therapist
zenmassagecenter.com,tom@zenmassagecenter.com,practice type not targeted: Massage therapist
salon6degrees.com,joel@salon6degrees.com,practice type not targeted: Beauty salon
dentist-orange-city.com,capevistadmd@gmail.com,practice type not targeted: Dentist
lakeviewdentalwa.com,drtsen@lakeviewdentalwa.com,practice type not targeted: Dental clinic
wholehealth.today,christian@wholehealth.today,practice type not targeted: Hypnotherapy service
allendentistrygresham.com,drallensoffice@gmail.com,practice type not targeted: Dentist
boisehypnotherapist.com,ironjohnw@gmail.com,practice type not targeted: Hypnotherapy service
bdgdentalservices.com,privacy@bdgdentalservices.com,practice type not targeted: Dentist
roryknappdds.com,rory@roryknappdds.com,practice type not targeted: Dentist
personalcaredental.com,jprice@personalcaredental.com,practice type not targeted: Dentist
serenityspatc.com,tonyawaxqueen@gmail.com,practice type not targeted: Spa
medrehabgroup.com,sherryann@medrehabgroup.com,not US (list address)
medrehabgroup.com,frank@medrehabgroup.com,not US (list address)
archerdentistry.com,hdpractice@archerdentistry.com,practice type not targeted: Dentist
talltreehealth.ca,devon@talltreehealth.ca,not US (list address)
cosmeticsmilecenterfl.com,cosmeticsmilecenter8@gmail.com,practice type not targeted: Dentist
bodybarmd.com,lindsay@bodybarmd.com,business already emailed or queued
balancebeautyspa.com,kelly@balancebeautyspa.com,practice type not targeted: Day spa
sanantonio-lasik.com,gparkhurst@sanantonio-lasik.com,practice type not targeted: Surgeon
universitysurgical.com,katie.duffy@universitysurgical.com,practice type not targeted: Surgeon
exhaleestheticsandsugaring.com,sarahmarieangi@gmail.com,practice type not targeted: Beauty salon
drweissdentistry.com,marypat@drweissdentistry.com,practice type not targeted: Dentist
nahidbeauty.ca,nahid_shaikh@hotmail.com,not US (list address)
dermaenvy.com,cohen@dermaenvy.com,not US (list address)
spa-renova.com,theresa@spa-renova.com,practice type not targeted: Day spa
forneywellness.com,drgraves@forneywellness.com,practice type not targeted: Dentist
jessaminefamilydentistry.org,brittany@jessaminefamilydentistry.org,practice type not targeted: Dental clinic
advancedbariatrics.com,kkern@advancedsurg.net,practice type not targeted: Surgeon
cmhypnosis.com,christine@cmhypnosis.com,practice type not targeted: Hypnotherapy service
elitesurgical.co.uk,sultan.hassan@elitesurgical.co.uk,not US (list address)
brightsmiledesign.com,nycbrightsmiledesign@gmail.com,practice type not targeted: Dentist
oclvision.com,suheyla@oclvision.com,not US (list address)
oclvision.com,purvi@oclvision.com,not US (list address)
jmmedispa.co.uk,jessica-mee@hotmail.com,not US (list address)
pureemporium.co.uk,info@pureemporium.co.uk,not US (list address)
lastinglooksmicroblading.com,lastinglooksmicroblading@gmail.com,practice type not targeted: Permanent make-up clinic
strivehealth.expert,hello@graemetemple.com,not US (list address)
massagebyrenee.com,renee.fonseca@gmail.com,practice type not targeted: Massage therapist
drtonivarela.com,drtonivarela@gmail.com,business already emailed or queued
tdc.dentist,manager@tdc.dentist,not US (list address)
mxportal.co.uk,gary@midexpro.com,not US (list address)
acupuncturebybethany.com,acupuncturebybethany@outlook.com,not US (list address)
simpsonsbeauty.com,terri@simpsonsbeauty.com,not US (list address)
styleseat.com,melody@styleseat.com,practice type not targeted: Facial spa
elitehairstudio.com,marta.mehlmann@gmail.com,practice type not targeted: Beauty salon
21d.co.uk,david@21d.co.uk,not US (list address)
mrdavidfloyd.co.uk,david@mrdavidfloyd.co.uk,not US (list address)
hypnosenses.co.uk,laura.smith@hypnosenses.co.uk,not US (list address)
trimfit.co.uk,adey@trimfit.co.uk,not US (list address)
lastingbeautyltd.co.uk,lastingbeautywakefield@gmail.com,not US (list address)
j7healthcentre.co.uk,javeno_mclean@hotmail.com,not US (list address)
clairemcnulty.co.uk,claire@clairemcnulty.co.uk,not US (list address)
revitacute.com,roselyncarpio@gmail.com,practice type not targeted: Spa
woodcroftdental.co.uk,admin@woodcroftdental.co.uk,not US (list address)
savannah-dentist.com,rosenthaldental@yahoo.com,practice type not targeted: Dentist
crescentdentalsurgery.co.uk,smitha@crescentdentalsurgery.co.uk,not US (list address)
saratogabariatriccenter.com,dbaranov@saratogahospital.org,practice type not targeted: Surgeon
saratogahospital.org,currana@saratogahospital.org,practice type not targeted: Surgeon
saratogahospital.org,jillvankuren@saratogahospital.org,practice type not targeted: Surgeon
petwellclinic.com,traceyhartman@petwellclinic.com,practice type not targeted: Veterinarian
smilecenterutah.com,robert@smilecenterutah.com,practice type not targeted: Dentist
elizabethajosephdmd.com,josephdmd@yahoo.com,practice type not targeted: Dentist
smilesofpuntagorda.com,jeremy@smilesofpuntagorda.com,practice type not targeted: Dentist
lynnsiskmassagetherapy.com,lynn@lynnsiskmassagetherapy.com,practice type not targeted: Massage therapist
cultivateyourwellbeing.com,feelbetter@cultivateyourwellbeing.com,practice type not targeted: Physical therapy clinic
jfydayspa.com,cherl@jfydayspa.com,practice type not targeted: Day spa
premierosc.com,lenora@premierosc.com,practice type not targeted: Surgical center
akwellnesslounge.com,holly@akwellnesslounge.com,business already emailed or queued
stbernards.info,prpickens@sbrmc.org,practice type not targeted: Surgeon
stbernards.info,cbarber@sbrmc.org,practice type not targeted: Surgeon
stridefoot-ankle.com,ana@stridefoot-ankle.com,practice type not targeted: Podiatrist
sasabrow.com,sara@sasabrow.com,practice type not targeted: Beauty salon
petdesk.com,ben.davis@petdesk.com,practice type not targeted: Veterinarian
hellosupernatural.com,john@hellosupernatural.com,not US (list address)
creatingsmilescfd.com,smileforlife@mydentalmail.com,practice type not targeted: Dentist
dentacrafters.com,nada@dentacrafters.com,practice type not targeted: Dentist
tranfamilydentistryhanford.com,hoangtrandds@yahoo.com,practice type not targeted: Dentist
cleanslatewax.com,marilyn@cleanslatewax.com,practice type not targeted: Waxing hair removal service
smileluxe.us,liliana@smileluxe.us,practice type not targeted: Dentist
dental-aesthetic.com,abdullah@dental-aesthetic.com,practice type not targeted: Dentist
dentistinlargo.com,amanda@dentistinlargo.com,practice type not targeted: Dentist
oakdentalassociates.com,chris@oakdentalassociates.com,practice type not targeted: Dentist
airtable.com,howie@airtable.com,practice type not targeted: Physical therapist
beltonsmiles.com,kevin@beltonsmiles.com,practice type not targeted: Dentist
hopeptaquatics.com,christiana@hopeptaquatics.com,practice type not targeted: Physical therapy clinic
mytoothhq.com,kumar@mytoothhq.com,practice type not targeted: Dental implants periodontist
leitnerdentistry.com,rob@leitnerdentistry.com,practice type not targeted: Dentist
athletico.com,dan.guill@athletico.com,practice type not targeted: Physical therapy clinic
athletico.com,joanne.omalley@athletico.com,practice type not targeted: Physical therapy clinic
waltonstreetwellness.com,kat@waltonstreetwellness.com,not US (list address)
waltonstreetwellness.com,patrick@waltonstreetwellness.com,not US (list address)
tailoredrelaxation.com,monica@tailoredrelaxation.com,practice type not targeted: Massage therapist
elmontedental.net,comfortdentalelmonte@yahoo.com,practice type not targeted: Dentist
lomaspa.com,leyen@lomaspa.com,practice type not targeted: Day spa
utahsurgical.com,jburdette@utahsurgical.com,practice type not targeted: Surgical center
gingrichdental.com,am-grinch@sbcglobal.net,practice type not targeted: Dentist
mynulifedental.com,kenya@mynulifedental.com,practice type not targeted: Dentist
douglashmahndds.com,dmahn@cox.net,practice type not targeted: Dental implants periodontist
inspirehealthclinics.com,matthew@inspirehealthclinics.com,practice type not targeted: (blank)
riverfrontsmile.com,katie@riverfrontsmile.com,practice type not targeted: Dentist
batonrougeperio.com,lauren@batonrougeperio.com,practice type not targeted: Dental implants periodontist
acupunctureoakville.com,qian@acupunctureoakville.com,not US (list address)
tsawwassenfamilydental.ca,info@tsawwassenfamilydental.ca,not US (list address)
blissfullyserenespa.com,hello@blissfullyserenespa.com,practice type not targeted: Day spa
mesamedclinic.com,ty@mesamedclinic.com,business already emailed or queued
bodytechacupuncture.com,chrispet32@aol.com,practice type not targeted: Acupuncture clinic
achievelwr.com,sean@achievelwr.com,practice type not targeted: Physical therapy clinic
drhenrydental.com,stephen@drhenrydental.com,practice type not targeted: Dentist
vitaluxemedclinic.com,ifeyinwa@vitaluxemedclinic.com,not US (list address)
toothfullyyours.dental,pooja@toothfullyyours.dental,practice type not targeted: Dentist
clnq.com,reza@clnq.com,not US (list address)
healu.co,amber@healu.co,practice type not targeted: Massage spa
luxlaserhairremoval.com,farrarceleste@aol.com,practice type not targeted: Laser hair removal service
santarosadentalimplantcenter.com,patricia@santarosadentalimplantcenter.com,practice type not targeted: Dentist
dwlclinic.com,michellechapman582@yahoo.com,practice type not targeted: (blank)
sportsptcenters.com,marina.kobylnik@sptcenters.com,practice type not targeted: Physical therapy clinic
sportsptcenters.com,inessa.pasko@sptcenters.com,practice type not targeted: Physical therapy clinic
sportsptcenters.com,morgan.roberts@sptcenters.com,practice type not targeted: Physical therapy clinic
sportsptcenters.com,mike.mclaury@sptcenters.com,practice type not targeted: Physical therapy clinic
sportsptcenters.com,rj.salasky@sptcenters.com,practice type not targeted: Physical therapy clinic
sportsptcenters.com,evan.palmer@sptcenters.com,practice type not targeted: Physical therapy clinic
auroradentrix.com,belani12@aol.com,practice type not targeted: Dental clinic
apexpwr.com,jeron@apexpwr.com,practice type not targeted: Physical therapist
waukeshasurgery.com,nsayers@waukeshasurgery.com,practice type not targeted: Surgical center
newleafbodyspa.com,olawa@newleafbodyspa.com,practice type not targeted: Massage therapist
richmonddentistry.com,tony@richmonddentistry.com,practice type not targeted: Dentist
yipdds.com,pyipdds@yipdds.com,practice type not targeted: Dentist
luxeelectrology.com,lauren@luxeelectrology.com,practice type not targeted: Hair removal service
rabbitearsdental.com,frontdesk@rabbitearsdental.com,practice type not targeted: Dentist
practicenumbers.com,rohit.garg@practicenumbers.com,practice type not targeted: Dentist
practicenumbers.com,aditi.agarwal@practicenumbers.com,practice type not targeted: Dentist
twinoaksfamilydental.com,blake.ferando@twinoaksfamilydental.com,practice type not targeted: Dentist
evelyn-kate.com,troy@evelyn-kate.com,practice type not targeted: Massage spa
soakandsagespa.com,leslie@soakandsagespa.com,practice type not targeted: Spa
skinsocietyhawaii.com,nicole@skinsocietyhawaii.com,practice type not targeted: Day spa
lamassagebydesign.com,lucy@lamassagebydesign.com,practice type not targeted: Massage therapist
flawlessfaceandbody.com,leva@flawlessfaceandbody.com,practice type not targeted: Day spa
infinitesmilesok.com,mark@infinitesmilesok.com,practice type not targeted: Dentist
northwoodsdentistry.com,anna@northwoodsdentistry.com,practice type not targeted: Dentist
kleylanne.com,kleylanne@kleylanne.com,practice type not targeted: Beauty salon
dentalcare32.com,trent@dentalcare32.com,practice type not targeted: Dentist
heritagedentalhealth.com,chloe@heritagedentalhealth.com,practice type not targeted: Dentist
jaximplant.com,dr.russell@jaximplant.com,practice type not targeted: Dental implants provider
kennydentalbsl.com,hancockoms@yahoo.com,practice type not targeted: Dental clinic
bellaluzkerrville.com,marinda@bellaluztx.com,practice type not targeted: Spa
indyanimalsurgery.com,lauren@indyanimalsurgery.com,practice type not targeted: Veterinarian
whitepinedentalcare.com,daniel.west@whitepinedentalcare.com,practice type not targeted: Dentist
upliftspa.com,yasmine@upliftspa.com,practice type not targeted: Laser hair removal service
skagitdentaldesign.com,sukhminder@skagitdentaldesign.com,practice type not targeted: Dentist
rabbitsdentattoo.com,janie@rabbitsdentattoo.com,practice type not targeted: Tattoo shop
drmisch.com,craig@drmisch.com,practice type not targeted: Dental implants provider
shearartistryculpeper.com,aileen@shearartistryculpeper.com,practice type not targeted: Beauty salon
sherdental.com,sydney@sherdental.com,practice type not targeted: Dentist
dreesperformance.com,jon@dreesperformance.com,practice type not targeted: Volleyball instructor
dreesperformance.com,kendra@dreesperformance.com,practice type not targeted: Volleyball instructor
ambdayspa.com,annette@ambdayspa.com,practice type not targeted: Day spa
caredentistry.com,dianna@caredentistry.com,practice type not targeted: Dentist
baptisthealth.net,wendyb@baptisthealth.net,practice type not targeted: Surgical center
baptisthealth.net,bob@baptisthealth.net,practice type not targeted: Surgical center
affinitydentistry.com,naguib@affinitydentistry.com,practice type not targeted: Dentist
vitahealthmedspa.com,dpakula@vitahealthmedspa.com,practice type not targeted: Acupuncture clinic
charlesdentalgroup.dentist,blair@charlesdentalgroup.dentist,practice type not targeted: Dentist
sweetbriarfamilydentistry.com,adam@sweetbriarfamilydentistry.com,practice type not targeted: Dentist
clocktowerdentistry.com,samer@clocktowerdentistry.com,practice type not targeted: Dentist
miamiurologyconsultants.com,dr@ucofl.com,practice type not targeted: Cosmetics industry
mora-rosadentaldesigns.com,pedro@mora-rosadentaldesigns.com,practice type not targeted: Dentist
mondovidental.com,sbilt@smilebrands.com,practice type not targeted: Dentist
bodyfitnutritionlex.com,lauren@bodyfitnutritionky.com,practice type not targeted: Dietitian
corinthianspa.com,judim@corinthianspa.com,practice type not targeted: Day spa
h2health.com,guysansone@h2health.com,practice type not targeted: Physical therapy clinic
myspringfielddentist.com,hinebaughiii@verizon.net,practice type not targeted: Dentist
orlandosurgery.com,chetan.patel@orlandosurgery.com,practice type not targeted: Surgeon
tularesmiledental.com,ramon@tularesmiledental.com,practice type not targeted: Dentist
popedental.com,scott@popedental.com,practice type not targeted: Dentist
trembathdentistry.com,lori@trembathdentistry.com,practice type not targeted: Dentist
morenovalleydentist.com,sina@morenovalleydentist.com,practice type not targeted: Dentist
spanishforkdental.com,richard@spanishforkdental.com,practice type not targeted: Dentist
thedentalcenter.us,jennifer@thedentalcenter.us,practice type not targeted: Dentist
alamodetc.com,kara@alamodetc.com,practice type not targeted: Day spa
crowndentalinglewood.com,arian@crowndentalinglewood.com,practice type not targeted: Dentist
drkevinmcmillen.com,kamcmillendds@aol.com,practice type not targeted: Dentist
vitabellabeauty.com,melissacocita@yahoo.com,practice type not targeted: Beauty salon
dentalartsofok.com,dr.michaelsen@dentalartsofok.com,practice type not targeted: Dentist
socofaceandbodyworks.com,socofaceandbodyworks@yahoo.com,practice type not targeted: Permanent make-up clinic
escapespala.com,fernanda@escapespala.com,practice type not targeted: Massage therapist
seminolepremierdental.com,arvindphilomin@yahoo.com,practice type not targeted: Dentist
zimmermanfamilydentistry.com,zimmermandds@yahoo.com,practice type not targeted: Dentist
sculptexcellence.com,ginger.anderson@sculptexcellence.com,practice type not targeted: Health and beauty shop
drmattbynum.com,matt@drmattbynum.com,practice type not targeted: Dentist
drsandras.com,dantsandras@ymail.com,practice type not targeted: Dentist
iaffrecoverycenter.com,mjones@iaffrecoverycenter.com,practice type not targeted: Addiction treatment center
iaffrecoverycenter.com,amorris@iaffrecoverycenter.com,practice type not targeted: Addiction treatment center
indianahernia.com,pszotek@indianahernia.com,practice type not targeted: Surgeon
uniqueboutiquema.com,sabina@uniqueboutiquema.com,practice type not targeted: Facial spa
tropicalsunsetlaser.com,crista@tropicalsunsetlaser.com,practice type not targeted: Tattoo removal service
midtownmovementtlh.com,staci@midtownmovementtlh.com,practice type not targeted: Fitness center
timberdentalcolorado.com,andrei@timberdentalcolorado.com,practice type not targeted: Dentist
solaceskinandlaser.com,maria@solaceskinandlaser.com,practice type not targeted: Laser hair removal service
selectphysicaltherapy.com,csmith@selectmedical.com,practice type not targeted: Physical therapy clinic
foreversmilesjax.com,brian@foreversmilesjax.com,practice type not targeted: Dental implants provider
showyourgrin.com,kylee@showyourgrin.com,practice type not targeted: Dentist
oculoplasticscenter.com,adam.sweeney@oculoplasticscenter.com,practice type not targeted: Surgeon
beautybarnsalons.com,damon@beautybarnsalons.com,practice type not targeted: Beauty salon
coscarelladentistry.com,franco@coscarelladentistry.com,not US (list address)
nayspa.com,naylin@nayspa.com,practice type not targeted: Spa
northernmainedental.com,bridget@northernmainedental.com,practice type not targeted: Dentist
cypherhealthandfitness.com,leslie@cypherhealthandfitness.com,practice type not targeted: Fitness center
precision-dentalcare.com,michael@precision-dentalcare.com,practice type not targeted: Dental clinic
washougalfamilydental.com,justin@washougalfamilydental.com,practice type not targeted: Dental clinic
dr-finn.com,lfinnw@aol.com,practice type not targeted: Dentist
smiles4alifetime.com,beth@smiles4alifetime.com,practice type not targeted: Dentist
smiles4alifetime.com,neil@smiles4alifetime.com,practice type not targeted: Dentist
oceavaspa.com,nicole@oceavaspa.com,practice type not targeted: Day spa
myrismile.com,rupesh@myrismile.com,practice type not targeted: Dentist
bubblingwellsoasis.com,eric@bubblingwellsoasis.com,practice type not targeted: (blank)
centerforherniarepair.com,melanie@centerforherniarepair.com,practice type not targeted: Surgeon
luxestudiova.com,carol@luxestudiova.com,practice type not targeted: Laser hair removal service
kostasmiles.com,proussaefs@sbcglobal.net,practice type not targeted: Dentist
encinitasdentalart.com,drcoffey1445@yahoo.com,practice type not targeted: Dentist
omahamedicalmassage.com,cecile@omahamedicalmassage.com,practice type not targeted: Massage therapist
laseraway.com,scott.heckmann@laseraway.com,practice type not targeted: Laser hair removal service
laseraway.com,brock.heckmann@laseraway.com,practice type not targeted: Laser hair removal service
freshbycandds.com,candace@freshbycandds.com,practice type not targeted: Dentist
reichleydental.com,rochelle@reichleydental.com,practice type not targeted: Dentist
perceptionseyehealth.com,parnelltara@bellsouth.net,practice type not targeted: Eye care center
detolladentalnh.com,drdetolla@edetollanh.com,practice type not targeted: Dentist
brownsburgfamilydentistry.com,olga@brownsburgfamilydentistry.com,practice type not targeted: Dentist
osswf.com,rcurrin@osswf.com,practice type not targeted: Surgical center
thebodythief.com,shaahn@thebodythief.com,practice type not targeted: Body shaping class
belladermalifespa.com,melissa@belladermalifespa.com,practice type not targeted: Massage spa
naturalbeautylaser.com,belle@naturalbeautylaser.com,practice type not targeted: Laser hair removal service
sccdermsurgery.com,stacey@sccdermsurgery.com,practice type not targeted: Surgeon
nicolaoflondon.com,danielle@nicolaoflondon.com,practice type not targeted: Day spa
mainechi.com,mari@mainechi.com,practice type not targeted: Acupuncturist
canbysmiles.com,joshua@canbysmiles.com,practice type not targeted: Dentist
jarodwalls.com,jarodwallsdds@yahoo.com,practice type not targeted: Dentist
harandidds.com,kourosh@harandidds.com,practice type not targeted: Dental clinic
purecapelli.com,kelly@purecapelli.com,practice type not targeted: Beauty salon
spaashton.com,ashton@spaashton.com,practice type not targeted: Day spa
skindeepil.com,samantha@skindeepil.com,practice type not targeted: Facial spa
studiojyc.com,jane@studiojyc.com,practice type not targeted: Beauty salon
tasvienna.com,stacilmorgan@yahoo.com,practice type not targeted: Facial spa
balancedsoulwellness.com,kellie@balancedsoulwellness.com,practice type not targeted: Day spa
smoothsailingdental.com,longdds@bellsouth.net,practice type not targeted: Dentist
greenleaffamilydentist.com,william@greenleaffamilydentist.com,practice type not targeted: Dentist
healthquestwellnesscenter.org,michael@healthquestwellnesscenter.org,practice type not targeted: Massage spa
studiosette.ca,breanna@studiosette.ca,not US (list address)
beautyeditpdx.com,seanncook@beautyeditpdx.com,practice type not targeted: Permanent make-up clinic
northmiamidentalgroup.com,mjacobs@northmiamidentalgroup.com,practice type not targeted: Dental clinic
artisticdentalcentre.com,nse@artisticdentalcentre.com,practice type not targeted: Dentist
intecore-pt.com,andrew@intecorept.com,practice type not targeted: Physical therapist
gcdentalcare.com,jennifer@gcdentalcare.com,practice type not targeted: Dentist
derektangdds.com,derek@derektangdds.com,practice type not targeted: Dentist
summitsurgcenter.com,john@summitsurgcenter.com,practice type not targeted: Surgical center
stephensdentistry.com,james@stephensdentistry.com,practice type not targeted: Dentist
jodyamesdds.com,jody.ames@yahoo.com,practice type not targeted: Dentist
homerglendental.com,tooba@homerglendental.com,practice type not targeted: Dentist
smilesolutionsdental.us,john@smilesolutionsdental.us,practice type not targeted: Dentist
smileave.com,drdaniellereed@yahoo.com,practice type not targeted: Dental clinic
circumcisionclinicglasgow.co.uk,circumcisionclinic@yahoo.co.uk,not US (list address)
mydentistfriendnj.com,hojin@mydentistfriendnj.com,practice type not targeted: Dentist
mydentistfriendnj.com,sbaker@mydentistfriendnj.com,practice type not targeted: Dentist
elevateptperformance.com,kevin@elevateptperformance.com,practice type not targeted: Physical therapy clinic
joylifespa.com,roshelleveney@joylifespa.com,practice type not targeted: Spa
essentialrejuvenationspa.com,jared@essentialrejuvenationspa.com,practice type not targeted: Massage therapist
murphydentistry.com,docmurphy@murphydentistry.com,practice type not targeted: Dentist
prairiefieldsdentistry.com,luke@prairiefieldsdentistry.com,practice type not targeted: Dentist
premieredentalarts.com,michelle@premieredentalarts.com,practice type not targeted: Dentist
lihilihilash.com,val@lihilihilash.com,practice type not targeted: Beauty salon
endlesssummersalon.com,matt@endlesssummersalon.com,practice type not targeted: Tanning salon
prewittdental.com,timothy@prewittdental.com,practice type not targeted: Dentist
lincolnparkpodiatry.com,michael.williams@lincolnparkpodiatry.com,practice type not targeted: Podiatrist
summiteyekc.com,kevinskelsey@summiteyekc.com,practice type not targeted: Ophthalmology clinic
thenewcanvasco.com,betina@thenewcanvasco.com,practice type not targeted: Tattoo removal service
hamlakedental.com,alex@hamlakedental.com,practice type not targeted: Dental clinic
drreneeedwards.com,dredwards@drreneeedwards.com,practice type not targeted: Dentist
edmondselevateddental.com,huy@edmondselevateddental.com,practice type not targeted: Dentist
naturalbeautyandrejuvenation.com,debbie@naturalbeautyrejuv.com,practice type not targeted: Spa
smilecaredentalma.com,drmark@smilecaredentalma.com,practice type not targeted: Dentist
taschnerperio.com,bryana@taschnerperio.com,practice type not targeted: Dental implants periodontist
zcosmeticdesign.com,myzdesigns@yahoo.com,practice type not targeted: Permanent make-up clinic
healinginsightonline.com,senia@healinginsightonline.com,practice type not targeted: Acupuncturist
eberhardtdentistry.com,kyle@eberhardtdentistry.com,practice type not targeted: Dentist
campbellsmile.com,drcarol@campbellsmile.com,practice type not targeted: Dentist
campbellsmile.com,dr.vuppala@campbellsmile.com,practice type not targeted: Dentist
sapphirefamilydentistry.com,hoang@sapphirefamilydentistry.com,practice type not targeted: Dentist
sapphirefamilydentistry.com,ann@sapphirefamilydentistry.com,practice type not targeted: Dentist
therapyinstitute.net,steve@therapyinstitute.net,practice type not targeted: Physical therapy clinic
idsdentistry.com,tc@idsdentistry.com,practice type not targeted: Dentist
beautymattersleeds.co.uk,info@beautymattersleeds.co.uk,not US (list address)
straightriverfamilydental.com,kurt@straightriverfamilydental.com,practice type not targeted: Dentist
venaflux.com,lindsey@venaflux.com,practice type not targeted: Vascular surgeon
nwsmiles.com,kim@nwsmiles.com,practice type not targeted: Dentist
nwsmiles.com,michael@nwsmiles.com,practice type not targeted: Dentist
elrenodentalgroup.com,jake@elrenodentalgroup.com,practice type not targeted: Dentist
aohealing.com,john@aohealing.com,practice type not targeted: Acupuncturist
westcovinafamilydentist.com,daniel@westcovinafamilydentist.com,practice type not targeted: Dentist
albemarlenutrition.com,nanceebowers@yahoo.com,practice type not targeted: Sports nutrition store
baldwinhealthmedicalgroup.com,margaret_roley@baldwinhealth.com,practice type not targeted: Surgeon
bearcreekdentistry.com,negin@bearcreekdentistry.com,practice type not targeted: Dentist
beautybungalowspa.com,denise@beautybungalowspa.com,practice type not targeted: Facial spa
sofferhealth.com,ariel@sofferhealth.com,practice type not targeted: Vascular surgeon
whartondentalohio.com,paul@whartondentalohio.com,practice type not targeted: Dentist
4thstreetlaser.com,ginal@4thstreetlaser.com,practice type not targeted: Surgical center
4thstreetlaser.com,amy.mower@4thstreetlaser.com,practice type not targeted: Surgical center
floridamedicalclinic.com,jdelatorre@floridamedicalclinic.com,practice type not targeted: Surgeon
snatchmeupcalifornia.com,ruthie@snatchmeupcalifornia.com,practice type not targeted: Day spa
dermaplusskin.com,andrea@dermaplusskin.com,practice type not targeted: Facial spa
uniqueskincarebydr.com,dianaale55@yahoo.com,practice type not targeted: Waxing hair removal service
texmabalondentistry.com,drtex@texmabalondentistry.com,practice type not targeted: Dentist
liferejuvchi.com,robert@liferejuvchi.com,practice type not targeted: Dental clinic
gulfcsc.com,cmunton@uspi.com,practice type not targeted: Surgical center
beyondwellness.io,mattpa@beyondwellness.io,business already emailed or queued
beyondwellness.io,gino@beyondwellness.io,business already emailed or queued
tampabayeye.com,sara@tampabayeye.com,practice type not targeted: Ophthalmology clinic
saintlucieacupuncture.com,marcela@saintlucieacupuncture.com,practice type not targeted: Acupuncturist
browstobrazilian.com,jennifer@browstobrazilian.com,practice type not targeted: Waxing hair removal service
downtowntinleydental.com,tyler@downtowntinleydental.com,practice type not targeted: Dentist
we202.com,loleta@we202.com,practice type not targeted: Fitness center
breencenter.com,sean@breencenter.com,business already emailed or queued
acupuncturefayetteville.com,info@activelifefayetteville.com,practice type not targeted: Acupuncture clinic
huntingdonvalleysurgerycenter.com,tracy.malloy@scasurgery.com,practice type not targeted: Surgical center
huntingdonvalleysurgerycenter.com,ashley.verbitsky@scasurgery.com,practice type not targeted: Surgical center
midfloridasurgical.com,jflorin@midfloridasurgical.com,practice type not targeted: Surgeon
midfloridasurgical.com,szeh@midfloridasurgical.com,practice type not targeted: Surgeon
steamwellnessspa.com,quaila.white@steamwellnessspa.com,practice type not targeted: Spa
thewellnessdrip.com,alyssa@thewellnessdrip.com,business already emailed or queued
tzlaserspa.com,kinsley@tzlaserspa.com,practice type not targeted: Tattoo removal service
rifootcare.com,david@rifootcare.com,practice type not targeted: Podiatrist
lovelyaestheticsxo.com,lachelle@lovelyaestheticsxo.com,practice type not targeted: Spa
olivetreedentistry.com,merlin@olivetreedentistry.com,practice type not targeted: Dentist
drkhandwala.com,smita@drkhandwala.com,practice type not targeted: Dentist
fossumdds.com,steven@fossumdds.com,practice type not targeted: Dentist
bluealoespa.com,nicole@bluealoespa.com,practice type not targeted: Day spa
simplifeye.co,rhungate@simplifeye.co,practice type not targeted: Dentist
iqlaservision.com,rlin@iqlaservision.com,practice type not targeted: Lasik surgeon
iqlaservision.com,nvalmores@iqlaservision.com,practice type not targeted: Lasik surgeon
colorcountrymassage.com,jennifer@colorcountrymassage.com,practice type not targeted: Massage therapist
tavaressurgerycenter.com,jenntaylor@uspi.com,practice type not targeted: Surgical center
specialnutrition.net,marco@specialnutrition.net,practice type not targeted: Vitamin & supplements store
sofyas.com,sofya@sofyas.com,practice type not targeted: Beauty salon
innovativedentalandorthodontics.com,amit@innovativedentalandorthodontics.com,practice type not targeted: Dentist
teethr4life.com,aquinta@teethr4life.com,practice type not targeted: Dental implants periodontist
meetkasper.com,osman@meetkasper.com,practice type not targeted: Dentist
smylifedentalcare.com,tatiana@smylifedentalcare.com,practice type not targeted: Dentist
kleindentalarts.com,todd@kleindentalarts.com,practice type not targeted: Dentist
321-dentalcare.com,clint@321-dentalcare.com,practice type not targeted: Dental clinic
kirksvilledental.com,tisha@kirksvilledental.com,practice type not targeted: Dentist
familydentistryhopkins.com,katie@familydentistryhopkins.com,practice type not targeted: Dentist
bevisvetcare.com,luke@bevisvetcare.com,practice type not targeted: Veterinarian
erikatutoni.com,etutoni@yahoo.com,practice type not targeted: Permanent make-up clinic
texastreesurgeons.com,lindsey@texastreesurgeons.com,practice type not targeted: Tree service
texastreesurgeons.com,amy@texastreesurgeons.com,practice type not targeted: Tree service
affordablelaser.com,sharon@affordablelaser.com,practice type not targeted: Laser hair removal service
olympicviewdental.com,paul@olympicviewdental.com,practice type not targeted: Dentist
solomondentistry.com,angie.bazzle@solomondentistry.com,practice type not targeted: Dental clinic
solomondentistry.com,katie.connolly@solomondentistry.com,practice type not targeted: Dental clinic
oregoncitysmiles.com,sung@oregoncitysmiles.com,practice type not targeted: Dentist
bluejayfamilydentistry.com,nickolas@bluejayfamilydentistry.com,practice type not targeted: Dentist
summerhilldental.com,casandra@summerhilldental.com,practice type not targeted: Dentist
summerhilldental.com,drbayless@summerhilldental.com,practice type not targeted: Dentist
drhlevyassoc.com,hlevy@drhlevyassoc.com,practice type not targeted: Dentist
vacavalleydental.com,arvin@vacavalleydental.com,practice type not targeted: Dentist
livingwellnessdayspa.com,jennifersoule15@yahoo.com,practice type not targeted: Day spa
babecavesv.org,lashmommy22@yahoo.com,practice type not targeted: Beauty salon
yoosmiledental.com,info@yoosmiledental.com,practice type not targeted: Dentist
fairgroundsdental.com,ayoub@fairgroundsdental.com,practice type not targeted: Dentist
crossgatesclub.com,nate@crossgatesclub.com,practice type not targeted: Spa
crossgatesclub.com,andrew@crossgatesclub.com,practice type not targeted: Spa
findahealthyweight.com,kevin_hammons@chs.net,practice type not targeted: Surgeon
caryskincenter.com,rclark@caryskincenter.com,practice type not targeted: Surgical center
divineluxuryspa.com,nikki@divineluxuryspa.com,practice type not targeted: Facial spa
onefamilysherman.com,quyen@onefamilysherman.com,practice type not targeted: Urgent care center
guthriedentist.com,guthrie@customdentalusa.com,practice type not targeted: Dentist
miraclesmiledentistry.com,anna@miraclesmiledentistry.com,practice type not targeted: Dentist
miraclesmiledentistry.com,scott@emiraclesmile.com,practice type not targeted: Dentist
todaysdentalcare.net,rachelle@todaysdentalcare.net,practice type not targeted: Dentist
austexwellness.com,laurel@austexwellness.com,practice type not targeted: Spa
soundviewfamilydental.com,eric.kitts@soundviewfamilydental.com,practice type not targeted: Dentist
shortpumpfamilydentistry.com,david.tse@shortpumpfamilydentistry.com,practice type not targeted: Dentist
cleburnesurgical.com,melissa.dansby@scasurgery.com,practice type not targeted: Surgical center
truffoireotayranch.com,mali@truffoireotayranch.com,practice type not targeted: Facial spa
customdentalbonham.com,bgates@customdentalusa.com,practice type not targeted: Dentist
fullimplantchoice.com,contact@fullimplantchoice.com,practice type not targeted: Dental implants provider
footandanklemedicalcenter.com,troy.fowler@footandanklemedicalcenter.com,practice type not targeted: Podiatrist
wildflowerwellnessspa.info,wvmassage@yahoo.com,practice type not targeted: Massage therapist
mountainmuscle.us,janae@mountainmuscle.us,business already emailed or queued
dentistincovina.com,drcohensoffice@aol.com,practice type not targeted: Dentist
sweetdds.com,nish@sweetdds.com,practice type not targeted: Dentist
maystreetsurgicenter.com,dwawrzynski@maystreetsurgicenter.com,practice type not targeted: Surgical center
webpt.com,andrea.facini@webpt.com,practice type not targeted: Physical therapy clinic
webpt.com,heidi@webpt.com,practice type not targeted: Physical therapy clinic
pbfacials.com,brittlruss@aol.com,practice type not targeted: Facial spa
falcondentalgroup.com,info@falcondentalgroup.com,practice type not targeted: Dentist
abovedental.com,jodi@abovedental.com,practice type not targeted: Dentist
hrencherdental.com,austin@hrencherdental.com,practice type not targeted: Dentist
faridnoie.com,info@faridnoie.com,practice type not targeted: Dental implants provider
gumsandsmilesfamilydental.com,hardik@gumsandsmilesfamilydental.com,practice type not targeted: Dental clinic
hopewellfamilydentistryva.com,jacob@hopewellfamilydentistryva.com,practice type not targeted: Dentist
garnerfamilydds.com,matthew@garnerfamilydds.com,practice type not targeted: Dentist
dentistsofbuenaventuralakes.com,marcia@dentistsofbuenaventuralakes.com,practice type not targeted: Dentist
nwadentist.com,heatherd@nwadentist.com,practice type not targeted: Dentist
nwadentist.com,todd@nwadentist.com,practice type not targeted: Dentist
thepearllaguna.com,maria@thepearllaguna.com,practice type not targeted: Yoga retreat center
munroesdental.com,litchfieldhillsfamilydental@yahoo.com,practice type not targeted: Dentist
resultscare.com,patricia@resultscare.com,practice type not targeted: Physical therapy clinic
thedentalplace.net,jonathan@thedentalplace.net,practice type not targeted: Dentist
goodhealthsaunas.com,keith@goodhealthsaunas.com,practice type not targeted: Sauna store
dentistryforyousandsprings.com,ron@dentistryforyousandsprings.com,practice type not targeted: Dentist
artofaesthetics.co,naikia@artofaesthetics.co,practice type not targeted: Facial spa
aristadentaledmonds.com,risha@aristadentaledmonds.com,practice type not targeted: Dentist
sapphirecreekdental.com,archie@sapphirecreekdental.com,practice type not targeted: Dentist
dentistloslunas.com,jyoon@dentistloslunas.com,practice type not targeted: Dentist
skinconfidentspa.com,claudia@skinconfidentspa.com,practice type not targeted: Beauty salon
beautyqan.com,nurse@nurse4h.com,practice type not targeted: Cosmetics industry
safarifamilydental.com,diego@safarifamilydental.com,practice type not targeted: Dentist
dermafixspa.com,steven@dermafixspa.com,practice type not targeted: Spa
downtownfamilydentistry.com,matthew.walker@downtownfamilydentistry.com,practice type not targeted: Dentist
relaxdds.com,matt@lunadentalgroup.com,practice type not targeted: Dentist
canyon-dental.com,delavaradds@yahoo.com,practice type not targeted: Dentist
oodelah.com,caelie@oodelah.com,practice type not targeted: Spa
smileydoctor.com,reena@smileydoctor.com,practice type not targeted: Dentist
jeslaser.com,jeslynn@jeslaser.com,practice type not targeted: Laser hair removal service
smilesbymoore.com,doctormikedds@yahoo.com,practice type not targeted: Dentist
thehometowndentists.com,mihail@thehometowndentists.com,practice type not targeted: Dentist
parisidental.com,parisidental@verizon.net,practice type not targeted: Dentist
deseretfamilydentistry.com,desertfamilydentistry@yahoo.com,practice type not targeted: Dentist
bellanovabeautylab.com,magda@bellanovabeautylab.com,practice type not targeted: Facial spa
healthsourceimc.com,dr.reid@healthsourceimc.com,not US (list address)
urlingdental.com,isaac@urlingdental.com,practice type not targeted: Dentist
mcabeauty.uk,madalina@mcabeauty.uk,not US (list address)
wzbeautystudio.com,wendy@wzbeautystudio.com,practice type not targeted: Wedding service
silverliningdentistry.com,paul@silverliningdentistry.com,practice type not targeted: Dentist
mkcketteringdentists.com,ketteringoffice@mkcdentists.com,practice type not targeted: Dentist
imagedentistryca.com,tedim67@yahoo.com,practice type not targeted: Dentist
smilesuccess.com,mimi@smilesuccess.com,practice type not targeted: Dentist
cincodentalcare.com,terry@cincodentalcare.com,practice type not targeted: Dentist
whitsettvision.com,jeffrey@whitsettvision.com,practice type not targeted: Ophthalmology clinic
viningsspa.com,cara@viningsmassage.com,practice type not targeted: Day spa
peoplefit.net,karen@peoplefit.net,practice type not targeted: Fitness center
peoplefit.net,pat@peoplefit.net,practice type not targeted: Fitness center
southwestsurgical.org,zuidervb@trinity-health.org,practice type not targeted: Surgical center
onionriveranimalhospital.com,drlkquinn@orahvt.com,practice type not targeted: Veterinarian
clintonkeithdental.com,minh@clintonkeithdental.com,practice type not targeted: Dentist
choctawdentist.com,gasbarra@choctawdentist.com,practice type not targeted: Dentist
geminiurgentcare.com,sajid@geminiurgentcare.com,practice type not targeted: Urgent care center
springsmiles.com,gabriel@springsmiles.com,practice type not targeted: Dentist
eyesfacebody.com,atate@graystone-eye.com,practice type not targeted: Surgical center
eyesfacebody.com,lskinner@graystone-eye.com,practice type not targeted: Surgical center
kleenaesthetics.com,lauren@kleenaesthetics.com,practice type not targeted: Permanent make-up clinic
trusmileimplants.com,miguel@trusmileimplants.com,practice type not targeted: Dental implants provider
halosaltroomlex.com,kari@halosaltroomlex.com,practice type not targeted: Day spa
afdky.com,dr.arnold@afdky.com,practice type not targeted: Dental clinic
albrechtdds.com,laura@albrechtdds.com,practice type not targeted: Dentist
vmdds.com,virginia@vmdds.com,practice type not targeted: Dentist
lexquisite.ca,shanette@lexquisite.ca,not US (list address)
yournew.dentist,cdyki2000@yahoo.com,practice type not targeted: Dentist
lakesregiondentalcare.com,ashley@lakesregiondentalcare.com,practice type not targeted: Dentist
thebettersleepclinic.co.uk,laura.buckley@thebettersleepclinic.co.uk,not US (list address)
thebettersleepclinic.co.uk,david.garley@thebettersleepclinic.co.uk,not US (list address)
lindafiumara.com,info@lindafiumara.com,not US (list address)
kitsappt.com,daviddamon@kitsappt.com,practice type not targeted: Physical therapy clinic
agelessbodyclinic.com,inna@agelessbodyclinic.com,business already emailed or queued
galleryparkdental.com,jason@galleryparkdental.com,practice type not targeted: Dentist
trianglephysiotherapy.com,ashish@trianglephysiotherapy.com,not US (list address)
facesofnature.net,cheryl_faircloth@yahoo.com,practice type not targeted: Massage spa
berkeleyimplantdentist.com,rahmatiandds@yahoo.com,practice type not targeted: Dentist
davidrgordondds.com,david@davidrgordondds.com,practice type not targeted: Dentist
autumnfamilydentistry.com,kim.pham@autumnfamilydentistry.com,practice type not targeted: Dentist
manndentist.com,dentalcare911@yahoo.com,practice type not targeted: Dentist
physiotherapy.clinic,michael@koonarpt.com,not US (list address)
5starnutritionusa.com,bmarver@5starnutritionusa.com,practice type not targeted: Vitamin & supplements store
truetesthrt.com,matt@truetesthrt.com,business already emailed or queued
ceresdentist.com,drpatel@ceresdentist.com,practice type not targeted: Dentist
giovannimedspa.com,brittany@giovannimedspa.com,practice type not targeted: Spa
implantsandteeth.com,doc@implantsandteeth.com,practice type not targeted: Dentist
imagenlaser.com,nick@imagenlaser.com,practice type not targeted: Facial spa
pleasantgardendental.com,drwalrond@bellsouth.net,practice type not targeted: Dentist
dentalcareofcrossville.com,dcofcrossville@mydentalmail.com,practice type not targeted: Dentist
ranunculusdental.com,safina@ranunculusdental.com,practice type not targeted: Dentist
vartaniandentalgroup.com,james@vartaniandentalgroup.com,practice type not targeted: Dentist
kalonlaser.com,ariel@kalonlaser.com,practice type not targeted: Laser hair removal service
sunraysspa.com,info@sunraysspa.com,practice type not targeted: Spa
lunabeautyandwellness.com,heaven@lunabeautyandwellness.com,practice type not targeted: Waxing hair removal service
myalliancedentalcare.com,roarke@myalliancedentalcare.com,practice type not targeted: Dentist
southviewdentalcare.com,caitlin@southviewdentalcare.com,practice type not targeted: Dentist
athletescare.com,william@athletescare.com,not US (list address)
athletescare.com,shafiq@athletescare.com,not US (list address)
skinhubmedspa.com,ayaisha@skinhubmedspa.com,practice type not targeted: Spa
taylorstation.com,lmeikle@mchs.com,practice type not targeted: Surgical center
alisowoodsdental.com,ned@alisowoodsdental.com,practice type not targeted: Dentist
lawrenceparkplasticsurgery.com,mathew@lawrenceparkplasticsurgery.com,not US (list address)
connectingtouch.com,katie@connectingtouch.com,practice type not targeted: Massage therapist
connectingtouch.com,jack@connectingtouch.com,practice type not targeted: Massage therapist
precisioncaresc.com,tholsborg@precisioncaresc.com,practice type not targeted: Surgical center
evanstonmoderndental.com,heather@evanstonmoderndental.com,practice type not targeted: Dentist
jrfamilydentistry.com,marci@jrfamilydentistry.com,practice type not targeted: Dentist
mildredandgertrude.com,angela@mildredandgertrude.com,practice type not targeted: Day spa
villageperio.com,drmoore@villageperio.com,practice type not targeted: Dental implants periodontist
patriotsupplements.com,ryan@patriotsupplements.com,practice type not targeted: Vitamin & supplements store
cruzdavisdental.com,info@cruzdavisdental.com,practice type not targeted: Dentist
bookamassagenow.com,christopher@bookamassagenow.com,practice type not targeted: Massage therapist
missiongrovedentist.com,kara@missiongrovedentist.com,practice type not targeted: Dentist
piedmontheightsdental.com,administrator@piedmontheightsdental.com,practice type not targeted: Dental clinic
casselberryaestheticdentistry.com,mohansaoji@yahoo.com,practice type not targeted: Dental clinic
looksskinstudiollc.com,arie@looksskinstudiollc.com,practice type not targeted: Health and beauty shop
vein321.com,chris.meyer@vein321.com,practice type not targeted: Vascular surgeon
simplismiles.com,manager@simplismiles.com,practice type not targeted: Dentist
simplismiles.com,peter@simplismiles.com,practice type not targeted: Dentist
pangovet.com,simon@pangovet.com,practice type not targeted: Veterinarian
sculptednonsurgical.co.uk,lucy@sculptednonsurgical.co.uk,not US (list address)
doorcountydentalcare.com,sherryb@doorcountydentalcare.com,practice type not targeted: Dentist
redoaksmilecenter.com,khalid.sadeddin@redoaksmilecenter.com,practice type not targeted: Dentist
petalsorganicspa.com,robyn@petalsorganicspa.com,practice type not targeted: Day spa
eastwindhealthcare.com,mike@eastwindhealthcare.com,practice type not targeted: Acupuncture clinic
ivyrehab.com,jason.strauss@ivyrehab.com,practice type not targeted: Physical therapy clinic
ivyrehab.com,jonathan.jean-pierre@ivyrehab.com,practice type not targeted: Physical therapy clinic
pocketsuite.io,chinwe@pocketsuite.io,practice type not targeted: Spa
smilerenu.com,greatsmiles@davidcrumptondds.com,practice type not targeted: Dentist
striegelfamilydentistry.com,jordan@striegelfamilydentistry.com,practice type not targeted: Dentist
westlakefamilydentistrytx.com,humberto@westlakefamilydentistrytx.com,practice type not targeted: Dentist
philipshindlerdds.com,racrphil@aol.com,practice type not targeted: Dentist
sharpe-vision.com,cory@sharpe-vision.com,practice type not targeted: Surgical center
sharpe-vision.com,drsharpe@sharpe-vision.com,practice type not targeted: Surgical center
riseandbewell.com,ryanmarie@riseandbewell.com,practice type not targeted: Massage spa
wellcarerehab.com,michael@wellcarerehab.com,practice type not targeted: Physical therapy clinic
bayoumdurgentcare.com,michael@bmduc.com,practice type not targeted: Urgent care center
bayoumdurgentcare.com,angie@bmduc.com,practice type not targeted: Urgent care center
glowbarcle.com,blair@glowbarcle.com,practice type not targeted: Spa
timedentalgroup.com,david@timedentalgroup.com,practice type not targeted: Dentist
brianjbenoitdds.com,docben@bellsouth.net,practice type not targeted: Dentist
matthewcooperdds.com,bmccoyddsbel@yahoo.com,practice type not targeted: Dentist
distilllaserclinic.com,swaleen@distilllaserclinic.com,not US (list address)
chapmandentistry.com,jchapmandds@yahoo.com,practice type not targeted: Dentist
cheungswellness.com,mable@cheungswellness.com,not US (list address)
ishabeautymiami.com,suzana@ishabeautymiami.com,practice type not targeted: Facial spa
evenkeelspa.com,ashley@evenkeelspa.com,practice type not targeted: Spa
ddaofmontclair.com,konstantine@ddaofmontclair.com,practice type not targeted: Dentist
milltownfamilydentistry.com,ben@milltownfamilydentistry.com,practice type not targeted: Dentist
eyesurgery.org,kr@eyesurgery.org,practice type not targeted: Lasik surgeon
naturalsmilestn.com,matthew@naturalsmilestn.com,practice type not targeted: Dentist
balancenaturalhealthclinic.ca,info@balancenaturalhealthclinic.ca,not US (list address)
legacydentalstudioca.com,george@legacydentalstudioca.com,practice type not targeted: Dentist
yoursoulserenity.net,roseanne@yoursoulserenity.net,practice type not targeted: Facial spa
lovefacebodyspa.com,kayelyn@lovefacebodyspa.com,practice type not targeted: Spa
caliquickurgentcare.com,brittany@caliquickurgentcare.com,practice type not targeted: Urgent care center
southernperiodontology.com,uncperio93@att.net,practice type not targeted: Dental implants periodontist
nouveaupc.com,terri@nouveaupc.com,practice type not targeted: Permanent make-up clinic
thebeautytreespa.com,cynthia@thebeautytreespa.com,practice type not targeted: Spa
blairsvilledentistry.com,kimberly@blairsvilledentistry.com,practice type not targeted: Dentist
disantorosedental.com,gdisantorose@yahoo.com,practice type not targeted: Dentist
kailuaacupuncture.com,mariya@kailuaacupuncture.com,practice type not targeted: Acupuncture clinic
briteteeth.net,c4dh@sbcglobal.net,practice type not targeted: Dentist
srqphys.com,dana@srqphys.com,practice type not targeted: Surgical center
yorkhealthysmiles.com,pietrodds@yahoo.com,practice type not targeted: Dentist
boxbarvascular.com,ellen@boxbarvascular.com,practice type not targeted: Surgical center
atlashealthandwellness.com,dptdavid@atlashealthandwellness.com,practice type not targeted: Physical therapist
elsinoresmile.com,aarti@elsinoresmile.com,practice type not targeted: Dentist
nutrishopvalrico.com,josh@nutrishopvalrico.com,practice type not targeted: Vitamin & supplements store
khfohio.com,caleb@khfohio.com,practice type not targeted: Fitness center
cabotdentist.com,sirsch@cabotdentist.com,practice type not targeted: Dentist
cabotdentist.com,alex@cabotdentist.com,practice type not targeted: Dentist
kmbeautyabingdon.co.uk,kira.mart@yahoo.co.uk,not US (list address)
bollinclinic.co.uk,manager@bollinclinic.co.uk,not US (list address)
mittenfamilydental.com,smiles@mittenfamilydental.com,practice type not targeted: Dentist
thesmilestudiodentist.com,carlathomas7432@sbcglobal.net,practice type not targeted: Dentist
x-spasuites.com,brandon@x-spasuites.com,practice type not targeted: Spa
x-spasuites.com,kimberly@x-spasuites.com,practice type not targeted: Spa
delanesnails.com,delane@delanesnails.com,practice type not targeted: Nail salon
delanesnails.com,myeshia@delanesnails.com,practice type not targeted: Nail salon
smilestopdentalchulavista.com,sean@smilestopdentalchulavista.com,practice type not targeted: Dentist
wheatfieldfamilydentistry.com,kathleen@wheatfieldfamilydentistry.com,practice type not targeted: Dentist
centerpointdental.com,craig@centerpointdental.com,practice type not targeted: Dental clinic
bodyworkofbend.com,kelly@bodyworkofbend.com,practice type not targeted: Massage therapist
yapiapp.io,dj@yapiapp.com,practice type not targeted: Dentist
truecompassionurgentcare.com,zeinab@truecompassionurgentcare.com,practice type not targeted: Urgent care center
spalala.net,lisa@spalala.net,practice type not targeted: Beauty salon
lotusvision.com,ajit@lotusvision.com,practice type not targeted: Ophthalmology clinic
lotusvision.com,paula@lotusvision.com,practice type not targeted: Ophthalmology clinic
reviveattheridge.com,terri@reviveattheridge.com,practice type not targeted: Day spa
christuscabrini-sc.com,sfunk@uspi.com,practice type not targeted: Surgical center
skybluedentistry.com,heidy@skybluedentistry.com,practice type not targeted: Dental clinic
yourcelebritysmile.com,ron@yourcelebritysmile.com,practice type not targeted: Dentist
ednskin.com,danny@ednskin.com,practice type not targeted: Laser hair removal service
carpediemdentalspa.com,bogdan@carpediemdentalspa.com,practice type not targeted: Dentist
bornaaesthetic.com,afsaneh@bornaaesthetic.com,not US (list address)
pamperedsoul.ca,pam@pamperedsoul.ca,not US (list address)
savidahealth.com,h.murphy@savidahealth.com,practice type not targeted: Addiction treatment center
goodcleaneats.com,myditchthescalejourney@yahoo.com,practice type not targeted: Sports nutrition store
novacare.com,hjohnson@novacare.com,practice type not targeted: Physical therapy clinic
oldbetsydental.com,charli@oldbetsydental.com,practice type not targeted: Dentist
srmurgentcare.com,jigisha@srmurgentcare.com,practice type not targeted: Urgent care center
magnoliamoderndental.com,ghazalehnouri@magnoliamoderndental.com,practice type not targeted: Dentist
astrahealthandwellness.com,maranda@astrahealthandwellness.com,business already emailed or queued
eqdental.com,toothdr411@yahoo.com,practice type not targeted: Dentist
escapedayspala.com,fernanda@escapedayspala.com,practice type not targeted: Massage therapist
ntocs.com,furrukh@ntocs.com,practice type not targeted: Surgeon
spabythesquare.com,danielle@spabythesquare.com,practice type not targeted: Spa
gloworganicwellnessspa.com,meridith@gloworganicwellnessspa.com,practice type not targeted: Spa
honestdentistry.com,rebecca@honestdentistry.com,practice type not targeted: Dentist
dentistinlaurel.com,jay@dentistinlaurel.com,practice type not targeted: Dentist
covattofamilydentistry.com,tiffany@covattofamilydentistry.com,practice type not targeted: Dentist
foreveryoung-aesthetics.com,victoria@foreveryoung-aesthetics.com,practice type not targeted: Spa
txskinsurgery.com,paul@txskinsurgery.com,practice type not targeted: Surgical center
dentistinwatsonville.com,drc@wd-wc.com,practice type not targeted: Dentist
dentalexpressionsnh.com,patrick@dentalexpressionsnh.com,practice type not targeted: Dental clinic
ledentalspa.com,drle@ledentalspa.com,practice type not targeted: Dentist
texastechphysicians.com,brent.magers@ttuhsc.edu,practice type not targeted: Surgical center
texastechphysicians.com,jacob.caballero@ttuhsc.edu,practice type not targeted: Surgical center
charmcityskin.com,julie@charmcityskin.com,practice type not targeted: Spa
thenowmassage.com,gpost@thenowmassage.com,practice type not targeted: Massage spa
gruberdental.com,michael@gruberdental.com,practice type not targeted: Dentist
everettpremierdentistry.com,sumit@everettpremierdentistry.com,practice type not targeted: Dental clinic
ssmphysicaltherapy.com,kecwood@selectmedical.com,practice type not targeted: Physical therapy clinic
ssmphysicaltherapy.com,jrubel@selectmedical.com,practice type not targeted: Physical therapy clinic
hushluxuryesthetics.com,kristen@hushluxuryesthetics.com,practice type not targeted: Day spa
3640dental.com,drpaez@3640dental.com,practice type not targeted: Dentist
beaumontuc.com,travis@beaumontuc.com,practice type not targeted: Urgent care center
pinetreedentaltx.com,kunho@pinetreedentaltx.com,practice type not targeted: Dentist
ismiledentalarts.com,drkassem@ismiledentalarts.com,practice type not targeted: Dentist
oceanspali.com,stacy@oceanspali.com,practice type not targeted: Day spa
doctorrong.com,rong@doctorrong.com,not US (list address)
englewooddental.com,john@englewooddental.com,practice type not targeted: Dentist
familyfirstdentistryandspa.com,bart@familyfirstdentistryandspa.com,practice type not targeted: Dentist
everythingyou.com,jeremy@everythingyou.com,practice type not targeted: Vitamin & supplements store
bellaesthetic.com,mvalerio@bellaesthetic.com,practice type not targeted: Spa
templedentaltrails.com,michelle@templedentaltrails.com,practice type not targeted: Dentist
templedentaltrails.com,richard@templedentaltrails.com,practice type not targeted: Dentist
lumiereclinic.co.uk,nicole@lumiereclinic.co.uk,not US (list address)
ifamilywellness.com,drgordon@ifamilywellness.com,practice type not targeted: Acupuncturist
ifamilywellness.com,officemanager@ifamilywellness.com,practice type not targeted: Acupuncturist
baredmonkey.com,yong@baredmonkey.com,practice type not targeted: Laser hair removal service
vkbeautyspapalmbeachgardens.com,vanessa81n@yahoo.com,practice type not targeted: Spa
beaumondewestspa.com,betty@beaumondewestspa.com,practice type not targeted: Spa
mithanimd.com,waheeda@mithanimd.com,practice type not targeted: Surgeon
tzagournis.com,george@tzagournis.com,practice type not targeted: Dentist
dentistlamesa.com,edward@dentistlamesa.com,practice type not targeted: Dentist
elmhurstdentistil.com,gursimran@elmhurstdentistil.com,practice type not targeted: Dentist
cosmeticfootandankle.com,drzef@cosmeticfootandankle.com,practice type not targeted: Podiatrist
kaeophysicaltherapy.com,doc@kaeoconsulting.us,practice type not targeted: Physical therapy clinic
rvairongym.com,brandon@rvairongym.com,practice type not targeted: Fitness center
blueridgephysicaltherapy.com,kim@blueridgephysicaltherapy.com,practice type not targeted: Physical therapy clinic
myungmunacupuncture.com,hchoi@myungmunacupuncture.com,practice type not targeted: Acupuncture clinic
endeavorrehab.com,enrique@endeavorrehab.com,practice type not targeted: Physical therapy clinic
draverdental.com,hannah@draverdental.com,practice type not targeted: Dental clinic
shorewoodfamilydentistry.com,nicholas@shorewoodfamilydentistry.com,practice type not targeted: Dentist
cffdental.com,marklarsen@cffdental.com,practice type not targeted: Dentist
easedayspa.com,hannah@easedayspa.com,practice type not targeted: Day spa
englewoodlaser.com,drtonyhuang@englewoodlaser.com,practice type not targeted: Tattoo removal service
danvilledentalaesthetics.com,mehvish@danvilledentalaesthetics.com,practice type not targeted: Dentist
alluringage.com,luis@alluringage.com,business already emailed or queued
lumiereorlandodentistry.com,mehrshad@lumiereorlandodentistry.com,practice type not targeted: Dentist
benpinneydmd.com,ben@benpinneydmd.com,practice type not targeted: Dentist
allisonparkdentistry.com,mjaconski@heartland.com,practice type not targeted: Dentist
allisonparkdentistry.com,mjaconski@aol.com,practice type not targeted: Dentist
mountainwestsurgicalspecialists.com,jeremy@mountainwestsurgicalspecialists.com,practice type not targeted: Surgeon
parishfamilydental.com,dan@parishfamilydental.com,practice type not targeted: Dental clinic
fuquayfamilydentistry.com,bryden@fuquayfamilydentistry.com,practice type not targeted: Dentist
trspinalclinic.com,yunied@trspinalclinic.com,practice type not targeted: Physical therapy clinic
mpaestheticsandbeauty.com,mattison@mpaestheticsandbeauty.com,practice type not targeted: Facial spa
spalifebc.com,dawn@spalifebc.com,practice type not targeted: Day spa
thesugarlanddentist.com,dannie@thesugarlanddentist.com,practice type not targeted: Dentist
canyonlakesdentistry.com,tito@canyonlakesdentistry.com,practice type not targeted: Dental clinic
hecmwellness.com,esi.house@hecmwellness.com,practice type not targeted: Massage therapist
grandvilledental.com,larissa@grandvilledental.com,practice type not targeted: Dentist
geauxsmiles.com,hung@geauxsmiles.com,practice type not targeted: Dentist
chaskafamilydental.com,courtney@chaskafamilydental.com,practice type not targeted: Dentist
greenleafclinic.ca,byoungjin@greenleafclinic.ca,not US (list address)
serenitysmiledesigns.com,erik@serenitysmiledesigns.com,practice type not targeted: Dentist
elevationfitnessli.com,plombardi@elevationfitnessli.com,practice type not targeted: Fitness center
whitebearlakedental.com,joy.johnson@whitebearlakedental.com,practice type not targeted: Dentist
westriverdentalcare.com,westriverdental@yahoo.com,practice type not targeted: Dentist
elementskintherapy.com,kialy@elementskintherapy.com,practice type not targeted: Spa
ultrasmilemiami.com,neda@ultrasmilemiami.com,practice type not targeted: Dental clinic
mcallen-spa.com,ivonneleal@mcallen-spa.com,practice type not targeted: Permanent make-up clinic
provitapt.com,carlabulla@yahoo.com,practice type not targeted: Physical therapy clinic
dentiquedentalcare.com,joanna@dentiquedentalcare.com,practice type not targeted: Dentist
dentiquedentalcare.com,smilesbyelite@yahoo.com,practice type not targeted: Dentist
drdisera.com,lanettedds@aol.com,practice type not targeted: Dentist
dbsmiles.net,nrodriguez@dbsmiles.net,practice type not targeted: Dentist
maidental.com,maidental@yahoo.com,practice type not targeted: Dentist
aestheticsmiles.com,nisha@aestheticsmiles.com,practice type not targeted: Dentist
completefamilydentistryelkhart.com,drsheline@yahoo.com,practice type not targeted: Dentist
eastberlinsmiles.com,lcockleydds@eastberlinsmiles.com,practice type not targeted: Dentist
michaeltallen.com,mallendentistry419@yahoo.com,practice type not targeted: Dentist
normavazquezdds.com,norma@normavazquezdds.com,practice type not targeted: Dentist
jrmedical.co.uk,jafar@jrmedical.co.uk,not US (list address)
carabelladental.com,bella@carabelladental.com,practice type not targeted: Dentist
ridgepointedental.com,austin@ridgepointedental.com,practice type not targeted: Dentist
moorparkcenterfordentistry.com,drpotts@mcfdentistry.com,practice type not targeted: Dentist
laestetica.co,emilka@laestetica.co,practice type not targeted: Day spa
newlifejax.com,sharma@newlifejax.com,practice type not targeted: Surgeon
kfamilydentistrytx.com,janice@kfamilydentistrytx.com,practice type not targeted: Dentist
granitecitydentistry.com,officemanager@granitecitydentistry.com,practice type not targeted: Dentist
granitecitydentistry.com,kari@granitecitydentistry.com,practice type not targeted: Dentist
plymouthlaserclinic.co.uk,ben@plymouthlaserclinic.co.uk,not US (list address)
itsmydayspa.com,annie@itsmydayspa.com,practice type not targeted: Day spa
infusionmedusa.com,honeyfa.lakhani@infusionmedusa.com,business already emailed or queued
thefollicle.com,lory@thefollicle.com,not US (list address)
aesthetixskin.com,jaime@aesthetixskin.com,practice type not targeted: Surgeon
integratedowensboro.com,kalinshay@integratedowensboro.com,practice type not targeted: Rehabilitation center
extraordinarysmile.com,nicole@extraordinarysmile.com,practice type not targeted: Dentist
extraordinarysmile.com,drhakim@extraordinarysmile.com,practice type not targeted: Dentist
chicopeestdental.com,milli@chicopeestdental.com,practice type not targeted: Dentist
chicopeestdental.com,p.singh@chicopeestdental.com,practice type not targeted: Dentist
cornerstonedentalrexburg.com,smiles@drbodental.com,practice type not targeted: Dentist
thesixpence.com,anthony@thesixpence.com,practice type not targeted: Wedding venue
thesixpence.com,kristin@thesixpence.com,practice type not targeted: Wedding venue
thesixpence.com,brooks@thesixpence.com,practice type not targeted: Wedding venue
thesixpence.com,tony@thesixpence.com,practice type not targeted: Wedding venue
thesixpence.com,tamme@thesixpence.com,practice type not targeted: Wedding venue
thesixpence.com,chris@thesixpence.com,practice type not targeted: Wedding venue
thesixpence.com,shelby@thesixpence.com,practice type not targeted: Wedding venue
thesixpence.com,seth@thesixpence.com,practice type not targeted: Wedding venue
thesixpence.com,tana@thesixpence.com,practice type not targeted: Wedding venue
virginiacancerspecialists.com,jey.maran@usoncology.com,practice type not targeted: Surgeon
icgums.com,constantin@icgums.com,practice type not targeted: Dental implants periodontist
operadds.com,bryan@operadds.com,practice type not targeted: Dentist
operadds.com,nate@operadds.com,practice type not targeted: Dentist
drriemerdentalgroup.com,denise.riemer@drriemerdentalgroup.com,practice type not targeted: Dentist
borjapt.com,alex@borjapt.com,practice type not targeted: Physical therapy clinic
instaglowspa.com,laurenglowspa@yahoo.com,practice type not targeted: Facial spa
youglowwellnessandspa.com,david@youglowwellnessandspa.com,practice type not targeted: Massage therapist
emdentalcare.com,tonberry321@tamu.edu,practice type not targeted: Dentist
v2dentistry.com,v2keizer@mydentalmail.com,practice type not targeted: Dentist
cozydayspa.net,zhenji@cozydayspa.net,practice type not targeted: Day spa
keizerfamilydental.com,darcy@keizerfamilydental.com,practice type not targeted: Dentist
gonextlvlpt.com,nicolette@mynextlvl.com,practice type not targeted: Physical therapy clinic
gonextlvlpt.com,dr.mike@mynextlvl.com,practice type not targeted: Physical therapy clinic
energiwellness.com,dan@energiwellness.com,business already emailed or queued
michiganopss.com,rslawski@uspi.com,practice type not targeted: Surgical center
wellbeingtherapeuticspa.com,elizabeth@wellbeingtherapeuticspa.com,practice type not targeted: Massage spa
affleckdental.com,michael@affleckdental.com,practice type not targeted: Dentist
affleckdental.com,jaime@affleckdental.com,practice type not targeted: Dentist
alaestheticimplant.com,humam@alaestheticimplant.com,practice type not targeted: Dentist
cucumberandmint.com,crystal@cucumberandmint.com,practice type not targeted: Spa
luxeamore.com,megan@luxeamore.com,not US (list address)
delawarebreastcare.com,rquarterman@delawarebreastcare.com,practice type not targeted: Surgeon
lajoyadulce.com,kathie@lajoyadulce.com,practice type not targeted: Wedding venue
treasurecoastlaser.com,rebecca@treasurecoastlaser.com,practice type not targeted: Laser hair removal service
mlpt.com,rick.lybbert@mlpt.com,practice type not targeted: Physical therapist
mlpt.com,doug.gardiner@mlpt.com,practice type not targeted: Physical therapist
elssaduli.com,elssa_d@yahoo.com,practice type not targeted: Permanent make-up clinic
poincianamoderndentists.com,patricia@poincianamoderndentists.com,practice type not targeted: Dentist
columbinecreekdentistry.com,alexandra@columbinecreekdentistry.com,practice type not targeted: Dentist
ageless-spacenter.com,val@ageless-spacenter.com,practice type not targeted: Spa
desmoinesemergencydentist.com,alex@desmoinesemergencydentist.com,practice type not targeted: Dentist
lakeareadentalpa.com,jordan@lakeareadentalpa.com,practice type not targeted: Dentist
doctors.lourdesrmc.com,christi.pierce@lourdesrmc.com,practice type not targeted: Surgeon
doctors.lourdesrmc.com,stephanie.manson@lourdesrmc.com,practice type not targeted: Surgeon
contemporarysmiles.net,melodie@contemporarysmiles.com,practice type not targeted: Dentist
contemporarysmiles.net,terry@contemporarysmiles.com,practice type not targeted: Dentist
yorkplasticsurgerycentre.com,william@yorkplasticsurgerycentre.com,not US (list address)
howedentalteam.com,chad@howedentalteam.com,practice type not targeted: Dentist
lovingmyskin.com,lorena@lovingmyskin.com,practice type not targeted: Facial spa
lowervalleydental.com,drrodriguez@lowervalleydental.com,practice type not targeted: Dentist
lowervalleydental.com,vivianaalvear@lowervalleydental.com,practice type not targeted: Dentist
capstone-dental.com,nalini@capstone-dental.com,practice type not targeted: Dentist
cocoglowairbrush.com,natalie@cocoglowairbrush.com,practice type not targeted: Tanning salon
sinclairsmiles.com,marisela@sinclairsmiles.com,practice type not targeted: Dentist
nithplacedental.co.uk,philip.bown@nithplacedental.co.uk,not US (list address)
reshapeu.co.uk,facesbysean@yahoo.com,not US (list address)
touchvelvetskin.com,roxanne@touchvelvetskin.com,practice type not targeted: Facial spa
vacavillecaspa.com,mary@vacavillecaspa.com,practice type not targeted: Massage therapist
turnerwooddental.com,michele@turnerwooddental.com,practice type not targeted: Dentist
turnerwooddental.com,kristen@turnerwooddental.com,practice type not targeted: Dentist
flossypediatricdentistry.com,josh@flossypediatricdentistry.com,practice type not targeted: Dentist
vibrantsmilesga.com,chea@vibrantsmilesga.com,practice type not targeted: Dentist
tonganoxiedental.com,hgrantjr@aol.com,practice type not targeted: Dentist
drmillsdds.com,drjeremymillsdds@yahoo.com,practice type not targeted: Dentist
dentalcareofglenellyn.com,brian.shin@dentalcareofglenellyn.com,practice type not targeted: Dentist
herskickboxing.com,sharon@herskickboxing.com,not US (list address)
alsipdentist.com,reber@dentalassociatesalsip.com,practice type not targeted: Dental clinic
magnolia.dental,drmacy@magnolia.dental,practice type not targeted: Dentist
beardstownfamilydental.com,beardstownfd@mydentalmail.com,practice type not targeted: Dentist
orcutthillsdental.com,omar@orcutthillsdental.com,practice type not targeted: Dentist
europeanluxurydayspa.com,darko@europeanluxurydayspa.com,practice type not targeted: Day spa
mysalonsuite.com,susan@mysalonsuite.com,practice type not targeted: Beauty salon
hilanderdental.com,rkjose@hilanderdental.com,practice type not targeted: Dentist
moellersdentistry.com,contact@moellersdentistry.com,practice type not targeted: Dentist
marhealthandperformance.com,mike@marhealthandperformance.com,practice type not targeted: Fitness center
marhealthandperformance.com,alex@marhealthandperformance.com,practice type not targeted: Fitness center
jarrelldentistry.com,melissa@jarrelldentistry.com,practice type not targeted: Dentist
foyms.com,kellygrl9@aol.com,practice type not targeted: Spa
celebratevitamins.com,liesl@celebratevitamins.com,practice type not targeted: Vitamin & supplements store
celebratevitamins.com,vic@celebratevitamins.com,practice type not targeted: Vitamin & supplements store
therapytrailsga.com,epeavy@therapytrailsga.com,practice type not targeted: Physical therapy clinic
thenolaspa.com,myra@thenolaspa.com,practice type not targeted: Spa
rejuvena.co.uk,drnosina@yahoo.co.uk,not US (list address)
rejuvena.co.uk,svetlana@rejuvena.co.uk,not US (list address)
avsierradental.com,jason@avsierradental.com,practice type not targeted: Dentist
borohealthwellnessspa.com,melissa@borohealthwellnessspa.com,practice type not targeted: Spa
canyonlakesdental.com,shilpi.chovatia@canyonlakesdental.com,practice type not targeted: Dentist
beltonfamilydental.com,jay@beltonfamilydental.com,practice type not targeted: Dental clinic
premiersurgicalnj.com,jarrod@premiersurgicalnj.com,practice type not targeted: Surgeon
yuriveber.com,pocketdepth@yahoo.com,practice type not targeted: Dental implants periodontist
chapkoandshah.com,james@chapkoandshah.com,practice type not targeted: Dentist
ardendentalcenter.com,wen@ardendentalcenter.com,practice type not targeted: Dental implants periodontist
mysomamassage.com,amber@mysomamassage.com,practice type not targeted: Massage therapist
dermamodespacin.com,steven@dermamodespacin.com,practice type not targeted: Spa
dir.ca.gov,mraute@dir.ca.gov,practice type not targeted: Surgeon
dir.ca.gov,josborn@dir.ca.gov,practice type not targeted: Surgeon
mabletonfamilydentistry.com,mit@mabletonfamilydentistry.com,practice type not targeted: Dentist
odessageneralsurgery.com,judith@odessageneralsurgery.com,practice type not targeted: Surgical center
gunbarreldental.com,drsavory@gunbarreldental.com,practice type not targeted: Dentist
smilebydesignandimplants.com,aimee@smilebdi.com,practice type not targeted: Dentist
greatbasinofs.com,jamie@greatbasinofs.com,practice type not targeted: Surgical center
fioriskinspa.com,spafiori@att.net,practice type not targeted: Spa
intracaresurgery.com,kathleen@intracaresurgery.com,practice type not targeted: Surgical center
intracaresurgery.com,yousef@intracaresurgery.com,practice type not targeted: Surgical center
greyoakdental.com,george@greyoakdental.com,practice type not targeted: Dentist
scottcunninghamdds.com,scott@scottcunninghamdds.com,practice type not targeted: Dentist
dentalimplantcenterofoklahoma.com,chris@chriswarddds.com,practice type not targeted: Dental implants provider
centraldentalassociates.com,vanessa@centraldentalassociates.com,practice type not targeted: Dentist
allamericanwaste.com,poberg@aawllc.com,practice type not targeted: Waste management service
medicalcitysurgeryfrisco.com,christina.mathis@hcahealthcare.com,practice type not targeted: Surgical center
chungasgenesis.com,chunga@chungasgenesis.com,practice type not targeted: Spa
fivewellbeing.com,betsy@fivewellbeing.com,practice type not targeted: Day spa
fivewellbeing.com,venus@fivewellbeing.com,practice type not targeted: Day spa
burkecosmeticdentist.com,burkedentist@yahoo.com,practice type not targeted: Dentist
hrlaserdentistry.com,dr.shanthi@hrlaserdentistry.com,practice type not targeted: Dentist
kseniasstudio.com,ksenia@kseniasstudio.com,practice type not targeted: Waxing hair removal service
norththorntondental.com,patrick@norththorntondental.com,practice type not targeted: Dentist
schmetterermd.com,lschmetterer@schmetterermd.com,practice type not targeted: Vascular surgeon
lombardofamilydentistry.com,robert@lombardofamilydentistry.com,practice type not targeted: Dentist
chelseagreendental.com,anna@chelseagreendental.com,not US (list address)
spafaces.com,spafaces@spafaces.com,practice type not targeted: Nail salon
sumilash.com,bo@sumilash.com,practice type not targeted: Spa
camelliadentistry.com,ethan@camelliadentistry.com,practice type not targeted: Dentist
terranovawspa.com,tnovaspa@yahoo.com,practice type not targeted: Spa
rufesnowdental.com,yuri@rufesnowdental.com,practice type not targeted: Dentist
epicbodyworks.com,april@epicbodyworks.com,practice type not targeted: Massage therapist
epicbodyworks.com,jess@epicbodyworks.com,practice type not targeted: Massage therapist
kumefloat.com,brian@kumefloat.com,practice type not targeted: Spa
roseandthorndayspa.com,tracy@roseandthorndayspa.com,practice type not targeted: Day spa
canyonridgesc.com,grant@canyonridgesc.com,practice type not targeted: Surgical center
bradenton-spacenter.com,val@bradenton-spacenter.com,practice type not targeted: Spa
kingsvilledentalcentre.ca,sam@kingsvilledentalcentre.ca,not US (list address)
anchorphysicaltherapy.net,rbraden@anchorpt.com,practice type not targeted: Physical therapy clinic
anchorphysicaltherapy.net,mbraden@anchorpt.com,practice type not targeted: Physical therapy clinic
sangohillsdental.com,burke@sangohillsdental.com,practice type not targeted: Dentist
omspachicago.com,omspachicago@yahoo.com,practice type not targeted: Permanent make-up clinic
epimplant.com,vahid@epimplant.com,practice type not targeted: Dental implants periodontist
sacramentoholisticdentist.com,yana@sacramentoholisticdentist.com,practice type not targeted: Dentist
roothealingwellness.com,eileen@roothealingwellness.com,practice type not targeted: Acupuncturist
bolingbrookfamilydental.com,priti@bolingbrookfamilydental.com,practice type not targeted: Dentist
rejuvenateyouohio.com,drpaula@rejuvenateyouohio.com,already emailed or queued
rockrundentalonline.com,scott@rockrundentalonline.com,practice type not targeted: Dentist
joelfosterdpm.com,joel@joelfosterdpm.com,practice type not targeted: Podiatrist
nashuariverfrontdentistry.com,franklyn@nashuariverfrontdentistry.com,practice type not targeted: Dentist
connecticuteyesurgerycenter.com,lforgey@connecticuteyesurgerycenter.com,practice type not targeted: Surgical center
drjmichaelwilliams.com,doc@drjmichaelwilliams.net,practice type not targeted: Dentist
drjmichaelwilliams.com,kaylan@drjmichaelwilliams.net,practice type not targeted: Dentist
dentalcareofnixa.com,joseph@dentalcareofnixa.com,practice type not targeted: Dentist
georgiavisioninstitute.com,denise.martin@georgiavisioninstitute.com,practice type not targeted: Ophthalmology clinic
georgiavisioninstitute.com,lauren.yancey@georgiavisioninstitute.com,practice type not targeted: Ophthalmology clinic
indianvalleydental.com,drgrossman@indianvalleydental.com,practice type not targeted: Dentist
indianvalleydental.com,kim@indianvalleydental.com,practice type not targeted: Dentist
drjessemyers.com,jesse@dralanwhite.com,practice type not targeted: Dentist
kvhealthcare.org,jadler@kvhealthcare.org,practice type not targeted: Surgical center
chakratherapy.co.uk,martine@chakratherapy.co.uk,not US (list address)
driftwoodfloatationspa.co.uk,sarah@driftwoodfloatationspa.co.uk,not US (list address)
ivanhoedental.com,myteeth@ivanhoedental.com,practice type not targeted: Dentist
carrborofamilydentistry.com,adam@carrborofamilydentistry.com,practice type not targeted: Dentist
novasurgicalarts.com,jarzadon@novasurgicalarts.com,practice type not targeted: Dental implants provider
novasurgicalarts.com,barbara.dalessio@novasurgicalarts.com,practice type not targeted: Dental implants provider
sallisawdentist.com,armydrhenshaw@yahoo.com,practice type not targeted: Dentist
bermuzkispa.com,dayanne@bermuzkispa.com,practice type not targeted: Spa
excellase.com,noushi@excellase.com,practice type not targeted: Tattoo removal service
peepingmomsultrasoundboutique.com,stormy@peepingmomsultrasoundboutique.com,practice type not targeted: Pregnancy care center
evolvefamilydentistry.com,juned@evolvefamilydentistry.com,practice type not targeted: Dentist
dentistsofnorthlasvegas.com,ali@dentistsofnorthlasvegas.com,practice type not targeted: Dentist
irwindentalcenter.com,todd@irwindentalcenter.com,practice type not targeted: Dentist
irwindentalcenter.com,lindsay@irwindentalcenter.com,practice type not targeted: Dentist
islandfamilydentistry.com,ychambi@islandfamilydentistry.com,practice type not targeted: Dentist
winchesterlasercosmetic.com,nmakadia@copcp.com,practice type not targeted: Spa
thornefamilydentistry.com,matt@thornefamilydentistry.com,practice type not targeted: Dentist
midcoastfamilydentistry.com,kristen@midcoastfamilydentistry.com,practice type not targeted: Dentist
focus4massage.com,scott@focus4massage.com,practice type not targeted: Massage therapist
naturalskinspaa.com,lia@naturalskinspaa.com,practice type not targeted: Spa
pearldentalla.com,alex@pearldentalla.com,practice type not targeted: Dentist
synchronicity.amtamembers.com,nevada@aggrandized.com,practice type not targeted: Massage therapist
synchronicity.amtamembers.com,chris@aggrandized.com,practice type not targeted: Massage therapist
achieveorthosports.com,gpongetti@achieveortho.com,practice type not targeted: Physical therapy clinic
watsonfamilydentistry.com,hope@watsonfamilydentistry.com,practice type not targeted: Dentist
lepetitspacharlotte.com,priti@lepetitspacharlotte.com,practice type not targeted: Day spa
delawaredentaltx.com,officemanager@delawaredental.org,practice type not targeted: Dentist
tigerlilycoll.com,zoe@tigerlilycoll.com,practice type not targeted: Permanent make-up clinic
vanburenfamilydentistry.com,vanburenfd@mydentalmail.com,practice type not targeted: Dentist
thebluelotusspa.com,christine@thebluelotusspa.com,practice type not targeted: Spa
allaboutsmiles.us,frances@allaboutsmiles.us,practice type not targeted: Dentist
fallbrookdentalcare.com,rmells@fallbrookdentalcare.com,practice type not targeted: Dentist
dentalpartnersmilledgeville.com,mdlefkove@aol.com,practice type not targeted: Dentist
covinakidsdentist.com,robert@covinakidsdentist.com,practice type not targeted: Dentist
schoepflindds.com,ronald@schoepflindds.com,practice type not targeted: Dentist
gotowellnesscenter.com,mair_injectables@yahoo.com,practice type not targeted: Registered general nurse
desertridgedental.com,jacob@desertridgedental.com,practice type not targeted: Dentist
timetorisefitness.com,allen@timetorisefitness.com,practice type not targeted: Fitness center
glfamilydentistry.com,rediskedds@glfamilydentistry.com,practice type not targeted: Dentist
aestheticaorganicspa.com,marissa@aestheticaorganicspa.com,practice type not targeted: Day spa
drbray.ca,judy@drbrayplasticsurgery.com,not US (list address)
drbray.ca,peter.bray@uhn.ca,not US (list address)
robinsontownshipsmiles.com,drrupertrj13@yahoo.com,practice type not targeted: Dentist
belvadental.com,cynthia@belvadental.com,practice type not targeted: Dental clinic
belvadental.com,nahidsb@yahoo.com,practice type not targeted: Dental clinic
dentskyy.com,drmax@dentskyy.com,practice type not targeted: Dental clinic
wewellstudios.com,david@wewellstudios.com,not US (list address)
venturasurfsidedental.com,mattwallace87@yahoo.com,practice type not targeted: Dentist
absolutewellnessspa.com,linda@absolutewellnessspa.com,practice type not targeted: Spa
idealoption.com,rosesymotiuk@idealoption.net,practice type not targeted: Addiction treatment center
idealoption.com,hannahphenneger@idealoption.net,practice type not targeted: Addiction treatment center
skinique-spa.com,val@skinique-spa.com,practice type not targeted: Spa
mccartyfamilydental.com,scott@mccartyfamilydental.com,practice type not targeted: Dentist
annetill.com,anne@annetill.com,practice type not targeted: Dietitian
joehwangdds.com,denise@joehwangdds.com,practice type not targeted: Dentist
reviveptandpilates.com,dawn@pilateswithdawn.com,practice type not targeted: Physical therapist
hausofwell.com,lindsey@hausofwell.com,business already emailed or queued
fitnessfocus.me,shannon@fitnessfocus.me,practice type not targeted: Physical therapy clinic
orissaspa.com,natalia@orissaspa.com,practice type not targeted: Facial spa
ldh.la.gov,pete.croughan@la.gov,practice type not targeted: Surgical center
ascent.surgery,brivera@ascent.surgery,practice type not targeted: Surgical center
cambridgeaesthetics.com,dante@cambridgeaesthetics.com,not US (list address)
beautique.me,salonbeautiquestl@yahoo.com,not US (list address)
longislandimplantdentistry.com,nick@longislandimplantdentistry.com,practice type not targeted: Dentist
elainekimber.co.uk,elaine@elainekimber.co.uk,not US (list address)
theskinchic.com,kristen@theskinchic.com,practice type not targeted: Facial spa
rcphealth.ca,tamarah@rcphealth.ca,not US (list address)
clearchoicelaser.com,mnelson@clearchoicelaser.com,practice type not targeted: Surgical center
primaveradentalgroup.com,moetaz@primaveradentalgroup.com,practice type not targeted: Dentist
lillyarvind.com,lilly@lillyarvind.com,practice type not targeted: Beauty salon
aromadental.com,abbas@aromadental.com,practice type not targeted: Dentist
thymedayspa.com,mikeg@thymedayspa.com,practice type not targeted: Day spa
thymedayspa.com,brittany@thymedayspa.com,practice type not targeted: Day spa
deerfield-dentist.com,mark.jacob@deerfield-dentist.com,practice type not targeted: Dentist
greatriversdental.com,mjm@mcculloughdmd.com,practice type not targeted: Dentist
ellensburgdentist.com,joshua@ellensburgdentist.com,practice type not targeted: Dentist
drrobwilsondds.com,wilsor@sbcglobal.net,practice type not targeted: Dentist
blueriversmileinnovations.com,matthew@blueriversmileinnovations.com,practice type not targeted: Dentist
whitevelvet.us,anna@whitevelvet.us,practice type not targeted: Facial spa
essencentouch.com,ross@essencentouch.com,practice type not targeted: Massage therapist
anokamassage.com,kathy@anokamassage.com,practice type not targeted: Massage therapist
crosdental.com,raymond@crosdental.com,practice type not targeted: Dentist
autumnheightsdental.com,esha@autumnheightsdental.com,practice type not targeted: Dentist
intouchmobilespa.com,eboni@intouchmobilespa.com,practice type not targeted: Massage spa
acubeautytherapy.com,dr_lphan@yahoo.com,practice type not targeted: Acupuncture clinic
ultimatesmiledesign.net,lori@ultimatesmiledesign.net,practice type not targeted: Dentist
tiralosidental.com,drt@tiralosidental.com,practice type not targeted: Dentist
manningfamilydentistry.com,stephanie.manning@manningfamilydentistry.com,practice type not targeted: Dentist
blacklickcreekdental.com,ankit@blacklickcreekdental.com,practice type not targeted: Dentist
dentistspanishfork.com,paul@dentistspanishfork.com,practice type not targeted: Dentist
compleatrehab.com,adi.khandaria@compleatrehab.com,practice type not targeted: Physical therapy clinic
fldentalimplant.com,drzaman@fldentalimplant.com,practice type not targeted: Dentist
odysseydentalofsummerfield.com,hello@odysseydentalnc.com,practice type not targeted: Dentist
grandwellness.net,alex@grandwellness.net,practice type not targeted: Acupuncturist
grandwellness.net,vikki@grandwellness.net,practice type not targeted: Acupuncturist
remconprimedental.com,changhun@remconprimedental.com,practice type not targeted: Dentist
crownsurgery.com,fdada@crownsurgery.com,practice type not targeted: Surgeon
paramountdentalcaremd.com,chinatu@paramountdentalcaremd.com,practice type not targeted: Dentist
mercersydelldental.com,april@mercersydelldental.com,practice type not targeted: Dentist
villaridds.com,courtney@villaridds.com,practice type not targeted: Dentist
noorlasermedspa.com,luma@noorlasermedspa.com,practice type not targeted: Laser hair removal service
doctors.ololrmc.com,jeff.limbocker@ololrmc.com,practice type not targeted: Surgeon
doctors.ololrmc.com,chuck.spicer@ololrmc.com,practice type not targeted: Surgeon
markblumdds.com,mark@markblumdds.com,practice type not targeted: Dentist
atascocitadentistry.com,amin@atascocitadentistry.com,practice type not targeted: Dentist
sapphirefamilydental.com,amy@sapphirefamilydental.com,practice type not targeted: Dentist
lamesadental.com,rob@lamesadental.com,practice type not targeted: Dentist
truidentityspa.com,jamyra@truidentityspa.com,practice type not targeted: Facial spa
visionplusvero.com,michelle@visionplusvero.com,practice type not targeted: Eye care center
visionplusvero.com,kris@visionplusvero.com,practice type not targeted: Eye care center
newvibebodyandwellness.com,creekshannon@yahoo.com,practice type not targeted: Beauty salon
glousedentistry.com,glouse@att.net,practice type not targeted: Dentist
renewellnessdentistry.com,ivonne@renewellnessdentistry.com,practice type not targeted: Dentist
metrophysicaltherapy.com,mmayrsohn@metropt.com,practice type not targeted: Physical therapy clinic
metrophysicaltherapy.com,sglasser@metropt.com,practice type not targeted: Physical therapy clinic
drderme.com,thuva@drderme.com,not US (list address)
ffddentistry.com,info@ffddentistry.com,practice type not targeted: Dental clinic
palossmiles.com,info@palossmiles.com,practice type not targeted: Dentist
koplondmd.com,randi@koplondmd.com,practice type not targeted: Dentist
kannapolisfamilydentistry.com,matt@kannapolisfamilydentistry.com,practice type not targeted: Dentist
kannapolisfamilydentistry.com,manager@kannapolisfamilydentistry.com,practice type not targeted: Dentist
tedpinneydds.com,ted@tedpinneydds.com,practice type not targeted: Dentist
modernessencedentistry.com,brainard@modernessencedentistry.com,practice type not targeted: Dentist
rockymountaincancercenters.com,ella.friedman@usoncology.com,practice type not targeted: Surgeon
rockymountaincancercenters.com,glenn.balasky@rockymountaincancercenters.com,practice type not targeted: Surgeon
securedenturesandimplants.com,ty.barnes@securedenturesandimplants.com,practice type not targeted: Dental clinic
edenprairiedentist.com,kirk@edenprairiedentist.com,practice type not targeted: Dentist
parlaser.com,parvin@parlaser.com,practice type not targeted: Laser hair removal service
vivemassage.com,geri.balazs@vivemassage.com,practice type not targeted: Massage therapist
ladifferencesalon.com,marylou@ladifferencesalon.com,practice type not targeted: Beauty salon
brianjdillondds.com,brian@brianjdillondds.com,practice type not targeted: Dentist
rivervalleysmiles.com,cliggett@rivervalleysmiles.com,practice type not targeted: Dentist
summit-smile.com,amit@summit-smile.com,practice type not targeted: Dentist
wellhausco.com,christina@wellhausco.com,practice type not targeted: Day spa
helloneighbordental.com,anne@helloneighbordental.com,practice type not targeted: Dentist
sparkleandshinebeautyri.com,laniagudelo@yahoo.com,practice type not targeted: Teeth whitening service
carasoin.com,lena@carasoin.com,practice type not targeted: Day spa
carasoin.com,marisol@carasoin.com,practice type not targeted: Day spa
lexingtondentalofowasso.com,jacob@lexingtondentalofowasso.com,practice type not targeted: Dentist
medfitcare.com,olga@medfitcare.com,practice type not targeted: Urgent care center
iowaiv.com,kari@iowaiv.com,business already emailed or queued
silverpalm.com,kayla@silverpalm.com,practice type not targeted: Beauty salon
manassasdentalsmiles.com,malik@manassasdentalsmiles.com,practice type not targeted: Dentist
redmondfamilysmiles.com,navid@redmondfamilysmiles.com,practice type not targeted: Dentist
loveyoursmileca.com,vi@loveyoursmileca.com,practice type not targeted: Dentist
redhotbeautylounge.com,redhotbeauty@yahoo.com,practice type not targeted: Day spa
clinicaurgentcare.com,steve@clinicaurgentcare.com,practice type not targeted: Urgent care center
meetinghousedental.com,drltrovato@verizon.net,practice type not targeted: Dentist
skinrxandbodywellness.com,christine@skinrxandbodywellness.com,practice type not targeted: Spa
jltmymd.com,drt@jltmymd.com,practice type not targeted: Surgeon
millersavantdental.com,julie@millersavantdental.com,practice type not targeted: Dentist
blfamilydental.com,drdoug@blfamilydental.com,practice type not targeted: Dentist
zuzannaspa.com,tom3@aol.com,practice type not targeted: Day spa
ivaesthetics.com,inna@ivaesthetics.com,practice type not targeted: Permanent make-up clinic
seoulfulglam.com,susie@seoulfulglam.com,practice type not targeted: Facial spa
laladental.com,neda@laladental.com,practice type not targeted: Dentist
ourskinspace.com,alla@ourskinspace.com,practice type not targeted: Day spa
williamtownley.co.uk,william@williamtownley.co.uk,not US (list address)
enhanceabtaunton.co.uk,chelsea@enhanceabtaunton.co.uk,not US (list address)
puresthetics.com,elle@puresthetics.com,practice type not targeted: Facial spa
foxmuscleandjoint.com,robert@foxmuscleandjoint.com,practice type not targeted: Massage therapist
sjdentaltwinsburg.com,jing@sjdentaltwinsburg.com,practice type not targeted: Dentist
healthbound.ca,ellina@healthbound.ca,not US (list address)
refreshwellnessstudio.com,leah@refreshwellnessstudio.com,not US (list address)
animalfixclinic.org,president@animalfixclinic.org,practice type not targeted: Veterinary care
serene-dentalspa.com,danna@serene-dentalspa.com,practice type not targeted: Dentist
smilegreat.com,lee@smilegreat.com,practice type not targeted: Dentist
smilegreat.com,drporter@smilegreat.com,practice type not targeted: Dentist
smilegreat.com,melisa@smilegreat.com,practice type not targeted: Dentist
eyelidsphoenix.com,zachary@eyelidsphoenix.com,practice type not targeted: Eye care center
eyelidsphoenix.com,lisamihora@yahoo.com,practice type not targeted: Eye care center
beautiful-awakenings.com,jamila@beautiful-awakenings.com,practice type not targeted: Day spa
balancedhealthlb.com,matthew@balancedhealthlb.com,business already emailed or queued
hannibaldentist.com,mike@hannibaldentist.com,practice type not targeted: Dentist
myfavoritedentist.com,barry@myfavoritedentist.com,practice type not targeted: Dentist
wyeastdental.com,b@wyeastdental.com,practice type not targeted: Dentist
batabeautyco.com,markanne@batabeautyco.com,practice type not targeted: Beauty salon
ohiosurgerycenter.com,btolbert@ohiosurgerycenter.com,practice type not targeted: Surgical center
ohiosurgerycenter.com,swalton@ohiosurgerycenter.com,practice type not targeted: Surgical center
kunadental.info,daniel@kunadental.info,practice type not targeted: Dentist
smiledentalcenterinc.com,gina@smiledentalcenterinc.com,practice type not targeted: Dentist
northernrockiessurgery.com,debbie.howe@scasurgery.com,practice type not targeted: Surgical center
richmondlandingfamilydentistry.com,pablo@richmondlandingfamilydentistry.com,practice type not targeted: Dentist
newtowndental.com,lacy@newtowndental.com,practice type not targeted: Dentist
bayonnesmilecenter.com,peter@bayonnesmilecenter.com,practice type not targeted: Dentist
refreshingspringsdayspa.com,owner@refreshingspringsdayspa.com,practice type not targeted: Day spa
delicatedentalgroup.com,monicaponce@cox.net,practice type not targeted: Dentist
carolinadentalpartners.com,courtney.taylor@carolinadentalpartners.com,practice type not targeted: Dentist
mysenecadentist.com,info@mysenecadentist.com,practice type not targeted: Dentist
dentalartsllc.com,robert@dentalartsllc.com,practice type not targeted: Dental clinic
liveoakhealthy.com,lauren@liveoakhealthy.com,practice type not targeted: Massage therapist
envisionlakemary.com,jserafin@envisionlakemary.com,practice type not targeted: Physical therapist
elpasofamilydentalcare.com,alessandro@elpasofamilydentalcare.com,practice type not targeted: Dentist
patelfamilydentist.com,pfd9663@yahoo.com,practice type not targeted: Dentist
silvercreekdental.com,rhargraver@aol.com,practice type not targeted: Dentist
knoxvilleelectrolysis.com,valerie@knoxvilleelectrolysis.com,practice type not targeted: Electrolysis hair removal service
drscottloeser.com,scott@drscottloeser.com,practice type not targeted: Dentist
novalinedental.com,adenike@novalinedental.com,practice type not targeted: Dental clinic
yoursmilegroup.com,victork@yoursmilegroup.com,practice type not targeted: Dentist
mallardcreeksurgery.com,brandi.miller@orthocarolina.com,practice type not targeted: Surgical center
carlsonfamilydentistry.com,grant@carlsonfamilydentistry.com,practice type not targeted: Dentist
westerbergdds.com,lwesterberg@yahoo.com,practice type not targeted: Dentist
royaldentalva.com,michael@royaldentalva.com,practice type not targeted: Dental clinic
tallgrassspa.com,sharpgail@aol.com,practice type not targeted: Day spa
davidjohnsonoxfordplasticsurgeon.co.uk,davidjohnson@doctors.org.uk,not US (list address)
bsweet.shop,brooke@bsweet.shop,practice type not targeted: Laser hair removal service
malverntravelclinic.co.uk,info@raylane.co.uk,not US (list address)
greydoortherapy.co.uk,kayti@greydoortherapy.co.uk,not US (list address)
ritual-esthetics.com,macee@ritual-esthetics.com,practice type not targeted: Facial spa
bmespa.org,victoria@bmespa.org,practice type not targeted: Day spa
procare-nail-spa.com,syvannysok@yahoo.com,practice type not targeted: Nail salon
la-belspa.com,whitney@la-belspa.com,practice type not targeted: Facial spa
indigodds.com,kera@indigodds.com,practice type not targeted: Dentist
strivehealth.expert,nutrition@carrietemple.com,not US (list address)
zingbrow.com,scogginspatricia@yahoo.com,practice type not targeted: Permanent make-up clinic
babyvision.co.uk,ruth@babyvision.co.uk,not US (list address)
kennedy.ox.ac.uk,fiona.powrie@kennedy.ox.ac.uk,not US (list address)
kennedy.ox.ac.uk,jonathan.truslow@kennedy.ox.ac.uk,not US (list address)
dentalinnovationshawaii.com,keithmkdds@yahoo.com,practice type not targeted: Dentist
oahulasik.com,jeannie@oahulasik.com,practice type not targeted: Ophthalmology clinic
re-enhance.com,martin@re-enhance.com,not US (list address)
seascrubsauna.co.uk,robin@seascrubsauna.co.uk,not US (list address)
manasmedspa.ca,mana@manasmedspa.ca,not US (list address)
premiersurgeryseattle.com,drlisa@premiersurgeryseattle.com,already emailed or queued
deannathomastherapies.com,help@deannathomastherapies.com,not US (list address)
chrisabela.co.uk,chris@chrisabela.co.uk,not US (list address)
chrisabela.co.uk,natalie@chrisabela.co.uk,not US (list address)
essex-hypnosis.co.uk,nova@essex-hypnosis.co.uk,not US (list address)
tauntonhealth.co.uk,james@tauntonhealth.co.uk,not US (list address)
jasonthompsondds.com,jason@jasonthompsondds.com,practice type not targeted: Dentist
limitlesstrainingclub.com,dwayne@limitlesstrainingclub.com,not US (list address)
aestheticplasticsurgeons.org,sian@aestheticplasticsurgeons.org,not US (list address)
cosmeticsurgeon.org.uk,shanks@cosmeticsurgeon.org.uk,not US (list address)
incentivespasalon.com,fit@fitnessincentive.com,practice type not targeted: Spa
incentivespasalon.com,hmanzohr@gmail.com,practice type not targeted: Spa
veincenter.doctor,cliftonveincenterdoctor@gmail.com,practice type not targeted: Vascular surgeon
grand1847.com,michael.herzog@grand1847.com,practice type not targeted: (blank)
grand1847.com,kevin.hellmich@grand1847.com,practice type not targeted: (blank)
chilternmedical.co.uk,niall@chilternmedical.co.uk,not US (list address)
londonrhinoplastycourse.co.uk,nickeynonlewis@hotmail.com,not US (list address)
tammyfender.com,tammy@tammyfender.com,practice type not targeted: Spa
rejuvenationsspaservices.com,rejuvenationsrachel@gmail.com,practice type not targeted: Day spa
blancapeakdental.com,blancapeakdentalcenter@gmail.com,practice type not targeted: Dentist
hartfordhealthcarerehabnetwork.org,christopher.carlin@hhchealth.org,practice type not targeted: Physical therapist
johnfornettidentalcenter.com,marketing@drjohnfornetti.com,practice type not targeted: Dental clinic
casbahspa.com,nicole@casbahspa.com,practice type not targeted: Day spa
centralillinoisurgentcare.com,khitchings@centralillinoisurgentcare.com,practice type not targeted: Urgent care center
gentledentalgi.com,katie@gentledentalgi.com,practice type not targeted: Dentist
cosmetic-aesthetics.com,info@cosmetic-aesthetics.com,practice type not targeted: Permanent make-up clinic
chrysalisnaturalmedicine.com,alant3@gmail.com,practice type not targeted: Acupuncture clinic
phoenixrizen.com,phoenixrizenspa@gmail.com,practice type not targeted: Day spa
estateofhealth.ca,jordan@estateofhealth.ca,not US (list address)
toothdocs.net,drsmith@toothdocs.net,practice type not targeted: Dental clinic
toothdocs.net,drlenz@toothdocs.net,practice type not targeted: Dental clinic
mindbodynsynctherapy.com,ebony@mindbodynsynctherapy.com,practice type not targeted: Massage therapist
miragestheticspa.com,priya@miragestheticspa.com,not US (list address)
kurtweberdds.com,docdockw@gmail.com,practice type not targeted: Dentist
recoveryinstituteofohio.com,nmonico@recoveryinstituteofohio.com,practice type not targeted: Addiction treatment center
recoveryinstituteofohio.com,nkehlmeier@recoveryinstituteofohio.com,practice type not targeted: Addiction treatment center
americandentalsolutions.net,kweaver@americandentalsolutions.net,practice type not targeted: Dentist
americandentalsolutions.net,aarshad@americandentalsolutions.net,practice type not targeted: Dentist
critcaremd.com,gbehrhorst@critcaremd.com,practice type not targeted: Pulmonologist
critcaremd.com,pdennen@critcaremd.com,practice type not targeted: Pulmonologist
drkipervas.net,laserncosmeticcenter@gmail.com,practice type not targeted: Permanent make-up clinic
tresbellespa.com,allison@tresbellespa.com,practice type not targeted: Day spa
mylasikpro.com,drbrian@mylasikpro.com,practice type not targeted: Lasik surgeon
hardental.com,sarah.a@hardental.com,practice type not targeted: Dentist
hardental.com,sadie.r@hardental.com,practice type not targeted: Dentist
evergreenmassageclinic.com,leah@evergreenmassageclinic.com,practice type not targeted: Massage therapist
valleydentalhealth.com,dr.roham@valleydentalhealth.com,practice type not targeted: Dentist
diversifiedhealth.ca,drbryan@diversifiedhealth.ca,not US (list address)
chestercountynutrition.com,june@cc-nutrition.com,practice type not targeted: Dietitian
lush.com,mark@lush.com,practice type not targeted: Cosmetics store
britechoicedental.com,griselda@britechoicedental.com,practice type not targeted: Dentist
singletonsmiles.com,singletondds@gmail.com,practice type not targeted: Dentist
richardfcreaghedds.com,marindentist@gmail.com,practice type not targeted: Dentist
180spa.com,jana@180spa.com,practice type not targeted: Spa
seasidechildrensdentistry.com,suzette@lakesidedentalmanagement.com,practice type not targeted: Dentist
neurowellnessspa.com,emily@neurowellnessspa.com,practice type not targeted: Psychiatrist
neurowellnessspa.com,drkoo@neurowellnessspa.com,practice type not targeted: Psychiatrist
friendshiphospitalforanimals.com,kmara@friendshiphospital.com,practice type not targeted: Veterinarian
celebratedental.com,david@celebratedental.com,practice type not targeted: Dental clinic
ayutherapy.com,archana@ayutherapy.com,practice type not targeted: Ayurvedic clinic
surgerycenterofnaples.com,dsummers@surgerycenterofnaples.com,practice type not targeted: Surgical center
tsh.org,kclift@tsmh.org,practice type not targeted: Surgeon
tsh.org,jcarper@tsmh.org,practice type not targeted: Surgeon
grandjunctiondenturesandimplants.com,office@grandjunctiondenturesandimplants.com,practice type not targeted: Dental implants provider
berryvilledentist.com,gwest887@gmail.com,practice type not targeted: Dentist
ericparkdds.com,ericparkdds@icloud.com,practice type not targeted: Dentist
omegabeautycincy.com,michele@omegabeautycincy.com,practice type not targeted: Day spa
healthmaxphysio.com,hamid@healthmaxphysio.com,not US (list address)
angelaleungddspc.com,drleung@angelaleungddspc.com,practice type not targeted: Dentist
coastaldetox.com,ctucker@coastaldetox.com,practice type not targeted: Addiction treatment center
downtownphysio.org,downtownphysioclinic@gmail.com,not US (list address)
veinvascular.com,cdietzek@veinvascular.com,practice type not targeted: Vascular surgeon
solescapehealingarts.com,hannah.realmassage@gmail.com,practice type not targeted: Massage therapist
bpidental.co.uk,boota@bpidental.co.uk,not US (list address)
bpidental.co.uk,manager@bpidental.co.uk,not US (list address)
southlanddentaltn.com,drshabo@gmail.com,practice type not targeted: Dentist
sussexdentalgroup.co.uk,nicola@sussexdentalgroup.co.uk,not US (list address)
ghostshieldfilm.com,garret@ghostshieldfilm.com,practice type not targeted: Vehicle wrapping service
massagestrong.com,mark@massagestrong.com,practice type not targeted: Massage therapist
libertyfamilydentist.com,drjohndeakins@gmail.com,practice type not targeted: Dentist
johnmartindental.com,jmartindds@hotmail.com,practice type not targeted: Dentist
richmondfamilydent.com,richmondfamilydentistry@outlook.com,practice type not targeted: Dental clinic
unitedsmilecentres.com,talktorichelle@gmail.com,practice type not targeted: Dental implants periodontist
ardendentalassoc.com,carlos@ardendentalassoc.com,practice type not targeted: Dentist
vzdentistry.com,jgnickelldds@outlook.com,practice type not targeted: Dentist
vzdentistry.com,vanzantendental@gmail.com,practice type not targeted: Dentist
hillviewfamilydentistry.com,damianbecker@hotmail.com,practice type not targeted: Dental clinic
suncrestdentalgroup.com,officemgr@suncrestdentalgroup.com,practice type not targeted: Dentist
whispercreekspa.com,jen.wolfe@whispercreekspa.com,practice type not targeted: Day spa
wolfgyms.com,danny@wolffitnessgyms.com,practice type not targeted: Fitness center
trackable.io,ryan@trackable.io,practice type not targeted: Dentist
savannahsmilesdentalcenter.com,manager@savannahsmilesdentalcenter.com,practice type not targeted: Dental clinic
riverstoneoralsurgery.com,bweaver@riverstoneoralsurgery.com,practice type not targeted: Surgical center
surgicalclinicpc.com,jnorman@surgicalclinicpc.com,practice type not targeted: Vascular surgeon
smileritefamilydentistry.com,smilerite19@gmail.com,practice type not targeted: Dentist
inspireptmissoula.com,chloe@inspireptmissoula.com,practice type not targeted: Physical therapist
inspireptmissoula.com,jeff@inspireptmissoula.com,practice type not targeted: Physical therapist
solsticehw.com,fmelo@solsticehw.com,practice type not targeted: Addiction treatment center
purifydentalofdurant.com,manager@purifydentalofdurant.com,practice type not targeted: Dentist
infinitydentalnortonshores.com,lpapes@infinitydentalpartners.com,practice type not targeted: Dentist
kenect.com,ssorensen@kenect.com,practice type not targeted: Software company
greshamhypnosiscenter.com,greshamhypnosiscenter@gmail.com,practice type not targeted: Hypnotherapy service
naturalwondershealthcare.com,naturalwondershealthcare@gmail.com,practice type not targeted: Acupuncture clinic
servpro.com,jsooker@servpro.com,practice type not targeted: Water damage restoration service
servpro.com,jcurry@servpro.com,practice type not targeted: Water damage restoration service
elanicmedical.co.uk,ashleigh@elanic.co.uk,not US (list address)
salemeyecare.com,agilmore@salemeyedoctor.com,practice type not targeted: Eye care center
chinovalleysmilecenter.com,tafifi84@hotmail.com,practice type not targeted: Dentist
rensselaerdentist.com,drjbalvich.communityliaison@gmail.com,practice type not targeted: Dental implants provider
chehalisdentist.com,rwalkerdds@hotmail.com,practice type not targeted: Dentist
youngandbloomskin.com,erica@youngandbloomskin.com,practice type not targeted: Day spa
myhappytooth.com,drmaggie@myhappytooth.com,practice type not targeted: Dentist
worldgatespa.com,mikael.belanger@worldgateclub.com,practice type not targeted: Spa
traumacleansing.com,1goodtherapist@gmail.com,practice type not targeted: Psychotherapist
tntgreatfalls.com,jaketntgreatfalls@gmail.com,practice type not targeted: Vitamin & supplements store
waterburyasc.com,dyoud@waterburyasc.com,practice type not targeted: Surgical center
waterburyasc.com,rleventhal@waterburyasc.com,practice type not targeted: Surgical center
cedargrovevets.com,alison.fletcher@cedargrovevets.com,not US (list address)
patientprism.com,amol@patientprism.com,practice type not targeted: Dentist
back2healthpt.com,ian@back2healthpt.com,practice type not targeted: Physical therapy clinic
harmonyfitnessandspa.com,luzda65@hotmail.com,practice type not targeted: Day spa
agelessskinnh.com,stephanie@agelessskinnh.com,practice type not targeted: Spa
deluxedentalgroup.com,jeremywalkerdmd@gmail.com,practice type not targeted: Dentist
essential.dentist,rpanders6@mac.com,practice type not targeted: Dentist
facelogicupland.com,josh@facelogicupland.com,practice type not targeted: Spa
brooksdentalassociates.com,c.brooks@brooksdentalassociates.com,practice type not targeted: Dentist
dralexseal.com,plasticsurgeryvancouver@gmail.com,not US (list address)
herefordbeautyandaesthetics.com,herefordbeautyaesthetics@gmail.com,not US (list address)
614lashbar.com,614lashbar@gmail.com,practice type not targeted: Beauty salon
firstchoicedental.com,kklagos@firstchoicedental.com,practice type not targeted: Dentist
mundeleinparks.org,dkauffman@mundeleinparks.org,practice type not targeted: Fitness center
mundeleinparks.org,rsalski@mundeleinparks.org,practice type not targeted: Fitness center
naturalbody.com,cici@naturalbody.com,practice type not targeted: Day spa
flsedationdentistry.com,dro@designersmilesorlando.com,practice type not targeted: Dentist
neumed.com,adam@neumed.com,practice type not targeted: Urgent care center
neumed.com,victoria@neumed.com,practice type not targeted: Urgent care center
mintyteeth.com,marshall@mintyteeth.com,practice type not targeted: Dental clinic
universityheightsdental.com,dfixler@universityheightsdental.com,practice type not targeted: Dentist
leafandlotus.com,nicole@leafandlotus.com,practice type not targeted: Store
bodywisemassageinc.com,info@bodywisemassageinc.com,practice type not targeted: Massage therapist
threeforksranch.com,david.pratt@threeforksranch.com,practice type not targeted: (blank)
threeforksranch.com,jenn.clements@threeforksranch.com,practice type not targeted: (blank)
goodmorningbeautifulesthetics.com,cdeming1414@gmail.com,practice type not targeted: Day spa
mountainsidesurgery.com,teresa.lavelle@amsurg.com,practice type not targeted: Surgical center
allstaraesthetics.com,star@allstaraesthetics.com,practice type not targeted: Hair removal service
drjonathanfeder.com,jonfederdmd@gmail.com,practice type not targeted: Dentist
faceitskin.net,genelle@faceitskin.net,practice type not targeted: Store
purelywellness.com,michael@purelywellness.com,not US (list address)
drkatehoutz.com,drkatehoutz@gmail.com,practice type not targeted: Dentist
wildflowerspa.ca,nicole@wildflowerspa.ca,not US (list address)
ccc-wellness.com,carmen@ccc-wellness.com,practice type not targeted: Facial spa
lymphaticmassageom.com,darek@lymphaticmassageom.com,practice type not targeted: Massage therapist
starhillranch.com,adam@starhillranch.com,practice type not targeted: Wedding venue
roundrockdentalgroup.com,ehoffmandds@gmail.com,practice type not targeted: Dentist
cheahafamilydentistry.com,bcontrattodmd@gmail.com,practice type not targeted: Dentist
sevlaser.com,sevana@sevlaser.com,practice type not targeted: Laser hair removal service
myorlandparkdentist.com,nora@pdic-orland.com,practice type not targeted: Dental implants provider
ochsner.org,dguidroz@ochsner.org,business already emailed or queued
countrylaneveterinary.com,kerriclv@gmail.com,practice type not targeted: Veterinarian
naturalbeautyclinic.ca,drbelindacaperand@gmail.com,not US (list address)
artemismassage.com,eliza@artemismassage.com,practice type not targeted: Massage therapist
buffalodentalimplant.com,jenna@buffalodentalimplant.com,practice type not targeted: Dental implants periodontist
codysmiles.com,cameroncritchfielddds@gmail.com,practice type not targeted: Dentist
orangecosmeticdentistry.com,samiradds@gmail.com,practice type not targeted: Dentist
energyspaverobeach.com,leah@sunsationsidaho.com,practice type not targeted: Tanning salon
brownsburganimalclinic.com,drbrady@brownsburganimalclinic.com,practice type not targeted: Veterinarian
spaeleve.com,spamgr.eleve@gmail.com,practice type not targeted: Spa
imperialdentaldrocampo.com,sergioocampodds@msn.com,practice type not targeted: Dentist
londoncryo.com,maria@londoncryo.com,not US (list address)
drmarkrabatin.com,markrabatin01@gmail.com,practice type not targeted: Dentist
pataccadds.com,d.patacca@pataccadds.com,practice type not targeted: Dentist
agapetc.com,gmavrookas@agapetc.com,practice type not targeted: Addiction treatment center
delraybeachpodiatry.com,ian@delraybeachpodiatry.com,practice type not targeted: Foot care
purehydrationspa.com,spencer@purehydrationspa.com,business already emailed or queued
solerasalon.com,jennifer.stearns@solerasalon.com,practice type not targeted: Beauty salon
solerasalon.com,danny@solerasalon.com,practice type not targeted: Beauty salon
sleephealthmd.com,sondi.carcello@sleephealthmd.com,practice type not targeted: Sleep clinic
surgicalassociatesmb.com,jwoodlief@surgicalassociatesmb.com,practice type not targeted: Surgeon
surgicalassociatesmb.com,bwaddle@surgicalassociatesmb.com,practice type not targeted: Surgeon
mynd-spa.com,heatherpackerhair@gmail.com,practice type not targeted: Spa
heavenlytreatments.co.uk,heavenlybeauty@hotmail.co.uk,not US (list address)
drmichaelmaster.health,drmichaelmaster.ehr@gmail.com,practice type not targeted: Neurologist
hutchinsonsurgery.com,brittany.heinen@amsurg.com,practice type not targeted: Surgical center
createyourbeauty.co.uk,c.solomon@createyourbeauty.co.uk,not US (list address)
lesmeisterdental.com,ashleigh@lesmeisterdental.com,practice type not targeted: Dentist
ammonsdental.com,cpowell@ammonsdental.com,practice type not targeted: Dentist
rustyparrot.com,bharrison@rustyparrot.com,practice type not targeted: Spa
rustyparrot.com,rharrison@rustyparrot.com,practice type not targeted: Spa
olympiahealthfitness.com,trevorchrouch4@gmail.com,not US (list address)
sosbariatrics.com,sosbariatrics@gmail.com,practice type not targeted: Surgical center
skincareandbody.com,shilaabhari18@gmail.com,practice type not targeted: Facial spa
intuitivealicia.com,intuitivealicia@gmail.com,practice type not targeted: Psychic
curativeskintherapies.com,kris@curativetherapies.com,practice type not targeted: Facial spa
versosurgery.ca,anne@versosurgery.ca,not US (list address)
vincentjgiaimoddsllc.com,vgiaimodds@gmail.com,practice type not targeted: Dentist
glowbar.com,rachel@getglowbar.com,practice type not targeted: Facial spa
pittsburghoralsurgery.com,esmiga@pittsburghoralsurgery.com,practice type not targeted: Surgical center
robinsondentalgroup.net,taylor@robinsondentalgroup.net,practice type not targeted: Dentist
robinsondentalgroup.net,kim@robinsondentalgroup.net,practice type not targeted: Dentist
baybeachclub.com,ksinger@baybeachclub.com,practice type not targeted: Day spa
baybeachclub.com,jbeiriger@baybeachclub.com,practice type not targeted: Day spa
baybeachclub.com,ddegler@baybeachclub.com,practice type not targeted: Day spa
baybeachclub.com,ejones@baybeachclub.com,practice type not targeted: Day spa
baybeachclub.com,kshepard@baybeachclub.com,practice type not targeted: Day spa
baybeachclub.com,tfinnan@baybeachclub.com,practice type not targeted: Day spa
baybeachclub.com,thunter@baybeachclub.com,practice type not targeted: Day spa
baybeachclub.com,mkelley@baybeachclub.com,practice type not targeted: Day spa
baybeachclub.com,ejanes@baybeachclub.com,practice type not targeted: Day spa
baybeachclub.com,srutherford@baybeachclub.com,practice type not targeted: Day spa
ninotch.com,tatiana@ninotch.com,practice type not targeted: Spa
stutsmandentistry.com,drdanielle@stutsmandentistry.com,practice type not targeted: Dentist
nutritioncompany.net,chris@nutritioncompany.net,practice type not targeted: Vitamin & supplements store
onlinedonationpickup.com,michael@thriftcart.com,practice type not targeted: Thrift store
fusionlifespa.com,julia@fusionlifespa.com,practice type not targeted: Spa
fusionlifespa.com,donna@fusionlifespa.com,practice type not targeted: Spa
seattlefacialist.com,seattlefacialist@gmail.com,practice type not targeted: Facial spa
spabellelavie.com,amy.sawyer@plasticsurgeryinc.com,practice type not targeted: Day spa
jsterlings.com,max@jsterlings.com,practice type not targeted: Massage spa
womenscaremedicalcenter.org,sue.leavins@womenscaremedicalcenter.org,practice type not targeted: Pregnancy care center
beacheye.com,drshah@beacheye.com,practice type not targeted: Eye care center
z-dermatology.com,brittany@z-dermatology.com,business already emailed or queued
goldencanyondentistry.com,princesspham2014@gmail.com,practice type not targeted: Dentist
veltori.ca,rebecca@veltori.ca,not US (list address)
aridentistrynorthwest.com,draigrod@comcast.net,practice type not targeted: Dentist
mskspc.com,stevendimarino@gmail.com,practice type not targeted: Acupuncturist
olympicfamilydental.com,kathleen@olympicfamilydental.com,practice type not targeted: Dentist
akaribeauty.com,lindsay@akaribeauty.com,practice type not targeted: Beauty salon
oaktreesurgerycenter.com,florence.cerqueira@amsurg.com,practice type not targeted: Surgical center
oaktreesurgerycenter.com,kim.otsc@gmail.com,practice type not targeted: Surgical center
michellereneespa.com,m.r.spastudio@gmail.com,practice type not targeted: Spa
pacificoakdental.com,jared@pacificoakdental.com,practice type not targeted: Dentist
onlinemep.com,pnolan@onlinemep.com,practice type not targeted: Lasik surgeon
gorgeoussmilesdental.com,abbas@gorgeoussmilesdental.com,practice type not targeted: Dentist
elmgrovewvdental.com,elmgrovedentalghelms@gmail.com,practice type not targeted: Dental clinic
greystoneshealth.com,michelle@greystoneshealth.com,not US (list address)
kinvarahospital.co.uk,suzanne.reynolds@kinvarahospital.co.uk,not US (list address)
clairechodds.com,claire@clairechodds.com,practice type not targeted: Dentist
angelfacesalon.co.uk,angeliqueswift@hotmail.com,not US (list address)
seaportdentistry.com,drderenzy@seaportdentistry.com,practice type not targeted: Dentist
nepadental.com,info@nepadental.com,practice type not targeted: Dentist
dentalproblemsolvers.com,drtavenner@hotmail.com,practice type not targeted: Dentist
livingstonsurgerycenter.com,betsy.convery@amsurg.com,practice type not targeted: Surgical center
deerfielddentist.com,dro@deerfielddentist.com,practice type not targeted: Dentist
rtjspatrail.com,taylor.fields@pchresorts.com,practice type not targeted: Spa
csfsurgery.com,karlat@csfsurgery.com,practice type not targeted: Social services organization
xenanaspa.com,kelley@xenanaspa.com,practice type not targeted: Facial spa
drkhorsand.com,aakhorsand@gmail.com,practice type not targeted: Dentist
encoredayspa.com,cheryl@encoredayspa.com,practice type not targeted: Beauty salon
winterparksurgicalassociates.com,cjkoller@mac.com,practice type not targeted: Surgeon
sayvillefamilydentistry.com,patnett14@gmail.com,practice type not targeted: Dentist
tryonfamilydentistry.com,brynne@tryonfamilydentistry.com,practice type not targeted: Dentist
medsmartcenters.com,info@medholdingsgroup.com,business already emailed or queued
rivagedayspa.com,jessica@rivagedayspa.com,practice type not targeted: Day spa
mattisonsalonsuites.com,jason@mattisonsalonsuites.com,practice type not targeted: Beauty salon
plsurgicalcenter.com,cindy@plsurgicalcenter.com,practice type not targeted: Surgical center
integratedmassagellc.com,info@integratedmassagellc.com,practice type not targeted: Spa
serenityonthesquare.net,lisa@serenityonthesquare.net,practice type not targeted: Day spa
giftsofhealinginc.com,gailey@giftsofhealinginc.com,practice type not targeted: Massage therapist
apexrehab.com,akazemi@apexrehab.com,practice type not targeted: Physical therapy clinic
detailssalonmarinette.com,lisa.details2125@gmail.com,practice type not targeted: Beauty salon
mysmiles.net,dr.eskandar@mysmiles.net,practice type not targeted: Dentist
littleangels3d4d.com,zina@littleangels3d4d.com,practice type not targeted: Pregnancy care center
artspahouse.com,boerne@artspahouse.com,practice type not targeted: Day spa
ranchodeloscaballeros.com,gnelson@ranchodeloscaballeros.com,practice type not targeted: Spa
ranchodeloscaballeros.com,gmcgann@ranchodeloscaballeros.com,practice type not targeted: Spa
gallupdentaltx.com,gallup@gallupdentaltx.com,practice type not targeted: Dentist
pennysfromheavenspa.com,pogle@farmerstel.com,practice type not targeted: Day spa
lifestance.com,dave.bourdon@lifestance.com,practice type not targeted: Psychiatrist
lifestance.com,brooke.matthews@lifestance.com,practice type not targeted: Psychiatrist
clevelandsmilecenter.com,cfalls@clevelandsmilecenter.com,practice type not targeted: Dentist
bomdiamassage.com,adriana@bomdiamassage.com,practice type not targeted: Massage therapist
organicspalosangeles.com,rianna@organictogreen.com,practice type not targeted: Day spa
organicspalosangeles.com,jesse@organictogreen.com,practice type not targeted: Day spa
alunawellness.com,dr.tricia144@gmail.com,practice type not targeted: Massage spa
robstownsmiles.com,robstownsmiles222@gmail.com,practice type not targeted: Dentist
eyesurgeryaz.com,paola@phxeye.com,practice type not targeted: Eye care center
artistrybyalita.com,artistrybyalita@gmail.com,practice type not targeted: Spa
balancept.com,jschott@balancept.com,practice type not targeted: Physical therapist
balancept.com,john@balancept.com,practice type not targeted: Physical therapist
skinexperts.com,shaya@skinexperts.com,practice type not targeted: Spa
skinexperts.com,marisa@skinexperts.com,practice type not targeted: Spa
springhillsdentistry.com,walter@springhillsdentistry.com,practice type not targeted: Dentist
sw-dayspa.com,sherry@skincaretherapy.net,practice type not targeted: Day spa
inspire-spa.com,kenzie@inspire-spa.com,practice type not targeted: Day spa
drsteingolddds.com,mjsteingold@hotmail.com,practice type not targeted: Dentist
dubunne.com,jessica@dubunne.com,practice type not targeted: Day spa
wellspringholisticcenter.com,anitasbondi@gmail.com,practice type not targeted: Acupuncture clinic
bellasmilesnow.com,drl@bellasmilesnow.com,practice type not targeted: Dentist
wellbeing-chinese-health.co.uk,info@wellbeing-chinese-health.co.uk,not US (list address)
functionalrehabneoh.com,dr.frantzis@gmail.com,practice type not targeted: Physical therapy clinic
balancehealth.com,mshankar@balancehealth.com,practice type not targeted: Podiatrist
spasudeva.com,edyta@spasudeva.com,practice type not targeted: Beauty salon
powerhousecola.com,janiya@powerhousecola.com,practice type not targeted: Fitness center
internationalorange.com,melissa@internationalorange.com,practice type not targeted: Day spa
internationalorange.com,alina@internationalorange.com,practice type not targeted: Day spa
dreamslashbar.com,dreamslashbar@gmail.com,practice type not targeted: Eyelash salon
qsmilesdental.com,qsmilesdentalsh@gmail.com,practice type not targeted: Dentist
kymedicalmassage.com,karen@kymedicalmassage.com,practice type not targeted: Massage therapist
athenaspabythesea.net,athenaspabythesea@gmail.com,practice type not targeted: Spa
jolispa.com,kelly@jolispa.com,practice type not targeted: Day spa
beauty-indulge.uk,samhiggins-indulge@hotmail.co.uk,not US (list address)
tranceformhypnosis.co.uk,tranceformhypnosis@gmail.com,not US (list address)
therealclinic.com,sorina.andonie@therealclinic.com,not US (list address)
scheichfamilydentistry.com,drscheich@gmail.com,practice type not targeted: Dentist
mygentledentalspa.com,drniro@mygentledentalspa.com,practice type not targeted: Dentist
pugetsoundperio.com,drsuzuki@pugetsoundperio.com,practice type not targeted: Dental clinic
pugetsoundperio.com,drkang@pugetsoundperio.com,practice type not targeted: Dental clinic
smileprodentist.com,drsalamawad@gmail.com,practice type not targeted: Dentist
bodylogicspa.com,melanie@bodylogicspa.com,practice type not targeted: Massage spa
drbodenstein.com,drlmbodenstein@gmail.com,practice type not targeted: Dentist
drbodenstein.com,larry@drbodenstein.com,practice type not targeted: Dentist
canyonlakedentist.com,canyonlakedental@hotmail.com,practice type not targeted: Dentist
rivierawellnessspa.com,jennifer@rivierawellnessspa.com,practice type not targeted: Day spa
genevadentalcare.com,genevadentalcare@gmail.com,practice type not targeted: Dental clinic
loughnermassage.com,amanda@loughnermassage.com,practice type not targeted: Massage therapist
s3dentalsussex.co.uk,leeza@s3dental.co.uk,not US (list address)
s3dentalsussex.co.uk,samibutt@s3dental.co.uk,not US (list address)
s3dentalsussex.co.uk,sooki@s3dental.co.uk,not US (list address)
lebellespanatick.com,lebellespanatick@gmail.com,practice type not targeted: Day spa
cedarshealth-beauty.co.uk,andrew@cedarshealth-beauty.co.uk,not US (list address)
holisticdentist.com,info@holisticdentist.com,practice type not targeted: Dentist
mqfacialspa.com,yubing1017@gmail.com,practice type not targeted: Massage spa
dentaldepotdfw.com,hkana@dentaldepotdfw.com,practice type not targeted: Dentist
speranzi.com,support@speranzi.life,practice type not targeted: Facial spa
facialsuite.com,veronicad@facialsuite.com,practice type not targeted: Facial spa
innovationmedgroup.com,kim@innovationmedgroup.com,practice type not targeted: Podiatrist
innovationmedgroup.com,taylor@innovationmedgroup.com,practice type not targeted: Podiatrist
vein911.com,cpittman@vein911.com,practice type not targeted: Vascular surgeon
venetiansalon.com,tony@venetiansalon.com,practice type not targeted: Nail salon
thewillowsmassageandwellness.com,thewillowsofdanbury@gmail.com,practice type not targeted: Massage spa
specialcaredentistry.net,drseifikar@specialcaredentistry.net,practice type not targeted: Dentist
greengrovedental.com,stevealbertgreengrovedental@gmail.com,practice type not targeted: Dentist
arocksalon.com,autumn@arockbeautywellness.com,practice type not targeted: Health and beauty shop
livingwatervein.com,jberry@livingwatervein.com,practice type not targeted: Vascular surgeon
livingwatervein.com,jgibson@livingwatervein.com,practice type not targeted: Vascular surgeon
spahausnashville.com,elyse@spahausnashville.com,practice type not targeted: Day spa
spahausnashville.com,hailey@spahausnashville.com,practice type not targeted: Day spa
bayperiodontics.com,drm@bayperiodontics.com,practice type not targeted: Dentist
aestheticmedicalcenters.com,annie.scvmedical@icloud.com,practice type not targeted: Surgical center
dentaldepot.net,gashmore@dentaldepot.net,practice type not targeted: Dentist
pequapt.com,pequapt@gmail.com,practice type not targeted: Physical therapy clinic
restorationsmiles.com,drmai@restorationsmiles.com,practice type not targeted: Dentist
petsapp.com,thom@petsapp.com,not US (list address)
petsapp.com,will@petsapp.com,not US (list address)
petsapp.com,nis@petsapp.com,not US (list address)
wellnesscenterfairport.com,linda.demme@gmail.com,practice type not targeted: Massage therapist
wellnesscenterfairport.com,jmonroe632@protonmail.com,practice type not targeted: Massage therapist
burlingtonncdentist.com,saxenadental@gmail.com,practice type not targeted: Dentist
drpalani.com,drpalani@drpalani.com,practice type not targeted: Dental implants periodontist
beautybyhenda.com,henda.sanati@gmail.com,practice type not targeted: Beauty salon
brushandfloss.com,michael.riccobene@brushandfloss.com,practice type not targeted: Dentist
brushandfloss.com,payroll@brushandfloss.com,practice type not targeted: Dentist
mindandbodybykali.com,facialwithkarina@gmail.com,practice type not targeted: Facial spa
ultimatefitness4u.co.uk,colin.uf4u@gmail.com,not US (list address)
fillflawless.co.uk,fillflawless@outlook.com,not US (list address)
smiledesignsdoorcounty.com,officemanager@smiledesignsdoorcounty.com,practice type not targeted: Dentist
vedhafamilydentistry.com,adcofdover@gmail.com,practice type not targeted: Dental clinic
crozeteyecare.com,drfranklin@crozeteyecare.com,practice type not targeted: Eye care center
sehatu.com,jibran@sehatu.com,practice type not targeted: Sleep clinic
sehatu.com,amer@sehatu.com,practice type not targeted: Sleep clinic
barstowdentistry.com,drchang92311@gmail.com,practice type not targeted: Dentist
drjaymie.com,palmfamilydentistry@gmail.com,practice type not targeted: Dentist
charlesretina.com,scharles@charlesretina.com,practice type not targeted: Ophthalmology clinic
encinitassurgical.com,mattcooper@gmail.com,practice type not targeted: Surgeon
tryabilityrehab.com,sakina@tryabilityrehab.com,practice type not targeted: Physical therapy clinic
wakesys.app,chris@wakesys.com,practice type not targeted: Water park
pearsondds.com,corinne@pearsondds.com,practice type not targeted: Dentist
lambdental.net,drwlambdds@gmail.com,practice type not targeted: Dentist
mprackdds.com,miker@mprackdds.com,practice type not targeted: Dentist
thebellaterraspa.com,japhia@thebellaterraspa.com,practice type not targeted: Massage spa
fitspiritfitness.com,coachlawrence@fitspiritfitness.com,practice type not targeted: Fitness center
skincarestudio.net,taylorswetland1996@gmail.com,practice type not targeted: Spa
elitesmilesokc.com,drsanor@elitesmilesokc.com,practice type not targeted: Dentist
familydentalcare.com,alexander@familydentalcare.com,practice type not targeted: Dentist
fountainsfamilydentistry.com,steve@fountainsfamilydentistry.com,practice type not targeted: Dentist
fullsmiledental.com,jpopovic@fullsmiledental.com,practice type not targeted: Dentist
donharveydental.com,drdon@donharveydental.com,practice type not targeted: Dentist
lilisalonspa.com,haley@lilisalonspa.com,practice type not targeted: Beauty salon
hayashidapt.com,maury@hayashidapt.com,practice type not targeted: Physical therapist
wpengine.com,heather.brunner@wpengine.com,practice type not targeted: (blank)
iselasalon.com,sara@140east.com,practice type not targeted: Spa
truelark.com,srivatsan@truelark.com,practice type not targeted: Dentist
idolizespa.com,mo@idolizespa.com,practice type not targeted: Spa
sonobello.com,tbarr@sonobello.com,business already emailed or queued
sonobello.com,jraysbrook@sonobello.com,business already emailed or queued
absoluteperfectiondayspa.com,angela@absoluteperfectiondayspa.com,practice type not targeted: Spa
mintsparva.com,sheetal@mintsparva.com,practice type not targeted: Day spa
litchfielddentalmn.com,appointments@litchfielddentalmn.com,practice type not targeted: Dentist
mainstreetdentalandimplants.com,crdg@castlerockdental.com,practice type not targeted: Dentist
dentalimplantsoakland.com,drmalboubi@gmail.com,practice type not targeted: Dental implants periodontist
massageluxe.com,kpechacek@massageluxe.com,practice type not targeted: Massage spa
infinitymedspa.com,tim@infinitymedspa.com,practice type not targeted: Spa
infinitymedspa.com,jeff@infinitymedspa.com,practice type not targeted: Spa
kneibdentistry.com,drkneib@kneibdentistry.com,practice type not targeted: Dentist
hibbarddds.com,docjeff@hibbarddds.com,practice type not targeted: Dentist
thecolourboxsalon.com,hairflipmillie@gmail.com,practice type not targeted: Beauty salon
awrswheelrepair.com,robwheeley@alloywheel.com,practice type not targeted: Powder coating service
stubbsdental.com,stubbsdentalutah@gmail.com,practice type not targeted: Dental implants provider
harrowonthehillclinic.co.uk,drzalmukhtar@gmail.com,not US (list address)
belleluxdayspa.com,belleluxdayspa@gmail.com,practice type not targeted: Waxing hair removal service
acedentalaldine.com,acealdine@gmail.com,practice type not targeted: Dentist
drannkania.com,ann@drannkania.com,practice type not targeted: Dentist
healthpositive.ca,karen@healthpositive.ca,not US (list address)
doctorcornette.com,cornettedmd@gmail.com,practice type not targeted: Dentist
gocheckin.net,vuongpham@fastboy.net,practice type not targeted: Nail salon
goldenhillsdental.net,coarsegolddental@gmail.com,practice type not targeted: Dentist
cloud9wellness.fit,kayla@cloud9wellness.fit,practice type not targeted: Spa
suridentalgroup.com,suridentalgroup@gmail.com,practice type not targeted: Dentist
ferringdentalclinic.co.uk,smile@ferringdentalclinic.co.uk,not US (list address)
foureversmiledentalspa.com,46dental@gmail.com,practice type not targeted: Dentist
trucknamerica.com,danm@trucknamerica.com,practice type not targeted: Truck accessories store
oceyelids.com,drvidor@oceyelids.com,practice type not targeted: Surgeon
knobsfamilydental.com,jana@knobsfamilydental.com,practice type not targeted: Dentist
atlanticdentistry.com,atlanticdentistry@gmail.com,practice type not targeted: Dentist
gettysburgpt.com,chrisz@shippt.com,practice type not targeted: Physical therapy clinic
jariaeaesthetics.com,janaysfaces@gmail.com,practice type not targeted: Beauty salon
ftbenddental.com,dpeccora@ftbenddental.com,practice type not targeted: Dentist
rosenbergdental.net,rosenbergdds@buffalosmile.net,practice type not targeted: Dentist
andrewponichteradmd.com,ajponichteradmdms@comcast.net,practice type not targeted: Prosthodontist
perfectingthesmile.com,drsimon@perfectingthesmile.com,practice type not targeted: Dentist
5stardentalclinic.com,5stardentalclinic@gmail.com,practice type not targeted: Dentist
thesaratogadayspa.com,kierra@thesaratogadayspa.com,practice type not targeted: Day spa
teethwisedental.com,oladipo@teethwisedental.com,practice type not targeted: Dentist
pausestudio.com,jeff@pausestudio.com,business already emailed or queued
theskinandbodyspa.com,missy@theskinandbodyspa.com,practice type not targeted: Day spa
studymetrix.com,tsmith@studymetrix.com,practice type not targeted: Research and product development
rapidurgentcare.com,edease@correctcareinc.com,practice type not targeted: Urgent care center
metanoiawv.com,metanoia.brittany@gmail.com,practice type not targeted: Massage spa
acefamilydental.com,pallavi@acefamilydental.com,practice type not targeted: Dentist
innerspa.org,cathy@innerspa.org,practice type not targeted: Day spa
sgdental.co.uk,sanket@sgdental.co.uk,not US (list address)
miamibeachplasticsurgery.com,drjacobs@miamibeachplasticsurgery.com,practice type not targeted: Surgical center
caldwelldentalcare.com,lloyddmd@caldwelldentalcare.com,practice type not targeted: Dentist
parkwaydentalrsvl.com,offc.mgrparkwayrsvl@gmail.com,practice type not targeted: Dental clinic
petalumasmiles.com,drkoenitzerdds@gmail.com,practice type not targeted: Dentist
douglasdentistryephraim.com,douglasdentistry@gmail.com,practice type not targeted: Dental clinic
dentist321.com,islandcosmeticdental1@gmail.com,practice type not targeted: Dentist
spa4109.com,jeanine@spa4109.com,practice type not targeted: Spa
laviespaandsalon.com,kathryn@laviespaandsalon.com,practice type not targeted: Spa
navasotadental.com,navasotadental@outlook.com,practice type not targeted: Dentist
summitfamilydentalcare.com,nancyjohulme@gmail.com,practice type not targeted: Dentist
idabeautysalon.com,idabeauty999@gmail.com,practice type not targeted: Beauty salon
enhance.ca,claudia@enhance.ca,not US (list address)
enhance.ca,sarah@enhance.ca,not US (list address)
puntagordadental.com,puliasz@blueseadental.com,practice type not targeted: Dentist
puntagordadental.com,jennifer@blueseadental.com,practice type not targeted: Dentist
terrasalonandspa.com,neringa@terrasalonandspa.com,practice type not targeted: Beauty salon
mazzadental.com,officemanager@mazzadental.info,practice type not targeted: Dentist
mazzadental.com,drmazza@mazzadental.info,practice type not targeted: Dentist
vitapielspa.com,karen@vitapielspa.com,practice type not targeted: Spa
archerspa.com,dena@archerspa.com,practice type not targeted: Spa
todaysdentistrycaldwell.com,drgrayvcu@gmail.com,practice type not targeted: Dentist
saloncheveuxmn.com,joel@saloncheveuxmn.com,practice type not targeted: Beauty salon
ecckauai.com,lhashimoto@ecckauai.com,practice type not targeted: Ophthalmology clinic
ecckauai.com,ssui@ecckauai.com,practice type not targeted: Ophthalmology clinic
gurecon.com,mang@gurecon.com,practice type not targeted: Surgeon
intouchmassagect.net,lindsey@intouchmassagect.net,practice type not targeted: Massage therapist
compeyecare.com,ssuh@compeyecare.com,practice type not targeted: Ophthalmology clinic
compeyecare.com,lkunze@compeyecare.com,practice type not targeted: Ophthalmology clinic
drninainc.com,dr.nina@drninainc.com,practice type not targeted: Psychoanalyst
clearwaves.com,drchavez@clearwaves.com,practice type not targeted: Tattoo removal service
arisathai.com,sara@arisathai.com,practice type not targeted: Thai massage therapist
newedenspa.com,lmt.brandifosburgh@gmail.com,practice type not targeted: Day spa
beautybatlles.com,ashley@beautybatlles.com,practice type not targeted: Spa
levenmouthdental.com,helen.teevan@nhs.scot,not US (list address)
vvmassageboston.com,veronica@vvmassageboston.com,practice type not targeted: Massage therapist
beverlyhillsdentalhealth.com,drsanda@beverlyhillsdentalhealth.com,practice type not targeted: Dentist
formatfortworth.com,sandy@formatfortworth.com,practice type not targeted: Fitness center
dompt.com,jonesa@dompt.com,practice type not targeted: Physical therapist
wailanadayspa.com,kahikina@wailanadayspa.com,practice type not targeted: Day spa
alluredentalgroup.net,gumguy77@gmail.com,practice type not targeted: Dentist
dekalash.com,bcollier@dekalash.com,practice type not targeted: Eyelash salon
perfectimperfectionsllc.org,kellynicole@me.com,practice type not targeted: Beauty salon
molineperio.com,cathybishopdds@gmail.com,practice type not targeted: Dental implants periodontist
ikalbodysoul.com,aorozco@ikalbodysoul.com,practice type not targeted: Facial spa
apexptwellness.com,brooke@apexptwellness.com,practice type not targeted: Physical therapy clinic
delsoulspa.com,garetbender@delsoulspa.com,practice type not targeted: Day spa
cosmeticcourses.co.uk,jim@cosmeticcourses.co.uk,not US (list address)
prahaspa.com,oksana@prahaspa.com,practice type not targeted: Day spa
pinehurstsurgical.com,llaws@pinehurstsurgical.com,practice type not targeted: Surgical center
facefoodnaturalskincare.com,khaki@facefoodnaturalskincare.com,practice type not targeted: Spa
holisticacupuncture.net,curry@milwaukeeacu.com,practice type not targeted: Acupuncturist
jgreenedds.com,jon@jgreenedds.com,practice type not targeted: Dentist
lakelandhillsdental.com,lakelandhillsdental@live.com,practice type not targeted: Dentist
eyesurgeryandlasercenter.com,rcruz@amsurg.com,practice type not targeted: Surgical center
premierspautah.com,elsa@premierspautah.com,practice type not targeted: Massage spa
edmondsbaydental.com,carly@dentalcareseattle.com,practice type not targeted: Dentist
kirbypodiatry.com,drkirby@sacramentofootandankle.com,practice type not targeted: Podiatrist
mphpl.org,d.wargo@mphpl.org,practice type not targeted: Public library
mphpl.org,d.meeks@mphpl.org,practice type not targeted: Public library
divineroyaltymassage.net,toya@divineroyaltymassage.net,practice type not targeted: Massage therapist
mpsde.com,drtrimzi@mpsde.com,practice type not targeted: Psychiatrist
estesparkmassagetherapy.com,estesparkmassage@gmail.com,practice type not targeted: Massage therapist
omarwagnerdds.com,icondentalsmile@gmail.com,practice type not targeted: Dentist
totaltherapymassage.com,heather@totaltherapymassage.com,practice type not targeted: Massage spa
osesurg.com,tleamon@osesurg.com,practice type not targeted: Surgical center
carolinawellnessandrecovery.com,marc@carolinawellnessandrecovery.com,practice type not targeted: Addiction treatment center
lovemyritual.com,heather.lovemyritual@gmail.com,practice type not targeted: Day spa
tucson2020.com,kkitz@tucson2020.com,practice type not targeted: Ophthalmology clinic
relaxwithroot.com,rootskincare@gmail.com,practice type not targeted: Spa
healthysmilesfcd.com,hguang@healthysmilesfcd.com,practice type not targeted: Dentist
caredentalspa.com,melissag0055@gmail.com,practice type not targeted: Dentist
kryssamariebowman.com,kryssamariebowman@gmail.com,practice type not targeted: Hypnotherapy service
erasingtime.com,kyme.mariner@erasingtime.com,practice type not targeted: Spa
spaatlantis.com,laura@spaatlantis.net,practice type not targeted: Day spa
spaatlantis.com,richard@spaatlantis.net,practice type not targeted: Day spa
lotuslasertreatments.com,debraquail@gmail.com,practice type not targeted: Facial spa
curalta.com,kkaine@curalta.com,practice type not targeted: Podiatrist
calebarobinsondds.com,melissa@cardds.com,practice type not targeted: Dentist
painclinic-lv.com,roper@painclinic-lv.com,practice type not targeted: Acupuncture clinic
blushessalon.com,mary@callmefit.com,practice type not targeted: Beauty salon
thesanctuaryspas.com,baili.sanctuaryspa@gmail.com,practice type not targeted: Spa
thesanctuaryspas.com,dawn.sanctuaryspa@gmail.com,practice type not targeted: Spa
c4vet.com,ceowens09@gmail.com,practice type not targeted: Veterinarian
chinoaestheticdental.com,bjoshidds@gmail.com,practice type not targeted: Dentist
spa-northwest.com,kelly@spa-northwest.com,practice type not targeted: Massage spa
senzapelo.com,maria@senzapelo.com,practice type not targeted: Electrolysis hair removal service
lafuentehollywood.com,manny@lafuentehollywood.com,practice type not targeted: Addiction treatment center
smiledentalcareny.com,586morrisdental@gmail.com,practice type not targeted: Dentist
lasvegas-cosmetic-dentistry.com,jpaezdds@gmail.com,practice type not targeted: Dentist
breastfeedatl.com,christie@breastfeedatlantallc.com,practice type not targeted: Lactation service
shoreview-dental.com,tiffani@shoreview-dental.com,practice type not targeted: Dentist
wildwoodsmiles.com,drmousa@villagessmiles.com,practice type not targeted: Dentist
wildwoodsmiles.com,tito@wildwoodsmiles.com,practice type not targeted: Dentist
constantinecosmeticsurgery.com,kim@constantinecosmeticsurgery.com,practice type not targeted: Surgeon
aquatichealthandrehab.com,drterryshepherd@gmail.com,practice type not targeted: Physical therapist
nashuadentist.com,doctor@nashuadentist.com,practice type not targeted: Dentist
dermatologyconsulting.co.uk,anne@dermatologyconsulting.co.uk,not US (list address)
smilesbyrosie.com,drwagner@smilesbyrosie.com,practice type not targeted: Dentist
wentworthsurgerycenter.com,ckronawitter@wentworthsurgerycenter.com,practice type not targeted: Surgical center
pearlfectiondentistry.com,stew@pearlfectiondentistry.com,practice type not targeted: Dentist
larrabeecenter.com,drlarrabee@larrabeecenter.com,business already emailed or queued
kailuadds.com,kailuadentalcare@gmail.com,practice type not targeted: Dentist
waterfordwellness.com,kari@waterfordwellness.com,practice type not targeted: Spa
waterfordwellness.com,lisacurry@waterfordwellness.com,practice type not targeted: Spa
thedenturecompany.com,josh@thedenturecompany.com,practice type not targeted: Denture care center
bodysymmetrymd.com,otto@bodysymmetrymd.com,business already emailed or queued
footofthemtns.com,jrawa@footofthemtns.com,practice type not targeted: Podiatrist
beautymds.com,beautymds@gmail.com,practice type not targeted: (blank)
cahilldental.com,bledman@cahilldental.com,practice type not targeted: Dentist
cahilldental.com,cperoutka@cahilldental.com,practice type not targeted: Dentist
stgec.com,jhendrix@stgec.com,practice type not targeted: Ophthalmology clinic
livebritely.com,dustin@livebritely.com,practice type not targeted: Dental implants provider
jaredsmithdmd.com,jmsdentist@gmail.com,practice type not targeted: Dentist
skingarden.net,babyloncathy@gmail.com,practice type not targeted: Beauty salon
litchfielddentalassociates.com,kmlitchfielddental@gmail.com,practice type not targeted: Dentist
findyourhealthyplace.com,tim@findyourhealthyplace.com,practice type not targeted: Vitamin & supplements store
azdentistrybydesign.com,azdentistrybydesign1@gmail.com,practice type not targeted: Dentist
ritualqueenbeauty.com,randicoffman@gmail.com,practice type not targeted: Eyelash salon
lavenderspa.online,lavenderspaisabella@gmail.com,practice type not targeted: Massage spa
thehydraplus.com,sclontz@thehydraplus.com,business already emailed or queued
jasminepm.com,mintotsai@jasminepm.com,practice type not targeted: Acupuncture clinic
thespringdental.com,mcinelly@thespringdental.com,practice type not targeted: Dentist
naturalelementsmassage.net,naturalelementspa@gmail.com,practice type not targeted: Massage spa
sweathouz.com,nico.varano@sweathouz.com,practice type not targeted: Sauna
quincyspa.com,crsardina@hotmail.com,practice type not targeted: Day spa
spabykelly.com,kelly@spabykelly.com,practice type not targeted: Day spa
drmikelakota.com,mike@drmikelakota.com,practice type not targeted: Dentist
lakespa.org,smithlakefamilycare@gmail.com,practice type not targeted: Spa
wvfdentistry.com,ashley.k.murrey@gmail.com,practice type not targeted: Dentist
pcli.com,marlin.gimbel@pcli.com,practice type not targeted: Lasik surgeon
pcli.com,robert.ford@pcli.com,practice type not targeted: Lasik surgeon
ctpainsolutions.com,jessica@ctpainsolutions.com,practice type not targeted: Neurologist
ctpainsolutions.com,iturok@ctpainsolutions.com,practice type not targeted: Neurologist
weightogomedicalspa.com,crystal@weightogoweightloss.com,practice type not targeted: Day spa
wilmingtonhealth.com,jjames@wilmingtonhealth.com,practice type not targeted: Surgical center
wilmingtonhealth.com,modom@wilmingtonhealth.com,practice type not targeted: Surgical center
omsanewmexico.com,lionel@omsanewmexico.com,practice type not targeted: Surgical center
allurestudiosbeautybar.com,allurestudios01@gmail.com,practice type not targeted: Facial spa
dhestetica.com,darya.heras@gmail.com,practice type not targeted: Wig shop
lindgrendentalcare.com,laurak@lindgrendentalcare.com,practice type not targeted: Dentist
alokaroradmd.com,alok@alokaroradmd.com,practice type not targeted: Dentist
calmandgentledentalcare.co.uk,pieter@hanoverhousedental.co.uk,not US (list address)
akhavani.com,mo@akhavani.com,not US (list address)
capitalcardiology.com,lsullenberger@capitalcardiology.com,practice type not targeted: Surgeon
bloomsbury-clinic.com,debbyholmes10@hotmail.com,not US (list address)
kbsdental.com,ksmith@kbsdental.com,practice type not targeted: Dentist
saboskincare.com,cindy@saboskincare.com,practice type not targeted: Spa
anamosadental.net,droldham@anamosadental.com,practice type not targeted: Dentist
anamosadental.net,joslyn.slater@gmail.com,practice type not targeted: Dentist
saponaplastics.com,sandra@saponaplastics.com,practice type not targeted: Plastic injection molding service
saponaplastics.com,dean@saponaplastics.com,practice type not targeted: Plastic injection molding service
amsurg.com,jeff.snodgrass@amsurg.com,practice type not targeted: Surgical center
dentistinoakpark.com,drsheemazaim@dentistinoakpark.com,practice type not targeted: Dentist
cateywilliamsdental.com,drwilliams@cateywilliamsdental.com,practice type not targeted: Dentist
farmingtonvalleynutrition.com,amywoodmanrd@gmail.com,practice type not targeted: Dietitian
cwcrecovery.com,jasont@cwcrecovery.com,practice type not targeted: Addiction treatment center
northpointrecovery.com,saitken@northpointrecovery.com,practice type not targeted: Addiction treatment center
tmjsleepindiana.com,drklauer@tmjsleepindiana.com,practice type not targeted: Sleep clinic
electrolysisbyjoanne.com,joanne@electrolysisbyjoanne.com,practice type not targeted: Beauty salon
indianavein.com,marcus@indianavein.com,practice type not targeted: Vascular surgeon
caimplant.com,drsun898@gmail.com,practice type not targeted: Dentist
centralrockgym.com,becky@centralrockgym.com,practice type not targeted: Rock climbing gym
centralrockgym.com,ed@centralrockgym.com,practice type not targeted: Rock climbing gym
yosowellness.com,jennalee@yosowellness.com,practice type not targeted: Day spa
salclinic.co.uk,emranmalick@hotmail.com,not US (list address)
morrobayfamilydentistry.com,ratchforddds@gmail.com,practice type not targeted: Dentist
skinbeautybardc.com,meka@skinbeautybardc.com,practice type not targeted: Facial spa
oceansidenutrition.com,matt@oceansidenutrition.com,practice type not targeted: Dietitian
theohanahawaii.com,elliott@theohanahawaii.com,practice type not targeted: Addiction treatment center
illinoisfoot.com,drmceneaney@illinoisfoot.com,practice type not targeted: Podiatrist
blushsalonofficial.com,jckahh@gmail.com,practice type not targeted: Beauty salon
bellasante.com,tamorosino@bellasante.com,practice type not targeted: Spa
bellasante.com,slahey@bellasante.com,practice type not targeted: Spa
aesthetics-health.com,amie@aesthetics-health.com,practice type not targeted: Permanent make-up clinic
deemeshoudit.com,deemesh@deemeshoudit.com,not US (list address)
pineapplelife.com,brandi@pineapplelife.com,practice type not targeted: Yoga studio
grupoesteticocb.us,camilabarrientosweb@gmail.com,practice type not targeted: Health and beauty shop
dentaldrphillips.com,frankie@dentaldrphillips.com,practice type not targeted: Dentist
dentaldrphillips.com,shelley@dentaldrphillips.com,practice type not targeted: Dentist
inneressencespa.com,shana@inneressencespa.com,practice type not targeted: Day spa
laquintadentistry.com,smileih2020@gmail.com,practice type not targeted: Dentist
fhcsd.org,victorianod@fhcsd.org,practice type not targeted: Physical therapy clinic
completedentalservices.com,ann@completedentalservices.com,practice type not targeted: Dentist
amblerpurespa.com,mimi@amblerpurespa.com,practice type not targeted: Day spa
sdsurgery.com,ewendt@sdsurgery.com,practice type not targeted: Surgical center
nasalsurgeon.co.uk,dl@nasalsurgeon.co.uk,not US (list address)
ptpleasantdentalspa.com,pipitonedav@comcast.net,practice type not targeted: Dentist
cityfitnesssarasota.com,ryan@cityfitnessbradenton.com,practice type not targeted: Fitness center
rafraichirskinspa.com,amy@rafraichirskinspa.com,practice type not targeted: Facial spa
bluecloudpsc.com,devin.larsen@bluecloudpsc.com,practice type not targeted: Surgical center
bluecloudpsc.com,connor.vanalfen@bluecloudpsc.com,practice type not targeted: Surgical center
emilystoutdds.com,drstout.dds@gmail.com,practice type not targeted: Dentist
harborfronthospitalforanimals.com,jamesmooredvm@gmail.com,practice type not targeted: Veterinarian
goodhealthacupuncture.co,tim@goodhealthacupuncture.co,practice type not targeted: Acupuncture clinic
dentistnavarre.com,drdennis@destindentist.com,practice type not targeted: Dentist
webperio.com,drkorn@webperio.com,practice type not targeted: Dental implants periodontist
webperio.com,drmiller@webperio.com,practice type not targeted: Dental implants periodontist
coastalcosmeticdentistry.com,jpappas@ccfdmail.com,practice type not targeted: Dentist
coastalcosmeticdentistry.com,aaronwilharm@me.com,practice type not targeted: Dentist
tulsaskincenter.com,paige@tulsaskincenter.com,practice type not targeted: Laser hair removal service
a8slimbody.com,kefengchen79@gmail.com,practice type not targeted: Beauty salon
bigforkdental.com,drprice@bigforkdental.com,practice type not targeted: Dentist
drfiscella.com,vfiscelladds@gmail.com,practice type not targeted: Dentist
smilefreshdentalgrandblanc.com,sevenlakesdentist@hotmail.com,practice type not targeted: Dentist
oralsurgery-suffern.com,surgery@ramapomaxsurgery.com,practice type not targeted: Dentist
dentistperryhall.com,needappt@gmail.com,practice type not targeted: Emergency dental service
celestitehealing.com,lashes.skincare@gmail.com,practice type not targeted: Psychic
santafesurgerycenter.com,rick.adams@useye.com,practice type not targeted: Surgeon
santafesurgerycenter.com,david.shoemaker@useye.com,practice type not targeted: Surgeon
accentfamilydental.com,contact@accentfamilydental.com,practice type not targeted: Dentist
baltimoreperipheralnervepain.com,alyssa@drericwilliams.com,practice type not targeted: Surgeon
riverheartfamilydentistry.com,drtravisschwarz@gmail.com,practice type not targeted: Dentist
skinbar7.com,sevyn@skinbar7.com,practice type not targeted: Facial spa
dental-perfectionuk.co.uk,tony.taunk@dental-perfectionuk.co.uk,not US (list address)
dental-perfectionuk.co.uk,nicola.mcinulty@dental-perfectionuk.co.uk,not US (list address)
modento.io,kjasik@dentalintel.com,practice type not targeted: Dentist
happy-dentistry.com,dana@happy-dentistry.com,practice type not targeted: Dentist
smilecentersiliconvalley.com,john@drjohn.net,practice type not targeted: Dentist
julietteeye.com,dr.melendez@julietteeye.com,practice type not targeted: Lasik surgeon
julietteeye.com,marketingdirector@julietteeye.com,practice type not targeted: Lasik surgeon
ajfamilydental.com,johnnytien1969@gmail.com,practice type not targeted: Dentist
yehorthodontics.com,drmatthewyeh@gmail.com,practice type not targeted: Dentist
lvsmilesforlife.com,kimberly.smilesforlife@gmail.com,practice type not targeted: Dentist
napaeye.com,kburke@napaeye.com,practice type not targeted: Ophthalmology clinic
vanrath.com,richard.mcfarland@vanrath.com,not US (list address)
vanrath.com,joanne.gordon@vanrath.com,not US (list address)
vanrath.com,barbara.mckiernan@vanrath.com,not US (list address)
vanrath.com,julie.moore@vanrath.com,not US (list address)
vanrath.com,rebecca.jama@vanrath.com,not US (list address)
purebeautyco.com,cherrymakeup@gmail.com,practice type not targeted: Day spa
rootedvibrationz.com,teairaworks@gmail.com,practice type not targeted: Reiki therapist
axfaesthetics.com,axfaesthetics@hotmail.com,not US (list address)
estemedicalgroup.uk,sam@estemedicalgroup.uk,not US (list address)
regenmdwellness.com,ecampbell@regenmdwellness.com,business already emailed or queued
dentistmtlebanon.com,pearldentistrysh@gmail.com,practice type not targeted: Dentist
mainstreetdentalmagna.com,bryangottfredson@hotmail.com,practice type not targeted: Dentist
dentistbenbrooktx.com,scott@doctorballard.com,practice type not targeted: Dentist
dentistbenbrooktx.com,mercedes.donald@doctorballard.com,practice type not targeted: Dentist
aestheticsbycie.com,bouchercie7997@gmail.com,practice type not targeted: Spa
tranquilitync.com,tranquilitync@gmail.com,practice type not targeted: Massage spa
sparoyale.net,mary@sparoyale.net,practice type not targeted: Day spa
eyecenters.com,shardin@eyecenters.com,practice type not targeted: Eye care center
cryoandbrows.com,tracyballog0922@gmail.com,practice type not targeted: Permanent make-up clinic
drmonicacrooks.com,drmonicacrooks@gmail.com,practice type not targeted: Dentist
bennetteyeinstitute.com,anullar@bennetteyeinstitute.com,practice type not targeted: Ophthalmology clinic
bennetteyeinstitute.com,mbennett@bennetteyeinstitute.com,practice type not targeted: Ophthalmology clinic
josephsurgery.com,josephsurgery@gmail.com,practice type not targeted: Surgeon
golasik.net,snielsen@golasik.net,practice type not targeted: Lasik surgeon
deluxedentalusa.com,frank.kizy@deluxedentalusa.com,practice type not targeted: Dentist
rootedculture.com,jacqui@rootedculture.com,practice type not targeted: Beauty salon
zyonehealingmassage.com,martina@zyonehealingmassage.com,practice type not targeted: Massage therapist
joelrkochdds.com,joelrkochdds@gmail.com,practice type not targeted: Dentist
urwellness.co,jennifer@urwellness.co,business already emailed or queued
cottonwoodcollectiveaz.com,cottonwoodcollective@icloud.com,practice type not targeted: Beauty salon
fivestarpulm.com,drnebor@fivestarpulm.com,practice type not targeted: Pulmonologist
humblesmiles.com,1humblesmiles@gmail.com,practice type not targeted: Dentist
raynorcounseling.com,elifangel@raynorconsulting.net,practice type not targeted: Psychotherapist
glowcostudiowa.com,makalie@outlook.com,practice type not targeted: Beauty salon
triadcosmeticdentistry.com,ktmsxm624@gmail.com,practice type not targeted: Dentist
lovebeaumonde.com,michele@lovebeaumonde.com,practice type not targeted: Day spa
oneyoucheshireeast.org,thomas.barton@everybody.org.uk,not US (list address)
oneyoucheshireeast.org,kerry.shea@everybody.org.uk,not US (list address)
oneyoucheshireeast.org,dominic.crisp@everybody.org.uk,not US (list address)
omartillo.com,secretary@omartillo.com,not US (list address)
steyndent.co.uk,schdentalpm@gmail.com,not US (list address)
mg-plasticsurgery.com,mgrob@mg-plasticsurgery.com,not US (list address)
marksoldin.co.uk,msoldin@marksoldin.co.uk,not US (list address)
damiradental.co.uk,anushika@damiradental.co.uk,not US (list address)
damiradental.co.uk,sunitapati@damiradental.co.uk,not US (list address)
boomtime.com,bill.bice@boomtime.com,practice type not targeted: Day spa
odessi.co.uk,diana@odessi.co.uk,not US (list address)
thehudsonvalleyfacialist.com,simonianaesthetics@gmail.com,practice type not targeted: Facial spa
eliteveininstitute.com,aherbstmd@gmail.com,practice type not targeted: Surgeon
therapieclinic.com,aideenr@therapieclinic.com,not US (list address)
therapieclinic.com,phillipmc@therapieclinic.com,not US (list address)
zenicabeauty.com,zenicabeauty@gmail.com,practice type not targeted: Facial spa
auniqueboutiquespa.com,angeliquemyrick@gmail.com,practice type not targeted: Spa
relaxtherapyspa.shop,gilda.smith@icloud.com,practice type not targeted: Massage therapist
azuribeauty.co.uk,georgiaburns@azuribeauty.co.uk,not US (list address)
activetherapydumfries.co.uk,activetherapy.dumfries@gmail.com,not US (list address)
secondnature.io,richard@secondnature.io,not US (list address)
foxfamilydentistryva.com,erikjfoxdds@gmail.com,practice type not targeted: Dentist
natural-health-centre.com,julesnhc@outlook.com,not US (list address)
amazingfaceeuropeanspa.com,mariola@amazingfaceeuropeanspa.com,practice type not targeted: Spa
limitlessfloat.com,jarrod@limitlessfloat.com,not US (list address)
quaba.co.uk,awfquaba@mac.com,not US (list address)
sanctuarysalondayspa.com,pareen@sanctuarysalondayspa.com,practice type not targeted: Beauty salon
consultantplasticsurgeon.co.uk,jude@guysterne.co.uk,not US (list address)
thebeautyroomuk.com,sarah@thebeautyroomuk.com,not US (list address)
drzubowski.com,dana@drzubowski.com,practice type not targeted: Surgical center
drzubowski.com,robert@drzubowski.com,practice type not targeted: Surgical center
balancededinburgh.co.uk,ben@balancededinburgh.co.uk,not US (list address)
balancededinburgh.co.uk,judith@balancededinburgh.co.uk,not US (list address)
balancededinburgh.co.uk,julie@balancededinburgh.co.uk,not US (list address)
astudiodayspa.com,astudiospa@yahoo.com,practice type not targeted: Day spa
wdhospital.org,darin.roark@wdhospital.org,practice type not targeted: Surgeon
expressionspurra.com,ep@expressionspurra.com,practice type not targeted: Beauty salon
invictusboston.com,plosker@invictusboston.com,practice type not targeted: Fitness center
hiskin.care,mark@hiskin.care,practice type not targeted: Facial spa
familydentistryofblairsville.com,jordana@familydentistryofblairsville.com,practice type not targeted: Dentist
dardennedentist.com,michael@dardennedentist.com,practice type not targeted: Dentist
brazilianspabyluci.com,luci@brazilianspabyluci.com,practice type not targeted: Spa
dentalgroupcarbondale.com,dgcarbondale@mydentalmail.com,practice type not targeted: Dentist
completenutritionsolutions.com,ana.descrivan@completenutritionsolutions.com,practice type not targeted: Dietitian
avivacosmeticdentistry.co.uk,info@avivacosmeticdentistry.co.uk,not US (list address)
modernlinemedspa.com,jessica@modernlinemedspa.com,practice type not targeted: Health and beauty shop
choosenorthern.org,tbeasley@wearenorthern.org,practice type not targeted: Surgical center
choosenorthern.org,bbeasley@wearenorthern.org,practice type not targeted: Surgical center
choosenorthern.org,dcombs@wearenorthern.org,practice type not targeted: Surgical center
g2dental.com,debra@g2dental.com,practice type not targeted: Dentist
ivitalitylife.com,kaylene@ivitalitylife.com,business already emailed or queued
renosurgical.com,paul@renosurgical.com,practice type not targeted: Surgeon
majordentalclinics.com,smilemke@majordentalclinics.com,practice type not targeted: Dental implants periodontist
expressionsdental.com,samantha@expressionsdental.com,practice type not targeted: Dentist
awesomephysiotherapy.com,sudhakar@awesomephysiotherapy.com,not US (list address)
thirdcoastsalt.com,shari@thirdcoastsalt.com,practice type not targeted: Day spa
sudleymanordentalcare.com,james@sudleymanordentalcare.com,practice type not targeted: Dentist
nourishmedicalcenter.com,adstew33@yahoo.com,business already emailed or queued
ledentist.com,lloyd@ledentist.com,practice type not targeted: Dentist
chantiquespa.com,chantiquespainc@yahoo.com,practice type not targeted: Day spa
beltsvillefootcare.com,ddeiboldt@beltsvillefootcare.com,practice type not targeted: Podiatrist
azfamilykidsdental.com,levi@azfamilykidsdental.com,practice type not targeted: Dentist
canaanvalleyspawv.com,amelia@canaanvalleyspawv.com,practice type not targeted: Spa
studioswestsalon.com,alisonwhitehouse@rocketmail.com,practice type not targeted: Beauty salon
evboonedds.com,evboone@prodigy.net,practice type not targeted: Dentist
baystardental.com,drzhang@baystardental.com,practice type not targeted: Dental clinic
clubhousepd.com,jackson@clubhousepd.com,practice type not targeted: Dentist
wavelanddentalcenter.com,wavelanddental@att.net,practice type not targeted: Dentist
experiencesalus.com,karyn@experiencesalus.com,practice type not targeted: Massage therapist
bedslide.com,dan@bedslide.com,practice type not targeted: Truck accessories store
smsurgicalweightloss.com,akahlmus@smsurgeons.com,practice type not targeted: (blank)
whiteoakdentalgroup.com,larry@whiteoakdentalgroup.com,practice type not targeted: Dentist
tj-dental.com,timothy@tj-dental.com,practice type not targeted: Dentist
somaticmassagepc.com,cameron@somaticmassagepc.com,practice type not targeted: Massage therapist
iowaoralsurgery.com,mswenson@iowaoralsurgery.com,practice type not targeted: Dentist
accessnowurgentcare.com,shobhit@accessnowurgentcare.com,practice type not targeted: Urgent care center
skinluxespa.com,vicky@skinluxespa.com,practice type not targeted: Spa
bayviewphysicians.com,hartzj@bayviewphysicians.com,practice type not targeted: Surgeon
luminesselaser.ca,sandy@luminesselaser.ca,not US (list address)
sandhillplastics.com,james@sandhillplastics.com,practice type not targeted: Plastic products supplier
alpinedentalwa.com,raman@alpinedentalwa.com,practice type not targeted: Dentist
heavenstouchspa.com,joycelyn@heavenstouchspa.com,practice type not targeted: Spa
ascatsm.com,pledger@ascatsm.com,practice type not targeted: Surgical center
perfectsmilesdentistreston.com,drdarvishian@verizon.net,practice type not targeted: Dentist
myrtle-beach-spa.com,rejuvenation09@yahoo.com,practice type not targeted: Massage therapist
ombusalon.com,beth@ombusalon.com,practice type not targeted: Beauty salon
polarisveincenter.com,amanda@polarisveincenter.com,practice type not targeted: Vascular surgeon
polarisveincenter.com,htorr@polarisveincenter.com,practice type not targeted: Vascular surgeon
grace-dentistry.com,eliza@grace-dentistry.com,practice type not targeted: Dentist
infinitydentalnortonshores.com,dave@infinitydentalnortonshores.com,practice type not targeted: Dentist
mayamedspa.com,vishnu@mayamedspa.com,practice type not targeted: Spa
relaxed-u.com,lana@relaxed-u.com,practice type not targeted: Day spa
pthealth.ca,vbasmadjian@pthealth.ca,not US (list address)
pthealth.ca,lbeckett@pthealth.ca,not US (list address)
cidmdsmiles.com,dr.cirasusta@yahoo.com,practice type not targeted: Dental clinic
smilecreatordental.com,belem@smilecreatordental.com,practice type not targeted: Dentist
smilecreatordental.com,soonhyuk@smilecreatordental.com,practice type not targeted: Dentist
brightsmilefamily.com,ronnie@brightsmilefamily.com,practice type not targeted: Dentist
herofamilydental.com,dr.joo@herofamilydental.com,practice type not targeted: Dentist
ruidososmile.com,shana.munoz@smilealamo.com,practice type not targeted: Dentist
journeysalonspa.com,mandy@journeysalonspa.com,practice type not targeted: Day spa
journeysalonspa.com,tracy@journeysalonspa.com,practice type not targeted: Day spa
perladentalpc.com,jayesha@perladentalpc.com,practice type not targeted: Dentist
perladentalpc.com,rodrigo@perladentalpc.com,practice type not targeted: Dentist
drj-spa.com,wentworth@drj-spa.com,practice type not targeted: Day spa
hdasmiles.com,mohamed@hdasmiles.com,practice type not targeted: Dentist
kissdental.co.uk,kailesh@kissdental.co.uk,not US (list address)
lighthousedentaloffice.com,parger@sbcglobal.net,practice type not targeted: Dentist
o2fitnessclubs.com,brian.guella@o2fitnessclubs.com,practice type not targeted: Fitness center
o2fitnessclubs.com,chris.richter@o2fitnessclubs.com,practice type not targeted: Fitness center
o2fitnessclubs.com,dany.kennedy@o2fitnessclubs.com,practice type not targeted: Fitness center
o2fitnessclubs.com,dreama.tapia@o2fitnessclubs.com,practice type not targeted: Fitness center
o2fitnessclubs.com,jasmine.clemons@o2fitnessclubs.com,practice type not targeted: Fitness center
o2fitnessclubs.com,louie.pellegrini@o2fitnessclubs.com,practice type not targeted: Fitness center
o2fitnessclubs.com,rebecca.evans@o2fitnessclubs.com,practice type not targeted: Fitness center
o2fitnessclubs.com,nicole.bloom@o2fitnessclubs.com,practice type not targeted: Fitness center
franklindentaldds.com,calvin.nguyen@franklindentaldds.com,practice type not targeted: Dentist
medicaleyecenter.com,molly.mors@medicaleyecenter.com,practice type not targeted: Eye care center
beladentistry.com,cjones@beladentistry.com,practice type not targeted: Dentist
back2healthpt.com,vladislav_shut@yahoo.com,practice type not targeted: Physical therapy clinic
detaileddentalofcedarlake.com,detailed.dental@yahoo.com,practice type not targeted: Dentist
floathelm.com,graham@helmbot.com,practice type not targeted: Spa
whiterockoms.com,thomas@whiterockoms.com,practice type not targeted: Dentist
skinfinityspa-carmel.com,val@skinfinityspa-carmel.com,practice type not targeted: Day spa
forlifetimesmiles.com,griffinfcd@yahoo.com,practice type not targeted: Dentist
skinshamanstudio.com,tamara@skinshamanstudio.com,practice type not targeted: Day spa
sacredwellness.life,crystal@sacredwellness.life,practice type not targeted: Massage spa
santafeexcellentmassages.com,yushuang@santafeexcellentmassages.com,practice type not targeted: Massage spa
sevaak.com,tricia@sevaak.com,practice type not targeted: Spa
kathyzahedidds.com,kathy@kathyzahedidds.com,practice type not targeted: Dentist
golfriversmiles.com,sslominski@golfriversmiles.com,practice type not targeted: Dental clinic
blissstudioandspa.com,michaela@blissstudioandspa.com,practice type not targeted: Spa
sanctuaryfc.com,summer@sanctuaryfc.com,practice type not targeted: Day spa
sanctuaryfc.com,mackenzie@sanctuaryfc.com,practice type not targeted: Day spa
prendivilledental.com,shirley@prendivilledental.com,practice type not targeted: Dentist
comelyparkdental.co.uk,craig@comelyparkdental.co.uk,not US (list address)
stonypointdentist.com,dentistnarang@aol.com,practice type not targeted: Dentist
eastprestondentalclinic.co.uk,smile@eastprestondentalclinic.co.uk,not US (list address)
lilylaser.com,liana@lilylaser.com,practice type not targeted: Laser hair removal service
richrosedental.com,kenneth@texasdental.group,practice type not targeted: Dentist
davidwarddds.com,jennifer_y@davidwarddds.com,practice type not targeted: Dentist
davidwarddds.com,drward@davidwarddds.com,practice type not targeted: Dentist
dentaodessa.com,loi@dentaodessa.com,practice type not targeted: Dentist
peachskinlaser.com,oscar@peachskinlaser.com,practice type not targeted: Laser hair removal service
vanhaladental.com,brent@vanhaladental.com,practice type not targeted: Dentist
legacysalons.com,majid@legacysalons.com,practice type not targeted: Beauty salon
blu-aesthetics.com,trevor@blu-aesthetics.com,practice type not targeted: Day spa
balancedbreastfeeding.com,katie@balancedbreastfeeding.com,practice type not targeted: Registered general nurse
xpressmedical.net,nhanna@xpressmedical.net,practice type not targeted: Urgent care center
trinitydentalcenters.com,asheikh@trinitydentalcenters.com,practice type not targeted: Dentist
modernsmilesnampa.com,chris@modernsmilesnampa.com,practice type not targeted: Dental clinic
thehouseofaesthetics.co,xitlalli@thehouseofaesthetics.co,practice type not targeted: Beauty salon
regionalveterinaryservices.com,dr_aarmstrong@yahoo.com,practice type not targeted: Veterinarian
drtroyagromis.com,troy.gromis@att.net,practice type not targeted: Dentist
doctorsleepapnea.com,drmyong@yahoo.com,practice type not targeted: Sleep clinic
esspa.com,eva@esspa.org,practice type not targeted: Day spa
theartofbeautyskincareassociates.com,laura@theartofbeautyskincareassociates.com,practice type not targeted: Spa
therighttouchdayspa.com,jenniferrighttouch@yahoo.com,practice type not targeted: Day spa
everyoneblooms.com,patrice@everyoneblooms.com,practice type not targeted: Day spa
everyoneblooms.com,julie@everyoneblooms.com,practice type not targeted: Day spa
sixthsensespa.com,jill@sixthsensespa.com,practice type not targeted: Day spa
crystalspringsdental.com,jennifer@crystalspringsdental.com,practice type not targeted: Dental clinic
ammonsdental.com,ammonsmichaeldmd@yahoo.com,practice type not targeted: Dentist
milanifamilydental.com,nahalmilani@yahoo.com,practice type not targeted: Dentist
musehealthandbeauty.com,karen@musehealthandbeauty.com,practice type not targeted: Spa
pnwretina.com,jdotson@pnwretina.com,practice type not targeted: Ophthalmology clinic
pnwretina.com,e.sun@pnwretina.com,practice type not targeted: Ophthalmology clinic
adventisthealth.org,kerry.heinrich@ah.org,practice type not targeted: Surgeon
lynchsurgicalgroup.com,mark@lynchsurgicalgroup.com,practice type not targeted: Surgeon
craigranchdentalgroup.com,omar.sanchez@craigranchdentalgroup.com,practice type not targeted: Dentist
apermanenteffect.com,agnes@apermanenteffect.com,practice type not targeted: Electrolysis hair removal service
oakgrovedental.com,steven@oakgrovedental.com,practice type not targeted: Dentist
drbagan.com,matthew@drbagan.com,practice type not targeted: Surgeon
theurbanhaven.com,erin@theurbanhaven.com,practice type not targeted: Massage therapist
familydentalcaresycamore.com,rbarot@heartlanddentalcare.com,practice type not targeted: Dentist
thedentalgroupgalesburg.com,insurance@thedentalgroupgalesburg.com,practice type not targeted: Dentist
thedentalgroupgalesburg.com,cody@thedentalgroupgalesburg.com,practice type not targeted: Dentist
mdmaplewood.com,media@heartland.com,practice type not targeted: Dentist
lyv-wellness.com,kayla@lyv-wellness.com,business already emailed or queued
nunesdmd.com,martin.nunes@nunesdmd.com,practice type not targeted: Dental clinic
miaskinbar.com,amada@miaskinbar.com,practice type not targeted: Facial spa
smilesbypaulanto.com,paul@smilesbypaulanto.com,practice type not targeted: Dentist
dentalcareofvandyke.com,ishwer@dentalcareofvandyke.com,practice type not targeted: Dental clinic
ortegasurgery.com,jose@ortegasurgery.com,practice type not targeted: Surgeon
dental.touro.edu,rhonda.kaufman14@touro.edu,practice type not targeted: Dental school
dental.touro.edu,ronnie.myers3@touro.edu,practice type not targeted: Dental school
dental.touro.edu,alexander.hall8@touro.edu,practice type not targeted: Dental school
dental.touro.edu,lina.bejarano@touro.edu,practice type not targeted: Dental school
dental.touro.edu,gloria_gong@touro.edu,practice type not targeted: Dental school
dental.touro.edu,james_demaio@nymc.edu,practice type not targeted: Dental school
dental.touro.edu,david-j.katz17@touro.edu,practice type not targeted: Dental school
arheart.com,bruce.murphy@arheart.com,practice type not targeted: Surgeon
rhaventura.com,shlomi@rhaventura.com,practice type not targeted: Beauty salon
spaapeel.com,wanda@spaapeel.com,practice type not targeted: Day spa
elitespama.com,kira@elitespama.com,practice type not targeted: Day spa
bakersfieldsmiledesign.com,kenneth@bakersfieldsmiledesign.com,practice type not targeted: Dentist
riversidedentistrybf.com,remi@riversidedentistrybf.com,practice type not targeted: Dentist
weightlosscherryhill.com,edishler@weightlosscherryhill.com,practice type not targeted: (blank)
blissdentistrycampbell.com,bliss@blissdentistrycampbell.com,practice type not targeted: Dentist
dentistsofpalmbay.com,sara@dentistsofpalmbay.com,practice type not targeted: Dentist
mauisbestmassage.com,sam@mauisbestmassage.com,practice type not targeted: Massage spa
20orangespa.com,info@20orangespa.com,practice type not targeted: Spa
donaldbland.com,donaldbland@bellsouth.net,practice type not targeted: Dentist
inletpremierdental.com,taurean@inletpremierdental.com,practice type not targeted: Dentist
salonrepublic.com,eric@salonrepublic.com,practice type not targeted: Beauty salon
cabarruseye.com,cyoung@cabarruseye.com,practice type not targeted: Ophthalmology clinic
cabarruseye.com,david.hasson@cabarruseye.com,practice type not targeted: Ophthalmology clinic
buffalocreekdental.com,robin@buffalocreekdental.com,practice type not targeted: Dentist
buffalocreekdental.com,drbarnes@buffalocreekdental.com,practice type not targeted: Dentist
eyeassociatesoftallahassee.com,vickyo@eyeassociates-tlh.com,practice type not targeted: Surgical center
orovillegentledentistry.com,brent@orovillegentledentistry.com,practice type not targeted: Dentist
harbordentalbenicia.com,scott@harbordentalbenicia.com,practice type not targeted: Dentist
eurodayspa.com,mwatts@eurodayspa.com,practice type not targeted: Facial spa
eurodayspa.com,larsenault@eurodayspa.com,practice type not targeted: Facial spa
bulverdedentistry.com,catherine@bulverdedentistry.com,practice type not targeted: Dentist
blissfulretreatdayspa.com,cat@blissfulretreatdayspa.com,practice type not targeted: Day spa
progressivedentalsmiles.com,robert@progressivedentalsmiles.com,practice type not targeted: Dentist
longevityhealthmaui.com,jeff@longevityhealthmaui.com,practice type not targeted: Acupuncturist
wilsondentalva.com,drwilson@wilsondentalva.com,practice type not targeted: Dentist
alwaysnhs.org,jberry@nhs-ok.org,practice type not targeted: Surgeon
dentalsolutionsbinghamton.com,jenn@dentalsolutionsbinghamton.com,practice type not targeted: Prosthodontist
dentalsolutionsbinghamton.com,ronald@dentalsolutionsbinghamton.com,practice type not targeted: Prosthodontist
oneveinclinic.com,fawzi@oneveinclinic.com,practice type not targeted: Surgeon
fairmountcircledentistry.com,dds_r@att.net,practice type not targeted: Dentist
gondimaesthetics.com,gabriela@gondimaesthetics.com,practice type not targeted: Beautician
pomonadentistoffice.com,miguel.calderon@pomonadentistoffice.com,practice type not targeted: Dentist
meridianmassagespa.com,info@meridianmassagespa.com,practice type not targeted: Massage spa
beeswaxspa.com,jinny@beeswaxspa.com,practice type not targeted: Massage therapist
flora-medspa.com,levy@flora-medspa.com,practice type not targeted: Spa
downtowndentallemoore.com,mehdi@downtowndentallemoore.com,practice type not targeted: Dental clinic
leelaecospa.ca,gaurav@leelaecospa.ca,not US (list address)
themedspawimberley.com,yvette@themedspawimberley.com,practice type not targeted: Facial spa
aluraveda.com,mesut@aluraveda.com,practice type not targeted: Beauty salon
theempress.com,sharon@theempress.com,practice type not targeted: (blank)
mynorthlanddental.com,andrew@mynorthlanddental.com,practice type not targeted: Dentist
completedentistryestero.com,kcohen@heartland.com,practice type not targeted: Dentist
dentalinnovationsgallup.com,jared@dentalinnovationsgallup.com,practice type not targeted: Dentist
oms-urgentcare.com,dromokhodion@yahoo.com,practice type not targeted: Urgent care center
oms-urgentcare.com,anishua@oms-urgentcare.com,practice type not targeted: Urgent care center
southsfheartdentistry.com,howard@southsfheartdentistry.com,practice type not targeted: Dentist
peachtreedentalgroup.com,jelana.bryan@peachtreecitydentalgroup.com,practice type not targeted: Dentist
essentialsdental.com,sara@essentialsdental.com,practice type not targeted: Dentist
stmarydental.net,saeda.basta@stmarydental.net,practice type not targeted: Prosthodontist
accesahealth.com,blendy@accesahealth.com,practice type not targeted: Vitamin & supplements store
spa31.com,alisha@spa31.com,practice type not targeted: Spa
drreyaweeks.com,reya@drreyaweeks.com,practice type not targeted: Dentist
allseasonsdentalco.com,klbocim.0621@yahoo.com,practice type not targeted: Dentist
infiniqueskin.com,tonya@infiniqueskin.com,practice type not targeted: Spa
drtcho.com,ted@drtcho.com,practice type not targeted: Dentist
westonoutpatient.com,richard.famiglietti@westonoutpatient.com,practice type not targeted: Surgical center
stlukes-stl.com,andrew.bagnall@stlukes-stl.com,practice type not targeted: Surgeon
stlukes-stl.com,daniel.mccormack@stlukes-stl.com,practice type not targeted: Surgeon
blueroothealth.com,asoto@blueroothealth.com,practice type not targeted: Acupuncture clinic
haitangeasterntherapies.com,geoffrey@haitangeasterntherapies.com,practice type not targeted: Acupuncture clinic
dentalspaorange.com,prashant@dentalspaorange.com,practice type not targeted: Dentist
avondentalroundlake.com,sumedha@avondentalroundlake.com,practice type not targeted: Dentist
healingwaterssalonspa.com,jessicasolie@healingwaterssalonspa.com,practice type not targeted: Beauty salon
moredentistrync.com,abdel@moredentistrync.com,practice type not targeted: Dentist
vascularinstituteofchattanooga.com,chris@vascularinstituteofchattanooga.com,practice type not targeted: Vascular surgeon
conwaymedicalcenter.com,brian.argo@cmc-sc.com,practice type not targeted: Surgical center
henrymayo.com,garciaap@henrymayo.com,practice type not targeted: Urgent care center
henrymayo.com,klockengak@henrymayo.com,practice type not targeted: Urgent care center
sportsmotionpt.net,dave@sportsmotionpt.net,practice type not targeted: Physical therapist
terracecreekdentalcare.com,kathryn@terracecreekdentalcare.com,practice type not targeted: Dentist
zapantadental.com,dr.zapanta@yahoo.com,practice type not targeted: Dentist
graystone-eye.com,pblalock@graystone-eye.com,practice type not targeted: Ophthalmology clinic
pathwaywellness.com,jfarrah@pathwaywellness.com,business already emailed or queued
yourcovinafamilydentistry.com,yourcovinafamdentistry@yahoo.com,practice type not targeted: Dentist
robertsonbiologicaldentistry.com,wendell@robertsonbiologicaldentistry.com,practice type not targeted: Dentist
2thdocs.com,alan@2thdocs.com,practice type not targeted: Dentist
lerdotravelcenter.com,rkcheema@yahoo.com,practice type not targeted: Truck stop
newbeginningsdentistry.com,john@newbeginningsdentistry.com,practice type not targeted: Dentist
insidehealthclinic.com,lori@insidehealthclinic.com,not US (list address)
mountainviewsurgery.com,drsinghal@mountainviewsurgery.com,practice type not targeted: Surgeon
bayviewdental.com,kenneth@bayviewdental.com,practice type not targeted: Dentist
novalifespa.com,tcorder@novalifespa.com,practice type not targeted: Day spa
novalifespa.com,mmiller@novalifespa.com,practice type not targeted: Day spa
womanworx.com,melvin@womanworx.com,practice type not targeted: Fitness center
shorephysiciansgroup.com,dhughes@shorephysiciansgroup.com,practice type not targeted: Urgent care center
shorephysiciansgroup.com,cmiller@shorephysiciansgroup.com,practice type not targeted: Urgent care center
gvsc-asc.com,pamela.silva@gvsc-asc.com,practice type not targeted: Surgical center
foxveinexperts.com,drsusanbfox@cs.com,practice type not targeted: Radiologist
joplinurgentcare.com,brian@joplinurgentcare.com,practice type not targeted: Urgent care center
dentistoflakewood.com,sahar@dentistoflakewood.com,practice type not targeted: Dentist
oaklawn.com,lcella@oaklawn.com,practice type not targeted: Spa
oaklawn.com,cho@oaklawn.com,practice type not targeted: Spa
pompanobeach-spa.com,jeff@pompanobeach-spa.com,practice type not targeted: Massage spa
simplesmilesco.com,huyen@simplesmilesco.com,practice type not targeted: Dentist
anchoragemidtowndental.com,guy@anchoragemidtowndental.com,practice type not targeted: Dentist
mlaesthetics.com,m@mlaesthetics.com,practice type not targeted: Facial spa
podiatrygroupofgeorgia.com,tammy.gephart@podiatrygroupofgeorgia.com,practice type not targeted: Podiatrist
agelessspatlh.com,val@agelessspatlh.com,practice type not targeted: Day spa
movara.com,michelle@movara.com,practice type not targeted: (blank)
movara.com,cameron@movara.com,practice type not targeted: (blank)
dentalgroupct.com,harvey@dentalgroupct.com,practice type not targeted: Dentist
innerbeautyhypnosis.com,puregracemindandbody@yahoo.com,practice type not targeted: Hypnotherapy service
tcmplus.com,zheng@tcmplus.com,not US (list address)
carversmiles.com,carversmiles@yahoo.com,practice type not targeted: Dentist
drkreidstein.com,drmichael@drkreidstein.com,not US (list address)
archwayhypnosis.com,barbararosscmh@aol.com,practice type not targeted: Hypnotherapy service
banyanandbamboo.com,jennifer@banyanandbamboo.com,practice type not targeted: Day spa
bellissimaberkeley.com,monique@bellissimaberkeley.com,practice type not targeted: Day spa
kwestskinbodyspirit.com,katie@kwestskinbodyspirit.com,practice type not targeted: Facial spa
spaescapesb.com,yolanda@spaescapesb.com,practice type not targeted: Spa
janowerandmonkmandentistry.com,andrea@janowerandmonkmandentistry.com,practice type not targeted: Dentist
urgentcarelaguna.com,amila@urgentcarelaguna.com,practice type not targeted: Urgent care center
santabarbarasurgerycenter.com,ccolbert@uspi.com,practice type not targeted: Surgical center
aspenvidamedispa.com,eden@aspenvidamedispa.com,practice type not targeted: Day spa
faycurrydental.com,mary@faycurrydental.com,practice type not targeted: Dentist
faycurrydental.com,jeffrey.faycurry@faycurrydental.com,practice type not targeted: Dentist
labellaskinbar.com,grace@labellaskinbar.com,practice type not targeted: Spa
labellaskinbar.com,chris@labellaskinbar.com,practice type not targeted: Spa
darya-spa.com,hillary@darya-spa.com,practice type not targeted: Spa
thesavannahdentist.com,dr.dye@thesavannahdentist.com,practice type not targeted: Dentist
alentespa.com,darcie@alentespa.com,practice type not targeted: Beauty salon
mysagedental.com,tmarler@mysagedental.com,practice type not targeted: Dentist
mysagedental.com,jkaufman@mysagedental.com,practice type not targeted: Dentist
sourcepointcommunity.com,carrie@sourcepointcommunity.com,practice type not targeted: Acupuncture clinic
krystynaseuropeanspa.com,krystyna.ejsmont@krystynaseuropeanspa.com,practice type not targeted: Day spa
secondstreetdentistry.com,tina@secondstreetdentistry.com,practice type not targeted: Dentist
secondstreetdentistry.com,jlemmons@secondstreetdentistry.com,practice type not targeted: Dentist
surgerycenterwasilla.com,jgrissom@surgerycenterwasilla.com,practice type not targeted: Surgical center
surgerycenterwasilla.com,sherrick@surgerycenterwasilla.com,practice type not targeted: Surgical center
amigochildrensdental.com,howard@amigochildrensdental.com,practice type not targeted: Dentist
halospapv.com,monica@halospapv.com,practice type not targeted: Facial spa
sanctuaryspasyr.com,tracey@sanctuaryspasyr.com,practice type not targeted: Day spa
goldenstatestrands.com,cass@goldenstatestrands.com,practice type not targeted: Beauty salon
culinahealth.com,vanessa@culinahealth.com,practice type not targeted: Dietitian
culinahealth.com,jane@culinahealth.com,practice type not targeted: Dietitian
ossurgical.com,mlynn@ossurgical.com,practice type not targeted: Surgical center
fortmyersmoderndentistry.com,dave.jean-pierre@pdshealth.com,practice type not targeted: Dentist
smileleaguedental.com,morolayo@smileleaguedental.com,practice type not targeted: Dentist
sedaliadental.com,ladonna@sedaliadental.com,practice type not targeted: Dental clinic
rejuvii.com,nana@rejuvii.com,business already emailed or queued
harrowonthehillclinic.co.uk,ahmed@harrowonthehillclinic.co.uk,not US (list address)
completesurgery.com,cwilliams@completesurgery.com,practice type not targeted: Surgical center
lessanitary.com,billr@wcnx.org,practice type not targeted: Waste management service
prnpt.com,agupta@prnpt.com,practice type not targeted: Physical therapy clinic
txcitydental.com,kapil@txcitydental.com,practice type not targeted: Dentist
modernsmile.com,bwachs@modernsmile.com,practice type not targeted: Teeth whitening service
coastalplasticsurgery.ca,hello@drrobynwatts.com,not US (list address)
implantsurgerycenter.com,barrett@implantsurgerycenter.com,practice type not targeted: Dental implants provider
wholeworldmassage.com,tracy@wholeworldmassage.com,practice type not targeted: Massage therapist
myamericanfamilydentist.com,drkalaria@myamericanfamilydentist.com,practice type not targeted: Dentist
bearcreekdentalgroup.com,diana.do@bearcreekdentalgroup.com,practice type not targeted: Dentist
beyondbeautyofms.com,corajmc@yahoo.com,practice type not targeted: Day spa
blaisdelldental.com,tom@blaisdelldental.com,practice type not targeted: Dentist
higginbothamfamilydental.com,lferrell@higginbothamfamilydental.com,practice type not targeted: Dentist
higginbothamfamilydental.com,thigginbotham@higginbothamfamilydental.com,practice type not targeted: Dentist
noladentalstudio.com,logan@noladentalstudio.com,practice type not targeted: Dentist
armstrongmd.com,jennifer@armstrongmd.com,practice type not targeted: Cosmetics industry
aboutsmilesinaustin.com,gretchen@aboutsmilesinaustin.com,practice type not targeted: Dentist
simplysoothingtherapy.com,norma@simplysoothingtherapy.com,practice type not targeted: Massage spa
pvbvet.com,louis@pvbvet.com,practice type not targeted: Veterinarian
pvbvet.com,allison@pvbvet.com,practice type not targeted: Veterinarian
usana.com,kevin.guest@usana.com,practice type not targeted: Vitamin & supplements store
mychart.bryanhealth.org,russell.gronewold@bryanhealth.org,practice type not targeted: Surgeon
rapidurgentcare.com,ccarriere@rapidurgentcare.com,practice type not targeted: Urgent care center
medentmobile.com,ryan@medent.com,practice type not targeted: Surgeon
medentmobile.com,edr@medent.com,practice type not targeted: Surgeon
sakuradc.co.uk,gabriela@sakuradc.co.uk,not US (list address)
wellskinclinic.co.uk,annalisa@wellskinclinic.co.uk,not US (list address)
blufftonokatiesurgerycenter.com,bbryant2@uspi.com,practice type not targeted: Physical therapy clinic
shamblottfamilydentistry.com,scott@shamblottfamilydentistry.com,practice type not targeted: Dentist
greenvillecrossing.com,rrossi@bpgroup.net,practice type not targeted: Shopping mall
lomaskincare.com,katie@lomaskincare.com,practice type not targeted: Hair removal service
petalumasmiles.com,bobkoenitzer@aol.com,practice type not targeted: Dentist
sorrisodental.com,drlabritz@sorrisodental.com,practice type not targeted: Dentist
imagesmedspa.com,jglazer@imagesmedspa.com,practice type not targeted: (blank)
imagesmedspa.com,llangfield@imagesmedspa.com,practice type not targeted: (blank)
revivesouthsea.co.uk,nicola@revivesouthsea.co.uk,not US (list address)
smilenrh.com,admin@smilenrh.com,practice type not targeted: Dentist
skinfinity-spa.com,jennifer@skinfinity-spa.com,practice type not targeted: Spa
fcidentalcare.com,mohamed@fcidentalcare.com,practice type not targeted: Dentist
augustaacupunctureclinic.com,eric@augustaacupunctureclinic.com,practice type not targeted: Acupuncture clinic
rjwestny.com,rachel@rjwestny.com,practice type not targeted: Day spa
rjwestny.com,michael@rjwestny.com,practice type not targeted: Day spa
escapedayspa.us,misty@escapedayspa.us,practice type not targeted: Spa
southridingdds.com,carl.steger@southridingdds.com,practice type not targeted: Dentist
drhenryknowlesjr.com,dr.henryknowles@yahoo.com,practice type not targeted: Dentist
nortonbarbertondental.com,raymondrohrbach@yahoo.com,practice type not targeted: Dentist
lakemountaindental.com,shantel.f@lakemountaindental.com,practice type not targeted: Dentist
lakemountaindental.com,michael@lakemountaindental.com,practice type not targeted: Dentist
venusnailsspa.ca,rimpal@venusnailsspa.ca,not US (list address)
empoweringwellnessict.com,melissa@empoweringwellnessict.com,business already emailed or queued
diamanteestheticsnyc.com,ana@diamanteestheticsnyc.com,practice type not targeted: Spa
theaestheticsrefineryllc.com,taylor@theaestheticsrefineryllc.com,practice type not targeted: Facial spa
riverpointfamilydental.com,boydn@riverpointfamilydental.com,practice type not targeted: Dentist
alchemymindbody.com,denyse@alchemymindbody.com,practice type not targeted: Spa
nduc.org,kane@nduc.org,practice type not targeted: Urgent care center
ashleyswain.com,ashley@ashleyswain.com,practice type not targeted: Permanent make-up clinic
oakberrydental.net,amy@oakberrydental.net,practice type not targeted: Dentist
thegaiaspa.com,johnny@thegaiaspa.com,practice type not targeted: Spa
philipjohnsonsalon.com,joshb@philipjohnsonsalon.com,practice type not targeted: Beauty salon
bluewater.fitness,nora@bluewaterfitness.net,practice type not targeted: Fitness center
highpointdentalgroup.com,annie@highpointdentalgroup.com,practice type not targeted: Dentist
highpointdentalgroup.com,drparos@highpointdentalgroup.com,practice type not targeted: Dentist
bostonimplantcenter.com,chan_cheong@hsdm.harvard.edu,practice type not targeted: Dental implants provider
westtexasrehab.org,smartin@wtrc.com,practice type not targeted: Rehabilitation center
westtexasrehab.org,chirt@wtrc.com,practice type not targeted: Rehabilitation center
agelessspatulsa.com,val@agelessspatulsa.com,practice type not targeted: Day spa
cajahsalon.com,jim@cajahsalon.com,practice type not targeted: Beauty salon
baptistfirst.org,rtyner@baptistfirst.org,practice type not targeted: Surgeon
baptistfirst.org,tm@baptistfirst.org,practice type not targeted: Surgeon
estheticworldbeauty.com,info@estheticworldbeauty.com,practice type not targeted: Permanent make-up clinic
serenityurgentcareandwellness.com,jodee@serenityurgentcareandwellness.com,practice type not targeted: Urgent care center
lexfacialbar.com,karyn@lexfacialbar.com,practice type not targeted: Day spa
cosmeticcourses.co.uk,adrian@plasticsurgeonuk.com,not US (list address)
bluemagnoliamed.com,kay@bluemagnoliamed.com,practice type not targeted: Day spa
lwspa.com,karla@lwspa.com,practice type not targeted: Day spa
sknmontclair.com,kate@sknmontclair.com,practice type not targeted: Facial spa
issadentistry.com,bassam@issadentistry.com,practice type not targeted: Dental clinic
pelandaledental.com,pelandaledental@yahoo.com,practice type not targeted: Dentist
memorialsameday.com,mschoenthal@msdsc.net,practice type not targeted: Surgical center
huchfamilydentistry.com,huchdm504@yahoo.com,practice type not targeted: Dental clinic
orthoneuro.com,mstephenson@orthoneuro.com,practice type not targeted: Physical therapy clinic
dermazenspa.com,val@dermazenspa.com,practice type not targeted: Spa
aafdentistry.com,larry@aafdentistry.com,practice type not targeted: Dentist
edmondsbaydental.com,mtomar@edmondsbaydental.com,practice type not targeted: Dentist
rapidcarecentervisalia.com,paul@rapidcarecentervisalia.com,practice type not targeted: Urgent care center
unboundedaesthetics.com,gina@unboundedaesthetics.com,practice type not targeted: Facial spa
skintheoryglenellyn.com,stephanie@skintheoryesthetics.com,practice type not targeted: Health and beauty shop
westenddentalrva.com,tara@westenddentalrva.com,practice type not targeted: Dentist
westenddentalrva.com,james@westenddentalrva.com,practice type not targeted: Dentist
aheavenlytouchspaofbeauty.com,aheavenlytouch@verizon.net,practice type not targeted: Day spa
epicsurgeryclinic.com,mohamed@epicsurgeryclinic.com,practice type not targeted: Surgeon
caredentalspa.com,quang@caredentalspa.com,practice type not targeted: Dentist
skincenter.co.uk,britta@skincenter.co.uk,not US (list address)
skinrnaesthetics.com,beckie@skinrnaesthetics.com,practice type not targeted: Laser hair removal service
reignaestheticsspa.com,mary@reignaestheticsspa.com,practice type not targeted: Spa
smithfieldfamilydentist.com,officemanager@smithfieldfamilydentist.com,practice type not targeted: Dentist
smithfieldfamilydentist.com,drpower@smithfieldfamilydentist.com,practice type not targeted: Dentist
rockcreekwellness.com,jonathan@rockcreekwellness.com,business already emailed or queued
alchemywellness.health,teresa@alchemywellness.health,business already emailed or queued
truthorganicspa.com,julie@truthorganicspa.com,practice type not targeted: Day spa
serenityspasalonapopka.com,janice@serenityspasalonapopka.com,practice type not targeted: Beauty salon
mydentistpa.com,yefim@mydentistpa.com,practice type not targeted: Dental clinic
lifetimenutritionandwellness.com,kimberly@lifetimenutritionandwellness.com,practice type not targeted: Dietitian
cliftonmedispa.co.uk,shan@cliftonmedispa.co.uk,not US (list address)
brownsvillesurgerycenter.com,mattie.garza@hcahealthcare.com,practice type not targeted: Surgical center
vfdental.com,tmozingo@vfdental.com,practice type not targeted: Dental clinic
vfdental.com,anuj.james@vfdental.com,practice type not targeted: Dental clinic
oralsurgicalarts.com,ronachong05@yahoo.com,practice type not targeted: Dental clinic
kikipainrelief.com,kikipainrrelief@yahoo.com,practice type not targeted: Massage therapist
trinityfootandankle.com,gregory@trinityfootandankle.com,practice type not targeted: Podiatrist
familydentalfostercity.com,pchan@familydentalfostercity.com,practice type not targeted: Dental clinic
gobeyondexercise.com,eric.oliver@gobeyondexercise.com,practice type not targeted: Physical therapy clinic
huedentalgarland.com,nghi@huedentalgarland.com,practice type not targeted: Dentist
oaevansville.com,jblanton@oaevansville.com,practice type not targeted: Surgeon
dentalworldkapolei.com,myra@dentalworldkapolei.com,practice type not targeted: Dentist
healthy.kaiserpermanente.org,gregory.a.adams@kp.org,practice type not targeted: Surgical center
groveportdentalgroup.com,groveportdental@aol.com,practice type not targeted: Dentist
aquatichealthandrehab.com,tshepherd@aquatichealthandrehab.com,practice type not targeted: Physical therapist
shiva.cc,shiva@shiva.cc,practice type not targeted: Acupuncture clinic
jamesburgdentist.com,debbie@jamesburgdentist.com,practice type not targeted: Dentist
her-medspa.com,maria@her-medspa.com,practice type not targeted: Spa
nrmchospital.org,kirk.soileau@nrmchospital.org,practice type not targeted: Surgeon
nrmchospital.org,cathy.jacobs@nrmchospital.org,practice type not targeted: Surgeon
beautyanewmedspa.com,rnnerissa@yahoo.com,practice type not targeted: Spa
dastousdio.ca,rachel@dastousdio.ca,not US (list address)
logunova.com,polina@logunova.com,practice type not targeted: Beauty salon
caredentals.com,harshavardhan.garla@caredentals.com,practice type not targeted: Dentist
patrickchiassonmd.com,sarah.sabalos@northwestmedicalcenter.com,practice type not targeted: Surgeon
patrickchiassonmd.com,info@drchiasson.com,practice type not targeted: Surgeon
valleyfootankle.com,jenna.johal@valleyfootankle.com,practice type not targeted: Podiatrist
valleyfootankle.com,meghan.trevino@valleyfootankle.com,practice type not targeted: Podiatrist
valleyfootankle.com,gan.golshteyn@valleyfootankle.com,practice type not targeted: Podiatrist
pensacoladentistry.com,william@pensacoladentistry.com,practice type not targeted: Dentist
kenlutschdds.com,michellerasner@aol.com,practice type not targeted: Dentist
kenlutschdds.com,klutsch@aol.com,practice type not targeted: Dentist
thedentalgroup.com,vanesa@thedentalgroup.com,practice type not targeted: Dentist
thedentalgroup.com,anthony@thedentalgroup.com,practice type not targeted: Dentist
britesmiledental.com,bashar@britesmiledental.com,practice type not targeted: Dentist
salonmaxandfi.com,karlee@salonmaxandfi.com,practice type not targeted: Beauty salon
medspaessence.com,monica@medspaessence.com,practice type not targeted: Day spa
fourelementssalonandspa.com,kathy@fourelementssalonandspa.com,practice type not targeted: Spa
sevenbridgesdentalstudio.com,fariha@sevenbridgesdentalstudio.com,practice type not targeted: Dentist
corporatehealthtesting.com,drmaple@corporatehealthtesting.com,practice type not targeted: Occupational medical physician
dermave-spa.com,val@dermave-spa.com,practice type not targeted: Spa
completeskinspa.com,itala@completeskinspa.com,practice type not targeted: Facial spa
dr-jenkins.com,taunya@dr-jenkins.com,practice type not targeted: Dentist
murrykuhndentistry.com,drbmurry@mkdentistry.com,practice type not targeted: Dentist
yourwoodlandhillsdental.com,douglas@yourwoodlandhillsdental.com,practice type not targeted: Dentist
mcleanfaceandbodyspa.com,randy@mcleanfaceandbodyspa.com,practice type not targeted: Day spa
stonehavendental.com,epaystrup@stonehavendental.com,practice type not targeted: Dental clinic
silkrosespa.com,martia@silkrosespa.com,practice type not targeted: Spa
thecosmeticandimplantdentalcenter.com,agsdmd@yahoo.com,practice type not targeted: Dentist
fordplasticsurgery.com,natasha@fordplasticsurgery.com,not US (list address)
myplasticsurgerytoronto.com,lawrence@myplasticsurgerytoronto.com,not US (list address)
sculptedllc.com,katara@sculptedllc.com,practice type not targeted: Health and beauty shop
brecksvillesurgerycenter.com,jan@brecksvillesurgerycenter.com,practice type not targeted: Surgical center
bakerdentalcare.com,bakerbrothers@bakerdentalcare.com,practice type not targeted: Dentist
southpointsurgery.com,rajesh.shetty@southpointsurgery.com,practice type not targeted: Surgical center
serenityspa.com,megan@serenityspa.com,practice type not targeted: Day spa
sundanceclinicalresearch.com,lnooter@sundanceclinicalresearch.com,practice type not targeted: Research institute
wedgewood-dental.com,linda@wedgewood-dental.com,practice type not targeted: Dentist
bellamedspaonline.com,jacky@bellamedspaonline.com,practice type not targeted: Laser hair removal service
florindentalcare.com,ava@florindentalcare.com,practice type not targeted: Dentist
carushutto.com,rkurian@heartland.com,practice type not targeted: Dentist
theaestheticcenter.com,dpassaretti@theaestheticcenter.com,business already emailed or queued
myoracare.com,robert@myoracare.com,practice type not targeted: Dental clinic
jeffreysnowmd.com,jsnow@jeffreysnowmd.com,practice type not targeted: Surgeon
palossurgicenter.com,anunkovich@palossurgicenter.com,practice type not targeted: Surgical center
palossurgicenter.com,tholecek@palossurgicenter.com,practice type not targeted: Surgical center
abc.com,dana.walden@abc.com,practice type not targeted: Dental implants periodontist
abc.com,jeannie.kedas@abc.com,practice type not targeted: Dental implants periodontist
desertvascularassociates.com,anna@desertvascularassociates.com,practice type not targeted: Vascular surgeon
tranquil-escape.com,maureen@tranquil-escape.com,practice type not targeted: Day spa
totalcareimplantdentistry.com,james@totalcareimplantdentistry.com,practice type not targeted: Dentist
solutionsmedicalcenter.com,kate@solutionsmedicalcenter.com,business already emailed or queued
centerofaestheticsurgery.com,yadro@centerofaestheticsurgery.com,practice type not targeted: Facial spa
manneye.com,pmann@manneye.com,practice type not targeted: Eye care center
surgerycenterkansas.com,kathleenpomeroy@koc-pa.com,practice type not targeted: Surgical center
maximumsustainedperformance.com,walter@maximumsustainedperformance.com,business already emailed or queued
eaglefalls.com,adam.szatkowski@eaglefalls.com,practice type not targeted: Dentist
kencaryldentistry.com,kayee@kencaryldentistry.com,practice type not targeted: Dentist
hyperbaricfitness.com,joe@hyperbaricfitness.com,practice type not targeted: Fitness center
elevatedsmiles.com,thanh@elevatedsmiles.com,practice type not targeted: Dentist
whittierdentalservices.com,david@whittierdentalservices.com,practice type not targeted: Dentist
eyesurgeonspc.com,jberntgen@eyesurgeonspc.com,practice type not targeted: Ophthalmology clinic
eyesurgeonspc.com,momalley@eyesurgeonspc.com,practice type not targeted: Ophthalmology clinic
riversfamilydentistry.com,frontdesk@mocksvilledentistry.com,practice type not targeted: Dentist
hooie-dental.com,info@hooie-dental.com,practice type not targeted: Dentist
slatebestie.com,candra@slate.ai,practice type not targeted: Eyelash salon
transformationssalonandspa.com,samantha@transformationssalonandspa.com,practice type not targeted: Day spa
transformationssalonandspa.com,vivian@transformationssalonandspa.com,practice type not targeted: Day spa
afivestarsmile.com,drperez@afivestarsmile.com,practice type not targeted: Dentist
fthuntmassageandspa.com,laz@fthmassage.com,practice type not targeted: Massage spa
agelessspaorl.com,val@agelessspaorl.com,practice type not targeted: Day spa
bellareinaspa.com,nancyr@bellareinaspa.com,practice type not targeted: Facial spa
bellareinaspa.com,cindy@bellareinaspa.com,practice type not targeted: Facial spa
ascendspa.com,tara@ascendspa.com,practice type not targeted: Laser hair removal service
indiomoderndentistry.com,alexander.tran@indiomoderndentistry.com,practice type not targeted: Dentist
itspurebliss.com,jennifer@itspurebliss.com,practice type not targeted: Day spa
carbonvalleydentalco.com,kyle@carbonvalleydentalco.com,practice type not targeted: Dentist
pullmanfamilydentistry.com,jack@pullmanfamilydentistry.com,practice type not targeted: Dentist
dentistryforchildrenreno.com,drmichael@dentistryforchildrenreno.com,practice type not targeted: Dental clinic
worldequestriancenter.com,roby.roberts@worldequestriancenter.com,practice type not targeted: (blank)
worldequestriancenter.com,jeremy.gow@wec.net,practice type not targeted: (blank)
caribbeanmystiquespa.com,anash@caribbeanmystiquespa.com,practice type not targeted: Spa
pineyorcharddental.com,kbacon@pineyorcharddental.com,practice type not targeted: Dental clinic
pineyorcharddental.com,tgreene@pineyorcharddental.com,practice type not targeted: Dental clinic
treasurevalleyhospital.com,catherine.layton@scasurgery.com,practice type not targeted: Surgical center
treasurevalleyhospital.com,laura.thomson@scasurgery.com,practice type not targeted: Surgical center
drdeankane.com,lauri@drdeankane.com,already emailed or queued
drdeankane.com,deankane@drdeankane.com,business already emailed or queued
edendetroit.com,alice@edendetroit.com,practice type not targeted: Day spa
laserandlightsurgery.com,andrew@laserandlightsurgery.com,practice type not targeted: Tattoo removal service
allydvm.com,scott.harper@allydvm.com,practice type not targeted: Veterinarian
spablunj.com,bindu@spablunj.com,practice type not targeted: Day spa
novadentalanesthesia.com,wissam@novadentalanesthesia.com,practice type not targeted: Dentist
drjohnreinisch.com,jfr654@aol.com,practice type not targeted: Surgical center
bozemanhealth.org,kbertany@bozemanhealth.org,practice type not targeted: Surgical center
powderriver-sc.com,linda@powderriver-sc.com,practice type not targeted: Surgical center
silhouettespabydc.com,bodygift2001@yahoo.com,practice type not targeted: Beauty salon
sandimasdentaloffice.com,jeremy@sandimasdentaloffice.com,practice type not targeted: Dentist
artisandentist.com,paola@artisandentist.com,practice type not targeted: Dentist
artisandentist.com,drghannam@artisandentist.com,practice type not targeted: Dentist
hcahealthcaretridentsurgical.com,jeff.wilson@hcahealthcare.com,practice type not targeted: Surgeon
royalfamilydentalco.com,tyler@royalfamilydentalco.com,practice type not targeted: Dentist
ohanadentalhawaii.com,elliot@ohanadentalhawaii.com,practice type not targeted: Dentist
impactdentalcare.com,kaur@impactdentalcare.com,practice type not targeted: Dentist
liberiadental.com,sridevi@liberiadental.com,practice type not targeted: Dentist
heritagedentalladson.com,desiree@heritagedentalladson.com,practice type not targeted: Dental clinic
mysimsburyfamilydentist.com,familydentistry.williams@yahoo.com,practice type not targeted: Dentist
imccenters.com,moosavi@imccenters.com,practice type not targeted: Urgent care center
aieapearlcitydentalcare.com,aaron@aieapearlcitydentalcare.com,practice type not targeted: Dental clinic
kh.org,jsmith@kh.org,practice type not targeted: Surgeon
kh.org,vcarpenter@kh.org,practice type not targeted: Surgeon
northportlandwellness.com,lili@northportlandwellness.com,practice type not targeted: Acupuncture clinic
kearaaesthetic.com,kethanjali@kearaaesthetic.com,not US (list address)
breastsurgeryclinic.co.uk,douglas.macmillan@nottingham.ac.uk,not US (list address)
skinandlaserlounge.com,dominique@skinandlaserlounge.com,practice type not targeted: Day spa
yasserbotros.com,melissa.smith@nygh.on.ca,not US (list address)
wellnesspluscare.com,brenda@wellnesspluscare.com,business already emailed or queued
beautyvaultchester.co.uk,yvonne@beautyvaultchester.co.uk,not US (list address)
dynamicbeauty.co.uk,shrina.kotadia@dynamicbeauty.co.uk,not US (list address)
hendrickhealth.org,slchristian@hendrickhealth.org,practice type not targeted: Surgeon
hendrickhealth.org,kcanada@hendrickhealth.org,practice type not targeted: Surgeon
prosoinc.com,stephenw@prosolutionssoftware.com,practice type not targeted: Facial spa
inspiredentalsandysprings.com,amera@inspiredentalsandysprings.com,practice type not targeted: Dentist
cedarburgdentist.com,dangarciadds@yahoo.com,practice type not targeted: Dentist
paragonreferrals.co.uk,massimo.mariscoli@paragonreferrals.co.uk,not US (list address)
beautifulimagesuman.com,meghan@beautifulimagesuman.com,practice type not targeted: Facial spa
beautifulimagesuman.com,beautiful.image@yahoo.com,practice type not targeted: Facial spa
oxonahealth.co.uk,megan@oxonahealth.co.uk,not US (list address)
oxonahealth.co.uk,callum@oxonahealth.co.uk,not US (list address)
hilarynewman.com,hilary@hilarynewman.com,not US (list address)
gloucestershiremedicalaesthetics.co.uk,kate@gloucestershiremedicalaesthetics.co.uk,not US (list address)
lfdnj.com,legacyfamilydental02@yahoo.com,practice type not targeted: Dentist
vipcosmeticsurgery.uk,jude@vipcosmeticsurgery.co.uk,not US (list address)
ericksonalumnicenter.com,robert.fletcher@mail.wvu.edu,practice type not targeted: Visitor center
ericksonalumnicenter.com,tpovenski@mail.wvu.edu,practice type not targeted: Visitor center
ericksonalumnicenter.com,ajweekley@mail.wvu.edu,practice type not targeted: Visitor center
vanishingveins.net,drstein@vanishingveins.net,practice type not targeted: Vascular surgeon
skinperkstudio.com,marydeehousley@gmail.com,practice type not targeted: Facial spa
drtamami.com,farzamtamami@gmail.com,practice type not targeted: Dental clinic
mexiadental.com,ea1@3cdentalgroup.com,practice type not targeted: Dentist
pfaonline.org,kevin@pfaonline.org,practice type not targeted: Veterinary care
pfaonline.org,jane@pfaonline.org,practice type not targeted: Veterinary care
pinnacleveterinarygroup.com,drworl@pinnacleveterinarygroup.com,practice type not targeted: Veterinarian
seeitclear.com,dhosler@seeitclear.com,practice type not targeted: Eye care center
perfectsmilesdentist.com,send2manni@gmail.com,practice type not targeted: Dental clinic
spirittreehypnosis.com,fphilana@gmail.com,practice type not targeted: Hypnotherapy service
elementsssr.com,alisha@elementsssr.com,practice type not targeted: Beauty salon
elegantlaseraesthetics.com,hnchohan1@gmail.com,practice type not targeted: Laser hair removal service
burritolocoashtabula.com,440burrito@gmail.com,practice type not targeted: Tex-Mex restaurant
dyeprettysalon.com,alweltzien@gmail.com,practice type not targeted: Spa
bellisimo.vip,fabulashjen@outlook.com,practice type not targeted: Spa
stmichaelseye.com,jmichaelos@stmichaelseye.com,practice type not targeted: Ophthalmology clinic
skysdentalart.com,smitasinghal@me.com,practice type not targeted: Dentist
bonnerspringsanimalcarecenter.com,bonnerspringsanimalcarecenter@gmail.com,practice type not targeted: Veterinarian
corlase.com,dana@corlase.com,practice type not targeted: Laser hair removal service
luciddayspa.com,ambermenges33@gmail.com,practice type not targeted: Day spa
thomasjluciadentalpc.com,anita@luciadental.org,practice type not targeted: Dentist
elitesuitessalon.com,elitesuitestn@gmail.com,practice type not targeted: Beauty salon
verofitness.fit,katie@verofitness.fit,practice type not targeted: Sports complex
inspireddentalomaha.com,steven@inspireddentalomaha.com,practice type not targeted: Dentist
inspireddentalomaha.com,maribel@inspireddentalomaha.com,practice type not targeted: Dentist
naorubeautysalon.com,mikytyche@gmail.com,practice type not targeted: Beauty salon
weightlosshamilton.com,cherylmorethanweightloss@gmail.com,not US (list address)
kpdentistry.com,bo@kpdentistry.com,practice type not targeted: Dentist
scharesdds.com,jscharesdds@gmail.com,practice type not targeted: Dentist
serenitynowmassagespa.com,cindy@serenitynowmassagespa.com,practice type not targeted: Massage spa
thecaciroom.co.uk,wendycliffe@hotmail.com,not US (list address)
johnsoncityeye.com,tdingus@johnsoncityeye.com,practice type not targeted: Eye care center
valuedentalgroup.com,surina@valuedentalgroup.com,practice type not targeted: Dentist
drmaryamzamani.com,maryam@drmaryamzamani.com,not US (list address)
royaloaksmiles.com,drbarancommunications@gmail.com,practice type not targeted: Dentist
drleedentist.com,jyldds@gmail.com,practice type not targeted: Dentist
exbsuites.com,laycee@exbsuites.com,practice type not targeted: Beauty salon
nicevillemassageandspa.com,merlegirl7@gmail.com,practice type not targeted: Day spa
raynedentist.com,pbriese80@hotmail.com,practice type not targeted: Dentist
medwiseuc.com,lauren.taylor@medwiseuc.com,practice type not targeted: Urgent care center
medwiseuc.com,jonathan.hamilton@medwiseuc.com,practice type not targeted: Urgent care center
southurogyn.com,kjmiller@southurogyn.com,business already emailed or queued
southurogyn.com,apezzella@southurogyn.com,business already emailed or queued
karmabeautybar.com,angela@karmabeautybar.com,practice type not targeted: Day spa
northernnutritiongroup.com,kjohnson@northernnutritiongroup.com,practice type not targeted: Dietitian
totalcaredental.com,amber@totalcaredental.com,practice type not targeted: Dentist
totalcaredental.com,michelle@totalcaredental.com,practice type not targeted: Dentist
zentralabq.com,lisabeth@zentralabq.com,practice type not targeted: Acupuncture clinic
jbhdds.com,jbhdds1@gmail.com,practice type not targeted: Dentist
newjerseysurgerycenter.com,sconlon@amsurg.com,practice type not targeted: Surgical center
aestheticluxuryspa.com,jasminesmith643@gmail.com,practice type not targeted: Massage spa
carylymphaticmassage.com,rebecca@carylymphaticmassage.com,practice type not targeted: Massage therapist
misbehavenspasalon.com,rjohnson@124go.com,practice type not targeted: Beauty salon
visitbloomdayspa.com,relaxatbloom@gmail.com,practice type not targeted: Day spa
asheboronutritionandbodywork.com,monabrooks12@gmail.com,practice type not targeted: Massage therapist
exceptionaldentalofla.com,dbourg@exceptionaldentalofla.com,practice type not targeted: Dentist
desertcanyonfoot.com,drpfitzer@desertcanyonfoot.com,practice type not targeted: Podiatrist
thelodgeatsonoma.com,fungai.muzunze@thelodgeatsonoma.com,practice type not targeted: Spa
thelodgeatsonoma.com,christopher.salinas@thelodgeatsonoma.com,practice type not targeted: Spa
lasergals.com,cindy@lasergals.com,practice type not targeted: Laser hair removal service
lasergals.com,megan@lasergals.com,practice type not targeted: Laser hair removal service
hobbssalonmedspa.com,alyssa@hobbssalonmedspa.com,practice type not targeted: Beauty salon
emcfresno.com,rfrediani@emcfresno.com,practice type not targeted: Ophthalmology clinic
betteryouspas.com,mira@betteryouspas.com,practice type not targeted: Spa
macmedspa.com,debbie@macmedspa.com,practice type not targeted: Spa
slvsportsandwellness.com,jbjohnsonproperties@gmail.com,practice type not targeted: Fitness center
vsmrhg.com,aihrke@vsmrhg.com,practice type not targeted: Veterinarian
shelbydentalcarecenter.com,jhumphries@shelbydentalcarecenter.com,practice type not targeted: Dentist
shelbydentalcarecenter.com,julie@shelbydentalcarecenter.com,practice type not targeted: Dentist
gchangdds.com,gerald@gchangdds.com,practice type not targeted: Dentist
colonrectal.net,jzalucki@colonrectal.net,practice type not targeted: Proctologist
surgicaldoctors.com,tdavis@surgicaldoctors.com,practice type not targeted: Vascular surgeon
bodygarageus.com,charles@theebodygarage.com,practice type not targeted: Fitness center
indulgencesbymaryashton.com,indulgencesbymary@gmail.com,practice type not targeted: Day spa
denveryouthdentistry.com,jodi.kuhn@denveryouthdentistry.com,practice type not targeted: Dentist
daydreamerscafeandgrill.com,cwicks81@gmail.com,practice type not targeted: Restaurant
amymattedds.com,amatte14@gmail.com,practice type not targeted: Dentist
skynlounge.com,erica@skynlounge.com,practice type not targeted: Day spa
glowbynardia.com,glowbynardia216@gmail.com,practice type not targeted: Facial spa
highlandclinic.com,dsmith@highlandclinic.com,practice type not targeted: Surgeon
highlandclinic.com,cturner@highlandclinic.com,practice type not targeted: Surgeon
renown.org,berling@renown.org,practice type not targeted: Surgeon
esdetox.com,jhansen@enlightenedsolutions.com,practice type not targeted: Addiction treatment center
32pearlsfamilydentistry.com,32pearlsfd@gmail.com,practice type not targeted: Dentist
tfcvet.com,jgdanitz@hotmail.com,practice type not targeted: Veterinarian
valerdental.com,kurtis@valerdental.com,practice type not targeted: Dentist
pamhorton.com,pam@pamhorton.com,practice type not targeted: Permanent make-up clinic
eastsidedentalclinic.com,smiles@eastsidedentalclinic.com,practice type not targeted: Dentist
latan.com,nick@latan.com,practice type not targeted: Tanning salon
latan.com,steve@latan.com,practice type not targeted: Tanning salon
summitomfs.com,dregbert@summitomfs.com,practice type not targeted: Dental implants provider
redhillssurgicalcenter.com,swaller@redhillssurgicalcenter.com,practice type not targeted: Surgical center
redhillssurgicalcenter.com,shartsfield@redhillssurgicalcenter.com,practice type not targeted: Surgical center
nathanlamkin.org,drnathanlamkin@gmail.com,practice type not targeted: Psychologist
spaluminexhub.com,luz@spaluminexhub.com,practice type not targeted: Facial spa
aestheticdentalcenters4you.com,myaestheticdental@gmail.com,practice type not targeted: Dentist
rejuv-medspa.com,rejuvspamanager@gmail.com,practice type not targeted: Spa
northmiamibeachdentist.com,info@drjjedderai.com,practice type not targeted: Dentist
dentalhealthcarecenter.com,jwoell@dentalhealthcarecenter.com,practice type not targeted: Dentist
bodyshoppespa.com,abby@bodyshoppespa.com,practice type not targeted: Day spa
loudounperiodontics.com,docmarvil@loudounperiodontics.com,practice type not targeted: Dental implants periodontist
yourstpetedentist.com,erica.drpowless@gmail.com,practice type not targeted: Dentist
acqualinaresort.com,mauro.pinho@acqualina.com,practice type not targeted: (blank)
familycaredentalbirmingham.com,gary.upton@fcduc.com,practice type not targeted: Dentist
tranquilityspawc.com,vivi@tranquilityspawc.com,practice type not targeted: Massage spa
cedarstonespa.com,shoak.cedarstone@gmail.com,practice type not targeted: Day spa
platinumdentalsandy.com,patrick@platinumdentalservices.com,practice type not targeted: Dentist
platinumdentalsandy.com,vince@platinumdentalservices.com,practice type not targeted: Dentist
cedarbrooklodge.com,bpihuave@cedarbrooklodge.com,practice type not targeted: (blank)
zispas.com,tammy@zispas.com,practice type not targeted: Spa
charismasalonak.com,tenayamiramontes@gmail.com,practice type not targeted: Beauty salon
drluudoan.com,luudoanmd@gmail.com,practice type not targeted: Surgeon
stlukesdental.org,maria@stlukesdental.org,practice type not targeted: Dental clinic
primaldecor.com,jennifer@primaldecor.com,practice type not targeted: Body piercing shop
randdental.com,cheryl@randdental.com,practice type not targeted: Dentist
dulcelash.com,angela@dulcelash.com,practice type not targeted: Beauty salon
dulcelash.com,meg@dulcelash.com,practice type not targeted: Beauty salon
haydenmedical.com,hayden@haydenmedical.com,practice type not targeted: Surgical products wholesaler
desertsuntanning.com,scott@sstgroupllc.com,practice type not targeted: Tanning salon
nflsurgeons.com,jberlin@nflsurgeons.com,practice type not targeted: Surgical center
nflsurgeons.com,ressegian@nflsurgeons.com,practice type not targeted: Surgical center
rootedsalonandspalcv.com,morganrootedsalonandspa@gmail.com,practice type not targeted: Beauty salon
hotelparkcity.com,bekblad@hotelparkcity.com,practice type not targeted: Spa
gerigsurgical.com,ddiener@gerigsurgical.com,practice type not targeted: Surgical center
charlestownwv.dentist,dental-care@jslp-dds.com,practice type not targeted: Dentist
skinandbodysolutionsspa.com,skinandbodysolutionsspa@gmail.com,practice type not targeted: Spa
deepseafacial.com,deepseafacial@gmail.com,practice type not targeted: Facial spa
vaultonthesquare.com,salonvsc@gmail.com,practice type not targeted: Beauty salon
thenakedtruthskincare.com,kim.thenakedtruth@gmail.com,not US (list address)
osmosis.com,michael@osmosis.com,practice type not targeted: Spa garden
doctorsparksc.com,erinh@bendurology.com,practice type not targeted: Surgical center
staugustinedentist.com,anthony.corral@gmail.com,practice type not targeted: Dentist
skinfidenceaz.com,lola85delgado@gmail.com,practice type not targeted: Facial spa
magnifiquelaserspa.com,magnifiquespaelen@gmail.com,practice type not targeted: Laser hair removal service
dredwardliu.com,liued@comcast.net,practice type not targeted: Dentist
stanlyaesthetics.com,injectionsbylorie@gmail.com,practice type not targeted: Spa
karensmassageroom.com,karensmassageroom@gmail.com,practice type not targeted: Spa
phdental.com,ntravis@phdental.com,practice type not targeted: Dentist
maloneydds.com,maloneydds@gmail.com,practice type not targeted: Dentist
ffdstormlake.com,emily@familyfirstdental.com,practice type not targeted: Dentist
brightviewhealth.com,c.smith@brightviewhealth.com,practice type not targeted: Addiction treatment center
martinplasticsurgerytoronto.com,martinplasticsurgerytoronto@gmail.com,not US (list address)
thestonehavendental.com,drtown@mb2dental.com,practice type not targeted: Dentist
parchmentstreet.co.uk,manager@parchmentstreet.co.uk,not US (list address)
parchmentstreet.co.uk,savanshah316@gmail.com,not US (list address)
shivelyfamilydentistry.com,chriswilliamsdmd@gmail.com,practice type not targeted: Dentist
openarmsmassagestudio.com,ashley.hirzel@gmail.com,practice type not targeted: Massage therapist
scfairbanks.com,kmcgee@scfairbanks.com,practice type not targeted: Surgical center
countrydrvet.com,drcurie@countrydrvet.com,practice type not targeted: Veterinarian
westcoasteye.com,blambright@westcoasteye.com,practice type not targeted: Ophthalmology clinic
ocveincare.com,altuwaijri@ocveincare.com,practice type not targeted: Vascular surgeon
totalimagequadcities.com,linda@totalimagequadcities.com,practice type not targeted: Nail salon
ns2.md,bnelms@ns2.md,practice type not targeted: Surgical center
aimwomenscenter.com,cbernardini@aimwomenscenter.com,practice type not targeted: Pregnancy care center
bodyspasalons.com,debbie@bodyspasalons.com,practice type not targeted: Beauty salon
allheartdentalcare.com,ahenleydmd@gmail.com,practice type not targeted: Dentist
siskiyoueye.com,terri@siskiyoueye.com,practice type not targeted: Ophthalmology clinic
southbayluxuryspa.com,yasmin@southbayluxuryspa.com,practice type not targeted: Spa
beraja.com,rberaja@bluebaypm.com,practice type not targeted: Ophthalmology clinic
marshaplaterdds.com,teethareus@gmail.com,practice type not targeted: Dentist
bertolasiodental.com,paulbdds@outlook.com,practice type not targeted: Dentist
compasshealthcarear.com,cassie@compasshealthcarear.com,practice type not targeted: Urgent care center
truehealwellness.com,alka@truehealwellness.com,business already emailed or queued
carolinaeyecandy.com,elizabeth@carolinaeyecandy.com,practice type not targeted: Beauty salon
mpsmilesstl.com,masterpiecesmiles@drfrith.com,practice type not targeted: Dentist
ymcasenc.org,meghan.merritt@ymcasenc.org,practice type not targeted: Recreation center
ymcasenc.org,dick.jones@ymcasenc.org,practice type not targeted: Recreation center
escapepv.com,lebrina@escapepv.com,practice type not targeted: Day spa
newtampaeyes.com,lynne@newtampaeyes.com,practice type not targeted: Ophthalmology clinic
wilmingtonsurgical.com,cmartin@wilmingtonsurgical.com,practice type not targeted: Surgical center
dvmassage-skincare.com,dianavholistic@gmail.com,practice type not targeted: Massage therapist
rrwellnessmh.com,erin@rrwellnessmh.com,practice type not targeted: Massage therapist
respas.com,adam@respas.com,practice type not targeted: Massage spa
stemandstonemassagetherapy.com,kelly@stemandstonemassagetherapy.com,not US (list address)
theonespaoregon.com,travis@theonespaoregon.com,practice type not targeted: Day spa
oasissalonanddayspa.com,aubree@oasissalonanddayspa.com,practice type not targeted: Day spa
renomassagetree.com,support@renomassagetree.com,practice type not targeted: Massage therapist
leilatele.com,fhassan1@leilatele.com,practice type not targeted: Urgent care center
belfiorespa.com,amull@belfiorespa.com,practice type not targeted: Beauty salon
facesandsmilesdental.co.uk,cp@plummers.co.uk,not US (list address)
abcsportsandfitness.com,mdoheny@abcsportsandfitness.com,practice type not targeted: Fitness center
nakedskinandwax.com,rian@nakedskinandwax.com,practice type not targeted: Facial spa
nyulangone.org,alec.kimmelman@nyulangone.org,business already emailed or queued
nyulangone.org,steve.ritea@nyulangone.org,business already emailed or queued
utahtoothdoctor.com,orvindental@gmail.com,practice type not targeted: Dentist
belovedlasertattooremoval.com,belovedlasertattooremoval@gmail.com,practice type not targeted: Tattoo removal service
myidealdental.com,sahmed@decadental.com,practice type not targeted: Dentist
melvindalefamilydentistry.com,drismail@melvindalefamilydentistry.com,practice type not targeted: Dentist
naturallakeland.com,catherine@naturallakeland.com,business already emailed or queued
mystiqueedge.com,lori@mystiqueedge.com,practice type not targeted: Day spa
innovativesurgicalarts.com,mthrasher1960@gmail.com,practice type not targeted: Surgical center
wigallure.com,wigallure@gmail.com,practice type not targeted: Wig shop
drdoshi.com,sanjay@drdoshi.com,practice type not targeted: Dentist
smileandhealth.com,dubois.insurance@protonmail.com,practice type not targeted: Dental implants provider
smilelinedentistry.com,mona@smilelinedentistry.com,practice type not targeted: Dentist
drsteveshufflebarger.com,drstevepullsteeth@gmail.com,practice type not targeted: Dentist
berkleyuc.com,syeda.morshed@gmail.com,practice type not targeted: Urgent care center
regalwellnessandglamour.info,charonda@regalwellnessandglamour.info,practice type not targeted: Health and beauty shop
beautykliniek.com,lakahn@beautykliniek.com,practice type not targeted: Day spa
liftedbeautyandwellness.com,beth@liftedbeautyandwellness.com,practice type not targeted: Spa
ultimospa.com,daniela@ultimobeauty.net,practice type not targeted: Beauty salon
hotspotrevere.net,michaelchance22@comcast.net,practice type not targeted: Tanning salon
macdayspa.com,ruby@macdayspa.com,practice type not targeted: Day spa
healthexpressuc.com,nkirch@healthexpressuc.com,practice type not targeted: Urgent care center
lenuspa.com,colette@lenuspa.com,practice type not targeted: Day spa
athleticahf.com,dhernandez@athleticahf.com,practice type not targeted: Fitness center
athleticahf.com,rmiddleton@athleticahf.com,practice type not targeted: Fitness center
solasalonstudios.com,ashley.miller@solasalons.com,practice type not targeted: Beauty salon
delicacydesigns.com,beautybymajeska@gmail.com,practice type not targeted: Beauty salon
njhwllc.com,derek.berberianmd@gmail.com,practice type not targeted: Psychiatrist
thewiggallerywethersfield.com,info@thewiggallerywethersfield.com,practice type not targeted: Wig shop
correctiveeye.com,smsdr1@gmail.com,practice type not targeted: Eye care center
luminessbeautyspa.com,luminessbeautyspa@gmail.com,practice type not targeted: Beauty salon
macmarketing.us,hugo@macmarketing.us,practice type not targeted: Nail salon
appointnow.com,egiesecke@planetdds.com,practice type not targeted: Dentist
salonbronze.com,jason@salonbronze.com,practice type not targeted: Tanning salon
spaviadayspa.com,marty@spaviadayspa.com,practice type not targeted: Day spa
spaviadayspa.com,heather@spaviadayspa.com,practice type not targeted: Day spa
bodyframe.net,richard@bodyframe.net,practice type not targeted: Day spa
oasisdentalny.com,oasisdentalny@gmail.com,practice type not targeted: Dental clinic
destinationdentalusa.com,drpierri@destinationdentalusa.com,practice type not targeted: Dental clinic
prescribefit.com,brock@prescribefit.com,practice type not targeted: Software company
stfelixpantry.org,tsheahan@stfelixpantry.org,practice type not targeted: Social services organization
dreamfaces.net,ginny@dreamfaces.net,practice type not targeted: Beauty salon
johnmckinnondds.com,johnmckinnondds@gmail.com,practice type not targeted: Dentist
gibsonvillefamilydentistry.com,gibsonvillefamilydentistry@hotmail.com,practice type not targeted: Dentist
urgentcarevetpc.com,joseph@urgentcarevetpc.com,practice type not targeted: Veterinarian
stevewcobbdds.com,steve@stevewcobbdds.com,practice type not targeted: Dentist
texasdigestive.com,nperez@texasdigestive.com,practice type not targeted: Surgical center
reflexole.com,reflexolespa@gmail.com,practice type not targeted: Spa
lovinganimalsveterinarycare.com,lovinganimalsvetcare@gmail.com,practice type not targeted: Veterinarian
massage1byatouchoflasvegasspa.com,toine@atouchoflvspa.com,practice type not targeted: Massage spa
mountjoydentistpa.com,vmatosdds@gmail.com,practice type not targeted: Dentist
doctorheine.com,kyleheine@mac.com,practice type not targeted: Dentist
organika.com,aaron@organika.com,not US (list address)
cumberlandps.com,john.chuplis@cumberlandps.com,practice type not targeted: Plastic fabrication company
cumberlandps.com,scott.petersen@cumberlandps.com,practice type not targeted: Plastic fabrication company
statmed.com,asamaniego@statmed.com,practice type not targeted: Urgent care center
statmed.com,roreilly@statmed.com,practice type not targeted: Urgent care center
ockstreet.co.uk,nickockstreet@gmail.com,not US (list address)
cbihealth.ca,jhantho@cbihealth.ca,not US (list address)
eatandthrivenow.com,anny@eatandthrivenow.com,practice type not targeted: Dietitian
isellaaesthetics.com,christina@isellaaesthetics.com,practice type not targeted: Spa
handsofmercyspas.com,mercychamplin@gmail.com,practice type not targeted: Day spa
jeunessemedispa.co.uk,pritithakerar@hotmail.com,not US (list address)
clubfitness.us,eschreimann@clubfitness.us,practice type not targeted: Fitness center
ricoperfumenails.com,dama.c.g.22@gmail.com,practice type not targeted: Nail salon
woburndentistryma.com,rachnav@gmail.com,practice type not targeted: Dentist
pentinodental.com,pentinodds@gmail.com,practice type not targeted: Dentist
triospaandsalon.com,pfrog@ptd.net,practice type not targeted: Massage spa
pamperedpeopleinc.com,pamperedpeople@me.com,practice type not targeted: Facial spa
nuyuspas.com,jlgordon1984@gmail.com,practice type not targeted: Spa
lakeeriedental.com,lakeeriedental@mb2dental.com,practice type not targeted: Dentist
petportal.vet,kyle@shepherd.vet,practice type not targeted: Veterinarian
koalendar.com,victor@koalendar.com,practice type not targeted: Facial spa
drpulver.com,dwpulver@comcast.net,practice type not targeted: Dentist
hassayampavetservices.com,jruisidvm@hotmail.com,practice type not targeted: Veterinarian
urgentcarechesterfieldmi.com,abid@doctorsurgentcaregroup.com,practice type not targeted: Urgent care center
wsalonsuites.com,sandra@wsalonsuites.com,practice type not targeted: Beauty salon
hnbfamilydentistry.com,drwood@fullnet.com,practice type not targeted: Dentist
forestspaboutique.com,biancadejong@forestspaboutique.com,practice type not targeted: Spa
perfectsmiletulsa.com,mark@perfectsmiletulsa.com,practice type not targeted: Dentist
me-spas.com,lisa@me-spas.com,practice type not targeted: Day spa
laserbynicole.com,nicole@laserbynicole.com,practice type not targeted: Laser hair removal service
lespamadison.com,marie@lespamadison.com,practice type not targeted: Spa
mnbeautystudio.com,mnmetuchen@gmail.com,practice type not targeted: Facial spa
originsofwellness.com,terri.axtell@originsofwellness.com,practice type not targeted: Spa
skinfinitytattoocompany.com,heather@skinfinitytattoocompany.com,practice type not targeted: Tattoo shop
ferberdental.com,brian@ferberdental.com,practice type not targeted: Dental implants periodontist
hintonfamilydental.com,hintonfamilydental@gmail.com,practice type not targeted: Dental clinic
runningy.com,gregm@runningy.com,practice type not targeted: Spa
runningy.com,lynellel@runningy.com,practice type not targeted: Spa
etherealdayspa.net,jessica@etherealdayspa.net,practice type not targeted: Day spa
hudsonvillefamilydentistry.com,officemanager@hudsonvillefamilydentistry.com,practice type not targeted: Dentist
strobelfamilydental.com,strobelfamilydental@gmail.com,practice type not targeted: Dentist
greenmountainsurgery.com,melanie@greenmountainsurgery.com,practice type not targeted: Surgical center
greenmountainsurgery.com,amy@greenmountainsurgery.com,practice type not targeted: Surgical center
salempeabodyoralsurgery.com,manager@nbofs.com,practice type not targeted: Surgical center
strassnerdental.com,kjsdds24@gmail.com,practice type not targeted: Dentist
estesparkdental.com,drrauk@estesparkdental.com,practice type not targeted: Dentist
rejuvepod.com,wbattista@rejuvepod.com,practice type not targeted: Beauty salon
manateesurgicalcenter.com,lindanash@manateesurgicalcenter.com,practice type not targeted: Surgical center
montebelloplastics.com,tim@montebelloplastics.com,practice type not targeted: Plastic bag supplier
mishawaka.afdent.com,rpecina@afdent.com,practice type not targeted: Dentist
suncitydietitians.com,daperez@suncitydietitians.com,practice type not targeted: Dietitian
tampabariatrics.com,roxanarn@msn.com,practice type not targeted: Surgeon
unabellastudio.com,amandadbab@gmail.com,practice type not targeted: Beauty salon
bellagena.com,julia@bellagena.com,practice type not targeted: Spa
elpasosmilescenterpllc.com,drimunoz@hotmail.com,practice type not targeted: Dentist
highstreetdentists.co.uk,lindawoodgate@nhs.net,not US (list address)
beyondbeautifultexas.com,info@beyondbeautifultexas.com,practice type not targeted: Surgical center
spasasse.com,sarasasse@mac.com,practice type not targeted: Day spa
appearanceimplants.com,appearanceimplants@gmail.com,practice type not targeted: Dental clinic
pbrc.edu,grants@pbrc.edu,practice type not targeted: Research institute
pbrc.edu,jennifer.rood@pbrc.edu,practice type not targeted: Research institute
goosecreekdentalclinicsheridanwyoming.com,raneymr93@gmail.com,practice type not targeted: Dentist
solarawellness.net,molly@solarawellness.net,practice type not targeted: Acupuncturist
solarawellness.net,kadencerey@gmail.com,practice type not targeted: Acupuncturist
sycamoredentistree.com,negliadmd@gmail.com,practice type not targeted: Dentist
dentureimplantctr.com,markdavisdds@gmail.com,practice type not targeted: Dentist
affabletreatments.co.uk,info@affabletherapy.com,not US (list address)
medfootspa.com,maggiew@cffas.com,practice type not targeted: Nail salon
whitesmilesdental.com,drwhite@whitesmilesdental.com,practice type not targeted: Dentist
drmikeroskies.com,marissa@drmikeroskies.com,not US (list address)
staugspa.com,drdonnelly@absoluteinjury.com,practice type not targeted: Spa
serenitydental.ca,drcrista@telus.net,not US (list address)
openspaceacupuncture.com,daphne@openspaceacupuncture.com,practice type not targeted: Acupuncture clinic
theansweriswithinyou.com,ruthdoeshypnosis@gmail.com,practice type not targeted: Hypnotherapy service
thetenspot.com,kristen.gale@thetenspot.com,not US (list address)
labareessentialsspa.com,jennifer@labareessentialsspa.com,practice type not targeted: Day spa
coshoctondental.com,priscilla@coshoctondental.com,practice type not targeted: Dentist
fusionspaevansville.com,stacey@fusionspaevansville.com,practice type not targeted: Day spa
harmonywarrington.co.uk,harmonybeautywarrington@outlook.com,not US (list address)
dentfirst.com,rmusicer@dentfirst.com,practice type not targeted: Dentist
crimsonsalonandspa.com,njiongco@gmail.com,practice type not targeted: Beauty salon
totallyyou.us,msglorianelson@gmail.com,practice type not targeted: Day spa
inoviavein.com,emb@inoviavein.com,practice type not targeted: Vascular surgeon
inoviavein.com,carmen@inoviavein.com,practice type not targeted: Vascular surgeon
palenciapetclinic.com,vencilj@gmail.com,practice type not targeted: Veterinarian
mzbeautysalon74.com,yaofang462@gmail.com,practice type not targeted: Beauty salon
medicalux.ca,danica.gautreau@medicalux.ca,not US (list address)
lehidentalcenter.com,lehidental@msn.com,practice type not targeted: Dentist
allcitypetcarewest.com,emilie.sitzman@nva.com,practice type not targeted: Veterinarian
urbannirvana.com,sandra@urbannirvana.com,practice type not targeted: Spa
shapirovein.com,rshapiro@shapirovein.com,practice type not targeted: Surgical center
jybeautyspas.com,yajing.lu0713@gmail.com,practice type not targeted: Beauty salon
centerforvein.com,vinny.mangiacopra@centerforvein.com,practice type not targeted: Vascular surgeon
centerforvein.com,sanjiv.lakhanpal@centerforvein.com,practice type not targeted: Vascular surgeon
truestreetdentalgroup.com,wehmanmj@msn.com,practice type not targeted: Dentist
truestreetdentalgroup.com,jowehman@msn.com,practice type not targeted: Dentist
glewisdentistry.com,garrydds2@comcast.net,practice type not targeted: Dentist
smilemn.com,kthompson@smilemn.com,practice type not targeted: Dental clinic
woodwardok.dentist,info@midtowndentalok.com,practice type not targeted: Dentist
msgallagherdds.com,eurekadentalclinic@gmail.com,practice type not targeted: Dentist
thesummerdental.com,rmatthews@thesummerdental.com,practice type not targeted: Dentist
quickcaremed.com,dstmartin@quickcaremed.com,practice type not targeted: Urgent care center
familydentistrystillwater.com,enmeierdds@gmail.com,practice type not targeted: Dentist
glotanning.com,onyi@glotanning.com,practice type not targeted: Tanning salon
beardnavasota.com,paulschmitt05@gmail.com,practice type not targeted: Veterinarian
withpleasureaestheticsllc.com,epulido20@gmail.com,practice type not targeted: Beautician
theouachitas.com,anna@theouachitas.com,practice type not targeted: Restaurant
ways2well.com,brigham@ways2well.com,business already emailed or queued
kanvasbeauty.com,lisa@kanvasbeauty.com,practice type not targeted: Day spa
giftup.app,lee@giftup.com,practice type not targeted: Day spa
gbwang.co.uk,gbwangclinic@163.com,not US (list address)
balancedspiritllc.com,balancedspiritllc@gmail.com,practice type not targeted: Massage spa
theendlessbeauty.com,chelsiepereira@icloud.com,not US (list address)
orchardlaserclinic.co.uk,caroline@orchardlaserclinic.co.uk,not US (list address)
ignitemedicalresorts.com,doldenburg@ignitemedicalresorts.com,practice type not targeted: Rehabilitation center
kadental.com,kadentalwestpalmbeachfl@gmail.com,practice type not targeted: Dentist
kadental.com,dentokc@gmail.com,practice type not targeted: Dentist
blueirisspa.com,blueirisspa@gmail.com,practice type not targeted: Day spa
olenasdayspa.com,gbtrone@gmail.com,practice type not targeted: Spa
aboutfacesdayspa.com,mackey@aboutfacesdayspa.com,practice type not targeted: Day spa
manisalifacialsurgeon.co.uk,mehmet@manisalifacialsurgeon.co.uk,not US (list address)
manisalifacialsurgeon.co.uk,melanie@manisalifacialsurgeon.co.uk,not US (list address)
dr-abood.co.uk,secretary@dr-abood.co.uk,not US (list address)
tllashco.com,taralyn095@gmail.com,practice type not targeted: Eyelash salon
careanimalhospital.com,theresa.d@careanimalhospital.com,practice type not targeted: Veterinarian
laramiepregnancy.com,education@heart2heart.center,practice type not targeted: Pregnancy care center
silvermirror.com,matt@silvermirror.com,practice type not targeted: Facial spa
silvermirror.com,cindy@silvermirror.com,practice type not targeted: Facial spa
tryyucca.com,aaron@tryyucca.com,practice type not targeted: Health and beauty shop
hawaiifamilydental.com,mnakasone@hawaiifamilydental.com,practice type not targeted: Dentist
hawaiifamilydental.com,mbaji@hawaiifamilydental.com,practice type not targeted: Dentist
p7beaute.hayven.ai,perfect7skincare@gmail.com,practice type not targeted: Beauty salon
jeffpodiatry.com,hany.jeffry@gmail.com,practice type not targeted: Podiatrist
theeyespecialists.com,melissa@theeyespecialists.com,practice type not targeted: Eye care center
escapetocloudsdayspa.com,tanya@escapetocloudsdayspa.com,practice type not targeted: Massage spa
lifecentreathletic.com,buxtontj@gmail.com,practice type not targeted: Fitness center
rosinskyfamilydentistry.com,mrosdmd@gmail.com,practice type not targeted: Dentist
rosinskyfamilydentistry.com,pracmgrrd@gmail.com,practice type not targeted: Dentist
drzacharylaw.com,zachdds@gmail.com,practice type not targeted: Dentist
hollywoodeyeinstitute.com,shareenmd@gmail.com,practice type not targeted: Ophthalmology clinic
viewpointvision.com,deepak@viewpointvision.com,not US (list address)
essexlaserlipo.com,penny@chcaesthetics.co.uk,not US (list address)
clearlakesdental.com,dpark@clearlakesdental.com,practice type not targeted: Dental clinic
claremontdental.org,cd@claremontdental.org,not US (list address)
surfsidedentist.com,dredyaguerradds@gmail.com,practice type not targeted: Dentist
icystraitpoint.com,tyler@icystraitpoint.com,practice type not targeted: Tourist attraction
beautydotcalm.com,christy@beautydotcalm.com,practice type not targeted: Day spa
skincarebycasey.com,casey@skincarebycasey.com,practice type not targeted: Day spa
bestmiamilaser.com,ella.bestmiamilaser@gmail.com,practice type not targeted: Laser hair removal service
circlehealthgroup.co.uk,mark.oherlihy@circlehealthgroup.co.uk,not US (list address)
circlehealthgroup.co.uk,paul.manning@circlehealthgroup.co.uk,not US (list address)
skyloungeskincare.com,alyshiagoodson@gmail.com,practice type not targeted: Spa
wsthaitablemassage.com,wsthaitablemassage1@gmail.com,not US (list address)
sparx-beauty.com,penny@sparx-beauty.com,not US (list address)
islandhealth.ca,tricia.sinclair@islandhealth.ca,not US (list address)
islandhealth.ca,kathy.macneil@islandhealth.ca,not US (list address)
northshorems.com,mrugierri@northshorems.com,practice type not targeted: Spa
cabinrange.com,john@cabinrange.com,practice type not targeted: Shooting range
expressfitness24.com,kirk@expressfitness24.com,practice type not targeted: Fitness center
spaalmaz.com,sydneyjoleblanc@yahoo.com,practice type not targeted: Day spa
jenniferhamiltondds.com,renee@jenniferhamiltondds.com,practice type not targeted: Dentist
derma-artistry.com,tmallory723@yahoo.com,practice type not targeted: Permanent make-up clinic
artemedica.com,victor@artemedica.com,business already emailed or queued
warrior1yoga.com,healey_dana@yahoo.com,practice type not targeted: Yoga studio
tmjfacialpaintreatment.com,tmjcenter@yahoo.com,practice type not targeted: Dentist
midtowndayspamd.com,christine@midtowndayspamd.com,practice type not targeted: Day spa
dentistsoffortbend.com,serge@dentistsoffortbend.com,practice type not targeted: Dentist
solidrockdentalcare.com,fuming@solidrockdentalcare.com,practice type not targeted: Dentist
upperechelonbe.com,ontoriacherie@upperechelonbe.com,practice type not targeted: Facial spa
novahypnotherapy.com,andrew@novahypnotherapy.com,practice type not targeted: Hypnotherapy service
orchiddayspacoronado.com,jenny@orchiddayspacoronado.com,practice type not targeted: Day spa
fusionmedicalspa.net,drrath@fusionmedicalspa.net,practice type not targeted: Spa
vividieppaclinic.com,viviana@vividieppaclinic.com,practice type not targeted: Facial spa
kananipearl.com,john@kananipearl.com,practice type not targeted: Day spa
dentistsofroyalpalm.com,lisa.dacosta@pdshealth.com,practice type not targeted: Dentist
sesenspa.com,lisa@sesenspa.com,practice type not targeted: Beauty salon
theyumadentist.com,asham@theyumadentist.com,practice type not targeted: Dentist
435skin.com,kathleen@435skin.com,business already emailed or queued
nakedfaceacademy.com,minkevitchmikelle@yahoo.com,practice type not targeted: Permanent make-up clinic
aspiresalonstudios.com,shaan@aspiresalonstudios.com,practice type not targeted: Beauty salon
aspiresalonstudios.com,amanda@aspiresalonstudios.com,practice type not targeted: Beauty salon
hudsonerdental.com,eugenie.lee@hudsonerdental.com,practice type not targeted: Dentist
firststreetdental.com,maria@firststreetdental.com,practice type not targeted: Dentist
veiaesthetics.com,belle@vaeye.com,practice type not targeted: Eye care center
veiaesthetics.com,millerm@vaeye.com,practice type not targeted: Eye care center
bluespringsdentistoffice.com,josh@bluespringsdentistoffice.com,practice type not targeted: Dentist
healthylifedentalcare.com,dr.lu@healthylifedentalcare.com,practice type not targeted: Dentist
facedbyjes.com,jes@facedbyjes.com,practice type not targeted: Facial spa
blushandglosalon.com,christy_azevedo@yahoo.com,practice type not targeted: Beauty salon
greenhausspa.com,julie@greenhausspa.com,practice type not targeted: Day spa
centerfordentalexcellencefl.com,admin_sa@cdefl.com,practice type not targeted: Dentist
centerfordentalexcellencefl.com,admin_fi@cdefl.com,practice type not targeted: Dentist
salonsdeelegance.com,awright924@aol.com,practice type not targeted: Day spa
mcleanpsychiatry.com,drrehmanmd@yahoo.com,practice type not targeted: Psychiatrist
teamcaredental.com,colin@teamcaredental.com,practice type not targeted: Dentist
slvsportsandwellness.com,info@slvsportsandwellness.com,practice type not targeted: Fitness center
handandstonesurprise.com,sbhatia@handandstone.com,practice type not targeted: Spa
surgeryandurology.com,karen.littlejohn@surgeryandurology.com,practice type not targeted: Surgeon
daniapointe.com,kwycoff@kimcorealty.com,practice type not targeted: Shopping mall
daniapointe.com,jbarbontin@kimcorealty.com,practice type not targeted: Shopping mall
patuxentriverdentalcare.com,fatima@patuxentriverdentalcare.com,practice type not targeted: Dentist
defriesfamilydental.com,kamra@defriesfamilydental.com,practice type not targeted: Dentist
bodygarageus.com,natalya@desertbloomskincare.com,practice type not targeted: Fitness center
doctorabbey.com,cynthia@doctorabbey.com,practice type not targeted: Surgical center
doctorabbey.com,patrick@doctorabbey.com,practice type not targeted: Surgical center
elkhartdentalandimplantcenter.com,sangyoung.lee@elkhartdentalandimplantcenter.com,practice type not targeted: Dentist
whittierdentalcenter.com,moshe@whittierdentalcenter.com,practice type not targeted: Dentist
thehirshcenter.com,meredith@thehirshcenter.com,practice type not targeted: Rheumatologist
thehirshcenter.com,drhirsh@thehirshcenter.com,practice type not targeted: Rheumatologist
riveroakdentalspa.com,christina@riveroakdentalspa.com,practice type not targeted: Dentist
bellaterrawellness.com,christina@bellaterrawellness.com,practice type not targeted: Day spa
tfcvet.com,drdarcy@tfcvet.com,practice type not targeted: Veterinarian
tfcvet.com,deterdingdvm@tfcvet.com,practice type not targeted: Veterinarian
i-implantdentistry.com,drbassas@i-implantdentistry.com,practice type not targeted: Dental implants provider
jacobsondental.com,connie@jacobsondental.com,practice type not targeted: Dentist
theenclavesalonsuites.com,oneida@theenclavesalonsuites.com,practice type not targeted: Beauty salon
daringgray.org,leighanna@daringgray.org,practice type not targeted: Physical therapy clinic
reflectioncosmeticdentistry.com,drspinks@rcdsmiles.com,practice type not targeted: Dentist
puredayspa.ca,sanja@puredayspa.ca,not US (list address)
myhih.com,wahneta@myhih.com,practice type not targeted: Day spa
myhih.com,angela@myhih.com,practice type not targeted: Day spa
beaumontsmilesdental.com,sanaz.khaleghi@beaumontsmilesdental.com,practice type not targeted: Dentist
thedentalofficeofbeaumont.com,hilda@thedentalofficeofbeaumont.com,practice type not targeted: Dentist
truallurebeauty.com,celeste@truallurebeauty.com,practice type not targeted: Spa
groupon.com,dusan@groupon.com,practice type not targeted: Massage spa
groupon.com,jiri@groupon.com,practice type not targeted: Massage spa
olathesouthdentistry.com,theresa.rawalt@olathesouthdentistry.com,practice type not targeted: Dentist
redmonddentalsmiles.com,malinda@redmonddentalsmiles.com,practice type not targeted: Dentist
dentistsoffontana.com,lisandra@dentistsoffontana.com,practice type not targeted: Dentist
santamonica.regenthotels.com,younes.atallah@regenthotels.com,practice type not targeted: (blank)
santamonica.regenthotels.com,laure.kain@regenthotels.com,practice type not targeted: (blank)
mytrilogylife.com,bert.selva@sheahomes.com,practice type not targeted: Spa
mytrilogylife.com,jeff.mcqueen@sheahomes.com,practice type not targeted: Spa
carondelet.org,angie.bush@carondelet.org,practice type not targeted: Surgeon
hydravivewellness.com,marissa@hydravivewellness.com,business already emailed or queued
rebecca-beauty.com,rebecca@rebecca-beauty.com,practice type not targeted: Spa
indylasercenter.com,chris@indylasercenter.com,practice type not targeted: Laser hair removal service
visionsource-sugarland.com,kaynguyen100@yahoo.com,practice type not targeted: Eye care center
vail.com,klynch@vailresorts.com,practice type not targeted: Spa
vail.com,rkatz@vailresorts.com,practice type not targeted: Spa
kristinemarshalldds.com,kmarshalldds@aol.com,practice type not targeted: Dentist
drdifrancesco.com,lisa@drdifrancesco.com,business already emailed or queued
specialtyeyeinstitute.com,pernest@specialtyeyeinstitute.com,practice type not targeted: Eye care center
newlifesurgery.com,melissa@newlifesurgery.com,practice type not targeted: Surgeon
newlifesurgery.com,driqbal@newlifesurgery.com,practice type not targeted: Surgeon
heydayskincare.com,andy.taylor@heydayskincare.com,practice type not targeted: Facial spa
cheyennevisionclinic.com,mark@cheyennevisionclinic.com,practice type not targeted: Eye care center
blissorganicdayspa.com,owner@blissorganicdayspa.com,practice type not targeted: Day spa
motekspa.com,odelia@motekspa.com,practice type not targeted: Beauty salon
motekspa.com,danadaboosh@aol.com,practice type not targeted: Beauty salon
tangerinedentalgroup.com,sashraf@tangerinedentalgroup.com,practice type not targeted: Dentist
seattleanxiety.com,blake@seattleanxiety.com,practice type not targeted: Psychiatrist
beautebarlg.com,ofelia@beautebarlg.com,practice type not targeted: Spa
acuspapasadena.com,kevin@acuspapasadena.com,practice type not targeted: Massage spa
grovedental.com,sarabias@nadentalgroup.com,practice type not targeted: Dentist
carondeletmedicalgroup.com,monica.vargas-mahar@carondelet.org,practice type not targeted: Surgeon
whitebeardentists.com,colleen.holtz@whitebeardentists.com,practice type not targeted: Dentist
cosmedicare.uk,gill@cosmedicare.uk,not US (list address)
salonanddayspaofsv.com,salonanddayspaofsv@rocketmail.com,practice type not targeted: Day spa
dhdc.co,davinder@dhdc.co,not US (list address)
hiltonbuffalothunder.com,jason.schliening@hilton.com,practice type not targeted: Massage spa
iflyworld.ca,mryan@iflyworld.com,not US (list address)
couleefamilydental.com,christine@couleefamilydental.com,practice type not targeted: Dentist
donheesehypnosis.com,don@donheesehypnosis.com,practice type not targeted: Hypnotherapy service
midwestfamilydentalcare.com,ivan@stridedental.com,practice type not targeted: Dental clinic
canyonlakesdentist.com,robert@canyonlakesdentist.com,practice type not targeted: Dentist
luxe-touch.com,kay@luxe-touch.com,practice type not targeted: Day spa
communitymedical.org,cneuman@communitymedical.org,practice type not targeted: Surgeon
communitymedical.org,cwagoner@communitymedical.org,practice type not targeted: Surgeon
bebeautycenter.com,bebeauty328@yahoo.com,practice type not targeted: Beauty salon
drjoemccreary.com,mccreardental1@yahoo.com,practice type not targeted: Dentist
drschalit.com,facedoccosmetic@aol.com,practice type not targeted: Surgical center
merithealthvicksburgdocs.com,nicholas.arledge@chs.net,practice type not targeted: Surgeon
sleep911.com,kate@sleep911.com,practice type not targeted: Sleep clinic
omnihotels.com,pstrebel@omnihotels.com,practice type not targeted: (blank)
omnihotels.com,kalexander@omnihotels.com,practice type not targeted: (blank)
theguesthousespa.com,mcclishryan@yahoo.com,practice type not targeted: Spa
panacealuxuryspa.com,krista.guagenti@panacealuxuryspa.com,practice type not targeted: Day spa
cliffsmarket.com,liz@cunninghampasturedmeats.com,practice type not targeted: Produce market
olathewestdentistry.com,rashin@olathewestdentistry.com,practice type not targeted: Dentist
aestheticdentalarts.com,aestheticdentalartspc@yahoo.com,practice type not targeted: Dentist
christinenailskinboutique.com,fredrickchristine@ymail.com,practice type not targeted: Beauty salon
stores.petco.com,joel.anderson@petco.com,practice type not targeted: Veterinarian
stores.petco.com,ventura.olvera@petco.com,practice type not targeted: Veterinarian
belreddentist.com,praka@belreddentist.com,practice type not targeted: Dentist
kschultzdentistry.com,kristen@kschultzdentistry.com,practice type not targeted: Dentist
spabelleza.com,marcie@spabelleza.com,practice type not targeted: Day spa
skydentalteam.com,siamak@skydentalteam.com,practice type not targeted: Dental clinic
bloomingbodycontour.com,iesha@bloomingbodycontour.com,practice type not targeted: Spa
clarinsusa.com,melissa.reidhead@clarins.com,practice type not targeted: Facial spa
clarinsusa.com,barrym@clarinsusa.com,practice type not targeted: Facial spa
clarinsusa.com,lucas.petry@clarins.com,practice type not targeted: Facial spa
artcitydental.com,robert@artcitydental.com,practice type not targeted: Dentist
washosc.com,thunt@washosc.com,practice type not targeted: Surgical center
washosc.com,pkilaru@washosc.com,practice type not targeted: Surgical center
sanddollarorganicspa.com,irina@sanddollarorganicspa.com,practice type not targeted: Day spa
reesbarofbeauty.com,sherrie@reesbarofbeauty.com,practice type not targeted: Day spa
sonrisadentalgroup.com,officemanager@sonrisadentalgroup.com,practice type not targeted: Dentist
sonrisadentalgroup.com,jason@sonrisadentalgroup.com,practice type not targeted: Dentist
saintpetershcs.com,sthompson@saintpetersuh.com,practice type not targeted: Surgical center
saintpetershcs.com,lhirsch@saintpetersuh.com,practice type not targeted: Surgical center
newlifemedicinegroup.com,dtackling@newlifemedicinegroup.com,practice type not targeted: Addiction treatment center
unwindskinandbody.com,olivia@unwindskinandbody.com,practice type not targeted: Spa
groovysmiles.com,aaron@groovysmiles.com,practice type not targeted: Dentist
sunwaves.com,anita@sunwaves.com,not US (list address)
westwardlook.com,john.ault@aimbridge.com,practice type not targeted: Day spa
ariaintegrativehealth.com,stephanie@ariaintegrativehealth.com,business already emailed or queued
allheartdentalcare.com,david@allheartdentalcare.com,practice type not targeted: Dentist
familyfirsturgentcareconroe.com,connie@familyfirsturgentcareconroe.com,practice type not targeted: Urgent care center
nptny.com,jeanine@nptny.com,practice type not targeted: Physical therapy clinic
ntpt.net,r@ntpt.net,practice type not targeted: Physical therapy clinic
aromalasercenter.com,divakwon@aromalasercenter.com,practice type not targeted: Day spa
stoneridgedentalgroup.com,gaylene@stoneridgedentalgroup.com,practice type not targeted: Dentist
bellospa.com,kenda@bellospa.com,practice type not targeted: Beauty salon
tianchaoherbs.com,tian@tianchaoherbs.com,practice type not targeted: Acupuncture clinic
modarmory.com,hunter@modarmory.com,practice type not targeted: Warehouse
modarmory.com,tina@modarmory.com,practice type not targeted: Warehouse
kimobentley.com,kimo@kimobentley.com,practice type not targeted: Facial spa
menifeelakesdentalgroup.com,kyle.poulsen@menifeelakesdentalgroup.com,practice type not targeted: Dentist
marketplacedentalgroup.com,smile@marketplacedentalgroup.com,practice type not targeted: Dentist
menifeedental.com,ryanez@menifeedental.com,practice type not targeted: Dentist
jefferson.edu,micah.muldowney@jefferson.edu,practice type not targeted: Surgical center
jefferson.edu,philip.russel@jefferson.edu,practice type not targeted: Surgical center
jefferson.edu,juan.leon@jefferson.edu,practice type not targeted: Surgical center
jefferson.edu,murray.cohen@jefferson.edu,practice type not targeted: Surgical center
jefferson.edu,jeff.cromarty@jefferson.edu,practice type not targeted: Surgical center
namasteridgewood.com,mfitzgerald@namasteridgewood.com,practice type not targeted: Day spa
walthamfamilydental.com,nandita@walthamfamilydental.com,practice type not targeted: Dentist
waterfrontdds.com,cecilia@waterfrontdds.com,practice type not targeted: Dentist
westwoodsfamilydental.com,parneet@westwoodsfamilydental.com,practice type not targeted: Dentist
adventhealthmedicalgroup.com,jillyan.mckinney@adventhealth.com,practice type not targeted: Surgeon
4elementswellnesscenter.com,silvia@4elementswellnesscenter.com,practice type not targeted: Spa
bodysculptmi.com,monica@bodysculptmi.com,practice type not targeted: Day spa
crossingdentalgroup.com,justin@crossingdentalgroup.com,practice type not targeted: Dentist
fitnessmd247.com,krisfitnessmd@aol.com,practice type not targeted: Fitness center
berkleyuc.com,hassensaleh@ymail.com,practice type not targeted: Urgent care center
safetyharborsurgerycenter.com,alfischer@uspi.com,practice type not targeted: Surgical center
drdraperdds.com,kmdraper@drdraperdds.com,practice type not targeted: Dentist
luxspalafayette.net,monica@luxspalafayette.net,practice type not targeted: Massage spa
rwdental.com,maha@rwdental.com,practice type not targeted: Dental clinic
iconeyecare.com,seamus.martin@iconeyecare.com,practice type not targeted: Eye care center
iconeyecare.com,richard.anderson@iconeyecare.com,practice type not targeted: Eye care center
verobeachhotelandspa.com,awet.sium@verobeachhotelandspa.com,practice type not targeted: (blank)
chpsurgery.com,alfonso.delgranado@scasurgery.com,practice type not targeted: Surgical center
chpsurgery.com,deidre.frizzell@scasurgery.com,practice type not targeted: Surgical center
granitestateplastics.com,dking@gspnh.com,practice type not targeted: Plastic injection molding service
calarbor.com,jim@calarbor.com,practice type not targeted: Tree service
calarbor.com,mike@calarbor.com,practice type not targeted: Tree service
midessaofs.com,drgutta@midessaofs.com,practice type not targeted: Surgical center
pearldentalok.com,yourtoothdoctor@yahoo.com,practice type not targeted: Dentist
greatskin4you.com,brenssmile@aol.com,practice type not targeted: Day spa
southernoaksdental.com,dphelps@southernoaksdental.com,practice type not targeted: Dentist
aliveandwell.health,michael@aliveandwell.health,business already emailed or queued
moonsdayspa.com,moon.punjani@yahoo.com,practice type not targeted: Beauty salon
theaffordabledental.com,dr.pallavirakesh@theaffordabledental.com,practice type not targeted: Dentist
scomsa.com,rcheung@scomsa.com,practice type not targeted: Surgical center
scomsa.com,dwhitacre@scomsa.com,practice type not targeted: Surgical center
cosmeticplasticsurgerytoronto.ca,info@drbrayplasticsurgery.com,not US (list address)
phycare.net,tdent@urgentteam.com,practice type not targeted: Urgent care center
phycare.net,athomas@urgentteam.com,practice type not targeted: Urgent care center
drrichardboundydental.com,drboundy@aol.com,practice type not targeted: Dentist
marindentalcare.com,gunjan@marindentalcare.com,practice type not targeted: Dentist
brilliantspecialist.com,young@brilliantspecialist.com,practice type not targeted: Dental clinic
meltspaandmassage.com,joanna.workman4@meltspaandmassage.com,practice type not targeted: Day spa
essentialsofclearwater.com,madison@essentialsofclearwater.com,practice type not targeted: Massage spa
itsallaboutyouspa.com,therapymassage57@aol.com,practice type not targeted: Day spa
silversteineyecenters.com,ssilverstein@silversteineyecenters.com,practice type not targeted: Surgeon
silversteineyecenters.com,cbentley@silversteineyecenters.com,practice type not targeted: Surgeon
foothillfarmsvh.com,memdvm@aol.com,practice type not targeted: Veterinarian
beautyloft.ca,crystal@beautyloft.ca,not US (list address)
mintdentistry.com,field@mintdentistry.com,practice type not targeted: Dentist
cheyennemtnmoderndentistry.com,denise@cheyennemtnmoderndentistry.com,practice type not targeted: Dentist
skincare-genesis.com,sapna@skincare-genesis.com,practice type not targeted: Day spa
guerrinodentistry.com,drguerrino@guerrinodentistry.com,practice type not targeted: Dentist
evolve-med.com,aaron@evolve-med.com,practice type not targeted: Radiologist
backbodywellness.com,les@backbodywellness.com,practice type not targeted: Massage therapist
templevalleydental.com,david.brown@templevalleydental.com,practice type not targeted: Dentist
spa-bella.com,dayspadiva@aol.com,practice type not targeted: Spa
woburndentistryma.com,caitlin@woburndentistryma.com,practice type not targeted: Dentist
cnydentalarts.com,dmc310@nyu.edu,practice type not targeted: Dentist
dentistsofrowlett.com,suzanna.hinestrosa@dentistsofrowlett.com,practice type not targeted: Dentist
pearlsspa.org,susan@pearlsspa.org,practice type not targeted: Spa
calvertrejuvenations.com,calvert@calvertrejuvenations.com,practice type not targeted: Acupuncture clinic
combsdentistry.com,mpcombsdds@verizon.net,practice type not targeted: Dentist
thesurgerycenterofnac.com,janice-nmc.williams@tenethealth.com,practice type not targeted: Surgical center
dentalsmilesbolingbrook.com,anumera@dentalsmilesbolingbrook.com,practice type not targeted: Dentist
mission-health.org,tommasanne.davis@msj.org,practice type not targeted: Surgical center
thecarsondentist.com,sam@thecarsondentist.com,practice type not targeted: Dentist
rachaelrosewoodskinclinic.com,rachael@rachaelrosewoodskinclinic.com,practice type not targeted: Facial spa
midwaydentalcenter.com,mdcstrawn@att.net,practice type not targeted: Dentist
thesanfordhouse.com,valeriel@thesanfordhouse.com,practice type not targeted: (blank)
thesanfordhouse.com,joan@thesanfordhouse.com,practice type not targeted: (blank)
hoolemedispa.co.uk,samantha@hoolemedispa.co.uk,not US (list address)
rwl.io,kshuman@revenuewell.com,practice type not targeted: Dentist
rwl.io,anudel@revenuewell.com,practice type not targeted: Dentist
mdbrooklyncenter.com,rworkman@heartland.com,practice type not targeted: Dentist
pdx.edu,president@pdx.edu,practice type not targeted: Massage spa
pdx.edu,chabonr@pdx.edu,practice type not targeted: Massage spa
brasssurgerycenter.com,kimi.hart@scasurgery.com,practice type not targeted: Surgical center
brasssurgerycenter.com,tiffaney.david@scasurgery.com,practice type not targeted: Surgical center
rayaspa.com,raya@rayaspa.com,practice type not targeted: Day spa
bodycentrefullerton.com,katrina@bodycentrefullerton.net,practice type not targeted: Spa
bodybalancemassagetherapy.com,trina@bodybalancemassagetherapy.com,practice type not targeted: Massage therapist
harmonywellspa.com,harmonyspa2@aol.com,practice type not targeted: Spa
covetrus.com,kini.schoop@covetrus.com,practice type not targeted: Veterinarian
covetrus.com,chris.allman-bradshaw@covetrus.com,practice type not targeted: Veterinarian
covetrus.com,mona.downey@covetrus.com,practice type not targeted: Veterinarian
covetrus.com,ben.wolin@covetrus.com,practice type not targeted: Veterinarian
covetrus.com,nicholas.jansen@covetrus.com,practice type not targeted: Veterinarian
goodeyes.com,shane.armstrong@goodeyes.com,practice type not targeted: Eye care center
synergydentalteam.com,paul@synergydentalteam.com,practice type not targeted: Dental implants periodontist
drshahkhan.com,muzaffar@drshahkhan.com,practice type not targeted: Dentist
texasbreastspecialists.com,melissa.kinney@usoncology.com,practice type not targeted: Surgeon
apex-nj.com,paul.fisler@aol.com,practice type not targeted: Tree service
aubergemicky.com,michel@aubergemicky.com,not US (list address)
illinoispain.com,jvp@illinoispain.com,practice type not targeted: Surgical center
loisellefamilydental.com,andrew@loisellefamilydental.com,practice type not targeted: Dentist
austinfeet.com,wayne@austinfeet.com,practice type not targeted: Podiatrist
marinashoresftpierce.com,marinashoresfp@mydentalmail.com,practice type not targeted: Dentist
drhelfst.com,thomas.helfst@rochesterregional.org,practice type not targeted: Dental clinic
tampabariatrics.com,martha@tampabariatrics.com,practice type not targeted: Surgeon
contemporaryhealthcenter.com,richard@contemporaryhealthcenter.com,business already emailed or queued
frankfortregionalhealth.com,john.ballard@hcahealthcare.com,practice type not targeted: Surgical center
frankfortregionalhealth.com,john.cain@hcahealthcare.com,practice type not targeted: Surgical center
belladentalservices.com,breyes-vasquez@belladentalservices.com,practice type not targeted: Dentist
delsolresearch.com,whotz@delsolresearch.com,practice type not targeted: Research institute
renewspamckinney.com,cindy@renewspamckinney.com,practice type not targeted: Spa
fountainjfgdentalandvision.com,melissa@justforgrinsdental.com,practice type not targeted: Dentist
littlespurspedi.com,jgerlach@littlespurspedi.com,practice type not targeted: Urgent care center
zekasalonspa.com,nancy@zekasalonspa.com,practice type not targeted: Day spa
smileedenprairie.com,sara@smileedenprairie.com,practice type not targeted: Dentist
vincentsurgicalarts.com,drake@vincentsurgicalarts.com,business already emailed or queued
vincentsurgicalarts.com,jessie@vincentsurgicalarts.com,business already emailed or queued
nobledental.com,tfilip@nobledental.com,practice type not targeted: Dentist
simplyskinlasvegas.com,anahit@simplyskinlasvegas.com,practice type not targeted: Laser hair removal service
relaxoncloud9.com,doreen@relaxoncloud9.com,practice type not targeted: Day spa
villageofdentistry.com,ernesto@villageofdentistry.com,practice type not targeted: Dentist
peachtreedental.com,joni@peachtreedental.com,practice type not targeted: Dentist
peachtreedental.com,jeremy.roberts@peachtreedental.com,practice type not targeted: Dentist
mhs.net,sstrum@mhs.net,practice type not targeted: Physical therapy clinic
mhs.net,abeltz@mhs.net,practice type not targeted: Physical therapy clinic
pamperedbeautybarspa.com,lauryn@pamperedbeautybarspa.com,practice type not targeted: Spa
ranchomiragedental.com,carol.cabanas@ranchomiragedental.com,practice type not targeted: Dentist
cerebralspa.com,brad@cerebralspa.com,practice type not targeted: Psychiatrist
daylilyspa.com,stephanie@daylilyspa.com,practice type not targeted: Beauty salon
pathwaydentalgroup.com,jennifer@ericsondental.com,practice type not targeted: Dentist
thecinziaspa.com,christina@thecinziaspa.com,practice type not targeted: Spa
wellbeing-inverness.co.uk,herbalhakim@aol.com,not US (list address)
coastalmassagespa.com,theresaanne@coastalmassagespa.com,practice type not targeted: Massage spa
naturesfinestnutrition.com,jim@naturesfinestnutrition.com,practice type not targeted: Vitamin & supplements store
i-body.ca,jana@i-body.ca,not US (list address)
bakersfieldplastics.com,bill@bakersfieldplastics.com,practice type not targeted: Plastic fabrication company
solvhealth.com,heather@solvhealth.com,practice type not targeted: Urgent care center
smiledesigndentalfl.com,diego@smiledesigndentalfl.com,practice type not targeted: Dentist
thedailyfixkewanee.com,chuvis1@yahoo.com,practice type not targeted: Soft drinks shop
arthritispainpg.com,jadelson@arthritispainpg.com,practice type not targeted: Physical therapy clinic
cedarridgedentistry.com,drbilbeisi@cedarridgedentistry.com,practice type not targeted: Dentist
everlastingbeautyllc.net,oyovich@yahoo.com,practice type not targeted: Beauty salon
catalinasmiles.com,alex.sharifian@catalinasmiles.com,practice type not targeted: Dentist
fourmoonsspa.com,letha@fourmoonsspa.com,practice type not targeted: Spa
ercarecfl.com,ajay@ercarecfl.com,practice type not targeted: Urgent care center
myfirstclasssmile.com,victor@myfirstclasssmile.com,practice type not targeted: Dentist
mwsurgicalhospital.com,cspanjer@mwsurgical.com,practice type not targeted: Surgical center
mwsurgicalhospital.com,sdoran@mwsurgical.com,practice type not targeted: Surgical center
thecfscs.com,jeannine@thecfscs.com,practice type not targeted: Surgeon
suburbansurgicalcare.com,sherri.leach@suburbansurgicalcare.com,practice type not targeted: Surgical center
floridafacialsurgerycenter.com,james@floridafacialsurgerycenter.com,practice type not targeted: Surgical center
salonnordine.com,nordine@salonnordine.com,practice type not targeted: Day spa
lumiereskinandlaser.com,jyoti@lumiereskinandlaser.com,practice type not targeted: Laser hair removal service
baptistjax.com,matt.zuino@bmcjax.com,practice type not targeted: Surgical center
baptistjax.com,scott.wooten@bmcjax.com,practice type not targeted: Surgical center
drrochlin.com,drrochlin@drrochlin.com,practice type not targeted: Surgeon
olympusspa.com,sun.lee@olympusspa.net,practice type not targeted: Day spa
azpodiatry.com,april@azpodiatry.com,practice type not targeted: Podiatrist
gendarmespa.com,topper@gendarmespa.com,practice type not targeted: Day spa
orthoindy.com,mlavery@orthoindy.com,practice type not targeted: Physical therapy clinic
huntsvillemassageprofessionals.com,kathy@huntsvillemassageprofessionals.com,practice type not targeted: Massage therapist
kenly95.com,lee.meier@iowa80group.com,practice type not targeted: Truck stop
kenly95.com,heather.l.debaillie@iowa80group.com,practice type not targeted: Truck stop
wilsonvilleveterinaryclinic.com,haley.davis@wilsonvilleveterinaryclinic.com,practice type not targeted: Veterinarian
maisonesthetique.net,christiane@maisonesthetique.net,practice type not targeted: Day spa
maisonesthetique.net,jmpatrikas@verizon.net,practice type not targeted: Day spa
prime360care.com,kristin@prime360care.com,practice type not targeted: Urgent care center
dentistsofapachejunction.com,jana.kubicek@dentistsofapachejunction.com,practice type not targeted: Dentist
highpointedental.com,brian.hutchison@highpointedental.com,practice type not targeted: Dental clinic
bartlettimplant.com,kal@bartlettimplant.com,practice type not targeted: Dentist
ashlinalexander.com,dralexander@ashlinalexander.com,not US (list address)
dianebeckcoaching.com,diane@dianebeckcoaching.com,not US (list address)
discoverwildcare.org,nicole@discoverwildcare.org,practice type not targeted: Wildlife rescue service
discoverwildcare.org,crystalbeasley@discoverwildcare.org,practice type not targeted: Wildlife rescue service
discoverwildcare.org,ellynweisel@discoverwildcare.org,practice type not targeted: Wildlife rescue service
escny.com,ttrenca@escny.com,practice type not targeted: Ophthalmology clinic
ucsb.edu,stacey.janik@ucsb.edu,practice type not targeted: Public university
ucsb.edu,chancellor@ucsb.edu,practice type not targeted: Public university
ucsb.edu,nikolalapackova@ucsb.edu,practice type not targeted: Public university
ucsb.edu,david.marshall@ucsb.edu,practice type not targeted: Public university
ucsb.edu,kbierman@ucsb.edu,practice type not targeted: Public university
ucsb.edu,mikemiller@ucsb.edu,practice type not targeted: Public university
ucsb.edu,vicechancellor@research.ucsb.edu,practice type not targeted: Public university
ucsb.edu,john.longbrake@ucsb.edu,practice type not targeted: Public university
ashtonsmileclinic.co.uk,dea3dea4@yahoo.com,not US (list address)
metrospa.org,stuart@metrospa.org,not US (list address)
bellalei.com,kate@bellalei.com,practice type not targeted: Beauty salon
tetonspringslodge.com,jnaylor@tetonspringslodge.com,practice type not targeted: Spa
dentalprofessionalsoffairlawn.com,drbardash@gmail.com,practice type not targeted: Cosmetics industry
sumnerwadentist.com,brentnashdds@hotmail.com,practice type not targeted: Dentist
sobohdental.com,sliswi@gmail.com,practice type not targeted: Dentist
premierneurologycenter.com,sam.yono@paincareflorida.com,practice type not targeted: Neurologist
studiojsalon.com,joann@studiojsalon.com,practice type not targeted: Day spa
enhanced-wellness.com,katie@enhanced-wellness.com,practice type not targeted: Massage therapist
bellavitaspaandsalon.com,jeannette@bellavitaspaandsalon.com,practice type not targeted: Day spa
ssclt.com,dharrison@ssclt.com,practice type not targeted: Surgical center
ssclt.com,lzbinden@ssclt.com,practice type not targeted: Surgical center
podiatryplusgroup.co.uk,kelly.leonard@uniquecaregroup.co.uk,not US (list address)
rsmansfielddds.com,rmansfielddds@comcast.net,practice type not targeted: Dentist
naturalboyak.com,jiyun@naturalboyak.com,practice type not targeted: Acupuncture clinic
shinedentaltx.com,hoangmdinh@gmail.com,practice type not targeted: Dentist
shinedentaltx.com,dr.dinh@shinedentaltx.com,practice type not targeted: Dentist
reflections-medspa.com,debbie.reflections@gmail.com,practice type not targeted: Day spa
jjukurispa.com,jessica@jjukurispa.com,practice type not targeted: Day spa
opendoorservicecenter.org,adavis@opendoorservicecenter.org,practice type not targeted: Social services organization
gosouthstar.com,beth.guidry@gosouthstar.com,practice type not targeted: Urgent care center
xopt1.com,javierl@xopt1.com,practice type not targeted: Physical therapy clinic
rejuvenationclinic.com,mahvash@rejuvenationclinic.com,practice type not targeted: Day spa
livingwaterstherapies.ca,leanne@livingwaterstherapies.ca,not US (list address)
theremedydayspa.com,mandy@theremedydayspa.com,practice type not targeted: Day spa
destinationsspasumter.com,marthak.destinations@gmail.com,practice type not targeted: Day spa
bercierfamilydentistry.online,bercieropelousas@gmail.com,practice type not targeted: Dentist
jhaestheticsacademy.com,jhlashschool24@gmail.com,not US (list address)
sandylakedentistry.com,drhorton@sandylakedentistry.com,practice type not targeted: Dentist
thewoodmark.com,scott.guthrie@thewoodmark.com,practice type not targeted: Day spa
infiniterecovery.com,robin.lindeman@infiniterecovery.com,practice type not targeted: Addiction treatment center
infiniterecovery.com,michael@infiniterecovery.com,practice type not targeted: Addiction treatment center
twincitiesdental.com,fehresti@hotmail.com,practice type not targeted: Dentist
apollowellnessmiami.com,john@apollowellnessmiami.com,business already emailed or queued
hygea.health,robby@hygea.health,practice type not targeted: Addiction treatment center
kaisalon.com,kim@kaisalon.com,practice type not targeted: Beauty salon
capitalchildrens.com,jwheeler@capitalchildrens.com,practice type not targeted: Surgical center
omahaspecialtydental.com,mcvaney@omahaspecialtydental.com,practice type not targeted: Dental implants periodontist
lakesuperiordental.com,dave.purdy@lakesuperiordental.com,practice type not targeted: Dentist
insparations1.com,sheila@insparations1.com,practice type not targeted: Beauty salon
abundantlifeprc.org,director@abundantlifeprc.org,practice type not targeted: Pregnancy care center
abundantlifeprc.org,jcloudmd@gmail.com,practice type not targeted: Pregnancy care center
carolinanmt.com,kayncmmt@gmail.com,practice type not targeted: Massage therapist
lisawilsonpermanentcosmetics.com,lisawilsoncosmetics@gmail.com,practice type not targeted: Permanent make-up clinic
mountainviewvillage.com,hnash@centercal.com,practice type not targeted: Shopping mall
kellogghubbard.org,ccleveland@kellogghubbard.org,practice type not targeted: Public library
kellogghubbard.org,dgroberg@kellogghubbard.org,practice type not targeted: Public library
kellogghubbard.org,nwhelley@kellogghubbard.org,practice type not targeted: Public library
ctcprograms.com,daniel.hymas@ctcprograms.com,practice type not targeted: Addiction treatment center
ctcprograms.com,jacquelyn.elliott@ctcprograms.com,practice type not targeted: Addiction treatment center
ctcprograms.com,camilla.wisbauer@ctcprograms.com,practice type not targeted: Addiction treatment center
ctcprograms.com,karen.mercer@ctcprograms.com,practice type not targeted: Addiction treatment center
sembodyworks.com,shaewalter.93@comcast.net,practice type not targeted: Massage therapist
clovedds.com,ip@clovedds.com,practice type not targeted: Dentist
mossblufffamilydental.com,drcochran@mossblufffamilydental.com,practice type not targeted: Dentist
totumnutrition.com,carolina@totumnutrition.com,practice type not targeted: Dietitian
treated4u.com,shawn@treated4u.com,practice type not targeted: Day spa
torontofacialplastic.com,drgantous@torontofacialplastic.com,not US (list address)
bluediamondfamilydental.com,hr@bluediamondfamilydental.com,practice type not targeted: Dentist
sweatheory.com,julian@sweatheory.com,business already emailed or queued
elementsmassage.com,lisazucco@elementsmassage.com,practice type not targeted: Massage therapist
docteurchirurgieplastique.com,gabydoumitmd@gmail.com,not US (list address)
revivallaserandskinclinic.com,amy.nealey@revivallaserandskinclinic.com,practice type not targeted: Laser hair removal service
jennz.com,jenn@jennz.com,practice type not targeted: Laser hair removal service
pacificdentalsanrafael.com,michellefong18@gmail.com,practice type not targeted: Dentist
greenmountaindayspa.com,greenmountaindayspavt@gmail.com,practice type not targeted: Day spa
recallmax.com,jeff.barsotti@recallmax.com,practice type not targeted: Dentist
recallmax.com,rita.baumgaertner@recallmax.com,practice type not targeted: Dentist
lavidasalonandspa.com,info@lavida.salon,not US (list address)
clearwellnessgroup.com,rinku@clearwellnessgroup.com,practice type not targeted: Urgent care center
amaramedspa.co,leigh@amaradayspa.com,practice type not targeted: Day spa
gohealthuc.com,todd.latz@gohealthuc.com,practice type not targeted: Urgent care center
gohealthuc.com,sarah.arora@gohealthuc.com,practice type not targeted: Urgent care center
beyond-human.com,marques@beyond-human.com,business already emailed or queued
redlightdayspa.com,eric@redlightdayspa.com,practice type not targeted: Day spa
salon-mystique.com,nora@salon-mystique.com,practice type not targeted: Beauty salon
newportcentersurgical.com,binh@newportcentersurgical.com,practice type not targeted: Surgical center
newportcentersurgical.com,kim@newportcentersurgical.com,practice type not targeted: Surgical center
gohce.com,tim.reynolds@gohce.com,practice type not targeted: Urgent care center
oasisspa.biz,linna.oblinger@gmail.com,practice type not targeted: Massage spa
asanarecovery.com,adam.shandrow@asanarecovery.com,practice type not targeted: Addiction treatment center
nailloungemaryville.com,quoctran250493@gmail.com,practice type not targeted: Nail salon
kitsapeye.com,mevenson@kitsapeye.com,practice type not targeted: Ophthalmology clinic
galleriaspasalon.com,ronda@galleriaspasalon.com,practice type not targeted: Day spa
galleriaspasalon.com,hilary@galleriaspasalon.com,practice type not targeted: Day spa
brilliantsmilesofnorthplainfield.com,ashdeshpande2020@gmail.com,practice type not targeted: Dental clinic
renoviamassage.com,steve.renovia@gmail.com,practice type not targeted: Spa
medsurgurgentcare.com,singhaga84@gmail.com,practice type not targeted: Urgent care center
rescuespa.com,danuta@rescuespa.com,practice type not targeted: Spa
cloud9dayspa.net,kristen@cloud9dayspa.net,practice type not targeted: Spa
thebodhispa.com,harmony@thebodhispa.com,practice type not targeted: Day spa
tamu.edu,vcdean@ag.tamu.edu,practice type not targeted: Recreation center
americanurgentcarecenter.com,sknewman@americanurgentcarecenter.com,practice type not targeted: Urgent care center
americanurgentcarecenter.com,rnewman@americanurgentcarecenter.com,practice type not targeted: Urgent care center
orfaniotis.co.uk,georgios@orfaniotis.co.uk,not US (list address)
cnyhealingarts.com,cbates@cnyhealingarts.com,practice type not targeted: Spa
emergencyvetmissoula.com,eellingson@pecmissoula.com,practice type not targeted: Veterinarian
hiddengemluxury.com,ashlie@hiddengemluxury.com,practice type not targeted: Spa
scottishdentalcare.co.uk,philip@sdcgroup.co.uk,not US (list address)
scottishdentalcare.co.uk,annemarie.wilson@scottishdentalcare.co.uk,not US (list address)
fusionofbeauty.com,anna@fusionofbeauty.com,practice type not targeted: Beauty salon
publix.com,kevin.murphy@publix.com,practice type not targeted: Supermarket
teledentix.com,bjackson@virtualdentalcare.com,practice type not targeted: Dentist
4statesdentalcare.com,emiley@fsdcdds.com,practice type not targeted: Dentist
sanibeldayspa.com,info@sanibeldayspa.com,practice type not targeted: Spa
ellevemedspa.com,irinanp@ellevemedspa.com,practice type not targeted: Spa
lowcountryurgentcare.com,mmccaffity@lowcountryurgentcare.com,practice type not targeted: Urgent care center
skeltonfamilydentistry.com,rachel@skeltonfamilydentistry.com,practice type not targeted: Dentist
spainthewoodsmi.com,koueiter5@comcast.net,practice type not targeted: Day spa
aristaspasalon.com,kpeterson@aristaspasalon.com,practice type not targeted: Spa
robertsdaledental.com,rdc.office@robertsdaledental.com,practice type not targeted: Dentist
contouryourbodyhavasu.com,kristacrawford@gmail.com,practice type not targeted: Spa
splashbeautyspa.com,paula@splashbeautyspa.com,practice type not targeted: Facial spa
sundancept.com,massoud@sundancept.com,practice type not targeted: Physical therapist
dentistryofthecarolinas.com,chammock@dentistryofthecarolinas.com,practice type not targeted: Dentist
hylandentalcare.com,hylandentalcare@gmail.com,practice type not targeted: Dentist
mistyspringspacentereach.com,liujinna80@gmail.com,practice type not targeted: Massage spa
kd360wellness.com,kd@karendesimone.com,practice type not targeted: Physical therapist
refreshdayspa.ca,kari@refreshdayspa.ca,not US (list address)
friendlydentalgroup.com,beth@friendlydentalgroup.com,practice type not targeted: Dentist
urbanretreatspa.com,janine@urbanretreatspa.com,practice type not targeted: Spa
casacolinasurgerycenter.com,hnguyen@amsurg.com,practice type not targeted: Surgical center
revidarecovery.com,evan.norton@revidarecovery.com,practice type not targeted: Addiction treatment center
njtotalwellness.com,drbrianshannon@gmail.com,practice type not targeted: Rehabilitation center
intrinsicfamilydental.com,dentalcareintrinsic@gmail.com,practice type not targeted: Dentist
drhamza.co.uk,foued@drhamza.co.uk,not US (list address)
abcdentalantioch.com,drpartovi@hotmail.com,practice type not targeted: Dentist
drsergiodelagarza.com,drsergiodelagarza@gmail.com,practice type not targeted: Acupuncture clinic
drivenhealthcare.com,info@drivenhealthcare.com,practice type not targeted: Urgent care center
dentplant.net,brendan@dentplant.net,practice type not targeted: Dental clinic
thebarw.com,barbarawetzel@thebarw.com,practice type not targeted: (blank)
nutritiondiscountcenter.com,jon@nutritiondiscountcenter.com,practice type not targeted: Vitamin & supplements store
stores.basspro.com,jmorris@basspro.com,practice type not targeted: Sporting goods store
erieanimalhosp.com,dvpenn95@gmail.com,practice type not targeted: Veterinarian
eversunwellness.com,farajekharsa@live.com,practice type not targeted: Tanning salon
eversunwellness.com,sarah@eversunwellness.com,practice type not targeted: Tanning salon
cresthetics.com,christinarenee.esthetics@gmail.com,practice type not targeted: Facial spa
smartsetaesthetics.com,sonya@smartsetaesthetics.com,practice type not targeted: Beauty salon
cosmeticdentistcherryhill.com,themegasmile@gmail.com,practice type not targeted: Dentist
nicoaraperio.com,doctor@nicoaraperio.com,practice type not targeted: Dental implants periodontist
spa313.com,erickachancellor@gmail.com,practice type not targeted: Beauty salon
lexysstudio.com,studiolex5@gmail.com,practice type not targeted: Day spa
thespaonyosemite.com,sara@thespaonyosemite.com,practice type not targeted: Day spa
trilogyspa.com,tiffany@trilogyspa.com,practice type not targeted: Day spa
trilogyspa.com,chandra@trilogyspa.com,practice type not targeted: Day spa
westinfortlauderdalebeachspa.com,michael.berry@westinftlauderdalebeach.com,practice type not targeted: (blank)
westinfortlauderdalebeachspa.com,laurie.johnson@westinftlauderdalebeach.com,practice type not targeted: (blank)
thespafacial.info,mwawalko@gmail.com,practice type not targeted: Spa
sunjarasalonspa.com,relax.sundarasalon@gmail.com,practice type not targeted: Spa
hotelhealdsburg.com,alyssa@hotelhealdsburg.com,practice type not targeted: Spa
bestsignsga.com,tyler@bestsignsga.com,practice type not targeted: Sign shop
dentalcareofyucaipa.com,juliantudose@gmail.com,practice type not targeted: Dental clinic
bodybeautifulllc.com,maria@bodybeautifulllc.com,practice type not targeted: Laser hair removal service
stewleonards.com,mbell@stewleonards.com,practice type not targeted: Supermarket
barrdds.com,bbarr815@gmail.com,practice type not targeted: Dentist
brookingsdentalarts.com,drbricechang@gmail.com,practice type not targeted: Dentist
hudecdental.com,jhudec@hudecdental.com,practice type not targeted: Dentist
abettersmileok.com,docross@abettersmileok.com,practice type not targeted: Dentist
vitalcaretx.com,nslater@vitalcaretx.com,practice type not targeted: Urgent care center
longgrovedentalstudio.com,nikdemars@hotmail.com,practice type not targeted: Dentist
aestheticbeautycentre.co.uk,bernie.prinsloo@aestheticbeautycentre.co.uk,not US (list address)
sutterhealthpark.com,cmaxson@rivercats.com,practice type not targeted: Stadium
artfulawakenings.com,styler@artfulawakenings.com,practice type not targeted: Surgical center
acaciaspa.com,andrea@acaciaspa.com,practice type not targeted: Day spa
acaciaspa.com,allyson@acaciaspa.com,practice type not targeted: Day spa
completeglow.com,diane@completeglow.com,practice type not targeted: Tanning salon
nmspa.com,nicholas@nmspa.com,practice type not targeted: Massage spa
nutritionforliving.org,sharon.howard.rd@gmail.com,practice type not targeted: Dietitian
thewellingtoncentre.com,alison@thewellingtoncentre.com,not US (list address)
binghamton.edu,dfauci@binghamton.edu,practice type not targeted: Public university
binghamton.edu,dehall@binghamton.edu,practice type not targeted: Public university
binghamton.edu,dwhitmore@binghamton.edu,practice type not targeted: Public university
binghamton.edu,gregdelv@binghamton.edu,practice type not targeted: Public university
binghamton.edu,kajones@binghamton.edu,practice type not targeted: Public university
binghamton.edu,jnavarro@binghamton.edu,practice type not targeted: Public university
binghamton.edu,brose@binghamton.edu,practice type not targeted: Public university
affordableextraction.com,dhakardds@gmail.com,practice type not targeted: Dentist
bodybeautifulspa.net,marlena@bodybeautifulspa.net,practice type not targeted: Facial spa
habilitat.com,jnash@habilitat.com,practice type not targeted: Addiction treatment center
habilitat.com,change@habilitat.com,practice type not targeted: Addiction treatment center
lmcuballpark.com,amandas@whitecapsbaseball.com,practice type not targeted: Stadium
foothealthspatx.com,dreamhousesrealtor@gmail.com,practice type not targeted: Massage spa
spasydell.com,mbine@spasydell.com,practice type not targeted: Spa
spasydell.com,larmitage@spasydell.com,practice type not targeted: Spa
azardentistry.com,xavierazar@gmail.com,practice type not targeted: Dentist
medspaelegance.com,georgia.wellness.solutions@gmail.com,practice type not targeted: (blank)
secure-dental.com,nazishjafri@secure-dental.com,practice type not targeted: Dentist
dentistmarina.com,marina@dentistmarina.com,practice type not targeted: Dentist
westlakevillageinn.com,chris_cuilty@wvinn.com,practice type not targeted: Spa
encompasshealth.com,mark.miller@encompasshealth.com,practice type not targeted: Rehabilitation center
encompasshealth.com,mark.tarr@encompasshealth.com,practice type not targeted: Rehabilitation center
themedstationpc.com,efeliciano@themedstationpc.com,practice type not targeted: Urgent care center
smiledentists.com,office@smiledentists.com,practice type not targeted: Dentist
viewmontsurgerycenter.com,kathy.kelly@healthcrest.com,practice type not targeted: Surgical center
revivalfloatspa.com,josh@revivalfloatspa.com,practice type not targeted: Day spa
dentalsurgeonsma.com,john@dentalsurgeonsma.com,practice type not targeted: Dental implants provider
teasesalonrupert.com,teasesalon520@gmail.com,practice type not targeted: Beauty salon
senatobiadentalcare.com,brant@senatobiadentalcare.comcastbiz.net,practice type not targeted: Dentist
med.unc.edu,wburks@email.unc.edu,practice type not targeted: Speech pathologist
med.unc.edu,cristy_page@med.unc.edu,practice type not targeted: Speech pathologist
acquahotel.com,jflake@marinhotels.com,practice type not targeted: (blank)
acquahotel.com,jgilmore@marinhotels.com,practice type not targeted: (blank)
acquahotel.com,kmarquette@marinhotels.com,practice type not targeted: (blank)
nursekellyk.com,nursekellyk@gmail.com,practice type not targeted: Spa
hideawayspaandsalon.com,seohasstx@gmail.com,practice type not targeted: Day spa
energytorrington.com,dinacateno@gmail.com,practice type not targeted: Fitness center
energytorrington.com,rrovezzi@gmail.com,practice type not targeted: Fitness center
crookedtails.com,bethany@crookedtails.com,practice type not targeted: Veterinarian
williamrpike.com,drwilliamrpike@gmail.com,practice type not targeted: Dentist
dawson-med.com,ablankenship@dawson-med.com,practice type not targeted: Urgent care center
riverspariverranch.com,bstoma@riverspariverranch.com,practice type not targeted: Spa
mistdayspa.com,amanda@mistdayspa.com,practice type not targeted: Day spa
holisticoptionsinc.com,mrenaud@holisticoptionsinc.com,practice type not targeted: Acupuncturist
mckeefamilydental.com,mckeell@hotmail.com,practice type not targeted: Dentist
hansrajshethmd.com,hshethgensurg@hotmail.com,practice type not targeted: Surgical center
sedonalasercenter.com,bel@sedonalasercenter.com,practice type not targeted: Laser hair removal service
medicalmassage4injuries.com,erica@medicalmassage4injuries.com,practice type not targeted: Spa
powerplasticsurgery.com,drpower@powerplasticsurgery.com,not US (list address)
gbalondon.com,gb@gbalondon.com,not US (list address)
toptierbeautyllc.com,tayehyderinfo@gmail.com,practice type not targeted: Beauty salon
dolcevitawellnessspa.com,nyla@dolcevitawellnessspa.com,practice type not targeted: Spa
beautybarsalon.com,amber@beautybarsalon.com,practice type not targeted: Beauty salon
smilesbyinfantino.com,salvatore@smilesbyinfantino.com,practice type not targeted: Dentist
hudsonriverhousing.org,chines@hudsonriverhousing.org,practice type not targeted: Shared-use commercial kitchen
hudsonriverhousing.org,cjaros@hudsonriverhousing.org,practice type not targeted: Shared-use commercial kitchen
hudsonriverhousing.org,abostock@hudsonriverhousing.org,practice type not targeted: Shared-use commercial kitchen
hudsonriverhousing.org,dbradford@hudsonriverhousing.org,practice type not targeted: Shared-use commercial kitchen
hudsonriverhousing.org,kcipriano@hudsonriverhousing.org,practice type not targeted: Shared-use commercial kitchen
hudsonriverhousing.org,vdarrow@hudsonriverhousing.org,practice type not targeted: Shared-use commercial kitchen
hudsonriverhousing.org,pkellett@hudsonriverhousing.org,practice type not targeted: Shared-use commercial kitchen
hudsonriverhousing.org,hlawrence@hudsonriverhousing.org,practice type not targeted: Shared-use commercial kitchen
hudsonriverhousing.org,jgomez@hudsonriverhousing.org,practice type not targeted: Shared-use commercial kitchen
hudsonriverhousing.org,mlinge@hudsonriverhousing.org,practice type not targeted: Shared-use commercial kitchen
mypaysimple.com,dsharp@paysimple.com,practice type not targeted: Day spa
drscottosborne.com,seosbornedds@windstream.net,practice type not targeted: Dentist
stellassalonandboutique.com,debeklinder@gmail.com,practice type not targeted: Beauty salon
lilydayspa.com,liliwang1222@gmail.com,practice type not targeted: Day spa
healthneighborhoodcenter.org,scottm@c-who.org,practice type not targeted: Urgent care center
commonwealthofs.com,jcyr@commonwealthofs.com,practice type not targeted: Dentist
commonwealthofs.com,msattler@commonwealthofs.com,practice type not targeted: Dentist
secondwinddayspa.com,deb.secondwind@gmail.com,practice type not targeted: Day spa
heinens.com,jheinen@heinens.com,practice type not targeted: Supermarket
elledayspa.com,michelle@elledayspa.com,practice type not targeted: Day spa
ne-surgerycenter.org,nbacon@ne-surgerycenter.org,practice type not targeted: Surgical center
chrias.com,iirgau@chrias.com,practice type not targeted: Surgical center
lifeextension.com,pgilner@lifeextension.com,practice type not targeted: Vitamin & supplements store
lifeextension.com,rsearles@lifeextension.com,practice type not targeted: Vitamin & supplements store
rejuvmedical.com,tylert@rejuvmedical.com,business already emailed or queued
rejuvmedical.com,jr@rejuvmedical.com,business already emailed or queued
promptlytech.com,anish.kapur@promptlycheckin.com,practice type not targeted: Ophthalmology clinic
veramar.com,jamesbogaty@veramar.com,practice type not targeted: Winery
veramar.com,dellabogaty@veramar.com,practice type not targeted: Winery
bodyworkunbound.com,karen@bodyworkunbound.com,practice type not targeted: Day spa
sunriseseniorliving.com,jack.callison@sunriseseniorliving.com,practice type not targeted: Retirement community
sunriseseniorliving.com,vanessa.forsythe@sunriseseniorliving.com,practice type not targeted: Retirement community
sunriseseniorliving.com,pascal.duchauffour@sunriseseniorliving.com,practice type not targeted: Retirement community
drgaryb.com,drgarybelenski@gmail.com,practice type not targeted: Dentist
serendipitydayspas.com,jskop@serendipitydayspas.com,practice type not targeted: Day spa
serendipitydayspas.com,amber@serendipitydayspas.com,practice type not targeted: Day spa
mentorsurgery.com,cmarut@mentorsurgery.com,practice type not targeted: Surgical center
nouveauskincarestudio.com,suzy@nouveauskincarestudio.com,practice type not targeted: Beauty salon
mintjulepspaandsalon.com,reneeshockley85@gmail.com,practice type not targeted: Beauty salon
markhamplasticsurgery.com,drwallman@markhamplasticsurgery.com,not US (list address)
allencarr.com,pb@allencarr.com,not US (list address)
amaraspa.ca,tiffany@amaraspa.ca,not US (list address)
phoenixhospitalgroup.com,andrew.barker@phoenixhospitalgroup.com,not US (list address)
phoenixhospitalgroup.com,marcus.whiteley@phoenixhospitalgroup.com,not US (list address)
fairmont.com,omer.acar@fairmont.com,not US (list address)
bristolmenopause.com,hazel@bristolmenopause.com,not US (list address)
tpwd.texas.gov,matthew.burnett@tpwd.texas.gov,practice type not targeted: State park
tpwd.texas.gov,dana.lagarde@tpwd.texas.gov,practice type not targeted: State park
tpwd.texas.gov,david.yoskowitz@tpwd.texas.gov,practice type not targeted: State park
tpwd.texas.gov,dan.daugherty@tpwd.texas.gov,practice type not targeted: State park
tpwd.texas.gov,andrea.garcia@tpwd.texas.gov,practice type not targeted: State park
tpwd.texas.gov,crystal.locke@tpwd.texas.gov,practice type not targeted: State park
tpwd.texas.gov,jade.morgan@tpwd.texas.gov,practice type not targeted: State park
tpwd.texas.gov,kara.escajeda@tpwd.texas.gov,practice type not targeted: State park
tpwd.texas.gov,marissa.dilick@tpwd.texas.gov,practice type not targeted: State park
tpwd.texas.gov,matthew.mears@tpwd.texas.gov,practice type not targeted: State park
tpwd.texas.gov,michelle.parke@tpwd.texas.gov,practice type not targeted: State park
tpwd.texas.gov,renee.serrano@tpwd.texas.gov,practice type not targeted: State park
tpwd.texas.gov,debra.rosas@tpwd.texas.gov,practice type not targeted: State park
tpwd.texas.gov,john.silovsky@tpwd.texas.gov,practice type not targeted: State park
noranugent.co.uk,nora@noranugent.co.uk,not US (list address)
garylross.com,glross@gmail.com,not US (list address)
exetergcc.co.uk,chris.jones@exetergcc.co.uk,not US (list address)
exetergcc.co.uk,james.temple@exetergcc.co.uk,not US (list address)
exetergcc.co.uk,jenni.ashford@exetergcc.co.uk,not US (list address)
purespauk.com,becky@purespauk.com,not US (list address)
purespauk.com,michael@purespauk.com,not US (list address)
calpoly.edu,cvandorn@calpoly.edu,practice type not targeted: University
calpoly.edu,aliddico@calpoly.edu,practice type not targeted: University
calpoly.edu,abj@calpoly.edu,practice type not targeted: University
calpoly.edu,jarmstro@calpoly.edu,practice type not targeted: University
calpoly.edu,mmccor21@calpoly.edu,practice type not targeted: University
calpoly.edu,mmlevitt@calpoly.edu,practice type not targeted: University
calpoly.edu,maw@calpoly.edu,practice type not targeted: University
flavioc.com,flavioc@att.net,practice type not targeted: Hypnotherapy service
cjspecialtysurgical.com,anita@cjspecialtysurgical.com,practice type not targeted: Surgeon
handandstone.com,jteza@handandstone.com,practice type not targeted: Spa
handandstone.com,jdurham@handandstone.com,practice type not targeted: Spa
jeffreywaltondds.com,jmwaltondds@yahoo.com,practice type not targeted: Dentist
ellemedspaandsalon.com,denise@ellemedspaandsalon.com,practice type not targeted: Beauty salon
vets4pets.com,james.rogerson@vets4pets.com,not US (list address)
vets4pets.com,richard.deningsmitherman@vets4pets.com,not US (list address)
drrussoskinexpert.com,dr.russo@drrussoskincare.co.uk,not US (list address)
napavalleyspa.com,vperez@hsnv.com,practice type not targeted: Day spa
napavalleyspa.com,eric@hsnv.com,practice type not targeted: Day spa
comfortdental.com,rkushner@comfortdental.biz,practice type not targeted: Dentist
theeyeexperts.com,alexander@theeyeexperts.com,practice type not targeted: Ophthalmology clinic
imagine-smiles.com,dgreen@imagine-smiles.com,practice type not targeted: Dental clinic
lacolonrectalsurgeon.com,zuri@lacolonrectalsurgeon.com,practice type not targeted: Proctologist
peoples-dental.com,jonathan@peoples-dental.com,practice type not targeted: Dentist
georgetownasc.com,patrick@georgetownasc.com,practice type not targeted: Surgical center
serenitysurgery.com,drb@serenitysurgery.com,practice type not targeted: Surgeon
kravmagaspokane.com,brayson@kravmagaspokane.com,practice type not targeted: Self defense school
northbridgesmiles.com,yaritza@northbridgesmiles.com,practice type not targeted: Dentist
whiteferndental.co.uk,spatil@whiteferndental.co.uk,not US (list address)
recoverykansascity.com,meisenberg@advancedrecoverysystems.com,practice type not targeted: Addiction treatment center
bluemercury.com,mbernstein@bluemercury.com,practice type not targeted: Cosmetics store
kernpublicworks.com,champlinj@kerncounty.com,practice type not targeted: Waste management service
kernpublicworks.com,yolandar@kerncounty.com,practice type not targeted: Waste management service
kernpublicworks.com,fontesb@kerncounty.com,practice type not targeted: Waste management service
tribemedspa.com,joe@tribemedspa.com,practice type not targeted: Spa
mauihealthspa.com,nikki@mauihealthspa.com,practice type not targeted: Thai massage therapist
jaxlashbar.online,veronica@jaxlashbar.com,practice type not targeted: Eyelash salon
relaxspaandbeauty.com,traci@relaxspaandbeauty.com,practice type not targeted: Massage therapist
paragondental.org,matthew@paragondental.org,practice type not targeted: Dentist
belmontdentalnj.com,kinjal@belmontdentalnj.com,practice type not targeted: Dentist
longmontmoderndentistry.com,symon.stanley@longmontmoderndentistry.com,practice type not targeted: Dentist
lifetimerecoverycenter.com,nicholas@lifetimerecoverycenter.com,practice type not targeted: Addiction treatment center
eastvalegatewaydental.com,ramidimitri@eastvalegatewaydental.com,practice type not targeted: Dentist
capedentistry.com,info@capedentistry.com,practice type not targeted: Dentist
skintherapydayspa.com,bethajones@bellsouth.net,practice type not targeted: Spa
623dentist.com,bob@623dentist.com,practice type not targeted: Dentist
singletonavenueah.com,robert.imbriale@singletonavenueah.com,practice type not targeted: Veterinarian
holtzspa.com,donna@holtzspa.com,not US (list address)
holtzspa.com,amanda.fox@holtzspa.com,not US (list address)
drrobynwatts.com,robyn@drrobynwatts.com,not US (list address)
occoquansmiles.com,aichadentist@yahoo.com,practice type not targeted: Dental clinic
specialdentalcare.com,steve@specialdentalcare.com,practice type not targeted: Dentist
specialdentalcare.com,amy@specialdentalcare.com,practice type not targeted: Dentist
prestigemedicalspa.com,shelley@prestigemedicalspa.com,practice type not targeted: Spa
northshorenailsanddayspa.com,timblowers@att.net,practice type not targeted: Beauty salon
allegromedspa.net,abogue@allegroclinics.com,practice type not targeted: Day spa
allegromedspa.net,ashaw@allegroclinics.com,practice type not targeted: Day spa
austinlasermedspa.com,karen@austinlasermedspa.com,practice type not targeted: Laser hair removal service
chardonsurgerycenter.com,augustine.kellis@chardonsurgerycenter.com,practice type not targeted: Surgical center
brickhavenspa.com,stephanie@brickhavenspa.com,practice type not targeted: Day spa
skinperfecta.com,rene@skinperfecta.com,practice type not targeted: Surgical center
groot.com,kpennington@groot.com,practice type not targeted: Waste management service
groot.com,mschaeflein@groot.com,practice type not targeted: Waste management service
balanceofnature.com,lex@balanceofnature.com,practice type not targeted: Vitamin & supplements store
clovrapplevalley.com,robin@clovrapplevalley.com,practice type not targeted: Spa
chinesemassagecornwall.co.uk,lian_h@yahoo.co.uk,not US (list address)
spadew.com,jina@spadew.com,practice type not targeted: Day spa
rialtodental.com,a@rialtodental.com,practice type not targeted: Dentist
spavisage.com,tim@spavisage.com,practice type not targeted: Spa
valleymed.org,liz_nolan@valleymed.org,practice type not targeted: Physical therapy clinic
valleymed.org,jeannine_grinnell@valleymed.org,practice type not targeted: Physical therapy clinic
phippsdentalpractice.com,pipstopher@yahoo.com,practice type not targeted: Dentist
serenitymedspalodi.com,elizabeth@serenitymedspalodi.com,practice type not targeted: Hair removal service
soleabeautysalon.com,vasil@soleabeautysalon.com,practice type not targeted: Beauty salon
perrismoderndentistry.com,sherly.sohal@perrismoderndentistry.com,practice type not targeted: Dentist
burlesonmoderndentistry.com,geoffrey.barnum@burlesonmoderndentistry.com,practice type not targeted: Dentist
tamu.edu,d-burns@tamu.edu,practice type not targeted: Recreation center
tamu.edu,s-senkel@tamu.edu,practice type not targeted: Recreation center
tamu.edu,john.murphy@law.tamu.edu,practice type not targeted: Recreation center
tamu.edu,yennello@comp.tamu.edu,practice type not targeted: Recreation center
tamu.edu,b-bielamowicz@tamu.edu,practice type not targeted: Recreation center
tamu.edu,mdillard@tamu.edu,practice type not targeted: Recreation center
tamu.edu,president@tamu.edu,practice type not targeted: Recreation center
orfaniotis.co.uk,lian@medicalsecserv.co.uk,not US (list address)
spitalelaserspasalon.com,michael@spitalesalon.com,practice type not targeted: Laser hair removal service
lifetimedentalsanbernardino.com,info@doctorafzali.com,practice type not targeted: Dentist
elementstoronto.com,troy@elementstoronto.com,not US (list address)
ovsurgical.ca,christopher.wein@ovsurgical.ca,not US (list address)
sturdyhealth.org,abrewer@sturdyhealth.org,practice type not targeted: Surgical center
websteroutpatientsurgery.com,sluong@uspi.com,practice type not targeted: Surgical center
websteroutpatientsurgery.com,cdenno@uspi.com,practice type not targeted: Surgical center
grailsprings.com,madeleine@grailsprings.com,not US (list address)
mychildrenschoice.com,jsteinbrun@mychildrenschoice.com,practice type not targeted: Dentist
rachelmedspa.com,shinhar2@yahoo.com,practice type not targeted: Spa
tenthousandwaves.com,duke@tenthousandwaves.com,practice type not targeted: (blank)
tenthousandwaves.com,deborah@tenthousandwaves.com,practice type not targeted: (blank)
orthoillinois.com,anthony.brown@orthoillinois.com,practice type not targeted: Surgical center
johngeaslanddentures.com,jgeasland@att.net,practice type not targeted: Dentist
uchealth.org,kate.maiurro@uchealth.org,practice type not targeted: Surgical center
uchealth.org,elizabeth.concordia@uchealth.org,practice type not targeted: Surgical center
bodyandsoul-dayspa.com,catherine@bodyandsoul-dayspa.com,not US (list address)
auroravillagedentalgroup.com,tara.sears@auroravillagedentalgroup.com,practice type not targeted: Dentist
sammamishsmilesdentistry.com,jinita@sammamishsmilesdentistry.com,practice type not targeted: Dentist
meridiansmilesdentistry.com,daniel@meridiansmilesdentistry.com,practice type not targeted: Dentist
thecooperclinic.com,jim@thecooperclinic.com,not US (list address)
rscfresno.com,bmehling@uspi.com,practice type not targeted: Surgical center
knoxwinningsmiles.com,cdavid@knoxwinningsmiles.com,practice type not targeted: Dentist
mccolgansurgery.com,william@mccolgansurgery.com,practice type not targeted: Surgical center
earthlingdayspa.com,aby@earthlingdayspa.com,practice type not targeted: Day spa
ilyspa.com,amanda@ilyspa.com,practice type not targeted: (blank)
bestdentalspa.com,dhara@bestdentalspa.com,practice type not targeted: Dentist
newrelaxspa.com,yoke@newrelaxspa.com,practice type not targeted: Massage therapist
zionurgentcare.com,tewodros@zionurgentcare.com,practice type not targeted: Urgent care center
citronerestaurant.com,brandon@citronerestaurant.com,practice type not targeted: Restaurant
essentialsofwoodbridge.com,zaskia@essentialsofwoodbridge.com,practice type not targeted: Day spa
lagunaniguelsurgery.com,lauren.cessna@scasurgery.com,practice type not targeted: Surgical center
midwestohiodental.com,miranda@midwestohiodental.com,practice type not targeted: Dentist
rsddentalgroup.com,carolyn@rsddentalgroup.com,practice type not targeted: Dentist
simplicitylaser.com,erik.adams@simplicitylaser.com,practice type not targeted: Laser hair removal service
simplicitylaser.com,leeon.jeffs@simplicitylaser.com,practice type not targeted: Laser hair removal service
theottawaclinic.com,trefor.nodwell@theottawaclinic.com,not US (list address)
bouyage.co.uk,aisha@aishakhayat.com,not US (list address)
menifeesmilesdental.com,kari.walters@menifeesmilesdental.com,practice type not targeted: Dentist
posthotelleavenworth.com,rob@posthotelleavenworth.com,practice type not targeted: (blank)
skinessence.clinic,pamela@skinessence.clinic,practice type not targeted: Facial spa
affinitydrs.com,cbush@affinitydrs.com,practice type not targeted: Urgent care center
thehavennd.com,chrystal@thehavennd.com,practice type not targeted: Massage spa
hayurscalpspa.com,dwilliamsrn@ymail.com,practice type not targeted: Day spa
cfdok.com,jessica@cfdok.com,practice type not targeted: Dentist
cfdok.com,murray@cfdok.com,practice type not targeted: Dentist
jolantasmyda.com,jolantasmyda@yahoo.com,practice type not targeted: Dentist
nouveau-spa.com,danielapalavicini@nouveau-spa.com,practice type not targeted: Spa
centralcoastdentalimplants.com,paraon.dequiroz@centralcoastdentalimplants.com,practice type not targeted: Dental implants provider
yeatesfamilydental.com,justin@yeatesfamilydental.com,practice type not targeted: Dentist
rejuvenatefullbodyspa.com,stellad214@yahoo.com,practice type not targeted: Spa
ynhhs.org,christopher.oconnor@ynhh.org,practice type not targeted: Urgent care center
ynhhs.org,dan.weintraub@ynhh.org,practice type not targeted: Urgent care center
paducahspa.com,scott@paducahspa.com,practice type not targeted: Massage spa
ivyglam.com,ivy@ivyglam.com,practice type not targeted: Day spa
rumisimone.com,dyana@rumisimone.com,practice type not targeted: Day spa
theskincospa.co.uk,rajesh@theskincospa.co.uk,not US (list address)
gidentalcenter.com,officemanager@gidentalcenter.com,practice type not targeted: Dentist
gidentalcenter.com,shay@gidentalcenter.com,practice type not targeted: Dentist
drsrubinsteinandducoff.com,mahra@drsrubinsteinandducoff.com,practice type not targeted: Dentist
nextcare.com,dereknewell@nextcare.com,practice type not targeted: Urgent care center
nextcare.com,jeffgerlach@nextcare.com,practice type not targeted: Urgent care center
oakridgesmilesdentistry.com,julia@oakridgesmilesdentistry.com,practice type not targeted: Dentist
rosatoplasticsurgery.com,ralph@rosatoplasticsurgery.com,practice type not targeted: Surgical center
spa.grandwailea.com,hillary.sandbach@waldorfastoria.com,practice type not targeted: Spa
spa.grandwailea.com,marco.marini@grandwailea.com,practice type not targeted: Spa
cedarhillmoderndentistry.com,avery.parker@cedarhillmoderndentistry.com,practice type not targeted: Dentist
willowbridgecenter.com,andi@willowbridgecenter.com,practice type not targeted: Spa
thespaden.com,daniesha@thespaden.com,practice type not targeted: Spa
heathfamilydentistry.com,amy@heathfamilydentistry.com,practice type not targeted: Dentist
swiftfamilydentistry.com,info@swiftfamilydentistry.com,practice type not targeted: Dentist
cooperspa.net,cleide@cooperspa.net,practice type not targeted: Day spa
retreatspaandsalon.com,kim@retreatspaandsalon.com,practice type not targeted: Spa
sensei.com,cmoje@sensei.com,practice type not targeted: (blank)
sensei.com,awalterspiel@sensei.com,practice type not targeted: (blank)
spabarorlando.com,andi@spabarorlando.com,practice type not targeted: Beauty salon
haikuvet.com,sharmanelison@haikuvet.com,practice type not targeted: Veterinarian
clearlakesurgeons.com,melissa.ashmus@hcahealthcare.com,practice type not targeted: Surgical center
medspaelegance.com,john@medspaelegance.com,practice type not targeted: (blank)
defy-time-cosmetics.co.uk,info@defy-time.co.uk,not US (list address)
conceptsalonsuites.com,denise@conceptsalonsuites.com,practice type not targeted: Beauty salon
daytondentalcaretroy.com,admin@yourtroyohiodentist.com,practice type not targeted: Dentist
beautologie.com,dshah@beautologie.com,business already emailed or queued
drgaranzuay.com,veronica@drgaranzuay.com,practice type not targeted: Dentist
drgaranzuay.com,mariacristina@drgaranzuay.com,practice type not targeted: Dentist
alcofseattle.com,siobhan@alcofseattle.com,practice type not targeted: Laser hair removal service
tchabomedspa.com,venera@tchabomedspa.com,practice type not targeted: Laser hair removal service
wheatonway.vet,brian@wheatonway.vet,practice type not targeted: Veterinarian
jamescitycountyva.gov,brad.rinehimer@jamescitycountyva.gov,practice type not targeted: Recreation center
jamescitycountyva.gov,scott.stevens@jamescitycountyva.gov,practice type not targeted: Recreation center
metropolitansurgicalinstitute.com,jkozay@metropolitansurgicalinstitute.com,practice type not targeted: Surgical center
alluredayspaandsalon.com,nikki@alluredayspaandsalon.com,practice type not targeted: Day spa
healinghandsmassagefootspa.com,qingallen@yahoo.com,practice type not targeted: Massage spa
christensendentalcare.com,ted@christensendentalcare.com,practice type not targeted: Dentist
williamrpike.com,aspdent@aol.com,practice type not targeted: Dentist
evexiahealthservices.com,chris@evexiahealthservices.com,practice type not targeted: Addiction treatment center
tensalonandspa.com,sherist@tensalonandspa.com,practice type not targeted: Beauty salon
tensalonandspa.com,generalmanager@tensalonandspa.com,practice type not targeted: Beauty salon
thedentalofficeofcarson.com,jeffrey@thedentalofficeofcarson.com,practice type not targeted: Dentist
mymagnoliasmile.com,drbasom@mymagnoliasmile.com,practice type not targeted: Dental clinic
mymagnoliasmile.com,jmanning@mymagnoliasmile.com,practice type not targeted: Dental clinic
bikramyogaworks.com,kendra@bikramyogaworks.com,practice type not targeted: Yoga studio
bellamedspa.net,spamanager@bellaaesthetica.com,practice type not targeted: Spa
spaesouthbeach.com,brenda@spaesouthbeach.com,practice type not targeted: Spa
miralomasmiles.com,cong.ton@miralomasmiles.com,practice type not targeted: Dentist
trubrightdental.com,funke@trubrightdental.com,practice type not targeted: Dentist
wmdayspa.com,howard@wmdayspa.com,practice type not targeted: Day spa
dentalilluminations.com,dent_illuminations@yahoo.com,practice type not targeted: Dentist
hollywoodperfectsmile.com,rodolfo@hollywoodperfectsmile.com,practice type not targeted: Dentist
longevityhealth360.com,frank@longevityhealth360.com,practice type not targeted: (blank)
midwest-dental.com,jprod@midwest-dental.com,practice type not targeted: Dentist
luxuryhealthspariverside.com,karry@luxuryhealthspariverside.com,practice type not targeted: Day spa
optimumhealth.org,robert.nees@optimumhealth.org,practice type not targeted: Retreat center
gbalondon.com,ta@gbalondon.co.uk,not US (list address)
beautifulsmilesoflongisland.com,jarredseid@yahoo.com,practice type not targeted: Dental clinic
smileloft.com,vaibhav.rai@smileloft.com,practice type not targeted: Dentist
desertspringsspa.com,nusrat.mirza@marriott.com,practice type not targeted: Day spa
naplesmoderndentistry.com,diegogadea@naplesmoderndentistry.com,practice type not targeted: Dentist
dillonsrussiansteambath.com,rizroc@verizon.net,practice type not targeted: Spa
detailsgardenspa.com,sandra@detailsgardenspa.com,not US (list address)
hayessurgery.com,arnold@hayessurgery.com,practice type not targeted: Surgical center
hayessurgery.com,emiranda@hayessurgery.com,practice type not targeted: Surgical center
southpointsc.com,lchirico@southpointsurgery.com,practice type not targeted: Surgical center
factorhealthmd.com,keith@factorhealthmd.com,practice type not targeted: Health and beauty shop
spablissoregon.com,mary@spablissoregon.com,practice type not targeted: Day spa
choiceendo.com,daniel@choiceendo.com,practice type not targeted: Dentist
carlosvalbuena.com,carlos@carlosvalbuena.com,practice type not targeted: Facial spa
mldentalgroup.com,gavakimian@mldentalgroup.com,practice type not targeted: Dentist
mldentalgroup.com,trodriguez@mldentalgroup.com,practice type not targeted: Dentist
grovedentalgroup.com,lynda@grovedentalgroup.com,practice type not targeted: Dentist
dr60914.com,raffi@dr60914.com,practice type not targeted: Dentist
spaatthelake.com,melissac@spaatthelake.com,practice type not targeted: Spa
blossom-dental.com,huda@blossom-dental.com,practice type not targeted: Dentist
peachesandcreamskincare.com,peachesandcreamskincare@yahoo.com,practice type not targeted: Beauty salon
lhimplant.com,jaehoon@lhimplant.com,practice type not targeted: Dental implants provider
family1stalabama.com,taylor@family1sturgentcare.com,practice type not targeted: Urgent care center
drshiloh.com,ashiloh@drshiloh.com,practice type not targeted: Surgical center
32ivorylane.com,eranga.kaneira@dental-architects.com,practice type not targeted: Dentist
surgicalpavilion.com,pamhooper@surgicalpavilion.com,practice type not targeted: Surgical center
surgicalpavilion.com,gretchenmarchese@surgicalpavilion.com,practice type not targeted: Surgical center
harborcitymoderndentistry.com,walter@harborcitymoderndentistry.com,practice type not targeted: Dentist
everbritefamilydentistry.com,jannet@everbritefamilydentistry.com,practice type not targeted: Dental clinic
stepitupwithsteph.com,coach@stepitupwithsteph.com,practice type not targeted: Women's personal trainer
stepitupwithsteph.com,steph@stepitupwithsteph.com,practice type not targeted: Women's personal trainer
prenato.ca,abrousseau@prenato.ca,not US (list address)
prenato.ca,mlandry@prenato.ca,not US (list address)
rhinoplastymanchester.co.uk,kh_ali@aol.co.uk,not US (list address)
palmbeachdayspa.net,ewsszum@yahoo.com,practice type not targeted: Spa
re-shape.clinic,mrumarkhan@aol.com,not US (list address)
drelizabethhawkes.com,elizabethhawkes@doctors.org.uk,not US (list address)
wyndhamgrandclearwater.com,migdiaz@wyndhamgrandclearwater.com,practice type not targeted: Spa
wyndhamgrandclearwater.com,smcdaniels@wyndhamgrandclearwater.com,practice type not targeted: Spa
middletownmedical.com,darcy.shepard@middletownmedical.com,practice type not targeted: Urgent care center
middletownmedical.com,melissa.wolff@middletownmedical.com,practice type not targeted: Urgent care center
greenbrier.com,dennis_tuckwiller@greenbrier.com,practice type not targeted: (blank)
greenbrier.com,jennifer_morgan@greenbrier.com,practice type not targeted: (blank)
greenbrier.com,marsha_christian@greenbrier.com,practice type not targeted: (blank)
greenbrier.com,cam_huffman@greenbrier.com,practice type not targeted: (blank)
greenbrier.com,dawn_holliday@greenbrier.com,practice type not targeted: (blank)
greenbrier.com,ally_eppling@greenbrier.com,practice type not targeted: (blank)
greenbrier.com,christina_brown@greenbrier.com,practice type not targeted: (blank)
greenbrier.com,darrell_brackenrich@greenbrier.com,practice type not targeted: (blank)
greenbrier.com,lindsey_richmond@greenbrier.com,practice type not targeted: (blank)
greenbrier.com,ralph_taylor@greenbrier.com,practice type not targeted: (blank)
greenbrier.com,angie_speilman@greenbrier.com,practice type not targeted: (blank)
greenbrier.com,al_lierman@greenbrier.com,practice type not targeted: (blank)
greenbrier.com,greg_furlong@greenbrier.com,practice type not targeted: (blank)
greenbrier.com,jamie_yates@greenbrier.com,practice type not targeted: (blank)
animalhealthcenteria.com,bpetty@animalhealthcenteria.com,practice type not targeted: Veterinarian
fwymca.org,andrew_gritzmaker@fwymca.org,practice type not targeted: Recreation center
fwymca.org,thom_miller@fwymca.org,practice type not targeted: Recreation center
compassion4pawshealing.com,patty@compassion4pawshealing.com,practice type not targeted: Veterinarian
plasticingenuity.com,sferdous@plasticingenuity.com,practice type not targeted: Plastic fabrication company
plasticingenuity.com,dkuehn@plasticingenuity.com,practice type not targeted: Plastic fabrication company
lagrandedentist.com,seabritedental2741@gmail.com,practice type not targeted: Dentist
thedentistatfelida.com,christian.okafor@thedentistatfelida.com,practice type not targeted: Dental clinic
lotusdayspa.com,damarice@lotusdayspa.com,practice type not targeted: Day spa
clevelandymca.org,thilk@clevelandymca.org,practice type not targeted: Fitness center
clevelandymca.org,rbatyko@clevelandymca.org,practice type not targeted: Fitness center
cedarhurstdental.com,drhgoldschein@gmail.com,practice type not targeted: Dentist
skininnovations.com,sophia@skininnovations.com,practice type not targeted: Spa
nahealth.com,larry.kushner@nahealth.com,practice type not targeted: Surgical center
austinspringsspa.com,sarah@austinspringsspa.com,practice type not targeted: Spa
malahinidayspa.com,jean7878@126.com,practice type not targeted: Massage spa
truhealthnow.com,estokes@truhealthnow.com,practice type not targeted: Urgent care center
oakvillecbt.ca,rferguson@oakvillecbt.ca,not US (list address)
taoofwellness.com,mni@taoofwellness.com,practice type not targeted: Acupuncture clinic
districtcryo.com,antwain@districtcryo.com,business already emailed or queued
nampaparksandrecreation.org,burkeyj@cityofnampa.us,practice type not targeted: Recreation center
nampaparksandrecreation.org,swanderc@cityofnampa.us,practice type not targeted: Recreation center
eyedenver.com,alofgren@eyedenver.com,practice type not targeted: Eye care center
echoz.org,autumn@echoz.org,practice type not targeted: Pregnancy care center
andersonpodiatrycenter.com,janderson@andersonpodiatrycenter.com,practice type not targeted: Podiatrist
santafeoxygenbar.com,eric@santafeoxygenbar.com,practice type not targeted: Day spa
santafeoxygenbar.com,kadimalevanah@gmail.com,practice type not targeted: Day spa
woostertotalfitness.com,jordonkmiller330@gmail.com,practice type not targeted: Fitness center
exceldentalnw.com,dr.burke.jardine@gmail.com,practice type not targeted: Dentist
mishawaii.com,jessicad@mishawaii.com,practice type not targeted: Surgical center
norcoplastics.com,john@norcoplastics.com,practice type not targeted: Plastic injection molding service
norcoplastics.com,jhermosillo@norcoplastics.com,practice type not targeted: Plastic injection molding service
rmsurgicalcenter.com,kkrabler@rmsurgicalcenter.com,practice type not targeted: Surgical center
rmsurgicalcenter.com,mjohns@rmsurgicalcenter.com,practice type not targeted: Surgical center
hippocrateswellness.org,mmay@hippocratesinst.org,practice type not targeted: (blank)
browndeerplace.com,director@browndeerplace.com,practice type not targeted: Retirement community
familiadental.com,roxana@familiadental.com,practice type not targeted: Dental clinic
drkarlabaltz.com,drkarlabaltz@gmail.com,practice type not targeted: Dentist
avenueplasticsurgery.ca,dralexgolger@gmail.com,not US (list address)
sugarfiresmokehouse.com,sugarfirelass@gmail.com,practice type not targeted: Restaurant
sugarfiresmokehouse.com,mmartin0325@gmail.com,practice type not targeted: Restaurant
mtsisports.com,benc1956@gmail.com,practice type not targeted: Fitness center
edsvehiclesafety.biz,bernatech@edsbrakelamp.com,practice type not targeted: Weigh station
drdraymond.com,djraymond@mountain.net,practice type not targeted: Dentist
sparrowssalonandmedspa.com,sammie@sparrowssalonandmedspa.com,practice type not targeted: Beauty salon
bayclubs.com,tony.allegre@bayclubs.com,practice type not targeted: Sports club
medrva.com,shirley.martell@medrva.com,practice type not targeted: Surgical center
medrva.com,caitlin.olszewski@medrva.com,practice type not targeted: Surgical center
originsalonspa.com,ana@originsalonspa.com,practice type not targeted: Beauty salon
centralmedurgentcare.com,jnocera@centralmedurgentcare.com,practice type not targeted: Urgent care center
timelesssalon.co.uk,info@timelesssalon.co.uk,not US (list address)
cadhambeautyspot.com,k14mey@hotmail.com,not US (list address)
pinehurst.com,brian.meador@pinehurst.com,practice type not targeted: Day spa
pinehurst.com,tom.pashley@pinehurst.com,practice type not targeted: Day spa
suiteskincarebymelissa.com,suiteskincare@gmail.com,practice type not targeted: Massage spa
wecarespa.com,susan@wecarespa.com,practice type not targeted: (blank)
wecarespa.com,jim@wecarespa.com,practice type not targeted: (blank)
schedulista.com,felix@schedulista.com,practice type not targeted: Massage therapist
schedulista.com,daniel@schedulista.com,practice type not targeted: Massage therapist
amaradayspa.com,hollyamaracorp@gmail.com,practice type not targeted: Day spa
londonbrowsandlashes.com,admin@londonbrows.com,practice type not targeted: Beauty salon
stephenmcculley.co.uk,valerie@stephenmcculley.co.uk,not US (list address)
neeleypsych.com,ben@neeleypsych.com,practice type not targeted: Psychologist
comfortsurg.com,laurie@comfortsurg.com,practice type not targeted: Surgical center
qcclinic.co.uk,mangeraaltaf@hotmail.com,not US (list address)
stanthonyfamilydental.ca,stanthonyfamilydentalclinic@gmail.com,not US (list address)
drbobwells.com,drbobwells@gmail.com,practice type not targeted: Dentist
lovettdentistryhumble.com,jack.castle@lovettdental.com,practice type not targeted: Dental clinic
hayedental.com,dmarro@hayedental.com,practice type not targeted: Dentist
riverridgess.com,ccoons@riverridgess.com,practice type not targeted: Surgical center
riverridgess.com,tbrown@riverridgess.com,practice type not targeted: Surgical center
renewellwellness.com,eric@renewellwellness.com,practice type not targeted: Tanning salon
eoasc.com,lzuba@eoasc.com,practice type not targeted: Surgical center
eoasc.com,amorano@eoasc.com,practice type not targeted: Surgical center
citysalonsuites.com,chet@citysalonsuites.com,practice type not targeted: Beauty salon
havasucommunityhealthfoundation.org,admin@havasuhealthfoundation.org,practice type not targeted: Social services organization
cimaplastics.com,jstewart@cimaplastics.com,practice type not targeted: Plastic fabrication company
cimaplastics.com,gflanik@cimaplastics.com,practice type not targeted: Plastic fabrication company
wimpole.com,michael@wimpole.com,not US (list address)
marionsurg.com,ben@marionsurgical.com,practice type not targeted: Surgical center
athenacare.health,pratik.patel@athenacare.health,practice type not targeted: (blank)
healthfoodsunlimited.com,rhonda@healthfoodsunlimited.com,practice type not targeted: Vitamin & supplements store
yvsurgicalcenter.com,j.scottgibson.md@gmail.com,practice type not targeted: Surgical center
alphadentalexcellence.com,drpatel@alphadentalexcellence.com,practice type not targeted: Dentist
alphadentalexcellence.com,kristin@alphadentalexcellence.com,practice type not targeted: Dentist
premiersdental.com,greenvillemanager@premiersdental.com,practice type not targeted: Dentist
espastudio.net,estina@espastudio.net,practice type not targeted: Day spa
berkeleyfamilydental.com,dr.sharma726@gmail.com,practice type not targeted: Dentist
heavenlytouchboone.com,john@heavenlytouchmassage.com,practice type not targeted: Day spa
thegymgroup.com,will.orr@thegymgroup.com,not US (list address)
windmillwellnessranch.com,shannon@windmillwellnessranch.com,practice type not targeted: Rehabilitation center
serenitymedicalmassagebodywork.com,jody@serenitymedicalmassagebodywork.com,practice type not targeted: Massage therapist
utoronto.ca,gwen.burrows@utoronto.ca,not US (list address)
utoronto.ca,ron.saporta@utoronto.ca,not US (list address)
utoronto.ca,elizabeth.cragg@utoronto.ca,not US (list address)
utoronto.ca,heather.hines@utoronto.ca,not US (list address)
utoronto.ca,c.gilderdale@utoronto.ca,not US (list address)
utoronto.ca,michelle.beaton@utoronto.ca,not US (list address)
utoronto.ca,illan.kramer@utoronto.ca,not US (list address)
utoronto.ca,shaun.young@utoronto.ca,not US (list address)
utoronto.ca,stephannie.roy@utoronto.ca,not US (list address)
utoronto.ca,amanda.pautler@utoronto.ca,not US (list address)
utoronto.ca,m.woodin@utoronto.ca,not US (list address)
utoronto.ca,usmc.presidentsoffice@utoronto.ca,not US (list address)
utoronto.ca,penina.lam@utoronto.ca,not US (list address)
utoronto.ca,scott.mabury@utoronto.ca,not US (list address)
familywellnessbisman.org,dani.deibert@bismarckymca.org,practice type not targeted: Fitness center
familywellnessbisman.org,taija.bohn@familywellnessbisman.org,practice type not targeted: Fitness center
jasurgery.com,jcashio@jasurgery.com,practice type not targeted: Surgical center
jasurgery.com,dforet@jasurgery.com,practice type not targeted: Surgical center
supernutritionfitness.com,dwidmer@supernutritionfitness.com,practice type not targeted: Fitness center
elvtr.com,roman.peskin@elvtr.com,practice type not targeted: Training center
trentonwalkinclinic.com,james@verismohealth.com,not US (list address)
doctors.lifebridgehealth.org,jnickoles@lifebridgehealth.org,practice type not targeted: Surgeon
doctors.lifebridgehealth.org,lcallaha@lifebridgehealth.org,practice type not targeted: Surgeon
acleanstartllc.com,anikkastokes@acleanstartllc.com,practice type not targeted: Urgent care center
hardmanstreetclinic.co.uk,drkamran@medika.health,not US (list address)
lafayettefamilyymca.org,paul@lafayettefamilyymca.org,practice type not targeted: Sports club
lafayettefamilyymca.org,sharon@lafayettefamilyymca.org,practice type not targeted: Sports club
activehealthscotland.co.uk,david@podiatry.scot,not US (list address)
hbosc.com,llehmann@hbosc.com,practice type not targeted: Surgical center
hbosc.com,mramos@hbosc.com,practice type not targeted: Surgical center
colonialwilliamsburghotels.com,cfiorina@cwf.org,practice type not targeted: Spa
endoperio.com,mcvengros@endoperio.com,practice type not targeted: Dentist
wkbdental.com,wkbritt@2thcare4u.com,practice type not targeted: Dentist
santosalon.com,kelly@santosalon.com,practice type not targeted: Beauty salon
tropicalbeautyck.com,amandacatherine@tropicalbeautyck.com,not US (list address)
antiochdentalcare.net,skylinedental.antioch@gmail.com,practice type not targeted: Dentist
santafenm.gov,xbmartinez@santafenm.gov,practice type not targeted: Recreation center
santafenm.gov,bpvaldez@santafenm.gov,practice type not targeted: Recreation center
santafenm.gov,tjgrundler@santafenm.gov,practice type not targeted: Recreation center
santafenm.gov,bjmoya@santafenm.gov,practice type not targeted: Recreation center
santafenm.gov,pdolson@santafenm.gov,practice type not targeted: Recreation center
santafenm.gov,snbolleter-gonzales@santafenm.gov,practice type not targeted: Recreation center
santafenm.gov,edcandelaria@santafenm.gov,practice type not targeted: Recreation center
santafenm.gov,mjgarcia@santafenm.gov,practice type not targeted: Recreation center
santafenm.gov,gnchavez@santafenm.gov,practice type not targeted: Recreation center
santafenm.gov,ajbaca@santafenm.gov,practice type not targeted: Recreation center
santafenm.gov,mldozier@santafenm.gov,practice type not targeted: Recreation center
calmbeautybrooklyn.com,help@joannatringali.com,practice type not targeted: Facial spa
genesissurgerycenter.com,kweihman@lansinggenesis.com,practice type not targeted: Surgical center
thedouglascenter.org,rifathkhan@thedouglascenter.org,practice type not targeted: Social services organization
thedouglascenter.org,omar@thedouglascenter.org,practice type not targeted: Social services organization
thedouglascenter.org,aodwyer@thedouglascenter.org,practice type not targeted: Social services organization
maxkirsten.com,max@maxkirsten.com,not US (list address)
tranquilityfargo.com,tara@tranquilityfargo.com,practice type not targeted: Spa
alexanderspa.com,les@alexanderspa.com,practice type not targeted: Day spa
houmaoutpatientsurgery.com,chandler@houmaoutpatientsurgery.com,practice type not targeted: Surgical center
cpp.edu,lmassa@cpp.edu,practice type not targeted: Public university
cpp.edu,ydiltchi@cpp.edu,practice type not targeted: Public university
cpp.edu,doralee@cpp.edu,practice type not targeted: Public university
cpp.edu,dhfranklin@cpp.edu,practice type not targeted: Public university
cpp.edu,csantiago@cpp.edu,practice type not targeted: Public university
cpp.edu,jmrodriguez@cpp.edu,practice type not targeted: Public university
cpp.edu,fmramirez@cpp.edu,practice type not targeted: Public university
cpp.edu,leahespinoza@cpp.edu,practice type not targeted: Public university
cpp.edu,awitt@cpp.edu,practice type not targeted: Public university
cpp.edu,mchurch@cpp.edu,practice type not targeted: Public university
cpp.edu,lmrotunni@cpp.edu,practice type not targeted: Public university
cpp.edu,ederosa@cpp.edu,practice type not targeted: Public university
cpp.edu,ilevine@cpp.edu,practice type not targeted: Public university
cpp.edu,mdcardona@cpp.edu,practice type not targeted: Public university
cpp.edu,stgomez@cpp.edu,practice type not targeted: Public university
cpp.edu,kgallain@cpp.edu,practice type not targeted: Public university
cpp.edu,drmartinez2@cpp.edu,practice type not targeted: Public university
cpp.edu,apriljimenez@cpp.edu,practice type not targeted: Public university
cpp.edu,nahawkes@cpp.edu,practice type not targeted: Public university
cpp.edu,jwmcguthry@cpp.edu,practice type not targeted: Public university
cpp.edu,cmgonzales1@cpp.edu,practice type not targeted: Public university
cpp.edu,fteves@cpp.edu,practice type not targeted: Public university
estetica.com,drpeterbraymedspa@estetica.com,not US (list address)
aquariasalon.com,aquariasalon@gmail.com,practice type not targeted: Beauty salon
newyouthmedicalspa.com,annav@newyouthmedicalspa.com,practice type not targeted: Facial spa
urgentcaremanagement.net,nnasir@ucmpc.com,practice type not targeted: Urgent care center
urgentcaremanagement.net,aiftikhar@ucmpc.com,practice type not targeted: Urgent care center
mdayspa.com,monique@mdayspa.com,practice type not targeted: Massage spa
extraholidays.com,michael.brown@travelandleisure.com,practice type not targeted: (blank)
laurelwoodmemphis.com,aking@luriellc.com,practice type not targeted: Shopping mall
movebybjc.org,nick.barto@bjc.org,practice type not targeted: Fitness center
shastaacupuncture.com,lian@shastaacu.com,practice type not targeted: Acupuncture clinic
shastaacupuncture.com,greg@shastaacu.com,practice type not targeted: Acupuncture clinic
guarinomd.com,maureenguarino@comcast.net,practice type not targeted: Surgeon
themassageclinic.com,dnewman@industrialmassage.com,practice type not targeted: Massage therapist
smiledesignsbycarl.com,carlhillendahl@gmail.com,practice type not targeted: Dentist
gulfcoastbariatrics.com,tiffany@lapdox.com,practice type not targeted: Surgical center
coronahillsmoderndentistry.com,trevor.thomas.dds@gmail.com,practice type not targeted: Dentist
alisonsonenfeld.com,asonenfeld@gmail.com,practice type not targeted: Hypnotherapy service
alabama-dentist.com,drbscott@restoreasmile.com,practice type not targeted: Dental implants provider
muih.edu,cwingo@muih.edu,practice type not targeted: Private university
muih.edu,colivo@muih.ndm.edu,practice type not targeted: Private university
muih.edu,mlevin@muih.edu,practice type not targeted: Private university
zenbarhealing.com,heather@zenbarhealing.com,not US (list address)
zenbarhealing.com,jenn@zenbarhealing.com,not US (list address)
westfield.com,jean-marie.tritant@unibail-rodamco.com,practice type not targeted: Shopping mall
westfield.com,alex.estruch@urw.com,practice type not targeted: Shopping mall
oceanaspa.com,katrinaz@oceanaspa.com,practice type not targeted: Day spa
bluegiraffespa.com,savannahdouglas@bluegiraffespa.com,practice type not targeted: Day spa
arksurgicalhospital.com,bfowler@arksurgicalhospital.com,practice type not targeted: Surgical center
enchantmentresort.com,karen.favory@enchantmentresort.com,practice type not targeted: (blank)
smartsportsmed.com,bert@smartsportsmed.com,practice type not targeted: Physical therapy clinic
solariahealthcare.com,vanessawalantus@gmail.com,practice type not targeted: Urgent care center
hopeaf.com,edowning@hopeaf.com,practice type not targeted: Veterinarian
hopeaf.com,shouk@hopeaf.com,practice type not targeted: Veterinarian
earthsaversonline.com,karen@earthsaversonline.com,practice type not targeted: Day spa
greenbraesurgerycenter.com,administrator@greenbraesc.com,practice type not targeted: Surgical center
tanaz.com,bahar@tanaz.com,practice type not targeted: Beauty salon
drbimpe.com,bayeni@gmail.com,not US (list address)
novapatientcare.com,sohaib@novapatientcare.com,practice type not targeted: Urgent care center
southernmainedental.com,maria@southernmainedental.com,practice type not targeted: Dentist
theislanddayspa.com,carmen.boatwright@icloud.com,practice type not targeted: Day spa
metropolitanspa.com,holly@metropolitanspa.com,practice type not targeted: Beauty salon
margaritavilleresorts.com,jcohlan@margaritaville.com,practice type not targeted: Spa
ngoldfarb.com,ngoldfarbmd@gmail.com,business already emailed or queued
olympicpeninsulaymca.org,wendy@olympicpeninsulaymca.org,practice type not targeted: Recreation center
olympicpeninsulaymca.org,joey@olympicpeninsulaymca.org,practice type not targeted: Recreation center
gcgr.com,scotts@gcgr.com,practice type not targeted: (blank)
gcgr.com,arlene@gcgr.com,practice type not targeted: (blank)
thousandtrails.com,tyler_torpy@equitylifestyle.com,practice type not targeted: (blank)
myhometownuc.com,mkumar@myhometownuc.com,practice type not targeted: Research institute
myhometownuc.com,rsingla@myhometownuc.com,practice type not targeted: Research institute
auberge.com,raquel.felix@aubergeresorts.com,practice type not targeted: Spa
auberge.com,michelle.mcmahon@aubergeresorts.com,practice type not targeted: Spa
auberge.com,stacy.mach@aubergeresorts.com,practice type not targeted: Spa
auberge.com,stephanie.deortiz@aubergeresorts.com,practice type not targeted: Spa
auberge.com,liz.speichinger@aubergeresorts.com,practice type not targeted: Spa
theskinroom.org,theskinroom104@gmail.com,practice type not targeted: Facial spa
socaluc.com,its247care@gmail.com,practice type not targeted: Urgent care center
bluegrasseyecenter.com,jennifer@bluegrasseyecenter.com,practice type not targeted: Ophthalmology clinic
hyatt.com,mark.hoplamazian@hyatt.com,practice type not targeted: (blank)
hyatt.com,kanvar.singh@hyatt.com,practice type not targeted: (blank)
thesmilecrew.com,julius.kong@gmail.com,practice type not targeted: Dentist
mydentalcares.com,traciej@mydentalcares.com,practice type not targeted: Dentist
palettecollective.studio,stefft@salonloftscorp.com,practice type not targeted: Beauty salon
drrichardjwarren.com,richardwarren@telus.net,not US (list address)
truckworldinc.com,tschubert@truckworldinc.com,practice type not targeted: Truck stop
breauxmart.com,kbraun@breauxmart.com,practice type not targeted: Supermarket
urologysanantonio.com,elizabeth.grady@urologysa.com,practice type not targeted: Surgical center
urologysanantonio.com,alan.winkler@urologysa.com,practice type not targeted: Surgical center
immediatecareok.com,kpenwell@immediatecareok.com,practice type not targeted: Urgent care center
happyroot420.com,aj@happyroot420.com,practice type not targeted: Smoke shop
gravesgilbert.com,vowelsc@ggclinic.com,practice type not targeted: Surgeon
bestmedclinics.com,susan.cash@bestmedclinics.com,practice type not targeted: Urgent care center
spalux.org,taras@spalux.org,practice type not targeted: Massage spa
westhollywoodatc.com,bfreeman@westhollywoodatc.com,practice type not targeted: Addiction treatment center
germantowndayspa.com,brittany.mccalla@germantowndayspa.com,practice type not targeted: Day spa
jeromekrause.com,sandi@jeromekrause.com,practice type not targeted: Wig shop
lemarcelrobinsondds.com,l.robinson.dds@gmail.com,practice type not targeted: Dentist
doctordenton.com,abd@doctordenton.com,not US (list address)
milkandhoneyspa.com,alissa@milkandhoneyspa.com,practice type not targeted: Day spa
rhinoplastytoronto.ca,rrival3@gmail.com,not US (list address)
beautybrands.com,davidbernstein@beautybrands.com,practice type not targeted: Beauty salon
direct.me,t@direct.me,practice type not targeted: Nail salon
silverdaleasc.com,breiter@silverdaleasc.com,practice type not targeted: Surgical center
westchestersmiledesign.com,roligocreddept@gmail.com,practice type not targeted: Dentist
brockleydental.com,adminclara@brockleydental.com,practice type not targeted: Dentist
kingsmillshotel.com,angus.macleod@kingsmillsgroup.com,not US (list address)
kingsmillshotel.com,craig.ewan@kingsmillshotel.com,not US (list address)
kingsmillshotel.com,tracey.milton@kingsmillshotel.com,not US (list address)
pickeringdentalcare.co.uk,dianempickering@hotmail.co.uk,not US (list address)
londonwelbeckhospital.co.uk,nazi@londonwelbeckhospital.co.uk,not US (list address)
londonwelbeckhospital.co.uk,cathy@londonwelbeckhospital.co.uk,not US (list address)
mstherapytayside.com,sheila@taysidemstherapy.co.uk,not US (list address)
middleborofamilydental.com,drwehbe@middleborofamilydental.com,practice type not targeted: Dentist
kingstreettownhouse.co.uk,viki.tahmasebi@thg.com,not US (list address)
kingstreettownhouse.co.uk,rachel.wilson@kingstreettownhouse.co.uk,not US (list address)
chocolatespa.com,jlawn@hersheypa.com,practice type not targeted: Spa
chocolatespa.com,srwing@hersheypa.com,practice type not targeted: Spa
archbold.org,tbennett@archbold.org,practice type not targeted: Surgical center
archbold.org,dmcraven@archbold.org,practice type not targeted: Surgical center
costco.com,rvachris@costco.com,practice type not targeted: Warehouse store
costco.com,cadamo@costco.com,practice type not targeted: Warehouse store
forneymoderndentistry.com,zachary@forneymoderndentistry.com,practice type not targeted: Dentist
johnathannhebert.com,jnhlmt@aol.com,practice type not targeted: Massage therapist
medesspa.ca,france@medes.ca,not US (list address)
maryvillemoderndentistry.com,philip@maryvillemoderndentistry.com,practice type not targeted: Dentist
alternativehealthcareconcepts.com,ahcconcepts@aol.com,practice type not targeted: Acupuncture clinic
stretchlab.com,verdinebaker@stretchlab.com,practice type not targeted: Fitness center
stretchlab.com,ssiegel@stretchlab.com,practice type not targeted: Fitness center
farragutmoderndentistry.com,christina.lane@farragutmoderndentistry.com,practice type not targeted: Dentist
kimistryphaze2beauty.com,kim@kimistryphaze2beauty.com,practice type not targeted: Beauty salon
mskcc.org,kweensm@mskcc.org,practice type not targeted: Surgical oncologist
mskcc.org,vickers@mskcc.org,practice type not targeted: Surgical oncologist
houstonwellnesscenter.org,miriam.ray@houstonwellnesscenter.org,business already emailed or queued
rachelmeyerdds.com,rachelmeyerdds@yahoo.com,practice type not targeted: Dentist
ariawellnow.com,schoudhry@ariawellnow.com,business already emailed or queued
whitehilldentalpa.com,steven@whitehilldentalpa.com,practice type not targeted: Dentist
lashmoi.com,julie@lashmoi.com,practice type not targeted: Beauty salon
raorganicspa.com,arus@raorganicspa.com,practice type not targeted: Spa
aurasalonandspa.com,elizabeth@aurasalonandspa.com,practice type not targeted: Day spa
urgentcaretx.com,jason@urgentcaretx.com,practice type not targeted: Urgent care center
battlegroundsmilesdentistry.com,tfierro@battlegroundsmilesdentistry.com,practice type not targeted: Dentist
marylynnspa.com,mrana8@yahoo.com,practice type not targeted: Massage spa
animalerpalmcoast.com,diane@animalerpalmcoast.com,practice type not targeted: Veterinarian
animalerpalmcoast.com,tyates@animalerpalmcoast.com,practice type not targeted: Veterinarian
jumpdental.net,jdental71@yahoo.com,practice type not targeted: Dentist
dentistsofedenprairie.com,rob@dentistsofedenprairie.com,practice type not targeted: Dentist
oklahoma.gov,leeanne.bruceboone@ethics.ok.gov,practice type not targeted: Urgent care center
oklahoma.gov,kevin.stitt@gov.ok.gov,practice type not targeted: Urgent care center
mahoneyplasticsurgery.ca,mary-helen@mahoneyplasticsurgery.ca,not US (list address)
eastvalesmilesdentistry.com,amy@eastvalesmilesdentistry.com,practice type not targeted: Dentist
invitehealth.com,skornblatt@invitehealth.com,practice type not targeted: Vitamin & supplements store
invitehealth.com,jhickey@invitehealth.com,practice type not targeted: Vitamin & supplements store
bolingbrookdentalweb.com,rani@bolingbrookdentalweb.com,practice type not targeted: Dentist
unitedsportspt.com,yuchen@unitedsportspt.com,practice type not targeted: Physical therapy clinic
surgspecswfl.com,gordon@surgspecswfl.com,practice type not targeted: Surgical center
hamnerdental.com,deepika.dhama@hamnerdental.com,practice type not targeted: Dentist
thefacehaus.com,richard@thefacehaus.com,practice type not targeted: Facial spa
georgiarheumatologyclinic.com,khasatul@yahoo.com,practice type not targeted: Rheumatologist
labelleviesalonandspa.com,caitlin@labelleviesalonandspa.com,practice type not targeted: Beauty salon
oakbendmedcenter.org,jhammel@obmc.org,practice type not targeted: Surgical center
oakbendmedcenter.org,jfreudenberger@obmc.org,practice type not targeted: Surgical center
northwest-asc.com,knorling@uspi.com,practice type not targeted: Surgical center
stcsurgicalcenter.com,melissa.stang@scasurgery.com,practice type not targeted: Surgical center
stcsurgicalcenter.com,darci.nagorski@scasurgery.com,practice type not targeted: Surgical center
sugarlandsurgery.com,regina.mayo@hcahealthcare.com,practice type not targeted: Surgical center
alamedacrossingdental.com,michael@alamedacrossingdental.com,practice type not targeted: Dentist
pearldentistry.com,yuki@pearldentistry.com,practice type not targeted: Dentist
tricitysmilesdentistry.com,swati@tricitysmilesdentistry.com,practice type not targeted: Dentist
beltonmoderndentistry.com,john.holmes@beltonmoderndentistry.com,practice type not targeted: Dentist
orthodentalinc.com,john@orthodentalinc.com,practice type not targeted: Dentist
southplainsvet.com,spvc67@yahoo.com,practice type not targeted: Veterinarian
woodcliffhotelspa.com,cdooley@woodcliffhotelspa.com,practice type not targeted: Spa
feetfirstpodiatry.com,dadamovsky@feetfirstpodiatry.com,practice type not targeted: Podiatrist
earthyruby.com,ping@earthyruby.com,practice type not targeted: Acupuncture clinic
familydentalcenterofhutto.com,mark@familydentalcenterofhutto.com,practice type not targeted: Dentist
innatparkside.com,kyle@innatparkside.com,practice type not targeted: Spa
loredohands.com,pedro@loredohands.com,practice type not targeted: Surgical center
transformingbody.com,maria@transformingbody.com,practice type not targeted: Facial spa
myatlantisdental.com,ammar@myatlantisdental.com,practice type not targeted: Dentist
prohealthcare.com,ctorre@prohealthcare.com,practice type not targeted: Surgical center
prohealthcare.com,aardito@prohealthcare.com,practice type not targeted: Surgical center
prohealthcare.com,dfalzone@prohealthcare.com,practice type not targeted: Surgical center
urgentiq.com,nathaniel@urgentiq.com,practice type not targeted: Urgent care center
dredsnutrition.com,victoria@dredsnutrition.com,practice type not targeted: Vitamin & supplements store
dredsnutrition.com,ed.martin@dredsnutrition.com,practice type not targeted: Vitamin & supplements store
beautyloungedarlington.co.uk,reception@beautyloungedarlington.co.uk,not US (list address)
aquaviewellness.com,afitzgerald@aquaviewellness.com,practice type not targeted: Fitness center
marriott.com,anthony.capuano@marriott.com,practice type not targeted: Spa
marriott.com,jennifer.mclennanbrown@marriott.com,practice type not targeted: Spa
straithhospital.org,bbescoe@straith.org,practice type not targeted: Specialized hospital
berkeleyfamilydental.com,dr.sharma726@yahoo.com,practice type not targeted: Dentist
lereve-medspa.com,nicole@lerevemedspanc.com,practice type not targeted: Spa
mscslagunawoods.com,raeanne.gonzalez@scasurgery.com,practice type not targeted: Surgical center
vanitygirlworld.com,ceo@vanitygirlworld.com,practice type not targeted: Beauty salon
alivapsychotherapy.com,admin@alivapsychotherapy.com,not US (list address)
defynaturalaging.com,katherine@defynaturalaging.com,business already emailed or queued
sappbros.net,arichard@sappbros.net,practice type not targeted: Truck stop
drpeterdavison.com,drdavison@drpeterdavison.com,not US (list address)
nusetdentalimplants.com,cory@nusetdentalimplants.com,practice type not targeted: Dental implants provider
chicagofamilydentalcare.com,jose@chicagofamilydentalcare.com,practice type not targeted: Dentist
ranchopalosverdesdentistry.com,shawn@ranchopalosverdesdentistry.com,practice type not targeted: Dentist
landmarksurgicalsuites.com,cnation@uspi.com,practice type not targeted: Surgical center
solanofamilydentistry.com,mehdi@solanofamilydentistry.com,practice type not targeted: Dentist
wilsonvillesmilesdentistry.com,michael.christie@wilsonvillesmilesdentistry.com,practice type not targeted: Dentist
bodycontouringallure.com,dawn@bodycontouringallure.com,practice type not targeted: Day spa
bodycontouringallure.com,jennifer@bodycontouringallure.com,practice type not targeted: Day spa
naturedayspaok.com,robyn.henson1@yahoo.com,practice type not targeted: Day spa
simivalleydental.com,bobby@simivalleydental.com,practice type not targeted: Dentist
1upgames.net,justin@1upgames.net,practice type not targeted: Video game store
bwellmedicalandwellness.com,viviampiah@yahoo.com,practice type not targeted: Urgent care center
mysadayspa.com,donna@mysadayspa.com,practice type not targeted: Day spa
collegegrovedentistry.com,ali@collegegrovedentistry.com,practice type not targeted: Dentist
uskin-aesthetics-okc.com,val@uskin-aesthetics-okc.com,practice type not targeted: Day spa
upperbaysurgery.com,niklein@uspi.com,practice type not targeted: Surgical center
exhale-therapy.com,saira@exhale-therapy.com,not US (list address)
sollaylasercenter.com,terrancelbakermd@prodigy.net,practice type not targeted: (blank)
tuckerdentalexcellence.com,jtucker@tuckerdentalexcellence.com,practice type not targeted: Dentist
montereydayspa.com,carey@montereydayspa.com,practice type not targeted: Day spa
igsurgery.com,solsen@igsurgery.com,practice type not targeted: Surgical center
spa23.com,jenna@spa23.com,practice type not targeted: Fitness center
spa23.com,ricky@spa23.com,practice type not targeted: Fitness center
spa23.com,katie@spa23.com,practice type not targeted: Fitness center
carolinaofs.com,bwilliams@carolinaofs.com,practice type not targeted: Surgical center
randolphfamilydental.com,fortuna@randolphfamilydental.com,practice type not targeted: Dentist
riverpointdentalgroup.com,lacey.davidson@riverpointdentalgroup.com,practice type not targeted: Dentist
columbusrecoverycenter.com,nlaneve@advancedrecoverysystems.com,practice type not targeted: Addiction treatment center
opalcollection.com,catherine.joyce@ophotels.com,practice type not targeted: Spa
opalcollection.com,mark.walsh@opalcollection.com,practice type not targeted: Spa
sjhsyr.org,jessica.houser@sjhsyr.org,practice type not targeted: Surgeon
sjhsyr.org,sarah.connolly@sjhsyr.org,practice type not targeted: Surgeon
spasalonanastasia.com,r@spasalonanastasia.com,practice type not targeted: Spa
laurelwoodmemphis.com,cory@laurelwoodshoppingcenter.com,practice type not targeted: Shopping mall
fountainsdayspa.com,suzanne@fountainsdayspa.com,practice type not targeted: Day spa
thejacksonclinics.com,ccutright@thejacksonclinics.com,practice type not targeted: Physical therapist
thejacksonclinics.com,bkeeton@thejacksonclinics.com,practice type not targeted: Physical therapist
pfisterwellspa.com,elizabeth@pfisterwellspa.com,practice type not targeted: Spa
ishyaspa.com,sunil@ishyaspa.com,practice type not targeted: Day spa
euro-spa.com,josef@euro-spa.com,not US (list address)
davidwransonmd.com,dwranson@yahoo.com,practice type not targeted: Vascular surgeon
caelicolae.co.uk,nicola@caelicolae.co.uk,not US (list address)
dentalassociatesnj.com,steven@dentalassociatesnj.com,practice type not targeted: Dentist
dentistsofsanford.com,benjamin.song@dentistsofsanford.com,practice type not targeted: Dentist
metrosmilesdental.com,kwang@metrosmilesdental.com,practice type not targeted: Dentist
taketatt.com,james@taketatt.com,practice type not targeted: Tattoo removal service
summitdentalhealth.net,mritchie@summitdentalhealth.net,practice type not targeted: Dentist
summitdentalhealth.net,nicholas.kanning@mdpweb.net,practice type not targeted: Dentist
broslc.com,donna.holland@scasurgery.com,practice type not targeted: Surgical center
piedmontplastics.com,tbooth@piedmontplastics.com,practice type not targeted: Plastic products wholesaler
ispachildress.com,ispachildress@yahoo.com,practice type not targeted: Spa
divinemassagetx.com,sheri@divinemassagetx.com,practice type not targeted: Day spa
eliteplasticproducts.com,scott.downey@eliteplasticproducts.com,practice type not targeted: Plastic injection molding service
columbiaheightsdentistry.com,choltz@columbiaheightsdentistry.com,practice type not targeted: Dentist
belamouraesthetics.com,kelley@belamouraesthetics.com,practice type not targeted: Spa
thelakehouseinn.com,karen@thelakehouseinn.com,practice type not targeted: Day spa
bodyworksspa.com,rene@bodyworksspa.com,practice type not targeted: Day spa
poetrymedspa.com,bobby@poetrymedspa.com,practice type not targeted: Health and beauty shop
metasurgical.center,tlamberski@montvalesurgical.com,practice type not targeted: Surgical center
metasurgical.center,dsaint@montvalehealth.com,practice type not targeted: Surgical center
vcahospitals.com,patty.wu@vca.com,practice type not targeted: Veterinarian
fitpharmnutrition.com,james@fitpharmnutrition.com,practice type not targeted: Sports nutrition store
richfielddentistry.com,michael@richfielddentistry.com,practice type not targeted: Dentist
precision-surgical.com,kevin@precision-surgical.com,practice type not targeted: Surgeon
sonoranskysurgical.com,margaret@sonoranskysurgical.com,practice type not targeted: Surgeon
jonathanbritto.com,jonathan@jonathanbritto.com,not US (list address)
conwayregionalhfc.org,jeramie.hinojosa@conwayregional.org,practice type not targeted: Fitness center
conwayregionalhfc.org,matt.troup@conwayregional.org,practice type not targeted: Fitness center
westside-dentistry.com,stephen@westside-dentistry.com,practice type not targeted: Dentist
dslclinic.com,kamran@dslclinic.com,not US (list address)
huebertssc.com,jimmy@huebertssc.com,business already emailed or queued
windcreek.com,julia.corwin@windcreek.com,practice type not targeted: Spa
windcreek.com,jdorris@windcreek.com,practice type not targeted: Spa
visitgentledentist.com,bill.becknell@mdpweb.net,practice type not targeted: Dental clinic
sandsdental.com,ymehta@sandsdental.com,practice type not targeted: Dentist
mariemonetskincare.com,mariemonetdayspa@aol.com,practice type not targeted: Day spa
waianaestore.com,kris@okimotocorp.com,practice type not targeted: Supermarket
waianaestore.com,kyle@okimotocorp.com,practice type not targeted: Supermarket
locations.massageenvy.com,tschrader@massageenvy.com,practice type not targeted: Massage spa
locations.massageenvy.com,pmalek@massageenvy.com,practice type not targeted: Massage spa
pritikin.com,mmalo@pritikin.com,practice type not targeted: (blank)
kissimmeeanimalhospital.com,gary@kissimmeeanimalhospital.com,practice type not targeted: Veterinarian
spinezone.com,billing@spinezone.com,practice type not targeted: Physical therapy clinic
spinezone.com,kian@spinezone.com,practice type not targeted: Physical therapy clinic
ridgefieldrecovery.com,bneal@ridgefieldrecovery.com,practice type not targeted: Addiction treatment center
kittyhawksmiles.com,elizabeth@kittyhawksmiles.com,practice type not targeted: Dentist
sgotw.com,balette@yahoo.com,practice type not targeted: Surgical center
sgotw.com,juarez@sgotw.com,practice type not targeted: Surgical center
bodyglowspa.com,elvia@bodyglowspa.com,practice type not targeted: Spa
americanriverurgentcare.com,andrew@americanriverurgentcare.com,practice type not targeted: Urgent care center
touchtonsurgerycenterjax.com,andre@touchtonsurgerycenterjax.com,practice type not targeted: Surgical center
westchestersmiledesign.com,staciecalian@aol.com,practice type not targeted: Dentist
nigelcarver.co.uk,nigel@nigelcarver.co.uk,not US (list address)
davidlamplasticsurgeon.co.uk,davidlamplasticsurgeonc123456@yahoo.com,not US (list address)
sacolonrectalclinic.com,mmears@sacolonrectalclinic.com,practice type not targeted: Surgeon
oldcoursehotel.co.uk,phyllis.wilkie@oldcoursehotel.co.uk,not US (list address)
aveda.com,swolf@aveda.com,practice type not targeted: Cosmetics store
dentalcentreoakdale.co.uk,joannal.thedentalcentre@aol.com,not US (list address)
dentalcentreoakdale.co.uk,mark@dentalcentreoakdale.co.uk,not US (list address)
tituslanding.com,dreardon@exxcel.com,practice type not targeted: Shopping mall
tituslanding.com,cmusselman@exxcel.com,practice type not targeted: Shopping mall
bergenfieldsurgicalcenter.com,gemma@bergenfieldsurgicalcenter.com,practice type not targeted: Surgical center
ovsurgical.com,mendy.williams@ovsurgical.com,practice type not targeted: Surgical center
ovsurgical.com,eric.long@ovsurgical.com,practice type not targeted: Surgical center
calidentalsmiles.com,enrollment@calidentalsmiles.com,practice type not targeted: Dentist
rockfordambulatory.com,sgunderson@rockfordambulatory.com,practice type not targeted: Surgical center
therockawayhotel.com,mcomis@therockawayhotel.com,practice type not targeted: Spa
bvhealthsystem.org,mrothey@bvhealthsystem.org,practice type not targeted: (blank)
bvhealthsystem.org,mlewis@bvhealthsystem.org,practice type not targeted: (blank)
pureandsimple.ca,jean@pureandsimple.ca,not US (list address)
pureandsimple.ca,kristen@pureandsimple.ca,not US (list address)
barsantidds.com,drbarsanti@gmail.com,practice type not targeted: Dentist
ananyaspaseattle.com,julie@ananyaspaseattle.com,practice type not targeted: Day spa
ameqme.com,sunil@ameqme.com,practice type not targeted: Urgent care center
fritzfarmlex.com,rob.gerbitz@hendricksgroup.net,practice type not targeted: Shopping mall
pinnacleasc.com,mcutrer@amsurg.com,practice type not targeted: Surgical center
apkasalonandspa.com,devika@apkasalonandspa.com,practice type not targeted: Facial spa
mybrowsbybrit.com,brittbrows@gmail.com,practice type not targeted: Permanent make-up clinic
felicitynaturalbeauty.co.uk,felicity@felicitynaturalbeauty.co.uk,not US (list address)
timeless-az.com,timelessbeautybyjoana@gmail.com,practice type not targeted: Facial spa
stahlfamilydentistry.com,stahlfamilydentistry@gmail.com,practice type not targeted: Dentist
crestwoodsmiles.com,kmbdmd@hotmail.com,practice type not targeted: Dentist
shawnodonnells.com,chad@shawnodonnells.com,practice type not targeted: Restaurant
shawnodonnells.com,shawnjr@shawnodonnells.com,practice type not targeted: Restaurant
langhamhotels.com,bob.vandenoord@langhamhotels.com,practice type not targeted: Spa
langhamhotels.com,katie.a.forster@langhamhotels.com,practice type not targeted: Spa
ihg.com,elie.maalouf@ihg.com,practice type not targeted: (blank)
ihg.com,aubrey.hiebert@ihg.com,practice type not targeted: (blank)
zenclinic.co.uk,manager@zenclinic.co.uk,not US (list address)
panico.com,jack@panico.com,practice type not targeted: Beauty salon
ghcmolding.com,awasco@ghcmolding.com,practice type not targeted: Plastic injection molding service
fruittreefarmny.com,fruittreebaldwin.office@gmail.com,practice type not targeted: Supermarket
lotusdayspava.com,oanhdangva@gmail.com,practice type not targeted: Day spa
royalcrescent.co.uk,rafaelle.white@royalcrescent.co.uk,not US (list address)
fullcirclevethospital.com,c.pupekfcv@gmail.com,practice type not targeted: Veterinarian
akiramedspa.com,kim@akiraspaandsalon.com,practice type not targeted: Day spa
islandspasauna.com,jlee@islandspasauna.com,practice type not targeted: Day spa
circleofwellnessrockford.com,leila@circleofwellnessrockford.com,practice type not targeted: Massage therapist
coastlandcenter.com,julie.bowden@brookfieldproperties.com,practice type not targeted: Shopping mall
stlvascular.com,roberthackermd@gmail.com,practice type not targeted: Vascular surgeon
sflcolorectal.com,jennylynnmelendez@sflcolorectal.com,practice type not targeted: Surgeon
oregonoccmed.com,matthewj@oregonoccmed.com,practice type not targeted: Occupational medical physician
ndmmarket.com,alicekim@ndmmarket.com,practice type not targeted: Supermarket
eyeboston.com,jmandeville@eyeboston.com,practice type not targeted: Eye care center
plasticsurgeryw1.co.uk,ross@plasticsurgeryw1.com,not US (list address)
plasticsurgeryw1.co.uk,roz@plasticsurgeryw1.com,not US (list address)
sonnenalp.com,ccofelice@sonnenalp.com,practice type not targeted: Spa
sonnenalp.com,jfaessler@sonnenalp.com,practice type not targeted: Spa
sonnenalp.com,mcorrigan@sonnenalp.com,practice type not targeted: Spa
sonnenalp.com,lmackintosh@sonnenalp.com,practice type not targeted: Spa
tellicovillage.org,llownsdale@tvpoa.org,practice type not targeted: Fitness center
tellicovillage.org,bethk@tvpoa.org,practice type not targeted: Fitness center
tellicovillage.org,content@tvpoa.org,practice type not targeted: Fitness center
tellicovillage.org,wmcclure@tvpoa.org,practice type not targeted: Fitness center
tellicovillage.org,rbearden@tvpoa.org,practice type not targeted: Fitness center
tellicovillage.org,sbradbury@tvpoa.org,practice type not targeted: Fitness center
tellicovillage.org,mbenoit@tvpoa.org,practice type not targeted: Fitness center
tellicovillage.org,twhittemore@tvpoa.org,practice type not targeted: Fitness center
paragonsurg.com,sgrubb@paragonsurg.com,practice type not targeted: Surgeon
cherryhillmall.com,lisa.wolstromer@preit.com,practice type not targeted: Shopping mall
woodviewdentalclinic.com,kayla@woodviewdentalclinic.com,practice type not targeted: Dentist
kannaspa.com,tiffany@kannaspa.com,practice type not targeted: Spa
oculaser.com,patricia@oculaser.com,practice type not targeted: Ophthalmology clinic
columbiadentalnj.com,columbiadentalnj@gmail.com,practice type not targeted: Dentist
rootwholebody.com,pat.johnson@rootwholebody.com,practice type not targeted: Spa
evolutionhealthclub.com,evfitness@protonmail.com,practice type not targeted: Fitness center
agbr.com,dpolitz@agbr.com,practice type not targeted: Supermarket
intracoastalsurg.com,kyle.moyles@gmail.com,practice type not targeted: Surgical center
omdayspa.com,duane@omdayspa.com,practice type not targeted: Day spa
theivydayspa.com,christina@theivydayspa.com,practice type not targeted: Day spa
facetoronto.com,jamil@facetoronto.com,not US (list address)
esthetiquedentistry.com,garima.talwar@esthetiquedentistry.com,practice type not targeted: Dental clinic
ragingriverswaterpark.com,chiglin@mandanparks.com,practice type not targeted: Water park
amherstlaser.com,lsankey@amherstlaser.com,practice type not targeted: Laser hair removal service
ocoralsurgeryandimplants.com,manager@pacoms.com,practice type not targeted: Dental implants periodontist
sosurgi.com,tammys@sosurgi.com,practice type not targeted: Surgical center
lonagrillhouse.com,lonagrillhouse@gmail.com,not US (list address)
relatecare.org,director@relatecare.org,practice type not targeted: Pregnancy care center
anitabelldds.com,anitabelldds@gmail.com,practice type not targeted: Dentist
myterrio.com,tterrio@terriotherapy.com,practice type not targeted: Physical therapist
thenaturalmane.com,rlmstylist@gmail.com,practice type not targeted: Beauty salon
spawest.com,tori@spawest.com,practice type not targeted: Day spa
spawest.com,edgar@spawest.com,practice type not targeted: Day spa
montanaface.com,khayes@montanaface.com,practice type not targeted: Surgical center
southcliffdentalgroup.com,info@southcliffdentalgroup.com,not US (list address)
marilynsbeautylounge.com,marilyn.vo2017@gmail.com,practice type not targeted: Beauty salon
healthworksfitness.com,mharrington@healthworksfitness.com,practice type not targeted: Fitness center
healthworksfitness.com,mlavoie@healthworksfitness.com,practice type not targeted: Fitness center
healthworksfitness.com,rgoldman@healthworksfitness.com,practice type not targeted: Fitness center
healthworksfitness.com,adavis@healthworksfitness.com,practice type not targeted: Fitness center
healthworksfitness.com,jbaxter@healthworksfitness.com,practice type not targeted: Fitness center
healthworksfitness.com,kmaxfield@healthworksfitness.com,practice type not targeted: Fitness center
equinox-hotels.com,andreas.caperonis@equinox-hotels.com,practice type not targeted: (blank)
spabotanicacollection.com,taylor.toreno@atriumhospitality.com,practice type not targeted: Spa
douglasj.edu,carrie.stockwell@douglasj.com,practice type not targeted: Beauty salon
immediatecarepa.com,sharabm@comcast.net,practice type not targeted: Urgent care center
pittsfordplaza.com,ohetherington@wilmorite.com,practice type not targeted: Shopping mall
pittsfordplaza.com,pselke@wilmorite.com,practice type not targeted: Shopping mall
pittsfordplaza.com,jaywilmot@wilmorite.com,practice type not targeted: Shopping mall
pittsfordplaza.com,aknapp@wilmorite.com,practice type not targeted: Shopping mall
zakdental.com,stephanieg@zakdental.com,practice type not targeted: Dentist
draegers.com,ewelch@draegers.com,practice type not targeted: Supermarket
seattleymca.org,jrainey@seattleymca.org,practice type not targeted: Youth organization
seattleymca.org,jgordon@seattleymca.org,practice type not targeted: Youth organization
seattleymca.org,lyeadon@seattleymca.org,practice type not targeted: Youth organization
seattleymca.org,alondawilliams@seattleymca.org,practice type not targeted: Youth organization
seattleymca.org,mputnam@seattleymca.org,practice type not targeted: Youth organization
seattleymca.org,sbiancofiori@seattleymca.org,practice type not targeted: Youth organization
titaniumdental.net,james@titaniumdental.net,practice type not targeted: Dentist
burkewilliams.com,bill@burkewilliams.com,practice type not targeted: Day spa
carellafamilydentistry.com,rcarelladds@gmail.com,practice type not targeted: Dentist
columbiagorgehotel.com,alyria@columbiagorgehotel.com,practice type not targeted: (blank)
marengospa.com,monique@marengospa.com,practice type not targeted: Day spa
sonataspa.com,nataliya@sonataspa.com,practice type not targeted: Electrolysis hair removal service
drcordoba.com,drcarloscordoba@gmail.com,not US (list address)
mustachioeddds.com,atkinsdental@centurylink.net,practice type not targeted: Dental implants provider
wakullaurgentcare.com,davidakeen@outlook.com,practice type not targeted: Urgent care center
contourdayspa.com,barbara@contourdayspa.com,practice type not targeted: Spa
contourdayspa.com,fanit@contourdayspa.com,practice type not targeted: Spa
eastsideathleticclub.com,terri@eastsideathleticclub.com,practice type not targeted: Fitness center
eastsideathleticclub.com,annette@eastsideathleticclub.com,practice type not targeted: Fitness center
urmisalon.com,lovepatel19994@gmail.com,practice type not targeted: Beauty salon
urmisalon.com,urmipatel616@gmail.com,practice type not targeted: Beauty salon
thevspa.com,kristen@valleyac.com,practice type not targeted: Spa
getslick.com,steph@getslick.com,not US (list address)
qlaser.com,anita@qlaser.com,practice type not targeted: Hair removal service
exhalespa.com,kim.vaughn@exhalespa.com,practice type not targeted: Spa
zendayspaca.com,shidong6517@gmail.com,practice type not targeted: Day spa
drfilangeri.com,toothsmiledr@gmail.com,practice type not targeted: Dentist
surgerycenterofnewengland.com,iwoglom@amsurg.com,practice type not targeted: Surgical center
oquirrhrec.gov,kschmidt@oquirrhrec.gov,practice type not targeted: Fitness center
oquirrhrec.gov,crodgers@oquirrhrec.gov,practice type not targeted: Fitness center
eastwindlongisland.com,jdiaz@eastwindlongisland.com,practice type not targeted: Spa
eastwindlongisland.com,ccote@eastwindlongisland.com,practice type not targeted: Spa
mealsonwheels.org,alissa@mealsonwheels.org,practice type not targeted: Social services organization
mealsonwheels.org,nicole.rebstock@mealsonwheels.org,practice type not targeted: Social services organization
colosseumdental.co.uk,lee.catlin@colosseumdental.co.uk,not US (list address)
colosseumdental.co.uk,charlotte.low@colosseumdental.co.uk,not US (list address)
reactschools.com,klamb@reactschools.com,practice type not targeted: Training center
pinecrestdds.com,twilliams@pinecrestdds.com,practice type not targeted: Dentist
the611dentist.com,drmarks@the611dentist.com,practice type not targeted: Dentist
gwinnettsurgicalspecialists.com,gabreastsurgery@gmail.com,practice type not targeted: Surgical center
cognitoforms.com,jamie@cognitoforms.com,business already emailed or queued
azurepalmhotsprings.com,richard@azurepalm.com,practice type not targeted: (blank)
azurepalmhotsprings.com,maria@azurepalm.com,practice type not targeted: (blank)
optimizedbodyandmind.co.uk,nasar@optimizedbodyandmind.co.uk,not US (list address)
tranquilityspafs.com,jholt@mvtel.net,practice type not targeted: Spa
hobnobtacoma.com,scott@hobnobtacoma.com,practice type not targeted: Restaurant
evergreensurgical.com,simmerman@evergreensurgical.com,practice type not targeted: Surgeon
ghasurgicalcentre.ca,tdallimore@ghasurgicalcentre.ca,not US (list address)
drducicplasticsurgery.com,dr.ducic@gmail.com,practice type not targeted: Surgeon
zumasrescueranch.com,jodi@messenich.com,practice type not targeted: Ranch
zumasrescueranch.com,jodi@zumasrescueranch.com,practice type not targeted: Ranch
racheldealdds.com,racheldealdds@hotmail.com,practice type not targeted: Dentist
floatannapolis.com,jeff@floatannapolis.com,practice type not targeted: Day spa
ftiptondds.com,felines@ftiptondds.com,practice type not targeted: Dentist
cheeca.com,bcoteron@cheeca.com,practice type not targeted: (blank)
duvalperio.com,bduvalga@hotmail.com,practice type not targeted: Dental implants periodontist
mainstreetfamilycare.com,seskildsen@mainstreetfamilycare.com,practice type not targeted: Urgent care center
canyonranch.com,mrivers@canyonranch.com,practice type not targeted: (blank)
canyonranch.com,jmccarthy@canyonranch.com,practice type not targeted: (blank)
groceryoutlet.us,tshipes@groceryoutlet.us,practice type not targeted: Supermarket
ewabeachdental.com,ctokunagadds@gmail.com,practice type not targeted: Dentist
bellissimaspawellness.com,bellissima.fear@gmail.com,practice type not targeted: Beauty salon
bellissimaspawellness.com,bellissima.injector@gmail.com,practice type not targeted: Beauty salon
reformationmassageandbodywork.com,ashiawalker@reformationmassageandbodywork.com,practice type not targeted: Massage therapist
lowtwellness.com,randy@lowtwellness.com,business already emailed or queued
thedentalexpress.com,teresa.williams@thedentalexpress.com,practice type not targeted: Dentist
goldcoastdental.com,alanboval@hotmail.com,practice type not targeted: Dentist
pricechopper.com,leahblanton@pricechopper.com,practice type not targeted: Supermarket
pricechopper.com,blainebringhurst@pricechopper.com,practice type not targeted: Supermarket
retreateast.co.uk,dominic@retreateast.co.uk,not US (list address)
qvh.nhs.uk,chetan.patel5@nhs.net,not US (list address)
qvh.nhs.uk,r.pearl@nhs.net,not US (list address)
qvh.nhs.uk,helen.moore6@nhs.net,not US (list address)
qvh.nhs.uk,annette.byers@nhs.net,not US (list address)
anaspa.co.uk,paul.weild@cbhospitality.co.uk,not US (list address)
dermanovaspa.com,alan@alanaraujo.com,practice type not targeted: Spa
healthera.co.uk,martin.hao@healthera.co.uk,not US (list address)
healthera.co.uk,quintus.liu@healthera.co.uk,not US (list address)
poconoasc.com,linda.bravyak@scasurgery.com,practice type not targeted: Surgical center
newyoubeauty.co.uk,elena@newyoubeauty.co.uk,not US (list address)
milandayspa.com,catherine@milandayspa.com,practice type not targeted: Day spa
stonybrook.edu,janice.barone@stonybrook.edu,practice type not targeted: Public university
stonybrook.edu,maria.e.torres@stonybrook.edu,practice type not targeted: Public university
stonybrook.edu,nicholas.e.johnson@stonybrook.edu,practice type not targeted: Public university
stonybrook.edu,kimberly.kennedy@stonybrook.edu,practice type not targeted: Public university
stonybrook.edu,jessica.koos@stonybrook.edu,practice type not targeted: Public university
stonybrook.edu,suzanne.velazquez@stonybrook.edu,practice type not targeted: Public university
stonybrook.edu,craig.markson@stonybrook.edu,practice type not targeted: Public university
stonybrook.edu,keith.sheppard@stonybrook.edu,practice type not targeted: Public university
stonybrook.edu,gretchen.ely@stonybrook.edu,practice type not targeted: Public university
stonybrook.edu,andrew.fong@stonybrook.edu,practice type not targeted: Public university
stonybrook.edu,al.pisano@stonybrook.edu,practice type not targeted: Public university
stonybrook.edu,selene.yoel@stonybrook.edu,practice type not targeted: Public university
stonybrook.edu,mark.cortez@stonybrook.edu,practice type not targeted: Public university
stonybrook.edu,leo.giglio@stonybrook.edu,practice type not targeted: Public university
stonybrook.edu,monica.bugallo@stonybrook.edu,practice type not targeted: Public university
stonybrook.edu,diane.perillo@stonybrook.edu,practice type not targeted: Public university
stonybrook.edu,amy.cook@stonybrook.edu,practice type not targeted: Public university
lymphatx.com,pamela@lymphatx.com,practice type not targeted: Physical therapist
indianasurgicalassociates.com,tgalouzis@indianasurgicalassociates.com,practice type not targeted: Surgical center
alchepharmanaturals.com,paula@alchepharmanaturals.com,practice type not targeted: Vitamin & supplements store
alchepharmanaturals.com,raymond@alchepharmanaturals.com,practice type not targeted: Vitamin & supplements store
gentletouchfootspa.com,anita@gentletouchfootspa.com,practice type not targeted: Nail salon
sugarhousedayspa.com,mary.steidl@sugarhousedayspa.com,practice type not targeted: Day spa
terracehilldental.com,petaldent@aol.com,practice type not targeted: Dentist
naturalalternativenutrition.com,bobbi@naturalalternativenutrition.com,practice type not targeted: Vitamin & supplements store
pinnacleasc.com,sdanielson@pinnacleasc.com,practice type not targeted: Surgical center
booked.ordercounter.com,thomas@ordercounter.com,practice type not targeted: Day spa
booked.ordercounter.com,crystal@ordercounter.com,practice type not targeted: Day spa
the-spring.com,wayne@the-spring.com,practice type not targeted: (blank)
chalmettedental.com,ronald@chalmettedental.com,practice type not targeted: Dentist
luxurybeautyllc.com,erika@luxurybeautyllc.com,practice type not targeted: Spa
labeautyskincenter.com,arman.karapetyan@labeautyskincenter.com,practice type not targeted: Laser hair removal service
draprilspencer.com,april@draprilspencer.com,practice type not targeted: Surgical oncologist
blainedentists.com,katrina.roussin@blainedentists.com,practice type not targeted: Dentist
hilltopsmilesdentistry.com,smile@hilltopsmilesdentistry.com,practice type not targeted: Dentist
coraldesertsurgery.com,dan.nielson@coraldesertsurgery.com,practice type not targeted: Surgical center
edenspa-salon.com,sarah@edenspa-salon.com,practice type not targeted: Spa
samc.com,adriana.shaw@samc.com,practice type not targeted: Surgeon
samc.com,gurvinder.kaur@samc.com,practice type not targeted: Surgeon
rosewaterspa.com,erin.grace@rosewaterspa.com,not US (list address)
sierralakesdental.com,walter@sierralakesdental.com,practice type not targeted: Dentist
shakespeareclinic.co.uk,donna@shakespeareclinic.co.uk,not US (list address)
lahabramoderndentistry.com,noor@lahabramoderndentistry.com,practice type not targeted: Dentist
eclatspala.com,phucluong18@yahoo.com,practice type not targeted: Nail salon
vacationvillageresorts.com,cwake@vacationvillageresorts.com,practice type not targeted: (blank)
vacationvillageresorts.com,dhayes@vacationvillageresorts.com,practice type not targeted: (blank)
leslinetmd.org,leslinet@yahoo.com,practice type not targeted: Psychiatrist
cloud9cryo.com,alpha@cloud9cryo.com,practice type not targeted: Facial spa
firstphysiciansgroup.com,david.verinder@firstphysiciansgroup.com,practice type not targeted: Surgeon
purecellnewlife.com,jessica@purecellnewlife.com,business already emailed or queued
purecellnewlife.com,patrice@purecellnewlife.com,business already emailed or queued
barrplasticsurgery.com,scott.barr@barrplasticsurgery.com,not US (list address)
breezeskincareva.com,ashley@breezeskincareva.com,practice type not targeted: Electrolysis hair removal service
complexions.com,denise@complexions.com,practice type not targeted: Day spa
complexions.com,shawn@complexions.com,practice type not targeted: Day spa
hawaiineuroscience.com,kko@hawaiineuroscience.com,practice type not targeted: Neurologist
hawaiineuroscience.com,kliow@hawaiineuroscience.com,practice type not targeted: Neurologist
newiberiasurgery.com,tbroussard@iberiasurgery.com,practice type not targeted: Surgical center
glowspakingston.com,crystal@glowspakingston.com,not US (list address)
glowspakingston.com,colleen@glowspakingston.com,not US (list address)
salon-360.com,mona@salon-360.com,practice type not targeted: Beauty salon
daytonfacialsurgery.com,reza@daytonfacialsurgery.com,practice type not targeted: Surgical center
chiwellness.org,kcooper@chiwellness.org,practice type not targeted: Day spa
ameliaisc.com,danielle.king@ameliaisc.com,practice type not targeted: Surgical center
plainfieldsurgerycenter.com,klr1610@aol.com,practice type not targeted: Surgical center
skinandlaser.co.uk,mark@skinandlaser.co.uk,not US (list address)
scottkupetzdmd.com,greatsmileteam@aol.com,practice type not targeted: Dentist
simon.com,esimon@simon.com,practice type not targeted: Massage spa
simon.com,bmcdade@simon.com,practice type not targeted: Massage spa
lax-spa.com,kristen@lax-spa.com,practice type not targeted: Spa
moreaupt.com,amoreau@moreaupt.com,practice type not targeted: Physical therapy clinic
greenvalleyranchmodernsmiles.com,dana.vilar@greenvalleyranchmodernsmiles.com,practice type not targeted: Dentist
avantidayresort.com,rachelr@avantidayresort.com,practice type not targeted: Day spa
oregonsurgicalwellness.com,henderson@oregonsurgicalwellness.com,practice type not targeted: Surgical oncologist
wausausurgery.com,cgalster@wausausurgery.com,practice type not targeted: Surgical center
wausausurgery.com,kbalz@wausausurgery.com,practice type not targeted: Surgical center
drandrewmulherin.com,andrew@drandrewmulherin.com,not US (list address)
wakullaurgentcare.com,vmrussell@ymail.com,practice type not targeted: Urgent care center
mtstateoms.com,jkrajekian@mtstateoms.com,practice type not targeted: Dental implants provider
sandramcgill.ca,sandra@sandramcgill.ca,not US (list address)
hushesthetics.ca,sophea@hushesthetics.ca,not US (list address)
lansdowneresort.com,jhatch@lansdowneresort.com,practice type not targeted: (blank)
lansdowneresort.com,csmith@lansdowneresort.com,practice type not targeted: (blank)
caledoniafamilydentalclinic.ca,clolli@rogers.com,not US (list address)
takisalonandspa.com,elona@takisalonandspa.com,practice type not targeted: Beauty salon
montgomerysurgery.com,bryan.grove@scasurgery.com,practice type not targeted: Surgical center
perudentalcare.net,blcdds@sbcglobal.net,practice type not targeted: Dental clinic
moffittrestorativedentistry.com,nicole@moffittrestorativedentistry.com,practice type not targeted: Dentist
moffittrestorativedentistry.com,drmoffitt@moffittrestorativedentistry.com,practice type not targeted: Dentist
drjamesamiller.com,lisa@drjamesamiller.com,practice type not targeted: Dentist
drjamesamiller.com,james@drjamesamiller.com,practice type not targeted: Dentist
burkepalizidentalcare.com,alireza@burkepalizidentalcare.com,practice type not targeted: Dentist
bruceyuillemd.com,docyule@aol.com,practice type not targeted: Dentist
centerfororalfacialsurgery.com,rutneroralsurgery@yahoo.com,practice type not targeted: Dentist
coavision.com,dhartman@coavision.com,practice type not targeted: Eye care center
coavision.com,rderick@coavision.com,practice type not targeted: Eye care center
dentalsurgeonsltd.com,tamosia14@yahoo.com,practice type not targeted: Dental clinic
fresnosurgicalhospital.com,kkassahn@fresnosurgicalhospital.com,practice type not targeted: Surgical center
fresnosurgicalhospital.com,kshilling@fresnosurgicalhospital.com,practice type not targeted: Surgical center
keizer.org,browna@keizer.org,practice type not targeted: Shopping mall
keizer.org,clarkc@keizeror.gov,practice type not targeted: Shopping mall
rohnertparksmilesdentistry.com,taylor.downing@rohnertparksmilesdentistry.com,practice type not targeted: Dentist
southportlandsurgicalcenter.com,jdepriest@southportlandsurgicalcenter.com,practice type not targeted: Surgical center
oviedosmilesdentistry.com,smile@oviedosmilesdentistry.com,practice type not targeted: Dentist
shrewsbury-sc.com,tbrito@uspi.com,practice type not targeted: Surgical center
westlakedermatology.com,gregory@westlakedermatology.com,business already emailed or queued
westlakedermatology.com,r@westlakedermatology.com,business already emailed or queued
erieshoresdental.com,jesse.liem@erieshoresdental.com,not US (list address)
fountainmoderndentistry.com,matthew.avey@fountainmoderndentistry.com,practice type not targeted: Dentist
hiddenlakedentalgroup.com,jessica.peters@hiddenlakedentalgroup.com,practice type not targeted: Dentist
marylandoncology.com,george.sotos@usoncology.com,practice type not targeted: Surgical oncologist
multicraftplastics.com,richard.lachenmeier@multicraftplastics.com,practice type not targeted: Plastic fabrication company
10to8.com,matthew@10to8.com,practice type not targeted: Spa
10to8.com,tom@10to8.com,practice type not targeted: Spa
lincolnhypnosiscenter.com,lincolnhypnosis@yahoo.com,practice type not targeted: Hypnotherapy service
costco.ca,reza.farmand@costco.com,not US (list address)
costco.ca,pierre.riel@costco.com,not US (list address)
reynoldsdentist.com,doctorjay@reynoldsdentist.com,practice type not targeted: Dentist
drlaserla.com,jcampana@drlaserla.com,practice type not targeted: Laser hair removal service
lasersurgicalsolutionsriograndevalley.com,jhovorka@lssrgv.com,practice type not targeted: Surgical center
iwcsurgery.com,wade.rosenburg@iwcsurgery.com,practice type not targeted: Surgical center
docsmedicalgroup.com,jsidana@docsmedicalgroup.com,practice type not targeted: Urgent care center
mastermindhypnosis.net,kobi99@sbcglobal.net,practice type not targeted: Hypnotherapy service
rioranchomoderndentistry.com,michael.conner@rioranchomoderndentistry.com,practice type not targeted: Dentist
sunvalley.com,mbrickman@sunvalley.com,practice type not targeted: (blank)
sunvalley.com,psonntag@sunvalley.com,practice type not targeted: (blank)
theisbaheelife.com,cristina@isbaheelife.com,practice type not targeted: Health and beauty shop
manchesterprivatehospital.uk,graeme.hughes@manchesterprivatehospital.uk,not US (list address)
dbghosh.com,debashis@dbghosh.com,not US (list address)
maxnutrition.net,eric@maxhealthandnutrition.com,practice type not targeted: Vitamin & supplements store
stmichaelsclinic.co.uk,mnorfolk@stmichaelsclinic.co.uk,not US (list address)
stmichaelsclinic.co.uk,phaycox@stmichaelsclinic.co.uk,not US (list address)
titanicspa.com,warrick.burton@titanicspa.com,not US (list address)
fiveelementsdayspa.com,escape@fiveelementsdayspa.com,practice type not targeted: Massage spa
shawneeinn.com,jwo@shawneeinn.com,practice type not targeted: Day spa
shawneeinn.com,tpettite@shawneeinn.com,practice type not targeted: Day spa
stoneridgedental.org,sherri.insurance@gmail.com,practice type not targeted: Dentist
utopiaspa-boutique.ca,cathy@utopiaspa-boutique.ca,not US (list address)
lovethyselfdayspa.com,lisa@lovethyselfdayspa.com,practice type not targeted: Day spa
purehealthresearch.com,giedrius@purehealthresearch.com,practice type not targeted: Vitamin & supplements store
faces365.com,kristen.spradley@faces365.com,practice type not targeted: Day spa
livingwellmedicalclinic.com,james@livingwellmedicalclinic.com,practice type not targeted: Pregnancy care center
emgmedspa.com,nursegarzarn@gmail.com,practice type not targeted: Spa
northshoretattooremoval.com,admin@stefanieaschultismd.com,practice type not targeted: Tattoo removal service
smilesofarkansas.com,aturner@smilesofarkansas.com,practice type not targeted: Dentist
hellogorgeousspaandsalon.com,helen@hellogorgeous.com,practice type not targeted: Beauty salon
mychoicespa.com,tochi@mychoicespa.com,practice type not targeted: Day spa
thesurgerycenterofcarmel.com,mchernoff@scillc.md,practice type not targeted: Surgical center
greenlifespa.com,nicky850929@gmail.com,practice type not targeted: Massage spa
cheyenneeyeclinic.com,sostby@cheyenneeyeclinic.com,practice type not targeted: Eye care center
droxley.com,droxley@gmail.com,not US (list address)
smileswest.com,lisa@smileswest.com,practice type not targeted: Dentist
extremeexpressions.net,neil@extremeexpressions.net,practice type not targeted: Body piercing shop
polzindentistry.com,apolzin30@hotmail.com,practice type not targeted: Dentist
eaglefitnessnevada.com,mike@eaglefitnessnevada.com,practice type not targeted: Fitness center
bluewaterdayspanapa.com,kimberly@bluewaterdayspanapa.com,practice type not targeted: Day spa
eyeohio.com,lw@eyeohio.com,practice type not targeted: Ophthalmology clinic
integratedwomenshealth.org,michele@integratedwomenshealth.org,already emailed or queued
edgewoodhealthnetwork.com,cbell@ehncanada.com,not US (list address)
aperioncare.com,aabiola@aperioncare.com,practice type not targeted: Rehabilitation center
aperioncare.com,lulbert@aperioncare.com,practice type not targeted: Rehabilitation center
aperioncare.com,jliddell@aperioncare.com,practice type not targeted: Rehabilitation center
aperioncare.com,ffrankel@aperioncare.com,practice type not targeted: Rehabilitation center
snipidaho.org,penelope@snipidaho.org,practice type not targeted: Veterinary care
buffalo.edu,rjletts@buffalo.edu,practice type not targeted: Public university
buffalo.edu,arubin@buffalo.edu,practice type not targeted: Public university
buffalo.edu,ecain@buffalo.edu,practice type not targeted: Public university
buffalo.edu,bethdel@buffalo.edu,practice type not targeted: Public university
buffalo.edu,jwnichol@buffalo.edu,practice type not targeted: Public university
buffalo.edu,msolo@buffalo.edu,practice type not targeted: Public university
buffalo.edu,metoohey@buffalo.edu,practice type not targeted: Public university
buffalo.edu,dianatuo@buffalo.edu,practice type not targeted: Public university
buffalo.edu,nicolep@buffalo.edu,practice type not targeted: Public university
buffalo.edu,jocelynj@buffalo.edu,practice type not targeted: Public university
buffalo.edu,mrp6@buffalo.edu,practice type not targeted: Public university
buffalo.edu,annereed@buffalo.edu,practice type not targeted: Public university
buffalo.edu,president@buffalo.edu,practice type not targeted: Public university
buffalo.edu,slhashem@buffalo.edu,practice type not targeted: Public university
buffalo.edu,makrebus@buffalo.edu,practice type not targeted: Public university
buffalo.edu,govind@buffalo.edu,practice type not targeted: Public university
buffalo.edu,htuttle@buffalo.edu,practice type not targeted: Public university
buffalo.edu,laurahub@buffalo.edu,practice type not targeted: Public university
buffalo.edu,dellacon@buffalo.edu,practice type not targeted: Public university
buffalo.edu,sevalyil@buffalo.edu,practice type not targeted: Public university
serenewellness.net,spaserene@hotmail.com,practice type not targeted: Massage therapist
purewellnessgroup.ca,drprice@purewg.ca,not US (list address)
drjenniferrobinson.com,jennifer@drjenniferrobinson.com,not US (list address)
emergenursingandrehab.com,jfrank@emergenursingandrehab.com,practice type not targeted: Rehabilitation center
azanaspa.com,tamigemmell@gmail.com,practice type not targeted: Beauty salon
clinicfororalhealth.net,drschmidt@clinicfororalhealth.net,practice type not targeted: Dental clinic
smilesonhudson.com,contact@robertgolddds.com,practice type not targeted: Dentist
sacdt.com,scurci@sacdt.com,practice type not targeted: Fitness center
reneesheelerdentureclinic.com,reneesheelerld@msn.com,practice type not targeted: Denture care center
cascadehernia.com,sally@cascadehernia.com,practice type not targeted: Surgical center
cascadehernia.com,bob@robertwrightmd.com,practice type not targeted: Surgical center
shopdullestowncenter.com,kmazhari@centennialrec.com,practice type not targeted: Shopping mall
shopdullestowncenter.com,lsmith@centennialrec.com,practice type not targeted: Shopping mall
smithfamilydentalcare.com,smithsmithdds@outlook.com,practice type not targeted: Dentist
remingtonsuite.com,sbungard@remingtonsuite.com,practice type not targeted: (blank)
antiochdentalexcellence.com,bayviewdentalca@gmail.com,practice type not targeted: Dentist
riversidehealthclub.com,denise@riversidehealthclub.com,practice type not targeted: Fitness center
riversidehealthclub.com,stephen@riversidehealthclub.com,practice type not targeted: Fitness center
riversidehealthclub.com,bethany@riversidehealthclub.com,practice type not targeted: Fitness center
riversidehealthclub.com,karen@riversidehealthclub.com,practice type not targeted: Fitness center
renewplasticsrecycling.com,jerrybrady@renewplastics.net,practice type not targeted: Plastic fabrication company
renewplasticsrecycling.com,leahbrady@renewplastics.net,practice type not targeted: Plastic fabrication company
hildefamilydentistry.com,jason@hildefamilydentistry.com,practice type not targeted: Dentist
palmbeachgardenssurgery.com,drjohnbacha@gmail.com,practice type not targeted: Surgeon
valenciaplastics.com,luis@valenciaplastics.com,practice type not targeted: Plastic injection molding service
find a table,fillimandds@gmail.com,not US (list address)
fallondentalcare.com,fallondentalcare@gmail.com,practice type not targeted: Dentist
yourspabella.com,spabellasoapery@gmail.com,practice type not targeted: Day spa
suncoastvein.com,ssingireddy@hotmail.com,practice type not targeted: Surgical center
morgantownrevive.com,tiara@morgantownrevive.com,practice type not targeted: Beauty salon
acutesc.com,andrew@acutesc.com,practice type not targeted: Surgeon
alliancesurgcenter.com,twollam@alliancesurgcenter.com,practice type not targeted: Surgical center
laconiaeye.com,sdadmun@laconiaeye.com,practice type not targeted: Eye care center
laconiaeye.com,dscott@laconiaeye.com,practice type not targeted: Eye care center
carewellurgentcare.com,sginter@carewelluc.com,practice type not targeted: Urgent care center
bochner.com,kristin@bochner.com,not US (list address)
bochner.com,rstein@bochner.com,not US (list address)
surgerytc.com,tpiotrowski@surgerytc.com,practice type not targeted: Surgical center
parkplacesurgery.com,bmoore@parkplacesurgery.com,practice type not targeted: Surgical center
salon-utopia.com,carolyn@salonutopia.co,not US (list address)
wellnow.com,sam.meites@wellnow.com,practice type not targeted: Urgent care center
willowparkfamilydentistry.com,willowpark@inspiredsmilesdental.com,practice type not targeted: Dentist
willowparkfamilydentistry.com,willowparkdental1@gmail.com,practice type not targeted: Dentist
doctor4uclinic.com,mark@doctor4uclinic.com,practice type not targeted: Urgent care center
bainbridgeislandpt.com,jen@bainbridgeislandpt.com,practice type not targeted: Physical therapy clinic
bainbridgeislandpt.com,keith@bainbridgeislandpt.com,practice type not targeted: Physical therapy clinic
torontoinstituteofplasticsurgery.com,drdon416@gmail.com,not US (list address)
findadoctor.bjc.org,david.bruns@bjc.org,practice type not targeted: Surgeon
etowahgentledental.com,etowahgentledental@gmail.com,practice type not targeted: Dental clinic
brandsurgicalcosmetic.com,angel@brandsurgical.com,practice type not targeted: Surgical center
dentalandbraces.com,keith.kendrick@uniteddentalpartners.com,practice type not targeted: Dentist
dentalandbraces.com,emily.vanney@uniteddentalpartners.com,practice type not targeted: Dentist
campfirehotel.com,keagan@campfirehotel.com,practice type not targeted: (blank)
thebionicmethod.com,nick@thebionicmethod.com,practice type not targeted: Massage spa
torontoplasticsurgery.com,drbrown@torontoplasticsurgery.com,not US (list address)
medmark.com,bcrissman@medmark.com,practice type not targeted: Addiction treatment center
visitbenicia.org,mgiuliani@ci.benicia.ca.us,practice type not targeted: Shopping mall
visitbenicia.org,tdavena@ci.benicia.ca.us,practice type not targeted: Shopping mall
yahairakolb.com,valleygoddess@msn.com,practice type not targeted: Beauty salon
yahairakolb.com,yahairakolb@msn.com,practice type not targeted: Beauty salon
holidayinnclub.com,mikolaichikj@holidayinnclub.com,practice type not targeted: (blank)
holidayinnclub.com,tgregory@holidayinnclub.com,practice type not targeted: (blank)
oakparksurgerycenter.com,cbradd@oakparksurgerycenter.com,practice type not targeted: Surgical center
southshorelasers.com,michael@southshorelasers.com,practice type not targeted: Laser hair removal service
hiatusspa.com,jane.baudouin@hiatusspa.com,practice type not targeted: Day spa
lucianion.co.uk,contact@aesthetic-plastic-surgery.co.uk,not US (list address)
londonfamiclinic.com,amarclinic@gmail.com,not US (list address)
evergreen-life.co.uk,caroline.shaw@evergreen-life.co.uk,not US (list address)
evergreen-life.co.uk,richard.benson@evergreen-life.co.uk,not US (list address)
owensborosurgerycenter.com,lyzette.galloway@scasurgery.com,practice type not targeted: Surgical center
tamsurgery.com,todd@tamsurgery.com,practice type not targeted: Surgeon
yourhealthandlongevity.com,ysong@yourhealthandlongevity.com,practice type not targeted: Acupuncturist
mgvsurgery.com,jnash@mgvsurgery.com,practice type not targeted: Vascular surgeon
auroramoderndentistry.com,mccannk@pacden.com,practice type not targeted: Dentist
drpaulthedentist.com,drpaulthedentist@yahoo.com,practice type not targeted: Dentist
oathsurgical.com,oliver.keown@oathsurgical.com,practice type not targeted: Surgical center
cosmeticgroupusa.com,ldergrigorian@cosmeticgroupusa.com,practice type not targeted: Cosmetics industry
dentistsnohomish.com,sbnsbaker@aol.com,practice type not targeted: Dentist
gentletouchlasers.com,nicole@gentletouchlasers.com,practice type not targeted: Laser hair removal service
monteluzspecialty.com,may@monteluzspecialty.com,practice type not targeted: Dental clinic
murdocksurgerycenter.com,cskinner@uspi.com,practice type not targeted: Surgical center
sbsmiles.com,ldangelo@sbsmiles.com,practice type not targeted: Dentist
mahealthcare.com,zkeeling@mahealthcare.com,practice type not targeted: Surgical center
mahealthcare.com,jbrown@mahealthcare.com,practice type not targeted: Surgical center
sccva.com,shawkins@uspi.com,practice type not targeted: Surgical center
accessfamilycare.org,hillary.shadwick@accessfamilycare.org,practice type not targeted: Urgent care center
accessfamilycare.org,steven.douglas@accessfamilycare.org,practice type not targeted: Urgent care center
big5sportinggoods.com,tshin@wgs.com,practice type not targeted: Sporting goods store
rumpke.com,adam.rumpke@rumpke.com,practice type not targeted: Waste transfer station
handandstone.ca,gigiharding@handandstone.ca,not US (list address)
pflugervillemoderndentistry.com,seema.patel@pflugervillemoderndentistry.com,practice type not targeted: Dentist
arturadental.com,uchenna@arturadental.com,practice type not targeted: Dentist
surgicalpartnersok.com,bhagood@surgicalpartnersok.com,practice type not targeted: Surgical center
surgicalpartnersok.com,ghagood@surgicalpartnersok.com,practice type not targeted: Surgical center
gervasivineyard.com,sswaldo@gervasivineyard.com,practice type not targeted: Day spa
unicaresurgery.com,allen@unicaresurgery.com,practice type not targeted: Surgical center
floatluxuryspa.com,natalie@floatluxuryspa.com,practice type not targeted: Day spa
tjsurgery.com,naomi.allen@sca.health,practice type not targeted: Surgical center
orthopedicraw.com,george@orthopedicraw.com,practice type not targeted: Physical therapist
drpiovesan.com,drpiovesan@yahoo.com,practice type not targeted: Dentist
cranefamilydentistry.com,terryburpo@yahoo.com,practice type not targeted: Dentist
pacificsurgerycenter.com,karen.franco@scasurgery.com,practice type not targeted: Surgical center
pacificsurgerycenter.com,robin.connelly@scasurgery.com,practice type not targeted: Surgical center
juninlaserspamd.com,funmibishop@yahoo.com,practice type not targeted: Spa
lexingtonsurgerycenter.com,deanna.baker@scasurgery.com,practice type not targeted: Surgical center
anewimagemedspa.com,jacqueline@anewimagemedspa.com,practice type not targeted: Spa
macgregordental.com,mitchell@macgregordental.com,practice type not targeted: Dentist
californiabrightdental.com,anthony@californiabrightdental.com,practice type not targeted: Dentist
yorktowncss.com,kimberly.muia@scasurgery.com,practice type not targeted: Surgical center
drbiscotti.com,biscottident@aol.com,practice type not targeted: Dentist
spaderejuvenation.com,edmund@spaderejuvenation.com,practice type not targeted: Nail salon
kaliebamedspa.com,kaliekdir@yahoo.com,practice type not targeted: Spa
nordstrom.com,erik.nordstrom@nordstrom.com,practice type not targeted: Spa
nordstrom.com,pete.nordstrom@nordstrom.com,practice type not targeted: Spa
stylesdayspa-salon.com,jila@stylesdayspa-salon.com,practice type not targeted: Laser hair removal service
aspendental.com,bob@aspendental.com,practice type not targeted: Dentist
aspendental.com,skertenis@aspendental.com,practice type not targeted: Dentist
berkeleycadentist.com,aterlet@aol.com,practice type not targeted: Dentist
lisasacks.co.uk,lisa@lisasacks.co.uk,not US (list address)
lisasacks.co.uk,liana@lisasacks.co.uk,not US (list address)
alamosmilesdentalgroup.com,ashley@alamosmilesdentalgroup.com,practice type not targeted: Dentist
lauberge.com,keith.brady@lauberge.com,practice type not targeted: (blank)
christushwc.org,chip.boyd@christushealth.org,practice type not targeted: Fitness center
advancedsurgicalmd.com,dvelarde2006@yahoo.com,practice type not targeted: Surgeon
visaliamoderndentistry.com,isaac.navarro@visaliamoderndentistry.com,practice type not targeted: Dentist
drclemente.com,drclemente325@yahoo.com,practice type not targeted: Dentist
samsclub.com,diana.marshall@samsclub.com,practice type not targeted: Warehouse club
samsclub.com,latriece.watkins@samsclub.com,practice type not targeted: Warehouse club
washingtonlaserinstitute.com,emily@washingtonlaserinstitute.com,practice type not targeted: Trade school
cedarparksurgerycenter.com,misty.shaw@scasurgery.com,practice type not targeted: Surgical center
laserandeye.com,ogiliberti@sgu.edu,practice type not targeted: Ophthalmology clinic
lavienails.com,chison@lavienails.com,practice type not targeted: Nail salon
skyhealthnv.com,david@skyhealthnv.com,business already emailed or queued
gmu.edu,bjosephs@gmu.edu,practice type not targeted: Public university
gmu.edu,aelguind@gmu.edu,practice type not targeted: Public university
gmu.edu,kbologne@gmu.edu,practice type not targeted: Public university
gmu.edu,avinze@gmu.edu,practice type not targeted: Public university
gmu.edu,president@gmu.edu,practice type not targeted: Public university
gmu.edu,jantony@gmu.edu,practice type not targeted: Public university
gmu.edu,kenwalsh@gmu.edu,practice type not targeted: Public university
gmu.edu,rpascare@gmu.edu,practice type not targeted: Public university
gmu.edu,tbowden2@gmu.edu,practice type not targeted: Public university
gmu.edu,pliberty@gmu.edu,practice type not targeted: Public university
antelopevalleysurgerycenter.com,camille.applin-jones@kp.org,practice type not targeted: Surgical center
elitefootcareoftexas.com,kshepherd@elites-of-texas.com,practice type not targeted: Podiatrist
lakehoustonsmilesdentistry.com,ana@lakehoustonsmilesdentistry.com,practice type not targeted: Dentist
ruidosodentist.com,summitdental_10@yahoo.com,practice type not targeted: Dentist
monroviamoderndentistry.com,priyadarshini@monroviamoderndentistry.com,practice type not targeted: Dentist
wildwooddentists.com,cscott@wildwooddentists.com,practice type not targeted: Dentist
ventfitness.com,blia@ventfitness.com,practice type not targeted: Fitness center
fcymca.org,dhead@fcymca.org,practice type not targeted: Fitness center
fcymca.org,dcortez@fcymca.org,practice type not targeted: Fitness center
huttosmilesdentistry.com,michael@huttosmilesdentistry.com,practice type not targeted: Dentist
firewheelmoderndentistry.com,heather.spain@firewheelmoderndentistry.com,practice type not targeted: Dentist
thepalmsdayspa.com,karen@thepalmsdayspa.com,practice type not targeted: Day spa
vistamedcenters.com,carole@vistamedcenters.com,practice type not targeted: Urgent care center
krasowskidental.com,jkrasowski@att.net,practice type not targeted: Dental clinic
damarisspa.com,gillian@damarisspa.com,not US (list address)
trinityhealthofneurgentcare.com,montez.carter@trinityhealthofne.org,practice type not targeted: Urgent care center
bienestarmassage.com,claudia@bienestarmassage.com,practice type not targeted: Massage therapist
ashleyvalleyfamilydental.com,ashleyvalleyfamilydental@yahoo.com,practice type not targeted: Dentist
meridiandayspa.com,greg@meridiandayspa.com,practice type not targeted: Day spa
oceanshinedayspa.com,mary@oceanshinedayspa.com,practice type not targeted: Beauty salon
myhhub.com,meganbeth@myhhub.com,practice type not targeted: Dentist
alluresalon.org,kristina@alluresalon.org,practice type not targeted: Beauty salon
gvsc1.com,mardi.morris@gvsc1.com,practice type not targeted: Surgical center
bookedin.com,mike.iwasiow@bookedin.com,practice type not targeted: Massage spa
animalhealthclinicssm.ca,pdr_71@yahoo.com,not US (list address)
lhsc.on.ca,kathy.rylett@lhsc.on.ca,not US (list address)
lhsc.on.ca,david.musyj@lhsc.on.ca,not US (list address)
wyndhamhotels.com,monica.melancon@wyndham.com,practice type not targeted: (blank)
wyndhamhotels.com,geoff.ballotti@wyn.com,practice type not targeted: (blank)
limbplastx.com,kyle@limbplastx.com,practice type not targeted: Surgical center
limbplastx.com,kevin@limbplastx.com,practice type not targeted: Surgical center
strawberrycreekdental.com,grace.min@strawberrycreekdental.com,practice type not targeted: Dentist
gentledental4u.com,mark@gentledental4u.com,practice type not targeted: Dentist
drsimonchan.com,simon@drsimonchan.com,not US (list address)
tahoefacialandtan.com,betsybishop@yahoo.com,practice type not targeted: Tanning salon
moleskidental.com,christine@moleskidental.com,practice type not targeted: Dentist
santeesmilesdentistry.com,lina.sripipatana@santeesmilesdentistry.com,practice type not targeted: Dentist
go.bychronos.com,jingquan.yu@bychronos.com,practice type not targeted: Massage therapist
wisechoicedental.com,wisemandental@aol.com,practice type not targeted: Dentist
landmarksurgerycenter.com,kcollins@uspi.com,practice type not targeted: Surgical center
towncenterdentalgroup.com,nicole@towncenterdentalgroup.com,practice type not targeted: Dentist
greenhavenmoderndentistry.com,victoria.zepeda@greenhavenmoderndentistry.com,practice type not targeted: Dentist
sanctuaryspa.com,sheri.karnowski@sanctuaryspa.com,practice type not targeted: Beauty salon
unionsquareaberdeen.com,ryan.manson@unionsquareaberdeen.com,not US (list address)
oxfordshire.gov.uk,chiefexecutive@oxfordshire.gov.uk,not US (list address)
oxfordshire.gov.uk,lorna.baxter@oxfordshire.gov.uk,not US (list address)
lmaclinic.com,ayham@lmaclinic.com,not US (list address)
thevarsityhotel.co.uk,roberto@thevarsityhotel.co.uk,not US (list address)
mirbeau.com,mdalpos@mirbeau.com,practice type not targeted: Spa
mirbeau.com,gdower@mirbeau.com,practice type not targeted: Spa
shuttersonthebeach.com,clopezquintana@shuttersonthebeach.com,practice type not targeted: Spa
premiersurgicalcenter.com,suzanne@premiersurgicalcenter.com,practice type not targeted: Surgical center
martinsvilleuc.com,christina@martinsvilleuc.com,practice type not targeted: Urgent care center
spacentraldavis.com,spacentraldavis@gmail.com,practice type not targeted: Spa
behavioralhealthmn.com,kdahl@healthwisepsychology.com,practice type not targeted: Psychologist
bryanbrewermd.com,drbrewer@bryanbrewermd.com,practice type not targeted: Surgeon
tworiversdental.com,reem@tworiversdental.com,practice type not targeted: Dentist
solaiaexperience.com,amanda@solaiaexperience.com,practice type not targeted: Spa
eloisabeautyspa.com,misceloisa@hotmail.com,practice type not targeted: Day spa
hmhn.org,jose.sevilla@hmhn.org,practice type not targeted: Urgent care center
hmhn.org,carrie.simeone@hmhn.org,practice type not targeted: Urgent care center
hmhn.org,sergio.garcia@hmhn.org,practice type not targeted: Urgent care center
hmhn.org,michelle.benson@hmhn.org,practice type not targeted: Urgent care center
hmhn.org,david.candelmo@hmhn.org,practice type not targeted: Urgent care center
hmhn.org,susan.adler@hmhn.org,practice type not targeted: Urgent care center
hmhn.org,avery.freed@hmhn.org,practice type not targeted: Urgent care center
hmhn.org,cheryl.fittizzi@hmhn.org,practice type not targeted: Urgent care center
vmbeautyspa.com,ana.vmbeautyspa@gmail.com,practice type not targeted: Spa
phoenixcrp.com,nislam@phoenixcrp.com,practice type not targeted: Rehabilitation center
phoenixcrp.com,aminaya@phoenixcrp.com,practice type not targeted: Rehabilitation center
thetimeleisure-pelhammassagespa.com,thetimespa@gmail.com,practice type not targeted: Massage spa
abbeywoodspa.com,yasmeen@abbeywoodspa.com,not US (list address)
thesebastianvail.com,ladis@thesebastianvail.com,practice type not targeted: Spa
chenahotsprings.com,recycle@polarnet.com,practice type not targeted: (blank)
tcsurgical.com,katjoe1@hotmail.com,practice type not targeted: Surgical center
piedmontwellnesscenter.com,bburdett@piedmontwellnesscenter.com,practice type not targeted: Fitness center
caycemedspa.com,jcohen@columbiaderm.com,practice type not targeted: Spa
michigansurgicalcenter.com,lherrmann@michigansurgicalcenter.com,practice type not targeted: Surgical center
carestationmedical.com,rbezozo@carestationmedical.com,practice type not targeted: Urgent care center
carestationmedical.com,msingh@carestationmedical.com,practice type not targeted: Urgent care center
ojosparesorts.com,michele.daae@ojospa.com,practice type not targeted: (blank)
piedmontosc.com,ahilliard@piedmontosc.com,practice type not targeted: Surgical center
theskindistrictms.com,jane@theskindistrict.com,practice type not targeted: Health and beauty shop
cappabiancatravel.com,carla@cappabiancatravel.com,practice type not targeted: Travel agency
cappabiancatravel.com,lisa@cappabiancatravel.com,practice type not targeted: Travel agency
bigskysurgery.com,micheleh@bigskysurgery.com,practice type not targeted: Surgical center
surgeryclinicnela.com,kstanderfer@thesurgeryclinic.net,practice type not targeted: Surgical center
sunrisedetox.com,lmicheletti@praesumhealthcare.com,practice type not targeted: Addiction treatment center
sunrisedetox.com,ilevy@sunrisedetox.com,practice type not targeted: Addiction treatment center
medwellspa.com,drmarkmedwell@gmail.com,practice type not targeted: Day spa
ambulatorysurgerywestchester.com,mbeckett@myascw.com,practice type not targeted: Surgical center
northdallassurgical.com,kelly.vacendak@northdallassurgical.com,practice type not targeted: Surgeon
rionblagrovedds.com,mntuk@starpower.net,practice type not targeted: Dentist
alaskasmilecenter.com,jdrr@ptialaska.net,practice type not targeted: Dentist
drannemsteward.com,annestewarddmd@gmail.com,practice type not targeted: Dentist
drwilliamchen.com,wchen4168@gmail.com,practice type not targeted: Dentist
maxemhealthurgentcare.com,bwhitney@maxemhealthurgentcare.com,practice type not targeted: Urgent care center
drwestberg.ca,kirstenwestberg@gmail.com,not US (list address)
drchurchill.com,daisy@drchurchill.com,practice type not targeted: Surgical center
easternsurgical.com,sheinzman@easternsurgical.com,practice type not targeted: Surgeon
easternsurgical.com,ltaylor@easternsurgical.com,practice type not targeted: Surgeon
livenew.health,jlong@livenew.health,practice type not targeted: Surgical center
thenexusgrouppc.com,gthorkelson@thenexusgrouppc.com,practice type not targeted: Psychiatrist
tumodaspa.com,jrosa@tumodaspa.com,practice type not targeted: Beauty salon
drhowley.com,brent@drhowley.com,not US (list address)
lawrencesurgerycenter.com,arimbo@lawrencesurgerycenter.com,practice type not targeted: Surgical center
lawrencesurgerycenter.com,shubbell@lawrencesurgerycenter.com,practice type not targeted: Surgical center
plasticmolding.com,jperez@plasticmolding.com,practice type not targeted: Plastic fabrication company
monasteryspa.com,nbailote@theleasidegroup.com,not US (list address)
rubyriverhotelspokane.com,tmorin@thedavenporthotel.com,practice type not targeted: (blank)
avitahealth.org,mbrickner@avitahs.org,practice type not targeted: Surgeon
avitahealth.org,jmorasko@avitahs.org,practice type not targeted: Surgeon
info.aldi.us,scott.patton@aldi.us,practice type not targeted: Supermarket
chuzefitness.com,cory@chuzefitness.com,practice type not targeted: Fitness center
chuzefitness.com,nick@chuzefitness.com,practice type not targeted: Fitness center
bogotanning.com,jon@bogotanning.com,practice type not targeted: Tanning salon
sagedayspa.com,cameron@sagedayspa.com,practice type not targeted: Spa
desmithdmd.com,drdesdmd@gmail.com,practice type not targeted: Dentist
professionalcosmeticsurgery.co.uk,secretary@jprakash.com,not US (list address)
synergy-naturopathic.com,hello@drterrilutesnd.com,not US (list address)
keavilhouse.co.uk,healthmanager@keavilhouse.co.uk,not US (list address)
spamedica.co.uk,richard.woodward@spamedica.co.uk,not US (list address)
castlefield-hotel.co.uk,ann@castlefield-hotel.co.uk,not US (list address)
castlefield-hotel.co.uk,sean@castlefield-hotel.co.uk,not US (list address)
horizonsurgerycenters.com,dhill@compass-sp.com,practice type not targeted: Surgical center
brightonsexualhealth.com,anita.bransbury@nhs.net,not US (list address)
stores.sainsburys.co.uk,simon.roberts@sainsburys.co.uk,not US (list address)
olp.surgery,dominic@olp.surgery,not US (list address)
surgneenah.com,julie.scott@thedacare.org,practice type not targeted: Surgeon
kspalight.com,daniel@kspalight.com,practice type not targeted: Spa
clearlakemoderndentistry.com,nikole.loggins@clearlakemoderndentistry.com,practice type not targeted: Dentist
plasticsurgerycenterstl.com,gregory@plasticsurgerycenterstl.com,practice type not targeted: Surgical center
hughchatham.org,phammes@hughchatham.org,practice type not targeted: Surgeon
hughchatham.org,dmarion@hughchatham.org,practice type not targeted: Surgeon
hughchatham.org,recruitment@hughchatham.org,practice type not targeted: Surgeon
hughchatham.org,khettleman@hughchatham.org,practice type not targeted: Surgeon
hilton.com,christopher.nassetta@hilton.com,practice type not targeted: (blank)
hilton.com,randy.gaines@hilton.com,practice type not targeted: (blank)
surgicaleliteaz.com,shelgarcia@uspi.com,practice type not targeted: Surgical center
wauwatosasurgerycenter.com,michael.lucey@scasurgery.com,practice type not targeted: Surgical center
belclin.com,drbelinga@belclin.com,practice type not targeted: Neurologist
belclin.com,lori.yakley@belclin.com,practice type not targeted: Neurologist
cloviscrossingdentalgroup.com,melissa@cloviscrossingdentalgroup.com,practice type not targeted: Dentist
cloviscrossingdentalgroup.com,smile@cloviscrossingdentalgroup.com,practice type not targeted: Dentist
trellisspa.com,kmartin@houstonian.com,practice type not targeted: Spa
colonrectal.org,adamle@colonrectal.org,practice type not targeted: Surgeon
nhs-ok.org,cjankas@nhs-ok.org,practice type not targeted: Urgent care center
bayonetsurgery.com,brandi.walter@hcahealthcare.com,practice type not targeted: Surgical center
surgerycenterhamilton.com,bplatt@surgerycenterhamilton.com,practice type not targeted: Surgical center
surgerycenterhamilton.com,asackstein@surgerycenterhamilton.com,practice type not targeted: Surgical center
scobesity.com,rsipe@lexhealth.org,practice type not targeted: Surgical center
summitathleticclub.com,joe@summitathleticclub.com,practice type not targeted: Fitness center
luxecares.com,harrison@luxecares.com,practice type not targeted: Nail salon
carenow.com,tim.miller@hcahealthcare.com,practice type not targeted: Urgent care center
healthysmilesbydrb.com,denis@healthysmilesbydrb.com,practice type not targeted: Dentist
foodforthought-healthstore.com,funguswacker5000@aol.com,practice type not targeted: Vitamin & supplements store
sandestin.com,boblacasse@sandestin.com,practice type not targeted: Fitness center
sandestin.com,jenniferstiyer@sandestin.com,practice type not targeted: Fitness center
sandestin.com,juliesoltes@sandestin.com,practice type not targeted: Fitness center
harmonyrecovery.org,shudson@harmonyrecovery.org,practice type not targeted: Addiction treatment center
harmonyrecovery.org,tking@harmonyrecovery.org,practice type not targeted: Addiction treatment center
drgray.ca,jason.gray@drgray.ca,not US (list address)
helixvm.com,rrodriguez@helixvm.com,practice type not targeted: Urgent care center
helixvm.com,bleporin@helixvm.com,practice type not targeted: Urgent care center
solarsurgicalcenter.com,andrew@solarsurgicalcenter.com,practice type not targeted: Surgical center
dampiersurgery.com,loucinda@dampiersurgery.com,practice type not targeted: Surgical center
prana.healthcare,rahul@prana.healthcare,practice type not targeted: Pulmonologist
gardenstateendoscopy.com,ina.mendes@scasurgery.com,practice type not targeted: Surgical center
carefirsturgentcares.com,chet@carefirsturgentcares.com,practice type not targeted: Urgent care center
carefirsturgentcares.com,marketing@carefirsturgentcares.com,practice type not targeted: Urgent care center
bluedoordental.co.uk,pm@bluedoordental.com,not US (list address)
stregisdeervalley.com,tyler.mugford@stregis.com,practice type not targeted: Spa
valasta.net,michellemerimon@valasta.net,practice type not targeted: Vitamin & supplements store
sofha.net,amandaclear@sofha.net,practice type not targeted: Surgeon
sofha.net,catherineheath@sofha.net,practice type not targeted: Surgeon
ravinewaysurgery.com,kgarcia@ravinewaysurgery.com,practice type not targeted: Surgical center
ravinewaysurgery.com,bdominguez@ravinewaysurgery.com,practice type not targeted: Surgical center
lakeforestspamassage.com,lisa@lakeforestspamassage.com,practice type not targeted: Spa
princesslodges.com,lmckim@hagroup.com,practice type not targeted: (blank)
princesslodges.com,gantorcha@princesscruises.com,practice type not targeted: (blank)
pleasanthilldentist.com,maryam.alubaidi@pleasanthilldentist.com,practice type not targeted: Dentist
spanishspringsmoderndentistry.com,courtney@spanishspringsmoderndentistry.com,practice type not targeted: Dentist
dawncareerinstitute.edu,scarney@dawncareerinstitute.edu,practice type not targeted: Spa
dawncareerinstitute.edu,sherri.hewlingskopec@dawncareerinstitute.edu,practice type not targeted: Spa
barnesdental.net,richard@barnesdental.net,practice type not targeted: Surgical center
alldentalofmenifee.com,sandrah@alldentalofmenifee.com,practice type not targeted: Dentist
alldentalofmenifee.com,homayoun@alldentalofmenifee.com,practice type not targeted: Dentist
kansas.surgery,ebartal@ksrc.org,practice type not targeted: Surgical center
maplewoodsurgerycenter.com,sbirkland@scasurgery.com,practice type not targeted: Surgical center
ofallonmoderndentistry.com,halie@ofallonmoderndentistry.com,practice type not targeted: Dentist
thekingspanj.com,byung@thekingspanj.com,practice type not targeted: Spa
winterhavenasc.com,kdees@uspi.com,practice type not targeted: Surgical center
imperialdental.com,nathaniel@imperialdental.com,practice type not targeted: Dentist
drharris.on.ca,leonard@drharris.on.ca,not US (list address)
careunited.com,sanjay@careunited.com,practice type not targeted: Urgent care center
cincinnatisportsclub.com,mfiorini@cincinnatisportsclub.com,practice type not targeted: Fitness center
cincinnatisportsclub.com,smcclain@cincinnatisportsclub.com,practice type not targeted: Fitness center
mywrichardson.com,daniela@mywrichardson.com,practice type not targeted: Urgent care center
mahaskahealth.org,kderonde@mahaskahealth.org,practice type not targeted: Massage therapist
mahaskahealth.org,drosencrance@mahaskahealth.org,practice type not targeted: Massage therapist
mahaskahealth.org,ahagist@mahaskahealth.org,practice type not targeted: Massage therapist
maricopasmilesdental.com,arvinahmad@yahoo.com,practice type not targeted: Dentist
maricopasmilesdental.com,claudia@maricopasmilesdental.com,practice type not targeted: Dentist
brightnow.com,steve.bilt@smilebrands.com,practice type not targeted: Dentist
brightnow.com,jody.martin@smilebrands.com,practice type not targeted: Dentist
fpcmedspa.com,karen@fpcmedspa.com,practice type not targeted: Laser hair removal service
palmswellington.com,hmontijo@palmswellington.com,practice type not targeted: Surgical center
alliancepermanentweightloss.com,bbranin@cox.net,practice type not targeted: (blank)
communitylifesupportinc.com,drblemur@bellsouth.net,practice type not targeted: STD clinic
stevensanforddds.com,steven@stevensanforddds.com,practice type not targeted: Dentist
mandaraspa.com,darrylll@mandaraspa.com,practice type not targeted: Spa
feelgreatcenter.com,profnutritionstore@yahoo.com,practice type not targeted: Health and beauty shop
dhh.louisiana.gov,seth.gold@la.gov,practice type not targeted: Surgical center
dhh.louisiana.gov,bruce.greenstein@la.gov,practice type not targeted: Surgical center
scartreatmentrecoverycenter.com,gponte731@aol.com,practice type not targeted: Spa
totallytanspa.com,michael@totallytanspa.com,practice type not targeted: Tanning salon
jenniferdayspa.com,bernardsvillespa@yahoo.com,practice type not targeted: Day spa
moorparkdentalgroup.com,mestevez@moorparkdentalgroup.com,practice type not targeted: Dentist
brentviewmedical.com,mdarvish@brentviewmedical.com,practice type not targeted: Urgent care center
delandpodiatry.com,doc@dfalc.com,practice type not targeted: Podiatrist
knollwooddentistry.com,jennifer.lamb@knollwooddentistry.com,practice type not targeted: Dentist
wsspa.com,aammar@wsspa.com,practice type not targeted: Surgeon
ulta.com,ksteelman@ulta.com,practice type not targeted: Cosmetics store
ulta.com,krawlins@ulta.com,practice type not targeted: Cosmetics store
mystiquesalonaz.com,april@mystiquesalonaz.com,practice type not targeted: Massage spa
facesdayspa.com,patricia@facesdayspa.com,practice type not targeted: Day spa
kingfoodsaver.com,rmarsh@pyramidfoods.net,practice type not targeted: Supermarket
kingfoodsaver.com,sjentzsch@pyramidfoods.net,practice type not targeted: Supermarket
la-sc.com,msoriano@mosaichs.com,practice type not targeted: Surgical center
saintlukessurgicenter.org,tcole@sleasc.com,practice type not targeted: Surgical center
saintlukessurgicenter.org,sfrock@sleasc.com,practice type not targeted: Surgical center
frizdental.com,frizdental@gmail.com,practice type not targeted: Dentist
mountainmarylandwellness.com,al@mountainmarylandwellness.com,practice type not targeted: Acupuncture clinic
chicagocornea.com,pamajmudar@chicagocornea.com,practice type not targeted: Lasik surgeon
chicagocornea.com,jnichols@chicagocornea.com,practice type not targeted: Lasik surgeon
flemingislandsurgerycenter.com,cstroud@flemingislandsurgerycenter.com,practice type not targeted: Surgical center
flemingislandsurgerycenter.com,bhiler01@flemingislandsurgerycenter.com,practice type not targeted: Surgical center
allsporthealthandfitness.com,ian@allsporthealthandfitness.com,practice type not targeted: Fitness center
solemiami.com,jcolee@noblehousehotels.com,practice type not targeted: (blank)
solemiami.com,jallan@solemiami.com,practice type not targeted: (blank)
sympti.com,alex@sympti.com,practice type not targeted: Urgent care center
alluraclinics.ca,kbrun@alluraclinics.ca,not US (list address)
alluraclinics.ca,ahusain@alluraclinics.ca,not US (list address)
vitalityforlife.org,vivian@vitalityforlife.org,practice type not targeted: Fitness center
cortezsmilesdental.com,dswofs@mdofficemail.com,practice type not targeted: Dentist
valleyhope.org,ashleybarcum@valleyhope.org,practice type not targeted: Addiction treatment center
valleyhope.org,patrickhall@valleyhope.org,practice type not targeted: Addiction treatment center
travelodge.co.uk,jo.boydell@travelodge.co.uk,not US (list address)
hpscenter.com,dhall@hpscenter.com,practice type not targeted: Surgical center
hpscenter.com,tregister@hpscenter.com,practice type not targeted: Surgical center
novisurgerycenter.org,kwilliamson@novisurgerycenter.org,practice type not targeted: Surgical center
laurelvilladentist.co.uk,admin@laurelvilladentist.co.uk,not US (list address)
floridaeyeandlaser.com,jhegleh@hotmail.com,practice type not targeted: Ophthalmology clinic
fdot.gov,jared.perdue@dot.state.fl.us,practice type not targeted: Weigh station
cprinc.net,danielr@cprinc.net,practice type not targeted: Recycling center
cprinc.net,annab@cprinc.net,practice type not targeted: Recycling center
cprinc.net,donh@cprinc.net,practice type not targeted: Recycling center
cprinc.net,joeb@cprinc.net,practice type not targeted: Recycling center
cprinc.net,daveh@cprinc.net,practice type not targeted: Recycling center
cprinc.net,benb@cprinc.net,practice type not targeted: Recycling center
cprinc.net,stephaniel@cprinc.net,practice type not targeted: Recycling center
cprinc.net,donnab@cprinc.net,practice type not targeted: Recycling center
cprinc.net,daniellep@cprinc.net,practice type not targeted: Recycling center
cprinc.net,jeffb@cprinc.net,practice type not targeted: Recycling center
cprinc.net,matthewe@cprinc.net,practice type not targeted: Recycling center
cprinc.net,gustavom@cprinc.net,practice type not targeted: Recycling center
cprinc.net,tommiej@cprinc.net,practice type not targeted: Recycling center
cprinc.net,paulb@cprinc.net,practice type not targeted: Recycling center
starplastics.com,dmcmullen@starplastics.com,practice type not targeted: Plastic products supplier
starplastics.com,sblanchard@starplastics.com,practice type not targeted: Plastic products supplier
personanutrition.com,jason@personanutrition.com,practice type not targeted: Vitamin & supplements store
prcco.org,info@prcco.org,practice type not targeted: Pregnancy care center
topsmarkets.com,fcurci@topsmarkets.com,practice type not targeted: Supermarket
topsmarkets.com,ksautter@topsmarkets.com,practice type not targeted: Supermarket
fastfitnessandtherapy.com,mark@fastfitnessandtherapy.com,practice type not targeted: Physical therapy clinic
ossurgerycenter.com,ddaprile@ossurgerycenter.com,practice type not targeted: Surgical center
choicehotels.com,scott.oaksmith@choicehotels.com,practice type not targeted: (blank)
choicehotels.com,dominic.dragisich@choicehotels.com,practice type not targeted: (blank)
moseswatsondds.com,moseswatsondds@gmail.com,practice type not targeted: Dentist
skinbydezign.com,mya@skinbydezign.com,practice type not targeted: Facial spa
rejuvenate4u.com,irejuvenation@gmail.com,practice type not targeted: Sports massage therapist
fredericksurgicalcenter.com,heather.gray@healthcrest.com,practice type not targeted: Surgical center
drdanielkim.com,daniel@drdanielkim.com,practice type not targeted: Dentist
sscwestlake.com,lana.davis@sscwestlake.com,practice type not targeted: Surgical center
clevelandohio.gov,dmargolius@clevelandohio.gov,practice type not targeted: Recreation center
clevelandohio.gov,mayorbibb@clevelandohio.gov,practice type not targeted: Recreation center
rochestergeneralsurg.com,kelly@rgsplc.com,practice type not targeted: Surgeon
southwestsurgicalsuites.com,ahaddix@swsurgicalsuites.com,practice type not targeted: Surgical center
periodonticsonline.com,smboutros@gmail.com,practice type not targeted: Dental implants periodontist
sulphursurgicalclinic.com,williamdevinsealemdllc@gmail.com,practice type not targeted: Surgical center
drkonowal.com,alex@drkonowal.com,practice type not targeted: Ophthalmology clinic
laseressential.com,kdl_keith@hotmail.com,practice type not targeted: Laser hair removal service
remedysnutrition.com,vladimir@remedysnutrition.com,practice type not targeted: Vitamin & supplements store
sulishospital.com,jo.eke@sulishospital.com,not US (list address)
3dvolumelash.com,sampsontracee@gmail.com,practice type not targeted: Eyelash salon
reynoldsgroup.co.uk,stephen.turner@reynoldsgroup.co.uk,not US (list address)
laserlogic2.com,kimberly@laserlogic2.com,practice type not targeted: Laser hair removal service
suresmileny.com,ahmed.kheir@suresmileny.com,practice type not targeted: Dentist
bramptoncosmetic.com,robert@bramptoncosmetic.com,not US (list address)
napervillesurgicalcentre.com,johnny.estrada@scasurgery.com,practice type not targeted: Surgical center
napervillesurgicalcentre.com,nicole.hanga@scasurgery.com,practice type not targeted: Surgical center
grmc.org,rwhitaker@grmc.org,practice type not targeted: Surgeon
agelesszenspa.com,plhelena2@yahoo.com,practice type not targeted: Spa
tecumsehlasercentre.com,joanne@tecumsehlasercentre.com,not US (list address)
hoteldel.com,julia.ruschke@hoteldel.com,practice type not targeted: Spa
hoteldel.com,marco.tabet@hoteldel.com,practice type not targeted: Spa
clovisurgentcare.com,mary@clovisurgentcare.com,practice type not targeted: Urgent care center
vallartasupermarkets.com,enrique_gonzalez@vallartasupermarkets.com,practice type not targeted: Supermarket
vallartasupermarkets.com,francisco.hanon@vallartasupermarkets.com,practice type not targeted: Supermarket
midtownsurgicalcenter.com,lisa.foster@hcahealthcare.com,practice type not targeted: Surgical center
midtownsurgicalcenter.com,joy.lawrence@hcahealthcare.com,practice type not targeted: Surgical center
edgewatermoderndentistry.com,lauren.roberts@edgewatermoderndentistry.com,practice type not targeted: Dentist
woodlandsmilesdental.com,michelle@woodlandsmilesdental.com,practice type not targeted: Dentist
drsofercosmeticsurgery.com,julie@drsofercosmeticsurgery.com,practice type not targeted: Surgical center
facialplastics.com,richard@facialplastics.com,practice type not targeted: Surgical center
facialplastics.com,angela@facialplastics.com,practice type not targeted: Surgical center
coppellmoderndentistry.com,helen.wagner@coppellmoderndentistry.com,practice type not targeted: Dentist
npscfl.com,lnelson@npscfl.com,practice type not targeted: Surgical center
npscfl.com,samin@npscfl.com,practice type not targeted: Surgical center
fontainebleaulasvegas.com,mwooden@fblasvegas.com,practice type not targeted: Spa
pelican-spa.com,seaproptorc@yahoo.com,practice type not targeted: (blank)
wisconsinplastics.com,jim.christensen@wisconsinplastics.com,practice type not targeted: Plastic injection molding service
sandspamb.com,gretchen@sand-spa.com,practice type not targeted: Nail salon
beginwithyourskinmedspamn.com,angela.bastien@yahoo.com,practice type not targeted: Spa
meijer.com,rick.keyes@meijer.com,practice type not targeted: Supermarket
meijer.com,todd.weer@meijer.com,practice type not targeted: Supermarket
carolinacoastsc.com,david.prevatt@scasurgery.com,practice type not targeted: Surgical center
unchealth.org,cristy.page@unchealth.unc.edu,practice type not targeted: Surgical center
rivercityasc.com,heather.morris@rivercityasc.com,practice type not targeted: Surgical center
seaportdentaloffice.com,zuhair@seaportdentaloffice.com,practice type not targeted: Dentist
oliveurgentcare.com,yvette@oliveurgentcare.com,practice type not targeted: Urgent care center
lomaxdental.com,howard@lomaxdental.com,practice type not targeted: Dentist
blissspa.com,lindsey.lopez@blissspa.com,practice type not targeted: Spa
blissspa.com,norman.sarmiento@blissspa.com,practice type not targeted: Spa
sscmsurgery.com,jess.bies@scasurgery.com,practice type not targeted: Surgical center
vantageeye.com,patrick.maguire@americanvisionpartners.com,practice type not targeted: Eye care center
motionorthodocs.com,jchapman@motionorthodocs.com,practice type not targeted: Surgical center
goodwillsa.org,igonzalez@goodwillsa.org,practice type not targeted: Thrift store
goodwillsa.org,ccontreras@goodwillsa.org,practice type not targeted: Thrift store
gordonekruegerdds.com,prostho@gordonkrueger.com,practice type not targeted: Prosthodontist
hbsurgicalarts.com,lisa@hbsurgicalarts.com,practice type not targeted: Surgical center
lvsurgical.com,drcaravella@lvsurgical.com,practice type not targeted: Surgical center
glenwoodsurgerycenter.com,michelle.mills@scasurgery.com,practice type not targeted: Surgical center
crystalrunhealthcare.com,compliance@crystalrunhealthcare.com,practice type not targeted: Surgeon
tuscanspaandsalon.com,cheri@tuscanspaandsalon.com,practice type not targeted: Spa
beautyandbotoxhudsonny.com,perrinj1@yahoo.com,practice type not targeted: Spa
sussexpremierhealth.com,anewby@sussexpremierhealth.com,not US (list address)
buellfuel.com,julia@buellfuel.com,practice type not targeted: Truck stop
buellfuel.com,renee@buellfuel.com,practice type not targeted: Truck stop
buellfuel.com,garth@buellfuel.com,practice type not targeted: Truck stop
buellfuel.com,aj@buellfuel.com,practice type not targeted: Truck stop
discmdgroup.com,kreiter@discmdgroup.com,practice type not targeted: Surgical center
towsonasc.com,rmountcastle@amsurg.com,practice type not targeted: Surgical center
eastwaymedicalclinic.com,dnorman@eastwaymedicalclinic.com,practice type not targeted: Urgent care center
yeungplasticsurgery.ca,drcelineyeung@gmail.com,not US (list address)
neos-vt.com,pmelvin@neos-vt.com,practice type not targeted: Dentist
jamiedouglassmassage.com,jamiehands@gmail.com,practice type not targeted: Massage therapist
lorettaholthypnotherapy.com,hypnotherapywithloretta@gmail.com,practice type not targeted: Hypnotherapy service
alyze.health,bryan@alyze.health,practice type not targeted: (blank)
utica.edu,cebonave@utica.edu,practice type not targeted: University
utica.edu,mckane@utica.edu,practice type not targeted: University
utica.edu,amdesant@utica.edu,practice type not targeted: University
utica.edu,lecorbo@utica.edu,practice type not targeted: University
utica.edu,mbmccart@utica.edu,practice type not targeted: University
utica.edu,madegigl@utica.edu,practice type not targeted: University
utica.edu,rfenner@utica.edu,practice type not targeted: University
utica.edu,gahansen@utica.edu,practice type not targeted: University
utica.edu,srnesbit@utica.edu,practice type not targeted: University
utica.edu,aklindne@utica.edu,practice type not targeted: University
utica.edu,cskisiel@utica.edu,practice type not targeted: University
amfcc.info,drwudhi@gmail.com,practice type not targeted: Acupuncturist
bestwestern.com,larry.cuculic@bestwestern.com,practice type not targeted: (blank)
bestwestern.com,mark.straszynski@bestwestern.com,practice type not targeted: (blank)
chas.org,kwebster@chas.org,practice type not targeted: Dental clinic
capitolasurgerycenter.com,cmillsap@mpscllc.org,practice type not targeted: Surgical center
elitelaserhair.com,sharon@elitelaserhair.com,practice type not targeted: Laser hair removal service
obesityactionscotland.org,robin.ireland@obesityactionscotland.org,not US (list address)
dunhamssports.com,jlynn@dunhamshq.com,practice type not targeted: Sporting goods store
cpgh.org,ahinnegan@cpgh.org,practice type not targeted: Surgical center
cpgh.org,skeef@cpgh.org,practice type not targeted: Surgical center
mississaugacosmeticsurgeryclinic.com,drweinberg@mcsconline.com,not US (list address)
horanfamilydentistry.com,jasonbhoran@hotmail.com,practice type not targeted: Dentist
aspensurgery.net,judy@aspensurgery.net,practice type not targeted: Surgical center
atlanticcoastalsurgery.org,judithreese@hotmail.com,practice type not targeted: Surgical center
sedaliasurgery.com,pfischer@sedaliasurgery.com,practice type not targeted: Surgical center
gardenofthegodsresort.com,dwarwick@gardenofthegodsresort.com,practice type not targeted: Spa
health.frederickcountymd.gov,rwatkins@frederickcountymd.gov,practice type not targeted: Public health department
health.frederickcountymd.gov,bbrookmyer@frederickcountymd.gov,practice type not targeted: Public health department
gravityhaus.com,gavin.burns@gravityhaus.com,practice type not targeted: (blank)
roddvacations.com,mrobinson@roddvacations.com,not US (list address)
roddvacations.com,mrodd@roddvacations.com,not US (list address)
evcoplastics.com,katherine_b@evcoplastics.com,practice type not targeted: Plastic fabrication company
obesityaction.org,gtoto@obesityaction.org,practice type not targeted: Social services organization
obesityaction.org,jnadglowski@obesityaction.org,practice type not targeted: Social services organization
josephrhendrickjr.com,joehendrickjr@josephrhendrickjr.com,practice type not targeted: Dentist
myawomenscenter.com,stacey@myawomenscenter.com,practice type not targeted: Pregnancy care center
evansvillesurgerycenter.com,lanaseibert@evansvillesurgerycenter.com,practice type not targeted: Surgical center
stephencenter.org,chris.knauf@stephencenter.org,practice type not targeted: Addiction treatment center
stephencenter.org,shannon.mcneil@stephencenter.org,practice type not targeted: Addiction treatment center
brevardhealth.org,austin.helton@brevardhealth.org,practice type not targeted: Public medical center
pamperingsmiles.com,gaile.hurdledds@gmail.com,practice type not targeted: Dentist
harbourhotels.co.uk,mike.warren@harbourhotels.co.uk,not US (list address)
harbourhotels.co.uk,jade.anderson@harbourhotels.co.uk,not US (list address)
toyosclinic.com,rtoyos@toyosclinic.com,practice type not targeted: Ophthalmology clinic
charlestonlymphaticmassages.com,emwilliamsmassage@gmail.com,practice type not targeted: Massage therapist
seawaymall.com,alanna@seawaymall.com,not US (list address)
seawaymall.com,dayna@seawaymall.com,not US (list address)
seawaymall.com,smb@seawaymall.com,not US (list address)
westmichigansurg.com,hdevree@westmichigansurg.com,practice type not targeted: Surgical center
palousespecialty.com,sspraul@palousespecialty.com,practice type not targeted: Surgeon
palousespecialty.com,lwells@palousespecialty.com,practice type not targeted: Surgeon
dawngrant.com,dawn@dawngrant.com,practice type not targeted: Hypnotherapy service
ohiolipolaser.com,abby.mccloud23@gmail.com,practice type not targeted: Day spa
ultraluxmedspa.com,ultraluxmedspa1@gmail.com,practice type not targeted: Spa
chrispearson.co.uk,chris@chrispearson.co.uk,not US (list address)
hunterplasticsurgery.com,sophie.freud@hunterplasticsurgery.com,not US (list address)
plasticsurgeryplymouth.com,leanne.kent@nhs.net,not US (list address)
spencerprivatehospitals.com,geoff.bailey@spencerhospitals.com,not US (list address)
redroof.com,mhostetler@redroof.com,practice type not targeted: (blank)
redroof.com,aalexander@redroof.com,practice type not targeted: (blank)
essexsurgicalassociates.com,davidsmail@essexsurgicalassociates.com,practice type not targeted: Surgical center
columbiadental.com,abbas.mohammadi@columbiadental.com,practice type not targeted: Dentist
orangeburgeye.com,mjmcmull2000@yahoo.com,practice type not targeted: Ophthalmology clinic
caplaneye.com,dcaplan@caplaneye.com,practice type not targeted: Ophthalmology clinic
plasticcosmeticsurgery.ca,drkylewanzel@yahoo.com,not US (list address)
avaniainnsantabarbara.com,gm@avaniainn.com,practice type not targeted: (blank)
jingjingqiandental.com,jingjing_qiandstandard@yahoo.com,practice type not targeted: Dentist
lalouisianedental.com,drboihoangv@yahoo.com,practice type not targeted: Dentist
findingfreedomstl.com,aisha@findingfreedomstl.com,practice type not targeted: Dietitian
khetanimedical.com,justin@khetanimedical.com,not US (list address)
aquasoleilhotel.com,sabinepollermann@yahoo.com,practice type not targeted: (blank)
surgeryatmagnolia.com,rblanch@uspi.com,practice type not targeted: Surgical center
samaritanhealthcare.com,dmilbridge@samaritanhealthcare.com,practice type not targeted: Surgeon
samaritanhealthcare.com,atown@samaritanhealthcare.com,practice type not targeted: Surgeon
midlandplastics.com,btorres@midlandplastics.com,practice type not targeted: Plastic fabrication company
annaspabtq.com,anna@annaspabtq.com,practice type not targeted: Facial spa
valleysleepwellness.com,umar@valleysleepwellness.com,practice type not targeted: Sleep clinic
mydrpaul.com,suzanne@mydrpaul.com,practice type not targeted: Urgent care center
mydrpaul.com,paul@mydrpaul.com,practice type not targeted: Urgent care center
fwsurgerycenter.com,peggy.anderson@scasurgery.com,practice type not targeted: Surgical center
fwsurgerycenter.com,david.ornelas@scasurgery.com,practice type not targeted: Surgical center
harmonyasc.com,rebecca.craig@uchealth.org,practice type not targeted: Surgical center
harmonyasc.com,catherine.seiler@uchealth.org,practice type not targeted: Surgical center
mountainviewcosmeticsurgery.com,robert@mountainviewcosmeticsurgery.com,practice type not targeted: Surgical center
pcslouisville.com,stephanie.perna@scasurgery.com,practice type not targeted: Surgical center
pcslouisville.com,tiffany.brock@scasurgery.com,practice type not targeted: Surgical center
omsgroup.net,david.siegel@omsgroup.net,practice type not targeted: Surgeon
cambiesurgery.com,brian@cambiesurgery.com,not US (list address)
graton.com,brian.green@gratonresortcasino.com,practice type not targeted: (blank)
graton.com,lana.rivera@gratonresortcasino.com,practice type not targeted: (blank)
mindweightwellnesspro.com,renae@mindweightwellnesspro.com,practice type not targeted: Psychologist
mwsurgerycenter.com,vanessa.tossey@scasurgery.com,practice type not targeted: Surgical center
villagespalosgatos.com,joanne@villagespalosgatos.com,practice type not targeted: Spa
brightwaydental.com,sarabjit@brightwaydental.com,practice type not targeted: Dentist
mintwellness.center,paula@mintwellness.center,practice type not targeted: Spa
sampadocs.com,rreynolds@sampadocs.com,practice type not targeted: Surgeon
fastaccesshealthcare.com,jonathan@fastaccesshealthcare.com,practice type not targeted: Urgent care center
northcountysurgicenter.com,constance.hillman@hcahealthcare.com,practice type not targeted: Surgical center
nortonchildrens.com,dawn.diehl@nortonhealthcare.org,practice type not targeted: Pulmonologist
nortonchildrens.com,rhonda.hoffman@nortonhealthcare.org,practice type not targeted: Pulmonologist
nortonchildrens.com,sandra.brooks@nortonhealthcare.org,practice type not targeted: Pulmonologist
nortonchildrens.com,steven.hester@nortonhealthcare.org,practice type not targeted: Pulmonologist
plasticproductsco.com,benjamin.holder@plasticproductsco.com,practice type not targeted: Plastic injection molding service
plasticproductsco.com,becky.erickson@plasticproductsco.com,practice type not targeted: Plastic injection molding service
tulsaboneandjoint.com,l.gunter@tbja.org,practice type not targeted: Surgical center
tulsaboneandjoint.com,c.daley@tbja.org,practice type not targeted: Surgical center
familydentalsimivalley.com,homeofhappyteeth@sbcglobal.net,practice type not targeted: Dentist
pcaasc.com,salvatore.centanni@scasurgery.com,practice type not targeted: Surgical center
ihacares.com,cindy_elliott@ihacares.com,practice type not targeted: Surgical center
westfloridasurgerycenter.com,samantha@westfloridasurgerycenter.com,practice type not targeted: Surgical center
westfloridasurgerycenter.com,drzalepuga@ddsomhealth.com,practice type not targeted: Surgical center
andalusiadentalgroup.com,abby@andalusiadentalgroup.com,practice type not targeted: Dentist
medicalnutritionofnj.com,perla@medicalnutritionofnj.com,practice type not targeted: Dietitian
stclairsvilledental.com,adriennert@yahoo.com,practice type not targeted: Dental clinic
redrocksurgerycenter.com,david@redrocksurgerycenter.com,practice type not targeted: Surgical center
northgarland-sc.com,tfinnegan@uspi.com,practice type not targeted: Surgical center
northgarland-sc.com,peter.mccanna@bswhealth.com,practice type not targeted: Surgical center
phs.ca,micheal.vonn@phs.ca,not US (list address)
phs.ca,tanya.fader@phs.ca,not US (list address)
mindofbeautydayspa.net,ying@mindofbeautydayspa.net,practice type not targeted: Massage therapist
llakecharles.com,roger.fontenot@pennentertainment.com,practice type not targeted: (blank)
llakecharles.com,harold.rowland@pennentertainment.com,practice type not targeted: (blank)
dchweb.org,pdown@dchweb.org,practice type not targeted: Surgical center
dchweb.org,rrobinson@dchweb.org,practice type not targeted: Surgical center
dchweb.org,smoore@dchweb.org,practice type not targeted: Surgical center
seattlesurgerycenter.com,alyssa.beene@scasurgery.com,practice type not targeted: Surgical center
surgicalinstitute.com,bradt@surgicalinstitute.com,practice type not targeted: Surgical center
grandbeachhotel.com,sceci@grandbeachhotel.com,practice type not targeted: (blank)
grandbeachhotel.com,sfaria@grandbeachhotel.com,practice type not targeted: (blank)
hwy99spa.com,sarah@hwy99spa.com,practice type not targeted: Massage therapist
romehealth.org,cwinter@romehealth.org,practice type not targeted: Surgical center
magnolialaneaesthetics.com,rachel@magnolialaneaesthetics.com,practice type not targeted: Spa
northernquest.com,npierre@northernquest.com,practice type not targeted: Spa
youroptionsma.org,teresa@youroptionsma.org,practice type not targeted: Pregnancy care center
palmettosurgerycenter.com,ccollins@palmettosurgerycenter.com,practice type not targeted: Surgical center
yellowstonesurgerycenter.com,rgagnon@yellowstonesurgerycenter.com,practice type not targeted: Surgical center
moheganpa.com,acarlucci@moheganpa.com,practice type not targeted: Spa
lakeviewsurgerycenter.com,jwilson@lakeviewsurgerycenter.com,practice type not targeted: Surgical center
jesupurgentcare.com,drrandylentz@gmail.com,practice type not targeted: Urgent care center
drwhussain.com,secretary@drwhussain.com,not US (list address)
drwhussain.com,rachel.bell@nuffieldhealth.com,not US (list address)
poteaudental.com,poteaudental@gmail.com,practice type not targeted: Dentist
bellelaviemedspa.com,christine@bellelaviemedspa.com,practice type not targeted: Laser hair removal service
oyoungmd.com,doctor.ode@gmail.com,practice type not targeted: Tattoo removal service
pedsurgwmi.com,jennifer.jamula@pedsurgwmi.com,practice type not targeted: Surgical center
anchoragebariatrics.com,justin.clark@anchoragebariatrics.com,practice type not targeted: Surgical center
bakersfieldasc.com,jlowery@bakersfieldasc.com,practice type not targeted: Surgical center
thinkmedfirst.com,sara.averitt@thinkmedfirst.com,practice type not targeted: Urgent care center
thinkmedfirst.com,mpendse@thinkmedfirst.com,practice type not targeted: Urgent care center
thinkmedfirst.com,cmarquez@thinkmedfirst.com,practice type not targeted: Urgent care center
thinkmedfirst.com,lmeurlin@thinkmedfirst.com,practice type not targeted: Urgent care center
thinkmedfirst.com,justin.mclean@thinkmedfirst.com,practice type not targeted: Urgent care center
thinkmedfirst.com,shaneka.barnette@thinkmedfirst.com,practice type not targeted: Urgent care center
browandthebeautiful.com,browstylist69@gmail.com,practice type not targeted: Permanent make-up clinic
sparetimesportsclubs.com,scottw@sparetimesportsclubs.com,practice type not targeted: Spa
sparetimesportsclubs.com,chrysa@sparetimesportsclubs.com,practice type not targeted: Spa
gilbert-sc.com,cjohnson@gilbert-sc.com,practice type not targeted: Surgical center
metamorinstitute.org,philip.schauer@pbrc.edu,practice type not targeted: Surgeon
meritagecollection.com,tbusch@pacifichospitality.com,practice type not targeted: Day spa
meritagecollection.com,gbusch@pacifichospitality.com,practice type not targeted: Day spa
totallyfeet.net,drterry@totallyfeet.net,practice type not targeted: Podiatrist
hatherleymanor.com,gm@hatherleymanor.com,not US (list address)
hullplasticsurgeons.co.uk,sandra@hullplasticsurgeons.co.uk,not US (list address)
hullplasticsurgeons.co.uk,sara@hullplasticsurgeons.co.uk,not US (list address)
hullplasticsurgeons.co.uk,gale@hullplasticsurgeons.co.uk,not US (list address)
emisaccess.co.uk,suzy.foster@emishealth.com,not US (list address)
prodentalmn.com,simil@prodentalmn.com,practice type not targeted: Dentist
bonnetdentistry.com,bonnetdentistry@yahoo.com,practice type not targeted: Dentist
invisa-red.com,jack@invisared.com,practice type not targeted: Spa
invisa-red.com,info@invisaredtech.com,practice type not targeted: Spa
charlestonsurgerycenter.com,virginia.baker@scasurgery.com,practice type not targeted: Surgical center
mhsc-woodlandsparkway.com,solis@uspi.com,practice type not targeted: Surgical center
hesc1555.com,acyork@hesc1555.com,practice type not targeted: Surgical center
hesc1555.com,rdeitch@hesc1555.com,practice type not targeted: Surgical center
contourspatampa.com,jay.houston@cryonext.tech,practice type not targeted: Health and beauty shop
humboldtdental.com,srb@humboldtdental.com,practice type not targeted: Dentist
rwhs.org,lisa.steele@rwhs.org,practice type not targeted: Surgeon
rwhs.org,janelle.schroeder@rwhs.org,practice type not targeted: Surgeon
riverhillshealth.org,jalexander@riverhillshealth.org,practice type not targeted: Dentist
hawthorneclinic.com,drmonsul@hawthorneclinic.com,practice type not targeted: Surgeon
hawthorneclinic.com,emessina@hawthorneclinic.com,practice type not targeted: Surgeon
creekwood-sc.com,holli.eschbacher@tenethealth.com,practice type not targeted: Surgical center
tucsonsc.com,louise.balich@tucsonsc.com,practice type not targeted: Surgical center
sportchek.ca,edwin@sportchek.ca,not US (list address)
rheum-care.com,ngaylis@aol.com,practice type not targeted: Rheumatologist
rheum-care.com,jkstrosser@rheum-care.com,practice type not targeted: Rheumatologist
pinkbeautymedcenter.com,hassan@pinkbeautymedcenter.com,practice type not targeted: Beauty salon
callowaycreeksurgerycenter.com,tansie.stewart@scasurgery.com,practice type not targeted: Surgical center
stclaresurgery.com,lawrence.lohman@stclaresurgery.com,practice type not targeted: Surgical center
sandpiperbayresort.com,al.gauthier@vocosandpiper.com,practice type not targeted: Spa
sandpiperbayresort.com,marika.sexton@vocosandpiper.com,practice type not targeted: Spa
beautologiesurgerycenter.com,darshan@beautologie.com,practice type not targeted: Surgical center
leawoodasc.com,mfossett@leawoodasc.com,practice type not targeted: Surgical center
surgicareofhawaii.com,brandy.kirstein@surgicareofhawaii.com,practice type not targeted: Surgical center
surgicareofhawaii.com,marlena.lester@surgicareofhawaii.com,practice type not targeted: Surgical center
dusc-preston.com,aeaton@uspi.com,practice type not targeted: Surgical center
aimsuc.com,sunil@aimsuc.com,practice type not targeted: Urgent care center
scdmwest.com,whitney.peyton@scasurgery.com,practice type not targeted: Surgical center
faceandcobelfast.com,hello@faceandcobelfast.com,not US (list address)
capehealthsurgery.com,ebusto@uspi.com,practice type not targeted: Surgical center
carillonhotel.com,kristell.roulle@carillonhotel.com,practice type not targeted: Spa
carillonhotel.com,wendy.delucca@carillonhotel.com,practice type not targeted: Spa
balancefitnessforlife.com,liz@balancefitnessforlife.com,practice type not targeted: Physical therapy clinic
serenity-surgical.com,paulamiller123@yahoo.com,practice type not targeted: Surgical center
thegroveofskokie.com,ksimpson@thegroveofskokie.com,practice type not targeted: Rehabilitation center
freedom-center.com,ameiklej@gmu.edu,practice type not targeted: Fitness center
freedom-center.com,oobrien@gmu.edu,practice type not targeted: Fitness center
emeraldcoastsurgerycenter.com,anne.kachelhoffer@scasurgery.com,practice type not targeted: Surgical center
emeraldcoastsurgerycenter.com,ashley.jones@scasurgery.com,practice type not targeted: Surgical center
waverlyhealthcenter.org,jgeerts@waverlyhealthcenter.org,practice type not targeted: Surgeon
waverlyhealthcenter.org,bhavlovic@waverlyhealthcenter.org,practice type not targeted: Surgeon
thebeautygurus.com,vikram@thebeautygurus.com,not US (list address)
thebeautygurus.com,julie@thebeautygurus.com,not US (list address)
caesars.com,treeg@caesars.com,practice type not targeted: (blank)
p3hp.org,kbelz@p3hp.org,practice type not targeted: Surgical center
nordeldentalclinic.com,drshacklock@nordeldentalclinic.com,not US (list address)
mycleardental.com,dentakeepingceo@gmail.com,practice type not targeted: Dental clinic
mtnviewsurgical.com,tchoudhry@mtnviewsurgical.com,practice type not targeted: Surgical center
swgeneral.com,jedwards@swgeneral.com,practice type not targeted: Surgical center
hopehealth.ca,bart@hopehealth.ca,not US (list address)
wintergardensurgerycenter.com,casey.mcfarland@orlandohealth.com,practice type not targeted: Surgical center
nvih.org,inder.wadhwa@nvih.org,practice type not targeted: Dental clinic
nvih.org,compliance@nvih.org,practice type not targeted: Dental clinic
ashtonsurgical.com,bsalzman@suburbanortho.com,practice type not targeted: Surgical center
omihotel.com,gm@omihotel.com,practice type not targeted: (blank)
medicine.llu.edu,lquijano@llu.edu,practice type not targeted: University hospital
medicine.llu.edu,bkmorgan@llu.edu,practice type not targeted: University hospital
fsiomaha.com,bkuhn@fsiomaha.com,practice type not targeted: Surgical center
drmorrissette.com,meghan@drmorrissette.com,practice type not targeted: Surgeon
uropartners.com,rharris@uropartners.com,practice type not targeted: Surgical center
templetondentist.com,drandrewhkim@gmail.com,practice type not targeted: Dentist
berkshirecosmeticsurg.com,drmichaels@berkshirecosmeticsurg.com,practice type not targeted: Surgical center
fairbridgesandpoint.com,rmhregional@gmail.com,practice type not targeted: (blank)
fairbridgesandpoint.com,cinthia@ida.net,practice type not targeted: (blank)
northwesternsurgicalassociates.com,j-fronza@northwestern.edu,practice type not targeted: Surgeon
medallusmedicalnd.com,nicoled@medallusmedicalnd.com,practice type not targeted: Urgent care center
ymcainw.org,ksisco@ymcainw.org,practice type not targeted: Recreation center
ymcainw.org,mberry@ymcainw.org,practice type not targeted: Recreation center
gssurgery.com,dwaynekertanis@csasurgery.com,practice type not targeted: Surgical center
gssurgery.com,isaac@gssurgery.com,practice type not targeted: Surgical center
lecom.edu,ncarty@lecom.edu,practice type not targeted: Dental school
lecom.edu,rterry@lecom.edu,practice type not targeted: Dental school
lecom.edu,mdunbar@lecom.edu,practice type not targeted: Dental school
lecom.edu,mbateman@lecom.edu,practice type not targeted: Dental school
lecom.edu,dhorne@lecom.edu,practice type not targeted: Dental school
lecom.edu,tcamillo@lecom.edu,practice type not targeted: Dental school
lecom.edu,asusmarski@lecom.edu,practice type not targeted: Dental school
lecom.edu,mterrell@lecom.edu,practice type not targeted: Dental school
westcoastdental.com,ljuarez@westcoastdental.com,practice type not targeted: Dental clinic
westcoastdental.com,psohrab@westcoastdental.com,practice type not targeted: Dental clinic
gainesvillesurgerycenter.com,andy.whitener@scasurgery.com,practice type not targeted: Surgical center
bjs.com,beddy@bjs.com,practice type not targeted: Warehouse club
hawthornsurgerycenter.com,julie.bell@scasurgery.com,practice type not targeted: Surgical center
hawthornsurgerycenter.com,amy.panagopoulos@scasurgery.com,practice type not targeted: Surgical center
texashealthscd.com,dawn.pollard@scasurgery.com,practice type not targeted: Surgical center
texashealthscd.com,diane.grewing@scasurgery.com,practice type not targeted: Surgical center
leaguecitysmilesdentistry.com,mykel.thibodeaux@leaguecitysmilesdentistry.com,practice type not targeted: Dentist
colorado.gov,governorpolis@state.co.us,practice type not targeted: Weigh station
colorado.gov,eric.maruyama@state.co.us,practice type not targeted: Weigh station
surgicareofmobile.com,mandy.pugh@scasurgery.com,practice type not targeted: Surgical center
surgicareofmobile.com,sandra.bunch@scasurgery.com,practice type not targeted: Surgical center
healtheast.org,thanson@healtheast.org,practice type not targeted: Surgical center
healtheast.org,ksvenby@healtheast.org,practice type not targeted: Surgical center
nlroms.com,robert@nlroms.com,practice type not targeted: Dentist
pulaskisurgery.com,amy.platt@pulaskisurgery.com,practice type not targeted: Surgical center
federalwaylasersurgeons.com,emily.sabbagh@federalwaylasersurgeons.com,practice type not targeted: Laser hair removal service
barrancasurgerycenter.com,trina.ingalls@scasurgery.com,practice type not targeted: Surgical center
oksurgicare.com,jennifer.haivala@hcahealthcare.com,practice type not targeted: Surgical center
idspecialties.net,stephen@idspecialties.net,practice type not targeted: Dental clinic
petoskeysurgeons.com,khorrom@petoskeysurgeons.com,practice type not targeted: Surgical center
romanholidaysauna.com,jennifer@romanholidaysauna.com,practice type not targeted: Sauna
perlmancenter.com,jonathan@perlmancenter.com,practice type not targeted: Ophthalmology clinic
globalasc.com,therrera@globalasc.com,practice type not targeted: Surgical center
baylorsurgicarefw.com,matthew.ornelas@uspi.com,practice type not targeted: Surgeon
dickssportinggoods.com,toni.roeller@dcsg.com,practice type not targeted: Sporting goods store
dickssportinggoods.com,lauren.hobart@dickssportinggoods.com,practice type not targeted: Sporting goods store
extendedstayamerica.com,mwilliams@esa.com,practice type not targeted: (blank)
extendedstayamerica.com,gjuceam@extendedstay.com,practice type not targeted: (blank)
mdt.mt.gov,lflynn@mt.gov,practice type not targeted: Transportation service
mdt.mt.gov,cdorrington2@mt.gov,practice type not targeted: Transportation service
tesco.com,ken.murphy@uk.tesco.com,not US (list address)
vfitbefit.net,fitness31@comcast.net,practice type not targeted: Fitness center
newhopecorp.org,salvarez@newhopecorp.org,practice type not targeted: Addiction treatment center
newhopecorp.org,mcarvajal@newhopecorp.org,practice type not targeted: Addiction treatment center
nmhfc.com,cgreenwald@nmhfc.com,practice type not targeted: Fitness center
pnbsusa.com,celeste@oriaceelegance.com,practice type not targeted: Beauty salon
harborplasticsurgerycenter.com,justin@drpiasecki.com,practice type not targeted: Surgical center
integrativepsychologicalservices.com,drjessicabuss@gmail.com,practice type not targeted: Psychologist
universitydentalcenter.com,drhabbal@universitydentalcenter.com,practice type not targeted: Dentist
pdisurgerycenter.org,tara@pdisurgerycenter.org,practice type not targeted: Surgical center
pdisurgerycenter.org,rgiglio@pdisurgerycenter.org,practice type not targeted: Surgical center
columbiaplastics.org,ti2156@cumc.columbia.edu,practice type not targeted: Surgical center
southernpearldentistry.com,southernpearldentistry@gmail.com,practice type not targeted: Dentist
integratedspecialtyasc.com,bmccabe@integratedspecialtyasc.com,practice type not targeted: Surgical center
midtnsurgery.com,brian@midtnsurgery.com,practice type not targeted: Surgical center
allianceplasticscorp.com,robm@allianceplasticscorp.com,practice type not targeted: Plastic fabrication company
hamiltonplace.com,stephen.lebovitz@cblproperties.com,practice type not targeted: Beauty salon
hamiltonplace.com,tom.gerber@cblproperties.com,practice type not targeted: Beauty salon
carmentasurgical.com,adam@carmentasurgical.com,practice type not targeted: Surgical center
puebloymca.org,jandrews@puebloymca.org,practice type not targeted: Fitness center
puebloymca.org,cjones@puebloymca.org,practice type not targeted: Fitness center
midlasurgical.com,jparrish@midlasurgical.com,practice type not targeted: Surgeon
midlasurgical.com,aholden@midlasurgical.com,practice type not targeted: Surgeon
mednowurgentcare.net,mark.newton@mednowurgentcare.net,practice type not targeted: Urgent care center
mednowurgentcare.net,destiny.biggs@mednowurgentcare.net,practice type not targeted: Urgent care center
tipsintoga.com,traceysawka@icloud.com,practice type not targeted: Spa
landmarkinns.com,mescobosa@landmarkinns.com,practice type not targeted: (blank)
surgicenterofnorfolk.com,dmjohnsen@surgicenterofnorfolk.com,practice type not targeted: Surgical center
surgicenterofnorfolk.com,kfryer@surgicenterofnorfolk.com,practice type not targeted: Surgical center
roguevalleyoms.com,mdoherty@roguevalleyoms.com,practice type not targeted: Dental clinic
parklandhealth.org,fred.cerise@phhs.org,practice type not targeted: Surgical center
galaxva.com,tatwell@galaxva.com,practice type not targeted: Public health department
galaxva.com,thager@galaxva.com,practice type not targeted: Public health department
galaxva.com,eward@galaxva.com,practice type not targeted: Public health department
galaxva.com,mburnette@galaxva.com,practice type not targeted: Public health department
galaxva.com,rfunk@galaxva.com,practice type not targeted: Public health department
galaxva.com,jdavis@galaxva.com,practice type not targeted: Public health department
croydonsexualhealth.nhs.uk,deborah.kirkham@nhs.net,not US (list address)
croydonsexualhealth.nhs.uk,jsmith-john@nhs.net,not US (list address)
hssurgery.com,ndraper@hssurgery.com,practice type not targeted: Surgical center
hssurgery.com,hclayton@hssurgery.com,practice type not targeted: Surgical center
omaxdocs.com,hnelson@omaxdocs.com,practice type not targeted: Surgical center
cnos.net,nolan.lubarski@cnos.net,practice type not targeted: Surgical center
lakebutlerhospital.com,dcason@lakebutlerhospital.com,practice type not targeted: Rehabilitation center
ismosc.com,lparrish@ismosc.com,practice type not targeted: Surgical center
ismosc.com,lramirez@ismosc.com,practice type not targeted: Surgical center
devotedfamilydental.com,dupontfamilydentist@gmail.com,practice type not targeted: Dentist
hmtsanctamaria.org,jbawden@hmt-uk.org,not US (list address)
atulkhanna.co.uk,mrkplastics2021@gmail.com,not US (list address)
christianwestplasticsurgeon.co.uk,westplasticsurgeon@gmail.com,not US (list address)
smsurgeons.com,ddavenport@smsurgeons.com,practice type not targeted: Surgical center
arnothealth.org,jonathan.lawrence@arnothealth.org,practice type not targeted: Surgical center
arnothealth.org,ronette.wiley@arnothealth.org,practice type not targeted: Surgical center
skin-perfection.net,yvonne@skin-perfection.net,practice type not targeted: Facial spa
elpasodaysurgery.com,juana.ramirez@tenethealth.com,practice type not targeted: Surgical center
idahoempower.com,jerickson@binghammemorial.org,practice type not targeted: Surgeon
idahoempower.com,jwhite@binghammemorial.org,practice type not targeted: Surgeon
unchealthblueridge.org,thomas.eure@unchealth.unc.edu,practice type not targeted: Surgical center
peacehealth.org,sness@peacehealth.org,practice type not targeted: Surgical center
peacehealth.org,bstewart1@peacehealth.org,practice type not targeted: Surgical center
hormone-wellness.co.uk,claire@hormone-wellness.co.uk,not US (list address)
utmbhealth.com,ppc@utmb.edu,practice type not targeted: University hospital
utmbhealth.com,joreiser@utmb.edu,practice type not targeted: University hospital
ufhealth.org,pgreen@ufhealth.org,practice type not targeted: Surgical center
ufhealth.org,kyle.eller@ufhealth.org,practice type not targeted: Surgical center
shell.com,wael.sawan@shell.com,practice type not targeted: Truck stop
charlottesurgerycenterwendover.com,jordan.archer@scasurgery.com,practice type not targeted: Surgical center
charlottesurgerycenterwendover.com,carlos.rodriguez@scasurgery.com,practice type not targeted: Surgical center
northshore-sc.com,szissman@uspi.com,practice type not targeted: Surgical center
sc-fortlauderdale.com,jchase@uspi.com,practice type not targeted: Surgical center
sc-fortlauderdale.com,ifox@uspi.com,practice type not targeted: Surgical center
sjcos.com,mweber@sjcos.com,practice type not targeted: Surgical center
cooperhealth.org,mazzarelli-anthony@cooperhealth.edu,practice type not targeted: Surgical center
cooperhealth.org,odowd-kevin@cooperhealth.edu,practice type not targeted: Surgical center
scottboggsdpm.com,yn4tenis@yahoo.com,practice type not targeted: Podiatrist
stores.gnc.com,mcostello@gnc.com,practice type not targeted: Vitamin & supplements store
stores.gnc.com,rlastinger@gnc.com,practice type not targeted: Vitamin & supplements store
saintfrancissurgerycenter.com,vthayer@uspi.com,practice type not targeted: Surgical center
wwfppa.com,wloewen@wwfppa.com,practice type not targeted: Surgical center
pullmanregional.org,matt.forge@pullmanregional.org,practice type not targeted: Surgeon
pullmanregional.org,linda.infranco@pullmanregional.org,practice type not targeted: Surgeon
sarasotasc.com,kialbert@uspi.com,practice type not targeted: Surgical center
elainesassoon.com,esassoon@doctors.org.uk,not US (list address)
atulkhanna.co.uk,atulkhanna@doctors.org.uk,not US (list address)
drbresky.com,erica.edlund@yahoo.com,practice type not targeted: Rheumatologist
drbresky.com,kebresky@aol.com,practice type not targeted: Rheumatologist
centeronejax.com,teaguebjt@msn.com,practice type not targeted: Surgical center
knoxvillebreastcenter.com,kkozlowski@kcbc-center.com,practice type not targeted: Radiologist
knoxvillebreastcenter.com,wbrock@kcbc-center.com,practice type not targeted: Radiologist
kravanyaboente.com,nkravanyadmd@kravanyaboente.com,practice type not targeted: Dental clinic
informationcenter.vermont.gov,janice.beach@vermont.gov,practice type not targeted: Truck stop
informationcenter.vermont.gov,lisa.sanchez@vermont.gov,practice type not targeted: Truck stop
uniteddigestive.com,neal.c.patel@uniteddigestive.com,practice type not targeted: Surgical center
uniteddigestive.com,sam.vaill@uniteddigestive.com,practice type not targeted: Surgical center
arcgis.com,dwright@esri.com,practice type not targeted: Urgent care center
arcgis.com,jdangermond@esri.com,practice type not targeted: Urgent care center
kenseeleycommunities.com,eric@intervention911.com,practice type not targeted: Addiction treatment center
heartcityhealth.org,lblack@heartcityhealth.org,practice type not targeted: Dentist
heartcityhealth.org,aswords@heartcityhealth.org,practice type not targeted: Dentist
luxewellnessselfcare.com,luxe.wellness.selfcare@gmail.com,not US (list address)
psc-ms.com,tburnett@psc-ms.com,practice type not targeted: Surgical center
devonsexualhealth.nhs.uk,rduh.dpo@nhs.net,not US (list address)
devonsexualhealth.nhs.uk,julie.walsh@nhs.net,not US (list address)
devonsexualhealth.nhs.uk,sallymatthews2@nhs.net,not US (list address)
afterhoursmedical.com,arlissf@medallus.com,practice type not targeted: Urgent care center
farmworkersinstitute.org,ideluna@fieldinstitute.org,practice type not targeted: Recycling center
farmworkersinstitute.org,rruelas@fieldinstitute.org,practice type not targeted: Recycling center
farmworkersinstitute.org,vali@fieldinstitute.org,practice type not targeted: Recycling center
ezsmilefamily.com,support@ezsmilefamily.com,practice type not targeted: Dentist
sunshinerides.com,kelly.milan@sunshinerides.com,practice type not targeted: Transportation service
surgerycenterofanchorage.com,jbercier@aapain.com,practice type not targeted: Surgical center
tennesseesurgerycenter.com,scooke@tennesseesurgerycenter.com,practice type not targeted: Surgical center
tennesseesurgerycenter.com,rrumsey@tennesseesurgerycenter.com,practice type not targeted: Surgical center
tuckertowndental.com,tuckerdental3201@gmail.com,practice type not targeted: Dentist
jackson.org,john.quinlivan@jackson.org,practice type not targeted: Surgeon
parkdental.com,pswenson@parkdental.com,practice type not targeted: Dental clinic
tampabaysurgicalgroup.com,jdietrick@tampabaysurgicalgroup.com,practice type not targeted: Surgical center
cosisurg.com,cgrice@cosisurg.com,practice type not targeted: Surgical center
coastsurgical.com,rarcovedo@coastsurgical.com,practice type not targeted: Surgical center
greenoilco.com,wrpotts@greenoilco.com,practice type not targeted: Truck stop
greenoilco.com,edwyatt@greenoilco.com,practice type not targeted: Truck stop
360wellnessca.com,christopher@360wellnessca.com,practice type not targeted: Fitness center
nagpaldental.com,implants@warwick.net,practice type not targeted: Dentist
nexushealthcare.com,justinfox@nexushealthcare.com,business already emailed or queued
centeronejax.com,rhaen@centeronesc.com,practice type not targeted: Surgical center
scstlucie.com,ddooley@uspi.com,practice type not targeted: Surgical center
mymdnow.com,kgordon@mdnow.com,practice type not targeted: Urgent care center
ta-petro.com,gfranks@ta-petro.com,practice type not targeted: Truck stop
ta-petro.com,tarundel@ta-petro.com,practice type not targeted: Truck stop
oyorooms.com,ritesh@oyorooms.com,practice type not targeted: (blank)
greatereriedental.com,kentonca@aol.com,practice type not targeted: Dentist
forestsurgerycenter.com,travis@basurgical.com,practice type not targeted: Surgical center
beaconsc.com,megan@beaconsc.com,practice type not targeted: Surgical center
williamson-sc.com,bwells@uspi.com,practice type not targeted: Surgical center
pscnorman.com,rwallace@pscnorman.com,practice type not targeted: Surgical center
dermabeautystore.com,kat@dermabeautystore.com,practice type not targeted: Facial spa
searhc.org,cclement@searhc.org,practice type not targeted: Dentist
thesurgerycenteratjensenbeach.com,mwesson@uspi.com,practice type not targeted: Surgical center
flowershospital.com,edarnell@flowershospital.com,practice type not targeted: Surgeon
flowershospital.com,sgordon@flowershospital.com,practice type not targeted: Surgeon
metrosurgerycenter.com,ngobin@uspi.com,practice type not targeted: Surgical center
summitsurgerymt.com,ghaeffner@summit-surgery.com,practice type not targeted: Surgical center
summitsurgerymt.com,khaughton@summit-surgery.com,practice type not targeted: Surgical center
onemedicalpassport.com,hamilton.bowman@onemnethealth.com,practice type not targeted: Surgical center
rosesurgicalcenter.com,weronika.buckner@hcahealthcare.com,practice type not targeted: Surgical center
houston-oculoplastics.com,orbitdr@yahoo.com,practice type not targeted: Ophthalmology clinic
sandlakesurgical.com,cheryl.modica@scasurgery.com,practice type not targeted: Surgical center
berganasc.com,kent.hill@scasurgery.com,practice type not targeted: Surgical center
berganasc.com,leslie.voigt@scasurgery.com,practice type not targeted: Surgical center
golfsurgicalcenter.com,michelle.kirkman@scasurgery.com,practice type not targeted: Surgical center
fraserhealth.ca,petra.pardy@fraserhealth.ca,not US (list address)
fraserhealth.ca,john.harding@fraserhealth.ca,not US (list address)
fraserhealth.ca,naseem.nuraney@fraserhealth.ca,not US (list address)
fraserhealth.ca,ralph.belle@fraserhealth.ca,not US (list address)
llsurgical.com,tammyt@llsurgical.com,practice type not targeted: Surgical center
llsurgical.com,wayne@llsurgical.com,practice type not targeted: Surgical center
hormonehealth.co.uk,nick.panay@hormonehealth.co.uk,not US (list address)
theuniformoutlet.com,twenzel@theuniformoutlet.com,practice type not targeted: Uniform store
hrhcare.org,anolon@hrhcare.org,practice type not targeted: Urgent care center
hrhcare.org,jpalmer@hrhcare.org,practice type not targeted: Urgent care center
washcohealth.org,wash.health@maryland.gov,practice type not targeted: Public health department
washcohealth.org,wchd.procurement@maryland.gov,practice type not targeted: Public health department
washcohealth.org,wchd.ohe@maryland.gov,practice type not targeted: Public health department
centralarkansassurgical.com,ahmed@centralarkansassurgical.com,practice type not targeted: Surgical center
jscal.com,missy.sallas@jscal.com,practice type not targeted: Surgical center
rwsurgery.com,adam.shurtz@rwsurgery.com,practice type not targeted: Surgical center
peelcroftsurgery.nhs.uk,trish.dunn@staffs.nhs.uk,not US (list address)
peelcroftsurgery.nhs.uk,catherine.faarup@staffs.nhs.uk,not US (list address)
qwikcaremd.com,steven@qwikcaremd.com,practice type not targeted: Urgent care center
texanasc.com,christywillis@texanasc.com,practice type not targeted: Surgical center
freemansurgicalcenter.com,sfuller@freemansurgicalcenter.com,practice type not targeted: Surgical center
freemansurgicalcenter.com,kdragoo@freemansurgicalcenter.com,practice type not targeted: Surgical center
minimallyinvasivevascularcenters.com,wendy.muhammad@mivcmd.com,practice type not targeted: Vascular surgeon
minimallyinvasivevascularcenters.com,jeffery.dormu@minimallyinvasivevascularcenters.com,practice type not targeted: Vascular surgeon
naikfamilydentistry.com,sunealnaikdds@gmail.com,practice type not targeted: Dentist
litfieldhouse.co.uk,trisha.tanner@litfieldhouse.co.uk,not US (list address)
wheatonsportcenter.com,jobs@wheatonsportcenter.com,practice type not targeted: Day spa
wheatonsportcenter.com,rbenson@wheatonsportcenter.com,practice type not targeted: Day spa
uvaldesmiles.com,info@uvaldesmiles.com,practice type not targeted: Dental clinic
mmegroupinc.com,barchambault@mmegroupinc.com,practice type not targeted: Plastic injection molding service
mmegroupinc.com,rmarin@mmegroupinc.com,practice type not targeted: Plastic injection molding service
freshsmiledentalcare.com,alvaradol53@yahoo.com,practice type not targeted: Dentist
medicalservicessyracuse.com,ijaz@medicalservicessyracuse.com,practice type not targeted: Neurologist
elpasosurgerycenters.com,lisa.loya@hcahealthcare.com,practice type not targeted: Surgical center
palousesurgery.com,susie@palousesurgery.com,practice type not targeted: Surgical center
unityhealth.to,altaf.stationwala@unityhealth.to,not US (list address)
unityhealth.to,alun.ackery@unityhealth.to,not US (list address)
redlandsurgentcare.com,ddowns@symbiosiscare.com,practice type not targeted: Urgent care center
springhillsurgerycenter.com,gretchenthompson@springhillsurgerycenter.com,practice type not targeted: Surgical center
springhillsurgerycenter.com,pamhooper@springhillsurgerycenter.com,practice type not targeted: Surgical center
sandymoderndentistry.com,mohammed.quraishi@sandymoderndentistry.com,practice type not targeted: Dentist
tcdspecialty.com,melvin@tcdspecialty.com,practice type not targeted: Dentist
familydentalcarewv.com,michaelgrubler@yahoo.com,practice type not targeted: Dentist
tfmhealth.com,jillfetell@gmail.com,practice type not targeted: Acupuncture clinic
coastinnandspa.com,coastinnspa@gmail.com,practice type not targeted: (blank)
surgicalcarecenter.net,deannd@surgicalcarecenter.net,practice type not targeted: Surgical center
cdiohio.org,h.elrawy@cdiohio.org,practice type not targeted: Dentist
cdiohio.org,m.khallaf@cdiohio.org,practice type not targeted: Dentist
blueridgepainmanagement.com,cbuzzanell@blueridgepainmanagement.com,practice type not targeted: Health care facility
elmiraurgentcare.com,drbatniji@live.com,practice type not targeted: Urgent care center
permanentmakeupfortwayne.com,permanentmakeupbylillian@gmail.com,practice type not targeted: Permanent make-up clinic
jkimplasticsurgery.co.uk,jongkim200@gmail.com,not US (list address)
willseye.org,sbeers@willseye.org,practice type not targeted: Surgical center
willseye.org,dlieberson@willseye.org,practice type not targeted: Surgical center
willseye.org,cmoss@willseye.org,practice type not targeted: Surgical center
willseye.org,japple@willseye.org,practice type not targeted: Surgical center
silvercrosssurgerycenter.com,brooke.day@uspi.com,practice type not targeted: Surgical center
paypal.me,elores@paypal.com,practice type not targeted: (blank)
paypal.me,jcriscoe@paypal.com,practice type not targeted: (blank)
griffisssurgerycenter.com,mblatt@griffissasc.org,practice type not targeted: Surgical center
prestigeurgent.com,molly@prestigeurgent.com,practice type not targeted: Urgent care center
firsthillsurgerycenter.com,cynthia.bess@firsthillsurgerycenter.com,practice type not targeted: Surgical center
cornerdentalsurgery.co.uk,vmw@cornerdentalsurgery.co.uk,not US (list address)
riversidesurgicalcenterrutherford.com,denise.acuna@scasurgery.com,practice type not targeted: Surgical center
scweston.net,miguel@scweston.net,practice type not targeted: Surgical center
parrishhealthcare.com,george.mikitarian@parrishmed.com,practice type not targeted: Vascular surgeon
parrishhealthcare.com,michael.moehring@parrishmed.com,practice type not targeted: Vascular surgeon
nitrodentalcare.com,spearstm@aol.com,practice type not targeted: Dentist
sphpma.com,kellie.valenti@sphp.com,practice type not targeted: Surgeon
sphpma.com,aimee.pachucki@sphp.com,practice type not targeted: Surgeon
asktia.com,carolyn@asktia.com,business already emailed or queued
healthcare.msu.edu,ciabottis@msu.edu,practice type not targeted: Surgeon
healthcare.msu.edu,jeglamel@msu.edu,practice type not targeted: Surgeon
southwesternasc.com,mcervone@uspi.com,practice type not targeted: Surgical center
doctortodaytlc.com,jkissar@yahoo.com,practice type not targeted: Urgent care center
tessy.com,goswald@tessy.com,practice type not targeted: Plastic injection molding service
acountrydentist.com,pascoscarpella@gmail.com,practice type not targeted: Dental clinic
westlakessurgery.com,ncoubrough@westlakessurgery.com,practice type not targeted: Surgical center
e-zec.co.uk,clive.cooper@e-zec.co.uk,not US (list address)
surgery.vcu.edu,vigneshwar.kasirajan@vcuhealth.org,practice type not targeted: Surgical center
surgery.vcu.edu,nicole.meador@vcuhealth.org,practice type not targeted: Surgical center
norwichcosmeticsurgeryandskinclinic.com,drgaryfhorn@gmail.com,not US (list address)
seegreat.net,brett.ernst@seegreat.net,practice type not targeted: Surgical center
lovelacemedicalgroup.com,michael.kueker@lovelace.com,practice type not targeted: Surgical center
mscsurgery.com,mhoran@uspi.com,practice type not targeted: Surgical center
texashealthsurgerycenterforney.com,jacob.gaytan@scasurgery.com,practice type not targeted: Surgical center
polkwastewise.net,briancogswell@polkfl.gov,practice type not targeted: Waste management service
westmorelandoms.com,dmyers@westmorelandoms.com,practice type not targeted: Surgical center
calmedsurgerycenter.com,jfalk@calmedsurgerycenter.com,practice type not targeted: Surgical center
uspi.com,bbrodnax@uspi.com,practice type not targeted: Surgical center
westgatesurgerycenter.com,lgurule@uspi.com,practice type not targeted: Surgical center
storelocator.asda.com,michael.gleeson@asda.co.uk,not US (list address)
storelocator.asda.com,ceo@asda.co.uk,not US (list address)
pawhealthnetwork.com,carlo@pawhealth.net,practice type not targeted: Veterinarian
minnesotanorth.edu,lynette.how@minnesotanorth.edu,practice type not targeted: Dental clinic
minnesotanorth.edu,christopher.ahrens@minnesotanorth.edu,practice type not targeted: Dental clinic
minnesotanorth.edu,jennifer.willard@minnesotanorth.edu,practice type not targeted: Dental clinic
minnesotanorth.edu,jennifer.boben@minnesotanorth.edu,practice type not targeted: Dental clinic
minnesotanorth.edu,lisa.marcis@minnesotanorth.edu,practice type not targeted: Dental clinic
minnesotanorth.edu,michael.raich@minnesotanorth.edu,practice type not targeted: Dental clinic
minnesotanorth.edu,aaron.bender@minnesotanorth.edu,practice type not targeted: Dental clinic
minnesotanorth.edu,bart.johnson@minnesotanorth.edu,practice type not targeted: Dental clinic
minnesotanorth.edu,jerritt.johnston@minnesotanorth.edu,practice type not targeted: Dental clinic
minnesotanorth.edu,charlotte.peterson@minnesotanorth.edu,practice type not targeted: Dental clinic
newseason.com,jim.shaheen@newseason.com,practice type not targeted: Addiction treatment center
sparklingsmilesofasheboro.com,dsmith@sparklingsmilesofasheboro.com,practice type not targeted: Dentist
southtexaseye.com,tdietze@southtexaseye.com,practice type not targeted: Eye care center
haresdental.com,smiledentalpllc@gmail.com,practice type not targeted: Dentist
surgeryattghbrandonhealthplex.com,soglesby@tgh.org,practice type not targeted: Surgical center
roseville-sc.com,lstreit@uspi.com,practice type not targeted: Surgical center
hackensacksurgerycenter.com,mmyers@hsc-med.net,practice type not targeted: Surgical center
wplasticsurgerytoronto.com,sara@wplasticsurgerytoronto.com,not US (list address)
springparksurgery.com,hilgendorf-cooleyh@springparksurgery.com,practice type not targeted: Surgical center
springparksurgery.com,drohlf@springparksurgery.com,practice type not targeted: Surgical center
loseweighttucson.com,ben.ridder@northwestmedicalcenter.com,practice type not targeted: Surgeon
opendoorhealth.com,tstarr@opendoorhealth.com,practice type not targeted: Dentist
familydentalcenteroh.com,lwrightsel@familydentalcenteroh.com,practice type not targeted: Dentist
stl2020.com,rebeccasmugalaplocher@stl2020.com,practice type not targeted: Eye care center
premiersurgicalpc.com,bmcintosh@premiersurgicalpc.com,practice type not targeted: Surgical center
stcharlessurgerycenter.com,melanie@stcharlessurgerycenter.com,practice type not targeted: Surgical center
premierecenter.com,cynthia@premierecenter.com,practice type not targeted: Surgical center
gwlwc.com,guerremd@hotmail.com,practice type not targeted: (blank)
calypsoerie.com,estum@calypsoerie.com,practice type not targeted: Wholesaler
bayoubendhealth.org,rleleux@bayoubendhealth.org,practice type not targeted: Surgeon
bayoubendhealth.org,kmelancon@bayoubendhealth.org,practice type not targeted: Surgeon
waynesurgical.com,dsimmons@waynesurgical.com,practice type not targeted: Surgical center
health.uconn.edu,czark@uchc.edu,practice type not targeted: Surgical center
health.uconn.edu,laurencin@uchc.edu,practice type not targeted: Surgical center
health.uconn.edu,geoghegan@uchc.edu,practice type not targeted: Surgical center
health.uconn.edu,mdwyer@uchc.edu,practice type not targeted: Surgical center
health.uconn.edu,sallen@uchc.edu,practice type not targeted: Surgical center
health.uconn.edu,shames@uchc.edu,practice type not targeted: Surgical center
health.uconn.edu,keilty@uchc.edu,practice type not targeted: Surgical center
health.uconn.edu,horbatuck@uchc.edu,practice type not targeted: Surgical center
health.uconn.edu,lakbrown@uchc.edu,practice type not targeted: Surgical center
health.uconn.edu,iitsuka@uchc.edu,practice type not targeted: Surgical center
health.uconn.edu,jhines@uchc.edu,practice type not targeted: Surgical center
health.uconn.edu,hyers@uchc.edu,practice type not targeted: Surgical center
holycrossmedicalcenter.org,cprewitt@taoshospital.org,practice type not targeted: Surgical center
holycrossmedicalcenter.org,jross@taoshospital.org,practice type not targeted: Surgical center
holycrossmedicalcenter.org,vanessag@taoshospital.org,practice type not targeted: Surgical center
hispanodentalcare.us,jose.gonzalez@hispanodentalcare.us,practice type not targeted: Dentist
locations.pilotflyingj.com,adam.wright@pilotflyingj.com,practice type not targeted: Truck stop
dwucc.com,neda@urgemedical.com,practice type not targeted: Urgent care center
miamibreastcenter.com,rogerkkhouri@aol.com,practice type not targeted: Surgeon
northmetroasc.com,michael.guthrie@hcahealthcare.com,practice type not targeted: Surgical center
northmetroasc.com,diana.sutton@hcahealthcare.com,practice type not targeted: Surgical center
britanniahotels.com,alex.langsam@britanniahotels.com,not US (list address)
msburnandhands.com,jason@msburnandhands.com,practice type not targeted: Surgeon
msburnandhands.com,derekculnan@msburnandhands.com,practice type not targeted: Surgeon
siskiyouhealthcenter.com,evanhouten@siskiyouhealthcenter.com,practice type not targeted: Dental clinic
medschool.umich.edu,ksinger@med.umich.edu,practice type not targeted: Surgical center
jonesplastic.com,cjones@jonesplastic.com,practice type not targeted: Plastic fabrication company
st-claire.org,donald.lloyd@st-claire.org,practice type not targeted: Surgical center
islandtimemedical.com,lou.earnhardt.np@gmail.com,practice type not targeted: (blank)
katiesspa.com,kennysgirl78@gmail.com,practice type not targeted: Massage spa
janellemedispa.com,hcoats@janellemedispa.com,practice type not targeted: Spa
ubmdsurgery.com,schwaitz@buffalo.edu,practice type not targeted: Surgical center
gwinnettlung.com,lkaplan@gwinnettlung.com,practice type not targeted: Pulmonologist
southdalespecialtysurgerycenter.com,abhatti@bhattigi.com,practice type not targeted: Surgical center
southdalespecialtysurgerycenter.com,dsalrin@bhattigi.com,practice type not targeted: Surgical center
chalmettewellnessclinic.com,drwork@chalmettewellnessclinic.com,practice type not targeted: Addiction treatment center
beckleysurgerycenter.com,dawn@beckleysurgerycenter.com,practice type not targeted: Surgical center
michaelrdenningdds.com,mdenning@michaelrdenningdds.com,practice type not targeted: Dentist
parasjethwa.co.uk,pjsurgical@gmail.com,not US (list address)
fb.com,zuck@fb.com,practice type not targeted: Facial spa
pbsurgery.com,john@pbsurgery.com,practice type not targeted: Surgical center
eptam.com,mkemp@eptam.com,practice type not targeted: Plastic fabrication company
eptam.com,scardin@eptam.com,practice type not targeted: Plastic fabrication company
perrysburgurgentcare.com,kprueter@greatlakesbiomedical.com,practice type not targeted: Urgent care center
anacapasurgical.com,elliekearns@anacapasurgical.com,practice type not targeted: Surgical center
heartlandsurgery.com,heber.crockett@heartlandsurgery.com,practice type not targeted: Surgical center
eastbaydentalcare.com,lawrence@eastbaydentalcare.com,practice type not targeted: Dentist
dentistelizabethton.com,keithmorley@yahoo.com,practice type not targeted: Dentist
nuevoperrisdentalgroup.com,drtejasmodi@yahoo.com,practice type not targeted: Dental clinic
kylemedicalspa.com,manijeh@kylemedicalspa.com,practice type not targeted: Spa
barrypowell.info,andrea@barrypowell.info,not US (list address)
surgicoreasc.com,vetinger@surgicoreasc.com,practice type not targeted: Surgical center
ffps.pro,prasanti@ffps.pro,practice type not targeted: Psychiatric hospital
southcoastmedgroup.com,johnna@southcoastmedgroup.com,practice type not targeted: Urgent care center
voyantbeauty.com,lorne.lucree@voyantbeauty.com,practice type not targeted: Cosmetics industry
greatlakessurgery.com,jschratz@greatlakessurgery.com,practice type not targeted: Surgical center
riohealth.com,laura.disque@hcahealthcare.com,practice type not targeted: Surgical center
drcervantes.mobirisesite.com,mmcdmd@aol.com,practice type not targeted: Dentist
arajonesboro.com,c_hausman@arajonesboro.com,practice type not targeted: Rheumatologist
maranahealth.org,jcarzoli@mhchealthcare.org,practice type not targeted: Urgent care center
thedentalspecialists.com,alaw@thedentalspecialists.com,practice type not targeted: Dental clinic
familyhealthcenter.org,ireland.dana@familyhealthcenter.org,practice type not targeted: Dental clinic
my.clevelandclinic.org,mihaljevict@ccf.org,practice type not targeted: Surgical center
my.clevelandclinic.org,kiskaa@ccf.org,practice type not targeted: Surgical center
salisburymedicalpractice.co.uk,martin.allen@nhs.net,not US (list address)
salisburymedicalpractice.co.uk,marie.narang@nhs.net,not US (list address)
gtdhealthcare.co.uk,david.beckett@nhs.net,not US (list address)
carolinacosmeticdentalburlington.com,natasha@carolinacosmeticdentalcare.com,practice type not targeted: Dentist
themedcenters.com,william.meller@themedcenters.com,practice type not targeted: Urgent care center
scchevychase.com,paporras@uspi.com,practice type not targeted: Surgical center
eaton-dds.com,ionedds21@gmail.com,practice type not targeted: Dentist
green-clinic.com,bmurphy@green-clinic.com,practice type not targeted: Surgeon
green-clinic.com,rbordelon@green-clinic.com,practice type not targeted: Surgeon
vistapcc.com,jappleby@vistapcc.com,practice type not targeted: Psychologist
vistapcc.com,bhumphries@vistapcc.com,practice type not targeted: Psychologist
brownneurosurgery.com,ziya.gokaslan@brownneurosurgery.com,practice type not targeted: Surgical center
aestheticdermatology.com,jsklar2426@aol.com,practice type not targeted: Surgical center
roechling.com,rwolfram@roechling.com,practice type not targeted: Plastic fabrication company
carrierclinic.org,rohit.mahajan@hmhn.org,practice type not targeted: Psychiatric hospital
staffordhealthandwellbeingcentre.nhs.uk,heather.sasaru@staffs.nhs.uk,not US (list address)
janethoganharrisonpc.com,janet@janethoganharrisonpc.com,practice type not targeted: Dentist
spectrum-aesthetics.com,elizabeth@spectrum-aesthetics.com,business already emailed or queued
avalonuc.com,robert@avalonuc.com,practice type not targeted: Urgent care center
urmc.org,carmen_wilkins@urmc.rochester.edu,practice type not targeted: Surgeon
urmc.org,kathy_parrinello@urmc.rochester.edu,practice type not targeted: Surgeon
eyesurgeryna.com,rebeccareed@eyesurgeryna.com,practice type not targeted: Eye care center
drbedylau.com,bedy@drbedylau.com,not US (list address)
cgsurgery.com,eandrews@cgsurgery.com,practice type not targeted: Surgeon
touchmd.com,kary@touchmd.com,practice type not targeted: Software company
touchmd.com,tyler@touchmd.com,practice type not targeted: Software company
jcmh.com,bethwhiting@jcmh.com,practice type not targeted: Surgical center
jcmh.com,stevehartgraves@jcmh.com,practice type not targeted: Surgical center
med.uc.edu,michael.zenz@uc.edu,practice type not targeted: Surgical center
med.uc.edu,postelgy@ucmail.uc.edu,practice type not targeted: Surgical center
123rf.com,phil@123rf.com,practice type not targeted: Dental clinic
cooleydickinson.org,slenn@cooleydickinson.org,practice type not targeted: Surgical center
cooleydickinson.org,lwatkins@cooleydickinson.org,practice type not targeted: Surgical center
americanlaser.com,jwilson@americanlaser.com,practice type not targeted: Hair removal service
medicine.yale.edu,nancy.brown@yale.edu,practice type not targeted: Surgical center
pacificsurgeryomaha.com,aperson@pacificsurgeryomaha.com,practice type not targeted: Surgical center
mesacounty.us,brent.goff@mesacounty.us,practice type not targeted: Social services organization
mesacounty.us,jeremy.savage@mesacounty.us,practice type not targeted: Social services organization
mesacounty.us,darrell.bay@mesacounty.us,practice type not targeted: Social services organization
mesacounty.us,greg.moberg@mesacounty.us,practice type not targeted: Social services organization
mesacounty.us,janika.harris@mesacounty.us,practice type not targeted: Social services organization
mesacounty.us,todd.hollenbeck@mesacounty.us,practice type not targeted: Social services organization
mesacounty.us,todd.starr@mesacounty.us,practice type not targeted: Social services organization
mesacounty.us,bobbie.daniel@mesacounty.us,practice type not targeted: Social services organization
mesacounty.us,cody.davis@mesacounty.us,practice type not targeted: Social services organization
mesacounty.us,jj.fletcher@mesacounty.us,practice type not targeted: Social services organization
mesacounty.us,matt.lewis@mesacounty.us,practice type not targeted: Social services organization
mesacounty.us,jill.calvert@mesacounty.us,practice type not targeted: Social services organization
mesacounty.us,erin.minnerath@mesacounty.us,practice type not targeted: Social services organization
mesacounty.us,dan.rubinstein@mesacounty.us,practice type not targeted: Social services organization
mesacounty.us,dave.livingston@mesacounty.us,practice type not targeted: Social services organization
mesacounty.us,andrew.martsolf@mesacounty.us,practice type not targeted: Social services organization
mesacounty.us,kevin.king@mesacounty.us,practice type not targeted: Social services organization
mesacounty.us,carrie.gudorf@mesacounty.us,practice type not targeted: Social services organization
mesacounty.us,scott.gardeahughes@mesacounty.us,practice type not targeted: Social services organization
roseburgsurgery.com,jsingleton@pcvi.com,practice type not targeted: Surgical center
roseburgsurgery.com,bambati@pcvi.com,practice type not targeted: Surgical center
vida.com,joe@vida.com,practice type not targeted: Software company
shoppersdrugmart.ca,gwedell-wedellsborg@shoppersdrugmart.ca,not US (list address)
windigous.com,greg.heying@windigous.com,practice type not targeted: Warehouse
flatherapy.com,tcable@flatherapy.com,practice type not targeted: Psychiatrist
sourcis.com,ron@sourcis.com,practice type not targeted: Website designer
gflenv.com,pdovigi@gflenv.com,practice type not targeted: Waste management service
better2know.co.uk,michael@better2know.co.uk,not US (list address)
winthropbariatrics.com,karen.norowski@nyulangone.org,practice type not targeted: Surgical center
winthropbariatrics.com,elizabeth.carruthers@nyulangone.org,practice type not targeted: Surgical center
kernmedicalcenter.com,scott.thygerson@kernmedical.com,practice type not targeted: Surgical center
doc.wa.gov,christopher.wright@doc1.wa.gov,practice type not targeted: Public library
doc.wa.gov,tim.lang@doc1.wa.gov,practice type not targeted: Public library
clinicexpert.com,talip.tastemel@clinicexpert.com,not US (list address)
surgery.weill.cornell.edu,fam2006@med.cornell.edu,practice type not targeted: Surgeon
srmc.org,chris.ellington@srmc.org,practice type not targeted: (blank)
smrmc.com,charla.rowley@smrmc.com,practice type not targeted: Surgeon
smrmc.com,marty.roberts@smrmc.com,practice type not targeted: Surgeon
smrmc.com,joan.andrews@smrmc.com,practice type not targeted: Surgeon
londoncosmeticsurgery.co.uk,haz.alfie1@gmail.com,not US (list address)
northpointehealth.org,glarson@northpointehealth.org,practice type not targeted: Surgical center
summitaesthetics.com,stefanie.kuerschner1@gmail.com,practice type not targeted: Beauty salon
lipodoc.com,michael@lipodoc.com,business already emailed or queued
spirehealthcare.com,justin.ash@spirehealthcare.com,not US (list address)
inspirahealthnetwork.org,mansuea@ihn.org,practice type not targeted: Surgical center
biomedicalwastesolutions.com,rusty@biomed-disposal.com,practice type not targeted: Waste management service
truebodycontours.com,l.mayes@truebodycontours.com,practice type not targeted: Spa
thelifestyleclinic.co.uk,nerys@thelifestyleclinic.co.uk,not US (list address)
oxfordbreastclinic.com,pg.roy@oxfordbreastclinic.com,not US (list address)
finlaysonhypnosis.co.uk,info@finlaysonhypnosis.co.uk,not US (list address)
positionresults.com,josiah@positionresults.com,practice type not targeted: Website designer
allyouneedbodysculpting.com,mother1st90@gmail.com,practice type not targeted: Beauty salon
citycreeksurgical.com,daniel@citycreeksurgical.com,practice type not targeted: Surgical center
anovahealth.com,e.charles@anovahealth.com,practice type not targeted: Vitamin & supplements store
smilesbydrcoon.com,familydental1@hotmail.com,practice type not targeted: Dentist
glowspadavis.com,suzdante@gmail.com,practice type not targeted: Facial spa
wcwcw.org,drhookman@mac.com,practice type not targeted: Psychiatrist
allergypartners.com,rachael.rossman@allergypartners.com,practice type not targeted: Surgeon
smharts.com,sydney@smharts.com,practice type not targeted: Acupuncturist
eyeplastics.com,mark@eyeplastics.com,practice type not targeted: Web hosting company
skinserenitymedspa.com,fariba@skinserenitymedspa.com,practice type not targeted: Beauty salon
thedaysspa.com,rosinab1952@outlook.com,practice type not targeted: (blank)
chinese-medicine-doc.com,jblalack@chinesemedicinedoc.com,practice type not targeted: Acupuncture clinic
weighlessmdga.com,lezlee@weighlessmdga.com,practice type not targeted: Health and beauty shop
foodandfitnesspro.com,shana@foodandfitnesspro.com,practice type not targeted: Dietitian
foodandfitnesspro.com,hannah@foodandfitnesspro.com,practice type not targeted: Dietitian
bewellslc.com,emily@bewellslc.com,practice type not targeted: Psychotherapist
demureopulence.com,nursedelonj@gmail.com,practice type not targeted: Health and beauty shop
labodysculpture.com,surgeon@bodybybatal.com,practice type not targeted: (blank)
jofraaesthetics.com,johannarrt@hotmail.com,practice type not targeted: (blank)
bstillhealingmassage.com,bstillhealingmassage@gmail.com,practice type not targeted: (blank)
capricebeautybar.com,lola@capricebeautybar.com,practice type not targeted: (blank)
stonelifecoaching.com,stonelifecw@gmail.com,practice type not targeted: Massage therapist
glowapproach.com,drlyn@glowapproach.com,practice type not targeted: Psychologist
sacredbeautymedicalspa.net,monica.sacredbeauty@gmail.com,practice type not targeted: Facial spa
tbl-medspa.com,brittany@tbl-medspa.com,practice type not targeted: Spa
foxfunctionalnutrition.com,kim@foxfunctionalnutrition.com,practice type not targeted: Dietitian
brighton-hove.gov.uk,jessica.gibbons@brighton-hove.gov.uk,not US (list address)
brighton-hove.gov.uk,max.woodford@brighton-hove.gov.uk,not US (list address)
intedev.co.uk,phil@intedev.co.uk,not US (list address)
gundersenhealth.org,rdwillf1@emplifyhealth.org,practice type not targeted: (blank)
withdrnicole.com,reese@withdrnicole.com,practice type not targeted: Surgeon
liposhape.co.uk,asher@liposhape.co.uk,not US (list address)
hypnoprogram.com,mitchellhypnosis@gmail.com,practice type not targeted: Hypnotherapy service
clifton-plastic-surgery.co.uk,timothy.burge@nhs.net,not US (list address)
betterhairtransplantclinics.co.uk,sharon@betterhairtransplantclinics.co.uk,not US (list address)
humazemd.com,faraz@humazemd.com,practice type not targeted: Software company
humazemd.com,drew@humazemd.com,practice type not targeted: Software company
nua-aesthetics.com,una@nuaaesthetics.com,practice type not targeted: (blank)
mccurtain.okcounties.org,mccurtaincountydistrict1@gmail.com,practice type not targeted: Sheriff's department
mccurtain.okcounties.org,mccurtain.d2@gmail.com,practice type not targeted: Sheriff's department
mccurtain.okcounties.org,mccurtaincountyd3@gmail.com,practice type not targeted: Sheriff's department
mccurtain.okcounties.org,assessor@mccaook.com,practice type not targeted: Sheriff's department
mccurtain.okcounties.org,tricketts@mccurtain.okcounties.org,practice type not targeted: Sheriff's department
mccurtain.okcounties.org,kathy.gray@oscn.net,practice type not targeted: Sheriff's department
mccurtain.okcounties.org,brittany.fegett@oscn.net,practice type not targeted: Sheriff's department
mccurtain.okcounties.org,denise.segura@oscn.net,practice type not targeted: Sheriff's department
mccurtain.okcounties.org,kaitlin.wilson@oscn.net,practice type not targeted: Sheriff's department
mccurtain.okcounties.org,kyla.roberts@oscn.net,practice type not targeted: Sheriff's department
mccurtain.okcounties.org,rachel.bryant@oscn.net,practice type not targeted: Sheriff's department
mccurtain.okcounties.org,shaunda.graham@oscn.net,practice type not targeted: Sheriff's department
mccurtain.okcounties.org,firstdeputy@mccaook.com,practice type not targeted: Sheriff's department
mccurtain.okcounties.org,lsimpson@mccurtain.okcounties.org,practice type not targeted: Sheriff's department
mccurtain.okcounties.org,sbrassfield@mccurtain.okcounties.org,practice type not targeted: Sheriff's department
mccurtain.okcounties.org,jferguson@mccurtain.okcounties.org,practice type not targeted: Sheriff's department
frontierhealthcenter.com,drottomeyer@frontierhealthcenter.com,practice type not targeted: Acupuncture clinic
hannahtspa.com,hannahtspa@gmail.com,practice type not targeted: Spa
lowellgeneral.org,amy.hoey@lowellgeneral.org,practice type not targeted: (blank)
lowellgeneral.org,cecelia.lynch@lowellgeneral.org,practice type not targeted: (blank)
bbrluxe.com,avis@bbrmed.com,practice type not targeted: Beauty salon
hartfordhospital.org,amanda.blaszyk@hhchealth.org,practice type not targeted: Surgical center
renudentalcare.com,manager@renudentalcare.com,practice type not targeted: Dentist
entofgkc.com,ron@entofgkc.com,practice type not targeted: Surgeon
entofgkc.com,dr.mcclurg@entofgkc.com,practice type not targeted: Surgeon
magnoliapsc.com,anahita21@gmail.com,practice type not targeted: (blank)
halomedspa.com,amanda@halomedspaabq.com,practice type not targeted: Spa
hastingsacupuncture.com,jenny@hastingsacupuncture.com,not US (list address)
medicalaestheticsofroseville.com,gjjacobma@gmail.com,practice type not targeted: Spa
lisaschermerhorncoaching.com,lisaschermerhorn1@gmail.com,practice type not targeted: Hypnotherapy service
echn.org,dweymouth@echn.org,practice type not targeted: Surgical center
chickashadentist.com,kelit@chickashadentist.com,practice type not targeted: Dentist
drhusni.com,nicholas@drhusni.com,practice type not targeted: (blank)
plasmapenqc.com,plasmapenquadcities@gmail.com,practice type not targeted: Health and beauty shop
medageboost.com,drellis@medage.com,practice type not targeted: (blank)
vivairespa.com,anjieriley@gmail.com,practice type not targeted: Spa
medfitconsulting.com,jcook@medfitconsulting.com,practice type not targeted: Occupational medical physician
vieharmony.com,anne@vieharmony.com,practice type not targeted: Acupuncture clinic
mooremetabolics.com,rachel.moore@mooremetabolics.com,practice type not targeted: Surgeon
ivinsonhospital.org,markholder@ivinsonhospital.org,practice type not targeted: Surgical center
ivinsonhospital.org,dfaus@ivinsonhospital.org,practice type not targeted: Surgical center
practicalnutritionsolutions.com,joannadiciccord@gmail.com,practice type not targeted: Dietitian
atmafitness.com,atmaretreats@gmail.com,practice type not targeted: Retreat center
lessociety.org,kingsleychin@lessociety.org,practice type not targeted: Surgical center
rebalancemd.com,mdingle@rebalancemd.com,not US (list address)
loseweightsd.com,info@greaterlifechiro.com,practice type not targeted: (blank)
improvementwarriorfitness.com,jasonyun@improvementwarriorfitness.com,practice type not targeted: Vitamin & supplements store
optimalrdn.com,optimalrdn@gmail.com,practice type not targeted: Dietitian
freezebeautybar.com,freezemedspa@outlook.com,practice type not targeted: Spa
amiweightloss.com,info@prasadsurgery.com,practice type not targeted: (blank)
greatplainsmedspa.com,kristi.gpmedspa@gmail.com,practice type not targeted: Spa
projectleannation.com,tim@projectleannation.com,practice type not targeted: (blank)
keithkaufmanphd.com,keithk32@gmail.com,practice type not targeted: Psychologist
islandsurgicalspecialists.com,hawaiicolorectal@gmail.com,practice type not targeted: Surgical center
westlakebodyworks.com,karalmtcooper@gmail.com,practice type not targeted: Massage therapist
usmedclinic.com,cristina@usmedclinic.com,practice type not targeted: Urgent care center
drdamirplasticsurgeon.com,april@drdamirplasticsurgeon.com,not US (list address)
drdamirplasticsurgeon.com,deniz@drdamirplasticsurgeon.com,not US (list address)
flcleft.com,pat@flcranio.com,practice type not targeted: Surgeon
smha.org,kristin.mosher@nysmha.org,practice type not targeted: Surgical center
strasserdds.com,stacya@strasserdds.com,practice type not targeted: Dentist
strasserdds.com,munastrasser@gmail.com,practice type not targeted: Dentist
chevychasecosmetic.com,milmedi1@gmail.com,practice type not targeted: Spa
hypnotherapyandwellness.com,andreasquibb@gmail.com,practice type not targeted: Hypnotherapy service
emedicalmassage.com,emedicalmassage@gmail.com,practice type not targeted: Spa
mediweightlossfranchising.com,cobringer@mediweightloss.com,practice type not targeted: (blank)
luxurywellnessmedspa.com,anastasha@luxurywellnessmedspa.com,practice type not targeted: Spa
forestacreswellcare.com,mattjvl@gmail.com,business already emailed or queued
new-day-spa.com,jill.galea@sedonanewdayspa.com,practice type not targeted: Spa
shiftnutrition.ca,jessica@shiftnutrition.com,not US (list address)
drwillmck.com,drwill@drwillmck.com,practice type not targeted: (blank)
unmc.edu,dele.davies@unmc.edu,practice type not targeted: Surgical center
unmc.edu,jmeza@unmc.edu,practice type not targeted: Surgical center
changeondemand.co.uk,will@changeondemand.co.uk,not US (list address)
txortho.com,tsloan@txortho.com,practice type not targeted: Rehabilitation center
dririsgold.com,dr.iris.gold@gmail.com,practice type not targeted: Acupuncture clinic
adornwaxandskin.com,trisha.wax@gmail.com,practice type not targeted: (blank)
selfwellnessstudio.com,artika@selfwellnessstudio.com,practice type not targeted: Spa
emilyrhodahypnotherapy.com,emilyrhoda.cht@gmail.com,practice type not targeted: Hypnotherapy service
faceitct.com,awolf@faceitct.com,practice type not targeted: (blank)
jaidedaesthetics.com,denesha@jaidedaesthetics.com,practice type not targeted: (blank)
slimgenics.com,katherine@slimgenics.com,practice type not targeted: (blank)
medicalspaclinic.com,samsperon@gmail.com,practice type not targeted: Spa
stanwood-dentist.com,dradams@cascadiadentistry.com,practice type not targeted: Dentist
ekaestheticsbeauty.com,emily@ekaestheticsbeauty.com,practice type not targeted: (blank)
physio412.com,kira@physio412.com,practice type not targeted: Physical therapist
plastikoserie.com,rkaten@plastikoserie.com,practice type not targeted: Plastic injection molding service
mattaxneuprater.com,tprater@mattaxneuprater.com,practice type not targeted: Surgical center
reneuhealth.com,reneuyou@gmail.com,practice type not targeted: (blank)
cosmetisuite.com,paragip@meditab.com,practice type not targeted: Software company
cosmetisuite.com,andreww@meditab.com,practice type not targeted: Software company
microneedlingmarin.com,pamjankelow@gmail.com,practice type not targeted: Beautician
weightnomoredietcenter.com,lori@weightnomoredietcenter.com,practice type not targeted: (blank)
opti-illusions.com,will@opti-illusions.com,practice type not targeted: Lasik surgeon
opti-illusions.com,edwin@opti-illusions.com,practice type not targeted: Lasik surgeon
pinnacleskin.com,chad.eckes@pinnacleskin.com,practice type not targeted: (blank)
southcountymedspaandwellness.com,jumnah@southcountymedspaandwellness.com,practice type not targeted: Spa
kamranazadmd.com,kamran.j.azad@gmail.com,practice type not targeted: (blank)
selfsculptmd.com,drcompoginis@gmail.com,practice type not targeted: (blank)
masta-travel-health.com,andrew.lewis@nomadtravel.co.uk,not US (list address)
anthonybarabas.com,anthony.barabas@nhs.net,not US (list address)
hilalbahia.co.uk,hilal.bahia@nhslothian.scot.nhs.uk,not US (list address)
mylahealth.co.uk,nicki@mylahealth.co.uk,not US (list address)
fraticosmeticsurgery.com,laura@harley-surgery.com,not US (list address)
stellamedicalspa.com,drstella@live.com,practice type not targeted: Spa
noemikelemen.com,n.kelemen@nhs.net,not US (list address)
themindfuleatingclinic.com,lori@mindfuleatinglori.net,not US (list address)
hypnotherapy4health.co.uk,claire@hypnotherapy4health.co.uk,not US (list address)
newhallhospital.co.uk,sharon.ash@ramsayhealth.co.uk,not US (list address)
cosmeticsurgeryleeds.com,claire.bartle-coates@spirehealthcare.com,not US (list address)
drdanielkapp.com,dlk@drdanielkapp.com,practice type not targeted: Surgical center
youcanbe.co.uk,sophie@youcanbe.co.uk,not US (list address)
ltwmedspa.com,lisa@ltwmedspa.com,practice type not targeted: Spa
plasticsurgeryhampshire.co.uk,durrantsec@adnovaclinic.com,not US (list address)
cosmeticsurgeryleeds.co.uk,claire.herbert@spirehealthcare.com,not US (list address)
joskillman.co.uk,joskillmanplasticsurgeon@gmail.com,not US (list address)
the-cma.org.uk,jayney@the-cma.org.uk,not US (list address)
hilarykingston.com,nutritionharleystreet@gmail.com,not US (list address)
winfieldhospital.co.uk,liza.bye@ramsayhealth.co.uk,not US (list address)
winfieldhospital.co.uk,michelle.stone@ramsayhealth.co.uk,not US (list address)
kkhanplasticsurgery.co.uk,khurram@kkhanplasticsurgery.co.uk,not US (list address)
kkhanplasticsurgery.co.uk,kerry@kkhanplasticsurgery.co.uk,not US (list address)
irfanplasticsurgery.co.uk,pauline@apropos-pa.com,not US (list address)
bensebody.ca,hope@bense.ca,not US (list address)
bensebody.ca,allison@bense.ca,not US (list address)
carthagehospital.com,dhoffman@cahny.org,practice type not targeted: Surgical center
carthagehospital.com,swyant@nshany.org,practice type not targeted: Surgical center
carthagehospital.com,cstevens@nshany.org,practice type not targeted: Surgical center
carthagehospital.com,nburnham@cahny.org,practice type not targeted: Surgical center
southperryaesthetics.com,victoria@southperryaesthetics.com,practice type not targeted: (blank)
doctornancie.com,docnancie@aol.com,practice type not targeted: Hypnotherapy service
drbarach.com,brucebarach@aol.com,practice type not targeted: (blank)
skinsocietymedspa.com,sally@skinsocietymedspa.com,practice type not targeted: (blank)
kp.org,carla.s.lupi@kp.org,practice type not targeted: (blank)
kp.org,moe.aboufares@kp.org,practice type not targeted: (blank)
kp.org,john.l.dalrymple@kp.org,practice type not targeted: (blank)
londonplasticsurgerycentre.com,sec@lpsc.london,not US (list address)
doctorbombayproducts.com,kingofbug@yahoo.com,practice type not targeted: (blank)
biobahnutrition.com,hulia@biobahnutrition.com,practice type not targeted: Dietitian
avenmedil.com,alaa@avenmedil.com,practice type not targeted: (blank)
sturgishospital.com,pyouga@sturgishospital.com,practice type not targeted: Surgical center
blissspaandwellness.com,judee@blissspa-wellness.com,practice type not targeted: Spa
rockymountainhospitalforchildren.com,david.donaldson@hcahealthcare.com,practice type not targeted: Surgeon
rockymountainhospitalforchildren.com,mari.abrams@healthonecares.com,practice type not targeted: Surgeon
commonspirit.org,wright.lassiter@commonspirit.org,practice type not targeted: Surgical center
commonspirit.org,dylan.cardiff@commonspirit.org,practice type not targeted: Surgical center
optimizedtr.com,mike@optimizedtr.com,practice type not targeted: (blank)
ambiancemd.com,lisa@ambiancemd.com,practice type not targeted: (blank)
gloryregenerative.com,dayisi@aol.com,practice type not targeted: (blank)
hydr8ivdrip.com,stephanie@hydr8ivdrip.com,practice type not targeted: Health and beauty shop
curatedself.co.uk,charmini@curatedself.co.uk,not US (list address)
westcoastsurgicalcenter.com,gassi@westcoastsurgicalcenter.com,practice type not targeted: Surgical center
t.me,pavel@telegram.org,practice type not targeted: Health and beauty shop
agerejuvenation.com,brett@agerejuvenation.com,business already emailed or queued
loveyourbodymed.com,latisha@loveyourbodymed.com,practice type not targeted: Massage spa
thebeautybarqc.com,marisa@thebeautybarqc.com,practice type not targeted: (blank)
medicalwastepros.com,melinda@medicalwastepros.com,practice type not targeted: Waste management service
valleysurgicalcare.com,lisa@valleysurgicalcare.com,practice type not targeted: Surgeon
luxplasticsurgery.co.uk,sandip@luxplasticsurgery.co.uk,not US (list address)
easywaytolivewell.com,leticia@easywaytolivewell.com,practice type not targeted: Hypnotherapy service
pinkbuddhaskin.com,katie@pinkbuddhaskin.com,practice type not targeted: Beauty salon
sterlingsurgicare.com,ayotunde@sterlingsurgicare.com,practice type not targeted: Surgical center
sterlingsurgicare.com,natasha@sterlingsurgicare.com,practice type not targeted: Surgical center
cosmeticlasercare.co.uk,hildamckinlay@hotmail.com,not US (list address)
midwestca.com,jlong@midwestca.com,practice type not targeted: Psychologist
stanthonyhospital.org,astreufert@stanthonyhospital.org,practice type not targeted: Psychiatrist
stanthonyhospital.org,sfoley@stanthonyhospital.org,practice type not targeted: Psychiatrist
stanthonyhospital.org,skock@stanthonyhospital.org,practice type not targeted: Psychiatrist
nuumedicalspa.com,priyanka@nuumedicalspa.com,practice type not targeted: Laser hair removal service
seaksurgery.com,john@seaksurgery.com,practice type not targeted: Surgical center
wellpowered.org,jdushay@bidmc.harvard.edu,practice type not targeted: (blank)
theluxuryskinclub.com,diana@theluxuryskinclub.com,practice type not targeted: Facial spa
healthremedies.com,info@healthremedies.com,practice type not targeted: Vitamin & supplements store
waveaestheticsmedspa.com,drstevens@waveaestheticsmedspa.com,practice type not targeted: Spa
nwhc.net,lwalters@nwhc.net,practice type not targeted: Surgical center
nwhc.net,mcarollo@nwhc.net,practice type not targeted: Surgical center
elevatedsoulnutrition.com,sharony@elevatedsoulnutrition.com,practice type not targeted: Dietitian
rebelfacepgh.com,gabrielle@rebelfacepgh.com,practice type not targeted: (blank)
alsurgery.com,vivian@alsurgery.com,practice type not targeted: Surgeon
healthcarepartners.com,jrich@healthcarepartners.com,practice type not targeted: Surgeon
healthcarepartners.com,rklein@healthcarepartners.com,practice type not targeted: Surgeon
lapspecialists.com,anthonypucci@lapspecialists.com,practice type not targeted: Surgeon
matherhospital.org,jjaquillard@northwell.edu,practice type not targeted: Surgical center
matherhospital.org,kmcgeachy@northwell.edu,practice type not targeted: Surgical center
codedwellness.com,jamie@codedwellness.com,practice type not targeted: (blank)
erectifill.co.uk,amar@erectifill.co.uk,not US (list address)
imperfectionsdmv.com,ashlei@imperfectionsdmv.com,practice type not targeted: Permanent make-up clinic
continuumsurgerycenter.com,peggy@continuumsurgerycenter.com,practice type not targeted: Surgical center
continuumsurgerycenter.com,marisa@csc-surgerycenters.com,practice type not targeted: Surgical center
seecambria.com,nancy@mckarney.com,practice type not targeted: (blank)
revivewellnesstexas.com,shea@revivewellnesstexas.com,practice type not targeted: Health and beauty shop
palmvalleysurgicalcenter.com,stevenjarrell@palmvalleysurgicalcenter.com,practice type not targeted: Surgical center
jeffersoncosmeticsurgery.com,alisha@jeffersoncosmeticsurgery.com,practice type not targeted: Surgeon
luxebeautechicago.com,sydney@luxebeautechicago.com,practice type not targeted: Day spa
communityhealthpartners.org,nstoffel@communitymedical.org,practice type not targeted: Surgeon
modernwellnessabq.com,steven@modernwellnessabq.com,practice type not targeted: Acupuncturist
iskinmedspa.com,imee@iskinmedspa.com,practice type not targeted: Spa
myhavenspa.com,lourdemy@myhavenspa.com,practice type not targeted: (blank)
integratedhws.com,michael@integratedhws.com,practice type not targeted: (blank)
bellasantemarin.com,bellasante@rocketmail.com,practice type not targeted: Beauty salon
valpomedspa.com,tracy@iconaesthetics.org,practice type not targeted: Spa
valpomedspa.com,timothy@iconaesthetics.org,practice type not targeted: Spa
briccamd.com,gregory@briccamd.com,practice type not targeted: Surgical center
drjaredstorck.com,jared@drjaredstorck.com,practice type not targeted: Surgical center
cheshirecosmeticsurgery.com,anca@cheshirecosmeticsurgery.com,not US (list address)
oxfordroboticsurgery.co.uk,kat@oxfordroboticsurgery.co.uk,not US (list address)
oxfordroboticsurgery.co.uk,secretary@oxfordroboticsurgery.co.uk,not US (list address)
calface.com,rjk@calface.com,practice type not targeted: Surgical center
hurren.com,enquiry@hurren.com,not US (list address)
gioventumedspa.com,drbogan@gioventumedspa.com,practice type not targeted: (blank)
charlesnduka.co.uk,charles@charlesnduka.co.uk,not US (list address)
pdsurgery.co.uk,dalvi.humzah@pdsurgery.co.uk,not US (list address)
fueclinics.com,lee@fueclinics.com,not US (list address)
fueclinics.com,jeremy@fueclinics.com,not US (list address)
tzafetta.com,kallirroi@tzafetta.com,not US (list address)
apss.me,garrick@apss.me,not US (list address)
davidmowatt.com,david@davidmowatt.com,not US (list address)
southshoreskincenter.com,cpackard@southshoreskincenter.com,second contact at a business
fully-alive.com,sasha@fully-alive.com,second contact at a business
weightnolongerllc.com,jane@weightnolongerllc.com,second contact at a business
catalinaislandhealth.org,gfornasiere@ci-health.org,second contact at a business
catalinaislandhealth.org,asaldana@ci-health.org,second contact at a business
driploungebydrfusion.com,julyssa.colon@gmail.com,second contact at a business
blissaestheticstyler.com,page@blissaestheticstyler.com,second contact at a business
planethealthmd.com,santiso@planethealthmd.com,second contact at a business
miviaheadspa.com,jeannette@miviaheadspa.com,second contact at a business
wvhl.healthcare,bonnie.hall@wvhl.healthcare,second contact at a business
spryskinandwellness.com,anna@spryskinandwellness.com,second contact at a business
healthyworksite.com,dave@healthyworksite.com,second contact at a business
vitalitycontour.com,ariana.docvitality@gmail.com,second contact at a business
novanthealth.org,csarmato@novanthealth.org,second contact at a business
faridastudio.com,john@faridastudio.com,second contact at a business
faridastudio.com,angela@faridastudio.com,second contact at a business
amemedspa.com,jessica@amemedspa.com,second contact at a business
trtmd.com,sandra@trtmd.com,second contact at a business
naturalbreastreconstruction.com,glanter@ecplasticsurgery.com,second contact at a business
omorfiawellness.net,k.a.parrott1964@gmail.com,second contact at a business
elevemd.com,gevork@elevemd.com,second contact at a business
skinwellnessmd.com,chelsea@skinwellnessmd.com,second contact at a business
empowerwellnessfw.com,shousholder@empowerwellnessfw.com,second contact at a business
gonzaleshealthcare.com,jclay@gonzaleshealthcare.com,second contact at a business
theaspenmedspa.com,april@theaspenmedspa.com,second contact at a business
princetonhcs.org,dann.dingle@princetonhcs.org,second contact at a business
txhealthspan.com,jami@txhealthspan.com,second contact at a business
fullcircleptw.com,jamie@fullcircleptw.com,second contact at a business
drshimching.com,keri@drshimching.com,second contact at a business
intervenemd.com,bfedus@intervenemd.com,second contact at a business
naturemedicalspa.com,elli@naturemedicalspa.com,second contact at a business
ccmedspawellness.com,carrie@ccmedspawellness.com,second contact at a business
chshormone.com,gracie@chshormone.com,second contact at a business
allure-aw.com,christy@allure-aw.com,second contact at a business
nectaraesthetics.com,ginger@nectaraesthetics.com,second contact at a business
fitzaesthetic.com,jessica@fitzaesthetic.com,second contact at a business
mmclinic.com,dflanagan@mmclinic.com,second contact at a business
sumalifehouse.com,nicole@sumalifehouse.com,second contact at a business
rejuvemdmedspa.com,dena@drjosebarrera.com,second contact at a business
caravelhealthdpc.com,salma.green@caravelhealthdpc.com,second contact at a business
challiance.org,lirogers@challiance.org,second contact at a business
medjuv.com,medjuvscott@gmail.com,second contact at a business
timelessskinsolutions.com,mbakos@docsdermgroup.com,second contact at a business
mymommymakeover.com,eve@drfiorillo.com,second contact at a business
dgmdmedical.com,sabrina@dgmdmedical.com,second contact at a business
elan-aesthetics.com,lindsey@elan-aesthetics.com,second contact at a business
rickjsmithmd.com,cheryl@rickjsmithmd.com,second contact at a business
thebridgeclinic-cc.com,james.garza@thebridgeclinic-cc.com,second contact at a business
wellnesscenterlayton.com,ihess@rubiconhealthandwellness.org,second contact at a business
aevadigital.com,jwoodrow@aevadigital.com,second contact at a business
tchealthmedspa.com,t.gidel@tchealthmedspa.com,second contact at a business
surgery.med.ufl.edu,george.sarosi@surgery.ufl.edu,second contact at a business
remedyhcs.com,exiewallace@remedybhc.com,second contact at a business
theluxcollectiveaesthetics.com,mevans@theluxcollectiveaesthetics.com,second contact at a business
totalshape.com,mike@totalshape.com,second contact at a business
fallbrookhealth.org,tgeracitano@fallbrookhealth.org,second contact at a business
brownhealth.org,jmeninno@brownhealth.org,second contact at a business
naturalmeddoc.com,sarahbennett@naturalmeddoc.com,second contact at a business
summahealth.org,lingenfeltes@summahealth.org,second contact at a business
scsh.com,damona.barnes@scsh.com,second contact at a business
thedrip.bar,regan@thedripbar.com,second contact at a business
mangomint.com,marchelle@mangomint.com,second contact at a business
theeyeclinic.net,mgehrig@theeyeclinic.net,second contact at a business
acaciamedicalmission.org,chery.johnson@acaciamedicalmission.org,second contact at a business
mylocalinfusion.com,wbaum@mylocalinfusion.com,second contact at a business
kayahealthclinic.com,julie@kayahealthclinic.com,second contact at a business
vylaaesthetics.com,amandaklatt@vylaaesthetics.com,second contact at a business
renewhealthwellnessnc.com,micah@renew-hw.com,second contact at a business
orxessentials.com,amy@orxessentials.com,second contact at a business
umcosmeticderm.com,jennbres@med.umich.edu,second contact at a business
carepatron.com,callum@carepatron.com,second contact at a business
medfloridawellness.com,mshikara@mcmhealthcare.com,second contact at a business
neighborlywellness.com,chip@neighborlywellness.com,second contact at a business
grecodermatology.com,drgreco@grecodermatology.com,second contact at a business
drsherwyn.com,practiceadministrator@drsherwyn.com,second contact at a business
scpforme.com,gina@scpforme.com,second contact at a business
annastephensaesthetics.com,kristin@annastephensaesthetics.com,second contact at a business
hrmc.us,teller@hrmc.us,second contact at a business
hrmc.us,dredd@hrmc.us,second contact at a business
hrmc.us,myoung@hrmc.us,second contact at a business
hrmc.us,tblackman@hrmc.us,second contact at a business
hrmc.us,mcorbo@hrmc.us,second contact at a business
centreforpureskin.com,juliaw@gr-cps.com,second contact at a business
jotform.com,grant@jotform.com,second contact at a business
bestlearningsolution.com,drlockett@bestlearningsolution.com,second contact at a business
akronchildrens.org,hpupino@akronchildrens.org,second contact at a business
pureaestheticsgainesville.com,jordan@pureaestheticsgainesville.com,second contact at a business
splendorinjections.com,jessicah@splendorinjections.com,second contact at a business
medicinebasedbeauty.com,courtney@medicinebasedbeauty.com,second contact at a business
thepuralife.com,marie@thepuralife.com,second contact at a business
theheartshopaz.com,nancy@theheartshopaz.com,second contact at a business
revivemaine.com,mallory@revivemaine.com,second contact at a business
downtownnaperville.com,kerri@downtownnaperville.com,second contact at a business
nexthealthmd.com,shelby@nexthealthmd.com,second contact at a business
rockwellphysicians.com,mridenhour@rockwellphysicians.com,second contact at a business
themonarchskin.com,skin.karoline@gmail.com,second contact at a business
appointy.com,nemesh@appointy.com,second contact at a business
wellave.com,william.kinney@wellave.com,second contact at a business
districtplasticsurgery.com,katie@districtps.com,second contact at a business
contemporarydermatology.com,jeff.milliken@contemporaryderm.com,second contact at a business
texas-surgery.com,cindy@texas-surgery.com,second contact at a business
thelyonsshare.org,megan@thelyonsshare.org,second contact at a business
doctors.sclhealth.org,kelly.adams@sclhealth.org,second contact at a business
doctors.sclhealth.org,edie.gonitzke@sclhealth.org,second contact at a business
costcare.com,lesley.voneschen@costcare.com,second contact at a business
withbirdie.com,abeed.mohamed@birdie.care,second contact at a business
toxbar-ky.com,tracy@toxbar-ky.com,second contact at a business
miaestheticsllc.com,megan@miaestheticsllc.com,second contact at a business
dynamicweightloss101.com,nancy@dynamicweightloss101.com,second contact at a business
flourishbirthco.com,heather@flourishbirthco.com,second contact at a business
snjesthetique.com,jalesse.munoz@gmail.com,second contact at a business
hallplasticsurgery.com,tricia.hall@hallplasticsurgery.com,second contact at a business
riverstreetwellnessvt.com,sagend@protonmail.com,second contact at a business
riverstreetwellnessvt.com,rusczekphd@gmail.com,second contact at a business
beautyartsaesthetics.com,beautyarts.mallory@gmail.com,second contact at a business
uthealthrgv.org,michael.hocker@utrgv.edu,second contact at a business
theskinandaestheticsclinic.com,maddie@theskinandaestheticsclinic.com,second contact at a business
midstateskin.com,mdominick@midstateskin.com,second contact at a business
dotfit.com,kat@dotfit.com,second contact at a business
bluegrassgyn.com,michelle@bluegrassgyn.com,second contact at a business
aestheticmedstudio.com,morgan@aestheticmedstudio.com,second contact at a business
dewskincareatl.com,kelly@dewskincareatl.com,second contact at a business
balancehealthcenters.com,ct@balancehealthcenters.com,second contact at a business
virginiaeyeconsultants.com,jsheppard@vec2020.com,second contact at a business
virginiaeyeconsultants.com,kmagruder@vec2020.com,second contact at a business
cincinnatichildrens.org,zachary.hille@cchmc.org,second contact at a business
chop.edu,johnsont22@chop.edu,second contact at a business
ivclub.com,julia.hopes@ivclub.com,second contact at a business
now.site,cheryl@now.site,second contact at a business
injectstudio.com,kayla@injectstudio.com,second contact at a business
mercy.com,jstarcher@mercy.com,second contact at a business
shannonhealth.com,shaneplymell@shannonhealth.org,second contact at a business
hopemednc.com,hiyasu@hopemednc.com,second contact at a business
zenplanner.com,kyle.broderick@zenplanner.com,second contact at a business
swetnamcosmetic.com,cwells@swetnamcosmetic.com,second contact at a business
divineboutiquemedspa.com,kristina@divineboutiquemedspa.com,second contact at a business
xoaestheticrefinery.com,allison@xoaestheticrefinery.com,second contact at a business
tricelx.com,jakes@tricelx.com,second contact at a business
pure111.com,amy@pure111.com,second contact at a business
connecticutchildrens.org,kmattox@connecticutchildrens.org,second contact at a business
jeffdavishospital.org,bmceachin@jeffdavishospital.com,second contact at a business
santanhealthandwellness.com,angela@santanhealthandwellness.com,second contact at a business
parkview.com,john.bowen@parkview.com,second contact at a business
getplump.com,richelle@getplump.com,second contact at a business
drjsmedspa.com,tiannadrjsmedspa2@gmail.com,second contact at a business
camdenclark.org,todd.kruger@wvumedicine.org,second contact at a business
pinehurstmedical.com,mkuhn@pinehurstmedical.com,second contact at a business
booksy.info,konrad.howard@booksy.com,second contact at a business
nazraaesthetics.com,mindie@nazraaesthetics.com,second contact at a business
scapsmedical.com,pdeltormd@scapsmedical.com,second contact at a business
thesteelevault.com,aubree@thesteelevault.com,second contact at a business
revitalizehealthmd.com,nicole@revitalizehealthmd.com,second contact at a business
cosmedicainjections.com,kate@cosmedicainjections.com,second contact at a business
freemarketphysician.com,mbennion@freemarketphysician.com,second contact at a business
mybioworx.com,brian@mybioworx.com,second contact at a business
barnesjewish.org,donna.farrar@bjc.org,second contact at a business
plasticsurgeonasheville.com,maria@thepsc.org,second contact at a business
pincusplasticsurgery.com,tn@pincusplasticsurgery.com,second contact at a business
sskplasticsurgery.com,valerie@sskplasticsurgery.com,second contact at a business
surgery.umn.edu,ikram001@umn.edu,second contact at a business
aestheticallyoriented.com,melissa@aestheticallyoriented.com,second contact at a business
upliftinjections.com,liz@upliftinjections.com,second contact at a business
phelandermatology.com,jorge@phelandermatology.com,second contact at a business
smileyaesthetics.com,mary@smileyaesthetics.com,second contact at a business
elanvwellness.com,morgan@cannaaltcare.com,second contact at a business
myvitalitycollective.com,laurie@myvitalitycollective.com,second contact at a business
maifaceskin.com,kristi@maifaceskin.com,second contact at a business
enhancedwellnessny.com,stephanie@enhancedwellnessny.com,second contact at a business
healthrecoverysolutions.org,rcurry@healthrecoverysolutions.com,second contact at a business
riserejuvenationcenter.com,lauren@riserejuvenationcenter.com,second contact at a business
catalystfitrva.com,jesse@catalystfitrva.com,second contact at a business
wilsonmedical.org,ejohnson@wmcrc.org,second contact at a business
wilsonmedical.org,bwest@wmcrc.org,second contact at a business
hartfordhealthcare.org,elizabeth.begley@hhchealth.org,second contact at a business
udcin.com,azemtsov@udcin.com,second contact at a business
expeditionwellnesscoach.com,colleen@expeditionwellnesscoach.com,second contact at a business
needleedit.com,symphonymonae7@gmail.com,second contact at a business
revampedaesthetics.net,l.j.worden@hotmail.com,second contact at a business
delrichtresearch.com,rkammer@delricht.com,second contact at a business
creeksideretreatmd.com,carone@creeksideretreatmd.com,second contact at a business
alternativeanswersne.com,keegan@alternativeanswersne.com,second contact at a business
burncenters.com,dana.byerly@burncenters.com,second contact at a business
mhajestik.com,mariah@lifefhc.com,second contact at a business
rmrm.com,vemd@rmrm.com,second contact at a business
herrondermatology.com,rodgershannah9@gmail.com,second contact at a business
everglowaesthetics.com,monica@everglowaesthetics.com,second contact at a business
aafemedspa.com,brittany@facialesthetics.org,second contact at a business
silhouette-medspa.com,silhouettebydavery@gmail.com,second contact at a business
floridaentandallergy.com,mrivera@floridaentandallergy.com,second contact at a business
utahmma.org,meharvey.wsu@gmail.com,second contact at a business
agelessbeautyrx.com,theresa@agelessbeautyrx.com,second contact at a business
fwaac.org,fdorilas@gmail.com,second contact at a business
nulookaesthetics.com,candace@nulookaesthetics.com,second contact at a business
nyc.gov,zmamdani@cityhall.nyc.gov,second contact at a business
mina-medspa.com,manager@mina-medspa.com,second contact at a business
wvumedicine.org,leigh.limerick@wvumedicine.org,second contact at a business
thenp2go.com,brandi@thenp2go.com,second contact at a business
novelhealth.ai,marcello.gasperini@curemd.com,second contact at a business
healthyweightva.com,megan.wesley@healthyweightva.com,second contact at a business
osumedicine.com,jeffrey.stroup@okstate.edu,second contact at a business
godaddy.com,nima@godaddy.com,second contact at a business
claritypt.com,ewelter@claritypt.com,second contact at a business
drbuitrago.com,ciarah@drbuitrago.com,second contact at a business
gprmc.com,tprice@gprmc-ok.com,second contact at a business
prixusmedspa.com,yosmarpulgar@hotmail.com,second contact at a business
plasticsurgeryvegas.com,andrea@plasticsurgeryvegas.com,second contact at a business
icryo-danielisland-sc.com,stephen.powers@icryo.com,second contact at a business
theconciergeclinic.com,annie@theconciergeclinic.com,second contact at a business
rutgershealth.org,ghinassi@ubhc.rutgers.edu,second contact at a business
icryogrossepointe.com,adrienne.jasica@icryo.com,second contact at a business
beverlyhillshairgroup.com,fabien@beverlyhillshairgroup.com,second contact at a business
liquividalounge.com,jeff@liquividalounge.com,second contact at a business
thecraniofacialcenter.com,cranio700@thecraniofacialcenter.com,second contact at a business
muschealth.org,joys@musc.edu,second contact at a business
shrinerschildrens.org,jpiland@shrinenet.org,second contact at a business
alliantdermatology.com,laura@alliantdermatology.com,second contact at a business
cleaverdermatologyandaesthetics.com,adorsey@cleavermedicalgroup.com,second contact at a business
vartany.com,manager@vartany.com,second contact at a business
hf.org,leslie.bardo@hf.org,second contact at a business
ridenourplasticsurgery.com,leanne@ridenourplasticsurgery.com,second contact at a business
4bridgesderm.com,amanda.edmundson@4bridgesderm.com,second contact at a business
solomonplasticsurgery.com,dina@solomonplasticsurgery.com,second contact at a business
mycryofit.com,chelsea@mycryofit.com,second contact at a business
richmondplasticsurgeons.com,deast@richmondplasticsurgeons.com,second contact at a business
rpsplasticsurgery.com,kelseyk@rpsplasticsurgery.com,second contact at a business
renewdermatology.net,smurphy@renewdermatology.net,second contact at a business
derminstituteofwmi.com,pi@derminstituteofwmi.com,second contact at a business
triahealth.com,thopper@triahealth.com,second contact at a business
revitalize-buford.com,justin@revitalize-buford.com,second contact at a business
kunkelplasticsurgery.com,donna.scott@kunkelplasticsurgery.com,second contact at a business
birminghamskin.com,scottsawyerdla@gmail.com,second contact at a business
lampertmd.com,natasha@lampertmd.com,second contact at a business
newportplastic.com,jennifer@newportplastic.com,second contact at a business
lewencosmetic.com,morgan@lewencosmetic.com,second contact at a business
drkarenhorton.com,mary@drkarenhorton.com,second contact at a business
lifetimedermatology.com,kmullen@lifetimedermatology.com,second contact at a business
newteethnow.com,klund@newteethnow.com,second contact at a business
sarasotaplasticsurgery.com,dmobley@sarasotaplasticsurgery.com,second contact at a business
hackerdermatology.com,edwina@hackerdermatology.com,second contact at a business
stgderm.com,andrea@stgderm.com,second contact at a business
nicholsmdskinlab.com,drnichols@kimnicholsmd.com,second contact at a business
beemlightsauna.com,lanarumo@beemlightsauna.com,second contact at a business
mendcryotherapy.com,chris@mendcryo.com,second contact at a business
beenfacialplastics.com,laurie@beenfacialplastics.com,second contact at a business
tricitiesderm.com,ereid@tricitiesderm.com,second contact at a business
icryo-cliftonpark-ny.com,justin.trevail@icryo.com,second contact at a business
drbrianglatt.com,drglatt@drbrianglatt.com,second contact at a business
urologycentersalabama.com,mgates@urologyal.com,second contact at a business
urologycentersalabama.com,msharpton@urologyal.com,second contact at a business
urologycentersalabama.com,jsandel@urologyal.com,second contact at a business
urologycentersalabama.com,lstyke@urologyal.com,second contact at a business
urologycentersalabama.com,dritchie@urologyal.com,second contact at a business
urologycentersalabama.com,lspain@urologyal.com,second contact at a business
urologycentersalabama.com,mwiggs@urologyal.com,second contact at a business
urologycentersalabama.com,cjarecki@urologyal.com,second contact at a business
urologycentersalabama.com,bwadsworth@urologyal.com,second contact at a business
urologycentersalabama.com,gswars@urologyal.com,second contact at a business
urologycentersalabama.com,grodivich@urologyal.com,second contact at a business
urologycentersalabama.com,swilkinson@urologyal.com,second contact at a business
urologycentersalabama.com,dreeves@urologyal.com,second contact at a business
urologycentersalabama.com,ledwards@urologyal.com,second contact at a business
urologycentersalabama.com,ndoss@urologyal.com,second contact at a business
urologycentersalabama.com,kmcclendon@urologyal.com,second contact at a business
urologycentersalabama.com,lthomas@urologyal.com,second contact at a business
p3life.com,emilie@p3life.com,second contact at a business
drhwnc.com,lisa@drhwnc.com,second contact at a business
kmplasticsurgery.com,darci@kmplasticsurgery.com,second contact at a business
summitdermatologyandspa.com,stephanie@summitdermatologyandspa.com,second contact at a business
lume-wellness.com,bob@lume-wellness.com,second contact at a business
stretchzone.com,kbrunette@stretchzone.com,second contact at a business
chopraplasticsurgery.com,hello@doctorchopra.com,second contact at a business
swanndermatology.com,celynda@swanndermatology.com,second contact at a business
oklandfacialplasticsurgery.com,anita@oklandfacialplasticsurgery.com,second contact at a business
fingerandassociates.com,jessican@fingerandassociates.com,second contact at a business
healthatthewell.com,kris@healthatthewell.com,second contact at a business
suncoastskin.com,cewanowski@suncoastskin.com,second contact at a business
bowenhefleyortho.com,jesse.abeler@bowenhefleyortho.com,second contact at a business
ortholazer.com,lmoore@ortholazer.com,second contact at a business
mncare.org,rmoore@mncare.org,second contact at a business
solteromd.com,susana@solteromd.com,second contact at a business
icryo-okatiebluffton-sc.com,lisa.meiklejohn@icryo.com,second contact at a business
austinpsi.com,christine.powell@austinpsi.com,second contact at a business
drnimaplasticsurgery.com,ashley@drnimaplasticsurgery.com,second contact at a business
capitalskinlaser.com,hbryan@capitalskinlaser.com,second contact at a business
oastl.com,krowe@oastl.com,second contact at a business
slim.inc,melani@slim.inc,second contact at a business
gallaherplasticsurgery.com,bhoward@gallaherplasticsurgery.com,second contact at a business
cronindermatology.com,lbell@cronindermatology.com,second contact at a business
arsenaultdermatology.com,eva@arsenaultdermatology.com,second contact at a business
monarchplasticsurgeryga.com,ashlee@monarchga.com,second contact at a business
cosmeticplastics.com,magge@cosmeticplastics.com,second contact at a business
icryo-fairfield-ct.com,robert.castelot@icryo.com,second contact at a business
centralohioplasticsurgery.com,rachel@ohioplastic.com,second contact at a business
suttonderm.com,baldridge@suttonderm.com,second contact at a business
yardleyderm.com,msibona@yardleyderm.com,second contact at a business
mariettaplasticsurgery.com,shannon@mariettaplasticsurgery.com,second contact at a business
remedyplace.com,drleary@remedyplace.com,second contact at a business
fewinstitute.com,shay@fewinstitute.com,second contact at a business
drmarkmathieson.com,jessie@drmarkmathieson.com,second contact at a business
phxsurgery.com,manager@phxsurgery.com,second contact at a business
onspot-appt-finder.onrender.com,cam.hanley@onspotdermatology.com,second contact at a business
sassonplasticsurgery.com,romina@sassonplasticsurgery.com,second contact at a business
beautybybuford.com,drbuford@beautybybuford.com,second contact at a business
laorthospec.com,lindsey.champagne@laorthospec.com,second contact at a business
lyosmd.com,lvalentino@lyosmd.com,second contact at a business
mariettaderm.com,kalford@mariettaderm.com,second contact at a business
westsideaesthetics.com,marisa@westsideaesthetics.com,second contact at a business
sal-sano.com,jessicac@sal-sano.com,second contact at a business
drwahhab.com,kristie@drwahhab.com,second contact at a business
dralmonte.com,cathy@dralmonte.com,second contact at a business
southlouisianamd.com,pdugas@southlouisianamd.com,second contact at a business
sanluisdermatology.com,mary@sanluisdermatology.com,second contact at a business
elliothospital.org,rchase@elliot-hs.org,second contact at a business
boyntonplasticsurgery.com,mary@boyntonplasticsurgery.com,second contact at a business
drzwiebel.com,pc@pzwiebel.com,second contact at a business
myhairmd.com,sam@myhairmd.com,second contact at a business
lincolnplasticsurgery.com,darcy@drhenrys.com,second contact at a business
cincoderm.com,wesley@cincoderm.com,second contact at a business
prevea.com,amy.lewandowski@prevea.com,second contact at a business
californiaskininstitute.com,gmorganroth@caskin.com,second contact at a business
drrousso.com,drrousso@drrousso.com,second contact at a business
dominionplasticsurgery.com,vmehan@domprs.com,second contact at a business
crovettiortho.com,rherrmann@crovettiortho.com,second contact at a business
mbmfl.com,tasha@mbmfl.com,second contact at a business
hollywooddermatology.com,eweiss@hollywooddermatology.com,second contact at a business
tlhoc.com,valerie.cartledge@tlhoc.com,second contact at a business
schafferplasticsurg.com,myranda@schafferps.com,second contact at a business
blackhawkplasticsurgery.com,amy@blackhawkplasticsurgery.com,second contact at a business
formulawellness.com,brudman@formulawellness.com,second contact at a business
formulawellness.com,landreacchi@formulawellness.com,second contact at a business
orthonowcare.com,erylander@orthonowcare.com,second contact at a business
chcsno.org,jvessey@chcsno.org,second contact at a business
drvitenas.com,logan@drvitenas.com,second contact at a business
faceforwardhouston.com,laurie@faceforwardhouston.com,second contact at a business
sanantoniocosmeticsurgery.net,dortegon@sacs-sa.com,second contact at a business
robertscosmeticsurgery.com,dr.roberts@robertscosmeticsurgery.com,second contact at a business
sutterhealth.org,antoinette.vojtech@sutterhealth.org,second contact at a business
drokamoto.com,joanna@fremontplasticsurgery.com,second contact at a business
athenixbody.com,claw@athenixbody.com,second contact at a business
bhrtdayton.com,jeff@ihcpharmacy.com,second contact at a business
memorialplasticsurgery.com,amber@memorialplasticsurgery.com,second contact at a business
levamedical.com,jacquelline.leva@gmail.com,second contact at a business
emergeortho.com,julie.wilson@emergeortho.com,second contact at a business
tbgmd.com,admin@tbgmd.com,second contact at a business
serasana.com,patti@serasana.com,second contact at a business
feelbeautiful.com,cherise@feelbeautiful.com,second contact at a business
ndsu.edu,marc.wallman@ndsu.edu,second contact at a business
specialtyphysicianassociates.com,dyen@specialtyphysicianassociates.com,second contact at a business
donendavisplasticsurgery.com,sdavis@donendavisplasticsurgery.com,second contact at a business
eaplasticsurgery.com,amy@eaplasticsurgery.com,second contact at a business
avamd.com,marie@avamd.com,second contact at a business
dermandlaser.com,gina.gregory@dermandlaser.com,second contact at a business
droser.com,amy@droser.com,second contact at a business
gaderm.com,jennifer.sharpe@gaderm.com,second contact at a business
oasisdermatology.com,adianna@oasisdermatology.com,second contact at a business
wnyderm.com,mnazareth@wnyderm.com,second contact at a business
centerfacialplastics.com,erin@centerfacialplastics.com,second contact at a business
doctors.coxhealth.com,brock.shamel@coxhealth.com,second contact at a business
hirschplasticsurgery.com,jessica@hirschplasticsurgery.com,second contact at a business
eastendlasercare.com,drcovey@eastendlasercare.com,second contact at a business
kevinbrennermd.com,becca@kevinbrennermd.com,second contact at a business
drcoberly.com,jlee@drcoberly.com,second contact at a business
clinic5c.com,cchesnut@clinic5c.com,second contact at a business
dermgroup.net,brandy@dermgroup.net,second contact at a business
cjbmd.com,fd@cjbmd.com,second contact at a business
dermatologyknoxville.com,kanderson@dermatologyknoxville.com,second contact at a business
comderm.com,jgarrett@comderm.com,second contact at a business
dermatologyok.com,jandis@dermatologyok.com,second contact at a business
memorialhealthcare.org,lfreeman@memorialhealthcare.org,second contact at a business
memorialhealthcare.org,rdahlke@memorialhealthcare.org,second contact at a business
nybra.com,rfeingold@nybra.com,second contact at a business
athenaplasticsurgery.com,mgarcia@athenaplasticsurgery.com,second contact at a business
lumahealth.io,aditya@lumahealth.io,second contact at a business
stephensplasticsurgery.com,denise@stephensplasticsurgery.com,second contact at a business
christinehamori.com,jean@christinehamori.com,second contact at a business
holcombemd.com,sarah@holcombemd.com,second contact at a business
vitalskinderm.com,matt.olaveson@vitalskinderm.com,second contact at a business
indyface.com,alyssa@indyface.com,second contact at a business
ocalafamilymedicalcenter.com,agoguen@ocalafmc.com,second contact at a business
mcclinic.com,dyoung@mcclinic.com,second contact at a business
foxchase.org,robert.uzzo@fccc.edu,second contact at a business
manhattan-dermatology.com,k.ducille@manhattan-dermatology.com,second contact at a business
choecenter.com,rachel@choecenter.com,second contact at a business
drazouz.com,texaslipedema@gmail.com,second contact at a business
aestheticaclinique.com,jaime@aestheticaclinique.com,second contact at a business
beverlyhillsphysicians.com,khayavi@bhdocs.com,second contact at a business
neuropaxclinic.com,kkoontz@neuropaxclinic.com,second contact at a business
anschutzwellness.com,candice.baumgardner@cuanschutz.edu,second contact at a business
laramiephysicians.com,mhayes@laramiephysicians.com,second contact at a business
brainbalancecenters.com,media@brainbalancecenters.com,second contact at a business
lakewass.com,ghyman@lakewass.com,second contact at a business
drproffer.com,jeannieg@drproffer.com,second contact at a business
princetonclub.net,tedgerry@princetonclub.net,second contact at a business
mhsystem.org,scantley@mhsystem.org,second contact at a business
mhsystem.org,djarrell@mhsystem.org,second contact at a business
tareendermatology.com,cheryl@tareendermatology.com,second contact at a business
jch.org,awilson@jch.org,second contact at a business
jch.org,jwebster@jch.org,second contact at a business
metropolitanderm.com,kwalters@metropolitanderm.com,second contact at a business
lifemod.com,ro@lifemod.com,second contact at a business
plasticsurgeryranchomirage.com,amber@ordonchopra.com,second contact at a business
drpetermalouf.com,linda@drpetermalouf.com,second contact at a business
und.edu,andrew.armacost@und.edu,second contact at a business
hancockhealth.org,akirkpatrick@hancockhealth.org,second contact at a business
hancockhealth.org,asmith@hancockhealth.org,second contact at a business
hightowerdermatology.com,ahightower@hightowerdermatology.com,second contact at a business
somersetplasticsurgery.com,jdennison@somersetplsurgery.com,second contact at a business
villagedermatology.net,aeasterwood@villagedermatology.net,second contact at a business
drvivianbucay.com,elizabeth@drvivianbucay.com,second contact at a business
newportmedcenter.com,bgarrido@newportmedcenter.com,second contact at a business
trmbaby.com,arobinson@trmbaby.com,second contact at a business
breastrestoration.org,acelender@houstonmethodist.org,second contact at a business
breastrestoration.org,nsherry@houstonmethodist.org,second contact at a business
thepearlspa.com,hjefferson@thepearlspa.com,second contact at a business
ctr4dermatology.com,jenna.yuan@ctr4dermatology.com,second contact at a business
reidhealth.org,michelle.mcclurg@reidhealth.org,second contact at a business
cityofoelwein.org,buildingofficial@cityofoelwein.org,second contact at a business
cityofoelwein.org,dmulfinger@cityofoelwein.org,second contact at a business
cityofoelwein.org,bmichels@cityofoelwein.org,second contact at a business
cityofoelwein.org,brigdon@cityofoelwein.org,second contact at a business
cityofoelwein.org,anthony.ricchio@cityofoelwein.org,second contact at a business
cityofoelwein.org,jason.gearhart@cityofoelwein.org,second contact at a business
cityofoelwein.org,matt.weber@cityofoelwein.org,second contact at a business
cityofoelwein.org,tony.cannon@cityofoelwein.org,second contact at a business
cityofoelwein.org,lynda.payne@cityofoelwein.org,second contact at a business
cityofoelwein.org,renee.cantrell@cityofoelwein.org,second contact at a business
cityofoelwein.org,brett.devore@cityofoelwein.org,second contact at a business
cityofoelwein.org,jjohnson@cityofoelwein.org,second contact at a business
cityofoelwein.org,bwedemeier@cityofoelwein.org,second contact at a business
wellplan.com,aroberson2@wellplan.com,second contact at a business
cvillederm.com,lbolton@cvillederm.com,second contact at a business
skinmds.com,julie.hilty@skinmds.com,second contact at a business
dsderm.com,afarrara@dsderm.com,second contact at a business
nm.org,ceo@nm.org,second contact at a business
interactivehealthclinic.com,audrey@interactivehealthclinic.com,second contact at a business
methodisthospitals.org,mdoyle@methodisthospitals.org,second contact at a business
education.musc.edu,marymont@musc.edu,second contact at a business
naranorthwest.org,athompson@naranorthwest.org,second contact at a business
find-a-doctor.cedars-sinai.edu,pls@cshs.org,second contact at a business
moddermatology.com,alaina@moddermatology.com,second contact at a business
osfhealthcare.org,shelli.j.dankoff@osfhealthcare.org,second contact at a business
madskin.com,msharata@madskin.com,second contact at a business
dhrhealth.com,m.castaneda@dhrhealth.com,second contact at a business
plasticsurgeryofshorthills.com,cindy@psshorthills.com,second contact at a business
chicagodermatology.com,cjacob@chicagodermatology.com,second contact at a business
plannedparenthood.org,sonia.santana@ppfa.org,second contact at a business
rush.edu,charles_l_jolie@rush.edu,second contact at a business
myminutemed.com,ssylvester@myminutemed.com,second contact at a business
swedishdr.com,amyb@swedishdr.com,second contact at a business
saltcavesb.com,vincent@saltcavesb.com,second contact at a business
hoefflin.com,steven@hoefflin.com,second contact at a business
lluh.org,aahilliard@llu.edu,second contact at a business
quincymedgroup.com,tfronczak@quincymedgroup.com,second contact at a business
hillsdalehospital.com,rholland@hillsdalehospital.com,second contact at a business
hillsdalehospital.com,knewlon@hillsdalehospital.com,second contact at a business
hillsdalehospital.com,jhodshire@hillsdalehospital.com,second contact at a business
carolinaskin.com,gmunavalli@carolinaskin.com,second contact at a business
pennmedicine.org,lisa.walke@pennmedicine.upenn.edu,second contact at a business
kyruus.com,lweisenbacher@kyruus.com,second contact at a business
trumed.org,faith.hensley@tmcmed.org,second contact at a business
oregon.gov,connor.radnovich@sos.oregon.gov,second contact at a business
oregon.gov,surbhi.singh@odhs.oregon.gov,second contact at a business
bonesandmuscles.com,exumb@bonesandmuscles.com,second contact at a business
omnifamilyhealth.org,lcurutchague@omnifamilyhealth.org,second contact at a business
ubmd.com,smmarasi@buffalo.edu,second contact at a business
twc.thewellcomp.com,eradebach@thewellcomp.com,second contact at a business
incentahealth.com,tmcguire@incentahealth.com,second contact at a business
ilurologicsurgeons.com,iuhschung@illinoisurology.com,second contact at a business
enttx.com,hprzybyla@enttx.com,second contact at a business
oklahomasurgicalarts.com,paige@tulsasurgicalarts.com,second contact at a business
choc.org,kcripe@choc.org,second contact at a business
ritaccalasercenter.com,gina@ritaccalasercenter.com,second contact at a business
clinicasierravista.org,ana.velasquez@clinicasierravista.org,second contact at a business
newberryhealth.org,angela.bowers@newberryhospital.net,second contact at a business
eatmovelive52.com,roland@eatmovelive52.com,second contact at a business
excelsiorortho.com,plarkin@excelsiorortho.com,second contact at a business
iasurgery.net,laura@iasurgery.net,second contact at a business
pimaheart.com,linda.andrews@pimaheart.com,second contact at a business
skaggs.net,nyssa.berhorst@skaggs.net,second contact at a business
springfieldhospital.org,radcock@springfieldhospital.org,second contact at a business
ucsfbenioffchildrens.org,nicholas.holmes@ucsf.edu,second contact at a business
fcneurology.net,bherskowitz@fcneurology.net,second contact at a business
